#K-Path          Energy     s    p    d    tot
# NKPTS & NBANDS:  60 192
# Band-Index:    1
   0.00000    -21.478814  0.918  0.000  0.000  0.918
   0.02822    -21.478803  0.918  0.000  0.000  0.918
   0.05645    -21.478775  0.918  0.000  0.000  0.918
   0.08467    -21.478727  0.918  0.000  0.000  0.918
   0.11290    -21.478661  0.918  0.000  0.000  0.918
   0.14112    -21.478581  0.918  0.000  0.000  0.918
   0.16935    -21.478487  0.918  0.000  0.000  0.918
   0.19757    -21.478383  0.918  0.000  0.000  0.918
   0.22579    -21.478271  0.918  0.000  0.000  0.918
   0.25402    -21.478155  0.918  0.000  0.000  0.918
   0.28224    -21.478037  0.918  0.000  0.000  0.918
   0.31047    -21.477919  0.918  0.000  0.000  0.918
   0.33869    -21.477808  0.918  0.000  0.000  0.918
   0.36691    -21.477704  0.918  0.000  0.000  0.918
   0.39514    -21.477610  0.918  0.000  0.000  0.918
   0.42336    -21.477531  0.918  0.000  0.000  0.918
   0.45159    -21.477466  0.918  0.000  0.000  0.918
   0.47981    -21.477418  0.918  0.000  0.000  0.918
   0.50804    -21.477388  0.918  0.000  0.000  0.918
   0.53626    -21.477379  0.918  0.000  0.000  0.918
   0.53626    -21.477379  0.918  0.000  0.000  0.918
   0.56448    -21.477370  0.918  0.000  0.000  0.918
   0.59271    -21.477344  0.918  0.000  0.000  0.918
   0.62093    -21.477301  0.918  0.000  0.000  0.918
   0.64916    -21.477244  0.918  0.000  0.000  0.918
   0.67738    -21.477173  0.918  0.000  0.000  0.918
   0.70561    -21.477089  0.918  0.000  0.000  0.919
   0.73383    -21.476995  0.919  0.000  0.000  0.919
   0.76205    -21.476895  0.919  0.000  0.000  0.919
   0.79028    -21.476790  0.919  0.000  0.000  0.919
   0.81850    -21.476683  0.919  0.000  0.000  0.919
   0.84673    -21.476578  0.919  0.000  0.000  0.919
   0.87495    -21.476477  0.919  0.000  0.000  0.919
   0.90317    -21.476383  0.919  0.000  0.000  0.919
   0.93140    -21.476298  0.919  0.000  0.000  0.919
   0.95962    -21.476226  0.919  0.000  0.000  0.919
   0.98785    -21.476167  0.919  0.000  0.000  0.919
   1.01607    -21.476123  0.919  0.000  0.000  0.919
   1.04430    -21.476096  0.919  0.000  0.000  0.919
   1.07252    -21.476087  0.919  0.000  0.000  0.919
   1.07252    -21.476087  0.919  0.000  0.000  0.919
   1.11243    -21.476106  0.919  0.000  0.000  0.919
   1.15235    -21.476158  0.919  0.000  0.000  0.919
   1.19226    -21.476246  0.919  0.000  0.000  0.919
   1.23218    -21.476365  0.919  0.000  0.000  0.919
   1.27209    -21.476511  0.919  0.000  0.000  0.919
   1.31201    -21.476684  0.919  0.000  0.000  0.919
   1.35192    -21.476875  0.919  0.000  0.000  0.919
   1.39184    -21.477084  0.918  0.000  0.000  0.919
   1.43176    -21.477304  0.918  0.000  0.000  0.918
   1.47167    -21.477528  0.918  0.000  0.000  0.918
   1.51159    -21.477752  0.918  0.000  0.000  0.918
   1.55150    -21.477969  0.918  0.000  0.000  0.918
   1.59142    -21.478172  0.918  0.000  0.000  0.918
   1.63133    -21.478354  0.918  0.000  0.000  0.918
   1.67125    -21.478510  0.918  0.000  0.000  0.918
   1.71116    -21.478639  0.918  0.000  0.000  0.918
   1.75108    -21.478735  0.918  0.000  0.000  0.918
   1.79099    -21.478793  0.918  0.000  0.000  0.918
   1.83091    -21.478814  0.918  0.000  0.000  0.918
 
# Band-Index:    2
   1.83091    -21.477083  0.917  0.000  0.000  0.917
   1.79099    -21.477062  0.917  0.000  0.000  0.917
   1.75108    -21.477004  0.917  0.000  0.000  0.917
   1.71116    -21.476908  0.918  0.000  0.000  0.918
   1.67125    -21.476779  0.918  0.000  0.000  0.918
   1.63133    -21.476623  0.918  0.000  0.000  0.918
   1.59142    -21.476441  0.918  0.000  0.000  0.918
   1.55150    -21.476238  0.918  0.000  0.000  0.918
   1.51159    -21.476021  0.918  0.000  0.000  0.918
   1.47167    -21.475797  0.918  0.000  0.000  0.918
   1.43176    -21.475573  0.918  0.000  0.000  0.918
   1.39184    -21.475353  0.918  0.000  0.000  0.918
   1.35192    -21.475145  0.918  0.000  0.000  0.918
   1.31201    -21.474953  0.918  0.000  0.000  0.918
   1.27209    -21.474780  0.918  0.000  0.000  0.918
   1.23218    -21.474634  0.918  0.000  0.000  0.918
   1.19226    -21.474515  0.918  0.000  0.000  0.918
   1.15235    -21.474427  0.918  0.000  0.000  0.918
   1.11243    -21.474375  0.918  0.000  0.000  0.918
   1.07252    -21.474357  0.918  0.000  0.000  0.918
   1.07252    -21.474357  0.918  0.000  0.000  0.918
   1.04430    -21.474366  0.918  0.000  0.000  0.918
   1.01607    -21.474392  0.918  0.000  0.000  0.918
   0.98785    -21.474437  0.918  0.000  0.000  0.918
   0.95962    -21.474496  0.918  0.000  0.000  0.918
   0.93140    -21.474568  0.918  0.000  0.000  0.918
   0.90317    -21.474653  0.918  0.000  0.000  0.918
   0.87495    -21.474747  0.918  0.000  0.000  0.918
   0.84673    -21.474848  0.918  0.000  0.000  0.918
   0.81850    -21.474952  0.918  0.000  0.000  0.918
   0.79028    -21.475059  0.918  0.000  0.000  0.918
   0.76205    -21.475165  0.918  0.000  0.000  0.918
   0.73383    -21.475265  0.918  0.000  0.000  0.918
   0.70561    -21.475358  0.918  0.000  0.000  0.918
   0.67738    -21.475442  0.918  0.000  0.000  0.918
   0.64916    -21.475513  0.918  0.000  0.000  0.918
   0.62093    -21.475570  0.918  0.000  0.000  0.918
   0.59271    -21.475613  0.918  0.000  0.000  0.918
   0.56448    -21.475639  0.918  0.000  0.000  0.918
   0.53626    -21.475648  0.918  0.000  0.000  0.918
   0.53626    -21.475648  0.918  0.000  0.000  0.918
   0.50804    -21.475658  0.918  0.000  0.000  0.918
   0.47981    -21.475687  0.918  0.000  0.000  0.918
   0.45159    -21.475735  0.918  0.000  0.000  0.918
   0.42336    -21.475800  0.918  0.000  0.000  0.918
   0.39514    -21.475880  0.918  0.000  0.000  0.918
   0.36691    -21.475973  0.918  0.000  0.000  0.918
   0.33869    -21.476077  0.918  0.000  0.000  0.918
   0.31047    -21.476188  0.918  0.000  0.000  0.918
   0.28224    -21.476306  0.918  0.000  0.000  0.918
   0.25402    -21.476424  0.918  0.000  0.000  0.918
   0.22579    -21.476540  0.918  0.000  0.000  0.918
   0.19757    -21.476652  0.918  0.000  0.000  0.918
   0.16935    -21.476755  0.918  0.000  0.000  0.918
   0.14112    -21.476850  0.918  0.000  0.000  0.918
   0.11290    -21.476930  0.918  0.000  0.000  0.918
   0.08467    -21.476995  0.917  0.000  0.000  0.917
   0.05645    -21.477043  0.917  0.000  0.000  0.917
   0.02822    -21.477072  0.917  0.000  0.000  0.917
   0.00000    -21.477083  0.917  0.000  0.000  0.917
 
# Band-Index:    3
   0.00000    -21.442886  0.000  0.000  0.000  0.000
   0.02822    -21.442878  0.000  0.000  0.000  0.000
   0.05645    -21.442858  0.000  0.000  0.000  0.000
   0.08467    -21.442823  0.000  0.000  0.000  0.000
   0.11290    -21.442776  0.000  0.000  0.000  0.000
   0.14112    -21.442718  0.000  0.000  0.000  0.000
   0.16935    -21.442650  0.000  0.000  0.000  0.000
   0.19757    -21.442576  0.000  0.000  0.000  0.000
   0.22579    -21.442495  0.000  0.000  0.000  0.000
   0.25402    -21.442412  0.000  0.000  0.000  0.000
   0.28224    -21.442327  0.000  0.000  0.000  0.000
   0.31047    -21.442243  0.000  0.000  0.000  0.000
   0.33869    -21.442163  0.000  0.000  0.000  0.000
   0.36691    -21.442088  0.000  0.000  0.000  0.000
   0.39514    -21.442021  0.000  0.000  0.000  0.000
   0.42336    -21.441965  0.000  0.000  0.000  0.000
   0.45159    -21.441918  0.000  0.000  0.000  0.000
   0.47981    -21.441883  0.000  0.000  0.000  0.000
   0.50804    -21.441862  0.000  0.000  0.000  0.000
   0.53626    -21.441856  0.000  0.000  0.000  0.000
   0.53626    -21.441856  0.000  0.000  0.000  0.000
   0.56448    -21.441849  0.000  0.000  0.000  0.000
   0.59271    -21.441832  0.000  0.000  0.000  0.000
   0.62093    -21.441803  0.000  0.000  0.000  0.000
   0.64916    -21.441765  0.000  0.000  0.000  0.000
   0.67738    -21.441718  0.000  0.000  0.000  0.000
   0.70561    -21.441662  0.000  0.000  0.000  0.000
   0.73383    -21.441598  0.000  0.000  0.000  0.000
   0.76205    -21.441531  0.000  0.000  0.000  0.000
   0.79028    -21.441460  0.000  0.000  0.000  0.000
   0.81850    -21.441389  0.000  0.000  0.000  0.000
   0.84673    -21.441318  0.000  0.000  0.000  0.000
   0.87495    -21.441251  0.000  0.000  0.000  0.000
   0.90317    -21.441187  0.000  0.000  0.000  0.000
   0.93140    -21.441130  0.000  0.000  0.000  0.000
   0.95962    -21.441082  0.000  0.000  0.000  0.000
   0.98785    -21.441043  0.000  0.000  0.000  0.000
   1.01607    -21.441012  0.000  0.000  0.000  0.000
   1.04430    -21.440994  0.000  0.000  0.000  0.000
   1.07252    -21.440988  0.000  0.000  0.000  0.000
   1.07252    -21.440988  0.000  0.000  0.000  0.000
   1.11243    -21.441001  0.000  0.000  0.000  0.000
   1.15235    -21.441035  0.000  0.000  0.000  0.000
   1.19226    -21.441095  0.000  0.000  0.000  0.000
   1.23218    -21.441176  0.000  0.000  0.000  0.000
   1.27209    -21.441275  0.000  0.000  0.000  0.000
   1.31201    -21.441393  0.000  0.000  0.000  0.000
   1.35192    -21.441523  0.000  0.000  0.000  0.000
   1.39184    -21.441667  0.000  0.000  0.000  0.000
   1.43176    -21.441819  0.000  0.000  0.000  0.000
   1.47167    -21.441974  0.000  0.000  0.000  0.000
   1.51159    -21.442132  0.000  0.000  0.000  0.000
   1.55150    -21.442284  0.000  0.000  0.000  0.000
   1.59142    -21.442427  0.000  0.000  0.000  0.000
   1.63133    -21.442556  0.000  0.000  0.000  0.000
   1.67125    -21.442667  0.000  0.000  0.000  0.000
   1.71116    -21.442760  0.000  0.000  0.000  0.000
   1.75108    -21.442829  0.000  0.000  0.000  0.000
   1.79099    -21.442871  0.000  0.000  0.000  0.000
   1.83091    -21.442886  0.000  0.000  0.000  0.000
 
# Band-Index:    4
   1.83091    -21.439047  0.000  0.000  0.000  0.000
   1.79099    -21.439032  0.000  0.000  0.000  0.000
   1.75108    -21.438991  0.000  0.000  0.000  0.000
   1.71116    -21.438923  0.000  0.000  0.000  0.000
   1.67125    -21.438831  0.000  0.000  0.000  0.000
   1.63133    -21.438722  0.000  0.000  0.000  0.000
   1.59142    -21.438595  0.000  0.000  0.000  0.000
   1.55150    -21.438453  0.000  0.000  0.000  0.000
   1.51159    -21.438302  0.000  0.000  0.000  0.000
   1.47167    -21.438147  0.000  0.000  0.000  0.000
   1.43176    -21.437993  0.000  0.000  0.000  0.000
   1.39184    -21.437843  0.000  0.000  0.000  0.000
   1.35192    -21.437701  0.000  0.000  0.000  0.000
   1.31201    -21.437571  0.000  0.000  0.000  0.000
   1.27209    -21.437455  0.000  0.000  0.000  0.000
   1.23218    -21.437356  0.000  0.000  0.000  0.000
   1.19226    -21.437277  0.000  0.000  0.000  0.000
   1.15235    -21.437217  0.000  0.000  0.000  0.000
   1.11243    -21.437183  0.000  0.000  0.000  0.000
   1.07252    -21.437170  0.000  0.000  0.000  0.000
   1.07252    -21.437170  0.000  0.000  0.000  0.000
   1.04430    -21.437177  0.000  0.000  0.000  0.000
   1.01607    -21.437194  0.000  0.000  0.000  0.000
   0.98785    -21.437224  0.000  0.000  0.000  0.000
   0.95962    -21.437264  0.000  0.000  0.000  0.000
   0.93140    -21.437311  0.000  0.000  0.000  0.000
   0.90317    -21.437368  0.000  0.000  0.000  0.000
   0.87495    -21.437431  0.000  0.000  0.000  0.000
   0.84673    -21.437498  0.000  0.000  0.000  0.000
   0.81850    -21.437567  0.000  0.000  0.000  0.000
   0.79028    -21.437638  0.000  0.000  0.000  0.000
   0.76205    -21.437708  0.000  0.000  0.000  0.000
   0.73383    -21.437775  0.000  0.000  0.000  0.000
   0.70561    -21.437837  0.000  0.000  0.000  0.000
   0.67738    -21.437893  0.000  0.000  0.000  0.000
   0.64916    -21.437939  0.000  0.000  0.000  0.000
   0.62093    -21.437977  0.000  0.000  0.000  0.000
   0.59271    -21.438006  0.000  0.000  0.000  0.000
   0.56448    -21.438023  0.000  0.000  0.000  0.000
   0.53626    -21.438029  0.000  0.000  0.000  0.000
   0.53626    -21.438029  0.000  0.000  0.000  0.000
   0.50804    -21.438036  0.000  0.000  0.000  0.000
   0.47981    -21.438056  0.000  0.000  0.000  0.000
   0.45159    -21.438091  0.000  0.000  0.000  0.000
   0.42336    -21.438137  0.000  0.000  0.000  0.000
   0.39514    -21.438193  0.000  0.000  0.000  0.000
   0.36691    -21.438260  0.000  0.000  0.000  0.000
   0.33869    -21.438334  0.000  0.000  0.000  0.000
   0.31047    -21.438412  0.000  0.000  0.000  0.000
   0.28224    -21.438495  0.000  0.000  0.000  0.000
   0.25402    -21.438579  0.000  0.000  0.000  0.000
   0.22579    -21.438662  0.000  0.000  0.000  0.000
   0.19757    -21.438741  0.000  0.000  0.000  0.000
   0.16935    -21.438814  0.000  0.000  0.000  0.000
   0.14112    -21.438882  0.000  0.000  0.000  0.000
   0.11290    -21.438939  0.000  0.000  0.000  0.000
   0.08467    -21.438985  0.000  0.000  0.000  0.000
   0.05645    -21.439019  0.000  0.000  0.000  0.000
   0.02822    -21.439039  0.000  0.000  0.000  0.000
   0.00000    -21.439047  0.000  0.000  0.000  0.000
 
# Band-Index:    5
   0.00000    -21.422499  0.000  0.000  0.000  0.000
   0.02822    -21.422491  0.000  0.000  0.000  0.000
   0.05645    -21.422469  0.000  0.000  0.000  0.000
   0.08467    -21.422433  0.000  0.000  0.000  0.000
   0.11290    -21.422383  0.000  0.000  0.000  0.000
   0.14112    -21.422322  0.000  0.000  0.000  0.000
   0.16935    -21.422250  0.000  0.000  0.000  0.000
   0.19757    -21.422172  0.000  0.000  0.000  0.000
   0.22579    -21.422087  0.000  0.000  0.000  0.000
   0.25402    -21.421999  0.000  0.000  0.000  0.000
   0.28224    -21.421909  0.000  0.000  0.000  0.000
   0.31047    -21.421820  0.000  0.000  0.000  0.000
   0.33869    -21.421736  0.000  0.000  0.000  0.000
   0.36691    -21.421657  0.000  0.000  0.000  0.000
   0.39514    -21.421586  0.000  0.000  0.000  0.000
   0.42336    -21.421526  0.000  0.000  0.000  0.000
   0.45159    -21.421477  0.000  0.000  0.000  0.000
   0.47981    -21.421440  0.000  0.000  0.000  0.000
   0.50804    -21.421418  0.000  0.000  0.000  0.000
   0.53626    -21.421411  0.000  0.000  0.000  0.000
   0.53626    -21.421411  0.000  0.000  0.000  0.000
   0.56448    -21.421404  0.000  0.000  0.000  0.000
   0.59271    -21.421385  0.000  0.000  0.000  0.000
   0.62093    -21.421354  0.000  0.000  0.000  0.000
   0.64916    -21.421313  0.000  0.000  0.000  0.000
   0.67738    -21.421262  0.000  0.000  0.000  0.000
   0.70561    -21.421202  0.000  0.000  0.000  0.000
   0.73383    -21.421134  0.000  0.000  0.000  0.000
   0.76205    -21.421062  0.000  0.000  0.000  0.000
   0.79028    -21.420986  0.000  0.000  0.000  0.000
   0.81850    -21.420909  0.000  0.000  0.000  0.000
   0.84673    -21.420833  0.000  0.000  0.000  0.000
   0.87495    -21.420761  0.000  0.000  0.000  0.000
   0.90317    -21.420692  0.000  0.000  0.000  0.000
   0.93140    -21.420631  0.000  0.000  0.000  0.000
   0.95962    -21.420579  0.000  0.000  0.000  0.000
   0.98785    -21.420537  0.000  0.000  0.000  0.000
   1.01607    -21.420504  0.000  0.000  0.000  0.000
   1.04430    -21.420485  0.000  0.000  0.000  0.000
   1.07252    -21.420478  0.000  0.000  0.000  0.000
   1.07252    -21.420478  0.000  0.000  0.000  0.000
   1.11243    -21.420492  0.000  0.000  0.000  0.000
   1.15235    -21.420529  0.000  0.000  0.000  0.000
   1.19226    -21.420593  0.000  0.000  0.000  0.000
   1.23218    -21.420680  0.000  0.000  0.000  0.000
   1.27209    -21.420786  0.000  0.000  0.000  0.000
   1.31201    -21.420912  0.000  0.000  0.000  0.000
   1.35192    -21.421052  0.000  0.000  0.000  0.000
   1.39184    -21.421206  0.000  0.000  0.000  0.000
   1.43176    -21.421368  0.000  0.000  0.000  0.000
   1.47167    -21.421533  0.000  0.000  0.000  0.000
   1.51159    -21.421701  0.000  0.000  0.000  0.000
   1.55150    -21.421862  0.000  0.000  0.000  0.000
   1.59142    -21.422014  0.000  0.000  0.000  0.000
   1.63133    -21.422151  0.000  0.000  0.000  0.000
   1.67125    -21.422268  0.000  0.000  0.000  0.000
   1.71116    -21.422366  0.000  0.000  0.000  0.000
   1.75108    -21.422439  0.000  0.000  0.000  0.000
   1.79099    -21.422483  0.000  0.000  0.000  0.000
   1.83091    -21.422499  0.000  0.000  0.000  0.000
 
# Band-Index:    6
   1.83091    -21.417949  0.000  0.000  0.000  0.000
   1.79099    -21.417933  0.000  0.000  0.000  0.000
   1.75108    -21.417889  0.000  0.000  0.000  0.000
   1.71116    -21.417816  0.000  0.000  0.000  0.000
   1.67125    -21.417718  0.000  0.000  0.000  0.000
   1.63133    -21.417601  0.000  0.000  0.000  0.000
   1.59142    -21.417464  0.000  0.000  0.000  0.000
   1.55150    -21.417312  0.000  0.000  0.000  0.000
   1.51159    -21.417150  0.000  0.000  0.000  0.000
   1.47167    -21.416983  0.000  0.000  0.000  0.000
   1.43176    -21.416817  0.000  0.000  0.000  0.000
   1.39184    -21.416655  0.000  0.000  0.000  0.000
   1.35192    -21.416502  0.000  0.000  0.000  0.000
   1.31201    -21.416362  0.000  0.000  0.000  0.000
   1.27209    -21.416235  0.000  0.000  0.000  0.000
   1.23218    -21.416129  0.000  0.000  0.000  0.000
   1.19226    -21.416043  0.000  0.000  0.000  0.000
   1.15235    -21.415978  0.000  0.000  0.000  0.000
   1.11243    -21.415941  0.000  0.000  0.000  0.000
   1.07252    -21.415927  0.000  0.000  0.000  0.000
   1.07252    -21.415927  0.000  0.000  0.000  0.000
   1.04430    -21.415934  0.000  0.000  0.000  0.000
   1.01607    -21.415953  0.000  0.000  0.000  0.000
   0.98785    -21.415986  0.000  0.000  0.000  0.000
   0.95962    -21.416028  0.000  0.000  0.000  0.000
   0.93140    -21.416080  0.000  0.000  0.000  0.000
   0.90317    -21.416142  0.000  0.000  0.000  0.000
   0.87495    -21.416210  0.000  0.000  0.000  0.000
   0.84673    -21.416283  0.000  0.000  0.000  0.000
   0.81850    -21.416358  0.000  0.000  0.000  0.000
   0.79028    -21.416435  0.000  0.000  0.000  0.000
   0.76205    -21.416512  0.000  0.000  0.000  0.000
   0.73383    -21.416584  0.000  0.000  0.000  0.000
   0.70561    -21.416651  0.000  0.000  0.000  0.000
   0.67738    -21.416712  0.000  0.000  0.000  0.000
   0.64916    -21.416763  0.000  0.000  0.000  0.000
   0.62093    -21.416804  0.000  0.000  0.000  0.000
   0.59271    -21.416835  0.000  0.000  0.000  0.000
   0.56448    -21.416853  0.000  0.000  0.000  0.000
   0.53626    -21.416860  0.000  0.000  0.000  0.000
   0.53626    -21.416860  0.000  0.000  0.000  0.000
   0.50804    -21.416867  0.000  0.000  0.000  0.000
   0.47981    -21.416889  0.000  0.000  0.000  0.000
   0.45159    -21.416926  0.000  0.000  0.000  0.000
   0.42336    -21.416976  0.000  0.000  0.000  0.000
   0.39514    -21.417036  0.000  0.000  0.000  0.000
   0.36691    -21.417106  0.000  0.000  0.000  0.000
   0.33869    -21.417185  0.000  0.000  0.000  0.000
   0.31047    -21.417270  0.000  0.000  0.000  0.000
   0.28224    -21.417359  0.000  0.000  0.000  0.000
   0.25402    -21.417448  0.000  0.000  0.000  0.000
   0.22579    -21.417537  0.000  0.000  0.000  0.000
   0.19757    -21.417622  0.000  0.000  0.000  0.000
   0.16935    -21.417700  0.000  0.000  0.000  0.000
   0.14112    -21.417772  0.000  0.000  0.000  0.000
   0.11290    -21.417833  0.000  0.000  0.000  0.000
   0.08467    -21.417882  0.000  0.000  0.000  0.000
   0.05645    -21.417919  0.000  0.000  0.000  0.000
   0.02822    -21.417940  0.000  0.000  0.000  0.000
   0.00000    -21.417949  0.000  0.000  0.000  0.000
 
# Band-Index:    7
   0.00000    -14.809681  0.012  0.000  0.000  0.012
   0.02822    -14.808919  0.012  0.000  0.000  0.012
   0.05645    -14.806637  0.012  0.000  0.000  0.012
   0.08467    -14.802849  0.012  0.000  0.000  0.012
   0.11290    -14.797582  0.012  0.000  0.000  0.012
   0.14112    -14.790874  0.012  0.000  0.000  0.012
   0.16935    -14.782775  0.012  0.000  0.000  0.012
   0.19757    -14.773344  0.011  0.000  0.000  0.011
   0.22579    -14.762651  0.010  0.000  0.000  0.011
   0.25402    -14.750778  0.010  0.000  0.000  0.012
   0.28224    -14.737827  0.010  0.001  0.000  0.012
   0.31047    -14.723913  0.010  0.001  0.000  0.011
   0.33869    -14.709184  0.010  0.001  0.000  0.011
   0.36691    -14.693818  0.010  0.001  0.000  0.011
   0.39514    -14.678052  0.010  0.001  0.000  0.011
   0.42336    -14.662221  0.010  0.001  0.000  0.011
   0.45159    -14.646882  0.010  0.001  0.000  0.011
   0.47981    -14.633037  0.011  0.001  0.000  0.012
   0.50804    -14.622612  0.011  0.000  0.000  0.012
   0.53626    -14.618549  0.011  0.000  0.000  0.011
   0.53626    -14.618549  0.011  0.000  0.000  0.011
   0.56448    -14.618043  0.011  0.000  0.000  0.011
   0.59271    -14.616539  0.011  0.000  0.000  0.012
   0.62093    -14.614075  0.011  0.000  0.000  0.012
   0.64916    -14.610717  0.011  0.001  0.000  0.012
   0.67738    -14.606555  0.010  0.001  0.000  0.011
   0.70561    -14.601705  0.010  0.001  0.000  0.011
   0.73383    -14.596306  0.010  0.001  0.000  0.011
   0.76205    -14.590514  0.009  0.001  0.000  0.010
   0.79028    -14.584499  0.009  0.001  0.000  0.010
   0.81850    -14.578434  0.008  0.001  0.000  0.009
   0.84673    -14.572492  0.007  0.001  0.000  0.008
   0.87495    -14.566836  0.006  0.001  0.000  0.007
   0.90317    -14.561619  0.004  0.001  0.000  0.006
   0.93140    -14.556973  0.003  0.001  0.000  0.004
   0.95962    -14.553013  0.002  0.001  0.000  0.003
   0.98785    -14.549833  0.001  0.001  0.000  0.002
   1.01607    -14.547507  0.001  0.001  0.000  0.002
   1.04430    -14.546091  0.000  0.001  0.000  0.001
   1.07252    -14.545615  0.000  0.001  0.000  0.001
   1.07252    -14.545615  0.000  0.001  0.000  0.001
   1.11243    -14.547749  0.000  0.001  0.000  0.001
   1.15235    -14.554066  0.001  0.001  0.000  0.002
   1.19226    -14.564307  0.002  0.001  0.000  0.003
   1.23218    -14.578058  0.004  0.001  0.000  0.005
   1.27209    -14.594780  0.005  0.001  0.000  0.007
   1.31201    -14.613843  0.007  0.001  0.000  0.008
   1.35192    -14.634561  0.008  0.001  0.000  0.009
   1.39184    -14.656238  0.009  0.001  0.000  0.010
   1.43176    -14.678196  0.010  0.001  0.000  0.011
   1.47167    -14.699809  0.010  0.001  0.000  0.011
   1.51159    -14.720527  0.010  0.001  0.000  0.011
   1.55150    -14.739864  0.010  0.001  0.000  0.012
   1.59142    -14.757408  0.010  0.000  0.000  0.012
   1.63133    -14.772810  0.011  0.000  0.000  0.011
   1.67125    -14.785786  0.012  0.000  0.000  0.012
   1.71116    -14.796111  0.012  0.000  0.000  0.012
   1.75108    -14.803610  0.012  0.000  0.000  0.012
   1.79099    -14.808158  0.012  0.000  0.000  0.012
   1.83091    -14.809681  0.012  0.000  0.000  0.012
 
# Band-Index:    8
   1.83091    -14.805563  0.013  0.000  0.000  0.013
   1.79099    -14.804048  0.013  0.000  0.000  0.013
   1.75108    -14.799527  0.013  0.000  0.000  0.013
   1.71116    -14.792072  0.013  0.000  0.000  0.013
   1.67125    -14.781808  0.013  0.000  0.000  0.013
   1.63133    -14.768910  0.013  0.000  0.000  0.013
   1.59142    -14.753599  0.013  0.001  0.000  0.013
   1.55150    -14.736157  0.011  0.001  0.000  0.012
   1.51159    -14.716930  0.011  0.001  0.000  0.012
   1.47167    -14.696321  0.010  0.001  0.000  0.011
   1.43176    -14.674809  0.010  0.001  0.000  0.011
   1.39184    -14.652940  0.009  0.001  0.000  0.010
   1.35192    -14.631336  0.008  0.001  0.000  0.009
   1.31201    -14.610677  0.007  0.001  0.000  0.008
   1.27209    -14.591659  0.006  0.001  0.000  0.007
   1.23218    -14.574969  0.004  0.001  0.000  0.005
   1.19226    -14.561238  0.002  0.001  0.000  0.003
   1.15235    -14.551007  0.001  0.001  0.000  0.002
   1.11243    -14.544694  0.000  0.001  0.000  0.001
   1.07252    -14.545615  0.000  0.001  0.000  0.001
   1.07252    -14.545615  0.000  0.001  0.000  0.001
   1.04430    -14.545597  0.000  0.001  0.000  0.001
   1.01607    -14.545544  0.000  0.001  0.000  0.001
   0.98785    -14.546772  0.001  0.001  0.000  0.002
   0.95962    -14.549945  0.002  0.001  0.000  0.003
   0.93140    -14.553892  0.003  0.001  0.000  0.004
   0.90317    -14.558517  0.004  0.001  0.000  0.006
   0.87495    -14.563705  0.006  0.001  0.000  0.007
   0.84673    -14.569321  0.007  0.001  0.000  0.008
   0.81850    -14.575211  0.008  0.001  0.000  0.009
   0.79028    -14.581207  0.009  0.001  0.000  0.010
   0.76205    -14.587133  0.010  0.001  0.000  0.011
   0.73383    -14.592809  0.010  0.001  0.000  0.011
   0.70561    -14.598070  0.010  0.001  0.000  0.011
   0.67738    -14.602765  0.012  0.001  0.000  0.013
   0.64916    -14.606770  0.012  0.001  0.000  0.013
   0.62093    -14.609986  0.012  0.001  0.000  0.013
   0.59271    -14.612335  0.012  0.001  0.000  0.013
   0.56448    -14.613767  0.012  0.000  0.000  0.013
   0.53626    -14.614248  0.012  0.000  0.000  0.013
   0.53626    -14.614248  0.012  0.000  0.000  0.013
   0.50804    -14.618459  0.012  0.001  0.000  0.013
   0.47981    -14.629115  0.012  0.001  0.000  0.013
   0.45159    -14.643103  0.012  0.001  0.000  0.013
   0.42336    -14.658509  0.012  0.001  0.000  0.013
   0.39514    -14.674359  0.011  0.001  0.000  0.012
   0.36691    -14.690118  0.011  0.001  0.000  0.012
   0.33869    -14.705460  0.012  0.001  0.000  0.013
   0.31047    -14.720155  0.012  0.001  0.000  0.013
   0.28224    -14.734028  0.012  0.001  0.000  0.013
   0.25402    -14.746936  0.012  0.001  0.000  0.013
   0.22579    -14.758764  0.013  0.001  0.000  0.013
   0.19757    -14.769413  0.013  0.000  0.000  0.013
   0.16935    -14.778801  0.013  0.000  0.000  0.013
   0.14112    -14.786859  0.013  0.000  0.000  0.013
   0.11290    -14.793531  0.013  0.000  0.000  0.013
   0.08467    -14.798769  0.013  0.000  0.000  0.013
   0.05645    -14.802535  0.013  0.000  0.000  0.013
   0.02822    -14.804805  0.013  0.000  0.000  0.013
   0.00000    -14.805563  0.013  0.000  0.000  0.013
 
# Band-Index:    9
   0.00000    -14.768040  0.006  0.000  0.000  0.006
   0.02822    -14.767292  0.006  0.000  0.000  0.006
   0.05645    -14.765052  0.006  0.000  0.000  0.006
   0.08467    -14.761334  0.005  0.000  0.000  0.006
   0.11290    -14.756162  0.005  0.000  0.000  0.005
   0.14112    -14.749574  0.005  0.000  0.000  0.005
   0.16935    -14.741614  0.005  0.000  0.000  0.005
   0.19757    -14.732337  0.005  0.000  0.000  0.005
   0.22579    -14.721814  0.004  0.000  0.000  0.004
   0.25402    -14.710128  0.004  0.000  0.000  0.004
   0.28224    -14.697378  0.004  0.000  0.000  0.004
   0.31047    -14.683685  0.004  0.000  0.000  0.004
   0.33869    -14.669197  0.003  0.000  0.000  0.004
   0.36691    -14.654102  0.003  0.000  0.000  0.003
   0.39514    -14.638646  0.003  0.000  0.000  0.003
   0.42336    -14.623175  0.003  0.000  0.000  0.003
   0.45159    -14.608218  0.003  0.000  0.000  0.003
   0.47981    -14.594622  0.004  0.000  0.000  0.004
   0.50804    -14.583934  0.005  0.000  0.000  0.005
   0.53626    -14.579379  0.006  0.000  0.000  0.006
   0.53626    -14.579379  0.006  0.000  0.000  0.006
   0.56448    -14.578916  0.005  0.000  0.000  0.006
   0.59271    -14.577529  0.005  0.000  0.000  0.005
   0.62093    -14.575231  0.005  0.000  0.000  0.005
   0.64916    -14.572042  0.005  0.000  0.000  0.005
   0.67738    -14.567987  0.004  0.000  0.000  0.004
   0.70561    -14.563103  0.003  0.000  0.000  0.003
   0.73383    -14.557438  0.003  0.000  0.000  0.003
   0.76205    -14.551060  0.002  0.000  0.000  0.002
   0.79028    -14.544233  0.000  0.001  0.000  0.001
   0.81850    -14.544442  0.000  0.001  0.000  0.001
   0.84673    -14.544650  0.000  0.001  0.000  0.001
   0.87495    -14.544848  0.000  0.001  0.000  0.001
   0.90317    -14.545033  0.000  0.001  0.000  0.001
   0.93140    -14.545199  0.000  0.001  0.000  0.001
   0.95962    -14.545343  0.000  0.001  0.000  0.001
   0.98785    -14.545459  0.000  0.001  0.000  0.001
   1.01607    -14.544451  0.001  0.001  0.000  0.002
   1.04430    -14.543036  0.000  0.001  0.000  0.001
   1.07252    -14.542561  0.000  0.001  0.000  0.001
   1.07252    -14.542561  0.000  0.001  0.000  0.001
   1.11243    -14.544394  0.000  0.001  0.000  0.001
   1.15235    -14.540756  0.000  0.001  0.000  0.001
   1.19226    -14.534791  0.000  0.001  0.000  0.001
   1.23218    -14.528614  0.000  0.000  0.000  0.000
   1.27209    -14.548373  0.000  0.000  0.000  0.000
   1.31201    -14.569920  0.000  0.000  0.000  0.000
   1.35192    -14.592435  0.001  0.000  0.000  0.001
   1.39184    -14.615246  0.001  0.000  0.000  0.001
   1.43176    -14.637791  0.002  0.000  0.000  0.002
   1.47167    -14.659600  0.003  0.000  0.000  0.003
   1.51159    -14.680262  0.003  0.000  0.000  0.003
   1.55150    -14.699405  0.004  0.000  0.000  0.004
   1.59142    -14.716698  0.004  0.000  0.000  0.004
   1.63133    -14.731844  0.004  0.000  0.000  0.005
   1.67125    -14.744587  0.005  0.000  0.000  0.005
   1.71116    -14.754722  0.005  0.000  0.000  0.005
   1.75108    -14.762081  0.005  0.000  0.000  0.006
   1.79099    -14.766545  0.006  0.000  0.000  0.006
   1.83091    -14.768040  0.006  0.000  0.000  0.006
 
# Band-Index:   10
   1.83091    -14.755968  0.004  0.000  0.000  0.004
   1.79099    -14.754489  0.004  0.000  0.000  0.004
   1.75108    -14.750075  0.004  0.000  0.000  0.004
   1.71116    -14.742803  0.004  0.000  0.000  0.004
   1.67125    -14.732801  0.004  0.000  0.000  0.004
   1.63133    -14.720245  0.003  0.000  0.000  0.003
   1.59142    -14.705355  0.003  0.000  0.000  0.003
   1.55150    -14.688401  0.003  0.000  0.000  0.003
   1.51159    -14.669695  0.003  0.000  0.000  0.003
   1.47167    -14.649585  0.002  0.000  0.000  0.003
   1.43176    -14.628447  0.001  0.000  0.000  0.001
   1.39184    -14.606688  0.001  0.000  0.000  0.001
   1.35192    -14.584747  0.001  0.000  0.000  0.001
   1.31201    -14.563101  0.000  0.000  0.000  0.000
   1.27209    -14.542304  0.000  0.000  0.000  0.000
   1.23218    -14.526639  0.000  0.001  0.000  0.001
   1.19226    -14.531737  0.000  0.001  0.000  0.001
   1.15235    -14.537702  0.000  0.001  0.000  0.001
   1.11243    -14.541340  0.000  0.001  0.000  0.001
   1.07252    -14.542561  0.000  0.001  0.000  0.001
   1.07252    -14.542561  0.000  0.001  0.000  0.001
   1.04430    -14.542543  0.000  0.001  0.000  0.001
   1.01607    -14.542490  0.000  0.001  0.000  0.001
   0.98785    -14.542405  0.000  0.001  0.000  0.001
   0.95962    -14.542289  0.000  0.001  0.000  0.001
   0.93140    -14.542145  0.000  0.001  0.000  0.001
   0.90317    -14.541979  0.000  0.001  0.000  0.001
   0.87495    -14.541794  0.000  0.001  0.000  0.001
   0.84673    -14.541596  0.000  0.001  0.000  0.001
   0.81850    -14.541389  0.000  0.001  0.000  0.001
   0.79028    -14.544062  0.001  0.000  0.000  0.001
   0.76205    -14.544027  0.000  0.001  0.000  0.001
   0.73383    -14.546080  0.002  0.000  0.000  0.002
   0.70561    -14.550879  0.003  0.000  0.000  0.003
   0.67738    -14.555020  0.003  0.000  0.000  0.003
   0.64916    -14.558464  0.003  0.000  0.000  0.003
   0.62093    -14.561177  0.003  0.000  0.000  0.003
   0.59271    -14.563136  0.004  0.000  0.000  0.004
   0.56448    -14.564317  0.004  0.000  0.000  0.004
   0.53626    -14.564712  0.004  0.000  0.000  0.004
   0.53626    -14.564712  0.004  0.000  0.000  0.004
   0.50804    -14.569954  0.003  0.000  0.000  0.003
   0.47981    -14.581554  0.003  0.000  0.000  0.003
   0.45159    -14.595863  0.003  0.000  0.000  0.003
   0.42336    -14.611303  0.003  0.000  0.000  0.003
   0.39514    -14.627060  0.003  0.000  0.000  0.003
   0.36691    -14.642661  0.003  0.000  0.000  0.003
   0.33869    -14.657803  0.003  0.000  0.000  0.003
   0.31047    -14.672275  0.003  0.000  0.000  0.003
   0.28224    -14.685913  0.003  0.000  0.000  0.003
   0.25402    -14.698586  0.003  0.000  0.000  0.003
   0.22579    -14.710182  0.003  0.000  0.000  0.003
   0.19757    -14.720615  0.003  0.000  0.000  0.003
   0.16935    -14.729806  0.004  0.000  0.000  0.004
   0.14112    -14.737691  0.004  0.000  0.000  0.004
   0.11290    -14.744214  0.004  0.000  0.000  0.004
   0.08467    -14.749331  0.004  0.000  0.000  0.004
   0.05645    -14.753011  0.004  0.000  0.000  0.004
   0.02822    -14.755228  0.004  0.000  0.000  0.004
   0.00000    -14.755968  0.004  0.000  0.000  0.004
 
# Band-Index:   11
   0.00000    -14.650586  0.000  0.000  0.000  0.000
   0.02822    -14.649849  0.000  0.000  0.000  0.000
   0.05645    -14.647642  0.000  0.000  0.000  0.000
   0.08467    -14.643982  0.000  0.000  0.000  0.000
   0.11290    -14.638896  0.000  0.000  0.000  0.000
   0.14112    -14.632423  0.000  0.000  0.000  0.000
   0.16935    -14.624613  0.000  0.000  0.000  0.000
   0.19757    -14.615531  0.000  0.000  0.000  0.000
   0.22579    -14.605254  0.000  0.000  0.000  0.000
   0.25402    -14.593880  0.000  0.000  0.000  0.000
   0.28224    -14.581519  0.000  0.000  0.000  0.000
   0.31047    -14.568317  0.000  0.000  0.000  0.000
   0.33869    -14.554454  0.000  0.000  0.000  0.000
   0.36691    -14.540171  0.000  0.000  0.000  0.000
   0.39514    -14.525824  0.000  0.000  0.000  0.000
   0.42336    -14.512126  0.000  0.000  0.000  0.000
   0.45159    -14.511876  0.002  0.000  0.000  0.003
   0.47981    -14.526061  0.002  0.000  0.000  0.003
   0.50804    -14.537833  0.001  0.000  0.000  0.002
   0.53626    -14.543076  0.000  0.000  0.000  0.001
   0.53626    -14.543076  0.000  0.000  0.000  0.001
   0.56448    -14.543093  0.000  0.000  0.000  0.001
   0.59271    -14.543144  0.000  0.000  0.000  0.001
   0.62093    -14.543228  0.000  0.000  0.000  0.001
   0.64916    -14.543341  0.000  0.000  0.000  0.001
   0.67738    -14.543482  0.000  0.000  0.000  0.001
   0.70561    -14.543646  0.000  0.000  0.000  0.001
   0.73383    -14.543829  0.000  0.001  0.000  0.001
   0.76205    -14.540973  0.000  0.001  0.000  0.001
   0.79028    -14.541179  0.000  0.001  0.000  0.001
   0.81850    -14.536580  0.001  0.000  0.000  0.001
   0.84673    -14.528796  0.000  0.000  0.000  0.000
   0.87495    -14.520939  0.000  0.000  0.000  0.000
   0.90317    -14.513281  0.000  0.000  0.000  0.000
   0.93140    -14.506105  0.000  0.000  0.000  0.000
   0.95962    -14.499694  0.000  0.000  0.000  0.000
   0.98785    -14.494321  0.000  0.000  0.000  0.000
   1.01607    -14.490246  0.000  0.000  0.000  0.000
   1.04430    -14.487698  0.000  0.000  0.000  0.000
   1.07252    -14.486830  0.000  0.000  0.000  0.000
   1.07252    -14.486830  0.000  0.000  0.000  0.000
   1.11243    -14.489775  0.000  0.000  0.000  0.000
   1.15235    -14.498294  0.000  0.000  0.000  0.000
   1.19226    -14.511581  0.000  0.000  0.000  0.000
   1.23218    -14.523585  0.000  0.001  0.000  0.001
   1.27209    -14.516496  0.000  0.001  0.000  0.001
   1.31201    -14.504610  0.000  0.001  0.000  0.001
   1.35192    -14.491274  0.000  0.000  0.000  0.001
   1.39184    -14.502635  0.000  0.000  0.000  0.000
   1.43176    -14.524139  0.000  0.000  0.000  0.000
   1.47167    -14.545028  0.000  0.000  0.000  0.000
   1.51159    -14.564921  0.000  0.000  0.000  0.000
   1.55150    -14.583451  0.000  0.000  0.000  0.000
   1.59142    -14.600266  0.000  0.000  0.000  0.000
   1.63133    -14.615050  0.000  0.000  0.000  0.000
   1.67125    -14.627530  0.000  0.000  0.000  0.000
   1.71116    -14.637480  0.000  0.000  0.000  0.000
   1.75108    -14.644718  0.000  0.000  0.000  0.000
   1.79099    -14.649113  0.000  0.000  0.000  0.000
   1.83091    -14.650586  0.000  0.000  0.000  0.000
 
# Band-Index:   12
   1.83091    -14.357542  0.000  0.000  0.000  0.000
   1.79099    -14.358891  0.000  0.000  0.000  0.000
   1.75108    -14.362893  0.000  0.000  0.000  0.000
   1.71116    -14.369422  0.000  0.000  0.000  0.000
   1.67125    -14.378276  0.000  0.000  0.000  0.000
   1.63133    -14.389182  0.000  0.000  0.000  0.000
   1.59142    -14.401811  0.000  0.000  0.000  0.000
   1.55150    -14.415786  0.000  0.000  0.000  0.000
   1.51159    -14.430700  0.000  0.000  0.000  0.000
   1.47167    -14.446129  0.000  0.000  0.000  0.000
   1.43176    -14.461646  0.000  0.000  0.000  0.000
   1.39184    -14.476827  0.000  0.000  0.000  0.000
   1.35192    -14.488220  0.000  0.000  0.000  0.001
   1.31201    -14.501556  0.000  0.001  0.000  0.001
   1.27209    -14.513441  0.000  0.001  0.000  0.001
   1.23218    -14.523052  0.000  0.000  0.000  0.000
   1.19226    -14.506255  0.000  0.000  0.000  0.000
   1.15235    -14.493023  0.000  0.000  0.000  0.000
   1.11243    -14.485619  0.000  0.000  0.000  0.000
   1.07252    -14.486830  0.000  0.000  0.000  0.000
   1.07252    -14.486830  0.000  0.000  0.000  0.000
   1.04430    -14.486837  0.000  0.000  0.000  0.000
   1.01607    -14.486855  0.000  0.000  0.000  0.000
   0.98785    -14.489048  0.000  0.000  0.000  0.000
   0.95962    -14.494373  0.000  0.000  0.000  0.000
   0.93140    -14.500619  0.000  0.000  0.000  0.000
   0.90317    -14.507430  0.000  0.000  0.000  0.000
   0.87495    -14.514479  0.000  0.000  0.000  0.000
   0.84673    -14.521499  0.000  0.000  0.000  0.000
   0.81850    -14.528294  0.001  0.000  0.000  0.001
   0.79028    -14.534720  0.001  0.000  0.000  0.001
   0.76205    -14.540674  0.001  0.000  0.000  0.001
   0.73383    -14.540776  0.000  0.001  0.000  0.001
   0.70561    -14.540593  0.000  0.000  0.000  0.001
   0.67738    -14.540429  0.000  0.000  0.000  0.001
   0.64916    -14.540288  0.000  0.000  0.000  0.001
   0.62093    -14.540174  0.000  0.000  0.000  0.001
   0.59271    -14.540091  0.000  0.000  0.000  0.001
   0.56448    -14.540040  0.000  0.000  0.000  0.001
   0.53626    -14.540023  0.000  0.000  0.000  0.001
   0.53626    -14.540023  0.000  0.000  0.000  0.001
   0.50804    -14.534763  0.001  0.000  0.000  0.002
   0.47981    -14.522979  0.002  0.000  0.000  0.003
   0.45159    -14.508798  0.002  0.000  0.000  0.003
   0.42336    -14.495794  0.002  0.000  0.000  0.003
   0.39514    -14.480378  0.002  0.000  0.000  0.003
   0.36691    -14.465104  0.002  0.000  0.000  0.002
   0.33869    -14.450359  0.002  0.000  0.000  0.002
   0.31047    -14.436354  0.001  0.000  0.000  0.001
   0.28224    -14.423239  0.001  0.000  0.000  0.001
   0.25402    -14.411132  0.001  0.000  0.000  0.001
   0.22579    -14.400126  0.000  0.000  0.000  0.000
   0.19757    -14.390292  0.000  0.000  0.000  0.000
   0.16935    -14.381687  0.000  0.000  0.000  0.000
   0.14112    -14.374355  0.000  0.000  0.000  0.000
   0.11290    -14.368324  0.000  0.000  0.000  0.000
   0.08467    -14.363616  0.000  0.000  0.000  0.000
   0.05645    -14.360244  0.000  0.000  0.000  0.000
   0.02822    -14.358218  0.000  0.000  0.000  0.000
   0.00000    -14.357542  0.000  0.000  0.000  0.000
 
# Band-Index:   13
   0.00000    -14.354487  0.000  0.000  0.000  0.000
   0.02822    -14.355163  0.000  0.000  0.000  0.000
   0.05645    -14.357189  0.000  0.000  0.000  0.000
   0.08467    -14.360561  0.000  0.000  0.000  0.000
   0.11290    -14.365269  0.000  0.000  0.000  0.000
   0.14112    -14.371299  0.000  0.000  0.000  0.000
   0.16935    -14.378631  0.000  0.000  0.000  0.000
   0.19757    -14.387236  0.000  0.000  0.000  0.000
   0.22579    -14.397070  0.000  0.000  0.000  0.000
   0.25402    -14.408075  0.001  0.000  0.000  0.001
   0.28224    -14.420181  0.001  0.000  0.000  0.001
   0.31047    -14.433294  0.001  0.000  0.000  0.001
   0.33869    -14.447298  0.002  0.000  0.000  0.002
   0.36691    -14.462040  0.002  0.000  0.000  0.002
   0.39514    -14.477311  0.002  0.000  0.000  0.003
   0.42336    -14.492724  0.002  0.000  0.000  0.003
   0.45159    -14.498021  0.000  0.000  0.000  0.000
   0.47981    -14.488836  0.000  0.000  0.000  0.000
   0.50804    -14.486030  0.000  0.000  0.000  0.000
   0.53626    -14.487788  0.000  0.000  0.000  0.000
   0.53626    -14.487788  0.000  0.000  0.000  0.000
   0.56448    -14.487781  0.000  0.000  0.000  0.000
   0.59271    -14.487762  0.000  0.000  0.000  0.000
   0.62093    -14.487732  0.000  0.000  0.000  0.000
   0.64916    -14.487690  0.000  0.000  0.000  0.000
   0.67738    -14.487637  0.000  0.000  0.000  0.000
   0.70561    -14.487576  0.000  0.000  0.000  0.000
   0.73383    -14.487507  0.000  0.000  0.000  0.000
   0.76205    -14.487432  0.000  0.000  0.000  0.000
   0.79028    -14.487354  0.000  0.000  0.000  0.000
   0.81850    -14.487275  0.000  0.000  0.000  0.000
   0.84673    -14.487197  0.000  0.000  0.000  0.000
   0.87495    -14.487121  0.000  0.000  0.000  0.000
   0.90317    -14.487050  0.000  0.000  0.000  0.000
   0.93140    -14.486986  0.000  0.000  0.000  0.000
   0.95962    -14.486932  0.000  0.000  0.000  0.000
   0.98785    -14.486888  0.000  0.000  0.000  0.000
   1.01607    -14.484973  0.000  0.000  0.000  0.000
   1.04430    -14.482416  0.000  0.000  0.000  0.000
   1.07252    -14.481544  0.000  0.000  0.000  0.000
   1.07252    -14.481544  0.000  0.000  0.000  0.000
   1.11243    -14.484496  0.000  0.000  0.000  0.000
   1.15235    -14.482011  0.000  0.000  0.000  0.000
   1.19226    -14.476096  0.000  0.000  0.000  0.000
   1.23218    -14.468012  0.000  0.000  0.000  0.000
   1.27209    -14.457954  0.000  0.000  0.000  0.000
   1.31201    -14.459253  0.000  0.000  0.000  0.000
   1.35192    -14.480891  0.000  0.000  0.000  0.000
   1.39184    -14.473773  0.000  0.000  0.000  0.000
   1.43176    -14.458592  0.000  0.000  0.000  0.000
   1.47167    -14.443075  0.000  0.000  0.000  0.000
   1.51159    -14.427646  0.000  0.000  0.000  0.000
   1.55150    -14.412731  0.000  0.000  0.000  0.000
   1.59142    -14.398756  0.000  0.000  0.000  0.000
   1.63133    -14.386128  0.000  0.000  0.000  0.000
   1.67125    -14.375221  0.000  0.000  0.000  0.000
   1.71116    -14.366367  0.000  0.000  0.000  0.000
   1.75108    -14.359838  0.000  0.000  0.000  0.000
   1.79099    -14.355836  0.000  0.000  0.000  0.000
   1.83091    -14.354487  0.000  0.000  0.000  0.000
 
# Band-Index:   14
   1.83091    -14.300418  0.000  0.000  0.000  0.000
   1.79099    -14.301754  0.000  0.000  0.000  0.000
   1.75108    -14.305719  0.000  0.000  0.000  0.000
   1.71116    -14.312187  0.000  0.000  0.000  0.000
   1.67125    -14.320958  0.000  0.000  0.000  0.000
   1.63133    -14.331763  0.000  0.000  0.000  0.000
   1.59142    -14.344276  0.000  0.000  0.000  0.000
   1.55150    -14.358124  0.000  0.000  0.000  0.000
   1.51159    -14.372904  0.000  0.000  0.000  0.000
   1.47167    -14.388195  0.000  0.000  0.000  0.000
   1.43176    -14.403576  0.000  0.000  0.000  0.000
   1.39184    -14.418625  0.000  0.000  0.000  0.000
   1.35192    -14.432947  0.000  0.000  0.000  0.000
   1.31201    -14.446168  0.000  0.000  0.000  0.000
   1.27209    -14.452667  0.000  0.000  0.000  0.000
   1.23218    -14.462726  0.000  0.000  0.000  0.000
   1.19226    -14.470810  0.000  0.000  0.000  0.000
   1.15235    -14.476725  0.000  0.000  0.000  0.000
   1.11243    -14.480333  0.000  0.000  0.000  0.000
   1.07252    -14.481544  0.000  0.000  0.000  0.000
   1.07252    -14.481544  0.000  0.000  0.000  0.000
   1.04430    -14.481550  0.000  0.000  0.000  0.000
   1.01607    -14.481569  0.000  0.000  0.000  0.000
   0.98785    -14.481601  0.000  0.000  0.000  0.000
   0.95962    -14.481645  0.000  0.000  0.000  0.000
   0.93140    -14.481699  0.000  0.000  0.000  0.000
   0.90317    -14.481763  0.000  0.000  0.000  0.000
   0.87495    -14.481834  0.000  0.000  0.000  0.000
   0.84673    -14.481910  0.000  0.000  0.000  0.000
   0.81850    -14.481988  0.000  0.000  0.000  0.000
   0.79028    -14.482067  0.000  0.000  0.000  0.000
   0.76205    -14.482145  0.000  0.000  0.000  0.000
   0.73383    -14.482219  0.000  0.000  0.000  0.000
   0.70561    -14.482288  0.000  0.000  0.000  0.000
   0.67738    -14.482350  0.000  0.000  0.000  0.000
   0.64916    -14.482403  0.000  0.000  0.000  0.000
   0.62093    -14.482445  0.000  0.000  0.000  0.000
   0.59271    -14.482475  0.000  0.000  0.000  0.000
   0.56448    -14.482494  0.000  0.000  0.000  0.000
   0.53626    -14.482501  0.000  0.000  0.000  0.000
   0.53626    -14.482501  0.000  0.000  0.000  0.000
   0.50804    -14.480027  0.000  0.000  0.000  0.000
   0.47981    -14.470938  0.000  0.000  0.000  0.000
   0.45159    -14.457534  0.000  0.000  0.000  0.000
   0.42336    -14.442445  0.000  0.000  0.000  0.000
   0.39514    -14.426801  0.000  0.000  0.000  0.000
   0.36691    -14.411200  0.000  0.000  0.000  0.000
   0.33869    -14.396019  0.000  0.000  0.000  0.000
   0.31047    -14.381521  0.000  0.000  0.000  0.000
   0.28224    -14.367903  0.000  0.000  0.000  0.000
   0.25402    -14.355323  0.000  0.000  0.000  0.000
   0.22579    -14.343899  0.000  0.000  0.000  0.000
   0.19757    -14.333724  0.000  0.000  0.000  0.000
   0.16935    -14.324862  0.000  0.000  0.000  0.000
   0.14112    -14.317357  0.000  0.000  0.000  0.000
   0.11290    -14.311228  0.000  0.000  0.000  0.000
   0.08467    -14.306479  0.000  0.000  0.000  0.000
   0.05645    -14.303104  0.000  0.000  0.000  0.000
   0.02822    -14.301088  0.000  0.000  0.000  0.000
   0.00000    -14.300418  0.000  0.000  0.000  0.000
 
# Band-Index:   15
   0.00000    -14.295132  0.000  0.000  0.000  0.000
   0.02822    -14.295802  0.000  0.000  0.000  0.000
   0.05645    -14.297819  0.000  0.000  0.000  0.000
   0.08467    -14.301197  0.000  0.000  0.000  0.000
   0.11290    -14.305949  0.000  0.000  0.000  0.000
   0.14112    -14.312081  0.000  0.000  0.000  0.000
   0.16935    -14.319580  0.000  0.000  0.000  0.000
   0.19757    -14.328424  0.000  0.000  0.000  0.000
   0.22579    -14.338564  0.000  0.000  0.000  0.000
   0.25402    -14.349932  0.000  0.000  0.000  0.000
   0.28224    -14.362433  0.000  0.000  0.000  0.000
   0.31047    -14.375941  0.000  0.000  0.000  0.000
   0.33869    -14.390289  0.000  0.000  0.000  0.000
   0.36691    -14.405254  0.000  0.000  0.000  0.000
   0.39514    -14.420521  0.000  0.000  0.000  0.000
   0.42336    -14.435604  0.000  0.000  0.000  0.000
   0.45159    -14.449652  0.000  0.000  0.000  0.000
   0.47981    -14.460927  0.000  0.000  0.000  0.000
   0.50804    -14.466153  0.000  0.000  0.000  0.000
   0.53626    -14.466441  0.000  0.000  0.000  0.000
   0.53626    -14.466441  0.000  0.000  0.000  0.000
   0.56448    -14.466052  0.000  0.000  0.000  0.000
   0.59271    -14.464888  0.000  0.000  0.000  0.000
   0.62093    -14.462958  0.000  0.000  0.000  0.000
   0.64916    -14.460278  0.000  0.000  0.000  0.000
   0.67738    -14.456866  0.000  0.000  0.000  0.000
   0.70561    -14.452745  0.000  0.000  0.000  0.000
   0.73383    -14.447936  0.000  0.000  0.000  0.000
   0.76205    -14.442466  0.000  0.000  0.000  0.000
   0.79028    -14.436354  0.000  0.000  0.000  0.000
   0.81850    -14.429616  0.000  0.000  0.000  0.000
   0.84673    -14.422262  0.000  0.000  0.000  0.000
   0.87495    -14.414296  0.000  0.000  0.000  0.000
   0.90317    -14.405720  0.000  0.000  0.000  0.000
   0.93140    -14.396548  0.000  0.000  0.000  0.000
   0.95962    -14.386830  0.000  0.000  0.000  0.000
   0.98785    -14.376711  0.000  0.000  0.000  0.000
   1.01607    -14.366585  0.000  0.000  0.000  0.000
   1.04430    -14.357633  0.000  0.000  0.000  0.000
   1.07252    -14.353415  0.000  0.000  0.000  0.000
   1.07252    -14.353415  0.000  0.000  0.000  0.000
   1.11243    -14.362112  0.000  0.000  0.000  0.000
   1.15235    -14.378767  0.000  0.000  0.000  0.000
   1.19226    -14.397548  0.000  0.000  0.000  0.000
   1.23218    -14.417383  0.000  0.000  0.000  0.000
   1.27209    -14.438009  0.000  0.000  0.000  0.000
   1.31201    -14.440882  0.000  0.000  0.000  0.000
   1.35192    -14.427660  0.000  0.000  0.000  0.000
   1.39184    -14.413338  0.000  0.000  0.000  0.000
   1.43176    -14.398289  0.000  0.000  0.000  0.000
   1.47167    -14.382909  0.000  0.000  0.000  0.000
   1.51159    -14.367617  0.000  0.000  0.000  0.000
   1.55150    -14.352837  0.000  0.000  0.000  0.000
   1.59142    -14.338990  0.000  0.000  0.000  0.000
   1.63133    -14.326477  0.000  0.000  0.000  0.000
   1.67125    -14.315671  0.000  0.000  0.000  0.000
   1.71116    -14.306900  0.000  0.000  0.000  0.000
   1.75108    -14.300433  0.000  0.000  0.000  0.000
   1.79099    -14.296468  0.000  0.000  0.000  0.000
   1.83091    -14.295132  0.000  0.000  0.000  0.000
 
# Band-Index:   16
   1.83091    -14.273404  0.000  0.000  0.000  0.000
   1.79099    -14.273478  0.000  0.000  0.000  0.000
   1.75108    -14.273706  0.000  0.000  0.000  0.000
   1.71116    -14.274082  0.000  0.000  0.000  0.000
   1.67125    -14.274602  0.000  0.000  0.000  0.000
   1.63133    -14.275263  0.000  0.000  0.000  0.000
   1.59142    -14.276059  0.000  0.000  0.000  0.000
   1.55150    -14.276998  0.000  0.000  0.000  0.000
   1.51159    -14.278097  0.000  0.000  0.000  0.000
   1.47167    -14.279388  0.000  0.000  0.000  0.000
   1.43176    -14.280912  0.000  0.000  0.000  0.000
   1.39184    -14.285485  0.000  0.000  0.000  0.000
   1.35192    -14.299748  0.000  0.000  0.000  0.000
   1.31201    -14.312916  0.000  0.000  0.000  0.000
   1.27209    -14.324654  0.000  0.000  0.000  0.000
   1.23218    -14.334672  0.000  0.000  0.000  0.000
   1.19226    -14.342724  0.000  0.000  0.000  0.000
   1.15235    -14.348615  0.000  0.000  0.000  0.000
   1.11243    -14.352209  0.000  0.000  0.000  0.000
   1.07252    -14.353415  0.000  0.000  0.000  0.000
   1.07252    -14.353415  0.000  0.000  0.000  0.000
   1.04430    -14.353427  0.000  0.000  0.000  0.000
   1.01607    -14.353461  0.000  0.000  0.000  0.000
   0.98785    -14.353519  0.000  0.000  0.000  0.000
   0.95962    -14.353597  0.000  0.000  0.000  0.000
   0.93140    -14.353693  0.000  0.000  0.000  0.000
   0.90317    -14.353806  0.000  0.000  0.000  0.000
   0.87495    -14.353932  0.000  0.000  0.000  0.000
   0.84673    -14.354067  0.000  0.000  0.000  0.000
   0.81850    -14.354207  0.000  0.000  0.000  0.000
   0.79028    -14.354348  0.000  0.000  0.000  0.000
   0.76205    -14.354487  0.000  0.000  0.000  0.000
   0.73383    -14.354619  0.000  0.000  0.000  0.000
   0.70561    -14.354743  0.000  0.000  0.000  0.000
   0.67738    -14.354852  0.000  0.000  0.000  0.000
   0.64916    -14.354947  0.000  0.000  0.000  0.000
   0.62093    -14.355022  0.000  0.000  0.000  0.000
   0.59271    -14.355077  0.000  0.000  0.000  0.000
   0.56448    -14.355111  0.000  0.000  0.000  0.000
   0.53626    -14.355123  0.000  0.000  0.000  0.000
   0.53626    -14.355123  0.000  0.000  0.000  0.000
   0.50804    -14.352089  0.000  0.000  0.000  0.000
   0.47981    -14.343823  0.000  0.000  0.000  0.000
   0.45159    -14.332037  0.000  0.000  0.000  0.000
   0.42336    -14.318242  0.000  0.000  0.000  0.000
   0.39514    -14.303468  0.000  0.000  0.000  0.000
   0.36691    -14.288395  0.000  0.000  0.000  0.000
   0.33869    -14.275107  0.000  0.000  0.000  0.000
   0.31047    -14.274736  0.000  0.000  0.000  0.000
   0.28224    -14.274633  0.000  0.000  0.000  0.000
   0.25402    -14.274531  0.000  0.000  0.000  0.000
   0.22579    -14.274419  0.000  0.000  0.000  0.000
   0.19757    -14.274296  0.000  0.000  0.000  0.000
   0.16935    -14.274160  0.000  0.000  0.000  0.000
   0.14112    -14.274009  0.000  0.000  0.000  0.000
   0.11290    -14.273848  0.000  0.000  0.000  0.000
   0.08467    -14.273686  0.000  0.000  0.000  0.000
   0.05645    -14.273542  0.000  0.000  0.000  0.000
   0.02822    -14.273440  0.000  0.000  0.000  0.000
   0.00000    -14.273404  0.000  0.000  0.000  0.000
 
# Band-Index:   17
   0.00000    -14.189243  0.000  0.000  0.000  0.000
   0.02822    -14.189361  0.000  0.000  0.000  0.000
   0.05645    -14.189761  0.000  0.000  0.000  0.000
   0.08467    -14.190614  0.000  0.000  0.000  0.000
   0.11290    -14.192371  0.000  0.000  0.000  0.000
   0.14112    -14.195896  0.000  0.000  0.000  0.000
   0.16935    -14.201947  0.000  0.000  0.000  0.000
   0.19757    -14.210358  0.000  0.000  0.000  0.000
   0.22579    -14.220591  0.000  0.000  0.000  0.000
   0.25402    -14.232258  0.000  0.000  0.000  0.000
   0.28224    -14.245090  0.000  0.000  0.000  0.000
   0.31047    -14.258856  0.000  0.000  0.000  0.000
   0.33869    -14.273063  0.000  0.000  0.000  0.000
   0.36691    -14.274803  0.000  0.000  0.000  0.000
   0.39514    -14.274881  0.000  0.000  0.000  0.000
   0.42336    -14.274935  0.000  0.000  0.000  0.000
   0.45159    -14.274972  0.000  0.000  0.000  0.000
   0.47981    -14.274998  0.000  0.000  0.000  0.000
   0.50804    -14.275015  0.000  0.000  0.000  0.000
   0.53626    -14.275020  0.000  0.000  0.000  0.000
   0.53626    -14.275020  0.000  0.000  0.000  0.000
   0.56448    -14.275108  0.000  0.000  0.000  0.000
   0.59271    -14.275371  0.000  0.000  0.000  0.000
   0.62093    -14.275814  0.000  0.000  0.000  0.000
   0.64916    -14.276445  0.000  0.000  0.000  0.000
   0.67738    -14.277275  0.000  0.000  0.000  0.000
   0.70561    -14.278316  0.000  0.000  0.000  0.000
   0.73383    -14.279581  0.000  0.000  0.000  0.000
   0.76205    -14.281088  0.000  0.000  0.000  0.000
   0.79028    -14.282843  0.000  0.000  0.000  0.000
   0.81850    -14.284849  0.000  0.000  0.000  0.000
   0.84673    -14.287097  0.000  0.000  0.000  0.000
   0.87495    -14.289557  0.000  0.000  0.000  0.000
   0.90317    -14.292174  0.000  0.000  0.000  0.000
   0.93140    -14.294861  0.000  0.000  0.000  0.000
   0.95962    -14.297510  0.000  0.000  0.000  0.000
   0.98785    -14.300163  0.000  0.000  0.000  0.000
   1.01607    -14.306676  0.000  0.000  0.000  0.000
   1.04430    -14.316204  0.000  0.000  0.000  0.000
   1.07252    -14.320693  0.000  0.000  0.000  0.000
   1.07252    -14.320693  0.000  0.000  0.000  0.000
   1.11243    -14.312710  0.000  0.000  0.000  0.000
   1.15235    -14.300991  0.000  0.000  0.000  0.000
   1.19226    -14.297151  0.000  0.000  0.000  0.000
   1.23218    -14.293673  0.000  0.000  0.000  0.000
   1.27209    -14.290369  0.000  0.000  0.000  0.000
   1.31201    -14.287414  0.000  0.000  0.000  0.000
   1.35192    -14.284868  0.000  0.000  0.000  0.000
   1.39184    -14.282719  0.000  0.000  0.000  0.000
   1.43176    -14.270498  0.000  0.000  0.000  0.000
   1.47167    -14.255182  0.000  0.000  0.000  0.000
   1.51159    -14.239955  0.000  0.000  0.000  0.000
   1.55150    -14.225238  0.000  0.000  0.000  0.000
   1.59142    -14.211449  0.000  0.000  0.000  0.000
   1.63133    -14.198990  0.000  0.000  0.000  0.000
   1.67125    -14.193000  0.000  0.000  0.000  0.000
   1.71116    -14.191334  0.000  0.000  0.000  0.000
   1.75108    -14.190165  0.000  0.000  0.000  0.000
   1.79099    -14.189472  0.000  0.000  0.000  0.000
   1.83091    -14.189243  0.000  0.000  0.000  0.000
 
# Band-Index:   18
   1.83091    -14.167783  0.000  0.000  0.000  0.000
   1.79099    -14.169113  0.000  0.000  0.000  0.000
   1.75108    -14.173060  0.000  0.000  0.000  0.000
   1.71116    -14.179499  0.000  0.000  0.000  0.000
   1.67125    -14.188232  0.000  0.000  0.000  0.000
   1.63133    -14.195197  0.000  0.000  0.000  0.000
   1.59142    -14.197976  0.000  0.000  0.000  0.000
   1.55150    -14.201411  0.000  0.000  0.000  0.000
   1.51159    -14.205605  0.000  0.000  0.000  0.000
   1.47167    -14.210679  0.000  0.000  0.000  0.000
   1.43176    -14.216783  0.000  0.000  0.000  0.000
   1.39184    -14.224081  0.000  0.000  0.000  0.000
   1.35192    -14.232737  0.000  0.000  0.000  0.000
   1.31201    -14.242875  0.000  0.000  0.000  0.000
   1.27209    -14.254548  0.000  0.000  0.000  0.000
   1.23218    -14.267701  0.000  0.000  0.000  0.000
   1.19226    -14.282092  0.000  0.000  0.000  0.000
   1.15235    -14.296659  0.000  0.000  0.000  0.000
   1.11243    -14.301935  0.000  0.000  0.000  0.000
   1.07252    -14.302876  0.000  0.000  0.000  0.000
   1.07252    -14.302876  0.000  0.000  0.000  0.000
   1.04430    -14.302408  0.000  0.000  0.000  0.000
   1.01607    -14.300836  0.000  0.000  0.000  0.000
   0.98785    -14.293872  0.000  0.000  0.000  0.000
   0.95962    -14.282138  0.000  0.000  0.000  0.000
   0.93140    -14.270218  0.000  0.000  0.000  0.000
   0.90317    -14.258634  0.000  0.000  0.000  0.000
   0.87495    -14.247630  0.000  0.000  0.000  0.000
   0.84673    -14.237371  0.000  0.000  0.000  0.000
   0.81850    -14.227979  0.000  0.000  0.000  0.000
   0.79028    -14.219540  0.000  0.000  0.000  0.000
   0.76205    -14.212101  0.000  0.000  0.000  0.000
   0.73383    -14.205669  0.000  0.000  0.000  0.000
   0.70561    -14.200227  0.000  0.000  0.000  0.000
   0.67738    -14.195734  0.000  0.000  0.000  0.000
   0.64916    -14.192143  0.000  0.000  0.000  0.000
   0.62093    -14.189405  0.000  0.000  0.000  0.000
   0.59271    -14.187479  0.000  0.000  0.000  0.000
   0.56448    -14.186336  0.000  0.000  0.000  0.000
   0.53626    -14.185957  0.000  0.000  0.000  0.000
   0.53626    -14.185957  0.000  0.000  0.000  0.000
   0.50804    -14.185954  0.000  0.000  0.000  0.000
   0.47981    -14.185947  0.000  0.000  0.000  0.000
   0.45159    -14.185933  0.000  0.000  0.000  0.000
   0.42336    -14.185910  0.000  0.000  0.000  0.000
   0.39514    -14.185873  0.000  0.000  0.000  0.000
   0.36691    -14.185816  0.000  0.000  0.000  0.000
   0.33869    -14.185733  0.000  0.000  0.000  0.000
   0.31047    -14.185611  0.000  0.000  0.000  0.000
   0.28224    -14.185431  0.000  0.000  0.000  0.000
   0.25402    -14.185158  0.000  0.000  0.000  0.000
   0.22579    -14.184729  0.000  0.000  0.000  0.000
   0.19757    -14.184010  0.000  0.000  0.000  0.000
   0.16935    -14.182730  0.000  0.000  0.000  0.000
   0.14112    -14.180449  0.000  0.000  0.000  0.000
   0.11290    -14.177075  0.000  0.000  0.000  0.000
   0.08467    -14.173419  0.000  0.000  0.000  0.000
   0.05645    -14.170386  0.000  0.000  0.000  0.000
   0.02822    -14.168445  0.000  0.000  0.000  0.000
   0.00000    -14.167783  0.000  0.000  0.000  0.000
 
# Band-Index:   19
   0.00000    -14.125270  0.004  0.000  0.000  0.004
   0.02822    -14.125413  0.004  0.000  0.000  0.004
   0.05645    -14.125837  0.004  0.000  0.000  0.004
   0.08467    -14.126513  0.004  0.000  0.000  0.004
   0.11290    -14.127405  0.004  0.000  0.000  0.004
   0.14112    -14.128468  0.004  0.000  0.000  0.004
   0.16935    -14.129646  0.004  0.000  0.000  0.004
   0.19757    -14.130889  0.004  0.000  0.000  0.004
   0.22579    -14.132145  0.004  0.000  0.000  0.004
   0.25402    -14.133371  0.004  0.000  0.000  0.004
   0.28224    -14.134536  0.003  0.000  0.000  0.003
   0.31047    -14.135610  0.003  0.000  0.000  0.003
   0.33869    -14.136578  0.002  0.000  0.000  0.002
   0.36691    -14.137425  0.002  0.000  0.000  0.002
   0.39514    -14.138145  0.002  0.000  0.000  0.002
   0.42336    -14.138734  0.002  0.000  0.000  0.002
   0.45159    -14.139191  0.002  0.000  0.000  0.002
   0.47981    -14.139517  0.002  0.000  0.000  0.002
   0.50804    -14.139712  0.002  0.000  0.000  0.002
   0.53626    -14.139778  0.002  0.000  0.000  0.002
   0.53626    -14.139778  0.002  0.000  0.000  0.002
   0.56448    -14.140119  0.002  0.000  0.000  0.002
   0.59271    -14.141141  0.002  0.000  0.000  0.002
   0.62093    -14.142832  0.002  0.000  0.000  0.002
   0.64916    -14.145170  0.002  0.000  0.000  0.002
   0.67738    -14.148119  0.001  0.000  0.000  0.001
   0.70561    -14.151628  0.001  0.000  0.000  0.001
   0.73383    -14.155622  0.001  0.000  0.000  0.001
   0.76205    -14.160001  0.001  0.000  0.000  0.001
   0.79028    -14.164642  0.000  0.000  0.000  0.000
   0.81850    -14.169419  0.000  0.000  0.000  0.000
   0.84673    -14.174198  0.000  0.000  0.000  0.000
   0.87495    -14.178847  0.000  0.000  0.000  0.000
   0.90317    -14.183240  0.000  0.000  0.000  0.000
   0.93140    -14.187247  0.000  0.000  0.000  0.000
   0.95962    -14.190740  0.000  0.000  0.000  0.000
   0.98785    -14.193601  0.000  0.000  0.000  0.000
   1.01607    -14.195726  0.000  0.000  0.000  0.000
   1.04430    -14.197036  0.000  0.000  0.000  0.000
   1.07252    -14.197479  0.001  0.000  0.000  0.001
   1.07252    -14.197479  0.001  0.000  0.000  0.001
   1.11243    -14.196599  0.000  0.000  0.000  0.000
   1.15235    -14.194049  0.000  0.000  0.000  0.000
   1.19226    -14.190074  0.000  0.000  0.000  0.000
   1.23218    -14.185008  0.000  0.000  0.000  0.000
   1.27209    -14.179204  0.000  0.000  0.000  0.000
   1.31201    -14.172989  0.000  0.000  0.000  0.000
   1.35192    -14.166644  0.000  0.000  0.000  0.000
   1.39184    -14.160403  0.001  0.000  0.000  0.001
   1.43176    -14.154456  0.001  0.000  0.000  0.001
   1.47167    -14.148942  0.001  0.000  0.000  0.001
   1.51159    -14.143958  0.002  0.000  0.000  0.002
   1.55150    -14.139551  0.002  0.000  0.000  0.002
   1.59142    -14.135742  0.003  0.000  0.000  0.003
   1.63133    -14.132530  0.004  0.000  0.000  0.004
   1.67125    -14.129911  0.004  0.000  0.000  0.004
   1.71116    -14.127877  0.004  0.000  0.000  0.004
   1.75108    -14.126427  0.004  0.000  0.000  0.004
   1.79099    -14.125558  0.004  0.000  0.000  0.004
   1.83091    -14.125270  0.004  0.000  0.000  0.004
 
# Band-Index:   20
   1.83091    -14.118066  0.004  0.000  0.000  0.004
   1.79099    -14.118407  0.004  0.000  0.000  0.004
   1.75108    -14.119425  0.004  0.000  0.000  0.004
   1.71116    -14.121118  0.004  0.000  0.000  0.004
   1.67125    -14.123473  0.004  0.000  0.000  0.004
   1.63133    -14.126479  0.003  0.000  0.000  0.003
   1.59142    -14.130111  0.002  0.000  0.000  0.002
   1.55150    -14.134337  0.002  0.000  0.000  0.002
   1.51159    -14.139118  0.002  0.000  0.000  0.002
   1.47167    -14.144391  0.001  0.000  0.000  0.001
   1.43176    -14.150090  0.001  0.000  0.000  0.001
   1.39184    -14.156127  0.001  0.000  0.000  0.001
   1.35192    -14.162399  0.000  0.000  0.000  0.000
   1.31201    -14.168753  0.000  0.000  0.000  0.000
   1.27209    -14.174972  0.000  0.000  0.000  0.000
   1.23218    -14.180783  0.000  0.000  0.000  0.000
   1.19226    -14.185855  0.000  0.000  0.000  0.000
   1.15235    -14.189835  0.000  0.000  0.000  0.000
   1.11243    -14.192387  0.000  0.000  0.000  0.000
   1.07252    -14.193268  0.001  0.000  0.000  0.001
   1.07252    -14.193268  0.001  0.000  0.000  0.001
   1.04430    -14.192825  0.000  0.000  0.000  0.000
   1.01607    -14.191514  0.000  0.000  0.000  0.000
   0.98785    -14.189387  0.000  0.000  0.000  0.000
   0.95962    -14.186522  0.000  0.000  0.000  0.000
   0.93140    -14.183024  0.000  0.000  0.000  0.000
   0.90317    -14.179011  0.000  0.000  0.000  0.000
   0.87495    -14.174613  0.000  0.000  0.000  0.000
   0.84673    -14.169958  0.000  0.000  0.000  0.000
   0.81850    -14.165174  0.000  0.000  0.000  0.000
   0.79028    -14.160382  0.000  0.000  0.000  0.000
   0.76205    -14.155697  0.001  0.000  0.000  0.001
   0.73383    -14.151223  0.001  0.000  0.000  0.001
   0.70561    -14.147060  0.001  0.000  0.000  0.001
   0.67738    -14.143312  0.001  0.000  0.000  0.001
   0.64916    -14.140081  0.001  0.000  0.000  0.001
   0.62093    -14.137461  0.002  0.000  0.000  0.002
   0.59271    -14.135530  0.002  0.000  0.000  0.002
   0.56448    -14.134349  0.002  0.000  0.000  0.002
   0.53626    -14.133955  0.002  0.000  0.000  0.002
   0.53626    -14.133955  0.002  0.000  0.000  0.002
   0.50804    -14.133883  0.002  0.000  0.000  0.002
   0.47981    -14.133677  0.002  0.000  0.000  0.002
   0.45159    -14.133333  0.002  0.000  0.000  0.002
   0.42336    -14.132850  0.002  0.000  0.000  0.002
   0.39514    -14.132227  0.002  0.000  0.000  0.002
   0.36691    -14.131466  0.002  0.000  0.000  0.002
   0.33869    -14.130567  0.002  0.000  0.000  0.002
   0.31047    -14.129536  0.002  0.000  0.000  0.002
   0.28224    -14.128386  0.002  0.000  0.000  0.002
   0.25402    -14.127132  0.002  0.000  0.000  0.002
   0.22579    -14.125800  0.003  0.000  0.000  0.003
   0.19757    -14.124426  0.004  0.000  0.000  0.004
   0.16935    -14.123053  0.004  0.000  0.000  0.004
   0.14112    -14.121737  0.004  0.000  0.000  0.004
   0.11290    -14.120535  0.004  0.000  0.000  0.004
   0.08467    -14.119513  0.004  0.000  0.000  0.004
   0.05645    -14.118730  0.004  0.000  0.000  0.004
   0.02822    -14.118236  0.004  0.000  0.000  0.004
   0.00000    -14.118066  0.004  0.000  0.000  0.004
 
# Band-Index:   21
   0.00000    -13.828735  0.768  0.001  0.000  0.768
   0.02822    -13.828818  0.768  0.001  0.000  0.768
   0.05645    -13.829067  0.768  0.001  0.000  0.768
   0.08467    -13.829470  0.768  0.001  0.000  0.768
   0.11290    -13.830013  0.768  0.001  0.000  0.768
   0.14112    -13.830678  0.768  0.001  0.000  0.769
   0.16935    -13.831442  0.768  0.001  0.000  0.769
   0.19757    -13.832280  0.768  0.001  0.000  0.769
   0.22579    -13.833164  0.768  0.001  0.000  0.769
   0.25402    -13.834067  0.768  0.001  0.000  0.769
   0.28224    -13.834962  0.768  0.001  0.000  0.769
   0.31047    -13.835827  0.768  0.001  0.000  0.769
   0.33869    -13.836639  0.768  0.001  0.000  0.769
   0.36691    -13.837379  0.768  0.001  0.000  0.769
   0.39514    -13.838031  0.768  0.001  0.000  0.769
   0.42336    -13.838582  0.768  0.001  0.000  0.769
   0.45159    -13.839021  0.768  0.001  0.000  0.768
   0.47981    -13.839339  0.768  0.001  0.000  0.768
   0.50804    -13.839533  0.768  0.001  0.000  0.768
   0.53626    -13.839598  0.768  0.001  0.000  0.768
   0.53626    -13.839598  0.768  0.001  0.000  0.768
   0.56448    -13.839731  0.768  0.001  0.000  0.768
   0.59271    -13.840129  0.768  0.001  0.000  0.769
   0.62093    -13.840783  0.769  0.001  0.000  0.769
   0.64916    -13.841676  0.769  0.001  0.000  0.770
   0.67738    -13.842786  0.770  0.001  0.000  0.771
   0.70561    -13.844087  0.772  0.001  0.000  0.772
   0.73383    -13.845546  0.773  0.001  0.000  0.773
   0.76205    -13.847128  0.774  0.001  0.000  0.775
   0.79028    -13.848789  0.776  0.001  0.000  0.776
   0.81850    -13.850488  0.777  0.001  0.000  0.778
   0.84673    -13.852178  0.778  0.001  0.000  0.779
   0.87495    -13.853810  0.780  0.001  0.000  0.780
   0.90317    -13.855339  0.781  0.001  0.000  0.782
   0.93140    -13.856722  0.782  0.001  0.000  0.783
   0.95962    -13.857916  0.783  0.001  0.000  0.784
   0.98785    -13.858886  0.784  0.001  0.000  0.784
   1.01607    -13.859601  0.784  0.001  0.000  0.785
   1.04430    -13.860040  0.785  0.001  0.000  0.785
   1.07252    -13.860188  0.785  0.001  0.000  0.785
   1.07252    -13.860188  0.785  0.001  0.000  0.785
   1.11243    -13.859893  0.784  0.001  0.000  0.785
   1.15235    -13.859027  0.784  0.001  0.000  0.785
   1.19226    -13.857644  0.783  0.001  0.000  0.784
   1.23218    -13.855824  0.782  0.001  0.000  0.782
   1.27209    -13.853658  0.780  0.001  0.000  0.781
   1.31201    -13.851250  0.778  0.001  0.000  0.779
   1.35192    -13.848696  0.777  0.001  0.000  0.777
   1.39184    -13.846089  0.775  0.001  0.000  0.776
   1.43176    -13.843505  0.774  0.001  0.000  0.774
   1.47167    -13.841005  0.772  0.001  0.000  0.773
   1.51159    -13.838646  0.771  0.001  0.000  0.772
   1.55150    -13.836470  0.770  0.001  0.000  0.771
   1.59142    -13.834513  0.770  0.001  0.000  0.770
   1.63133    -13.832805  0.769  0.001  0.000  0.770
   1.67125    -13.831369  0.768  0.001  0.000  0.769
   1.71116    -13.830230  0.768  0.001  0.000  0.769
   1.75108    -13.829404  0.768  0.001  0.000  0.768
   1.79099    -13.828903  0.768  0.001  0.000  0.768
   1.83091    -13.828735  0.768  0.001  0.000  0.768
 
# Band-Index:   22
   1.83091    -13.826835  0.767  0.001  0.000  0.768
   1.79099    -13.827002  0.768  0.001  0.000  0.768
   1.75108    -13.827504  0.768  0.001  0.000  0.768
   1.71116    -13.828331  0.768  0.001  0.000  0.769
   1.67125    -13.829471  0.768  0.001  0.000  0.769
   1.63133    -13.830908  0.769  0.001  0.000  0.769
   1.59142    -13.832618  0.769  0.001  0.000  0.770
   1.55150    -13.834576  0.770  0.001  0.000  0.771
   1.51159    -13.836755  0.771  0.001  0.000  0.772
   1.47167    -13.839116  0.772  0.001  0.000  0.773
   1.43176    -13.841618  0.774  0.001  0.000  0.774
   1.39184    -13.844205  0.775  0.001  0.000  0.776
   1.35192    -13.846815  0.777  0.001  0.000  0.777
   1.31201    -13.849371  0.778  0.001  0.000  0.779
   1.27209    -13.851782  0.780  0.001  0.000  0.781
   1.23218    -13.853950  0.781  0.001  0.000  0.782
   1.19226    -13.855772  0.783  0.001  0.000  0.784
   1.15235    -13.857156  0.784  0.001  0.000  0.785
   1.11243    -13.858023  0.784  0.001  0.000  0.785
   1.07252    -13.858318  0.785  0.001  0.000  0.785
   1.07252    -13.858318  0.785  0.001  0.000  0.785
   1.04430    -13.858170  0.785  0.001  0.000  0.785
   1.01607    -13.857731  0.784  0.001  0.000  0.785
   0.98785    -13.857015  0.784  0.001  0.000  0.784
   0.95962    -13.856044  0.783  0.001  0.000  0.784
   0.93140    -13.854848  0.782  0.001  0.000  0.783
   0.90317    -13.853464  0.781  0.001  0.000  0.782
   0.87495    -13.851933  0.780  0.001  0.000  0.780
   0.84673    -13.850299  0.778  0.001  0.000  0.779
   0.81850    -13.848607  0.777  0.001  0.000  0.778
   0.79028    -13.846906  0.776  0.001  0.000  0.776
   0.76205    -13.845242  0.774  0.001  0.000  0.775
   0.73383    -13.843659  0.773  0.001  0.000  0.773
   0.70561    -13.842197  0.772  0.001  0.000  0.772
   0.67738    -13.840894  0.770  0.001  0.000  0.771
   0.64916    -13.839782  0.769  0.001  0.000  0.770
   0.62093    -13.838888  0.769  0.001  0.000  0.769
   0.59271    -13.838233  0.768  0.001  0.000  0.769
   0.56448    -13.837835  0.768  0.001  0.000  0.768
   0.53626    -13.837701  0.768  0.001  0.000  0.768
   0.53626    -13.837701  0.768  0.001  0.000  0.768
   0.50804    -13.837636  0.768  0.001  0.000  0.768
   0.47981    -13.837443  0.768  0.001  0.000  0.768
   0.45159    -13.837124  0.768  0.001  0.000  0.768
   0.42336    -13.836686  0.768  0.001  0.000  0.768
   0.39514    -13.836135  0.768  0.001  0.000  0.769
   0.36691    -13.835482  0.768  0.001  0.000  0.769
   0.33869    -13.834742  0.768  0.001  0.000  0.769
   0.31047    -13.833930  0.768  0.001  0.000  0.769
   0.28224    -13.833065  0.768  0.001  0.000  0.769
   0.25402    -13.832170  0.768  0.001  0.000  0.769
   0.22579    -13.831267  0.768  0.001  0.000  0.769
   0.19757    -13.830383  0.768  0.001  0.000  0.769
   0.16935    -13.829544  0.768  0.001  0.000  0.769
   0.14112    -13.828780  0.768  0.001  0.000  0.769
   0.11290    -13.828114  0.768  0.001  0.000  0.768
   0.08467    -13.827570  0.768  0.001  0.000  0.768
   0.05645    -13.827167  0.768  0.001  0.000  0.768
   0.02822    -13.826918  0.768  0.001  0.000  0.768
   0.00000    -13.826835  0.767  0.001  0.000  0.768
 
# Band-Index:   23
   0.00000     -8.314123  0.000  0.773  0.000  0.773
   0.02822     -8.314418  0.000  0.773  0.000  0.773
   0.05645     -8.315266  0.000  0.772  0.000  0.772
   0.08467     -8.316575  0.000  0.771  0.000  0.771
   0.11290     -8.318227  0.000  0.769  0.000  0.769
   0.14112     -8.320108  0.000  0.768  0.000  0.768
   0.16935     -8.322117  0.000  0.766  0.000  0.766
   0.19757     -8.324172  0.000  0.764  0.000  0.764
   0.22579     -8.326205  0.000  0.762  0.000  0.762
   0.25402     -8.328160  0.000  0.760  0.000  0.760
   0.28224     -8.329992  0.000  0.759  0.000  0.759
   0.31047     -8.331663  0.000  0.757  0.000  0.757
   0.33869     -8.333144  0.000  0.756  0.000  0.756
   0.36691     -8.334415  0.000  0.754  0.000  0.754
   0.39514     -8.335462  0.000  0.753  0.000  0.753
   0.42336     -8.336280  0.000  0.753  0.000  0.753
   0.45159     -8.336875  0.000  0.752  0.000  0.752
   0.47981     -8.337265  0.000  0.752  0.000  0.753
   0.50804     -8.337478  0.000  0.753  0.000  0.753
   0.53626     -8.337545  0.000  0.753  0.000  0.753
   0.53626     -8.337545  0.000  0.753  0.000  0.753
   0.56448     -8.337846  0.000  0.753  0.000  0.753
   0.59271     -8.338729  0.000  0.752  0.000  0.752
   0.62093     -8.340136  0.000  0.750  0.000  0.750
   0.64916     -8.341982  0.000  0.748  0.000  0.748
   0.67738     -8.378570  0.002  0.009  0.000  0.011
   0.70561     -8.423240  0.002  0.005  0.000  0.006
   0.73383     -8.471589  0.002  0.004  0.000  0.005
   0.76205     -8.521868  0.002  0.002  0.000  0.003
   0.79028     -8.572511  0.002  0.002  0.000  0.003
   0.81850     -8.622121  0.002  0.002  0.000  0.003
   0.84673     -8.669478  0.002  0.002  0.000  0.003
   0.87495     -8.713528  0.002  0.002  0.000  0.003
   0.90317     -8.753378  0.002  0.002  0.000  0.003
   0.93140     -8.788284  0.002  0.002  0.000  0.003
   0.95962     -8.817638  0.002  0.002  0.000  0.003
   0.98785     -8.840950  0.002  0.002  0.000  0.003
   1.01607     -8.857858  0.002  0.002  0.000  0.003
   1.04430     -8.868109  0.002  0.002  0.000  0.003
   1.07252     -8.871543  0.002  0.002  0.000  0.003
   1.07252     -8.871543  0.002  0.002  0.000  0.003
   1.11243     -8.864675  0.002  0.002  0.000  0.003
   1.15235     -8.844184  0.002  0.002  0.000  0.003
   1.19226     -8.810382  0.002  0.002  0.000  0.003
   1.23218     -8.763783  0.002  0.002  0.000  0.003
   1.27209     -8.705104  0.002  0.002  0.000  0.003
   1.31201     -8.635273  0.002  0.002  0.000  0.003
   1.35192     -8.555448  0.002  0.002  0.000  0.003
   1.39184     -8.467151  0.002  0.006  0.000  0.007
   1.43176     -8.374051  0.002  0.069  0.000  0.071
   1.47167     -8.344079  0.001  0.734  0.000  0.735
   1.51159     -8.339027  0.000  0.747  0.000  0.747
   1.55150     -8.334364  0.000  0.753  0.000  0.753
   1.59142     -8.329942  0.000  0.758  0.000  0.758
   1.63133     -8.325826  0.000  0.762  0.000  0.762
   1.67125     -8.322110  0.000  0.766  0.000  0.766
   1.71116     -8.318908  0.000  0.769  0.000  0.769
   1.75108     -8.316375  0.000  0.771  0.000  0.771
   1.79099     -8.314710  0.000  0.773  0.000  0.773
   1.83091     -8.314123  0.000  0.773  0.000  0.773
 
# Band-Index:   24
   1.83091     -8.311511  0.000  0.773  0.000  0.773
   1.79099     -8.312098  0.000  0.773  0.000  0.773
   1.75108     -8.313761  0.000  0.771  0.000  0.771
   1.71116     -8.316293  0.000  0.769  0.000  0.769
   1.67125     -8.319491  0.000  0.766  0.000  0.766
   1.63133     -8.323203  0.000  0.762  0.000  0.762
   1.59142     -8.327314  0.000  0.759  0.000  0.759
   1.55150     -8.331730  0.000  0.754  0.000  0.754
   1.51159     -8.336385  0.000  0.748  0.000  0.748
   1.47167     -8.341393  0.001  0.736  0.000  0.737
   1.43176     -8.348472  0.000  0.709  0.000  0.711
   1.39184     -8.379465  0.006  0.113  0.000  0.119
   1.35192     -8.463925  0.006  0.012  0.000  0.018
   1.31201     -8.543626  0.005  0.006  0.000  0.011
   1.27209     -8.613657  0.006  0.004  0.000  0.009
   1.23218     -8.672541  0.006  0.004  0.000  0.009
   1.19226     -8.719293  0.006  0.004  0.000  0.009
   1.15235     -8.753195  0.006  0.004  0.000  0.009
   1.11243     -8.773735  0.006  0.004  0.000  0.009
   1.07252     -8.780617  0.006  0.004  0.000  0.009
   1.07252     -8.780617  0.006  0.004  0.000  0.009
   1.04430     -8.777174  0.006  0.004  0.000  0.009
   1.01607     -8.766904  0.006  0.004  0.000  0.009
   0.98785     -8.749949  0.006  0.004  0.000  0.009
   0.95962     -8.726558  0.006  0.004  0.000  0.009
   0.93140     -8.697090  0.006  0.004  0.000  0.009
   0.90317     -8.662023  0.006  0.004  0.000  0.009
   0.87495     -8.621965  0.006  0.004  0.000  0.009
   0.84673     -8.577660  0.006  0.004  0.000  0.009
   0.81850     -8.530022  0.006  0.006  0.000  0.012
   0.79028     -8.480166  0.006  0.008  0.000  0.014
   0.76205     -8.429470  0.006  0.012  0.000  0.018
   0.73383     -8.379782  0.006  0.025  0.000  0.031
   0.70561     -8.346571  0.000  0.744  0.000  0.744
   0.67738     -8.344164  0.000  0.746  0.000  0.746
   0.64916     -8.339609  0.002  0.027  0.000  0.029
   0.62093     -8.337495  0.000  0.751  0.000  0.751
   0.59271     -8.336089  0.000  0.752  0.000  0.752
   0.56448     -8.335207  0.000  0.753  0.000  0.753
   0.53626     -8.334907  0.000  0.753  0.000  0.753
   0.53626     -8.334907  0.000  0.753  0.000  0.753
   0.50804     -8.334840  0.000  0.753  0.000  0.753
   0.47981     -8.334626  0.000  0.753  0.000  0.753
   0.45159     -8.334236  0.000  0.753  0.000  0.753
   0.42336     -8.333642  0.000  0.753  0.000  0.753
   0.39514     -8.332825  0.000  0.754  0.000  0.754
   0.36691     -8.331780  0.000  0.755  0.000  0.755
   0.33869     -8.330512  0.000  0.756  0.000  0.756
   0.31047     -8.329032  0.000  0.757  0.000  0.757
   0.28224     -8.327364  0.000  0.759  0.000  0.759
   0.25402     -8.325534  0.000  0.761  0.000  0.761
   0.22579     -8.323582  0.000  0.762  0.000  0.762
   0.19757     -8.321551  0.000  0.764  0.000  0.764
   0.16935     -8.319498  0.000  0.766  0.000  0.766
   0.14112     -8.317491  0.000  0.768  0.000  0.768
   0.11290     -8.315612  0.000  0.769  0.000  0.769
   0.08467     -8.313962  0.000  0.771  0.000  0.771
   0.05645     -8.312654  0.000  0.772  0.000  0.772
   0.02822     -8.311806  0.000  0.773  0.000  0.773
   0.00000     -8.311511  0.000  0.773  0.000  0.773
 
# Band-Index:   25
   0.00000     -8.287655  0.000  0.765  0.000  0.765
   0.02822     -8.287572  0.000  0.765  0.000  0.765
   0.05645     -8.287326  0.000  0.765  0.000  0.765
   0.08467     -8.286922  0.000  0.765  0.000  0.765
   0.11290     -8.286372  0.000  0.766  0.000  0.766
   0.14112     -8.285690  0.000  0.766  0.000  0.766
   0.16935     -8.284895  0.000  0.766  0.000  0.766
   0.19757     -8.284008  0.000  0.766  0.000  0.766
   0.22579     -8.283055  0.000  0.766  0.000  0.766
   0.25402     -8.282060  0.000  0.767  0.000  0.767
   0.28224     -8.281719  0.001  0.750  0.000  0.751
   0.31047     -8.281644  0.002  0.746  0.000  0.747
   0.33869     -8.281749  0.002  0.742  0.000  0.743
   0.36691     -8.282033  0.002  0.737  0.000  0.739
   0.39514     -8.282497  0.003  0.731  0.000  0.733
   0.42336     -8.283149  0.003  0.722  0.000  0.725
   0.45159     -8.284012  0.003  0.706  0.000  0.709
   0.47981     -8.285098  0.003  0.678  0.000  0.681
   0.50804     -8.286208  0.004  0.639  0.000  0.643
   0.53626     -8.286719  0.004  0.620  0.000  0.624
   0.53626     -8.286719  0.004  0.620  0.000  0.624
   0.56448     -8.287679  0.004  0.582  0.000  0.586
   0.59271     -8.292544  0.004  0.397  0.000  0.401
   0.62093     -8.309247  0.003  0.109  0.000  0.112
   0.64916     -8.339338  0.000  0.749  0.000  0.749
   0.67738     -8.341517  0.000  0.747  0.000  0.747
   0.70561     -8.343922  0.000  0.744  0.000  0.744
   0.73383     -8.349098  0.000  0.741  0.000  0.741
   0.76205     -8.351645  0.000  0.739  0.000  0.739
   0.79028     -8.354125  0.000  0.736  0.000  0.736
   0.81850     -8.380219  0.010  0.040  0.000  0.051
   0.84673     -8.426118  0.010  0.020  0.000  0.031
   0.87495     -8.469697  0.010  0.013  0.000  0.024
   0.90317     -8.509384  0.010  0.010  0.000  0.020
   0.93140     -8.544225  0.010  0.010  0.000  0.020
   0.95962     -8.573536  0.010  0.008  0.000  0.018
   0.98785     -8.596814  0.010  0.008  0.000  0.018
   1.01607     -8.613690  0.010  0.008  0.000  0.018
   1.04430     -8.623914  0.010  0.008  0.000  0.018
   1.07252     -8.627339  0.010  0.008  0.000  0.018
   1.07252     -8.627339  0.010  0.008  0.000  0.018
   1.11243     -8.620491  0.010  0.008  0.000  0.018
   1.15235     -8.600050  0.010  0.008  0.000  0.018
   1.19226     -8.566332  0.010  0.008  0.000  0.018
   1.23218     -8.519901  0.010  0.010  0.000  0.020
   1.27209     -8.461740  0.010  0.016  0.000  0.026
   1.31201     -8.394601  0.010  0.066  0.000  0.076
   1.35192     -8.356503  0.001  0.686  0.000  0.688
   1.39184     -8.350519  0.000  0.722  0.000  0.722
   1.43176     -8.343309  0.000  0.683  0.000  0.683
   1.47167     -8.287801  0.000  0.769  0.000  0.769
   1.51159     -8.287447  0.000  0.769  0.000  0.769
   1.55150     -8.287237  0.000  0.769  0.000  0.769
   1.59142     -8.287158  0.000  0.769  0.000  0.769
   1.63133     -8.287184  0.000  0.768  0.000  0.768
   1.67125     -8.287281  0.000  0.767  0.000  0.767
   1.71116     -8.287411  0.000  0.766  0.000  0.766
   1.75108     -8.287535  0.000  0.766  0.000  0.766
   1.79099     -8.287623  0.000  0.765  0.000  0.765
   1.83091     -8.287655  0.000  0.765  0.000  0.765
 
# Band-Index:   26
   1.83091     -8.287655  0.000  0.765  0.000  0.765
   1.79099     -8.287178  0.000  0.765  0.000  0.765
   1.75108     -8.285869  0.000  0.764  0.000  0.764
   1.71116     -8.284813  0.000  0.766  0.000  0.766
   1.67125     -8.284685  0.000  0.767  0.000  0.767
   1.63133     -8.284590  0.000  0.768  0.000  0.768
   1.59142     -8.284566  0.000  0.769  0.000  0.769
   1.55150     -8.284647  0.000  0.769  0.000  0.769
   1.51159     -8.284857  0.000  0.769  0.000  0.769
   1.47167     -8.285211  0.000  0.769  0.000  0.769
   1.43176     -8.291151  0.004  0.394  0.000  0.399
   1.39184     -8.344807  0.000  0.652  0.000  0.652
   1.35192     -8.352265  0.000  0.722  0.000  0.722
   1.31201     -8.357387  0.000  0.715  0.000  0.715
   1.27209     -8.368569  0.006  0.238  0.000  0.244
   1.23218     -8.422780  0.010  0.018  0.000  0.027
   1.19226     -8.469103  0.010  0.010  0.000  0.019
   1.15235     -8.502895  0.010  0.008  0.000  0.017
   1.11243     -8.523400  0.010  0.008  0.000  0.017
   1.07252     -8.530272  0.010  0.008  0.000  0.017
   1.07252     -8.530272  0.010  0.008  0.000  0.017
   1.04430     -8.526836  0.010  0.008  0.000  0.017
   1.01607     -8.516574  0.010  0.008  0.000  0.017
   0.98785     -8.499640  0.010  0.008  0.000  0.017
   0.95962     -8.476293  0.010  0.010  0.000  0.019
   0.93140     -8.446933  0.010  0.012  0.000  0.021
   0.90317     -8.412163  0.010  0.016  0.000  0.026
   0.87495     -8.373046  0.010  0.033  0.000  0.043
   0.84673     -8.358608  0.000  0.731  0.000  0.731
   0.81850     -8.356465  0.000  0.734  0.000  0.734
   0.79028     -8.351465  0.000  0.737  0.000  0.737
   0.76205     -8.348989  0.000  0.739  0.000  0.739
   0.73383     -8.346445  0.000  0.742  0.000  0.742
   0.70561     -8.334366  0.006  0.086  0.000  0.092
   0.67738     -8.302184  0.006  0.359  0.000  0.365
   0.64916     -8.290309  0.005  0.609  0.000  0.614
   0.62093     -8.286311  0.004  0.674  0.000  0.678
   0.59271     -8.284269  0.003  0.689  0.000  0.693
   0.56448     -8.283134  0.004  0.694  0.000  0.698
   0.53626     -8.282770  0.004  0.697  0.000  0.701
   0.53626     -8.282770  0.004  0.697  0.000  0.701
   0.50804     -8.282556  0.003  0.699  0.000  0.703
   0.47981     -8.281975  0.003  0.706  0.000  0.709
   0.45159     -8.281210  0.003  0.716  0.000  0.719
   0.42336     -8.280464  0.003  0.725  0.000  0.727
   0.39514     -8.279848  0.003  0.733  0.000  0.735
   0.36691     -8.279397  0.002  0.738  0.000  0.740
   0.33869     -8.279120  0.002  0.743  0.000  0.744
   0.31047     -8.280054  0.000  0.768  0.000  0.768
   0.28224     -8.281051  0.000  0.767  0.000  0.767
   0.25402     -8.281971  0.001  0.753  0.000  0.754
   0.22579     -8.282398  0.001  0.756  0.000  0.756
   0.19757     -8.282986  0.001  0.759  0.000  0.759
   0.16935     -8.283714  0.000  0.761  0.000  0.761
   0.14112     -8.284545  0.000  0.763  0.000  0.763
   0.11290     -8.285423  0.000  0.764  0.000  0.764
   0.08467     -8.286270  0.000  0.764  0.000  0.764
   0.05645     -8.286991  0.000  0.765  0.000  0.765
   0.02822     -8.287481  0.000  0.765  0.000  0.765
   0.00000     -8.287655  0.000  0.765  0.000  0.765
 
# Band-Index:   27
   0.00000     -8.285055  0.000  0.765  0.000  0.765
   0.02822     -8.284972  0.000  0.765  0.000  0.765
   0.05645     -8.284726  0.000  0.765  0.000  0.765
   0.08467     -8.284322  0.000  0.765  0.000  0.765
   0.11290     -8.283772  0.000  0.766  0.000  0.766
   0.14112     -8.283090  0.000  0.766  0.000  0.766
   0.16935     -8.282295  0.000  0.767  0.000  0.767
   0.19757     -8.281409  0.000  0.766  0.000  0.766
   0.22579     -8.280455  0.000  0.766  0.000  0.766
   0.25402     -8.279461  0.000  0.767  0.000  0.767
   0.28224     -8.279097  0.001  0.751  0.000  0.752
   0.31047     -8.279019  0.002  0.747  0.000  0.748
   0.33869     -8.279099  0.000  0.768  0.000  0.768
   0.36691     -8.278210  0.000  0.769  0.000  0.769
   0.39514     -8.277412  0.000  0.769  0.000  0.769
   0.42336     -8.276727  0.000  0.770  0.000  0.770
   0.45159     -8.276173  0.000  0.770  0.000  0.770
   0.47981     -8.275766  0.000  0.770  0.000  0.770
   0.50804     -8.275517  0.000  0.770  0.000  0.770
   0.53626     -8.275433  0.000  0.770  0.000  0.770
   0.53626     -8.275433  0.000  0.770  0.000  0.770
   0.56448     -8.275450  0.000  0.770  0.000  0.770
   0.59271     -8.275512  0.000  0.770  0.000  0.770
   0.62093     -8.277266  0.001  0.628  0.000  0.629
   0.64916     -8.281203  0.003  0.700  0.000  0.703
   0.67738     -8.284050  0.003  0.705  0.000  0.708
   0.70561     -8.287238  0.004  0.691  0.000  0.693
   0.73383     -8.292180  0.005  0.634  0.000  0.639
   0.76205     -8.304240  0.008  0.426  0.000  0.434
   0.79028     -8.335745  0.010  0.128  0.000  0.138
   0.81850     -8.353801  0.000  0.734  0.000  0.734
   0.84673     -8.355941  0.000  0.732  0.000  0.732
   0.87495     -8.360514  0.000  0.729  0.000  0.729
   0.90317     -8.362156  0.000  0.727  0.000  0.727
   0.93140     -8.363523  0.000  0.725  0.000  0.725
   0.95962     -8.364615  0.000  0.724  0.000  0.724
   0.98785     -8.377782  0.002  0.004  0.000  0.006
   1.01607     -8.394863  0.002  0.002  0.000  0.004
   1.04430     -8.405218  0.002  0.002  0.000  0.004
   1.07252     -8.408686  0.002  0.002  0.000  0.004
   1.07252     -8.408686  0.002  0.002  0.000  0.004
   1.11243     -8.401752  0.002  0.002  0.000  0.004
   1.15235     -8.381072  0.002  0.004  0.000  0.006
   1.19226     -8.364352  0.000  0.723  0.000  0.723
   1.23218     -8.362426  0.000  0.724  0.000  0.724
   1.27209     -8.358861  0.000  0.695  0.000  0.696
   1.31201     -8.353448  0.000  0.698  0.000  0.699
   1.35192     -8.316092  0.008  0.216  0.000  0.225
   1.39184     -8.288925  0.000  0.765  0.000  0.765
   1.43176     -8.288299  0.000  0.767  0.000  0.767
   1.47167     -8.283320  0.003  0.452  0.000  0.454
   1.51159     -8.277159  0.001  0.723  0.000  0.725
   1.55150     -8.277208  0.001  0.739  0.000  0.740
   1.59142     -8.278259  0.001  0.748  0.000  0.749
   1.63133     -8.279925  0.001  0.754  0.000  0.755
   1.67125     -8.281933  0.000  0.759  0.000  0.760
   1.71116     -8.284014  0.000  0.763  0.000  0.763
   1.75108     -8.284936  0.000  0.766  0.000  0.766
   1.79099     -8.285024  0.000  0.765  0.000  0.765
   1.83091     -8.285055  0.000  0.765  0.000  0.765
 
# Band-Index:   28
   1.83091     -8.285055  0.000  0.765  0.000  0.765
   1.79099     -8.284577  0.000  0.765  0.000  0.765
   1.75108     -8.283266  0.000  0.764  0.000  0.764
   1.71116     -8.281407  0.000  0.763  0.000  0.763
   1.67125     -8.279321  0.000  0.759  0.000  0.760
   1.63133     -8.277305  0.001  0.755  0.000  0.756
   1.59142     -8.275629  0.001  0.749  0.000  0.750
   1.55150     -8.274564  0.001  0.741  0.000  0.742
   1.51159     -8.274489  0.001  0.726  0.000  0.728
   1.47167     -8.277065  0.002  0.687  0.000  0.690
   1.43176     -8.285708  0.000  0.768  0.000  0.768
   1.39184     -8.286331  0.000  0.765  0.000  0.765
   1.35192     -8.289650  0.000  0.762  0.000  0.762
   1.31201     -8.303242  0.008  0.282  0.000  0.288
   1.27209     -8.354686  0.002  0.556  0.000  0.558
   1.23218     -8.359748  0.000  0.725  0.000  0.725
   1.19226     -8.361682  0.000  0.723  0.000  0.723
   1.15235     -8.365537  0.000  0.722  0.000  0.722
   1.11243     -8.366243  0.000  0.721  0.000  0.721
   1.07252     -8.366467  0.000  0.721  0.000  0.721
   1.07252     -8.366467  0.000  0.721  0.000  0.721
   1.04430     -8.366356  0.000  0.721  0.000  0.721
   1.01607     -8.366018  0.000  0.722  0.000  0.722
   0.98785     -8.365442  0.000  0.723  0.000  0.723
   0.95962     -8.361936  0.000  0.725  0.000  0.725
   0.93140     -8.360846  0.000  0.726  0.000  0.726
   0.90317     -8.359482  0.000  0.728  0.000  0.728
   0.87495     -8.357843  0.000  0.730  0.000  0.730
   0.84673     -8.332401  0.009  0.108  0.000  0.118
   0.81850     -8.301684  0.006  0.439  0.000  0.445
   0.79028     -8.290523  0.003  0.658  0.000  0.660
   0.76205     -8.285650  0.002  0.702  0.000  0.705
   0.73383     -8.281649  0.001  0.708  0.000  0.710
   0.70561     -8.276990  0.000  0.763  0.000  0.763
   0.67738     -8.276346  0.000  0.766  0.000  0.766
   0.64916     -8.275913  0.000  0.768  0.000  0.768
   0.62093     -8.275651  0.000  0.769  0.000  0.769
   0.59271     -8.272912  0.000  0.770  0.000  0.770
   0.56448     -8.272851  0.000  0.770  0.000  0.770
   0.53626     -8.272835  0.000  0.770  0.000  0.770
   0.53626     -8.272835  0.000  0.770  0.000  0.770
   0.50804     -8.272919  0.000  0.770  0.000  0.770
   0.47981     -8.273167  0.000  0.770  0.000  0.770
   0.45159     -8.273574  0.000  0.770  0.000  0.770
   0.42336     -8.274128  0.000  0.770  0.000  0.770
   0.39514     -8.274813  0.000  0.769  0.000  0.769
   0.36691     -8.275611  0.000  0.769  0.000  0.769
   0.33869     -8.276500  0.000  0.768  0.000  0.768
   0.31047     -8.277455  0.000  0.768  0.000  0.768
   0.28224     -8.278451  0.000  0.768  0.000  0.768
   0.25402     -8.279354  0.001  0.754  0.000  0.755
   0.22579     -8.279784  0.001  0.757  0.000  0.757
   0.19757     -8.280376  0.001  0.759  0.000  0.759
   0.16935     -8.281107  0.000  0.761  0.000  0.761
   0.14112     -8.281940  0.000  0.763  0.000  0.763
   0.11290     -8.282820  0.000  0.764  0.000  0.764
   0.08467     -8.283669  0.000  0.765  0.000  0.765
   0.05645     -8.284390  0.000  0.765  0.000  0.765
   0.02822     -8.284881  0.000  0.765  0.000  0.765
   0.00000     -8.285055  0.000  0.765  0.000  0.765
 
# Band-Index:   29
   0.00000     -8.241190  0.000  0.000  0.000  0.000
   0.02822     -8.241197  0.000  0.000  0.000  0.000
   0.05645     -8.241233  0.000  0.000  0.000  0.000
   0.08467     -8.241343  0.000  0.000  0.000  0.000
   0.11290     -8.241587  0.000  0.000  0.000  0.000
   0.14112     -8.242017  0.000  0.000  0.000  0.000
   0.16935     -8.242643  0.000  0.000  0.000  0.000
   0.19757     -8.243432  0.000  0.002  0.000  0.002
   0.22579     -8.244343  0.000  0.003  0.000  0.003
   0.25402     -8.245354  0.000  0.005  0.000  0.005
   0.28224     -8.246453  0.000  0.008  0.000  0.008
   0.31047     -8.247612  0.000  0.009  0.000  0.009
   0.33869     -8.248779  0.000  0.011  0.000  0.011
   0.36691     -8.249904  0.000  0.013  0.000  0.013
   0.39514     -8.250940  0.000  0.014  0.000  0.014
   0.42336     -8.251850  0.000  0.013  0.000  0.013
   0.45159     -8.252598  0.000  0.014  0.000  0.014
   0.47981     -8.253158  0.000  0.013  0.000  0.013
   0.50804     -8.253507  0.000  0.020  0.000  0.020
   0.53626     -8.253706  0.000  0.136  0.000  0.136
   0.53626     -8.253706  0.000  0.136  0.000  0.136
   0.56448     -8.257957  0.000  0.171  0.000  0.171
   0.59271     -8.268597  0.000  0.352  0.000  0.352
   0.62093     -8.273051  0.000  0.769  0.000  0.769
   0.64916     -8.273311  0.000  0.768  0.000  0.768
   0.67738     -8.273741  0.000  0.767  0.000  0.767
   0.70561     -8.276022  0.000  0.659  0.000  0.660
   0.73383     -8.277872  0.000  0.760  0.000  0.760
   0.76205     -8.278996  0.000  0.756  0.000  0.756
   0.79028     -8.280348  0.000  0.752  0.000  0.752
   0.81850     -8.281893  0.000  0.749  0.000  0.749
   0.84673     -8.284528  0.000  0.725  0.000  0.726
   0.87495     -8.287865  0.000  0.711  0.000  0.711
   0.90317     -8.295614  0.002  0.361  0.000  0.363
   0.93140     -8.325046  0.002  0.025  0.000  0.027
   0.95962     -8.354274  0.002  0.006  0.000  0.008
   0.98785     -8.362761  0.000  0.724  0.000  0.724
   1.01607     -8.363335  0.000  0.723  0.000  0.723
   1.04430     -8.363672  0.000  0.722  0.000  0.722
   1.07252     -8.363783  0.000  0.722  0.000  0.722
   1.07252     -8.363783  0.000  0.722  0.000  0.722
   1.11243     -8.363559  0.000  0.722  0.000  0.722
   1.15235     -8.362856  0.000  0.723  0.000  0.723
   1.19226     -8.346892  0.002  0.012  0.000  0.014
   1.23218     -8.301705  0.002  0.106  0.000  0.108
   1.27209     -8.291222  0.000  0.755  0.000  0.755
   1.31201     -8.290432  0.000  0.759  0.000  0.759
   1.35192     -8.287051  0.000  0.763  0.000  0.763
   1.39184     -8.282828  0.003  0.654  0.000  0.657
   1.43176     -8.276318  0.002  0.708  0.000  0.710
   1.47167     -8.263215  0.000  0.329  0.000  0.329
   1.51159     -8.251365  0.000  0.024  0.000  0.024
   1.55150     -8.248265  0.000  0.013  0.000  0.013
   1.59142     -8.245758  0.000  0.006  0.000  0.006
   1.63133     -8.243823  0.000  0.002  0.000  0.002
   1.67125     -8.242460  0.000  0.000  0.000  0.000
   1.71116     -8.241659  0.000  0.000  0.000  0.000
   1.75108     -8.241309  0.000  0.000  0.000  0.000
   1.79099     -8.241206  0.000  0.000  0.000  0.000
   1.83091     -8.241190  0.000  0.000  0.000  0.000
 
# Band-Index:   30
   1.83091     -8.234100  0.000  0.000  0.000  0.000
   1.79099     -8.234848  0.000  0.000  0.000  0.000
   1.75108     -8.235860  0.000  0.000  0.000  0.000
   1.71116     -8.236862  0.000  0.001  0.000  0.001
   1.67125     -8.238136  0.000  0.001  0.000  0.001
   1.63133     -8.239974  0.000  0.001  0.000  0.001
   1.59142     -8.242204  0.000  0.006  0.000  0.006
   1.55150     -8.244526  0.000  0.014  0.000  0.014
   1.51159     -8.246821  0.000  0.026  0.000  0.026
   1.47167     -8.251673  0.000  0.017  0.000  0.017
   1.43176     -8.257566  0.000  0.314  0.000  0.315
   1.39184     -8.274610  0.001  0.703  0.000  0.704
   1.35192     -8.281122  0.002  0.679  0.000  0.682
   1.31201     -8.287828  0.000  0.759  0.000  0.759
   1.27209     -8.288613  0.000  0.756  0.000  0.756
   1.23218     -8.291968  0.000  0.751  0.000  0.751
   1.19226     -8.292616  0.000  0.747  0.000  0.747
   1.15235     -8.293117  0.000  0.744  0.000  0.744
   1.11243     -8.293435  0.000  0.742  0.000  0.742
   1.07252     -8.293544  0.000  0.742  0.000  0.742
   1.07252     -8.293544  0.000  0.742  0.000  0.742
   1.04430     -8.293397  0.000  0.742  0.000  0.742
   1.01607     -8.292953  0.000  0.742  0.000  0.742
   0.98785     -8.292199  0.000  0.741  0.000  0.741
   0.95962     -8.291088  0.000  0.740  0.000  0.740
   0.93140     -8.289445  0.000  0.733  0.000  0.733
   0.90317     -8.287133  0.000  0.744  0.000  0.744
   0.87495     -8.285354  0.000  0.745  0.000  0.745
   0.84673     -8.283583  0.000  0.747  0.000  0.747
   0.81850     -8.280402  0.000  0.713  0.000  0.713
   0.79028     -8.277728  0.000  0.754  0.000  0.754
   0.76205     -8.276380  0.000  0.758  0.000  0.758
   0.73383     -8.275260  0.000  0.761  0.000  0.761
   0.70561     -8.274382  0.000  0.764  0.000  0.764
   0.67738     -8.261719  0.000  0.396  0.000  0.396
   0.64916     -8.256216  0.000  0.009  0.000  0.009
   0.62093     -8.255024  0.000  0.008  0.000  0.008
   0.59271     -8.254135  0.000  0.006  0.000  0.006
   0.56448     -8.253586  0.000  0.006  0.000  0.006
   0.53626     -8.253401  0.000  0.006  0.000  0.006
   0.53626     -8.253401  0.000  0.006  0.000  0.006
   0.50804     -8.250532  0.000  0.102  0.000  0.102
   0.47981     -8.245615  0.000  0.010  0.000  0.010
   0.45159     -8.245713  0.000  0.010  0.000  0.010
   0.42336     -8.245702  0.000  0.010  0.000  0.010
   0.39514     -8.245541  0.000  0.011  0.000  0.011
   0.36691     -8.245222  0.000  0.011  0.000  0.011
   0.33869     -8.244742  0.000  0.010  0.000  0.010
   0.31047     -8.244095  0.000  0.009  0.000  0.009
   0.28224     -8.243270  0.000  0.007  0.000  0.007
   0.25402     -8.242272  0.000  0.005  0.000  0.005
   0.22579     -8.241148  0.000  0.003  0.000  0.003
   0.19757     -8.239997  0.000  0.001  0.000  0.001
   0.16935     -8.238928  0.000  0.001  0.000  0.001
   0.14112     -8.237991  0.000  0.001  0.000  0.001
   0.11290     -8.237134  0.000  0.001  0.000  0.001
   0.08467     -8.236283  0.000  0.000  0.000  0.000
   0.05645     -8.235414  0.000  0.000  0.000  0.000
   0.02822     -8.234578  0.000  0.000  0.000  0.000
   0.00000     -8.234100  0.000  0.000  0.000  0.000
 
# Band-Index:   31
   0.00000     -8.233031  0.000  0.000  0.000  0.000
   0.02822     -8.232950  0.000  0.000  0.000  0.000
   0.05645     -8.233172  0.000  0.000  0.000  0.000
   0.08467     -8.233729  0.000  0.001  0.000  0.001
   0.11290     -8.234424  0.000  0.002  0.000  0.002
   0.14112     -8.235153  0.000  0.004  0.000  0.004
   0.16935     -8.235808  0.000  0.006  0.000  0.006
   0.19757     -8.236288  0.000  0.009  0.000  0.009
   0.22579     -8.236577  0.000  0.011  0.000  0.011
   0.25402     -8.236713  0.000  0.012  0.000  0.012
   0.28224     -8.236743  0.000  0.012  0.000  0.012
   0.31047     -8.236710  0.000  0.011  0.000  0.011
   0.33869     -8.236693  0.000  0.009  0.000  0.009
   0.36691     -8.236918  0.000  0.006  0.000  0.006
   0.39514     -8.237681  0.000  0.005  0.000  0.005
   0.42336     -8.238788  0.000  0.006  0.000  0.006
   0.45159     -8.239928  0.000  0.006  0.000  0.006
   0.47981     -8.241432  0.000  0.066  0.000  0.067
   0.50804     -8.245413  0.000  0.009  0.000  0.009
   0.53626     -8.245335  0.000  0.009  0.000  0.009
   0.53626     -8.245335  0.000  0.009  0.000  0.009
   0.56448     -8.245510  0.000  0.009  0.000  0.009
   0.59271     -8.246025  0.000  0.011  0.000  0.011
   0.62093     -8.246848  0.000  0.011  0.000  0.011
   0.64916     -8.247936  0.000  0.014  0.000  0.014
   0.67738     -8.257665  0.000  0.012  0.000  0.012
   0.70561     -8.259315  0.000  0.015  0.000  0.015
   0.73383     -8.261109  0.000  0.018  0.000  0.018
   0.76205     -8.262989  0.000  0.023  0.000  0.023
   0.79028     -8.272740  0.000  0.635  0.000  0.635
   0.81850     -8.279270  0.000  0.750  0.000  0.751
   0.84673     -8.280958  0.000  0.749  0.000  0.749
   0.87495     -8.283198  0.000  0.719  0.000  0.719
   0.90317     -8.286595  0.000  0.715  0.000  0.715
   0.93140     -8.288839  0.000  0.744  0.000  0.744
   0.95962     -8.290390  0.000  0.743  0.000  0.743
   0.98785     -8.291704  0.000  0.743  0.000  0.743
   1.01607     -8.292704  0.000  0.742  0.000  0.742
   1.04430     -8.293330  0.000  0.742  0.000  0.742
   1.07252     -8.293544  0.000  0.742  0.000  0.742
   1.07252     -8.293544  0.000  0.742  0.000  0.742
   1.11243     -8.292935  0.000  0.741  0.000  0.741
   1.15235     -8.291161  0.000  0.740  0.000  0.740
   1.19226     -8.289995  0.000  0.748  0.000  0.748
   1.23218     -8.289353  0.000  0.752  0.000  0.752
   1.27209     -8.282388  0.000  0.686  0.000  0.687
   1.31201     -8.276704  0.000  0.649  0.000  0.649
   1.35192     -8.267427  0.000  0.277  0.000  0.279
   1.39184     -8.260922  0.000  0.020  0.000  0.020
   1.43176     -8.257067  0.000  0.104  0.000  0.105
   1.47167     -8.248596  0.000  0.027  0.000  0.027
   1.51159     -8.241036  0.000  0.000  0.000  0.000
   1.55150     -8.238707  0.000  0.000  0.000  0.000
   1.59142     -8.236910  0.000  0.000  0.000  0.000
   1.63133     -8.235828  0.000  0.014  0.000  0.014
   1.67125     -8.235331  0.000  0.008  0.000  0.008
   1.71116     -8.234456  0.000  0.003  0.000  0.003
   1.75108     -8.233505  0.000  0.001  0.000  0.001
   1.79099     -8.233121  0.000  0.000  0.000  0.000
   1.83091     -8.233031  0.000  0.000  0.000  0.000
 
# Band-Index:   32
   1.83091     -8.233031  0.000  0.000  0.000  0.000
   1.79099     -8.232883  0.000  0.000  0.000  0.000
   1.75108     -8.233397  0.000  0.000  0.000  0.000
   1.71116     -8.233875  0.000  0.000  0.000  0.000
   1.67125     -8.234582  0.000  0.000  0.000  0.000
   1.63133     -8.235570  0.000  0.000  0.000  0.000
   1.59142     -8.236052  0.000  0.019  0.000  0.019
   1.55150     -8.236228  0.000  0.024  0.000  0.024
   1.51159     -8.236689  0.000  0.000  0.000  0.000
   1.47167     -8.243850  0.000  0.000  0.000  0.000
   1.43176     -8.250945  0.000  0.011  0.000  0.011
   1.39184     -8.253537  0.000  0.034  0.000  0.034
   1.35192     -8.261728  0.000  0.322  0.000  0.322
   1.31201     -8.266809  0.000  0.105  0.000  0.105
   1.27209     -8.277821  0.000  0.704  0.000  0.704
   1.23218     -8.283969  0.000  0.702  0.000  0.702
   1.19226     -8.288313  0.000  0.733  0.000  0.733
   1.15235     -8.290492  0.000  0.746  0.000  0.746
   1.11243     -8.290806  0.000  0.744  0.000  0.744
   1.07252     -8.290914  0.000  0.743  0.000  0.743
   1.07252     -8.290914  0.000  0.743  0.000  0.743
   1.04430     -8.290767  0.000  0.743  0.000  0.743
   1.01607     -8.290324  0.000  0.743  0.000  0.743
   0.98785     -8.289569  0.000  0.743  0.000  0.743
   0.95962     -8.288452  0.000  0.741  0.000  0.741
   0.93140     -8.286733  0.000  0.729  0.000  0.729
   0.90317     -8.284506  0.000  0.746  0.000  0.746
   0.87495     -8.282727  0.000  0.748  0.000  0.748
   0.84673     -8.277273  0.000  0.649  0.000  0.649
   0.81850     -8.266785  0.000  0.032  0.000  0.032
   0.79028     -8.264898  0.000  0.028  0.000  0.028
   0.76205     -8.253737  0.000  0.025  0.000  0.025
   0.73383     -8.252187  0.000  0.022  0.000  0.022
   0.70561     -8.250666  0.000  0.019  0.000  0.019
   0.67738     -8.249229  0.000  0.016  0.000  0.016
   0.64916     -8.245388  0.000  0.032  0.000  0.032
   0.62093     -8.243588  0.000  0.009  0.000  0.009
   0.59271     -8.242646  0.000  0.006  0.000  0.006
   0.56448     -8.242103  0.000  0.006  0.000  0.006
   0.53626     -8.241923  0.000  0.006  0.000  0.006
   0.53626     -8.241923  0.000  0.006  0.000  0.006
   0.50804     -8.241649  0.000  0.006  0.000  0.006
   0.47981     -8.240892  0.000  0.011  0.000  0.011
   0.45159     -8.233742  0.000  0.007  0.000  0.007
   0.42336     -8.234279  0.000  0.007  0.000  0.007
   0.39514     -8.234594  0.000  0.008  0.000  0.008
   0.36691     -8.234408  0.000  0.007  0.000  0.007
   0.33869     -8.233620  0.000  0.004  0.000  0.004
   0.31047     -8.232694  0.000  0.002  0.000  0.002
   0.28224     -8.232099  0.000  0.003  0.000  0.003
   0.25402     -8.231973  0.000  0.007  0.000  0.007
   0.22579     -8.232081  0.000  0.008  0.000  0.008
   0.19757     -8.232189  0.000  0.008  0.000  0.008
   0.16935     -8.232154  0.000  0.007  0.000  0.007
   0.14112     -8.231890  0.000  0.005  0.000  0.005
   0.11290     -8.231766  0.000  0.000  0.000  0.000
   0.08467     -8.232308  0.000  0.000  0.000  0.000
   0.05645     -8.232707  0.000  0.000  0.000  0.000
   0.02822     -8.232929  0.000  0.000  0.000  0.000
   0.00000     -8.233031  0.000  0.000  0.000  0.000
 
# Band-Index:   33
   0.00000     -8.231710  0.000  0.000  0.000  0.000
   0.02822     -8.231507  0.000  0.001  0.000  0.001
   0.05645     -8.231016  0.000  0.001  0.000  0.001
   0.08467     -8.230929  0.000  0.002  0.000  0.002
   0.11290     -8.231405  0.000  0.003  0.000  0.003
   0.14112     -8.231093  0.000  0.000  0.000  0.000
   0.16935     -8.230309  0.000  0.000  0.000  0.000
   0.19757     -8.229436  0.000  0.000  0.000  0.000
   0.22579     -8.228496  0.000  0.000  0.000  0.000
   0.25402     -8.228140  0.000  0.007  0.000  0.007
   0.28224     -8.228751  0.000  0.010  0.000  0.010
   0.31047     -8.228973  0.000  0.012  0.000  0.012
   0.33869     -8.228822  0.000  0.011  0.000  0.011
   0.36691     -8.228521  0.000  0.009  0.000  0.009
   0.39514     -8.228251  0.000  0.008  0.000  0.008
   0.42336     -8.228198  0.000  0.007  0.000  0.007
   0.45159     -8.228629  0.000  0.014  0.000  0.014
   0.47981     -8.232857  0.000  0.008  0.000  0.008
   0.50804     -8.232021  0.000  0.008  0.000  0.008
   0.53626     -8.231089  0.000  0.011  0.000  0.011
   0.53626     -8.231089  0.000  0.011  0.000  0.011
   0.56448     -8.231245  0.000  0.005  0.000  0.005
   0.59271     -8.231736  0.000  0.006  0.000  0.006
   0.62093     -8.232543  0.000  0.006  0.000  0.006
   0.64916     -8.233819  0.000  0.020  0.000  0.020
   0.67738     -8.245060  0.000  0.001  0.000  0.001
   0.70561     -8.247110  0.000  0.001  0.000  0.001
   0.73383     -8.249020  0.000  0.002  0.000  0.002
   0.76205     -8.252333  0.002  0.282  0.000  0.284
   0.79028     -8.255266  0.000  0.027  0.000  0.027
   0.81850     -8.258182  0.002  0.259  0.000  0.264
   0.84673     -8.268602  0.000  0.034  0.000  0.034
   0.87495     -8.270302  0.000  0.035  0.000  0.035
   0.90317     -8.279963  0.000  0.406  0.000  0.406
   0.93140     -8.286213  0.000  0.745  0.000  0.745
   0.95962     -8.287764  0.000  0.744  0.000  0.744
   0.98785     -8.289076  0.000  0.744  0.000  0.744
   1.01607     -8.290075  0.000  0.744  0.000  0.744
   1.04430     -8.290701  0.000  0.743  0.000  0.743
   1.07252     -8.290914  0.000  0.743  0.000  0.743
   1.07252     -8.290914  0.000  0.743  0.000  0.743
   1.11243     -8.290305  0.000  0.743  0.000  0.743
   1.15235     -8.288529  0.000  0.741  0.000  0.741
   1.19226     -8.285677  0.000  0.733  0.000  0.733
   1.23218     -8.280862  0.000  0.631  0.000  0.631
   1.27209     -8.269859  0.000  0.046  0.000  0.046
   1.31201     -8.264844  0.002  0.362  0.000  0.364
   1.35192     -8.255934  0.000  0.026  0.000  0.026
   1.39184     -8.250254  0.000  0.000  0.000  0.000
   1.43176     -8.246985  0.000  0.000  0.000  0.000
   1.47167     -8.238849  0.000  0.000  0.000  0.000
   1.51159     -8.236540  0.000  0.027  0.000  0.027
   1.55150     -8.234522  0.000  0.000  0.000  0.000
   1.59142     -8.232397  0.000  0.000  0.000  0.000
   1.63133     -8.231253  0.000  0.014  0.000  0.014
   1.67125     -8.231409  0.000  0.009  0.000  0.009
   1.71116     -8.231035  0.000  0.005  0.000  0.005
   1.75108     -8.230521  0.000  0.002  0.000  0.002
   1.79099     -8.231217  0.000  0.001  0.000  0.001
   1.83091     -8.231710  0.000  0.000  0.000  0.000
 
# Band-Index:   34
   1.83091     -8.227827  0.000  0.000  0.000  0.000
   1.79099     -8.228392  0.000  0.001  0.000  0.001
   1.75108     -8.228426  0.000  0.002  0.000  0.002
   1.71116     -8.227459  0.000  0.000  0.000  0.000
   1.67125     -8.228776  0.000  0.000  0.000  0.000
   1.63133     -8.230443  0.000  0.000  0.000  0.000
   1.59142     -8.230630  0.000  0.016  0.000  0.016
   1.55150     -8.229697  0.000  0.017  0.000  0.017
   1.51159     -8.228616  0.000  0.017  0.000  0.017
   1.47167     -8.236508  0.000  0.018  0.000  0.018
   1.43176     -8.241024  0.000  0.000  0.000  0.000
   1.39184     -8.243218  0.000  0.000  0.000  0.000
   1.35192     -8.253497  0.000  0.000  0.000  0.000
   1.31201     -8.256574  0.000  0.001  0.000  0.001
   1.27209     -8.259369  0.000  0.002  0.000  0.002
   1.23218     -8.271879  0.000  0.064  0.000  0.064
   1.19226     -8.273951  0.000  0.035  0.000  0.035
   1.15235     -8.275289  0.000  0.026  0.000  0.026
   1.11243     -8.276057  0.000  0.022  0.000  0.022
   1.07252     -8.276306  0.000  0.020  0.000  0.020
   1.07252     -8.276306  0.000  0.020  0.000  0.020
   1.04430     -8.276182  0.000  0.021  0.000  0.021
   1.01607     -8.275809  0.000  0.022  0.000  0.022
   0.98785     -8.275185  0.000  0.025  0.000  0.025
   0.95962     -8.274308  0.000  0.027  0.000  0.027
   0.93140     -8.273189  0.000  0.031  0.000  0.031
   0.90317     -8.271844  0.000  0.034  0.000  0.034
   0.87495     -8.259410  0.000  0.026  0.000  0.026
   0.84673     -8.258121  0.000  0.028  0.000  0.028
   0.81850     -8.256736  0.000  0.028  0.000  0.028
   0.79028     -8.253043  0.000  0.000  0.000  0.000
   0.76205     -8.250688  0.000  0.052  0.000  0.053
   0.73383     -8.238806  0.000  0.020  0.000  0.020
   0.70561     -8.236653  0.000  0.009  0.000  0.009
   0.67738     -8.234989  0.000  0.006  0.000  0.006
   0.64916     -8.232687  0.000  0.012  0.000  0.012
   0.62093     -8.231965  0.000  0.011  0.000  0.011
   0.59271     -8.231468  0.000  0.011  0.000  0.011
   0.56448     -8.231182  0.000  0.011  0.000  0.011
   0.53626     -8.231081  0.000  0.005  0.000  0.005
   0.53626     -8.231081  0.000  0.005  0.000  0.005
   0.50804     -8.230122  0.000  0.007  0.000  0.007
   0.47981     -8.229209  0.000  0.007  0.000  0.007
   0.45159     -8.226546  0.000  0.038  0.000  0.038
   0.42336     -8.225248  0.000  0.010  0.000  0.010
   0.39514     -8.224717  0.000  0.009  0.000  0.009
   0.36691     -8.224117  0.000  0.008  0.000  0.008
   0.33869     -8.224603  0.000  0.000  0.000  0.000
   0.31047     -8.225543  0.000  0.000  0.000  0.000
   0.28224     -8.226523  0.000  0.000  0.000  0.000
   0.25402     -8.227517  0.000  0.000  0.000  0.000
   0.22579     -8.227474  0.000  0.005  0.000  0.005
   0.19757     -8.227087  0.000  0.004  0.000  0.004
   0.16935     -8.227144  0.000  0.004  0.000  0.004
   0.14112     -8.227596  0.000  0.004  0.000  0.004
   0.11290     -8.228256  0.000  0.003  0.000  0.003
   0.08467     -8.228829  0.000  0.002  0.000  0.002
   0.05645     -8.228766  0.000  0.001  0.000  0.001
   0.02822     -8.228185  0.000  0.001  0.000  0.001
   0.00000     -8.227827  0.000  0.000  0.000  0.000
 
# Band-Index:   35
   0.00000     -8.225761  0.000  0.000  0.000  0.000
   0.02822     -8.225687  0.000  0.000  0.000  0.000
   0.05645     -8.225464  0.000  0.000  0.000  0.000
   0.08467     -8.225100  0.000  0.000  0.000  0.000
   0.11290     -8.224603  0.000  0.000  0.000  0.000
   0.14112     -8.223988  0.000  0.000  0.000  0.000
   0.16935     -8.223401  0.000  0.004  0.000  0.004
   0.19757     -8.223331  0.000  0.005  0.000  0.005
   0.22579     -8.223204  0.000  0.005  0.000  0.005
   0.25402     -8.223082  0.000  0.005  0.000  0.005
   0.28224     -8.223071  0.000  0.006  0.000  0.006
   0.31047     -8.223237  0.000  0.007  0.000  0.007
   0.33869     -8.223596  0.000  0.007  0.000  0.007
   0.36691     -8.223730  0.000  0.000  0.000  0.000
   0.39514     -8.222946  0.000  0.000  0.000  0.000
   0.42336     -8.222273  0.000  0.000  0.000  0.000
   0.45159     -8.225206  0.000  0.009  0.000  0.009
   0.47981     -8.225493  0.000  0.008  0.000  0.008
   0.50804     -8.225440  0.000  0.008  0.000  0.008
   0.53626     -8.225411  0.000  0.007  0.000  0.007
   0.53626     -8.225411  0.000  0.007  0.000  0.007
   0.56448     -8.225386  0.000  0.007  0.000  0.007
   0.59271     -8.225306  0.000  0.007  0.000  0.007
   0.62093     -8.225158  0.000  0.008  0.000  0.008
   0.64916     -8.231919  0.002  0.108  0.000  0.110
   0.67738     -8.233639  0.000  0.012  0.000  0.012
   0.70561     -8.234823  0.000  0.012  0.000  0.012
   0.73383     -8.236240  0.000  0.011  0.000  0.011
   0.76205     -8.238481  0.000  0.008  0.000  0.010
   0.79028     -8.241505  0.000  0.000  0.000  0.000
   0.81850     -8.254481  0.000  0.066  0.000  0.068
   0.84673     -8.257019  0.000  0.007  0.000  0.007
   0.87495     -8.259011  0.000  0.006  0.000  0.006
   0.90317     -8.260746  0.000  0.006  0.000  0.006
   0.93140     -8.262372  0.000  0.006  0.000  0.006
   0.95962     -8.263756  0.000  0.006  0.000  0.006
   0.98785     -8.264872  0.000  0.006  0.000  0.006
   1.01607     -8.265691  0.000  0.006  0.000  0.006
   1.04430     -8.266191  0.000  0.006  0.000  0.006
   1.07252     -8.266359  0.000  0.007  0.000  0.007
   1.07252     -8.266359  0.000  0.007  0.000  0.007
   1.11243     -8.266063  0.000  0.006  0.000  0.006
   1.15235     -8.265182  0.000  0.006  0.000  0.006
   1.19226     -8.263743  0.000  0.004  0.000  0.004
   1.23218     -8.261785  0.000  0.003  0.000  0.003
   1.27209     -8.259303  0.000  0.036  0.000  0.036
   1.31201     -8.256294  0.000  0.130  0.000  0.130
   1.35192     -8.245391  0.000  0.000  0.000  0.000
   1.39184     -8.238902  0.000  0.010  0.000  0.010
   1.43176     -8.237485  0.000  0.018  0.000  0.018
   1.47167     -8.227625  0.000  0.011  0.000  0.011
   1.51159     -8.221133  0.000  0.004  0.000  0.004
   1.55150     -8.220299  0.000  0.004  0.000  0.004
   1.59142     -8.220782  0.000  0.003  0.000  0.003
   1.63133     -8.222317  0.000  0.004  0.000  0.004
   1.67125     -8.224417  0.000  0.004  0.000  0.004
   1.71116     -8.226645  0.000  0.003  0.000  0.003
   1.75108     -8.226515  0.000  0.000  0.000  0.000
   1.79099     -8.225950  0.000  0.000  0.000  0.000
   1.83091     -8.225761  0.000  0.000  0.000  0.000
 
# Band-Index:   36
   1.83091     -8.225761  0.000  0.000  0.000  0.000
   1.79099     -8.224854  0.000  0.001  0.000  0.001
   1.75108     -8.223173  0.000  0.001  0.000  0.001
   1.71116     -8.221332  0.000  0.002  0.000  0.002
   1.67125     -8.219582  0.000  0.002  0.000  0.002
   1.63133     -8.218115  0.000  0.003  0.000  0.003
   1.59142     -8.217029  0.000  0.003  0.000  0.003
   1.55150     -8.218808  0.000  0.000  0.000  0.000
   1.51159     -8.220781  0.000  0.000  0.000  0.000
   1.47167     -8.223153  0.000  0.009  0.000  0.009
   1.43176     -8.227891  0.000  0.003  0.000  0.003
   1.39184     -8.231526  0.000  0.002  0.000  0.002
   1.35192     -8.239714  0.000  0.021  0.000  0.021
   1.31201     -8.247474  0.000  0.001  0.000  0.001
   1.27209     -8.249390  0.000  0.003  0.000  0.003
   1.23218     -8.261019  0.000  0.023  0.000  0.023
   1.19226     -8.262643  0.000  0.014  0.000  0.014
   1.15235     -8.264363  0.000  0.008  0.000  0.008
   1.11243     -8.265805  0.000  0.006  0.000  0.006
   1.07252     -8.266359  0.000  0.007  0.000  0.007
   1.07252     -8.266359  0.000  0.007  0.000  0.007
   1.04430     -8.266097  0.000  0.006  0.000  0.006
   1.01607     -8.265350  0.000  0.006  0.000  0.006
   0.98785     -8.264253  0.000  0.008  0.000  0.008
   0.95962     -8.263012  0.000  0.011  0.000  0.011
   0.93140     -8.261796  0.000  0.017  0.000  0.017
   0.90317     -8.260617  0.000  0.022  0.000  0.022
   0.87495     -8.250549  0.000  0.006  0.000  0.008
   0.84673     -8.245885  0.000  0.001  0.000  0.001
   0.81850     -8.243687  0.000  0.001  0.000  0.001
   0.79028     -8.239858  0.000  0.008  0.000  0.008
   0.76205     -8.237902  0.000  0.011  0.000  0.011
   0.73383     -8.228345  0.000  0.002  0.000  0.002
   0.70561     -8.225510  0.000  0.003  0.000  0.003
   0.67738     -8.224709  0.000  0.009  0.000  0.009
   0.64916     -8.224943  0.000  0.008  0.000  0.008
   0.62093     -8.221643  0.000  0.002  0.000  0.002
   0.59271     -8.221270  0.000  0.000  0.000  0.000
   0.56448     -8.221068  0.000  0.000  0.000  0.000
   0.53626     -8.221003  0.000  0.000  0.000  0.000
   0.53626     -8.221003  0.000  0.000  0.000  0.000
   0.50804     -8.221085  0.000  0.000  0.000  0.000
   0.47981     -8.221330  0.000  0.000  0.000  0.000
   0.45159     -8.221729  0.000  0.000  0.000  0.000
   0.42336     -8.215915  0.000  0.000  0.000  0.000
   0.39514     -8.216531  0.000  0.000  0.000  0.000
   0.36691     -8.217249  0.000  0.000  0.000  0.000
   0.33869     -8.218050  0.000  0.000  0.000  0.000
   0.31047     -8.218910  0.000  0.000  0.000  0.000
   0.28224     -8.219807  0.000  0.000  0.000  0.000
   0.25402     -8.220716  0.000  0.000  0.000  0.000
   0.22579     -8.221613  0.000  0.000  0.000  0.000
   0.19757     -8.222472  0.000  0.000  0.000  0.000
   0.16935     -8.223271  0.000  0.000  0.000  0.000
   0.14112     -8.223488  0.000  0.003  0.000  0.003
   0.11290     -8.223718  0.000  0.002  0.000  0.002
   0.08467     -8.224148  0.000  0.002  0.000  0.002
   0.05645     -8.224751  0.000  0.001  0.000  0.001
   0.02822     -8.225406  0.000  0.001  0.000  0.001
   0.00000     -8.225761  0.000  0.000  0.000  0.000
 
# Band-Index:   37
   0.00000     -8.210057  0.000  0.005  0.000  0.005
   0.02822     -8.210094  0.000  0.005  0.000  0.005
   0.05645     -8.210204  0.000  0.004  0.000  0.004
   0.08467     -8.210383  0.000  0.004  0.000  0.004
   0.11290     -8.210615  0.000  0.003  0.000  0.003
   0.14112     -8.210877  0.000  0.003  0.000  0.003
   0.16935     -8.211144  0.000  0.002  0.000  0.002
   0.19757     -8.211402  0.000  0.002  0.000  0.002
   0.22579     -8.211644  0.000  0.002  0.000  0.002
   0.25402     -8.211865  0.000  0.002  0.000  0.002
   0.28224     -8.212057  0.000  0.003  0.000  0.003
   0.31047     -8.212215  0.000  0.004  0.000  0.004
   0.33869     -8.212353  0.000  0.006  0.000  0.006
   0.36691     -8.212523  0.000  0.008  0.000  0.008
   0.39514     -8.212884  0.000  0.011  0.000  0.011
   0.42336     -8.214622  0.000  0.022  0.000  0.022
   0.45159     -8.215417  0.000  0.000  0.000  0.000
   0.47981     -8.215051  0.000  0.000  0.000  0.000
   0.50804     -8.214827  0.000  0.000  0.000  0.000
   0.53626     -8.214752  0.000  0.000  0.000  0.000
   0.53626     -8.214752  0.000  0.000  0.000  0.000
   0.56448     -8.214973  0.000  0.000  0.000  0.000
   0.59271     -8.215634  0.000  0.000  0.000  0.000
   0.62093     -8.216724  0.000  0.001  0.000  0.001
   0.64916     -8.222276  0.000  0.003  0.000  0.003
   0.67738     -8.223387  0.000  0.003  0.000  0.003
   0.70561     -8.224379  0.000  0.007  0.000  0.007
   0.73383     -8.224437  0.000  0.008  0.000  0.008
   0.76205     -8.231771  0.000  0.002  0.000  0.002
   0.79028     -8.235441  0.000  0.003  0.000  0.003
   0.81850     -8.242261  0.000  0.006  0.000  0.006
   0.84673     -8.245305  0.000  0.006  0.000  0.006
   0.87495     -8.248727  0.000  0.007  0.000  0.007
   0.90317     -8.252028  0.000  0.011  0.000  0.011
   0.93140     -8.254882  0.000  0.017  0.000  0.017
   0.95962     -8.257072  0.000  0.024  0.000  0.024
   0.98785     -8.258528  0.000  0.028  0.000  0.028
   1.01607     -8.259373  0.000  0.030  0.000  0.030
   1.04430     -8.259795  0.000  0.031  0.000  0.031
   1.07252     -8.259922  0.000  0.031  0.000  0.031
   1.07252     -8.259922  0.000  0.031  0.000  0.031
   1.11243     -8.259658  0.000  0.031  0.000  0.031
   1.15235     -8.258656  0.000  0.030  0.000  0.030
   1.19226     -8.256379  0.000  0.025  0.000  0.025
   1.23218     -8.252617  0.000  0.018  0.000  0.018
   1.27209     -8.247939  0.000  0.014  0.000  0.014
   1.31201     -8.243051  0.000  0.014  0.000  0.014
   1.35192     -8.236122  0.000  0.006  0.000  0.006
   1.39184     -8.226240  0.000  0.003  0.000  0.003
   1.43176     -8.224708  0.000  0.012  0.000  0.012
   1.47167     -8.222710  0.000  0.000  0.000  0.000
   1.51159     -8.216848  0.000  0.000  0.000  0.000
   1.55150     -8.216301  0.000  0.004  0.000  0.004
   1.59142     -8.216859  0.000  0.001  0.000  0.001
   1.63133     -8.215013  0.000  0.002  0.000  0.002
   1.67125     -8.213356  0.000  0.003  0.000  0.003
   1.71116     -8.211969  0.000  0.003  0.000  0.003
   1.75108     -8.210925  0.000  0.004  0.000  0.004
   1.79099     -8.210277  0.000  0.005  0.000  0.005
   1.83091     -8.210057  0.000  0.005  0.000  0.005
 
# Band-Index:   38
   1.83091     -8.210057  0.000  0.005  0.000  0.005
   1.79099     -8.209772  0.000  0.005  0.000  0.005
   1.75108     -8.208977  0.000  0.004  0.000  0.004
   1.71116     -8.208034  0.000  0.003  0.000  0.003
   1.67125     -8.209422  0.000  0.003  0.000  0.003
   1.63133     -8.211080  0.000  0.002  0.000  0.002
   1.59142     -8.212926  0.000  0.001  0.000  0.001
   1.55150     -8.214875  0.000  0.000  0.000  0.000
   1.51159     -8.216012  0.000  0.006  0.000  0.006
   1.47167     -8.218776  0.000  0.000  0.000  0.000
   1.43176     -8.224542  0.000  0.001  0.000  0.001
   1.39184     -8.224402  0.000  0.013  0.000  0.013
   1.35192     -8.227782  0.000  0.005  0.000  0.005
   1.31201     -8.240158  0.000  0.011  0.000  0.011
   1.27209     -8.243819  0.000  0.011  0.000  0.011
   1.23218     -8.251063  0.000  0.003  0.000  0.003
   1.19226     -8.252431  0.000  0.005  0.000  0.005
   1.15235     -8.253444  0.000  0.006  0.000  0.006
   1.11243     -8.254066  0.000  0.007  0.000  0.007
   1.07252     -8.254275  0.000  0.007  0.000  0.007
   1.07252     -8.254275  0.000  0.007  0.000  0.007
   1.04430     -8.254111  0.000  0.007  0.000  0.007
   1.01607     -8.253624  0.000  0.007  0.000  0.007
   0.98785     -8.252823  0.000  0.007  0.000  0.007
   0.95962     -8.251719  0.000  0.007  0.000  0.007
   0.93140     -8.250314  0.000  0.007  0.000  0.007
   0.90317     -8.248507  0.000  0.008  0.000  0.008
   0.87495     -8.244476  0.000  0.005  0.000  0.005
   0.84673     -8.241979  0.000  0.005  0.000  0.005
   0.81850     -8.238981  0.000  0.005  0.000  0.005
   0.79028     -8.225600  0.000  0.010  0.000  0.010
   0.76205     -8.224860  0.000  0.008  0.000  0.008
   0.73383     -8.221546  0.000  0.009  0.000  0.009
   0.70561     -8.220928  0.000  0.006  0.000  0.006
   0.67738     -8.219726  0.000  0.003  0.000  0.003
   0.64916     -8.218171  0.000  0.001  0.000  0.001
   0.62093     -8.216310  0.000  0.048  0.000  0.048
   0.59271     -8.213576  0.000  0.027  0.000  0.027
   0.56448     -8.212653  0.000  0.022  0.000  0.022
   0.53626     -8.212378  0.000  0.021  0.000  0.021
   0.53626     -8.212378  0.000  0.021  0.000  0.021
   0.50804     -8.212290  0.000  0.020  0.000  0.020
   0.47981     -8.212029  0.000  0.018  0.000  0.018
   0.45159     -8.211472  0.000  0.015  0.000  0.015
   0.42336     -8.209947  0.000  0.016  0.000  0.016
   0.39514     -8.208919  0.000  0.011  0.000  0.011
   0.36691     -8.208577  0.000  0.008  0.000  0.008
   0.33869     -8.208399  0.000  0.005  0.000  0.005
   0.31047     -8.208258  0.000  0.004  0.000  0.004
   0.28224     -8.208108  0.000  0.002  0.000  0.002
   0.25402     -8.207932  0.000  0.002  0.000  0.002
   0.22579     -8.207720  0.000  0.002  0.000  0.002
   0.19757     -8.207475  0.000  0.002  0.000  0.002
   0.16935     -8.207661  0.000  0.004  0.000  0.004
   0.14112     -8.208351  0.000  0.004  0.000  0.004
   0.11290     -8.208943  0.000  0.005  0.000  0.005
   0.08467     -8.209421  0.000  0.005  0.000  0.005
   0.05645     -8.209771  0.000  0.005  0.000  0.005
   0.02822     -8.209985  0.000  0.005  0.000  0.005
   0.00000     -8.210057  0.000  0.005  0.000  0.005
 
# Band-Index:   39
   0.00000     -8.206113  0.000  0.005  0.000  0.005
   0.02822     -8.206154  0.000  0.004  0.000  0.004
   0.05645     -8.206272  0.000  0.004  0.000  0.004
   0.08467     -8.206453  0.000  0.004  0.000  0.004
   0.11290     -8.206681  0.000  0.003  0.000  0.003
   0.14112     -8.206939  0.000  0.003  0.000  0.003
   0.16935     -8.207209  0.000  0.002  0.000  0.002
   0.19757     -8.206890  0.000  0.004  0.000  0.004
   0.22579     -8.206060  0.000  0.004  0.000  0.004
   0.25402     -8.205193  0.000  0.004  0.000  0.004
   0.28224     -8.204313  0.000  0.004  0.000  0.004
   0.31047     -8.203443  0.000  0.004  0.000  0.004
   0.33869     -8.202607  0.000  0.004  0.000  0.004
   0.36691     -8.201829  0.000  0.004  0.000  0.004
   0.39514     -8.201130  0.000  0.003  0.000  0.003
   0.42336     -8.200529  0.000  0.003  0.000  0.003
   0.45159     -8.205486  0.000  0.003  0.000  0.003
   0.47981     -8.206808  0.000  0.007  0.000  0.007
   0.50804     -8.207116  0.000  0.009  0.000  0.009
   0.53626     -8.207188  0.000  0.010  0.000  0.010
   0.53626     -8.207188  0.000  0.010  0.000  0.010
   0.56448     -8.207464  0.000  0.011  0.000  0.011
   0.59271     -8.208226  0.000  0.012  0.000  0.012
   0.62093     -8.209544  0.000  0.015  0.000  0.015
   0.64916     -8.212101  0.000  0.009  0.000  0.009
   0.67738     -8.214354  0.000  0.011  0.000  0.011
   0.70561     -8.216186  0.000  0.013  0.000  0.013
   0.73383     -8.218551  0.000  0.036  0.000  0.037
   0.76205     -8.221619  0.000  0.012  0.000  0.012
   0.79028     -8.221589  0.000  0.029  0.000  0.029
   0.81850     -8.226493  0.000  0.012  0.000  0.012
   0.84673     -8.227433  0.000  0.015  0.000  0.015
   0.87495     -8.241274  0.002  0.036  0.000  0.036
   0.90317     -8.246724  0.000  0.005  0.000  0.005
   0.93140     -8.248784  0.000  0.004  0.000  0.004
   0.95962     -8.250616  0.000  0.005  0.000  0.005
   0.98785     -8.252148  0.000  0.005  0.000  0.005
   1.01607     -8.253306  0.000  0.006  0.000  0.006
   1.04430     -8.254029  0.000  0.007  0.000  0.007
   1.07252     -8.254275  0.000  0.007  0.000  0.007
   1.07252     -8.254275  0.000  0.007  0.000  0.007
   1.11243     -8.253671  0.000  0.007  0.000  0.007
   1.15235     -8.251948  0.000  0.006  0.000  0.006
   1.19226     -8.249359  0.000  0.006  0.000  0.006
   1.23218     -8.246264  0.000  0.006  0.000  0.006
   1.27209     -8.236710  0.002  0.023  0.000  0.025
   1.31201     -8.229152  0.000  0.008  0.000  0.008
   1.35192     -8.224344  0.000  0.009  0.000  0.009
   1.39184     -8.222305  0.000  0.003  0.000  0.003
   1.43176     -8.220608  0.000  0.001  0.000  0.001
   1.47167     -8.216403  0.000  0.006  0.000  0.006
   1.51159     -8.205139  0.000  0.003  0.000  0.003
   1.55150     -8.204105  0.000  0.002  0.000  0.002
   1.59142     -8.204403  0.000  0.003  0.000  0.003
   1.63133     -8.205305  0.000  0.003  0.000  0.003
   1.67125     -8.206528  0.000  0.004  0.000  0.004
   1.71116     -8.207828  0.000  0.004  0.000  0.004
   1.75108     -8.206986  0.000  0.004  0.000  0.004
   1.79099     -8.206334  0.000  0.004  0.000  0.004
   1.83091     -8.206113  0.000  0.005  0.000  0.005
 
# Band-Index:   40
   1.83091     -8.206113  0.000  0.005  0.000  0.005
   1.79099     -8.205834  0.000  0.004  0.000  0.004
   1.75108     -8.205048  0.000  0.004  0.000  0.004
   1.71116     -8.203896  0.000  0.004  0.000  0.004
   1.67125     -8.202587  0.000  0.003  0.000  0.003
   1.63133     -8.201366  0.000  0.003  0.000  0.003
   1.59142     -8.200481  0.000  0.003  0.000  0.003
   1.55150     -8.200191  0.000  0.002  0.000  0.002
   1.51159     -8.201062  0.000  0.003  0.000  0.003
   1.47167     -8.206214  0.000  0.006  0.000  0.006
   1.43176     -8.217560  0.000  0.007  0.000  0.007
   1.39184     -8.219395  0.000  0.011  0.000  0.011
   1.35192     -8.223842  0.000  0.005  0.000  0.005
   1.31201     -8.225664  0.000  0.013  0.000  0.013
   1.27209     -8.230340  0.000  0.010  0.000  0.010
   1.23218     -8.231335  0.000  0.013  0.000  0.013
   1.19226     -8.232124  0.000  0.015  0.000  0.015
   1.15235     -8.232697  0.000  0.016  0.000  0.016
   1.11243     -8.233045  0.000  0.018  0.000  0.018
   1.07252     -8.233162  0.000  0.019  0.000  0.019
   1.07252     -8.233162  0.000  0.019  0.000  0.019
   1.04430     -8.233015  0.000  0.019  0.000  0.019
   1.01607     -8.232577  0.000  0.018  0.000  0.018
   0.98785     -8.231859  0.000  0.018  0.000  0.018
   0.95962     -8.230881  0.000  0.018  0.000  0.018
   0.93140     -8.229979  0.000  0.018  0.000  0.018
   0.90317     -8.229210  0.000  0.018  0.000  0.018
   0.87495     -8.228355  0.000  0.016  0.000  0.016
   0.84673     -8.224947  0.000  0.013  0.000  0.013
   0.81850     -8.223127  0.000  0.011  0.000  0.011
   0.79028     -8.221369  0.000  0.012  0.000  0.012
   0.76205     -8.219435  0.000  0.012  0.000  0.012
   0.73383     -8.214989  0.000  0.035  0.000  0.036
   0.70561     -8.212327  0.000  0.014  0.000  0.014
   0.67738     -8.210506  0.000  0.010  0.000  0.010
   0.64916     -8.207823  0.000  0.003  0.000  0.003
   0.62093     -8.201741  0.000  0.003  0.000  0.003
   0.59271     -8.200459  0.000  0.003  0.000  0.003
   0.56448     -8.199663  0.000  0.003  0.000  0.003
   0.53626     -8.199393  0.000  0.003  0.000  0.003
   0.53626     -8.199393  0.000  0.003  0.000  0.003
   0.50804     -8.199467  0.000  0.003  0.000  0.003
   0.47981     -8.199685  0.000  0.003  0.000  0.003
   0.45159     -8.200043  0.000  0.003  0.000  0.003
   0.42336     -8.196595  0.000  0.003  0.000  0.003
   0.39514     -8.197196  0.000  0.003  0.000  0.003
   0.36691     -8.197894  0.000  0.003  0.000  0.003
   0.33869     -8.198672  0.000  0.004  0.000  0.004
   0.31047     -8.199507  0.000  0.004  0.000  0.004
   0.28224     -8.200376  0.000  0.004  0.000  0.004
   0.25402     -8.201256  0.000  0.004  0.000  0.004
   0.22579     -8.202122  0.000  0.004  0.000  0.004
   0.19757     -8.202951  0.000  0.004  0.000  0.004
   0.16935     -8.203721  0.000  0.004  0.000  0.004
   0.14112     -8.204410  0.000  0.004  0.000  0.004
   0.11290     -8.205001  0.000  0.004  0.000  0.004
   0.08467     -8.205478  0.000  0.004  0.000  0.004
   0.05645     -8.205828  0.000  0.004  0.000  0.004
   0.02822     -8.206041  0.000  0.004  0.000  0.004
   0.00000     -8.206113  0.000  0.005  0.000  0.005
 
# Band-Index:   41
   0.00000     -7.578987  0.001  0.002  0.000  0.002
   0.02822     -7.585315  0.001  0.002  0.000  0.002
   0.05645     -7.603896  0.001  0.002  0.000  0.002
   0.08467     -7.633588  0.001  0.002  0.000  0.002
   0.11290     -7.672686  0.001  0.002  0.000  0.002
   0.14112     -7.719168  0.002  0.002  0.000  0.002
   0.16935     -7.770906  0.002  0.002  0.000  0.002
   0.19757     -7.825835  0.002  0.002  0.000  0.002
   0.22579     -7.882060  0.002  0.002  0.000  0.002
   0.25402     -7.937905  0.002  0.004  0.000  0.004
   0.28224     -7.991920  0.001  0.004  0.000  0.004
   0.31047     -8.042879  0.001  0.004  0.000  0.004
   0.33869     -8.089735  0.001  0.006  0.000  0.006
   0.36691     -8.131569  0.001  0.006  0.000  0.006
   0.39514     -8.167425  0.000  0.008  0.000  0.008
   0.42336     -8.195030  0.000  0.005  0.000  0.007
   0.45159     -8.196110  0.000  0.003  0.000  0.003
   0.47981     -8.195753  0.000  0.003  0.000  0.003
   0.50804     -8.195534  0.000  0.003  0.000  0.003
   0.53626     -8.195461  0.000  0.003  0.000  0.003
   0.53626     -8.195461  0.000  0.003  0.000  0.003
   0.56448     -8.195731  0.000  0.003  0.000  0.003
   0.59271     -8.196528  0.000  0.003  0.000  0.003
   0.62093     -8.197810  0.000  0.003  0.000  0.003
   0.64916     -8.203445  0.000  0.002  0.000  0.002
   0.67738     -8.205491  0.000  0.002  0.000  0.002
   0.70561     -8.207796  0.000  0.002  0.000  0.002
   0.73383     -8.210276  0.000  0.002  0.000  0.002
   0.76205     -8.215301  0.000  0.009  0.000  0.009
   0.79028     -8.217643  0.000  0.034  0.000  0.035
   0.81850     -8.221122  0.000  0.013  0.000  0.013
   0.84673     -8.221661  0.000  0.012  0.000  0.012
   0.87495     -8.226661  0.000  0.014  0.000  0.014
   0.90317     -8.228249  0.000  0.015  0.000  0.015
   0.93140     -8.229667  0.000  0.017  0.000  0.017
   0.95962     -8.230702  0.000  0.018  0.000  0.018
   0.98785     -8.231512  0.000  0.017  0.000  0.017
   1.01607     -8.232350  0.000  0.017  0.000  0.017
   1.04430     -8.232949  0.000  0.018  0.000  0.018
   1.07252     -8.233162  0.000  0.019  0.000  0.019
   1.07252     -8.233162  0.000  0.019  0.000  0.019
   1.11243     -8.232571  0.000  0.018  0.000  0.018
   1.15235     -8.231143  0.000  0.019  0.000  0.019
   1.19226     -8.230065  0.000  0.021  0.000  0.021
   1.23218     -8.228922  0.000  0.020  0.000  0.020
   1.27209     -8.226568  0.000  0.025  0.000  0.025
   1.31201     -8.225201  0.000  0.007  0.000  0.007
   1.35192     -8.221241  0.000  0.011  0.000  0.011
   1.39184     -8.212457  0.002  0.064  0.000  0.066
   1.43176     -8.206015  0.000  0.005  0.000  0.005
   1.47167     -8.201426  0.000  0.004  0.000  0.004
   1.51159     -8.158823  0.000  0.008  0.000  0.008
   1.55150     -8.054826  0.001  0.004  0.000  0.004
   1.59142     -7.951238  0.002  0.004  0.000  0.004
   1.63133     -7.852677  0.002  0.002  0.000  0.002
   1.67125     -7.763178  0.002  0.002  0.000  0.002
   1.71116     -7.687025  0.001  0.002  0.000  0.002
   1.75108     -7.628552  0.001  0.002  0.000  0.002
   1.79099     -7.591627  0.001  0.002  0.000  0.002
   1.83091     -7.578987  0.001  0.002  0.000  0.002
 
# Band-Index:   42
   1.83091     -7.458528  0.004  0.006  0.000  0.010
   1.79099     -7.471810  0.004  0.006  0.000  0.010
   1.75108     -7.510538  0.004  0.006  0.000  0.010
   1.71116     -7.571661  0.004  0.006  0.000  0.010
   1.67125     -7.650924  0.004  0.008  0.000  0.012
   1.63133     -7.743646  0.004  0.008  0.000  0.012
   1.59142     -7.845301  0.004  0.008  0.000  0.012
   1.55150     -7.951774  0.004  0.009  0.000  0.013
   1.51159     -8.059279  0.004  0.014  0.000  0.018
   1.47167     -8.162525  0.004  0.027  0.000  0.029
   1.43176     -8.201278  0.000  0.004  0.000  0.004
   1.39184     -8.205940  0.000  0.017  0.000  0.018
   1.35192     -8.211835  0.000  0.007  0.000  0.007
   1.31201     -8.221010  0.000  0.015  0.000  0.015
   1.27209     -8.226370  0.000  0.010  0.000  0.010
   1.23218     -8.227339  0.000  0.012  0.000  0.012
   1.19226     -8.228100  0.000  0.014  0.000  0.014
   1.15235     -8.229720  0.000  0.021  0.000  0.021
   1.11243     -8.230248  0.000  0.022  0.000  0.022
   1.07252     -8.230180  0.000  0.023  0.000  0.023
   1.07252     -8.230180  0.000  0.023  0.000  0.023
   1.04430     -8.230252  0.000  0.022  0.000  0.022
   1.01607     -8.230228  0.000  0.022  0.000  0.022
   0.98785     -8.229852  0.000  0.020  0.000  0.020
   0.95962     -8.228893  0.000  0.017  0.000  0.017
   0.93140     -8.227374  0.000  0.015  0.000  0.015
   0.90317     -8.225516  0.000  0.012  0.000  0.012
   0.87495     -8.223488  0.000  0.011  0.000  0.011
   0.84673     -8.220891  0.000  0.013  0.000  0.013
   0.81850     -8.219078  0.000  0.011  0.000  0.011
   0.79028     -8.215417  0.000  0.003  0.000  0.003
   0.76205     -8.212850  0.000  0.002  0.000  0.002
   0.73383     -8.206351  0.000  0.002  0.000  0.002
   0.70561     -8.203870  0.000  0.002  0.000  0.002
   0.67738     -8.201563  0.000  0.002  0.000  0.002
   0.64916     -8.199515  0.000  0.002  0.000  0.002
   0.62093     -8.193567  0.002  0.023  0.000  0.027
   0.59271     -8.171484  0.002  0.028  0.000  0.030
   0.56448     -8.156555  0.002  0.026  0.000  0.028
   0.53626     -8.151401  0.003  0.025  0.000  0.028
   0.53626     -8.151401  0.003  0.025  0.000  0.028
   0.50804     -8.147965  0.004  0.024  0.000  0.027
   0.47981     -8.137628  0.004  0.022  0.000  0.026
   0.45159     -8.120357  0.004  0.020  0.000  0.024
   0.42336     -8.096232  0.004  0.016  0.000  0.020
   0.39514     -8.065480  0.004  0.014  0.000  0.018
   0.36691     -8.028478  0.004  0.012  0.000  0.016
   0.33869     -7.985746  0.004  0.010  0.000  0.014
   0.31047     -7.937944  0.004  0.008  0.000  0.012
   0.28224     -7.885892  0.004  0.008  0.000  0.012
   0.25402     -7.830596  0.004  0.007  0.000  0.011
   0.22579     -7.773272  0.004  0.008  0.000  0.012
   0.19757     -7.715378  0.004  0.008  0.000  0.012
   0.16935     -7.658627  0.004  0.008  0.000  0.012
   0.14112     -7.604982  0.004  0.006  0.000  0.010
   0.11290     -7.556611  0.004  0.006  0.000  0.010
   0.08467     -7.515782  0.004  0.006  0.000  0.010
   0.05645     -7.484684  0.004  0.006  0.000  0.010
   0.02822     -7.465179  0.004  0.006  0.000  0.010
   0.00000     -7.458528  0.004  0.006  0.000  0.010
 
# Band-Index:   43
   0.00000     -7.282218  0.008  0.016  0.000  0.024
   0.02822     -7.289168  0.008  0.016  0.000  0.024
   0.05645     -7.309525  0.008  0.015  0.000  0.024
   0.08467     -7.341907  0.008  0.014  0.000  0.024
   0.11290     -7.384295  0.008  0.014  0.000  0.023
   0.14112     -7.434343  0.008  0.016  0.000  0.024
   0.16935     -7.489654  0.008  0.016  0.000  0.024
   0.19757     -7.547966  0.008  0.014  0.000  0.024
   0.22579     -7.607262  0.008  0.016  0.000  0.025
   0.25402     -7.665808  0.008  0.016  0.000  0.024
   0.28224     -7.722146  0.008  0.018  0.000  0.026
   0.31047     -7.775077  0.008  0.018  0.000  0.026
   0.33869     -7.823622  0.008  0.018  0.000  0.028
   0.36691     -7.866996  0.008  0.018  0.000  0.027
   0.39514     -7.904577  0.008  0.020  0.000  0.028
   0.42336     -7.935883  0.008  0.022  0.000  0.030
   0.45159     -7.960556  0.008  0.024  0.000  0.032
   0.47981     -7.978341  0.008  0.024  0.000  0.032
   0.50804     -7.989072  0.008  0.026  0.000  0.034
   0.53626     -7.992660  0.008  0.026  0.000  0.034
   0.53626     -7.992660  0.008  0.026  0.000  0.034
   0.56448     -7.998184  0.008  0.026  0.000  0.034
   0.59271     -8.014433  0.008  0.026  0.000  0.034
   0.62093     -8.040485  0.008  0.029  0.000  0.037
   0.64916     -8.074914  0.008  0.032  0.000  0.039
   0.67738     -8.115898  0.008  0.038  0.000  0.046
   0.70561     -8.161161  0.007  0.054  0.000  0.062
   0.73383     -8.206096  0.006  0.059  0.000  0.065
   0.76205     -8.208926  0.000  0.002  0.000  0.002
   0.79028     -8.214644  0.006  0.060  0.000  0.066
   0.81850     -8.217794  0.000  0.005  0.000  0.005
   0.84673     -8.219280  0.000  0.009  0.000  0.009
   0.87495     -8.222602  0.000  0.013  0.000  0.013
   0.90317     -8.224186  0.000  0.014  0.000  0.014
   0.93140     -8.225602  0.000  0.015  0.000  0.015
   0.95962     -8.226814  0.000  0.016  0.000  0.016
   0.98785     -8.227790  0.000  0.016  0.000  0.016
   1.01607     -8.228506  0.000  0.016  0.000  0.016
   1.04430     -8.228944  0.000  0.017  0.000  0.017
   1.07252     -8.229090  0.000  0.017  0.000  0.017
   1.07252     -8.229090  0.000  0.017  0.000  0.017
   1.11243     -8.228980  0.000  0.016  0.000  0.016
   1.15235     -8.228649  0.000  0.015  0.000  0.015
   1.19226     -8.227475  0.000  0.016  0.000  0.016
   1.23218     -8.224240  0.000  0.015  0.000  0.015
   1.27209     -8.221376  0.000  0.014  0.000  0.014
   1.31201     -8.215507  0.000  0.008  0.000  0.008
   1.35192     -8.207943  0.000  0.008  0.000  0.008
   1.39184     -8.200721  0.004  0.046  0.000  0.050
   1.43176     -8.112050  0.008  0.037  0.000  0.045
   1.47167     -8.009086  0.008  0.024  0.000  0.032
   1.51159     -7.901073  0.008  0.018  0.000  0.027
   1.55150     -7.791019  0.008  0.017  0.000  0.026
   1.59142     -7.682017  0.008  0.016  0.000  0.024
   1.63133     -7.577640  0.008  0.014  0.000  0.023
   1.67125     -7.482064  0.008  0.016  0.000  0.024
   1.71116     -7.400015  0.008  0.016  0.000  0.025
   1.75108     -7.336482  0.008  0.014  0.000  0.024
   1.79099     -7.296095  0.008  0.015  0.000  0.024
   1.83091     -7.282218  0.008  0.016  0.000  0.024
 
# Band-Index:   44
   1.83091     -7.147964  0.008  0.016  0.000  0.024
   1.79099     -7.162772  0.008  0.016  0.000  0.024
   1.75108     -7.205753  0.008  0.016  0.000  0.024
   1.71116     -7.273041  0.008  0.014  0.000  0.022
   1.67125     -7.359424  0.008  0.016  0.000  0.024
   1.63133     -7.459430  0.008  0.014  0.000  0.022
   1.59142     -7.568017  0.008  0.016  0.000  0.024
   1.55150     -7.680844  0.008  0.015  0.000  0.023
   1.51159     -7.794308  0.008  0.016  0.000  0.024
   1.47167     -7.905437  0.008  0.018  0.000  0.026
   1.43176     -8.011730  0.008  0.023  0.000  0.030
   1.39184     -8.110886  0.008  0.032  0.000  0.040
   1.35192     -8.199473  0.006  0.083  0.000  0.089
   1.31201     -8.211810  0.000  0.008  0.000  0.008
   1.27209     -8.218418  0.000  0.011  0.000  0.011
   1.23218     -8.220194  0.000  0.013  0.000  0.013
   1.19226     -8.223493  0.000  0.015  0.000  0.015
   1.15235     -8.226301  0.000  0.016  0.000  0.016
   1.11243     -8.228264  0.000  0.017  0.000  0.017
   1.07252     -8.229090  0.000  0.017  0.000  0.017
   1.07252     -8.229090  0.000  0.017  0.000  0.017
   1.04430     -8.228734  0.000  0.017  0.000  0.017
   1.01607     -8.227882  0.000  0.017  0.000  0.017
   0.98785     -8.226697  0.000  0.015  0.000  0.015
   0.95962     -8.225220  0.000  0.014  0.000  0.014
   0.93140     -8.223480  0.000  0.012  0.000  0.012
   0.90317     -8.221534  0.000  0.012  0.000  0.012
   0.87495     -8.219791  0.000  0.012  0.000  0.012
   0.84673     -8.216542  0.000  0.005  0.000  0.005
   0.81850     -8.214096  0.000  0.004  0.000  0.004
   0.79028     -8.211528  0.000  0.003  0.000  0.003
   0.76205     -8.164960  0.007  0.048  0.000  0.056
   0.73383     -8.113054  0.008  0.033  0.000  0.041
   0.70561     -8.062128  0.008  0.026  0.000  0.034
   0.67738     -8.014253  0.008  0.024  0.000  0.031
   0.64916     -7.971416  0.008  0.022  0.000  0.030
   0.62093     -7.935548  0.008  0.021  0.000  0.029
   0.59271     -7.908426  0.008  0.020  0.000  0.028
   0.56448     -7.891508  0.008  0.020  0.000  0.028
   0.53626     -7.885755  0.008  0.020  0.000  0.028
   0.53626     -7.885755  0.008  0.020  0.000  0.028
   0.50804     -7.882079  0.008  0.020  0.000  0.028
   0.47981     -7.871085  0.008  0.020  0.000  0.028
   0.45159     -7.852872  0.008  0.018  0.000  0.026
   0.42336     -7.827610  0.008  0.018  0.000  0.026
   0.39514     -7.795550  0.008  0.018  0.000  0.026
   0.36691     -7.757042  0.008  0.016  0.000  0.024
   0.33869     -7.712554  0.008  0.016  0.000  0.024
   0.31047     -7.662685  0.008  0.016  0.000  0.024
   0.28224     -7.608200  0.008  0.016  0.000  0.024
   0.25402     -7.550054  0.008  0.016  0.000  0.024
   0.22579     -7.489442  0.008  0.014  0.000  0.022
   0.19757     -7.427830  0.008  0.014  0.000  0.023
   0.16935     -7.366990  0.008  0.016  0.000  0.024
   0.14112     -7.309021  0.008  0.016  0.000  0.024
   0.11290     -7.256316  0.008  0.014  0.000  0.022
   0.08467     -7.211473  0.008  0.015  0.000  0.024
   0.05645     -7.177075  0.008  0.016  0.000  0.024
   0.02822     -7.155382  0.008  0.016  0.000  0.024
   0.00000     -7.147964  0.008  0.016  0.000  0.024
 
# Band-Index:   45
   0.00000     -6.988522  0.002  0.006  0.000  0.008
   0.02822     -6.996463  0.002  0.006  0.000  0.008
   0.05645     -7.019639  0.002  0.006  0.000  0.008
   0.08467     -7.056267  0.002  0.005  0.000  0.008
   0.11290     -7.103809  0.002  0.004  0.000  0.008
   0.14112     -7.159422  0.002  0.004  0.000  0.007
   0.16935     -7.220296  0.002  0.004  0.000  0.007
   0.19757     -7.283895  0.002  0.004  0.000  0.006
   0.22579     -7.348035  0.002  0.004  0.000  0.006
   0.25402     -7.410910  0.002  0.004  0.000  0.006
   0.28224     -7.471039  0.002  0.004  0.000  0.006
   0.31047     -7.527239  0.002  0.006  0.000  0.008
   0.33869     -7.578566  0.002  0.006  0.000  0.008
   0.36691     -7.624277  0.002  0.006  0.000  0.008
   0.39514     -7.663792  0.002  0.006  0.000  0.008
   0.42336     -7.696659  0.002  0.006  0.000  0.008
   0.45159     -7.722537  0.002  0.005  0.000  0.008
   0.47981     -7.741184  0.002  0.005  0.000  0.008
   0.50804     -7.752439  0.002  0.005  0.000  0.008
   0.53626     -7.756203  0.002  0.005  0.000  0.008
   0.53626     -7.756203  0.002  0.005  0.000  0.008
   0.56448     -7.762136  0.002  0.005  0.000  0.008
   0.59271     -7.779580  0.002  0.005  0.000  0.008
   0.62093     -7.807520  0.002  0.005  0.000  0.008
   0.64916     -7.844435  0.002  0.004  0.000  0.007
   0.67738     -7.888492  0.002  0.004  0.000  0.007
   0.70561     -7.937735  0.002  0.004  0.000  0.007
   0.73383     -7.990228  0.002  0.005  0.000  0.008
   0.76205     -8.044161  0.002  0.006  0.000  0.008
   0.79028     -8.097904  0.002  0.007  0.000  0.009
   0.81850     -8.150001  0.002  0.009  0.000  0.011
   0.84673     -8.199069  0.002  0.015  0.000  0.017
   0.87495     -8.218398  0.000  0.007  0.000  0.007
   0.90317     -8.218480  0.000  0.010  0.000  0.010
   0.93140     -8.218111  0.000  0.010  0.000  0.010
   0.95962     -8.217730  0.000  0.011  0.000  0.011
   0.98785     -8.217405  0.000  0.011  0.000  0.011
   1.01607     -8.217160  0.000  0.011  0.000  0.011
   1.04430     -8.217008  0.000  0.012  0.000  0.012
   1.07252     -8.216957  0.000  0.012  0.000  0.012
   1.07252     -8.216957  0.000  0.012  0.000  0.012
   1.11243     -8.217059  0.000  0.011  0.000  0.012
   1.15235     -8.217354  0.000  0.011  0.000  0.011
   1.19226     -8.217791  0.000  0.011  0.000  0.011
   1.23218     -8.218092  0.000  0.010  0.000  0.010
   1.27209     -8.215723  0.000  0.010  0.000  0.010
   1.31201     -8.164715  0.002  0.011  0.000  0.013
   1.35192     -8.081745  0.002  0.006  0.000  0.008
   1.39184     -7.988616  0.002  0.004  0.000  0.007
   1.43176     -7.886786  0.002  0.004  0.000  0.007
   1.47167     -7.777873  0.002  0.005  0.000  0.007
   1.51159     -7.663812  0.002  0.006  0.000  0.008
   1.55150     -7.546960  0.002  0.005  0.000  0.007
   1.59142     -7.430241  0.002  0.004  0.000  0.006
   1.63133     -7.317294  0.002  0.004  0.000  0.006
   1.67125     -7.212617  0.002  0.004  0.000  0.007
   1.71116     -7.121587  0.002  0.004  0.000  0.008
   1.75108     -7.050211  0.002  0.005  0.000  0.008
   1.79099     -7.004367  0.002  0.006  0.000  0.008
   1.83091     -6.988522  0.002  0.006  0.000  0.008
 
# Band-Index:   46
   1.83091     -4.355366  0.000  0.006  0.000  0.007
   1.79099     -4.346089  0.000  0.006  0.000  0.006
   1.75108     -4.318350  0.000  0.006  0.000  0.006
   1.71116     -4.272438  0.000  0.006  0.000  0.006
   1.67125     -4.208842  0.000  0.006  0.000  0.006
   1.63133     -4.128276  0.000  0.006  0.000  0.006
   1.59142     -4.050392  0.000  0.010  0.000  0.010
   1.55150     -4.031332  0.000  0.010  0.000  0.011
   1.51159     -4.010866  0.000  0.011  0.000  0.012
   1.47167     -3.988837  0.000  0.012  0.000  0.012
   1.43176     -3.965510  0.000  0.012  0.000  0.012
   1.39184     -3.941329  0.000  0.012  0.000  0.012
   1.35192     -3.916912  0.000  0.012  0.000  0.012
   1.31201     -3.892987  0.000  0.012  0.000  0.012
   1.27209     -3.870404  0.000  0.012  0.000  0.013
   1.23218     -3.850098  0.000  0.012  0.000  0.013
   1.19226     -3.833010  0.000  0.012  0.000  0.013
   1.15235     -3.820035  0.000  0.012  0.000  0.014
   1.11243     -3.811920  0.000  0.012  0.000  0.014
   1.07252     -3.809150  0.000  0.012  0.000  0.014
   1.07252     -3.809150  0.000  0.012  0.000  0.014
   1.04430     -3.810538  0.000  0.012  0.000  0.014
   1.01607     -3.814633  0.000  0.012  0.000  0.014
   0.98785     -3.821267  0.000  0.012  0.000  0.014
   0.95962     -3.830173  0.000  0.012  0.000  0.013
   0.93140     -3.841008  0.000  0.012  0.000  0.013
   0.90317     -3.853381  0.000  0.012  0.000  0.013
   0.87495     -3.866876  0.000  0.012  0.000  0.012
   0.84673     -3.881071  0.000  0.012  0.000  0.012
   0.81850     -3.895574  0.000  0.012  0.000  0.012
   0.79028     -3.910025  0.000  0.012  0.000  0.012
   0.76205     -3.924172  0.000  0.011  0.000  0.012
   0.73383     -3.937987  0.000  0.010  0.000  0.011
   0.70561     -3.952568  0.000  0.008  0.000  0.010
   0.67738     -3.982931  0.000  0.004  0.000  0.004
   0.64916     -4.065358  0.000  0.005  0.000  0.006
   0.62093     -4.144746  0.000  0.005  0.000  0.005
   0.59271     -4.204193  0.000  0.005  0.000  0.005
   0.56448     -4.240792  0.000  0.004  0.000  0.004
   0.53626     -4.253158  0.000  0.004  0.000  0.004
   0.53626     -4.253158  0.000  0.004  0.000  0.004
   0.50804     -4.253901  0.000  0.004  0.000  0.004
   0.47981     -4.256142  0.000  0.004  0.000  0.004
   0.45159     -4.259789  0.000  0.004  0.000  0.004
   0.42336     -4.264717  0.000  0.004  0.000  0.005
   0.39514     -4.270767  0.000  0.005  0.000  0.005
   0.36691     -4.277748  0.000  0.005  0.000  0.005
   0.33869     -4.285436  0.000  0.004  0.000  0.005
   0.31047     -4.293602  0.000  0.004  0.000  0.004
   0.28224     -4.302012  0.000  0.005  0.000  0.005
   0.25402     -4.310429  0.000  0.005  0.000  0.005
   0.22579     -4.318628  0.000  0.005  0.000  0.005
   0.19757     -4.326398  0.000  0.005  0.000  0.006
   0.16935     -4.333541  0.000  0.006  0.000  0.006
   0.14112     -4.339889  0.000  0.006  0.000  0.006
   0.11290     -4.345293  0.000  0.006  0.000  0.006
   0.08467     -4.349627  0.000  0.006  0.000  0.006
   0.05645     -4.352793  0.000  0.006  0.000  0.006
   0.02822     -4.354719  0.000  0.006  0.000  0.006
   0.00000     -4.355366  0.000  0.006  0.000  0.007
 
# Band-Index:   47
   0.00000     -4.355366  0.000  0.006  0.000  0.007
   0.02822     -4.350037  0.000  0.007  0.000  0.007
   0.05645     -4.348089  0.000  0.007  0.000  0.007
   0.08467     -4.344890  0.000  0.006  0.000  0.007
   0.11290     -4.340506  0.000  0.006  0.000  0.007
   0.14112     -4.335038  0.000  0.006  0.000  0.006
   0.16935     -4.328608  0.000  0.006  0.000  0.006
   0.19757     -4.321363  0.000  0.006  0.000  0.006
   0.22579     -4.313473  0.000  0.006  0.000  0.007
   0.25402     -4.305136  0.000  0.006  0.000  0.006
   0.28224     -4.296565  0.000  0.006  0.000  0.006
   0.31047     -4.287992  0.000  0.005  0.000  0.006
   0.33869     -4.279653  0.000  0.005  0.000  0.006
   0.36691     -4.271790  0.000  0.006  0.000  0.006
   0.39514     -4.264645  0.000  0.006  0.000  0.006
   0.42336     -4.258440  0.000  0.005  0.000  0.006
   0.45159     -4.253379  0.000  0.005  0.000  0.005
   0.47981     -4.249634  0.000  0.005  0.000  0.005
   0.50804     -4.247332  0.000  0.005  0.000  0.005
   0.53626     -4.246557  0.000  0.005  0.000  0.005
   0.53626     -4.246557  0.000  0.005  0.000  0.005
   0.56448     -4.234407  0.000  0.005  0.000  0.005
   0.59271     -4.198423  0.000  0.005  0.000  0.005
   0.62093     -4.140004  0.000  0.006  0.000  0.006
   0.64916     -4.061412  0.000  0.006  0.000  0.006
   0.67738     -3.963939  0.000  0.008  0.000  0.008
   0.70561     -3.850576  0.000  0.011  0.000  0.011
   0.73383     -3.728504  0.000  0.016  0.000  0.017
   0.76205     -3.626138  0.002  0.035  0.000  0.037
   0.79028     -3.577017  0.002  0.050  0.000  0.052
   0.81850     -3.548887  0.002  0.056  0.000  0.058
   0.84673     -3.526392  0.002  0.056  0.000  0.060
   0.87495     -3.506221  0.002  0.058  0.000  0.060
   0.90317     -3.487692  0.002  0.060  0.000  0.062
   0.93140     -3.470882  0.002  0.062  0.000  0.064
   0.95962     -3.456156  0.002  0.062  0.000  0.064
   0.98785     -3.443990  0.002  0.064  0.000  0.066
   1.01607     -3.434866  0.002  0.064  0.000  0.066
   1.04430     -3.429206  0.002  0.066  0.000  0.068
   1.07252     -3.427282  0.002  0.066  0.000  0.068
   1.07252     -3.427282  0.002  0.066  0.000  0.068
   1.11243     -3.431121  0.002  0.064  0.000  0.068
   1.15235     -3.442335  0.002  0.064  0.000  0.066
   1.19226     -3.460147  0.002  0.062  0.000  0.064
   1.23218     -3.483434  0.002  0.060  0.000  0.062
   1.27209     -3.510954  0.002  0.058  0.000  0.061
   1.31201     -3.541511  0.002  0.059  0.000  0.062
   1.35192     -3.574077  0.002  0.058  0.000  0.060
   1.39184     -3.607919  0.002  0.056  0.000  0.058
   1.43176     -3.642720  0.002  0.054  0.000  0.056
   1.47167     -3.678885  0.002  0.052  0.000  0.054
   1.51159     -3.795124  0.000  0.005  0.000  0.005
   1.55150     -3.920117  0.000  0.005  0.000  0.005
   1.59142     -4.031647  0.000  0.005  0.000  0.006
   1.63133     -4.123372  0.000  0.006  0.000  0.006
   1.67125     -4.204035  0.000  0.006  0.000  0.006
   1.71116     -4.267691  0.000  0.006  0.000  0.007
   1.75108     -4.313645  0.000  0.007  0.000  0.007
   1.79099     -4.341405  0.000  0.007  0.000  0.007
   1.83091     -4.355366  0.000  0.006  0.000  0.007
 
# Band-Index:   48
   1.83091     -4.350691  0.000  0.007  0.000  0.007
   1.79099     -4.336002  0.000  0.006  0.000  0.007
   1.75108     -4.283892  0.000  0.007  0.000  0.007
   1.71116     -4.237156  0.000  0.007  0.000  0.007
   1.67125     -4.172434  0.000  0.006  0.000  0.007
   1.63133     -4.090443  0.000  0.006  0.000  0.006
   1.59142     -4.026609  0.000  0.007  0.000  0.007
   1.55150     -3.914899  0.000  0.007  0.000  0.008
   1.51159     -3.789669  0.000  0.007  0.000  0.007
   1.47167     -3.658424  0.000  0.007  0.000  0.007
   1.43176     -3.512160  0.000  0.006  0.000  0.006
   1.39184     -3.358903  0.000  0.006  0.000  0.006
   1.35192     -3.246441  0.002  0.110  0.000  0.115
   1.31201     -3.194455  0.002  0.116  0.000  0.121
   1.27209     -3.148175  0.002  0.122  0.000  0.125
   1.23218     -3.107903  0.002  0.122  0.000  0.126
   1.19226     -3.095971  0.002  0.012  0.000  0.015
   1.15235     -3.109004  0.001  0.012  0.000  0.013
   1.11243     -3.117419  0.002  0.011  0.000  0.014
   1.07252     -3.120301  0.002  0.011  0.000  0.014
   1.07252     -3.120301  0.002  0.011  0.000  0.014
   1.04430     -3.118852  0.002  0.011  0.000  0.014
   1.01607     -3.114505  0.002  0.011  0.000  0.014
   0.98785     -3.107309  0.001  0.011  0.000  0.013
   0.95962     -3.097330  0.001  0.012  0.000  0.013
   0.93140     -3.087354  0.002  0.134  0.000  0.136
   0.90317     -3.116718  0.002  0.126  0.000  0.129
   0.87495     -3.157683  0.002  0.111  0.000  0.114
   0.84673     -3.224203  0.002  0.081  0.000  0.083
   0.81850     -3.327176  0.000  0.049  0.000  0.049
   0.79028     -3.453783  0.000  0.030  0.000  0.031
   0.76205     -3.587503  0.000  0.021  0.000  0.022
   0.73383     -3.718574  0.000  0.018  0.000  0.018
   0.70561     -3.840772  0.000  0.015  0.000  0.017
   0.67738     -3.935217  0.000  0.019  0.000  0.022
   0.64916     -4.013746  0.000  0.005  0.000  0.006
   0.62093     -4.092652  0.000  0.005  0.000  0.005
   0.59271     -4.150961  0.000  0.005  0.000  0.005
   0.56448     -4.186746  0.000  0.005  0.000  0.005
   0.53626     -4.198807  0.000  0.005  0.000  0.005
   0.53626     -4.198807  0.000  0.005  0.000  0.005
   0.50804     -4.199724  0.000  0.005  0.000  0.005
   0.47981     -4.202436  0.000  0.004  0.000  0.005
   0.45159     -4.206846  0.000  0.004  0.000  0.004
   0.42336     -4.212808  0.000  0.004  0.000  0.004
   0.39514     -4.220117  0.000  0.004  0.000  0.005
   0.36691     -4.228533  0.000  0.005  0.000  0.005
   0.33869     -4.237798  0.000  0.005  0.000  0.005
   0.31047     -4.247625  0.000  0.005  0.000  0.005
   0.28224     -4.257730  0.000  0.004  0.000  0.006
   0.25402     -4.267833  0.000  0.005  0.000  0.006
   0.22579     -4.277664  0.000  0.006  0.000  0.006
   0.19757     -4.286969  0.000  0.006  0.000  0.006
   0.16935     -4.295517  0.000  0.006  0.000  0.006
   0.14112     -4.303105  0.000  0.006  0.000  0.007
   0.11290     -4.309559  0.000  0.007  0.000  0.007
   0.08467     -4.314731  0.000  0.007  0.000  0.007
   0.05645     -4.318506  0.000  0.006  0.000  0.007
   0.02822     -4.341661  0.000  0.006  0.000  0.007
   0.00000     -4.350691  0.000  0.007  0.000  0.007
 
# Band-Index:   49
   0.00000     -4.350691  0.000  0.007  0.000  0.007
   0.02822     -4.337249  0.000  0.007  0.000  0.007
   0.05645     -4.312352  0.000  0.004  0.000  0.005
   0.08467     -4.308458  0.000  0.004  0.000  0.004
   0.11290     -4.303117  0.000  0.004  0.000  0.004
   0.14112     -4.296441  0.000  0.004  0.000  0.004
   0.16935     -4.288572  0.000  0.004  0.000  0.004
   0.19757     -4.279684  0.000  0.005  0.000  0.005
   0.22579     -4.269985  0.000  0.004  0.000  0.005
   0.25402     -4.259706  0.000  0.004  0.000  0.004
   0.28224     -4.249107  0.000  0.004  0.000  0.004
   0.31047     -4.238471  0.000  0.004  0.000  0.004
   0.33869     -4.228092  0.000  0.004  0.000  0.004
   0.36691     -4.218279  0.000  0.004  0.000  0.004
   0.39514     -4.209336  0.000  0.003  0.000  0.003
   0.42336     -4.201553  0.000  0.003  0.000  0.003
   0.45159     -4.195188  0.000  0.003  0.000  0.003
   0.47981     -4.190469  0.000  0.003  0.000  0.003
   0.50804     -4.187566  0.000  0.003  0.000  0.003
   0.53626     -4.186585  0.000  0.003  0.000  0.003
   0.53626     -4.186585  0.000  0.003  0.000  0.003
   0.56448     -4.174611  0.000  0.003  0.000  0.003
   0.59271     -4.139071  0.000  0.003  0.000  0.003
   0.62093     -4.081105  0.000  0.004  0.000  0.004
   0.64916     -4.002851  0.000  0.006  0.000  0.006
   0.67738     -3.916849  0.000  0.005  0.000  0.005
   0.70561     -3.805763  0.000  0.006  0.000  0.006
   0.73383     -3.686783  0.000  0.007  0.000  0.007
   0.76205     -3.564630  0.000  0.010  0.000  0.010
   0.79028     -3.427218  0.000  0.014  0.000  0.014
   0.81850     -3.282570  0.000  0.018  0.000  0.018
   0.84673     -3.138004  0.000  0.023  0.000  0.025
   0.87495     -3.051920  0.002  0.012  0.000  0.014
   0.90317     -3.069474  0.002  0.012  0.000  0.014
   0.93140     -3.084671  0.001  0.011  0.000  0.014
   0.95962     -3.089670  0.003  0.014  0.000  0.016
   0.98785     -3.099101  0.003  0.014  0.000  0.017
   1.01607     -3.105878  0.003  0.014  0.000  0.016
   1.04430     -3.109964  0.003  0.014  0.000  0.016
   1.07252     -3.111326  0.003  0.014  0.000  0.016
   1.07252     -3.111326  0.003  0.014  0.000  0.016
   1.11243     -3.108622  0.003  0.014  0.000  0.016
   1.15235     -3.100806  0.003  0.014  0.000  0.017
   1.19226     -3.089874  0.002  0.024  0.000  0.026
   1.23218     -3.079378  0.002  0.013  0.000  0.015
   1.27209     -3.063178  0.002  0.013  0.000  0.016
   1.31201     -3.054103  0.002  0.021  0.000  0.024
   1.35192     -3.201795  0.000  0.006  0.000  0.006
   1.39184     -3.352458  0.000  0.007  0.000  0.007
   1.43176     -3.506066  0.000  0.007  0.000  0.007
   1.47167     -3.652677  0.000  0.007  0.000  0.007
   1.51159     -3.751691  0.000  0.007  0.000  0.007
   1.55150     -3.878714  0.000  0.007  0.000  0.007
   1.59142     -3.992134  0.000  0.006  0.000  0.007
   1.63133     -4.083338  0.000  0.004  0.000  0.004
   1.67125     -4.165726  0.000  0.004  0.000  0.004
   1.71116     -4.230740  0.000  0.004  0.000  0.004
   1.75108     -4.280662  0.000  0.008  0.000  0.008
   1.79099     -4.331795  0.000  0.007  0.000  0.008
   1.83091     -4.350691  0.000  0.007  0.000  0.007
 
# Band-Index:   50
   1.83091     -4.321583  0.000  0.006  0.000  0.006
   1.79099     -4.312128  0.000  0.006  0.000  0.006
   1.75108     -4.277676  0.000  0.004  0.000  0.004
   1.71116     -4.197259  0.000  0.008  0.000  0.008
   1.67125     -4.107817  0.000  0.004  0.000  0.004
   1.63133     -4.069892  0.000  0.007  0.000  0.008
   1.59142     -3.984514  0.000  0.005  0.000  0.005
   1.55150     -3.870441  0.000  0.004  0.000  0.006
   1.51159     -3.742620  0.000  0.004  0.000  0.005
   1.47167     -3.612923  0.000  0.006  0.000  0.007
   1.43176     -3.464713  0.000  0.008  0.000  0.008
   1.39184     -3.309930  0.000  0.008  0.000  0.008
   1.35192     -3.195120  0.000  0.008  0.000  0.008
   1.31201     -3.044673  0.000  0.006  0.000  0.006
   1.27209     -3.053240  0.002  0.016  0.000  0.019
   1.23218     -3.069548  0.002  0.022  0.000  0.025
   1.19226     -3.068172  0.002  0.126  0.000  0.129
   1.15235     -3.042519  0.002  0.142  0.000  0.144
   1.11243     -3.028324  0.002  0.009  0.000  0.011
   1.07252     -3.030667  0.002  0.009  0.000  0.011
   1.07252     -3.030667  0.002  0.009  0.000  0.011
   1.04430     -3.029487  0.002  0.009  0.000  0.011
   1.01607     -3.030864  0.002  0.146  0.000  0.148
   0.98785     -3.045123  0.002  0.142  0.000  0.144
   0.95962     -3.063979  0.002  0.140  0.000  0.142
   0.93140     -3.077658  0.003  0.014  0.000  0.017
   0.90317     -3.063158  0.002  0.014  0.000  0.016
   0.87495     -3.046308  0.002  0.013  0.000  0.016
   0.84673     -3.093091  0.000  0.017  0.000  0.017
   0.81850     -3.238347  0.000  0.014  0.000  0.015
   0.79028     -3.384604  0.000  0.010  0.000  0.010
   0.76205     -3.527773  0.000  0.008  0.000  0.009
   0.73383     -3.664213  0.000  0.006  0.000  0.007
   0.70561     -3.790571  0.000  0.005  0.000  0.005
   0.67738     -3.903191  0.000  0.003  0.000  0.003
   0.64916     -3.958800  0.000  0.014  0.000  0.014
   0.62093     -3.981176  0.000  0.000  0.000  0.000
   0.59271     -4.037908  0.000  0.000  0.000  0.000
   0.56448     -4.072716  0.000  0.000  0.000  0.000
   0.53626     -4.084446  0.000  0.000  0.000  0.000
   0.53626     -4.084446  0.000  0.000  0.000  0.000
   0.50804     -4.085464  0.000  0.000  0.000  0.000
   0.47981     -4.088476  0.000  0.000  0.000  0.000
   0.45159     -4.093369  0.000  0.000  0.000  0.000
   0.42336     -4.099961  0.000  0.000  0.000  0.000
   0.39514     -4.108010  0.000  0.000  0.000  0.000
   0.36691     -4.117243  0.000  0.000  0.000  0.000
   0.33869     -4.127355  0.000  0.000  0.000  0.000
   0.31047     -4.138028  0.000  0.000  0.000  0.000
   0.28224     -4.148945  0.000  0.000  0.000  0.000
   0.25402     -4.159802  0.000  0.000  0.000  0.000
   0.22579     -4.170312  0.000  0.000  0.000  0.000
   0.19757     -4.180215  0.000  0.000  0.000  0.000
   0.16935     -4.189273  0.000  0.000  0.000  0.000
   0.14112     -4.197284  0.000  0.000  0.000  0.000
   0.11290     -4.204073  0.000  0.000  0.000  0.000
   0.08467     -4.238071  0.000  0.008  0.000  0.008
   0.05645     -4.301530  0.000  0.008  0.000  0.008
   0.02822     -4.320803  0.000  0.006  0.000  0.006
   0.00000     -4.321583  0.000  0.006  0.000  0.006
 
# Band-Index:   51
   0.00000     -4.321583  0.000  0.006  0.000  0.006
   0.02822     -4.314719  0.000  0.004  0.000  0.005
   0.05645     -4.297550  0.000  0.008  0.000  0.008
   0.08467     -4.233263  0.000  0.009  0.000  0.011
   0.11290     -4.157467  0.000  0.007  0.000  0.007
   0.14112     -4.092508  0.000  0.004  0.000  0.004
   0.16935     -4.075339  0.000  0.010  0.000  0.010
   0.19757     -4.065209  0.000  0.012  0.000  0.012
   0.22579     -4.055634  0.000  0.012  0.000  0.013
   0.25402     -4.045956  0.000  0.012  0.000  0.013
   0.28224     -4.036172  0.000  0.012  0.000  0.014
   0.31047     -4.026446  0.000  0.012  0.000  0.014
   0.33869     -4.017009  0.000  0.012  0.000  0.014
   0.36691     -4.008114  0.000  0.012  0.000  0.014
   0.39514     -4.000019  0.000  0.012  0.000  0.014
   0.42336     -3.992982  0.000  0.012  0.000  0.014
   0.45159     -3.987234  0.000  0.012  0.000  0.014
   0.47981     -3.982972  0.000  0.012  0.000  0.014
   0.50804     -3.980347  0.000  0.012  0.000  0.014
   0.53626     -3.979477  0.000  0.012  0.000  0.014
   0.53626     -3.979477  0.000  0.012  0.000  0.014
   0.56448     -3.978328  0.000  0.012  0.000  0.014
   0.59271     -3.974877  0.000  0.013  0.000  0.014
   0.62093     -3.968870  0.000  0.014  0.000  0.014
   0.64916     -3.904411  0.000  0.000  0.000  0.000
   0.67738     -3.810376  0.000  0.000  0.000  0.000
   0.70561     -3.703628  0.000  0.004  0.000  0.004
   0.73383     -3.595965  0.000  0.014  0.000  0.016
   0.76205     -3.495266  0.000  0.024  0.000  0.026
   0.79028     -3.368638  0.000  0.019  0.000  0.019
   0.81850     -3.228277  0.000  0.018  0.000  0.018
   0.84673     -3.087024  0.000  0.020  0.000  0.020
   0.87495     -2.998505  0.000  0.035  0.000  0.035
   0.90317     -2.988783  0.002  0.009  0.000  0.011
   0.93140     -3.001417  0.002  0.009  0.000  0.011
   0.95962     -3.011873  0.002  0.008  0.000  0.010
   0.98785     -3.020066  0.002  0.009  0.000  0.010
   1.01607     -3.025945  0.002  0.009  0.000  0.010
   1.04430     -3.021857  0.002  0.148  0.000  0.151
   1.07252     -3.018761  0.002  0.149  0.000  0.152
   1.07252     -3.018761  0.002  0.149  0.000  0.152
   1.11243     -3.024927  0.002  0.147  0.000  0.150
   1.15235     -3.021571  0.002  0.009  0.000  0.010
   1.19226     -3.011335  0.002  0.009  0.000  0.011
   1.23218     -2.999556  0.002  0.009  0.000  0.011
   1.27209     -2.990149  0.002  0.013  0.000  0.015
   1.31201     -3.038990  0.002  0.015  0.000  0.017
   1.35192     -3.152276  0.000  0.010  0.000  0.010
   1.39184     -3.305696  0.002  0.102  0.000  0.106
   1.43176     -3.453628  0.000  0.005  0.000  0.006
   1.47167     -3.602902  0.000  0.005  0.000  0.006
   1.51159     -3.718310  0.002  0.048  0.000  0.050
   1.55150     -3.770785  0.000  0.000  0.000  0.000
   1.59142     -3.884988  0.000  0.000  0.000  0.000
   1.63133     -3.983965  0.000  0.000  0.000  0.000
   1.67125     -4.074255  0.000  0.018  0.000  0.022
   1.71116     -4.187815  0.000  0.012  0.000  0.015
   1.75108     -4.276258  0.000  0.008  0.000  0.009
   1.79099     -4.306030  0.000  0.004  0.000  0.005
   1.83091     -4.321583  0.000  0.006  0.000  0.006
 
# Band-Index:   52
   1.83091     -4.315514  0.000  0.004  0.000  0.005
   1.79099     -4.303176  0.000  0.006  0.000  0.006
   1.75108     -4.249405  0.000  0.006  0.000  0.006
   1.71116     -4.164259  0.000  0.007  0.000  0.007
   1.67125     -4.066509  0.000  0.000  0.000  0.000
   1.63133     -3.948024  0.001  0.026  0.000  0.028
   1.59142     -3.837572  0.002  0.032  0.000  0.034
   1.55150     -3.766552  0.002  0.042  0.000  0.045
   1.51159     -3.642876  0.000  0.000  0.000  0.000
   1.47167     -3.503148  0.000  0.000  0.000  0.000
   1.43176     -3.375453  0.002  0.090  0.000  0.093
   1.39184     -3.297754  0.000  0.007  0.000  0.007
   1.35192     -3.139223  0.000  0.008  0.000  0.008
   1.31201     -3.038224  0.000  0.007  0.000  0.007
   1.27209     -2.974648  0.001  0.009  0.000  0.010
   1.23218     -2.981458  0.001  0.008  0.000  0.010
   1.19226     -2.991138  0.001  0.008  0.000  0.009
   1.15235     -2.999954  0.001  0.007  0.000  0.008
   1.11243     -3.005893  0.001  0.007  0.000  0.008
   1.07252     -3.007967  0.001  0.007  0.000  0.008
   1.07252     -3.007967  0.001  0.007  0.000  0.008
   1.04430     -3.006920  0.001  0.007  0.000  0.008
   1.01607     -3.003800  0.001  0.007  0.000  0.008
   0.98785     -2.998631  0.001  0.007  0.000  0.008
   0.95962     -2.991469  0.001  0.007  0.000  0.008
   0.93140     -2.982412  0.001  0.007  0.000  0.009
   0.90317     -2.971662  0.001  0.008  0.000  0.009
   0.87495     -2.974113  0.002  0.009  0.000  0.010
   0.84673     -3.032285  0.002  0.011  0.000  0.013
   0.81850     -3.140203  0.000  0.004  0.000  0.004
   0.79028     -3.280523  0.000  0.006  0.000  0.006
   0.76205     -3.412867  0.000  0.012  0.000  0.012
   0.73383     -3.513675  0.002  0.038  0.000  0.040
   0.70561     -3.559951  0.002  0.054  0.000  0.056
   0.67738     -3.582712  0.002  0.056  0.000  0.058
   0.64916     -3.597547  0.002  0.056  0.000  0.058
   0.62093     -3.608023  0.002  0.056  0.000  0.058
   0.59271     -3.615183  0.002  0.056  0.000  0.058
   0.56448     -3.619393  0.002  0.056  0.000  0.058
   0.53626     -3.620785  0.002  0.056  0.000  0.058
   0.53626     -3.620785  0.002  0.056  0.000  0.058
   0.50804     -3.622221  0.002  0.056  0.000  0.058
   0.47981     -3.626477  0.002  0.056  0.000  0.058
   0.45159     -3.633383  0.002  0.056  0.000  0.058
   0.42336     -3.642691  0.002  0.056  0.000  0.058
   0.39514     -3.654118  0.002  0.056  0.000  0.058
   0.36691     -3.667408  0.002  0.054  0.000  0.058
   0.33869     -3.682411  0.002  0.054  0.000  0.056
   0.31047     -3.699223  0.002  0.054  0.000  0.056
   0.28224     -3.718496  0.002  0.052  0.000  0.054
   0.25402     -3.742254  0.002  0.050  0.000  0.052
   0.22579     -3.776348  0.002  0.044  0.000  0.047
   0.19757     -3.835851  0.002  0.032  0.000  0.035
   0.16935     -3.934090  0.001  0.024  0.000  0.025
   0.14112     -4.044989  0.000  0.017  0.000  0.019
   0.11290     -4.147409  0.000  0.013  0.000  0.013
   0.08467     -4.209500  0.000  0.000  0.000  0.000
   0.05645     -4.269542  0.000  0.006  0.000  0.006
   0.02822     -4.308413  0.000  0.006  0.000  0.006
   0.00000     -4.315514  0.000  0.004  0.000  0.005
 
# Band-Index:   53
   0.00000     -4.315514  0.000  0.004  0.000  0.005
   0.02822     -4.302514  0.000  0.004  0.000  0.005
   0.05645     -4.264081  0.000  0.005  0.000  0.005
   0.08467     -4.206748  0.000  0.006  0.000  0.006
   0.11290     -4.122893  0.000  0.007  0.000  0.008
   0.14112     -4.033785  0.001  0.029  0.000  0.032
   0.16935     -3.928622  0.001  0.025  0.000  0.027
   0.19757     -3.811905  0.001  0.029  0.000  0.030
   0.22579     -3.693894  0.002  0.037  0.000  0.039
   0.25402     -3.583909  0.002  0.050  0.000  0.052
   0.28224     -3.490491  0.002  0.066  0.000  0.068
   0.31047     -3.418349  0.002  0.080  0.000  0.083
   0.33869     -3.365482  0.002  0.091  0.000  0.094
   0.36691     -3.326240  0.002  0.097  0.000  0.102
   0.39514     -3.295870  0.002  0.100  0.000  0.106
   0.42336     -3.271722  0.002  0.102  0.000  0.108
   0.45159     -3.252717  0.002  0.106  0.000  0.108
   0.47981     -3.238726  0.002  0.107  0.000  0.110
   0.50804     -3.230063  0.002  0.108  0.000  0.110
   0.53626     -3.227123  0.002  0.108  0.000  0.110
   0.53626     -3.227123  0.002  0.108  0.000  0.110
   0.56448     -3.225886  0.002  0.108  0.000  0.110
   0.59271     -3.222180  0.002  0.108  0.000  0.110
   0.62093     -3.216000  0.002  0.108  0.000  0.110
   0.64916     -3.207328  0.002  0.108  0.000  0.111
   0.67738     -3.196114  0.002  0.108  0.000  0.110
   0.70561     -3.182221  0.002  0.108  0.000  0.110
   0.73383     -3.165341  0.002  0.106  0.000  0.110
   0.76205     -3.144713  0.002  0.102  0.000  0.107
   0.79028     -3.118409  0.002  0.096  0.000  0.098
   0.81850     -3.081234  0.002  0.082  0.000  0.083
   0.84673     -3.027321  0.002  0.012  0.000  0.015
   0.87495     -2.959567  0.001  0.008  0.000  0.008
   0.90317     -2.870256  0.000  0.060  0.000  0.060
   0.93140     -2.863573  0.000  0.002  0.000  0.002
   0.95962     -2.869316  0.000  0.000  0.000  0.000
   0.98785     -2.874787  0.000  0.000  0.000  0.000
   1.01607     -2.879133  0.000  0.000  0.000  0.000
   1.04430     -2.881895  0.000  0.000  0.000  0.000
   1.07252     -2.882839  0.000  0.000  0.000  0.000
   1.07252     -2.882839  0.000  0.000  0.000  0.000
   1.11243     -2.880986  0.000  0.000  0.000  0.000
   1.15235     -2.876017  0.000  0.000  0.000  0.000
   1.19226     -2.870048  0.000  0.002  0.000  0.002
   1.23218     -2.868387  0.000  0.013  0.000  0.013
   1.27209     -2.892682  0.000  0.003  0.000  0.003
   1.31201     -2.996739  0.000  0.011  0.000  0.011
   1.35192     -3.070993  0.002  0.049  0.000  0.051
   1.39184     -3.198589  0.000  0.000  0.000  0.000
   1.43176     -3.354007  0.000  0.000  0.000  0.000
   1.47167     -3.460143  0.002  0.076  0.000  0.078
   1.51159     -3.563051  0.002  0.059  0.000  0.062
   1.55150     -3.682909  0.002  0.045  0.000  0.047
   1.59142     -3.812934  0.002  0.036  0.000  0.037
   1.63133     -3.941976  0.001  0.032  0.000  0.034
   1.67125     -4.054608  0.000  0.022  0.000  0.023
   1.71116     -4.160050  0.000  0.008  0.000  0.009
   1.75108     -4.244410  0.000  0.006  0.000  0.006
   1.79099     -4.297426  0.000  0.005  0.000  0.005
   1.83091     -4.315514  0.000  0.004  0.000  0.005
 
# Band-Index:   54
   1.83091     -4.216668  0.000  0.000  0.000  0.000
   1.79099     -4.207151  0.000  0.000  0.000  0.000
   1.75108     -4.178722  0.000  0.000  0.000  0.000
   1.71116     -4.131669  0.000  0.000  0.000  0.000
   1.67125     -4.051745  0.000  0.013  0.000  0.013
   1.63133     -3.925321  0.000  0.012  0.000  0.013
   1.59142     -3.784946  0.000  0.026  0.000  0.028
   1.55150     -3.636344  0.000  0.039  0.000  0.041
   1.51159     -3.489360  0.002  0.052  0.000  0.053
   1.47167     -3.351997  0.003  0.064  0.000  0.066
   1.43176     -3.231182  0.004  0.072  0.000  0.076
   1.39184     -3.133739  0.003  0.072  0.000  0.076
   1.35192     -3.041443  0.000  0.000  0.000  0.000
   1.31201     -2.991092  0.001  0.021  0.000  0.023
   1.27209     -2.887655  0.000  0.005  0.000  0.005
   1.23218     -2.828197  0.000  0.010  0.000  0.010
   1.19226     -2.815042  0.000  0.007  0.000  0.007
   1.15235     -2.804897  0.000  0.005  0.000  0.005
   1.11243     -2.798467  0.000  0.005  0.000  0.005
   1.07252     -2.796272  0.000  0.004  0.000  0.004
   1.07252     -2.796272  0.000  0.004  0.000  0.004
   1.04430     -2.797593  0.000  0.004  0.000  0.004
   1.01607     -2.801522  0.000  0.004  0.000  0.004
   0.98785     -2.807936  0.000  0.005  0.000  0.005
   0.95962     -2.816619  0.000  0.005  0.000  0.005
   0.93140     -2.827261  0.000  0.006  0.000  0.006
   0.90317     -2.858970  0.000  0.003  0.000  0.004
   0.87495     -2.953987  0.000  0.019  0.000  0.019
   0.84673     -3.021295  0.000  0.051  0.000  0.052
   0.81850     -3.010990  0.001  0.011  0.001  0.014
   0.79028     -2.988746  0.001  0.010  0.001  0.012
   0.76205     -2.967131  0.001  0.008  0.001  0.010
   0.73383     -2.954237  0.000  0.005  0.001  0.006
   0.70561     -2.961913  0.000  0.003  0.000  0.003
   0.67738     -2.972730  0.000  0.002  0.000  0.003
   0.64916     -2.982744  0.000  0.002  0.000  0.002
   0.62093     -2.991064  0.000  0.003  0.000  0.003
   0.59271     -2.997262  0.000  0.003  0.000  0.003
   0.56448     -3.001077  0.000  0.003  0.000  0.003
   0.53626     -3.002360  0.000  0.003  0.000  0.003
   0.53626     -3.002360  0.000  0.003  0.000  0.003
   0.50804     -3.001276  0.000  0.003  0.000  0.003
   0.47981     -2.998038  0.000  0.003  0.000  0.003
   0.45159     -2.992794  0.000  0.003  0.000  0.004
   0.42336     -2.991429  0.001  0.067  0.000  0.069
   0.39514     -3.025959  0.004  0.092  0.000  0.095
   0.36691     -3.086471  0.004  0.088  0.000  0.090
   0.33869     -3.170595  0.004  0.074  0.000  0.074
   0.31047     -3.274139  0.002  0.059  0.000  0.061
   0.28224     -3.392654  0.000  0.046  0.000  0.050
   0.25402     -3.521014  0.000  0.036  0.000  0.040
   0.22579     -3.653630  0.000  0.028  0.000  0.030
   0.19757     -3.784356  0.000  0.019  0.000  0.021
   0.16935     -3.907147  0.000  0.010  0.000  0.011
   0.14112     -4.020823  0.000  0.007  0.000  0.008
   0.11290     -4.118811  0.000  0.009  0.000  0.009
   0.08467     -4.201871  0.000  0.006  0.000  0.006
   0.05645     -4.213453  0.000  0.000  0.000  0.000
   0.02822     -4.215856  0.000  0.000  0.000  0.000
   0.00000     -4.216668  0.000  0.000  0.000  0.000
 
# Band-Index:   55
   0.00000     -4.216668  0.000  0.000  0.000  0.000
   0.02822     -4.204010  0.000  0.000  0.000  0.000
   0.05645     -4.166682  0.000  0.000  0.000  0.000
   0.08467     -4.106562  0.000  0.000  0.000  0.000
   0.11290     -4.073069  0.002  0.017  0.000  0.018
   0.14112     -4.013835  0.000  0.004  0.000  0.004
   0.16935     -3.898355  0.000  0.009  0.000  0.010
   0.19757     -3.770071  0.000  0.012  0.000  0.013
   0.22579     -3.633753  0.000  0.017  0.000  0.017
   0.25402     -3.493808  0.000  0.021  0.000  0.021
   0.28224     -3.354753  0.000  0.025  0.000  0.026
   0.31047     -3.221294  0.000  0.030  0.000  0.032
   0.33869     -3.098322  0.001  0.035  0.000  0.038
   0.36691     -2.992493  0.002  0.034  0.000  0.037
   0.39514     -2.976791  0.000  0.003  0.000  0.003
   0.42336     -2.985202  0.000  0.007  0.000  0.007
   0.45159     -2.974020  0.000  0.041  0.000  0.042
   0.47981     -2.965219  0.000  0.022  0.000  0.024
   0.50804     -2.960655  0.000  0.012  0.000  0.012
   0.53626     -2.959215  0.000  0.009  0.000  0.009
   0.53626     -2.959215  0.000  0.009  0.000  0.009
   0.56448     -2.958290  0.000  0.008  0.000  0.008
   0.59271     -2.955595  0.000  0.008  0.000  0.008
   0.62093     -2.951404  0.000  0.008  0.000  0.010
   0.64916     -2.946313  0.000  0.008  0.000  0.008
   0.67738     -2.941600  0.000  0.006  0.000  0.006
   0.70561     -2.940336  0.000  0.006  0.000  0.006
   0.73383     -2.947664  0.000  0.006  0.001  0.007
   0.76205     -2.963195  0.001  0.010  0.001  0.012
   0.79028     -2.984628  0.001  0.010  0.001  0.013
   0.81850     -3.006545  0.002  0.012  0.001  0.014
   0.84673     -2.999852  0.000  0.004  0.000  0.004
   0.87495     -2.952289  0.000  0.021  0.000  0.022
   0.90317     -2.839420  0.000  0.006  0.000  0.006
   0.93140     -2.788230  0.000  0.097  0.000  0.098
   0.95962     -2.781880  0.000  0.005  0.000  0.005
   0.98785     -2.787990  0.000  0.004  0.000  0.004
   1.01607     -2.792556  0.000  0.005  0.000  0.005
   1.04430     -2.795339  0.000  0.004  0.000  0.004
   1.07252     -2.796272  0.000  0.004  0.000  0.004
   1.07252     -2.796272  0.000  0.004  0.000  0.004
   1.11243     -2.794848  0.000  0.004  0.000  0.004
   1.15235     -2.790674  0.000  0.004  0.000  0.004
   1.19226     -2.794629  0.000  0.054  0.000  0.055
   1.23218     -2.820899  0.000  0.064  0.000  0.064
   1.27209     -2.882775  0.000  0.051  0.000  0.051
   1.31201     -2.983691  0.000  0.010  0.000  0.010
   1.35192     -3.034087  0.002  0.015  0.000  0.017
   1.39184     -3.072777  0.002  0.033  0.000  0.035
   1.43176     -3.174251  0.002  0.038  0.000  0.040
   1.47167     -3.306860  0.000  0.036  0.000  0.037
   1.51159     -3.456854  0.000  0.031  0.000  0.032
   1.55150     -3.613878  0.000  0.024  0.000  0.025
   1.59142     -3.769533  0.000  0.017  0.000  0.018
   1.63133     -3.916166  0.000  0.010  0.000  0.010
   1.67125     -4.038479  0.000  0.010  0.000  0.010
   1.71116     -4.073518  0.002  0.017  0.000  0.019
   1.75108     -4.148579  0.000  0.000  0.000  0.000
   1.79099     -4.199278  0.000  0.000  0.000  0.000
   1.83091     -4.216668  0.000  0.000  0.000  0.000
 
# Band-Index:   56
   1.83091     -4.091731  0.000  0.015  0.000  0.016
   1.79099     -4.090001  0.000  0.015  0.000  0.016
   1.75108     -4.084528  0.002  0.016  0.000  0.017
   1.71116     -4.068846  0.000  0.001  0.000  0.001
   1.67125     -3.967131  0.000  0.002  0.000  0.002
   1.63133     -3.851604  0.000  0.004  0.000  0.004
   1.59142     -3.722032  0.000  0.004  0.000  0.005
   1.55150     -3.573743  0.000  0.005  0.000  0.005
   1.51159     -3.417403  0.000  0.006  0.000  0.006
   1.47167     -3.266222  0.000  0.007  0.000  0.008
   1.43176     -3.136892  0.000  0.007  0.000  0.009
   1.39184     -3.052361  0.000  0.010  0.000  0.011
   1.35192     -3.011406  0.000  0.023  0.000  0.024
   1.31201     -2.977582  0.001  0.013  0.000  0.014
   1.27209     -2.851792  0.000  0.011  0.000  0.011
   1.23218     -2.779837  0.000  0.000  0.000  0.000
   1.19226     -2.784259  0.000  0.003  0.000  0.003
   1.15235     -2.772911  0.000  0.035  0.000  0.036
   1.11243     -2.759034  0.000  0.019  0.000  0.019
   1.07252     -2.754302  0.000  0.012  0.000  0.012
   1.07252     -2.754302  0.000  0.012  0.000  0.012
   1.04430     -2.755481  0.000  0.016  0.000  0.016
   1.01607     -2.758984  0.000  0.024  0.000  0.024
   0.98785     -2.764687  0.000  0.037  0.000  0.038
   0.95962     -2.772636  0.000  0.055  0.000  0.055
   0.93140     -2.774614  0.000  0.004  0.000  0.004
   0.90317     -2.834883  0.000  0.007  0.000  0.008
   0.87495     -2.930265  0.000  0.025  0.000  0.026
   0.84673     -2.957668  0.001  0.009  0.000  0.010
   0.81850     -2.940202  0.001  0.007  0.000  0.008
   0.79028     -2.930686  0.000  0.001  0.000  0.003
   0.76205     -2.933680  0.000  0.000  0.000  0.000
   0.73383     -2.933042  0.000  0.002  0.000  0.003
   0.70561     -2.917390  0.000  0.004  0.000  0.004
   0.67738     -2.902747  0.000  0.004  0.000  0.004
   0.64916     -2.892539  0.000  0.006  0.000  0.006
   0.62093     -2.886354  0.000  0.008  0.000  0.010
   0.59271     -2.882977  0.000  0.010  0.000  0.012
   0.56448     -2.881364  0.000  0.012  0.000  0.012
   0.53626     -2.880892  0.000  0.012  0.000  0.012
   0.53626     -2.880892  0.000  0.012  0.000  0.012
   0.50804     -2.881215  0.000  0.012  0.000  0.012
   0.47981     -2.883165  0.000  0.010  0.000  0.010
   0.45159     -2.898615  0.000  0.065  0.000  0.067
   0.42336     -2.924258  0.000  0.032  0.000  0.032
   0.39514     -2.949022  0.000  0.004  0.000  0.004
   0.36691     -2.977753  0.000  0.007  0.000  0.007
   0.33869     -3.066219  0.000  0.007  0.000  0.007
   0.31047     -3.184197  0.000  0.005  0.000  0.005
   0.28224     -3.317669  0.000  0.005  0.000  0.005
   0.25402     -3.456938  0.000  0.004  0.000  0.004
   0.22579     -3.594021  0.000  0.004  0.000  0.004
   0.19757     -3.719493  0.000  0.006  0.000  0.006
   0.16935     -3.829263  0.000  0.004  0.000  0.004
   0.14112     -3.932243  0.000  0.002  0.000  0.002
   0.11290     -4.026822  0.000  0.000  0.000  0.000
   0.08467     -4.083265  0.002  0.016  0.000  0.018
   0.05645     -4.088202  0.001  0.016  0.000  0.016
   0.02822     -4.090870  0.000  0.015  0.000  0.016
   0.00000     -4.091731  0.000  0.015  0.000  0.016
 
# Band-Index:   57
   0.00000     -3.739420  0.002  0.052  0.000  0.056
   0.02822     -3.737898  0.002  0.052  0.000  0.056
   0.05645     -3.733200  0.002  0.052  0.000  0.054
   0.08467     -3.724784  0.002  0.052  0.000  0.054
   0.11290     -3.711354  0.002  0.050  0.000  0.052
   0.14112     -3.689626  0.002  0.048  0.000  0.050
   0.16935     -3.651277  0.002  0.040  0.000  0.042
   0.19757     -3.581463  0.000  0.026  0.000  0.026
   0.22579     -3.477163  0.000  0.012  0.000  0.012
   0.25402     -3.355116  0.000  0.006  0.000  0.006
   0.28224     -3.230021  0.000  0.004  0.000  0.004
   0.31047     -3.110319  0.000  0.004  0.000  0.004
   0.33869     -3.027632  0.000  0.006  0.000  0.007
   0.36691     -2.971057  0.000  0.002  0.000  0.003
   0.39514     -2.932839  0.000  0.005  0.000  0.005
   0.42336     -2.904358  0.000  0.004  0.000  0.004
   0.45159     -2.889423  0.000  0.007  0.000  0.007
   0.47981     -2.878835  0.002  0.088  0.000  0.091
   0.50804     -2.866849  0.002  0.104  0.000  0.106
   0.53626     -2.862803  0.002  0.108  0.000  0.110
   0.53626     -2.862803  0.002  0.108  0.000  0.110
   0.56448     -2.862251  0.002  0.108  0.000  0.110
   0.59271     -2.860609  0.002  0.108  0.000  0.108
   0.62093     -2.857887  0.002  0.106  0.000  0.108
   0.64916     -2.854119  0.002  0.104  0.000  0.106
   0.67738     -2.862305  0.000  0.002  0.000  0.002
   0.70561     -2.880312  0.000  0.004  0.000  0.004
   0.73383     -2.893056  0.000  0.001  0.000  0.001
   0.76205     -2.904231  0.000  0.002  0.000  0.002
   0.79028     -2.920506  0.000  0.006  0.000  0.007
   0.81850     -2.935024  0.001  0.006  0.000  0.007
   0.84673     -2.946845  0.001  0.008  0.000  0.009
   0.87495     -2.865181  0.000  0.006  0.000  0.006
   0.90317     -2.831206  0.000  0.021  0.000  0.022
   0.93140     -2.767843  0.000  0.014  0.000  0.014
   0.95962     -2.764461  0.000  0.014  0.000  0.014
   0.98785     -2.760594  0.000  0.014  0.000  0.014
   1.01607     -2.757262  0.000  0.013  0.000  0.013
   1.04430     -2.755062  0.000  0.012  0.000  0.012
   1.07252     -2.754302  0.000  0.012  0.000  0.012
   1.07252     -2.754302  0.000  0.012  0.000  0.012
   1.11243     -2.753484  0.000  0.012  0.000  0.012
   1.15235     -2.751412  0.000  0.012  0.000  0.012
   1.19226     -2.750016  0.000  0.009  0.000  0.010
   1.23218     -2.764388  0.000  0.000  0.000  0.000
   1.27209     -2.843984  0.000  0.031  0.000  0.033
   1.31201     -2.913210  0.000  0.067  0.000  0.070
   1.35192     -3.001435  0.001  0.021  0.000  0.021
   1.39184     -3.034077  0.000  0.014  0.000  0.015
   1.43176     -3.067442  0.000  0.006  0.000  0.007
   1.47167     -3.174875  0.000  0.005  0.000  0.006
   1.51159     -3.299366  0.000  0.007  0.000  0.007
   1.55150     -3.429598  0.000  0.013  0.000  0.016
   1.59142     -3.546251  0.000  0.026  0.000  0.028
   1.63133     -3.629859  0.002  0.040  0.000  0.042
   1.67125     -3.679880  0.002  0.048  0.000  0.050
   1.71116     -3.709268  0.002  0.050  0.000  0.053
   1.75108     -3.726827  0.002  0.052  0.000  0.054
   1.79099     -3.736369  0.002  0.052  0.000  0.055
   1.83091     -3.739420  0.002  0.052  0.000  0.056
 
# Band-Index:   58
   1.83091     -3.343346  0.002  0.076  0.000  0.080
   1.79099     -3.340702  0.002  0.074  0.000  0.080
   1.75108     -3.332713  0.002  0.074  0.000  0.078
   1.71116     -3.319177  0.002  0.072  0.000  0.076
   1.67125     -3.299738  0.002  0.070  0.000  0.074
   1.63133     -3.273874  0.002  0.064  0.000  0.069
   1.59142     -3.240932  0.002  0.060  0.000  0.062
   1.55150     -3.200513  0.002  0.050  0.000  0.051
   1.51159     -3.153605  0.000  0.038  0.000  0.038
   1.47167     -3.104686  0.000  0.024  0.000  0.026
   1.43176     -3.062268  0.000  0.016  0.000  0.017
   1.39184     -2.979022  0.000  0.014  0.000  0.016
   1.35192     -2.939302  0.000  0.049  0.000  0.051
   1.31201     -2.890874  0.000  0.002  0.000  0.002
   1.27209     -2.843467  0.000  0.016  0.000  0.017
   1.23218     -2.758991  0.000  0.000  0.000  0.000
   1.19226     -2.692132  0.000  0.017  0.000  0.018
   1.15235     -2.674791  0.000  0.029  0.000  0.029
   1.11243     -2.670800  0.000  0.031  0.000  0.032
   1.07252     -2.670081  0.000  0.032  0.000  0.033
   1.07252     -2.670081  0.000  0.032  0.000  0.033
   1.04430     -2.670705  0.000  0.032  0.000  0.033
   1.01607     -2.672553  0.000  0.032  0.000  0.033
   0.98785     -2.675529  0.000  0.033  0.000  0.033
   0.95962     -2.688042  0.000  0.013  0.000  0.014
   0.93140     -2.744105  0.000  0.007  0.000  0.009
   0.90317     -2.817950  0.000  0.027  0.000  0.027
   0.87495     -2.857454  0.000  0.006  0.000  0.007
   0.84673     -2.866145  0.000  0.010  0.000  0.010
   0.81850     -2.877016  0.001  0.014  0.000  0.016
   0.79028     -2.881188  0.002  0.022  0.000  0.024
   0.76205     -2.874844  0.002  0.030  0.000  0.033
   0.73383     -2.862157  0.003  0.037  0.000  0.041
   0.70561     -2.843703  0.003  0.043  0.000  0.047
   0.67738     -2.849342  0.002  0.102  0.000  0.104
   0.64916     -2.844223  0.000  0.001  0.000  0.002
   0.62093     -2.829716  0.000  0.002  0.000  0.002
   0.59271     -2.819778  0.000  0.004  0.000  0.004
   0.56448     -2.814135  0.000  0.006  0.000  0.006
   0.53626     -2.812319  0.000  0.007  0.000  0.007
   0.53626     -2.812319  0.000  0.007  0.000  0.007
   0.50804     -2.814538  0.000  0.006  0.000  0.006
   0.47981     -2.822158  0.000  0.004  0.000  0.004
   0.45159     -2.837518  0.000  0.003  0.000  0.003
   0.42336     -2.864004  0.000  0.002  0.000  0.002
   0.39514     -2.906183  0.000  0.002  0.000  0.002
   0.36691     -2.963755  0.000  0.009  0.000  0.010
   0.33869     -2.999648  0.000  0.004  0.000  0.004
   0.31047     -3.091204  0.000  0.014  0.000  0.016
   0.28224     -3.151926  0.000  0.027  0.000  0.030
   0.25402     -3.202190  0.002  0.044  0.000  0.045
   0.22579     -3.240558  0.002  0.055  0.000  0.058
   0.19757     -3.269420  0.002  0.062  0.000  0.066
   0.16935     -3.291450  0.002  0.067  0.000  0.072
   0.14112     -3.308459  0.002  0.070  0.000  0.074
   0.11290     -3.321526  0.002  0.072  0.000  0.077
   0.08467     -3.331265  0.002  0.074  0.000  0.078
   0.05645     -3.338034  0.002  0.074  0.000  0.080
   0.02822     -3.342023  0.002  0.075  0.000  0.080
   0.00000     -3.343346  0.002  0.076  0.000  0.080
 
# Band-Index:   59
   0.00000     -3.046636  0.002  0.046  0.000  0.050
   0.02822     -3.046102  0.002  0.046  0.000  0.050
   0.05645     -3.044512  0.002  0.046  0.000  0.049
   0.08467     -3.041876  0.002  0.045  0.000  0.048
   0.11290     -3.038228  0.002  0.044  0.000  0.048
   0.14112     -3.033597  0.002  0.042  0.000  0.046
   0.16935     -3.028029  0.002  0.040  0.000  0.044
   0.19757     -3.021577  0.000  0.038  0.000  0.042
   0.22579     -3.014288  0.000  0.036  0.000  0.038
   0.25402     -3.006209  0.000  0.032  0.000  0.034
   0.28224     -2.997337  0.000  0.026  0.000  0.028
   0.31047     -2.987572  0.000  0.020  0.000  0.020
   0.33869     -2.976076  0.000  0.011  0.000  0.013
   0.36691     -2.959593  0.000  0.001  0.000  0.002
   0.39514     -2.894451  0.002  0.044  0.000  0.047
   0.42336     -2.825081  0.002  0.055  0.000  0.058
   0.45159     -2.775508  0.004  0.064  0.000  0.067
   0.47981     -2.744664  0.004  0.073  0.000  0.077
   0.50804     -2.728909  0.004  0.077  0.000  0.082
   0.53626     -2.725196  0.005  0.080  0.000  0.084
   0.53626     -2.725196  0.005  0.080  0.000  0.084
   0.56448     -2.731809  0.004  0.077  0.000  0.081
   0.59271     -2.749231  0.004  0.069  0.000  0.075
   0.62093     -2.772626  0.004  0.064  0.000  0.068
   0.64916     -2.797820  0.004  0.057  0.000  0.062
   0.67738     -2.821994  0.004  0.050  0.000  0.055
   0.70561     -2.843610  0.002  0.098  0.000  0.100
   0.73383     -2.858652  0.003  0.037  0.000  0.041
   0.76205     -2.869626  0.002  0.030  0.000  0.032
   0.79028     -2.868665  0.001  0.021  0.000  0.023
   0.81850     -2.863353  0.001  0.014  0.000  0.014
   0.84673     -2.858481  0.000  0.011  0.000  0.011
   0.87495     -2.852225  0.000  0.006  0.000  0.008
   0.90317     -2.781696  0.000  0.025  0.000  0.026
   0.93140     -2.741065  0.000  0.012  0.000  0.012
   0.95962     -2.679466  0.000  0.033  0.000  0.033
   0.98785     -2.668479  0.000  0.024  0.000  0.024
   1.01607     -2.666471  0.000  0.031  0.000  0.031
   1.04430     -2.668815  0.000  0.032  0.000  0.033
   1.07252     -2.670081  0.000  0.032  0.000  0.033
   1.07252     -2.670081  0.000  0.032  0.000  0.033
   1.11243     -2.668064  0.000  0.032  0.000  0.033
   1.15235     -2.662815  0.000  0.033  0.000  0.033
   1.19226     -2.656143  0.000  0.031  0.000  0.031
   1.23218     -2.745718  0.000  0.000  0.000  0.000
   1.27209     -2.842340  0.000  0.012  0.000  0.012
   1.31201     -2.865661  0.000  0.012  0.000  0.013
   1.35192     -2.903574  0.000  0.002  0.000  0.004
   1.39184     -2.945791  0.000  0.024  0.000  0.025
   1.43176     -2.959589  0.000  0.026  0.000  0.029
   1.47167     -2.971686  0.000  0.028  0.000  0.030
   1.51159     -2.984660  0.000  0.032  0.000  0.032
   1.55150     -2.997693  0.000  0.036  0.000  0.036
   1.59142     -3.009908  0.000  0.036  0.000  0.040
   1.63133     -3.020746  0.000  0.040  0.000  0.042
   1.67125     -3.029877  0.002  0.042  0.000  0.046
   1.71116     -3.037135  0.002  0.044  0.000  0.048
   1.75108     -3.042390  0.002  0.046  0.000  0.048
   1.79099     -3.045569  0.002  0.046  0.000  0.050
   1.83091     -3.046636  0.002  0.046  0.000  0.050
 
# Band-Index:   60
   1.83091     -2.866563  0.000  0.008  0.000  0.010
   1.79099     -2.867723  0.000  0.008  0.000  0.010
   1.75108     -2.871096  0.000  0.008  0.000  0.010
   1.71116     -2.876306  0.000  0.008  0.000  0.010
   1.67125     -2.882773  0.000  0.008  0.000  0.010
   1.63133     -2.889698  0.000  0.007  0.000  0.009
   1.59142     -2.896156  0.000  0.007  0.000  0.009
   1.55150     -2.901234  0.000  0.007  0.000  0.009
   1.51159     -2.904109  0.000  0.009  0.000  0.009
   1.47167     -2.904149  0.000  0.009  0.000  0.009
   1.43176     -2.900750  0.000  0.010  0.000  0.010
   1.39184     -2.892866  0.000  0.013  0.000  0.013
   1.35192     -2.879093  0.000  0.015  0.000  0.015
   1.31201     -2.861123  0.000  0.014  0.000  0.014
   1.27209     -2.772592  0.000  0.012  0.000  0.013
   1.23218     -2.700133  0.000  0.045  0.000  0.046
   1.19226     -2.645647  0.000  0.015  0.000  0.015
   1.15235     -2.623140  0.000  0.116  0.000  0.118
   1.11243     -2.611537  0.000  0.142  0.000  0.143
   1.07252     -2.601613  0.002  0.207  0.000  0.209
   1.07252     -2.601613  0.002  0.207  0.000  0.209
   1.04430     -2.608298  0.000  0.151  0.000  0.152
   1.01607     -2.619756  0.000  0.124  0.000  0.126
   0.98785     -2.638192  0.000  0.104  0.000  0.105
   0.95962     -2.674279  0.000  0.081  0.000  0.081
   0.93140     -2.728004  0.000  0.009  0.000  0.009
   0.90317     -2.769142  0.000  0.014  0.000  0.014
   0.87495     -2.793006  0.000  0.057  0.000  0.057
   0.84673     -2.803184  0.000  0.069  0.000  0.070
   0.81850     -2.812568  0.000  0.078  0.000  0.078
   0.79028     -2.821376  0.000  0.084  0.000  0.086
   0.76205     -2.829547  0.000  0.090  0.000  0.092
   0.73383     -2.836984  0.002  0.094  0.000  0.096
   0.70561     -2.840444  0.003  0.043  0.000  0.047
   0.67738     -2.818689  0.004  0.049  0.000  0.053
   0.64916     -2.794659  0.004  0.057  0.000  0.061
   0.62093     -2.769645  0.004  0.064  0.000  0.068
   0.59271     -2.746302  0.004  0.070  0.000  0.075
   0.56448     -2.728874  0.004  0.077  0.000  0.081
   0.53626     -2.722254  0.004  0.080  0.000  0.084
   0.53626     -2.722254  0.004  0.080  0.000  0.084
   0.50804     -2.722495  0.004  0.079  0.000  0.084
   0.47981     -2.721482  0.004  0.077  0.000  0.081
   0.45159     -2.725823  0.003  0.065  0.000  0.069
   0.42336     -2.750194  0.002  0.041  0.000  0.043
   0.39514     -2.809012  0.000  0.019  0.000  0.020
   0.36691     -2.896333  0.000  0.010  0.000  0.010
   0.33869     -2.954704  0.000  0.005  0.000  0.005
   0.31047     -2.943016  0.000  0.005  0.000  0.005
   0.28224     -2.931055  0.000  0.006  0.000  0.006
   0.25402     -2.919339  0.000  0.006  0.000  0.006
   0.22579     -2.908296  0.000  0.006  0.000  0.006
   0.19757     -2.898283  0.000  0.007  0.000  0.007
   0.16935     -2.889557  0.000  0.007  0.000  0.007
   0.14112     -2.882251  0.000  0.007  0.000  0.009
   0.11290     -2.876407  0.000  0.008  0.000  0.009
   0.08467     -2.871999  0.000  0.008  0.000  0.010
   0.05645     -2.868940  0.000  0.008  0.000  0.010
   0.02822     -2.867151  0.000  0.008  0.000  0.010
   0.00000     -2.866563  0.000  0.008  0.000  0.010
 
# Band-Index:   61
   0.00000     -2.369073  0.000  0.000  0.002  0.002
   0.02822     -2.372465  0.000  0.001  0.002  0.003
   0.05645     -2.382084  0.000  0.003  0.002  0.005
   0.08467     -2.396495  0.000  0.005  0.002  0.007
   0.11290     -2.413996  0.000  0.009  0.001  0.010
   0.14112     -2.433506  0.000  0.013  0.001  0.014
   0.16935     -2.455520  0.000  0.018  0.001  0.020
   0.19757     -2.479317  0.000  0.024  0.001  0.025
   0.22579     -2.503532  0.000  0.030  0.001  0.031
   0.25402     -2.527219  0.000  0.036  0.001  0.038
   0.28224     -2.549622  0.000  0.044  0.001  0.045
   0.31047     -2.570064  0.000  0.052  0.001  0.053
   0.33869     -2.587857  0.000  0.062  0.001  0.064
   0.36691     -2.601836  0.001  0.068  0.001  0.070
   0.39514     -2.609105  0.001  0.069  0.001  0.071
   0.42336     -2.608042  0.001  0.065  0.001  0.066
   0.45159     -2.603651  0.000  0.058  0.000  0.059
   0.47981     -2.594326  0.000  0.051  0.000  0.052
   0.50804     -2.584149  0.000  0.047  0.000  0.048
   0.53626     -2.579255  0.000  0.047  0.000  0.047
   0.53626     -2.579255  0.000  0.047  0.000  0.047
   0.56448     -2.581878  0.000  0.046  0.000  0.046
   0.59271     -2.593328  0.000  0.014  0.001  0.016
   0.62093     -2.620889  0.000  0.015  0.000  0.017
   0.64916     -2.646427  0.000  0.019  0.000  0.019
   0.67738     -2.668140  0.000  0.021  0.000  0.022
   0.70561     -2.684855  0.000  0.024  0.000  0.025
   0.73383     -2.696255  0.000  0.027  0.000  0.027
   0.76205     -2.710426  0.000  0.013  0.000  0.014
   0.79028     -2.729004  0.000  0.012  0.000  0.012
   0.81850     -2.745546  0.000  0.011  0.000  0.011
   0.84673     -2.758464  0.000  0.012  0.000  0.012
   0.87495     -2.766433  0.000  0.012  0.000  0.013
   0.90317     -2.759532  0.000  0.015  0.000  0.016
   0.93140     -2.698202  0.000  0.042  0.000  0.042
   0.95962     -2.641267  0.000  0.015  0.000  0.015
   0.98785     -2.595996  0.000  0.043  0.000  0.044
   1.01607     -2.594430  0.000  0.044  0.000  0.044
   1.04430     -2.593449  0.000  0.044  0.000  0.044
   1.07252     -2.593111  0.000  0.043  0.000  0.044
   1.07252     -2.593111  0.000  0.043  0.000  0.044
   1.11243     -2.595449  0.000  0.043  0.000  0.043
   1.15235     -2.606311  0.000  0.037  0.000  0.037
   1.19226     -2.632649  0.000  0.093  0.000  0.094
   1.23218     -2.696967  0.000  0.045  0.000  0.046
   1.27209     -2.746449  0.000  0.015  0.000  0.015
   1.31201     -2.734891  0.000  0.009  0.000  0.009
   1.35192     -2.715898  0.000  0.008  0.000  0.008
   1.39184     -2.693038  0.000  0.008  0.000  0.008
   1.43176     -2.666865  0.000  0.007  0.000  0.008
   1.47167     -2.637628  0.000  0.008  0.000  0.008
   1.51159     -2.605571  0.000  0.008  0.000  0.008
   1.55150     -2.571024  0.000  0.009  0.000  0.009
   1.59142     -2.534475  0.000  0.008  0.000  0.009
   1.63133     -2.496709  0.000  0.008  0.000  0.009
   1.67125     -2.459088  0.000  0.006  0.001  0.008
   1.71116     -2.423972  0.000  0.007  0.001  0.009
   1.75108     -2.394974  0.000  0.005  0.001  0.007
   1.79099     -2.375831  0.000  0.002  0.002  0.004
   1.83091     -2.369073  0.000  0.000  0.002  0.002
 
# Band-Index:   62
   1.83091     -2.365522  0.000  0.000  0.002  0.002
   1.79099     -2.371987  0.000  0.002  0.002  0.004
   1.75108     -2.389495  0.000  0.005  0.002  0.007
   1.71116     -2.414456  0.000  0.009  0.002  0.011
   1.67125     -2.443869  0.000  0.013  0.002  0.014
   1.63133     -2.475444  0.000  0.015  0.002  0.016
   1.59142     -2.507502  0.000  0.015  0.001  0.016
   1.55150     -2.538862  0.000  0.017  0.000  0.019
   1.51159     -2.568700  0.000  0.018  0.000  0.019
   1.47167     -2.596395  0.000  0.019  0.000  0.019
   1.43176     -2.621409  0.000  0.019  0.000  0.019
   1.39184     -2.643088  0.000  0.020  0.000  0.020
   1.35192     -2.660183  0.000  0.020  0.000  0.022
   1.31201     -2.668580  0.000  0.022  0.000  0.023
   1.27209     -2.647151  0.000  0.019  0.000  0.020
   1.23218     -2.649739  0.000  0.027  0.000  0.029
   1.19226     -2.595981  0.000  0.043  0.000  0.044
   1.15235     -2.569750  0.000  0.101  0.000  0.102
   1.11243     -2.582665  0.000  0.099  0.000  0.100
   1.07252     -2.593111  0.000  0.043  0.000  0.044
   1.07252     -2.593111  0.000  0.043  0.000  0.044
   1.04430     -2.587101  0.000  0.093  0.000  0.095
   1.01607     -2.581124  0.000  0.103  0.000  0.103
   0.98785     -2.589448  0.000  0.073  0.000  0.075
   0.95962     -2.598402  0.000  0.042  0.000  0.042
   0.93140     -2.684139  0.000  0.034  0.000  0.034
   0.90317     -2.740962  0.000  0.016  0.000  0.016
   0.87495     -2.749388  0.000  0.011  0.000  0.011
   0.84673     -2.736204  0.000  0.012  0.000  0.012
   0.81850     -2.721311  0.000  0.013  0.000  0.013
   0.79028     -2.705038  0.000  0.015  0.000  0.015
   0.76205     -2.701712  0.000  0.029  0.000  0.030
   0.73383     -2.690281  0.000  0.016  0.000  0.017
   0.70561     -2.670914  0.000  0.020  0.000  0.020
   0.67738     -2.651273  0.000  0.022  0.000  0.023
   0.64916     -2.630600  0.000  0.023  0.000  0.024
   0.62093     -2.608081  0.000  0.023  0.001  0.024
   0.59271     -2.589453  0.000  0.042  0.000  0.043
   0.56448     -2.566567  0.000  0.012  0.001  0.013
   0.53626     -2.550558  0.000  0.010  0.001  0.010
   0.53626     -2.550558  0.000  0.010  0.001  0.010
   0.50804     -2.549605  0.000  0.014  0.001  0.015
   0.47981     -2.560513  0.000  0.020  0.001  0.022
   0.45159     -2.581225  0.000  0.033  0.000  0.035
   0.42336     -2.601669  0.001  0.055  0.001  0.058
   0.39514     -2.603523  0.001  0.069  0.001  0.071
   0.36691     -2.592802  0.001  0.069  0.001  0.071
   0.33869     -2.575568  0.000  0.066  0.001  0.068
   0.31047     -2.553761  0.000  0.061  0.002  0.063
   0.28224     -2.529532  0.000  0.057  0.002  0.059
   0.25402     -2.505703  0.000  0.048  0.002  0.050
   0.22579     -2.485199  0.000  0.034  0.002  0.036
   0.19757     -2.467194  0.000  0.022  0.001  0.023
   0.16935     -2.449141  0.000  0.016  0.001  0.018
   0.14112     -2.429846  0.000  0.013  0.001  0.014
   0.11290     -2.409969  0.000  0.011  0.001  0.012
   0.08467     -2.392182  0.000  0.007  0.002  0.009
   0.05645     -2.378066  0.000  0.003  0.002  0.005
   0.02822     -2.368796  0.000  0.001  0.002  0.003
   0.00000     -2.365522  0.000  0.000  0.002  0.002
 
# Band-Index:   63
   0.00000     -2.294728  0.000  0.016  0.002  0.019
   0.02822     -2.299437  0.000  0.008  0.001  0.010
   0.05645     -2.314374  0.000  0.005  0.001  0.006
   0.08467     -2.334232  0.000  0.005  0.001  0.006
   0.11290     -2.356434  0.000  0.007  0.001  0.008
   0.14112     -2.380346  0.000  0.011  0.001  0.012
   0.16935     -2.405738  0.000  0.013  0.000  0.014
   0.19757     -2.431938  0.000  0.015  0.000  0.015
   0.22579     -2.457150  0.000  0.011  0.000  0.011
   0.25402     -2.477972  0.000  0.005  0.000  0.005
   0.28224     -2.492703  0.000  0.004  0.000  0.005
   0.31047     -2.503341  0.000  0.007  0.000  0.007
   0.33869     -2.511644  0.000  0.009  0.000  0.009
   0.36691     -2.518496  0.000  0.010  0.000  0.010
   0.39514     -2.524454  0.000  0.012  0.000  0.012
   0.42336     -2.529972  0.000  0.013  0.000  0.013
   0.45159     -2.535439  0.000  0.014  0.000  0.014
   0.47981     -2.541087  0.000  0.014  0.000  0.014
   0.50804     -2.545514  0.000  0.013  0.001  0.014
   0.53626     -2.543731  0.000  0.014  0.001  0.015
   0.53626     -2.543731  0.000  0.014  0.001  0.015
   0.56448     -2.559441  0.000  0.017  0.001  0.019
   0.59271     -2.583843  0.000  0.021  0.001  0.022
   0.62093     -2.601208  0.000  0.038  0.000  0.038
   0.64916     -2.616103  0.000  0.033  0.000  0.033
   0.67738     -2.633067  0.000  0.029  0.000  0.029
   0.70561     -2.651147  0.000  0.025  0.000  0.025
   0.73383     -2.669547  0.000  0.021  0.000  0.021
   0.76205     -2.687669  0.000  0.018  0.000  0.018
   0.79028     -2.703649  0.000  0.031  0.000  0.032
   0.81850     -2.702343  0.000  0.032  0.000  0.034
   0.84673     -2.698952  0.000  0.034  0.000  0.034
   0.87495     -2.694353  0.000  0.033  0.000  0.033
   0.90317     -2.689236  0.000  0.033  0.000  0.035
   0.93140     -2.636397  0.000  0.024  0.000  0.025
   0.95962     -2.598033  0.000  0.042  0.000  0.043
   0.98785     -2.518666  0.000  0.041  0.000  0.041
   1.01607     -2.468570  0.000  0.044  0.000  0.044
   1.04430     -2.452662  0.000  0.040  0.000  0.040
   1.07252     -2.450455  0.000  0.038  0.000  0.038
   1.07252     -2.450455  0.000  0.038  0.000  0.038
   1.11243     -2.457910  0.000  0.042  0.000  0.042
   1.15235     -2.502933  0.000  0.042  0.000  0.042
   1.19226     -2.592821  0.000  0.042  0.000  0.042
   1.23218     -2.638822  0.000  0.069  0.000  0.070
   1.27209     -2.644161  0.000  0.023  0.000  0.023
   1.31201     -2.638138  0.000  0.018  0.000  0.020
   1.35192     -2.628474  0.000  0.015  0.000  0.015
   1.39184     -2.611849  0.000  0.015  0.000  0.016
   1.43176     -2.589318  0.000  0.025  0.000  0.025
   1.47167     -2.564580  0.001  0.030  0.001  0.032
   1.51159     -2.532001  0.001  0.024  0.001  0.027
   1.55150     -2.492356  0.001  0.020  0.001  0.023
   1.59142     -2.449841  0.001  0.017  0.002  0.019
   1.63133     -2.411465  0.000  0.015  0.002  0.017
   1.67125     -2.384119  0.000  0.011  0.002  0.013
   1.71116     -2.356362  0.000  0.007  0.002  0.009
   1.75108     -2.328402  0.000  0.004  0.001  0.005
   1.79099     -2.303801  0.000  0.005  0.001  0.007
   1.83091     -2.294728  0.000  0.016  0.002  0.019
 
# Band-Index:   64
   1.83091     -2.294728  0.000  0.016  0.002  0.019
   1.79099     -2.299700  0.000  0.016  0.002  0.019
   1.75108     -2.314443  0.000  0.016  0.002  0.018
   1.71116     -2.338341  0.000  0.015  0.002  0.018
   1.67125     -2.370174  0.000  0.015  0.002  0.017
   1.63133     -2.408129  0.001  0.015  0.002  0.018
   1.59142     -2.446486  0.001  0.017  0.002  0.019
   1.55150     -2.489082  0.001  0.020  0.001  0.023
   1.51159     -2.528776  0.001  0.025  0.001  0.028
   1.47167     -2.561106  0.001  0.031  0.001  0.033
   1.43176     -2.581864  0.000  0.038  0.000  0.039
   1.39184     -2.595059  0.000  0.038  0.000  0.040
   1.35192     -2.613068  0.000  0.035  0.000  0.035
   1.31201     -2.630133  0.000  0.037  0.000  0.038
   1.27209     -2.638976  0.000  0.050  0.000  0.050
   1.23218     -2.566121  0.000  0.015  0.000  0.015
   1.19226     -2.558838  0.000  0.092  0.000  0.093
   1.15235     -2.488229  0.000  0.023  0.000  0.023
   1.11243     -2.448201  0.000  0.040  0.000  0.040
   1.07252     -2.450455  0.000  0.038  0.000  0.038
   1.07252     -2.450455  0.000  0.038  0.000  0.038
   1.04430     -2.450500  0.000  0.038  0.000  0.038
   1.01607     -2.450629  0.000  0.039  0.000  0.039
   0.98785     -2.496510  0.000  0.040  0.000  0.041
   0.95962     -2.556918  0.000  0.048  0.000  0.048
   0.93140     -2.600378  0.000  0.043  0.000  0.043
   0.90317     -2.602809  0.000  0.043  0.000  0.043
   0.87495     -2.605016  0.000  0.042  0.000  0.044
   0.84673     -2.606587  0.000  0.042  0.000  0.042
   0.81850     -2.606948  0.000  0.039  0.000  0.042
   0.79028     -2.605315  0.000  0.038  0.000  0.039
   0.76205     -2.600640  0.000  0.036  0.000  0.036
   0.73383     -2.591697  0.000  0.030  0.000  0.032
   0.70561     -2.577510  0.000  0.026  0.000  0.026
   0.67738     -2.558021  0.000  0.022  0.000  0.022
   0.64916     -2.534392  0.000  0.017  0.000  0.018
   0.62093     -2.508595  0.000  0.014  0.000  0.015
   0.59271     -2.483563  0.000  0.015  0.000  0.015
   0.56448     -2.498640  0.000  0.009  0.002  0.012
   0.53626     -2.515032  0.000  0.010  0.003  0.013
   0.53626     -2.515032  0.000  0.010  0.003  0.013
   0.50804     -2.513462  0.000  0.010  0.003  0.013
   0.47981     -2.508801  0.000  0.010  0.003  0.013
   0.45159     -2.501196  0.000  0.011  0.003  0.013
   0.42336     -2.492082  0.000  0.015  0.000  0.017
   0.39514     -2.498185  0.000  0.020  0.000  0.022
   0.36691     -2.496228  0.000  0.024  0.000  0.027
   0.33869     -2.486875  0.000  0.029  0.000  0.031
   0.31047     -2.471574  0.000  0.031  0.001  0.033
   0.28224     -2.452212  0.000  0.030  0.002  0.032
   0.25402     -2.430590  0.000  0.027  0.002  0.029
   0.22579     -2.408156  0.000  0.023  0.002  0.025
   0.19757     -2.385978  0.000  0.019  0.002  0.021
   0.16935     -2.364758  0.000  0.013  0.002  0.016
   0.14112     -2.344930  0.000  0.010  0.002  0.012
   0.11290     -2.326830  0.000  0.007  0.002  0.009
   0.08467     -2.311127  0.000  0.009  0.002  0.009
   0.05645     -2.300500  0.000  0.016  0.002  0.019
   0.02822     -2.296180  0.000  0.016  0.002  0.019
   0.00000     -2.294728  0.000  0.016  0.002  0.019
 
# Band-Index:   65
   0.00000     -2.291628  0.000  0.016  0.002  0.019
   0.02822     -2.293717  0.000  0.015  0.002  0.017
   0.05645     -2.299421  0.000  0.010  0.002  0.011
   0.08467     -2.307579  0.000  0.016  0.002  0.019
   0.11290     -2.317237  0.000  0.016  0.003  0.018
   0.14112     -2.329229  0.000  0.016  0.003  0.018
   0.16935     -2.343249  0.000  0.015  0.003  0.018
   0.19757     -2.358940  0.000  0.014  0.003  0.017
   0.22579     -2.375893  0.000  0.014  0.003  0.016
   0.25402     -2.393678  0.000  0.013  0.003  0.016
   0.28224     -2.411815  0.000  0.013  0.003  0.015
   0.31047     -2.429822  0.000  0.012  0.003  0.015
   0.33869     -2.447207  0.000  0.011  0.003  0.014
   0.36691     -2.463484  0.000  0.012  0.003  0.015
   0.39514     -2.478187  0.000  0.011  0.003  0.014
   0.42336     -2.490886  0.000  0.010  0.003  0.013
   0.45159     -2.498020  0.000  0.011  0.003  0.013
   0.47981     -2.505620  0.000  0.010  0.003  0.013
   0.50804     -2.510277  0.000  0.010  0.003  0.013
   0.53626     -2.511846  0.000  0.010  0.003  0.013
   0.53626     -2.511846  0.000  0.010  0.003  0.013
   0.56448     -2.494983  0.000  0.009  0.002  0.012
   0.59271     -2.475878  0.000  0.023  0.002  0.025
   0.62093     -2.468001  0.000  0.040  0.002  0.042
   0.64916     -2.466140  0.000  0.046  0.000  0.046
   0.67738     -2.464725  0.000  0.048  0.000  0.048
   0.70561     -2.463114  0.000  0.050  0.000  0.050
   0.73383     -2.461334  0.000  0.050  0.000  0.050
   0.76205     -2.459500  0.000  0.048  0.000  0.048
   0.79028     -2.457723  0.000  0.048  0.000  0.048
   0.81850     -2.456089  0.000  0.046  0.000  0.046
   0.84673     -2.459483  0.000  0.046  0.000  0.047
   0.87495     -2.481114  0.000  0.050  0.000  0.050
   0.90317     -2.496056  0.000  0.051  0.000  0.051
   0.93140     -2.497097  0.000  0.046  0.000  0.046
   0.95962     -2.474172  0.000  0.035  0.000  0.036
   0.98785     -2.450862  0.000  0.040  0.000  0.040
   1.01607     -2.436377  0.000  0.017  0.000  0.017
   1.04430     -2.392313  0.000  0.004  0.000  0.004
   1.07252     -2.378375  0.000  0.000  0.000  0.000
   1.07252     -2.378375  0.000  0.000  0.000  0.000
   1.11243     -2.407112  0.000  0.008  0.000  0.008
   1.15235     -2.441874  0.000  0.044  0.000  0.044
   1.19226     -2.498381  0.000  0.008  0.000  0.008
   1.23218     -2.559856  0.000  0.019  0.000  0.020
   1.27209     -2.581410  0.000  0.030  0.000  0.032
   1.31201     -2.579690  0.000  0.034  0.000  0.034
   1.35192     -2.568983  0.000  0.033  0.000  0.035
   1.39184     -2.562457  0.000  0.049  0.000  0.049
   1.43176     -2.562147  0.000  0.026  0.000  0.028
   1.47167     -2.534146  0.000  0.009  0.000  0.009
   1.51159     -2.492413  0.000  0.004  0.000  0.004
   1.55150     -2.464623  0.000  0.023  0.002  0.025
   1.59142     -2.438399  0.000  0.020  0.002  0.022
   1.63133     -2.404728  0.001  0.015  0.002  0.018
   1.67125     -2.366806  0.000  0.015  0.002  0.017
   1.71116     -2.335076  0.000  0.015  0.002  0.018
   1.75108     -2.311280  0.000  0.016  0.002  0.018
   1.79099     -2.296587  0.000  0.016  0.002  0.019
   1.83091     -2.291628  0.000  0.016  0.002  0.019
 
# Band-Index:   66
   1.83091     -2.291628  0.000  0.016  0.002  0.019
   1.79099     -2.293590  0.000  0.013  0.002  0.015
   1.75108     -2.303923  0.000  0.007  0.001  0.007
   1.71116     -2.321694  0.000  0.006  0.000  0.007
   1.67125     -2.341708  0.000  0.008  0.001  0.009
   1.63133     -2.362492  0.000  0.011  0.001  0.013
   1.59142     -2.397090  0.000  0.003  0.000  0.003
   1.55150     -2.445439  0.000  0.003  0.000  0.003
   1.51159     -2.489708  0.000  0.027  0.002  0.027
   1.47167     -2.522081  0.000  0.004  0.000  0.004
   1.43176     -2.550926  0.000  0.007  0.000  0.007
   1.39184     -2.562190  0.000  0.021  0.000  0.022
   1.35192     -2.557910  0.000  0.019  0.000  0.019
   1.31201     -2.551693  0.000  0.033  0.000  0.035
   1.27209     -2.548921  0.000  0.055  0.000  0.055
   1.23218     -2.551448  0.000  0.075  0.000  0.077
   1.19226     -2.492300  0.000  0.009  0.000  0.009
   1.15235     -2.429483  0.000  0.004  0.000  0.004
   1.11243     -2.394340  0.000  0.000  0.000  0.000
   1.07252     -2.375299  0.000  0.000  0.000  0.000
   1.07252     -2.375299  0.000  0.000  0.000  0.000
   1.04430     -2.385913  0.000  0.000  0.000  0.000
   1.01607     -2.406802  0.000  0.006  0.000  0.006
   0.98785     -2.435000  0.000  0.020  0.000  0.020
   0.95962     -2.463888  0.000  0.068  0.000  0.068
   0.93140     -2.466228  0.000  0.115  0.000  0.118
   0.90317     -2.456497  0.000  0.136  0.000  0.137
   0.87495     -2.453454  0.000  0.042  0.000  0.044
   0.84673     -2.454654  0.000  0.044  0.000  0.044
   0.81850     -2.434503  0.000  0.042  0.000  0.042
   0.79028     -2.408457  0.000  0.053  0.000  0.053
   0.76205     -2.387488  0.000  0.052  0.000  0.052
   0.73383     -2.364711  0.000  0.045  0.000  0.046
   0.70561     -2.340296  0.000  0.038  0.000  0.038
   0.67738     -2.360152  0.000  0.035  0.002  0.037
   0.64916     -2.392878  0.000  0.021  0.002  0.024
   0.62093     -2.428928  0.000  0.012  0.002  0.015
   0.59271     -2.463055  0.000  0.007  0.002  0.009
   0.56448     -2.457105  0.000  0.007  0.000  0.007
   0.53626     -2.437435  0.000  0.007  0.000  0.007
   0.53626     -2.437435  0.000  0.007  0.000  0.007
   0.50804     -2.443420  0.000  0.006  0.000  0.006
   0.47981     -2.459466  0.000  0.008  0.000  0.008
   0.45159     -2.478180  0.000  0.011  0.000  0.011
   0.42336     -2.487717  0.000  0.010  0.003  0.013
   0.39514     -2.475026  0.000  0.011  0.003  0.014
   0.36691     -2.460330  0.000  0.012  0.003  0.015
   0.33869     -2.444061  0.000  0.011  0.003  0.015
   0.31047     -2.426684  0.000  0.012  0.003  0.015
   0.28224     -2.408684  0.000  0.013  0.003  0.015
   0.25402     -2.390553  0.000  0.013  0.003  0.016
   0.22579     -2.372774  0.000  0.014  0.003  0.016
   0.19757     -2.355825  0.000  0.014  0.003  0.017
   0.16935     -2.340139  0.000  0.015  0.003  0.018
   0.14112     -2.326122  0.000  0.016  0.003  0.018
   0.11290     -2.314133  0.000  0.016  0.003  0.018
   0.08467     -2.304476  0.000  0.016  0.002  0.019
   0.05645     -2.297399  0.000  0.016  0.002  0.019
   0.02822     -2.293079  0.000  0.016  0.002  0.019
   0.00000     -2.291628  0.000  0.016  0.002  0.019
 
# Band-Index:   67
   0.00000     -2.287924  0.000  0.000  0.000  0.000
   0.02822     -2.287473  0.000  0.008  0.002  0.009
   0.05645     -2.285917  0.000  0.011  0.002  0.012
   0.08467     -2.284301  0.000  0.012  0.002  0.014
   0.11290     -2.283878  0.000  0.012  0.002  0.015
   0.14112     -2.285651  0.000  0.014  0.002  0.016
   0.16935     -2.290172  0.000  0.014  0.002  0.016
   0.19757     -2.297567  0.000  0.014  0.002  0.016
   0.22579     -2.307758  0.000  0.014  0.001  0.015
   0.25402     -2.320616  0.000  0.015  0.000  0.016
   0.28224     -2.335656  0.000  0.016  0.000  0.018
   0.31047     -2.352013  0.000  0.018  0.000  0.020
   0.33869     -2.368675  0.000  0.021  0.000  0.023
   0.36691     -2.384667  0.000  0.022  0.000  0.024
   0.39514     -2.399178  0.000  0.023  0.000  0.023
   0.42336     -2.411590  0.000  0.023  0.000  0.023
   0.45159     -2.421478  0.000  0.022  0.000  0.022
   0.47981     -2.428599  0.000  0.021  0.000  0.021
   0.50804     -2.432815  0.000  0.020  0.000  0.021
   0.53626     -2.433973  0.000  0.019  0.000  0.020
   0.53626     -2.433973  0.000  0.019  0.000  0.020
   0.56448     -2.443690  0.000  0.020  0.000  0.021
   0.59271     -2.441516  0.000  0.014  0.002  0.015
   0.62093     -2.415569  0.000  0.006  0.002  0.008
   0.64916     -2.377883  0.000  0.006  0.002  0.009
   0.67738     -2.336564  0.000  0.010  0.002  0.012
   0.70561     -2.335418  0.000  0.048  0.000  0.048
   0.73383     -2.353861  0.000  0.022  0.000  0.022
   0.76205     -2.380585  0.000  0.029  0.000  0.029
   0.79028     -2.407538  0.000  0.042  0.000  0.042
   0.81850     -2.426217  0.000  0.066  0.000  0.068
   0.84673     -2.440708  0.000  0.078  0.000  0.078
   0.87495     -2.450298  0.000  0.098  0.000  0.098
   0.90317     -2.452494  0.000  0.042  0.000  0.044
   0.93140     -2.451759  0.000  0.042  0.000  0.042
   0.95962     -2.451227  0.000  0.040  0.000  0.040
   0.98785     -2.430535  0.000  0.020  0.000  0.020
   1.01607     -2.389514  0.000  0.006  0.000  0.007
   1.04430     -2.355163  0.000  0.002  0.000  0.002
   1.07252     -2.340829  0.000  0.000  0.000  0.000
   1.07252     -2.340829  0.000  0.000  0.000  0.000
   1.11243     -2.367802  0.000  0.002  0.000  0.002
   1.15235     -2.424333  0.000  0.004  0.000  0.004
   1.19226     -2.433362  0.000  0.050  0.000  0.050
   1.23218     -2.479401  0.000  0.017  0.000  0.017
   1.27209     -2.499621  0.000  0.028  0.000  0.028
   1.31201     -2.498353  0.000  0.031  0.000  0.031
   1.35192     -2.534465  0.000  0.085  0.000  0.085
   1.39184     -2.553460  0.000  0.033  0.000  0.033
   1.43176     -2.534614  0.000  0.032  0.000  0.032
   1.47167     -2.513189  0.000  0.029  0.002  0.031
   1.51159     -2.482506  0.000  0.003  0.000  0.003
   1.55150     -2.436932  0.000  0.002  0.000  0.002
   1.59142     -2.389234  0.000  0.002  0.000  0.002
   1.63133     -2.350236  0.000  0.001  0.000  0.001
   1.67125     -2.307439  0.000  0.001  0.000  0.001
   1.71116     -2.271064  0.000  0.000  0.000  0.000
   1.75108     -2.278193  0.000  0.012  0.003  0.015
   1.79099     -2.285762  0.000  0.010  0.002  0.012
   1.83091     -2.287924  0.000  0.000  0.000  0.000
 
# Band-Index:   68
   1.83091     -2.275339  0.000  0.000  0.000  0.000
   1.79099     -2.277371  0.000  0.002  0.001  0.004
   1.75108     -2.273186  0.000  0.010  0.002  0.011
   1.71116     -2.267265  0.000  0.012  0.003  0.015
   1.67125     -2.299943  0.000  0.001  0.000  0.001
   1.63133     -2.342640  0.000  0.001  0.000  0.001
   1.59142     -2.383474  0.000  0.015  0.001  0.017
   1.55150     -2.404236  0.000  0.020  0.001  0.020
   1.51159     -2.424364  0.000  0.022  0.000  0.023
   1.47167     -2.443439  0.000  0.026  0.000  0.027
   1.43176     -2.474969  0.000  0.004  0.000  0.004
   1.39184     -2.492174  0.000  0.020  0.000  0.020
   1.35192     -2.489499  0.000  0.032  0.000  0.032
   1.31201     -2.488755  0.000  0.102  0.000  0.104
   1.27209     -2.445496  0.000  0.095  0.000  0.095
   1.23218     -2.428810  0.000  0.064  0.000  0.064
   1.19226     -2.411436  0.000  0.011  0.000  0.011
   1.15235     -2.400907  0.000  0.002  0.000  0.002
   1.11243     -2.357147  0.000  0.000  0.000  0.000
   1.07252     -2.335539  0.000  0.000  0.000  0.000
   1.07252     -2.335539  0.000  0.000  0.000  0.000
   1.04430     -2.347269  0.000  0.000  0.000  0.000
   1.01607     -2.374854  0.000  0.002  0.000  0.002
   0.98785     -2.397186  0.000  0.005  0.000  0.006
   0.95962     -2.392825  0.000  0.013  0.000  0.013
   0.93140     -2.422777  0.000  0.020  0.000  0.020
   0.90317     -2.435874  0.000  0.020  0.000  0.020
   0.87495     -2.422391  0.000  0.060  0.000  0.061
   0.84673     -2.399233  0.000  0.076  0.000  0.077
   0.81850     -2.373284  0.000  0.079  0.000  0.081
   0.79028     -2.346115  0.000  0.079  0.000  0.080
   0.76205     -2.318518  0.000  0.075  0.000  0.075
   0.73383     -2.318177  0.000  0.053  0.000  0.056
   0.70561     -2.328844  0.000  0.013  0.000  0.013
   0.67738     -2.314569  0.000  0.032  0.000  0.032
   0.64916     -2.329112  0.000  0.008  0.000  0.008
   0.62093     -2.354957  0.000  0.006  0.000  0.006
   0.59271     -2.382302  0.000  0.002  0.000  0.002
   0.56448     -2.409542  0.000  0.000  0.000  0.000
   0.53626     -2.430973  0.000  0.000  0.000  0.001
   0.53626     -2.430973  0.000  0.000  0.000  0.001
   0.50804     -2.429435  0.000  0.000  0.000  0.001
   0.47981     -2.424883  0.000  0.000  0.000  0.001
   0.45159     -2.417459  0.000  0.000  0.000  0.001
   0.42336     -2.407398  0.000  0.000  0.000  0.001
   0.39514     -2.395018  0.000  0.000  0.000  0.001
   0.36691     -2.380704  0.000  0.000  0.000  0.001
   0.33869     -2.364884  0.000  0.000  0.000  0.000
   0.31047     -2.348024  0.000  0.000  0.000  0.000
   0.28224     -2.330612  0.000  0.000  0.000  0.000
   0.25402     -2.313134  0.000  0.000  0.000  0.000
   0.22579     -2.296070  0.000  0.000  0.000  0.000
   0.19757     -2.279883  0.000  0.000  0.000  0.000
   0.16935     -2.275769  0.000  0.014  0.002  0.017
   0.14112     -2.276031  0.000  0.012  0.002  0.014
   0.11290     -2.276738  0.000  0.010  0.002  0.011
   0.08467     -2.277862  0.000  0.008  0.001  0.010
   0.05645     -2.278409  0.000  0.006  0.001  0.007
   0.02822     -2.276813  0.000  0.001  0.000  0.002
   0.00000     -2.275339  0.000  0.000  0.000  0.000
 
# Band-Index:   69
   0.00000     -2.219825  0.000  0.000  0.000  0.000
   0.02822     -2.221146  0.000  0.000  0.000  0.000
   0.05645     -2.225094  0.000  0.000  0.000  0.000
   0.08467     -2.231603  0.000  0.000  0.000  0.000
   0.11290     -2.240559  0.000  0.000  0.000  0.000
   0.14112     -2.251772  0.000  0.000  0.000  0.000
   0.16935     -2.264989  0.000  0.000  0.000  0.000
   0.19757     -2.275445  0.000  0.018  0.002  0.020
   0.22579     -2.290840  0.000  0.000  0.000  0.000
   0.25402     -2.308003  0.000  0.000  0.000  0.000
   0.28224     -2.325491  0.000  0.000  0.000  0.000
   0.31047     -2.342829  0.000  0.000  0.000  0.000
   0.33869     -2.359541  0.000  0.000  0.000  0.000
   0.36691     -2.375158  0.000  0.000  0.000  0.000
   0.39514     -2.389238  0.000  0.000  0.000  0.001
   0.42336     -2.401372  0.000  0.000  0.000  0.001
   0.45159     -2.411209  0.000  0.000  0.000  0.001
   0.47981     -2.418454  0.000  0.000  0.000  0.001
   0.50804     -2.422889  0.000  0.000  0.000  0.001
   0.53626     -2.424383  0.000  0.000  0.000  0.001
   0.53626     -2.424383  0.000  0.000  0.000  0.001
   0.56448     -2.403910  0.000  0.002  0.000  0.002
   0.59271     -2.371615  0.000  0.000  0.000  0.000
   0.62093     -2.333365  0.000  0.000  0.000  0.000
   0.64916     -2.291809  0.000  0.000  0.000  0.000
   0.67738     -2.306994  0.000  0.010  0.000  0.010
   0.70561     -2.293963  0.000  0.015  0.002  0.017
   0.73383     -2.291116  0.000  0.069  0.000  0.069
   0.76205     -2.305016  0.000  0.056  0.000  0.056
   0.79028     -2.293853  0.000  0.058  0.000  0.058
   0.81850     -2.296607  0.000  0.018  0.000  0.018
   0.84673     -2.319398  0.000  0.019  0.000  0.020
   0.87495     -2.341318  0.000  0.020  0.000  0.020
   0.90317     -2.361550  0.000  0.019  0.000  0.019
   0.93140     -2.379164  0.000  0.016  0.000  0.017
   0.95962     -2.383806  0.000  0.016  0.000  0.016
   0.98785     -2.332154  0.000  0.008  0.000  0.008
   1.01607     -2.284789  0.000  0.008  0.000  0.008
   1.04430     -2.251528  0.000  0.022  0.000  0.022
   1.07252     -2.235840  0.000  0.058  0.000  0.058
   1.07252     -2.235840  0.000  0.058  0.000  0.058
   1.11243     -2.262632  0.000  0.014  0.000  0.014
   1.15235     -2.322781  0.000  0.004  0.000  0.004
   1.19226     -2.407257  0.000  0.005  0.000  0.005
   1.23218     -2.406525  0.000  0.013  0.000  0.013
   1.27209     -2.397599  0.000  0.014  0.000  0.014
   1.31201     -2.408671  0.000  0.073  0.000  0.073
   1.35192     -2.467760  0.000  0.051  0.000  0.052
   1.39184     -2.476612  0.000  0.029  0.000  0.031
   1.43176     -2.461024  0.000  0.028  0.000  0.028
   1.47167     -2.435364  0.000  0.000  0.000  0.000
   1.51159     -2.386695  0.000  0.000  0.000  0.000
   1.55150     -2.335034  0.000  0.000  0.000  0.000
   1.59142     -2.284143  0.000  0.000  0.000  0.000
   1.63133     -2.258550  0.000  0.007  0.000  0.008
   1.67125     -2.256825  0.000  0.012  0.002  0.013
   1.71116     -2.263634  0.000  0.000  0.000  0.000
   1.75108     -2.243251  0.000  0.000  0.000  0.000
   1.79099     -2.225782  0.000  0.000  0.000  0.000
   1.83091     -2.219825  0.000  0.000  0.000  0.000
 
# Band-Index:   70
   1.83091     -2.219825  0.000  0.000  0.000  0.000
   1.79099     -2.218846  0.000  0.000  0.000  0.000
   1.75108     -2.235887  0.000  0.000  0.000  0.000
   1.71116     -2.262029  0.000  0.010  0.002  0.013
   1.67125     -2.247217  0.000  0.010  0.002  0.013
   1.63133     -2.237030  0.000  0.000  0.000  0.000
   1.59142     -2.271828  0.000  0.006  0.000  0.006
   1.55150     -2.288372  0.000  0.006  0.000  0.006
   1.51159     -2.305906  0.000  0.008  0.000  0.008
   1.47167     -2.323570  0.000  0.009  0.000  0.009
   1.43176     -2.340837  0.000  0.010  0.000  0.012
   1.39184     -2.357257  0.000  0.013  0.000  0.013
   1.35192     -2.372450  0.000  0.014  0.000  0.014
   1.31201     -2.386037  0.000  0.014  0.000  0.014
   1.27209     -2.343444  0.000  0.159  0.000  0.160
   1.23218     -2.324338  0.000  0.210  0.000  0.211
   1.19226     -2.289770  0.000  0.235  0.000  0.235
   1.15235     -2.259052  0.000  0.249  0.000  0.249
   1.11243     -2.239174  0.000  0.246  0.000  0.247
   1.07252     -2.235840  0.000  0.058  0.000  0.058
   1.07252     -2.235840  0.000  0.058  0.000  0.058
   1.04430     -2.236515  0.000  0.058  0.000  0.058
   1.01607     -2.242249  0.000  0.251  0.000  0.253
   0.98785     -2.248552  0.000  0.241  0.000  0.241
   0.95962     -2.252911  0.000  0.229  0.000  0.230
   0.93140     -2.255585  0.000  0.221  0.000  0.222
   0.90317     -2.258658  0.000  0.060  0.000  0.060
   0.87495     -2.266245  0.000  0.060  0.000  0.060
   0.84673     -2.274650  0.000  0.060  0.000  0.060
   0.81850     -2.283836  0.000  0.058  0.000  0.058
   0.79028     -2.274016  0.000  0.016  0.000  0.016
   0.76205     -2.256187  0.000  0.088  0.000  0.088
   0.73383     -2.251420  0.000  0.020  0.002  0.021
   0.70561     -2.269822  0.000  0.003  0.002  0.005
   0.67738     -2.302365  0.000  0.007  0.000  0.008
   0.64916     -2.289319  0.000  0.012  0.000  0.012
   0.62093     -2.275152  0.000  0.013  0.000  0.013
   0.59271     -2.264327  0.000  0.010  0.000  0.010
   0.56448     -2.272603  0.000  0.004  0.000  0.004
   0.53626     -2.275092  0.000  0.000  0.000  0.000
   0.53626     -2.275092  0.000  0.000  0.000  0.000
   0.50804     -2.273736  0.000  0.000  0.000  0.000
   0.47981     -2.269729  0.000  0.000  0.000  0.000
   0.45159     -2.263215  0.000  0.000  0.000  0.000
   0.42336     -2.254437  0.000  0.000  0.000  0.000
   0.39514     -2.243744  0.000  0.000  0.000  0.000
   0.36691     -2.233351  0.000  0.001  0.000  0.001
   0.33869     -2.244923  0.001  0.052  0.000  0.054
   0.31047     -2.256821  0.001  0.043  0.000  0.045
   0.28224     -2.265583  0.001  0.035  0.001  0.037
   0.25402     -2.271215  0.001  0.028  0.001  0.031
   0.22579     -2.274233  0.001  0.024  0.002  0.027
   0.19757     -2.274471  0.000  0.000  0.000  0.000
   0.16935     -2.259319  0.000  0.000  0.000  0.000
   0.14112     -2.245785  0.000  0.000  0.000  0.000
   0.11290     -2.236939  0.000  0.000  0.000  0.000
   0.08467     -2.229896  0.000  0.000  0.000  0.000
   0.05645     -2.224313  0.000  0.000  0.000  0.000
   0.02822     -2.220913  0.000  0.000  0.000  0.000
   0.00000     -2.219825  0.000  0.000  0.000  0.000
 
# Band-Index:   71
   0.00000     -2.212529  0.000  0.000  0.000  0.000
   0.02822     -2.213926  0.000  0.000  0.000  0.000
   0.05645     -2.218085  0.000  0.000  0.000  0.000
   0.08467     -2.224904  0.000  0.000  0.000  0.000
   0.11290     -2.234216  0.000  0.000  0.000  0.000
   0.14112     -2.244279  0.000  0.000  0.000  0.001
   0.16935     -2.250841  0.000  0.004  0.000  0.004
   0.19757     -2.255930  0.000  0.009  0.000  0.012
   0.22579     -2.258878  0.000  0.018  0.000  0.018
   0.25402     -2.258890  0.001  0.026  0.000  0.027
   0.28224     -2.255288  0.001  0.036  0.000  0.037
   0.31047     -2.247801  0.001  0.043  0.000  0.045
   0.33869     -2.236678  0.001  0.051  0.000  0.052
   0.36691     -2.231294  0.000  0.000  0.000  0.000
   0.39514     -2.238351  0.000  0.001  0.000  0.001
   0.42336     -2.242822  0.000  0.001  0.000  0.001
   0.45159     -2.246404  0.000  0.001  0.000  0.001
   0.47981     -2.249026  0.000  0.001  0.000  0.001
   0.50804     -2.250626  0.000  0.001  0.000  0.001
   0.53626     -2.251160  0.000  0.001  0.000  0.001
   0.53626     -2.251160  0.000  0.001  0.000  0.001
   0.56448     -2.254761  0.000  0.005  0.000  0.005
   0.59271     -2.263572  0.000  0.011  0.000  0.011
   0.62093     -2.260897  0.000  0.016  0.000  0.016
   0.64916     -2.287832  0.000  0.023  0.000  0.023
   0.67738     -2.248664  0.000  0.001  0.000  0.001
   0.70561     -2.264568  0.000  0.059  0.000  0.059
   0.73383     -2.248092  0.000  0.166  0.000  0.168
   0.76205     -2.245105  0.000  0.141  0.000  0.141
   0.79028     -2.253594  0.000  0.214  0.000  0.214
   0.81850     -2.256274  0.000  0.211  0.000  0.212
   0.84673     -2.257435  0.000  0.211  0.000  0.211
   0.87495     -2.257657  0.000  0.212  0.000  0.213
   0.90317     -2.257069  0.000  0.215  0.000  0.217
   0.93140     -2.251983  0.000  0.059  0.000  0.060
   0.95962     -2.246336  0.000  0.059  0.000  0.059
   0.98785     -2.241819  0.000  0.058  0.000  0.058
   1.01607     -2.238524  0.000  0.058  0.000  0.058
   1.04430     -2.235469  0.000  0.259  0.000  0.259
   1.07252     -2.232321  0.000  0.261  0.000  0.261
   1.07252     -2.232321  0.000  0.261  0.000  0.261
   1.11243     -2.238846  0.000  0.071  0.000  0.071
   1.15235     -2.247880  0.000  0.064  0.000  0.064
   1.19226     -2.263591  0.000  0.070  0.000  0.070
   1.23218     -2.291394  0.000  0.078  0.000  0.078
   1.27209     -2.342151  0.000  0.089  0.000  0.090
   1.31201     -2.336066  0.000  0.143  0.000  0.143
   1.35192     -2.316481  0.000  0.143  0.000  0.145
   1.39184     -2.292195  0.000  0.153  0.000  0.155
   1.43176     -2.265621  0.000  0.166  0.000  0.167
   1.47167     -2.238165  0.001  0.185  0.000  0.187
   1.51159     -2.215483  0.001  0.201  0.000  0.203
   1.55150     -2.192212  0.001  0.188  0.000  0.190
   1.59142     -2.208395  0.000  0.009  0.003  0.012
   1.63133     -2.229301  0.000  0.010  0.002  0.012
   1.67125     -2.227209  0.000  0.002  0.000  0.002
   1.71116     -2.221606  0.000  0.000  0.000  0.000
   1.75108     -2.218133  0.000  0.000  0.000  0.000
   1.79099     -2.218465  0.000  0.000  0.000  0.000
   1.83091     -2.212529  0.000  0.000  0.000  0.000
 
# Band-Index:   72
   1.83091     -2.212529  0.000  0.000  0.000  0.000
   1.79099     -2.209961  0.000  0.000  0.000  0.000
   1.75108     -2.202483  0.000  0.000  0.000  0.000
   1.71116     -2.190461  0.000  0.000  0.000  0.000
   1.67125     -2.196079  0.000  0.000  0.000  0.000
   1.63133     -2.221361  0.000  0.006  0.002  0.008
   1.59142     -2.203222  0.000  0.007  0.002  0.010
   1.55150     -2.184784  0.000  0.009  0.002  0.011
   1.51159     -2.208310  0.001  0.195  0.000  0.197
   1.47167     -2.234391  0.001  0.203  0.000  0.205
   1.43176     -2.251161  0.001  0.207  0.000  0.209
   1.39184     -2.262623  0.000  0.200  0.000  0.201
   1.35192     -2.267849  0.000  0.185  0.000  0.185
   1.31201     -2.265360  0.000  0.166  0.000  0.167
   1.27209     -2.253153  0.000  0.151  0.000  0.152
   1.23218     -2.226578  0.000  0.146  0.000  0.146
   1.19226     -2.187930  0.000  0.145  0.000  0.145
   1.15235     -2.153434  0.000  0.147  0.000  0.147
   1.11243     -2.187706  0.000  0.036  0.000  0.036
   1.07252     -2.217446  0.000  0.000  0.000  0.000
   1.07252     -2.217446  0.000  0.000  0.000  0.000
   1.04430     -2.199754  0.000  0.031  0.000  0.031
   1.01607     -2.171651  0.000  0.039  0.000  0.039
   0.98785     -2.149473  0.000  0.099  0.000  0.099
   0.95962     -2.155819  0.000  0.131  0.000  0.131
   0.93140     -2.162201  0.000  0.127  0.000  0.127
   0.90317     -2.166930  0.000  0.123  0.000  0.123
   0.87495     -2.170406  0.000  0.120  0.000  0.121
   0.84673     -2.172990  0.000  0.119  0.000  0.119
   0.81850     -2.174919  0.000  0.118  0.000  0.119
   0.79028     -2.176341  0.000  0.119  0.000  0.119
   0.76205     -2.210112  0.000  0.026  0.002  0.028
   0.73383     -2.231347  0.000  0.003  0.002  0.005
   0.70561     -2.239312  0.000  0.178  0.000  0.179
   0.67738     -2.239786  0.000  0.043  0.000  0.043
   0.64916     -2.223402  0.000  0.010  0.000  0.010
   0.62093     -2.248402  0.000  0.012  0.000  0.012
   0.59271     -2.235265  0.000  0.006  0.000  0.006
   0.56448     -2.216224  0.000  0.002  0.000  0.002
   0.53626     -2.210138  0.000  0.004  0.000  0.005
   0.53626     -2.210138  0.000  0.004  0.000  0.005
   0.50804     -2.210057  0.000  0.006  0.000  0.006
   0.47981     -2.209862  0.000  0.008  0.000  0.008
   0.45159     -2.209756  0.000  0.010  0.000  0.010
   0.42336     -2.210010  0.000  0.008  0.000  0.009
   0.39514     -2.215052  0.000  0.066  0.000  0.066
   0.36691     -2.230530  0.000  0.059  0.000  0.060
   0.33869     -2.227421  0.000  0.001  0.000  0.001
   0.31047     -2.221114  0.000  0.001  0.000  0.001
   0.28224     -2.217905  0.000  0.001  0.000  0.001
   0.25402     -2.219075  0.000  0.000  0.000  0.000
   0.22579     -2.219526  0.000  0.000  0.000  0.000
   0.19757     -2.219276  0.000  0.000  0.000  0.000
   0.16935     -2.218447  0.000  0.000  0.000  0.000
   0.14112     -2.217244  0.000  0.000  0.000  0.000
   0.11290     -2.215879  0.000  0.000  0.000  0.000
   0.08467     -2.214587  0.000  0.000  0.000  0.000
   0.05645     -2.213531  0.000  0.000  0.000  0.000
   0.02822     -2.212802  0.000  0.000  0.000  0.000
   0.00000     -2.212529  0.000  0.000  0.000  0.000
 
# Band-Index:   73
   0.00000     -2.168219  0.000  0.002  0.000  0.002
   0.02822     -2.169657  0.000  0.000  0.000  0.000
   0.05645     -2.172351  0.000  0.000  0.000  0.000
   0.08467     -2.175253  0.000  0.000  0.000  0.000
   0.11290     -2.177907  0.000  0.000  0.000  0.000
   0.14112     -2.182702  0.000  0.002  0.000  0.002
   0.16935     -2.188318  0.000  0.002  0.000  0.002
   0.19757     -2.194476  0.000  0.002  0.000  0.002
   0.22579     -2.201005  0.000  0.002  0.000  0.002
   0.25402     -2.207741  0.000  0.002  0.000  0.002
   0.28224     -2.214500  0.000  0.001  0.000  0.001
   0.31047     -2.216150  0.000  0.002  0.000  0.002
   0.33869     -2.218085  0.000  0.000  0.000  0.000
   0.36691     -2.222748  0.000  0.058  0.000  0.060
   0.39514     -2.210897  0.000  0.011  0.000  0.011
   0.42336     -2.200701  0.000  0.065  0.000  0.066
   0.45159     -2.190737  0.000  0.054  0.000  0.055
   0.47981     -2.188138  0.000  0.040  0.000  0.043
   0.50804     -2.189977  0.000  0.036  0.000  0.036
   0.53626     -2.191156  0.000  0.036  0.000  0.036
   0.53626     -2.191156  0.000  0.036  0.000  0.036
   0.56448     -2.183304  0.000  0.033  0.000  0.033
   0.59271     -2.192802  0.000  0.016  0.000  0.016
   0.62093     -2.202850  0.000  0.010  0.000  0.010
   0.64916     -2.218396  0.000  0.023  0.000  0.023
   0.67738     -2.226445  0.000  0.177  0.000  0.177
   0.70561     -2.205767  0.000  0.038  0.000  0.039
   0.73383     -2.225822  0.000  0.057  0.000  0.059
   0.76205     -2.190192  0.000  0.006  0.002  0.008
   0.79028     -2.171312  0.000  0.038  0.002  0.040
   0.81850     -2.136513  0.000  0.053  0.001  0.054
   0.84673     -2.107294  0.000  0.073  0.000  0.074
   0.87495     -2.084662  0.000  0.097  0.000  0.098
   0.90317     -2.079610  0.000  0.041  0.000  0.041
   0.93140     -2.097347  0.000  0.043  0.000  0.043
   0.95962     -2.118294  0.000  0.045  0.000  0.045
   0.98785     -2.140606  0.000  0.083  0.000  0.083
   1.01607     -2.136044  0.000  0.147  0.000  0.147
   1.04430     -2.127408  0.000  0.149  0.000  0.151
   1.07252     -2.123831  0.000  0.151  0.000  0.151
   1.07252     -2.123831  0.000  0.151  0.000  0.151
   1.11243     -2.131347  0.000  0.149  0.000  0.149
   1.15235     -2.146288  0.000  0.039  0.000  0.039
   1.19226     -2.110369  0.000  0.037  0.000  0.037
   1.23218     -2.081704  0.000  0.035  0.000  0.035
   1.27209     -2.059709  0.000  0.032  0.000  0.032
   1.31201     -2.050886  0.000  0.170  0.000  0.171
   1.35192     -2.054318  0.000  0.168  0.000  0.168
   1.39184     -2.072610  0.000  0.008  0.002  0.010
   1.43176     -2.102044  0.000  0.008  0.002  0.011
   1.47167     -2.131092  0.000  0.009  0.002  0.011
   1.51159     -2.158864  0.000  0.010  0.002  0.012
   1.55150     -2.180330  0.000  0.009  0.002  0.010
   1.59142     -2.166381  0.001  0.170  0.000  0.173
   1.63133     -2.154183  0.000  0.000  0.000  0.000
   1.67125     -2.174241  0.000  0.000  0.000  0.000
   1.71116     -2.170829  0.000  0.000  0.000  0.000
   1.75108     -2.174734  0.000  0.000  0.000  0.000
   1.79099     -2.171901  0.000  0.000  0.000  0.000
   1.83091     -2.168219  0.000  0.002  0.000  0.002
 
# Band-Index:   74
   1.83091     -2.168219  0.000  0.002  0.000  0.002
   1.79099     -2.166962  0.000  0.002  0.000  0.002
   1.75108     -2.163164  0.000  0.000  0.000  0.000
   1.71116     -2.162857  0.000  0.000  0.000  0.000
   1.67125     -2.158916  0.000  0.000  0.000  0.000
   1.63133     -2.147536  0.000  0.054  0.000  0.054
   1.59142     -2.154915  0.001  0.200  0.000  0.203
   1.55150     -2.179826  0.001  0.210  0.000  0.212
   1.51159     -2.154621  0.000  0.008  0.002  0.010
   1.47167     -2.126835  0.000  0.008  0.002  0.010
   1.43176     -2.097549  0.000  0.007  0.002  0.009
   1.39184     -2.067347  0.000  0.006  0.002  0.008
   1.35192     -2.046459  0.000  0.013  0.002  0.015
   1.31201     -2.044459  0.000  0.027  0.000  0.027
   1.27209     -2.047997  0.000  0.170  0.000  0.172
   1.23218     -2.044957  0.000  0.170  0.000  0.170
   1.19226     -2.041904  0.000  0.166  0.000  0.166
   1.15235     -2.039305  0.000  0.162  0.000  0.162
   1.11243     -2.037603  0.000  0.160  0.000  0.160
   1.07252     -2.037013  0.000  0.160  0.000  0.160
   1.07252     -2.037013  0.000  0.160  0.000  0.160
   1.04430     -2.037687  0.000  0.160  0.000  0.160
   1.01607     -2.039753  0.000  0.156  0.000  0.157
   0.98785     -2.043367  0.000  0.151  0.000  0.151
   0.95962     -2.048858  0.000  0.142  0.000  0.143
   0.93140     -2.056828  0.000  0.132  0.000  0.134
   0.90317     -2.068290  0.000  0.117  0.000  0.118
   0.87495     -2.064893  0.000  0.039  0.000  0.039
   0.84673     -2.069712  0.000  0.020  0.002  0.021
   0.81850     -2.108212  0.000  0.013  0.002  0.015
   0.79028     -2.148692  0.000  0.009  0.002  0.011
   0.76205     -2.177302  0.000  0.121  0.000  0.121
   0.73383     -2.177755  0.000  0.125  0.000  0.126
   0.70561     -2.205154  0.000  0.002  0.000  0.002
   0.67738     -2.190132  0.000  0.007  0.000  0.007
   0.64916     -2.208427  0.000  0.163  0.000  0.165
   0.62093     -2.186123  0.000  0.149  0.000  0.150
   0.59271     -2.164427  0.000  0.082  0.000  0.083
   0.56448     -2.181090  0.000  0.018  0.000  0.018
   0.53626     -2.169628  0.000  0.007  0.000  0.007
   0.53626     -2.169628  0.000  0.007  0.000  0.007
   0.50804     -2.170691  0.000  0.009  0.000  0.010
   0.47981     -2.174231  0.000  0.018  0.000  0.018
   0.45159     -2.181314  0.000  0.034  0.000  0.034
   0.42336     -2.192777  0.000  0.052  0.000  0.053
   0.39514     -2.207268  0.000  0.058  0.000  0.059
   0.36691     -2.212199  0.000  0.006  0.000  0.007
   0.33869     -2.214124  0.000  0.003  0.000  0.005
   0.31047     -2.204218  0.000  0.000  0.000  0.000
   0.28224     -2.190306  0.000  0.000  0.000  0.000
   0.25402     -2.177436  0.000  0.007  0.000  0.007
   0.22579     -2.179864  0.000  0.004  0.000  0.004
   0.19757     -2.181049  0.000  0.002  0.000  0.002
   0.16935     -2.181024  0.000  0.000  0.000  0.000
   0.14112     -2.179921  0.000  0.000  0.000  0.000
   0.11290     -2.177789  0.000  0.002  0.000  0.002
   0.08467     -2.173746  0.000  0.002  0.000  0.002
   0.05645     -2.170722  0.000  0.002  0.000  0.002
   0.02822     -2.168848  0.000  0.002  0.000  0.002
   0.00000     -2.168219  0.000  0.002  0.000  0.002
 
# Band-Index:   75
   0.00000     -2.142873  0.000  0.000  0.000  0.000
   0.02822     -2.133810  0.000  0.000  0.000  0.000
   0.05645     -2.118282  0.000  0.002  0.000  0.002
   0.08467     -2.122135  0.000  0.002  0.000  0.002
   0.11290     -2.127531  0.000  0.002  0.000  0.002
   0.14112     -2.134468  0.000  0.002  0.000  0.002
   0.16935     -2.142942  0.000  0.001  0.000  0.001
   0.19757     -2.152913  0.000  0.000  0.000  0.000
   0.22579     -2.164278  0.000  0.000  0.000  0.000
   0.25402     -2.176850  0.000  0.000  0.000  0.000
   0.28224     -2.173875  0.000  0.013  0.000  0.015
   0.31047     -2.169440  0.000  0.023  0.000  0.023
   0.33869     -2.164486  0.000  0.034  0.000  0.034
   0.36691     -2.159304  0.000  0.050  0.000  0.052
   0.39514     -2.155094  0.000  0.014  0.000  0.014
   0.42336     -2.161031  0.000  0.002  0.000  0.002
   0.45159     -2.165541  0.000  0.004  0.000  0.004
   0.47981     -2.166074  0.000  0.008  0.000  0.008
   0.50804     -2.164554  0.000  0.008  0.000  0.008
   0.53626     -2.163876  0.000  0.007  0.000  0.007
   0.53626     -2.163876  0.000  0.007  0.000  0.007
   0.56448     -2.165397  0.000  0.005  0.000  0.005
   0.59271     -2.161869  0.000  0.027  0.000  0.027
   0.62093     -2.164284  0.000  0.155  0.000  0.155
   0.64916     -2.173005  0.000  0.057  0.000  0.057
   0.67738     -2.187692  0.000  0.028  0.000  0.028
   0.70561     -2.177521  0.000  0.132  0.000  0.133
   0.73383     -2.162368  0.000  0.003  0.000  0.003
   0.76205     -2.121442  0.000  0.006  0.000  0.006
   0.79028     -2.083587  0.000  0.010  0.000  0.010
   0.81850     -2.049733  0.000  0.014  0.000  0.014
   0.84673     -2.053008  0.000  0.035  0.000  0.035
   0.87495     -2.033998  0.000  0.028  0.002  0.029
   0.90317     -2.001844  0.000  0.039  0.002  0.041
   0.93140     -1.974033  0.000  0.061  0.001  0.063
   0.95962     -1.982004  0.000  0.158  0.000  0.158
   0.98785     -2.000233  0.000  0.158  0.000  0.158
   1.01607     -2.017892  0.000  0.158  0.000  0.158
   1.04430     -2.031643  0.000  0.158  0.000  0.158
   1.07252     -2.037013  0.000  0.160  0.000  0.160
   1.07252     -2.037013  0.000  0.160  0.000  0.160
   1.11243     -2.027328  0.000  0.156  0.000  0.156
   1.15235     -2.005039  0.000  0.149  0.000  0.149
   1.19226     -1.980386  0.000  0.140  0.000  0.140
   1.23218     -1.961920  0.000  0.085  0.000  0.085
   1.27209     -1.979260  0.000  0.003  0.002  0.005
   1.31201     -2.007486  0.000  0.003  0.002  0.005
   1.35192     -2.036948  0.000  0.004  0.002  0.006
   1.39184     -2.060350  0.000  0.159  0.000  0.161
   1.43176     -2.072464  0.000  0.140  0.000  0.140
   1.47167     -2.092442  0.000  0.103  0.000  0.103
   1.51159     -2.114626  0.000  0.061  0.000  0.061
   1.55150     -2.130227  0.000  0.020  0.000  0.020
   1.59142     -2.134052  0.000  0.010  0.000  0.010
   1.63133     -2.140941  0.000  0.000  0.000  0.000
   1.67125     -2.150620  0.000  0.008  0.000  0.008
   1.71116     -2.156849  0.000  0.001  0.000  0.001
   1.75108     -2.137288  0.000  0.000  0.000  0.000
   1.79099     -2.126636  0.000  0.000  0.000  0.000
   1.83091     -2.142873  0.000  0.000  0.000  0.000
 
# Band-Index:   76
   1.83091     -2.115198  0.000  0.002  0.000  0.002
   1.79099     -2.120972  0.000  0.002  0.000  0.002
   1.75108     -2.094274  0.000  0.001  0.000  0.001
   1.71116     -2.083300  0.001  0.108  0.000  0.110
   1.67125     -2.109840  0.001  0.128  0.000  0.130
   1.63133     -2.138319  0.002  0.147  0.000  0.149
   1.59142     -2.130668  0.000  0.000  0.000  0.000
   1.55150     -2.104191  0.000  0.001  0.000  0.001
   1.51159     -2.075448  0.000  0.002  0.000  0.002
   1.47167     -2.045846  0.000  0.003  0.000  0.003
   1.43176     -2.021844  0.000  0.011  0.000  0.011
   1.39184     -2.017648  0.000  0.016  0.000  0.016
   1.35192     -2.020601  0.000  0.014  0.000  0.014
   1.31201     -2.004034  0.000  0.002  0.002  0.004
   1.27209     -1.976189  0.000  0.003  0.002  0.005
   1.23218     -1.951269  0.000  0.008  0.002  0.009
   1.19226     -1.928744  0.000  0.021  0.001  0.022
   1.15235     -1.916239  0.000  0.235  0.000  0.235
   1.11243     -1.917059  0.000  0.235  0.000  0.235
   1.07252     -1.917341  0.000  0.235  0.000  0.235
   1.07252     -1.917341  0.000  0.235  0.000  0.235
   1.04430     -1.918937  0.000  0.225  0.000  0.225
   1.01607     -1.924294  0.000  0.192  0.000  0.192
   0.98785     -1.934788  0.000  0.142  0.000  0.142
   0.95962     -1.951420  0.000  0.095  0.000  0.095
   0.93140     -1.965004  0.000  0.158  0.000  0.158
   0.90317     -1.966051  0.000  0.008  0.002  0.010
   0.87495     -1.992132  0.000  0.013  0.002  0.015
   0.84673     -2.019704  0.000  0.015  0.002  0.017
   0.81850     -2.043845  0.000  0.031  0.000  0.031
   0.79028     -2.037412  0.000  0.026  0.000  0.026
   0.76205     -2.065858  0.000  0.002  0.000  0.002
   0.73383     -2.109155  0.000  0.003  0.000  0.003
   0.70561     -2.151196  0.000  0.004  0.000  0.004
   0.67738     -2.176101  0.000  0.144  0.000  0.145
   0.64916     -2.172047  0.000  0.123  0.000  0.124
   0.62093     -2.162230  0.000  0.020  0.000  0.021
   0.59271     -2.156549  0.000  0.057  0.000  0.057
   0.56448     -2.145345  0.000  0.068  0.000  0.069
   0.53626     -2.156315  0.000  0.006  0.000  0.006
   0.53626     -2.156315  0.000  0.006  0.000  0.006
   0.50804     -2.155696  0.000  0.006  0.000  0.006
   0.47981     -2.153842  0.000  0.006  0.000  0.006
   0.45159     -2.150779  0.000  0.006  0.000  0.006
   0.42336     -2.147907  0.000  0.106  0.000  0.106
   0.39514     -2.153671  0.000  0.062  0.000  0.063
   0.36691     -2.148698  0.000  0.005  0.000  0.005
   0.33869     -2.143000  0.000  0.010  0.000  0.010
   0.31047     -2.137852  0.000  0.017  0.000  0.017
   0.28224     -2.133308  0.000  0.023  0.000  0.025
   0.25402     -2.129336  0.000  0.029  0.000  0.030
   0.22579     -2.125725  0.000  0.032  0.000  0.032
   0.19757     -2.122125  0.000  0.031  0.000  0.031
   0.16935     -2.118332  0.000  0.026  0.000  0.026
   0.14112     -2.114629  0.000  0.017  0.000  0.017
   0.11290     -2.111861  0.000  0.007  0.000  0.007
   0.08467     -2.111021  0.000  0.002  0.000  0.002
   0.05645     -2.112888  0.000  0.001  0.000  0.001
   0.02822     -2.115969  0.000  0.002  0.000  0.002
   0.00000     -2.115198  0.000  0.002  0.000  0.002
 
# Band-Index:   77
   0.00000     -2.115198  0.000  0.002  0.000  0.002
   0.02822     -2.114193  0.000  0.002  0.000  0.002
   0.05645     -2.110686  0.000  0.001  0.000  0.001
   0.08467     -2.082194  0.000  0.001  0.000  0.001
   0.11290     -2.066558  0.001  0.102  0.000  0.103
   0.14112     -2.073915  0.001  0.109  0.000  0.110
   0.16935     -2.083925  0.001  0.119  0.000  0.122
   0.19757     -2.094162  0.001  0.115  0.000  0.117
   0.22579     -2.102804  0.000  0.104  0.000  0.106
   0.25402     -2.109458  0.000  0.092  0.000  0.094
   0.28224     -2.114147  0.000  0.076  0.000  0.078
   0.31047     -2.119089  0.000  0.006  0.000  0.006
   0.33869     -2.127390  0.000  0.006  0.000  0.006
   0.36691     -2.134784  0.000  0.006  0.000  0.006
   0.39514     -2.141193  0.000  0.006  0.000  0.006
   0.42336     -2.146544  0.000  0.006  0.000  0.006
   0.45159     -2.140969  0.000  0.144  0.000  0.146
   0.47981     -2.133671  0.000  0.179  0.000  0.179
   0.50804     -2.128234  0.000  0.199  0.001  0.199
   0.53626     -2.126333  0.000  0.205  0.001  0.206
   0.53626     -2.126333  0.000  0.205  0.001  0.206
   0.56448     -2.136312  0.000  0.158  0.000  0.159
   0.59271     -2.152164  0.000  0.146  0.000  0.149
   0.62093     -2.131058  0.000  0.023  0.000  0.023
   0.64916     -2.094623  0.000  0.021  0.000  0.021
   0.67738     -2.055333  0.000  0.023  0.000  0.023
   0.70561     -2.036617  0.000  0.006  0.000  0.006
   0.73383     -2.033445  0.000  0.012  0.000  0.012
   0.76205     -2.033857  0.000  0.018  0.000  0.018
   0.79028     -2.022619  0.000  0.001  0.000  0.001
   0.81850     -1.980497  0.000  0.001  0.000  0.001
   0.84673     -1.940577  0.000  0.001  0.000  0.001
   0.87495     -1.937697  0.000  0.151  0.000  0.151
   0.90317     -1.950088  0.000  0.157  0.000  0.157
   0.93140     -1.941793  0.000  0.005  0.002  0.007
   0.95962     -1.920353  0.000  0.003  0.002  0.005
   0.98785     -1.902733  0.000  0.002  0.002  0.004
   1.01607     -1.905659  0.000  0.235  0.000  0.235
   1.04430     -1.914101  0.000  0.235  0.000  0.235
   1.07252     -1.917341  0.000  0.235  0.000  0.235
   1.07252     -1.917341  0.000  0.235  0.000  0.235
   1.11243     -1.914640  0.000  0.210  0.000  0.210
   1.15235     -1.914583  0.000  0.099  0.000  0.101
   1.19226     -1.919469  0.000  0.007  0.002  0.009
   1.23218     -1.940871  0.000  0.054  0.002  0.056
   1.27209     -1.934329  0.000  0.128  0.000  0.129
   1.31201     -1.922044  0.000  0.090  0.000  0.090
   1.35192     -1.938454  0.000  0.000  0.000  0.000
   1.39184     -1.970606  0.000  0.000  0.000  0.000
   1.43176     -2.001518  0.000  0.001  0.000  0.001
   1.47167     -2.033100  0.000  0.001  0.000  0.001
   1.51159     -2.063843  0.000  0.001  0.000  0.001
   1.55150     -2.092561  0.000  0.000  0.000  0.000
   1.59142     -2.118505  0.000  0.000  0.000  0.000
   1.63133     -2.117273  0.001  0.144  0.000  0.146
   1.67125     -2.093091  0.001  0.180  0.000  0.182
   1.71116     -2.074362  0.000  0.000  0.000  0.000
   1.75108     -2.091456  0.000  0.001  0.000  0.001
   1.79099     -2.109006  0.000  0.002  0.000  0.002
   1.83091     -2.115198  0.000  0.002  0.000  0.002
 
# Band-Index:   78
   1.83091     -2.046584  0.001  0.075  0.000  0.076
   1.79099     -2.050262  0.001  0.081  0.000  0.082
   1.75108     -2.062447  0.001  0.092  0.000  0.096
   1.71116     -2.069756  0.001  0.169  0.000  0.171
   1.67125     -2.063290  0.000  0.018  0.000  0.018
   1.63133     -2.063190  0.000  0.032  0.000  0.032
   1.59142     -2.048031  0.000  0.038  0.000  0.038
   1.55150     -2.020815  0.000  0.038  0.000  0.038
   1.51159     -2.000633  0.000  0.002  0.000  0.002
   1.47167     -1.998179  0.000  0.004  0.000  0.004
   1.43176     -1.991516  0.000  0.002  0.000  0.002
   1.39184     -1.965354  0.000  0.000  0.000  0.000
   1.35192     -1.933189  0.000  0.001  0.000  0.001
   1.31201     -1.906007  0.000  0.230  0.000  0.230
   1.27209     -1.909937  0.000  0.232  0.000  0.232
   1.23218     -1.912859  0.000  0.233  0.000  0.233
   1.19226     -1.914885  0.000  0.233  0.000  0.235
   1.15235     -1.898685  0.000  0.004  0.002  0.006
   1.11243     -1.884616  0.000  0.005  0.001  0.006
   1.07252     -1.880161  0.000  0.000  0.002  0.002
   1.07252     -1.880161  0.000  0.000  0.002  0.002
   1.04430     -1.882360  0.000  0.003  0.002  0.005
   1.01607     -1.889800  0.000  0.004  0.002  0.006
   0.98785     -1.894732  0.000  0.237  0.000  0.237
   0.95962     -1.892205  0.000  0.130  0.002  0.132
   0.93140     -1.895425  0.000  0.159  0.002  0.159
   0.90317     -1.898583  0.000  0.165  0.000  0.165
   0.87495     -1.906940  0.000  0.057  0.000  0.057
   0.84673     -1.928196  0.000  0.139  0.000  0.140
   0.81850     -1.944337  0.000  0.094  0.000  0.096
   0.79028     -1.961589  0.000  0.107  0.000  0.109
   0.76205     -1.973774  0.000  0.115  0.000  0.116
   0.73383     -1.982227  0.000  0.115  0.000  0.116
   0.70561     -2.015424  0.000  0.029  0.000  0.029
   0.67738     -2.044074  0.000  0.002  0.000  0.002
   0.64916     -2.057839  0.000  0.020  0.000  0.020
   0.62093     -2.085416  0.000  0.049  0.000  0.049
   0.59271     -2.104813  0.000  0.059  0.000  0.060
   0.56448     -2.119661  0.000  0.130  0.000  0.130
   0.53626     -2.123665  0.000  0.205  0.001  0.205
   0.53626     -2.123665  0.000  0.205  0.001  0.205
   0.50804     -2.125388  0.000  0.200  0.001  0.201
   0.47981     -2.129076  0.000  0.186  0.000  0.186
   0.45159     -2.132041  0.000  0.164  0.000  0.164
   0.42336     -2.132492  0.000  0.144  0.000  0.145
   0.39514     -2.130060  0.000  0.129  0.000  0.131
   0.36691     -2.125265  0.000  0.120  0.000  0.121
   0.33869     -2.119375  0.000  0.088  0.000  0.089
   0.31047     -2.117098  0.000  0.062  0.000  0.063
   0.28224     -2.109989  0.000  0.006  0.000  0.006
   0.25402     -2.100236  0.000  0.006  0.000  0.006
   0.22579     -2.091166  0.000  0.103  0.000  0.104
   0.19757     -2.085121  0.000  0.102  0.000  0.103
   0.16935     -2.078970  0.001  0.103  0.000  0.104
   0.14112     -2.071291  0.001  0.117  0.000  0.119
   0.11290     -2.060783  0.001  0.118  0.000  0.120
   0.08467     -2.059463  0.001  0.096  0.000  0.098
   0.05645     -2.052980  0.001  0.088  0.000  0.089
   0.02822     -2.048302  0.001  0.078  0.000  0.079
   0.00000     -2.046584  0.001  0.075  0.000  0.076
 
# Band-Index:   79
   0.00000     -2.036014  0.000  0.007  0.000  0.007
   0.02822     -2.037062  0.000  0.007  0.000  0.007
   0.05645     -2.041102  0.001  0.088  0.000  0.090
   0.08467     -2.049588  0.001  0.104  0.000  0.106
   0.11290     -2.052143  0.000  0.000  0.000  0.000
   0.14112     -2.060289  0.000  0.006  0.000  0.006
   0.16935     -2.069664  0.000  0.006  0.000  0.006
   0.19757     -2.079726  0.000  0.006  0.000  0.006
   0.22579     -2.090045  0.000  0.006  0.000  0.006
   0.25402     -2.097496  0.000  0.106  0.000  0.109
   0.28224     -2.104304  0.000  0.109  0.000  0.111
   0.31047     -2.111461  0.000  0.112  0.000  0.113
   0.33869     -2.117745  0.000  0.076  0.000  0.077
   0.36691     -2.118409  0.000  0.036  0.000  0.037
   0.39514     -2.117609  0.000  0.024  0.000  0.024
   0.42336     -2.116149  0.000  0.015  0.000  0.015
   0.45159     -2.114451  0.000  0.010  0.000  0.010
   0.47981     -2.112900  0.000  0.005  0.000  0.005
   0.50804     -2.111828  0.000  0.004  0.000  0.004
   0.53626     -2.111450  0.000  0.003  0.000  0.003
   0.53626     -2.111450  0.000  0.003  0.000  0.003
   0.56448     -2.112172  0.000  0.041  0.000  0.042
   0.59271     -2.098256  0.000  0.041  0.000  0.041
   0.62093     -2.075131  0.000  0.015  0.000  0.015
   0.64916     -2.055495  0.000  0.019  0.000  0.019
   0.67738     -2.022621  0.000  0.024  0.000  0.024
   0.70561     -1.987577  0.000  0.119  0.000  0.119
   0.73383     -1.977126  0.000  0.047  0.000  0.048
   0.76205     -1.944858  0.000  0.077  0.000  0.078
   0.79028     -1.922454  0.000  0.127  0.000  0.127
   0.81850     -1.922070  0.000  0.121  0.000  0.121
   0.84673     -1.921856  0.000  0.081  0.000  0.082
   0.87495     -1.897581  0.000  0.102  0.000  0.102
   0.90317     -1.870168  0.000  0.053  0.000  0.053
   0.93140     -1.874175  0.000  0.236  0.000  0.238
   0.95962     -1.883721  0.000  0.238  0.000  0.238
   0.98785     -1.888219  0.000  0.087  0.002  0.089
   1.01607     -1.883509  0.000  0.038  0.001  0.040
   1.04430     -1.879088  0.000  0.007  0.002  0.009
   1.07252     -1.877088  0.000  0.000  0.002  0.002
   1.07252     -1.877088  0.000  0.000  0.002  0.002
   1.11243     -1.880603  0.000  0.020  0.001  0.021
   1.15235     -1.882989  0.000  0.133  0.001  0.133
   1.19226     -1.875378  0.000  0.213  0.000  0.213
   1.23218     -1.864553  0.000  0.229  0.000  0.231
   1.27209     -1.871047  0.000  0.014  0.000  0.014
   1.31201     -1.902852  0.000  0.011  0.000  0.011
   1.35192     -1.904301  0.000  0.124  0.000  0.124
   1.39184     -1.897665  0.000  0.099  0.000  0.100
   1.43176     -1.897658  0.000  0.027  0.000  0.027
   1.47167     -1.944895  0.000  0.026  0.000  0.026
   1.51159     -1.985646  0.000  0.035  0.000  0.035
   1.55150     -2.010218  0.000  0.059  0.000  0.059
   1.59142     -2.036567  0.000  0.065  0.000  0.065
   1.63133     -2.050235  0.000  0.064  0.000  0.065
   1.67125     -2.054190  0.000  0.000  0.000  0.000
   1.71116     -2.052300  0.000  0.017  0.000  0.017
   1.75108     -2.049655  0.001  0.123  0.000  0.125
   1.79099     -2.038513  0.000  0.015  0.000  0.015
   1.83091     -2.036014  0.000  0.007  0.000  0.007
 
# Band-Index:   80
   1.83091     -2.036014  0.000  0.007  0.000  0.007
   1.79099     -2.037500  0.001  0.078  0.000  0.080
   1.75108     -2.044342  0.000  0.029  0.000  0.029
   1.71116     -2.050778  0.000  0.000  0.000  0.000
   1.67125     -2.053777  0.000  0.058  0.000  0.059
   1.63133     -2.034815  0.000  0.000  0.000  0.000
   1.59142     -2.018124  0.000  0.000  0.000  0.000
   1.55150     -2.006549  0.000  0.000  0.000  0.000
   1.51159     -1.969404  0.000  0.042  0.000  0.042
   1.47167     -1.915060  0.000  0.002  0.000  0.002
   1.43176     -1.894501  0.000  0.182  0.000  0.183
   1.39184     -1.896513  0.000  0.221  0.000  0.223
   1.35192     -1.901259  0.000  0.228  0.000  0.228
   1.31201     -1.896315  0.000  0.040  0.000  0.040
   1.27209     -1.865910  0.000  0.016  0.000  0.016
   1.23218     -1.840936  0.000  0.022  0.000  0.022
   1.19226     -1.814407  0.000  0.040  0.000  0.040
   1.15235     -1.792718  0.000  0.071  0.000  0.071
   1.11243     -1.777009  0.000  0.135  0.000  0.137
   1.07252     -1.769610  0.000  0.249  0.000  0.249
   1.07252     -1.769610  0.000  0.249  0.000  0.249
   1.04430     -1.774394  0.000  0.172  0.000  0.174
   1.01607     -1.785187  0.000  0.117  0.000  0.117
   0.98785     -1.800545  0.000  0.087  0.000  0.087
   0.95962     -1.820186  0.000  0.071  0.000  0.071
   0.93140     -1.843616  0.000  0.061  0.000  0.061
   0.90317     -1.866964  0.000  0.233  0.000  0.235
   0.87495     -1.893267  0.000  0.096  0.000  0.096
   0.84673     -1.903118  0.000  0.179  0.000  0.179
   0.81850     -1.910044  0.000  0.163  0.000  0.163
   0.79028     -1.920157  0.000  0.093  0.000  0.093
   0.76205     -1.924651  0.000  0.053  0.000  0.053
   0.73383     -1.948451  0.000  0.010  0.000  0.010
   0.70561     -1.985749  0.000  0.016  0.000  0.016
   0.67738     -1.991356  0.000  0.118  0.000  0.118
   0.64916     -1.993867  0.000  0.117  0.000  0.117
   0.62093     -2.014780  0.000  0.038  0.000  0.038
   0.59271     -2.035471  0.000  0.034  0.000  0.034
   0.56448     -2.059564  0.000  0.031  0.000  0.032
   0.53626     -2.073274  0.000  0.023  0.000  0.023
   0.53626     -2.073274  0.000  0.023  0.000  0.023
   0.50804     -2.072773  0.000  0.023  0.000  0.023
   0.47981     -2.071278  0.000  0.023  0.000  0.023
   0.45159     -2.068823  0.000  0.023  0.000  0.023
   0.42336     -2.065475  0.000  0.023  0.000  0.023
   0.39514     -2.061326  0.000  0.023  0.000  0.023
   0.36691     -2.056477  0.000  0.023  0.000  0.023
   0.33869     -2.051061  0.000  0.023  0.000  0.023
   0.31047     -2.045217  0.000  0.023  0.000  0.023
   0.28224     -2.039104  0.000  0.022  0.000  0.022
   0.25402     -2.032887  0.000  0.022  0.000  0.022
   0.22579     -2.026733  0.000  0.022  0.000  0.022
   0.19757     -2.023409  0.000  0.077  0.000  0.077
   0.16935     -2.031161  0.000  0.060  0.000  0.061
   0.14112     -2.037472  0.000  0.036  0.000  0.036
   0.11290     -2.052018  0.000  0.007  0.000  0.007
   0.08467     -2.045218  0.000  0.007  0.000  0.007
   0.05645     -2.040167  0.000  0.007  0.000  0.007
   0.02822     -2.035633  0.001  0.073  0.000  0.075
   0.00000     -2.036014  0.000  0.007  0.000  0.007
 
# Band-Index:   81
   0.00000     -2.033749  0.001  0.069  0.000  0.072
   0.02822     -2.034303  0.000  0.010  0.000  0.010
   0.05645     -2.028832  0.000  0.014  0.000  0.014
   0.08467     -2.022462  0.000  0.055  0.000  0.055
   0.11290     -2.020981  0.000  0.059  0.000  0.059
   0.14112     -2.010291  0.000  0.021  0.000  0.021
   0.16935     -2.015276  0.000  0.022  0.000  0.022
   0.19757     -2.020806  0.000  0.022  0.000  0.022
   0.22579     -2.012745  0.000  0.093  0.000  0.093
   0.25402     -2.007921  0.000  0.017  0.000  0.017
   0.28224     -2.014299  0.000  0.017  0.000  0.017
   0.31047     -2.020520  0.000  0.018  0.000  0.018
   0.33869     -2.026435  0.000  0.019  0.000  0.019
   0.36691     -2.031892  0.000  0.019  0.000  0.019
   0.39514     -2.036757  0.000  0.019  0.000  0.019
   0.42336     -2.040915  0.000  0.019  0.000  0.019
   0.45159     -2.044261  0.000  0.019  0.000  0.019
   0.47981     -2.046708  0.000  0.020  0.000  0.020
   0.50804     -2.048201  0.000  0.020  0.000  0.020
   0.53626     -2.048708  0.000  0.020  0.000  0.020
   0.53626     -2.048708  0.000  0.020  0.000  0.020
   0.56448     -2.043834  0.000  0.024  0.000  0.024
   0.59271     -2.030834  0.000  0.033  0.000  0.033
   0.62093     -2.008037  0.000  0.032  0.000  0.032
   0.64916     -1.992503  0.000  0.039  0.000  0.040
   0.67738     -1.966864  0.000  0.035  0.000  0.035
   0.70561     -1.942601  0.000  0.032  0.000  0.032
   0.73383     -1.926393  0.000  0.050  0.000  0.050
   0.76205     -1.902537  0.000  0.033  0.000  0.033
   0.79028     -1.874642  0.000  0.111  0.000  0.111
   0.81850     -1.865239  0.000  0.165  0.000  0.165
   0.84673     -1.861765  0.000  0.202  0.000  0.202
   0.87495     -1.862645  0.000  0.223  0.000  0.223
   0.90317     -1.864483  0.000  0.028  0.000  0.028
   0.93140     -1.834883  0.000  0.013  0.000  0.013
   0.95962     -1.809037  0.000  0.010  0.000  0.010
   0.98785     -1.788075  0.000  0.008  0.000  0.008
   1.01607     -1.772692  0.000  0.010  0.000  0.010
   1.04430     -1.768884  0.000  0.248  0.000  0.248
   1.07252     -1.769610  0.000  0.249  0.000  0.249
   1.07252     -1.769610  0.000  0.249  0.000  0.249
   1.11243     -1.769718  0.000  0.248  0.000  0.248
   1.15235     -1.783045  0.000  0.010  0.000  0.010
   1.19226     -1.807216  0.000  0.010  0.000  0.010
   1.23218     -1.835519  0.000  0.012  0.000  0.012
   1.27209     -1.854876  0.000  0.228  0.000  0.230
   1.31201     -1.847614  0.000  0.218  0.000  0.219
   1.35192     -1.843277  0.000  0.197  0.000  0.198
   1.39184     -1.845493  0.000  0.003  0.000  0.003
   1.43176     -1.893802  0.000  0.073  0.000  0.073
   1.47167     -1.904333  0.000  0.169  0.000  0.169
   1.51159     -1.943061  0.000  0.044  0.000  0.044
   1.55150     -1.970842  0.000  0.009  0.000  0.009
   1.59142     -1.984461  0.000  0.001  0.000  0.001
   1.63133     -1.987839  0.000  0.000  0.000  0.000
   1.67125     -2.007607  0.000  0.000  0.000  0.000
   1.71116     -2.050207  0.000  0.040  0.000  0.040
   1.75108     -2.034963  0.000  0.030  0.000  0.030
   1.79099     -2.032214  0.000  0.007  0.000  0.007
   1.83091     -2.033749  0.001  0.069  0.000  0.072
 
# Band-Index:   82
   1.83091     -1.997861  0.000  0.021  0.000  0.021
   1.79099     -2.013944  0.000  0.047  0.000  0.047
   1.75108     -2.021042  0.000  0.005  0.000  0.005
   1.71116     -2.003805  0.000  0.002  0.000  0.002
   1.67125     -1.985539  0.000  0.000  0.000  0.000
   1.63133     -1.968053  0.000  0.000  0.000  0.000
   1.59142     -1.952876  0.000  0.000  0.000  0.000
   1.55150     -1.934269  0.000  0.000  0.000  0.000
   1.51159     -1.909983  0.000  0.000  0.000  0.000
   1.47167     -1.893940  0.000  0.046  0.000  0.046
   1.43176     -1.851873  0.000  0.027  0.000  0.027
   1.39184     -1.842676  0.000  0.158  0.000  0.158
   1.35192     -1.798943  0.000  0.013  0.000  0.013
   1.31201     -1.777080  0.000  0.156  0.000  0.158
   1.27209     -1.772665  0.000  0.216  0.000  0.218
   1.23218     -1.771219  0.000  0.233  0.000  0.235
   1.19226     -1.770492  0.000  0.242  0.000  0.243
   1.15235     -1.770018  0.000  0.246  0.000  0.246
   1.11243     -1.766405  0.000  0.016  0.000  0.016
   1.07252     -1.762579  0.000  0.000  0.000  0.000
   1.07252     -1.762579  0.000  0.000  0.000  0.000
   1.04430     -1.763869  0.000  0.022  0.000  0.022
   1.01607     -1.767134  0.000  0.248  0.000  0.248
   0.98785     -1.765397  0.000  0.246  0.000  0.246
   0.95962     -1.764854  0.000  0.240  0.000  0.242
   0.93140     -1.766599  0.000  0.233  0.000  0.235
   0.90317     -1.771711  0.000  0.215  0.000  0.217
   0.87495     -1.781880  0.000  0.168  0.000  0.170
   0.84673     -1.800596  0.000  0.085  0.000  0.085
   0.81850     -1.829836  0.000  0.031  0.000  0.031
   0.79028     -1.865227  0.000  0.022  0.000  0.022
   0.76205     -1.890245  0.000  0.065  0.000  0.065
   0.73383     -1.912636  0.000  0.040  0.000  0.040
   0.70561     -1.938189  0.000  0.033  0.000  0.033
   0.67738     -1.960414  0.000  0.027  0.000  0.027
   0.64916     -1.983236  0.000  0.028  0.000  0.028
   0.62093     -1.995503  0.000  0.115  0.000  0.115
   0.59271     -1.996514  0.000  0.114  0.000  0.114
   0.56448     -1.997061  0.000  0.113  0.000  0.113
   0.53626     -1.997239  0.000  0.113  0.000  0.113
   0.53626     -1.997239  0.000  0.113  0.000  0.113
   0.50804     -1.996159  0.000  0.114  0.000  0.114
   0.47981     -1.993175  0.000  0.117  0.000  0.117
   0.45159     -1.988847  0.000  0.119  0.000  0.121
   0.42336     -1.983900  0.000  0.122  0.000  0.124
   0.39514     -1.979151  0.000  0.125  0.000  0.127
   0.36691     -1.975602  0.000  0.128  0.000  0.129
   0.33869     -1.974644  0.000  0.130  0.000  0.130
   0.31047     -1.978064  0.000  0.129  0.000  0.129
   0.28224     -1.986998  0.000  0.122  0.000  0.122
   0.25402     -1.999779  0.000  0.109  0.000  0.109
   0.22579     -2.001548  0.000  0.017  0.000  0.017
   0.19757     -1.995342  0.000  0.017  0.000  0.017
   0.16935     -1.989471  0.000  0.016  0.000  0.016
   0.14112     -1.999288  0.000  0.031  0.000  0.031
   0.11290     -2.005999  0.000  0.021  0.000  0.021
   0.08467     -2.018526  0.000  0.023  0.000  0.023
   0.05645     -2.015826  0.000  0.055  0.000  0.055
   0.02822     -2.005748  0.000  0.046  0.000  0.046
   0.00000     -1.997861  0.000  0.021  0.000  0.021
 
# Band-Index:   83
   0.00000     -1.997861  0.000  0.021  0.000  0.021
   0.02822     -1.998386  0.000  0.021  0.000  0.021
   0.05645     -1.999959  0.000  0.021  0.000  0.021
   0.08467     -2.002523  0.000  0.021  0.000  0.021
   0.11290     -2.004101  0.000  0.026  0.000  0.026
   0.14112     -1.987729  0.000  0.022  0.000  0.022
   0.16935     -1.979453  0.000  0.006  0.000  0.006
   0.19757     -1.975992  0.000  0.003  0.000  0.003
   0.22579     -1.969773  0.000  0.002  0.000  0.002
   0.25402     -1.956623  0.000  0.004  0.000  0.004
   0.28224     -1.933047  0.000  0.008  0.000  0.008
   0.31047     -1.897194  0.000  0.020  0.000  0.020
   0.33869     -1.864250  0.000  0.122  0.000  0.124
   0.36691     -1.860942  0.000  0.171  0.000  0.171
   0.39514     -1.863702  0.000  0.177  0.000  0.177
   0.42336     -1.867314  0.000  0.178  0.000  0.179
   0.45159     -1.870833  0.000  0.178  0.000  0.178
   0.47981     -1.873743  0.000  0.177  0.000  0.177
   0.50804     -1.875662  0.000  0.176  0.000  0.176
   0.53626     -1.876334  0.000  0.176  0.000  0.176
   0.53626     -1.876334  0.000  0.176  0.000  0.176
   0.56448     -1.876299  0.000  0.176  0.000  0.176
   0.59271     -1.876167  0.000  0.177  0.000  0.177
   0.62093     -1.875850  0.000  0.177  0.000  0.177
   0.64916     -1.875182  0.000  0.177  0.000  0.177
   0.67738     -1.873835  0.000  0.176  0.000  0.176
   0.70561     -1.871160  0.000  0.172  0.000  0.172
   0.73383     -1.865755  0.000  0.160  0.000  0.160
   0.76205     -1.854711  0.000  0.129  0.000  0.129
   0.79028     -1.834310  0.000  0.084  0.000  0.084
   0.81850     -1.805182  0.000  0.052  0.000  0.052
   0.84673     -1.772264  0.000  0.038  0.000  0.038
   0.87495     -1.749325  0.000  0.206  0.000  0.206
   0.90317     -1.750332  0.000  0.199  0.000  0.201
   0.93140     -1.751382  0.000  0.191  0.000  0.193
   0.95962     -1.752524  0.000  0.179  0.000  0.181
   0.98785     -1.753861  0.000  0.158  0.000  0.160
   1.01607     -1.755525  0.000  0.123  0.000  0.124
   1.04430     -1.757251  0.000  0.054  0.000  0.054
   1.07252     -1.757283  0.000  0.000  0.000  0.000
   1.07252     -1.757283  0.000  0.000  0.000  0.000
   1.11243     -1.756369  0.000  0.097  0.000  0.097
   1.15235     -1.753054  0.000  0.171  0.000  0.173
   1.19226     -1.750924  0.000  0.206  0.000  0.208
   1.23218     -1.750564  0.000  0.225  0.000  0.225
   1.27209     -1.752247  0.000  0.233  0.000  0.233
   1.31201     -1.756214  0.000  0.233  0.000  0.233
   1.35192     -1.780305  0.000  0.011  0.000  0.011
   1.39184     -1.814152  0.000  0.015  0.000  0.015
   1.43176     -1.842079  0.000  0.082  0.000  0.082
   1.47167     -1.881298  0.000  0.000  0.000  0.000
   1.51159     -1.898604  0.000  0.022  0.000  0.023
   1.55150     -1.910761  0.000  0.026  0.000  0.026
   1.59142     -1.927697  0.000  0.000  0.000  0.000
   1.63133     -1.964637  0.000  0.000  0.000  0.000
   1.67125     -1.984260  0.000  0.000  0.000  0.000
   1.71116     -1.981023  0.000  0.002  0.000  0.002
   1.75108     -1.983152  0.000  0.016  0.000  0.016
   1.79099     -1.993921  0.000  0.019  0.000  0.019
   1.83091     -1.997861  0.000  0.021  0.000  0.021
 
# Band-Index:   84
   1.83091     -1.980953  0.000  0.096  0.000  0.096
   1.79099     -1.972209  0.000  0.014  0.000  0.014
   1.75108     -1.976191  0.000  0.006  0.000  0.006
   1.71116     -1.968059  0.000  0.010  0.000  0.010
   1.67125     -1.952618  0.000  0.004  0.000  0.004
   1.63133     -1.935038  0.000  0.001  0.000  0.001
   1.59142     -1.917005  0.000  0.033  0.000  0.033
   1.55150     -1.908376  0.000  0.006  0.000  0.006
   1.51159     -1.896396  0.000  0.011  0.000  0.012
   1.47167     -1.865558  0.000  0.002  0.000  0.003
   1.43176     -1.841805  0.000  0.099  0.000  0.099
   1.39184     -1.787462  0.000  0.113  0.000  0.114
   1.35192     -1.766456  0.000  0.255  0.001  0.255
   1.31201     -1.746462  0.000  0.016  0.000  0.016
   1.27209     -1.714529  0.000  0.039  0.000  0.039
   1.23218     -1.695243  0.000  0.203  0.000  0.205
   1.19226     -1.686005  0.000  0.209  0.000  0.211
   1.15235     -1.679553  0.000  0.213  0.000  0.215
   1.11243     -1.675697  0.000  0.215  0.000  0.217
   1.07252     -1.674405  0.000  0.215  0.000  0.217
   1.07252     -1.674405  0.000  0.215  0.000  0.217
   1.04430     -1.675228  0.000  0.215  0.000  0.217
   1.01607     -1.677889  0.000  0.214  0.000  0.216
   0.98785     -1.682844  0.000  0.212  0.000  0.214
   0.95962     -1.690616  0.000  0.212  0.001  0.214
   0.93140     -1.701591  0.000  0.214  0.001  0.216
   0.90317     -1.715964  0.000  0.219  0.001  0.220
   0.87495     -1.739540  0.000  0.038  0.000  0.038
   0.84673     -1.759129  0.000  0.276  0.001  0.277
   0.81850     -1.777594  0.000  0.352  0.001  0.354
   0.79028     -1.792538  0.000  0.392  0.002  0.394
   0.76205     -1.805673  0.000  0.436  0.002  0.438
   0.73383     -1.815470  0.000  0.473  0.002  0.475
   0.70561     -1.822186  0.000  0.495  0.002  0.497
   0.67738     -1.826711  0.000  0.507  0.002  0.510
   0.64916     -1.829704  0.000  0.515  0.002  0.517
   0.62093     -1.831669  0.000  0.519  0.002  0.521
   0.59271     -1.832914  0.000  0.522  0.002  0.524
   0.56448     -1.833611  0.000  0.524  0.002  0.526
   0.53626     -1.833836  0.000  0.524  0.002  0.526
   0.53626     -1.833836  0.000  0.524  0.002  0.526
   0.50804     -1.833437  0.000  0.524  0.002  0.526
   0.47981     -1.832257  0.000  0.524  0.002  0.526
   0.45159     -1.830324  0.000  0.524  0.002  0.527
   0.42336     -1.827689  0.000  0.526  0.002  0.527
   0.39514     -1.824426  0.000  0.526  0.002  0.528
   0.36691     -1.820624  0.000  0.526  0.002  0.528
   0.33869     -1.825656  0.000  0.063  0.000  0.063
   0.31047     -1.844699  0.000  0.155  0.000  0.157
   0.28224     -1.865162  0.000  0.018  0.000  0.018
   0.25402     -1.883598  0.000  0.023  0.000  0.023
   0.22579     -1.895673  0.000  0.027  0.000  0.027
   0.19757     -1.925807  0.000  0.017  0.000  0.017
   0.16935     -1.963628  0.000  0.018  0.000  0.018
   0.14112     -1.984103  0.000  0.015  0.000  0.015
   0.11290     -1.979406  0.000  0.015  0.000  0.015
   0.08467     -1.975536  0.000  0.014  0.000  0.014
   0.05645     -1.972647  0.000  0.014  0.000  0.014
   0.02822     -1.971901  0.000  0.056  0.000  0.056
   0.00000     -1.980953  0.000  0.096  0.000  0.096
 
# Band-Index:   85
   0.00000     -1.970256  0.000  0.014  0.000  0.014
   0.02822     -1.970859  0.000  0.014  0.000  0.014
   0.05645     -1.969978  0.000  0.009  0.000  0.009
   0.08467     -1.969739  0.000  0.005  0.000  0.005
   0.11290     -1.969340  0.000  0.005  0.000  0.005
   0.14112     -1.965872  0.000  0.014  0.000  0.014
   0.16935     -1.949187  0.000  0.033  0.000  0.033
   0.19757     -1.920781  0.000  0.036  0.000  0.036
   0.22579     -1.887698  0.000  0.024  0.000  0.024
   0.25402     -1.854453  0.000  0.018  0.000  0.018
   0.28224     -1.845812  0.000  0.137  0.000  0.139
   0.31047     -1.832800  0.000  0.016  0.000  0.016
   0.33869     -1.816385  0.000  0.527  0.001  0.528
   0.36691     -1.818626  0.000  0.526  0.002  0.528
   0.39514     -1.822428  0.000  0.525  0.002  0.527
   0.42336     -1.825691  0.000  0.525  0.002  0.526
   0.45159     -1.828326  0.000  0.524  0.002  0.526
   0.47981     -1.830259  0.000  0.524  0.002  0.526
   0.50804     -1.831440  0.000  0.524  0.002  0.526
   0.53626     -1.831839  0.000  0.524  0.002  0.526
   0.53626     -1.831839  0.000  0.524  0.002  0.526
   0.56448     -1.831614  0.000  0.523  0.002  0.525
   0.59271     -1.830914  0.000  0.522  0.002  0.524
   0.62093     -1.829663  0.000  0.519  0.002  0.521
   0.64916     -1.827690  0.000  0.514  0.002  0.517
   0.67738     -1.824684  0.000  0.507  0.002  0.509
   0.70561     -1.820122  0.000  0.495  0.002  0.497
   0.73383     -1.813229  0.000  0.471  0.002  0.473
   0.76205     -1.803348  0.000  0.435  0.002  0.437
   0.79028     -1.789885  0.000  0.380  0.002  0.382
   0.81850     -1.771998  0.000  0.313  0.001  0.314
   0.84673     -1.752023  0.000  0.265  0.001  0.266
   0.87495     -1.735237  0.000  0.196  0.001  0.198
   0.90317     -1.709902  0.000  0.053  0.000  0.053
   0.93140     -1.687198  0.000  0.112  0.000  0.112
   0.95962     -1.676833  0.000  0.185  0.000  0.187
   0.98785     -1.674363  0.000  0.207  0.000  0.209
   1.01607     -1.674079  0.000  0.213  0.000  0.215
   1.04430     -1.674280  0.000  0.215  0.000  0.217
   1.07252     -1.674405  0.000  0.215  0.000  0.217
   1.07252     -1.674405  0.000  0.215  0.000  0.217
   1.11243     -1.674545  0.000  0.214  0.000  0.216
   1.15235     -1.675799  0.000  0.209  0.000  0.211
   1.19226     -1.679840  0.000  0.200  0.000  0.202
   1.23218     -1.690256  0.000  0.139  0.000  0.139
   1.27209     -1.708204  0.000  0.183  0.001  0.184
   1.31201     -1.739343  0.000  0.138  0.000  0.140
   1.35192     -1.762862  0.000  0.219  0.000  0.219
   1.39184     -1.781553  0.000  0.192  0.001  0.194
   1.43176     -1.817425  0.000  0.047  0.000  0.047
   1.47167     -1.852884  0.000  0.076  0.000  0.076
   1.51159     -1.867730  0.000  0.035  0.000  0.035
   1.55150     -1.887872  0.000  0.009  0.000  0.009
   1.59142     -1.913295  0.000  0.001  0.000  0.001
   1.63133     -1.930541  0.000  0.001  0.000  0.001
   1.67125     -1.948483  0.000  0.005  0.000  0.005
   1.71116     -1.960487  0.000  0.008  0.000  0.008
   1.75108     -1.966244  0.000  0.011  0.000  0.011
   1.79099     -1.969272  0.000  0.013  0.000  0.013
   1.83091     -1.970256  0.000  0.014  0.000  0.014
 
# Band-Index:   86
   1.83091     -1.970256  0.000  0.014  0.000  0.014
   1.79099     -1.966448  0.000  0.061  0.000  0.061
   1.75108     -1.949470  0.000  0.048  0.000  0.048
   1.71116     -1.936122  0.000  0.039  0.000  0.039
   1.67125     -1.926961  0.000  0.036  0.000  0.036
   1.63133     -1.921234  0.000  0.035  0.000  0.035
   1.59142     -1.908976  0.000  0.001  0.000  0.001
   1.55150     -1.878407  0.000  0.005  0.000  0.005
   1.51159     -1.857842  0.000  0.185  0.000  0.185
   1.47167     -1.849951  0.000  0.101  0.000  0.101
   1.43176     -1.798174  0.000  0.022  0.000  0.022
   1.39184     -1.773220  0.000  0.180  0.000  0.180
   1.35192     -1.749758  0.000  0.151  0.000  0.152
   1.31201     -1.724818  0.000  0.177  0.001  0.179
   1.27209     -1.703339  0.000  0.104  0.000  0.105
   1.23218     -1.673567  0.000  0.087  0.000  0.087
   1.19226     -1.650091  0.000  0.084  0.000  0.084
   1.15235     -1.633308  0.000  0.084  0.000  0.084
   1.11243     -1.623240  0.000  0.083  0.000  0.083
   1.07252     -1.619882  0.000  0.083  0.000  0.083
   1.07252     -1.619882  0.000  0.083  0.000  0.083
   1.04430     -1.622350  0.000  0.083  0.000  0.083
   1.01607     -1.629765  0.000  0.083  0.000  0.083
   0.98785     -1.642161  0.000  0.085  0.000  0.085
   0.95962     -1.659457  0.000  0.090  0.000  0.090
   0.93140     -1.681296  0.000  0.100  0.000  0.100
   0.90317     -1.706754  0.000  0.125  0.000  0.125
   0.87495     -1.731971  0.000  0.219  0.001  0.220
   0.84673     -1.748262  0.000  0.209  0.000  0.209
   0.81850     -1.747224  0.000  0.211  0.000  0.211
   0.79028     -1.746179  0.000  0.211  0.000  0.211
   0.76205     -1.745144  0.000  0.210  0.000  0.210
   0.73383     -1.744143  0.000  0.210  0.000  0.210
   0.70561     -1.743208  0.000  0.209  0.000  0.209
   0.67738     -1.742356  0.000  0.208  0.000  0.208
   0.64916     -1.741618  0.000  0.207  0.000  0.207
   0.62093     -1.741019  0.000  0.206  0.000  0.206
   0.59271     -1.740580  0.000  0.206  0.000  0.206
   0.56448     -1.740306  0.000  0.205  0.000  0.205
   0.53626     -1.740218  0.000  0.204  0.000  0.204
   0.53626     -1.740218  0.000  0.204  0.000  0.204
   0.50804     -1.740296  0.000  0.204  0.000  0.204
   0.47981     -1.740598  0.000  0.202  0.000  0.202
   0.45159     -1.741346  0.000  0.198  0.000  0.198
   0.42336     -1.742997  0.000  0.189  0.000  0.189
   0.39514     -1.746523  0.000  0.169  0.000  0.169
   0.36691     -1.761553  0.000  0.021  0.000  0.021
   0.33869     -1.814387  0.000  0.527  0.001  0.528
   0.31047     -1.811824  0.000  0.528  0.001  0.530
   0.28224     -1.810277  0.000  0.009  0.000  0.009
   0.25402     -1.845823  0.000  0.006  0.000  0.006
   0.22579     -1.882072  0.000  0.007  0.000  0.007
   0.19757     -1.899334  0.000  0.019  0.000  0.019
   0.16935     -1.907479  0.000  0.021  0.000  0.021
   0.14112     -1.916747  0.000  0.023  0.000  0.023
   0.11290     -1.928069  0.000  0.027  0.000  0.027
   0.08467     -1.941446  0.000  0.036  0.000  0.036
   0.05645     -1.956272  0.000  0.048  0.000  0.048
   0.02822     -1.969661  0.000  0.024  0.000  0.024
   0.00000     -1.970256  0.000  0.014  0.000  0.014
 
# Band-Index:   87
   0.00000     -1.837815  0.000  0.213  0.000  0.213
   0.02822     -1.837783  0.000  0.215  0.000  0.215
   0.05645     -1.837723  0.000  0.218  0.000  0.218
   0.08467     -1.837693  0.000  0.223  0.000  0.223
   0.11290     -1.837693  0.000  0.226  0.000  0.226
   0.14112     -1.837706  0.000  0.230  0.000  0.232
   0.16935     -1.837734  0.000  0.234  0.000  0.234
   0.19757     -1.837799  0.000  0.238  0.000  0.238
   0.22579     -1.837512  0.000  0.253  0.000  0.253
   0.25402     -1.831543  0.000  0.267  0.000  0.267
   0.28224     -1.807066  0.000  0.529  0.001  0.530
   0.31047     -1.809825  0.000  0.527  0.001  0.529
   0.33869     -1.786366  0.000  0.021  0.000  0.021
   0.36691     -1.755100  0.000  0.116  0.000  0.116
   0.39514     -1.681613  0.000  0.222  0.000  0.222
   0.42336     -1.670644  0.000  0.221  0.000  0.221
   0.45159     -1.663168  0.000  0.221  0.000  0.221
   0.47981     -1.658241  0.000  0.221  0.000  0.221
   0.50804     -1.655424  0.000  0.220  0.000  0.220
   0.53626     -1.654500  0.000  0.219  0.000  0.219
   0.53626     -1.654500  0.000  0.219  0.000  0.219
   0.56448     -1.654582  0.000  0.219  0.000  0.219
   0.59271     -1.654830  0.000  0.219  0.000  0.219
   0.62093     -1.655230  0.000  0.218  0.000  0.218
   0.64916     -1.655772  0.000  0.216  0.000  0.216
   0.67738     -1.656434  0.000  0.214  0.000  0.214
   0.70561     -1.657195  0.000  0.213  0.000  0.213
   0.73383     -1.658019  0.000  0.211  0.000  0.211
   0.76205     -1.658883  0.000  0.209  0.000  0.209
   0.79028     -1.659741  0.000  0.206  0.000  0.206
   0.81850     -1.660536  0.000  0.202  0.000  0.202
   0.84673     -1.661172  0.000  0.195  0.000  0.197
   0.87495     -1.661403  0.000  0.186  0.000  0.188
   0.90317     -1.660520  0.000  0.165  0.000  0.167
   0.93140     -1.655857  0.000  0.103  0.000  0.103
   0.95962     -1.642901  0.000  0.029  0.000  0.029
   0.98785     -1.626735  0.000  0.007  0.000  0.007
   1.01607     -1.619795  0.000  0.083  0.000  0.083
   1.04430     -1.619858  0.000  0.083  0.000  0.083
   1.07252     -1.619882  0.000  0.083  0.000  0.083
   1.07252     -1.619882  0.000  0.083  0.000  0.083
   1.11243     -1.621400  0.000  0.083  0.000  0.083
   1.15235     -1.626040  0.000  0.082  0.000  0.082
   1.19226     -1.646115  0.000  0.015  0.000  0.015
   1.23218     -1.669971  0.000  0.081  0.000  0.081
   1.27209     -1.685657  0.000  0.191  0.000  0.192
   1.31201     -1.697783  0.000  0.234  0.000  0.236
   1.35192     -1.710678  0.000  0.269  0.000  0.270
   1.39184     -1.724457  0.000  0.311  0.000  0.312
   1.43176     -1.789347  0.000  0.110  0.000  0.110
   1.47167     -1.813119  0.000  0.045  0.000  0.045
   1.51159     -1.843703  0.000  0.015  0.000  0.015
   1.55150     -1.854892  0.000  0.207  0.000  0.209
   1.59142     -1.850512  0.000  0.218  0.000  0.220
   1.63133     -1.846344  0.000  0.226  0.000  0.228
   1.67125     -1.842781  0.000  0.231  0.000  0.233
   1.71116     -1.840019  0.000  0.230  0.000  0.231
   1.75108     -1.838332  0.000  0.223  0.000  0.223
   1.79099     -1.837809  0.000  0.216  0.000  0.216
   1.83091     -1.837815  0.000  0.213  0.000  0.213
 
# Band-Index:   88
   1.83091     -1.775437  0.000  0.535  0.000  0.535
   1.79099     -1.775363  0.000  0.535  0.000  0.535
   1.75108     -1.775130  0.000  0.536  0.000  0.536
   1.71116     -1.774667  0.000  0.536  0.000  0.536
   1.67125     -1.773837  0.000  0.536  0.000  0.536
   1.63133     -1.772416  0.000  0.534  0.000  0.535
   1.59142     -1.770024  0.000  0.527  0.000  0.527
   1.55150     -1.766103  0.000  0.512  0.000  0.512
   1.51159     -1.759914  0.000  0.480  0.000  0.480
   1.47167     -1.750651  0.000  0.426  0.000  0.426
   1.43176     -1.738261  0.000  0.363  0.000  0.363
   1.39184     -1.716177  0.000  0.226  0.000  0.226
   1.35192     -1.695818  0.000  0.157  0.000  0.158
   1.31201     -1.676317  0.000  0.121  0.000  0.121
   1.27209     -1.659122  0.000  0.101  0.000  0.101
   1.23218     -1.644864  0.000  0.091  0.000  0.091
   1.19226     -1.633792  0.000  0.086  0.000  0.086
   1.15235     -1.623468  0.000  0.004  0.000  0.004
   1.11243     -1.607892  0.000  0.000  0.000  0.000
   1.07252     -1.602296  0.000  0.000  0.000  0.000
   1.07252     -1.602296  0.000  0.000  0.000  0.000
   1.04430     -1.605133  0.000  0.000  0.000  0.000
   1.01607     -1.613475  0.000  0.001  0.000  0.001
   0.98785     -1.619662  0.000  0.083  0.000  0.083
   0.95962     -1.619558  0.000  0.084  0.000  0.084
   0.93140     -1.619456  0.000  0.084  0.000  0.084
   0.90317     -1.619375  0.000  0.086  0.000  0.086
   0.87495     -1.619318  0.000  0.086  0.000  0.086
   0.84673     -1.619278  0.000  0.088  0.000  0.088
   0.81850     -1.619247  0.000  0.090  0.000  0.090
   0.79028     -1.619231  0.000  0.091  0.000  0.091
   0.76205     -1.619221  0.000  0.094  0.000  0.094
   0.73383     -1.619209  0.000  0.096  0.000  0.096
   0.70561     -1.619196  0.000  0.098  0.000  0.099
   0.67738     -1.619174  0.000  0.100  0.000  0.101
   0.64916     -1.619153  0.000  0.101  0.000  0.102
   0.62093     -1.619134  0.000  0.104  0.000  0.104
   0.59271     -1.619121  0.000  0.105  0.000  0.105
   0.56448     -1.619111  0.000  0.106  0.000  0.106
   0.53626     -1.619107  0.000  0.106  0.000  0.106
   0.53626     -1.619107  0.000  0.106  0.000  0.106
   0.50804     -1.621079  0.000  0.107  0.000  0.107
   0.47981     -1.626996  0.000  0.109  0.000  0.110
   0.45159     -1.636939  0.000  0.114  0.000  0.115
   0.42336     -1.650930  0.000  0.124  0.000  0.124
   0.39514     -1.679085  0.000  0.009  0.000  0.009
   0.36691     -1.702456  0.000  0.034  0.000  0.034
   0.33869     -1.751540  0.000  0.075  0.000  0.075
   0.31047     -1.778520  0.000  0.026  0.000  0.026
   0.28224     -1.805068  0.000  0.529  0.001  0.530
   0.25402     -1.802242  0.000  0.529  0.001  0.530
   0.22579     -1.797483  0.000  0.531  0.001  0.532
   0.19757     -1.792919  0.000  0.531  0.001  0.532
   0.16935     -1.788675  0.000  0.532  0.001  0.533
   0.14112     -1.784866  0.000  0.533  0.000  0.533
   0.11290     -1.781598  0.000  0.533  0.000  0.534
   0.08467     -1.778958  0.000  0.534  0.000  0.534
   0.05645     -1.777019  0.000  0.534  0.000  0.534
   0.02822     -1.775833  0.000  0.535  0.000  0.535
   0.00000     -1.775437  0.000  0.535  0.000  0.535
 
# Band-Index:   89
   0.00000     -1.775437  0.000  0.535  0.000  0.535
   0.02822     -1.774508  0.000  0.531  0.000  0.532
   0.05645     -1.775021  0.000  0.534  0.000  0.534
   0.08467     -1.776960  0.000  0.534  0.000  0.534
   0.11290     -1.779599  0.000  0.533  0.000  0.534
   0.14112     -1.782867  0.000  0.532  0.000  0.532
   0.16935     -1.786676  0.000  0.532  0.001  0.532
   0.19757     -1.790921  0.000  0.531  0.001  0.532
   0.22579     -1.795485  0.000  0.530  0.001  0.531
   0.25402     -1.800244  0.000  0.529  0.001  0.530
   0.28224     -1.797624  0.000  0.156  0.000  0.156
   0.31047     -1.756178  0.000  0.153  0.000  0.153
   0.33869     -1.721558  0.000  0.182  0.000  0.183
   0.36691     -1.697346  0.000  0.202  0.000  0.202
   0.39514     -1.668763  0.000  0.139  0.000  0.139
   0.42336     -1.590760  0.000  0.013  0.000  0.013
   0.45159     -1.506439  0.000  0.011  0.000  0.011
   0.47981     -1.436537  0.000  0.011  0.000  0.011
   0.50804     -1.390257  0.000  0.011  0.000  0.011
   0.53626     -1.374061  0.000  0.011  0.000  0.011
   0.53626     -1.374061  0.000  0.011  0.000  0.011
   0.56448     -1.372444  0.000  0.011  0.000  0.011
   0.59271     -1.367573  0.000  0.011  0.000  0.011
   0.62093     -1.359317  0.000  0.011  0.000  0.011
   0.64916     -1.347451  0.000  0.011  0.000  0.011
   0.67738     -1.331636  0.000  0.011  0.000  0.011
   0.70561     -1.311390  0.000  0.011  0.000  0.011
   0.73383     -1.286087  0.000  0.011  0.000  0.011
   0.76205     -1.254955  0.000  0.010  0.000  0.010
   0.79028     -1.217088  0.000  0.009  0.000  0.009
   0.81850     -1.171542  0.000  0.008  0.000  0.009
   0.84673     -1.117487  0.000  0.007  0.000  0.007
   0.87495     -1.054496  0.000  0.007  0.000  0.007
   0.90317     -0.982973  0.000  0.005  0.000  0.005
   0.93140     -0.904731  0.000  0.005  0.000  0.005
   0.95962     -0.823612  0.000  0.005  0.000  0.005
   0.98785     -0.745854  0.000  0.004  0.000  0.005
   1.01607     -0.679884  0.000  0.004  0.000  0.004
   1.04430     -0.635072  0.000  0.004  0.000  0.004
   1.07252     -0.619115  0.000  0.004  0.000  0.004
   1.07252     -0.619115  0.000  0.004  0.000  0.004
   1.11243     -0.651050  0.000  0.004  0.000  0.004
   1.15235     -0.741135  0.000  0.004  0.000  0.004
   1.19226     -0.875501  0.000  0.005  0.000  0.005
   1.23218     -1.037934  0.000  0.005  0.000  0.005
   1.27209     -1.213448  0.000  0.006  0.000  0.006
   1.31201     -1.388925  0.000  0.008  0.000  0.008
   1.35192     -1.552494  0.000  0.009  0.000  0.009
   1.39184     -1.693133  0.000  0.014  0.000  0.014
   1.43176     -1.734569  0.000  0.329  0.000  0.329
   1.47167     -1.748297  0.000  0.422  0.000  0.422
   1.51159     -1.757791  0.000  0.479  0.000  0.479
   1.55150     -1.764089  0.000  0.511  0.000  0.511
   1.59142     -1.768052  0.000  0.527  0.000  0.527
   1.63133     -1.770453  0.000  0.533  0.000  0.535
   1.67125     -1.771868  0.000  0.536  0.000  0.536
   1.71116     -1.772688  0.000  0.536  0.000  0.536
   1.75108     -1.773897  0.000  0.514  0.000  0.514
   1.79099     -1.774680  0.000  0.529  0.000  0.529
   1.83091     -1.775437  0.000  0.535  0.000  0.535
 
# Band-Index:   90
   1.83091     -1.773438  0.000  0.534  0.000  0.534
   1.79099     -1.773367  0.000  0.534  0.000  0.534
   1.75108     -1.773141  0.000  0.535  0.000  0.535
   1.71116     -1.772483  0.000  0.492  0.000  0.492
   1.67125     -1.770013  0.000  0.463  0.000  0.463
   1.63133     -1.766531  0.000  0.434  0.000  0.434
   1.59142     -1.762371  0.000  0.404  0.000  0.406
   1.55150     -1.757829  0.000  0.380  0.000  0.380
   1.51159     -1.752677  0.000  0.360  0.000  0.360
   1.47167     -1.744957  0.000  0.340  0.000  0.340
   1.43176     -1.724353  0.000  0.276  0.000  0.278
   1.39184     -1.654205  0.000  0.120  0.000  0.120
   1.35192     -1.525665  0.000  0.050  0.000  0.050
   1.31201     -1.364571  0.000  0.029  0.000  0.029
   1.27209     -1.187945  0.000  0.020  0.000  0.020
   1.23218     -1.009489  0.000  0.015  0.000  0.015
   1.19226     -0.843089  0.000  0.013  0.000  0.013
   1.15235     -0.704429  0.000  0.011  0.000  0.012
   1.11243     -0.610821  0.000  0.011  0.000  0.011
   1.07252     -0.577498  0.000  0.010  0.000  0.011
   1.07252     -0.577498  0.000  0.010  0.000  0.011
   1.04430     -0.594153  0.000  0.011  0.000  0.011
   1.01607     -0.640770  0.000  0.011  0.000  0.011
   0.98785     -0.708976  0.000  0.012  0.000  0.012
   0.95962     -0.788770  0.000  0.013  0.000  0.013
   0.93140     -0.871325  0.000  0.014  0.000  0.014
   0.90317     -0.950241  0.000  0.015  0.000  0.015
   0.87495     -1.021651  0.000  0.017  0.000  0.017
   0.84673     -1.083775  0.000  0.020  0.000  0.020
   0.81850     -1.136288  0.000  0.023  0.000  0.023
   0.79028     -1.179741  0.000  0.025  0.000  0.025
   0.76205     -1.215122  0.000  0.026  0.000  0.026
   0.73383     -1.243557  0.000  0.027  0.000  0.027
   0.70561     -1.266134  0.000  0.029  0.000  0.029
   0.67738     -1.283794  0.000  0.029  0.000  0.029
   0.64916     -1.297306  0.000  0.029  0.000  0.029
   0.62093     -1.307261  0.000  0.029  0.000  0.029
   0.59271     -1.314088  0.000  0.027  0.000  0.027
   0.56448     -1.318076  0.000  0.027  0.000  0.027
   0.53626     -1.319387  0.000  0.027  0.000  0.027
   0.53626     -1.319387  0.000  0.027  0.000  0.027
   0.50804     -1.335576  0.000  0.028  0.000  0.028
   0.47981     -1.381739  0.000  0.029  0.000  0.029
   0.45159     -1.451269  0.000  0.033  0.000  0.033
   0.42336     -1.534829  0.000  0.037  0.000  0.037
   0.39514     -1.621861  0.000  0.050  0.000  0.050
   0.36691     -1.688144  0.000  0.216  0.000  0.216
   0.33869     -1.708642  0.000  0.272  0.000  0.272
   0.31047     -1.723397  0.000  0.339  0.000  0.339
   0.28224     -1.732847  0.000  0.370  0.000  0.370
   0.25402     -1.739963  0.000  0.390  0.000  0.390
   0.22579     -1.746280  0.000  0.410  0.000  0.410
   0.19757     -1.752211  0.000  0.431  0.000  0.432
   0.16935     -1.757729  0.000  0.455  0.000  0.455
   0.14112     -1.762667  0.000  0.478  0.000  0.478
   0.11290     -1.766856  0.000  0.497  0.000  0.497
   0.08467     -1.770205  0.000  0.513  0.000  0.513
   0.05645     -1.772706  0.000  0.525  0.000  0.525
   0.02822     -1.773835  0.000  0.534  0.000  0.534
   0.00000     -1.773438  0.000  0.534  0.000  0.534
 
# Band-Index:   91
   0.00000     -1.773438  0.000  0.534  0.000  0.534
   0.02822     -1.772122  0.000  0.528  0.000  0.529
   0.05645     -1.767338  0.000  0.513  0.000  0.513
   0.08467     -1.759292  0.000  0.489  0.000  0.489
   0.11290     -1.748706  0.000  0.461  0.000  0.461
   0.14112     -1.736214  0.000  0.434  0.000  0.434
   0.16935     -1.722290  0.000  0.407  0.000  0.407
   0.19757     -1.707193  0.000  0.379  0.000  0.380
   0.22579     -1.690790  0.000  0.354  0.000  0.354
   0.25402     -1.672271  0.000  0.327  0.000  0.328
   0.28224     -1.649352  0.000  0.297  0.000  0.297
   0.31047     -1.616945  0.000  0.252  0.000  0.252
   0.33869     -1.567888  0.000  0.197  0.000  0.197
   0.36691     -1.499969  0.000  0.152  0.000  0.152
   0.39514     -1.418716  0.000  0.121  0.000  0.121
   0.42336     -1.332549  0.000  0.102  0.000  0.102
   0.45159     -1.250671  0.000  0.089  0.000  0.089
   0.47981     -1.182666  0.000  0.081  0.000  0.081
   0.50804     -1.137458  0.000  0.076  0.000  0.076
   0.53626     -1.121579  0.000  0.074  0.000  0.075
   0.53626     -1.121579  0.000  0.074  0.000  0.075
   0.56448     -1.120487  0.000  0.074  0.000  0.075
   0.59271     -1.117153  0.000  0.075  0.000  0.075
   0.62093     -1.111416  0.000  0.075  0.000  0.075
   0.64916     -1.103002  0.000  0.075  0.000  0.075
   0.67738     -1.091492  0.000  0.075  0.000  0.075
   0.70561     -1.076316  0.000  0.074  0.000  0.075
   0.73383     -1.056724  0.000  0.074  0.000  0.074
   0.76205     -1.031768  0.000  0.072  0.000  0.073
   0.79028     -1.000319  0.000  0.071  0.000  0.071
   0.81850     -0.961127  0.000  0.068  0.000  0.068
   0.84673     -0.912988  0.000  0.065  0.000  0.065
   0.87495     -0.855037  0.000  0.061  0.000  0.061
   0.90317     -0.787228  0.000  0.057  0.000  0.057
   0.93140     -0.710963  0.000  0.052  0.000  0.053
   0.95962     -0.629795  0.000  0.048  0.000  0.049
   0.98785     -0.550017  0.000  0.045  0.000  0.045
   1.01607     -0.480756  0.000  0.042  0.000  0.042
   1.04430     -0.432803  0.000  0.040  0.000  0.040
   1.07252     -0.415547  0.000  0.039  0.000  0.040
   1.07252     -0.415547  0.000  0.039  0.000  0.040
   1.11243     -0.450053  0.000  0.040  0.000  0.041
   1.15235     -0.546081  0.000  0.044  0.000  0.045
   1.19226     -0.686223  0.000  0.051  0.000  0.052
   1.23218     -0.851706  0.000  0.062  0.000  0.062
   1.27209     -1.026415  0.000  0.078  0.000  0.078
   1.31201     -1.196772  0.000  0.102  0.000  0.102
   1.35192     -1.350265  0.000  0.140  0.000  0.140
   1.39184     -1.474768  0.000  0.194  0.000  0.194
   1.43176     -1.562432  0.000  0.253  0.000  0.253
   1.47167     -1.617713  0.000  0.296  0.000  0.296
   1.51159     -1.653381  0.000  0.322  0.000  0.324
   1.55150     -1.679350  0.000  0.344  0.000  0.344
   1.59142     -1.700675  0.000  0.364  0.000  0.364
   1.63133     -1.719550  0.000  0.387  0.000  0.387
   1.67125     -1.736678  0.000  0.417  0.000  0.418
   1.71116     -1.751791  0.000  0.453  0.000  0.453
   1.75108     -1.763858  0.000  0.491  0.000  0.491
   1.79099     -1.771414  0.000  0.523  0.000  0.523
   1.83091     -1.773438  0.000  0.534  0.000  0.534
 
# Band-Index:   92
   1.83091     -1.537717  0.000  0.242  0.000  0.242
   1.79099     -1.535428  0.000  0.242  0.000  0.242
   1.75108     -1.528682  0.000  0.244  0.000  0.244
   1.71116     -1.517750  0.000  0.246  0.000  0.246
   1.67125     -1.502852  0.000  0.246  0.000  0.246
   1.63133     -1.483920  0.000  0.247  0.000  0.247
   1.59142     -1.460416  0.000  0.247  0.000  0.247
   1.55150     -1.431202  0.000  0.245  0.000  0.245
   1.51159     -1.394380  0.000  0.241  0.000  0.241
   1.47167     -1.347138  0.000  0.233  0.000  0.233
   1.43176     -1.285734  0.000  0.219  0.000  0.219
   1.39184     -1.206003  0.000  0.199  0.000  0.200
   1.35192     -1.104622  0.000  0.175  0.000  0.175
   1.31201     -0.980990  0.000  0.148  0.000  0.148
   1.27209     -0.838560  0.000  0.122  0.000  0.122
   1.23218     -0.685194  0.000  0.100  0.000  0.100
   1.19226     -0.533030  0.000  0.084  0.000  0.084
   1.15235     -0.398865  0.000  0.072  0.000  0.072
   1.11243     -0.303922  0.000  0.064  0.000  0.066
   1.07252     -0.269148  0.000  0.062  0.000  0.064
   1.07252     -0.269148  0.000  0.062  0.000  0.064
   1.04430     -0.286567  0.000  0.064  0.000  0.064
   1.01607     -0.334357  0.000  0.066  0.000  0.068
   0.98785     -0.401917  0.000  0.072  0.000  0.072
   0.95962     -0.477832  0.000  0.078  0.000  0.078
   0.93140     -0.553246  0.000  0.084  0.000  0.084
   0.90317     -0.622671  0.000  0.090  0.000  0.090
   0.87495     -0.683460  0.000  0.095  0.000  0.096
   0.84673     -0.734923  0.000  0.100  0.000  0.100
   0.81850     -0.777536  0.000  0.103  0.000  0.104
   0.79028     -0.812309  0.000  0.106  0.000  0.106
   0.76205     -0.840399  0.000  0.107  0.000  0.108
   0.73383     -0.862906  0.000  0.108  0.000  0.108
   0.70561     -0.880783  0.000  0.108  0.000  0.108
   0.67738     -0.894793  0.000  0.108  0.000  0.108
   0.64916     -0.905541  0.000  0.108  0.000  0.108
   0.62093     -0.913473  0.000  0.108  0.000  0.108
   0.59271     -0.918927  0.000  0.108  0.000  0.108
   0.56448     -0.922114  0.000  0.108  0.000  0.108
   0.53626     -0.923163  0.000  0.107  0.000  0.108
   0.53626     -0.923163  0.000  0.107  0.000  0.108
   0.50804     -0.937335  0.000  0.110  0.000  0.110
   0.47981     -0.977287  0.000  0.116  0.000  0.116
   0.45159     -1.036327  0.000  0.127  0.000  0.127
   0.42336     -1.105843  0.000  0.141  0.000  0.141
   0.39514     -1.177568  0.000  0.158  0.000  0.158
   0.36691     -1.245122  0.000  0.176  0.000  0.177
   0.33869     -1.304643  0.000  0.193  0.000  0.193
   0.31047     -1.354694  0.000  0.209  0.000  0.209
   0.28224     -1.395603  0.000  0.221  0.000  0.222
   0.25402     -1.428619  0.000  0.231  0.000  0.231
   0.22579     -1.455207  0.000  0.237  0.000  0.237
   0.19757     -1.476681  0.000  0.242  0.000  0.242
   0.16935     -1.494033  0.000  0.244  0.000  0.244
   0.14112     -1.507964  0.000  0.244  0.000  0.244
   0.11290     -1.518935  0.000  0.244  0.000  0.244
   0.08467     -1.527254  0.000  0.244  0.000  0.244
   0.05645     -1.533095  0.000  0.244  0.000  0.244
   0.02822     -1.536565  0.000  0.242  0.000  0.242
   0.00000     -1.537717  0.000  0.242  0.000  0.242
 
# Band-Index:   93
   0.00000     -1.345929  0.000  0.122  0.000  0.122
   0.02822     -1.344628  0.000  0.122  0.000  0.122
   0.05645     -1.340701  0.000  0.122  0.000  0.122
   0.08467     -1.334030  0.000  0.122  0.000  0.122
   0.11290     -1.324400  0.000  0.120  0.000  0.120
   0.14112     -1.311519  0.000  0.120  0.000  0.120
   0.16935     -1.294948  0.000  0.118  0.000  0.118
   0.19757     -1.274135  0.000  0.116  0.000  0.116
   0.22579     -1.248380  0.000  0.112  0.000  0.112
   0.25402     -1.216827  0.000  0.108  0.000  0.108
   0.28224     -1.178529  0.000  0.103  0.000  0.103
   0.31047     -1.132575  0.000  0.097  0.000  0.097
   0.33869     -1.078351  0.000  0.089  0.000  0.090
   0.36691     -1.015955  0.000  0.082  0.000  0.082
   0.39514     -0.946844  0.000  0.074  0.000  0.074
   0.42336     -0.874444  0.000  0.067  0.000  0.067
   0.45159     -0.804545  0.000  0.060  0.000  0.061
   0.47981     -0.745036  0.000  0.055  0.000  0.055
   0.50804     -0.704581  0.000  0.052  0.000  0.053
   0.53626     -0.690177  0.000  0.051  0.000  0.051
   0.53626     -0.690177  0.000  0.051  0.000  0.051
   0.56448     -0.688958  0.000  0.051  0.000  0.051
   0.59271     -0.685252  0.000  0.051  0.000  0.051
   0.62093     -0.678956  0.000  0.051  0.000  0.052
   0.64916     -0.669878  0.000  0.051  0.000  0.052
   0.67738     -0.657734  0.000  0.052  0.000  0.053
   0.70561     -0.642135  0.000  0.052  0.000  0.053
   0.73383     -0.622560  0.000  0.052  0.000  0.053
   0.76205     -0.598362  0.000  0.052  0.000  0.053
   0.79028     -0.568716  0.000  0.051  0.000  0.052
   0.81850     -0.532664  0.000  0.051  0.000  0.051
   0.84673     -0.489160  0.000  0.050  0.000  0.050
   0.87495     -0.437205  0.000  0.048  0.000  0.049
   0.90317     -0.376169  0.000  0.046  0.000  0.047
   0.93140     -0.306319  0.000  0.043  0.000  0.044
   0.95962     -0.229672  0.000  0.041  0.000  0.042
   0.98785     -0.151116  0.000  0.039  0.000  0.039
   1.01607     -0.079529  0.000  0.037  0.000  0.037
   1.04430     -0.027641  0.000  0.035  0.000  0.036
   1.07252     -0.008411  0.000  0.035  0.000  0.036
   1.07252     -0.008411  0.000  0.035  0.000  0.036
   1.11243     -0.046704  0.000  0.036  0.000  0.036
   1.15235     -0.148883  0.000  0.039  0.000  0.039
   1.19226     -0.288770  0.000  0.043  0.000  0.044
   1.23218     -0.442915  0.000  0.051  0.000  0.051
   1.27209     -0.595130  0.000  0.061  0.000  0.061
   1.31201     -0.735360  0.000  0.071  0.000  0.071
   1.35192     -0.858206  0.000  0.081  0.000  0.082
   1.39184     -0.961897  0.000  0.091  0.000  0.092
   1.43176     -1.047200  0.000  0.100  0.000  0.100
   1.47167     -1.116336  0.000  0.106  0.000  0.106
   1.51159     -1.172016  0.000  0.111  0.000  0.111
   1.55150     -1.216841  0.000  0.114  0.000  0.114
   1.59142     -1.252965  0.000  0.116  0.000  0.116
   1.63133     -1.282023  0.000  0.118  0.000  0.118
   1.67125     -1.305122  0.000  0.120  0.000  0.120
   1.71116     -1.322905  0.000  0.121  0.000  0.121
   1.75108     -1.335643  0.000  0.122  0.000  0.122
   1.79099     -1.343339  0.000  0.122  0.000  0.122
   1.83091     -1.345929  0.000  0.122  0.000  0.122
 
# Band-Index:   94
   1.83091      2.927900  0.017  0.010  0.000  0.028
   1.79099      2.924919  0.014  0.011  0.000  0.028
   1.75108      2.913135  0.011  0.012  0.002  0.026
   1.71116      2.888134  0.008  0.014  0.002  0.024
   1.67125      2.848802  0.006  0.016  0.002  0.024
   1.63133      2.796646  0.004  0.018  0.002  0.023
   1.59142      2.733908  0.004  0.018  0.002  0.024
   1.55150      2.662900  0.004  0.020  0.002  0.024
   1.51159      2.585903  0.004  0.020  0.002  0.026
   1.47167      2.505185  0.004  0.022  0.002  0.027
   1.43176      2.422988  0.004  0.024  0.002  0.028
   1.39184      2.341522  0.004  0.025  0.002  0.030
   1.35192      2.262949  0.004  0.026  0.002  0.030
   1.31201      2.189352  0.004  0.028  0.002  0.032
   1.27209      2.122667  0.004  0.028  0.002  0.032
   1.23218      2.064413  0.004  0.028  0.000  0.033
   1.19226      1.918422  0.000  0.003  0.000  0.004
   1.15235      1.771605  0.000  0.004  0.000  0.004
   1.11243      1.678827  0.000  0.004  0.000  0.004
   1.07252      1.647027  0.000  0.004  0.000  0.004
   1.07252      1.647027  0.000  0.004  0.000  0.004
   1.04430      1.650984  0.000  0.004  0.000  0.004
   1.01607      1.662728  0.000  0.004  0.000  0.004
   0.98785      1.681886  0.000  0.004  0.000  0.004
   0.95962      1.707860  0.000  0.004  0.000  0.004
   0.93140      1.739852  0.000  0.004  0.000  0.004
   0.90317      1.776905  0.000  0.004  0.000  0.004
   0.87495      1.817936  0.000  0.004  0.000  0.004
   0.84673      1.861778  0.000  0.004  0.000  0.004
   0.81850      1.907207  0.000  0.004  0.000  0.004
   0.79028      1.952984  0.000  0.004  0.000  0.004
   0.76205      1.997879  0.000  0.004  0.000  0.004
   0.73383      2.040705  0.000  0.004  0.000  0.004
   0.70561      2.080342  0.000  0.004  0.000  0.004
   0.67738      2.115762  0.000  0.004  0.000  0.004
   0.64916      2.146053  0.000  0.004  0.000  0.004
   0.62093      2.170444  0.000  0.004  0.000  0.004
   0.59271      2.188315  0.000  0.003  0.000  0.004
   0.56448      2.199220  0.000  0.003  0.000  0.004
   0.53626      2.202885  0.000  0.003  0.000  0.004
   0.53626      2.202885  0.000  0.003  0.000  0.004
   0.50804      2.231852  0.000  0.004  0.000  0.004
   0.47981      2.316016  0.000  0.004  0.000  0.004
   0.45159      2.448183  0.000  0.004  0.000  0.004
   0.42336      2.535721  0.004  0.022  0.002  0.026
   0.39514      2.561298  0.004  0.022  0.002  0.026
   0.36691      2.591139  0.004  0.021  0.002  0.026
   0.33869      2.624522  0.004  0.020  0.002  0.025
   0.31047      2.660571  0.004  0.020  0.002  0.024
   0.28224      2.698299  0.004  0.019  0.002  0.024
   0.25402      2.736625  0.004  0.018  0.002  0.024
   0.22579      2.774381  0.004  0.018  0.002  0.024
   0.19757      2.810336  0.004  0.017  0.002  0.023
   0.16935      2.843212  0.006  0.016  0.002  0.024
   0.14112      2.871718  0.006  0.016  0.002  0.024
   0.11290      2.894671  0.009  0.014  0.002  0.024
   0.08467      2.911252  0.010  0.013  0.002  0.026
   0.05645      2.921479  0.014  0.012  0.000  0.027
   0.02822      2.926488  0.016  0.010  0.000  0.028
   0.00000      2.927900  0.017  0.010  0.000  0.028
 
# Band-Index:   95
   0.00000      3.009203  0.034  0.000  0.000  0.036
   0.02822      3.015168  0.036  0.000  0.000  0.037
   0.05645      3.032769  0.036  0.002  0.000  0.037
   0.08467      3.061044  0.036  0.004  0.000  0.040
   0.11290      3.098081  0.038  0.004  0.000  0.042
   0.14112      3.140351  0.039  0.007  0.000  0.047
   0.16935      3.181527  0.039  0.012  0.000  0.051
   0.19757      3.212053  0.034  0.016  0.002  0.054
   0.22579      3.224010  0.028  0.024  0.002  0.054
   0.25402      3.218117  0.022  0.028  0.002  0.054
   0.28224      3.200322  0.018  0.032  0.004  0.053
   0.31047      3.175103  0.016  0.036  0.004  0.054
   0.33869      3.139796  0.012  0.036  0.004  0.052
   0.36691      3.025863  0.002  0.012  0.002  0.016
   0.39514      2.817551  0.000  0.005  0.001  0.006
   0.42336      2.618868  0.000  0.004  0.000  0.005
   0.45159      2.503075  0.000  0.006  0.002  0.008
   0.47981      2.375930  0.000  0.007  0.002  0.008
   0.50804      2.294463  0.000  0.007  0.002  0.008
   0.53626      2.266490  0.000  0.007  0.002  0.008
   0.53626      2.266490  0.000  0.007  0.002  0.008
   0.56448      2.262897  0.000  0.007  0.002  0.008
   0.59271      2.252203  0.000  0.007  0.002  0.008
   0.62093      2.234676  0.000  0.007  0.002  0.008
   0.64916      2.210759  0.000  0.007  0.002  0.008
   0.67738      2.181061  0.000  0.007  0.002  0.008
   0.70561      2.146347  0.000  0.007  0.002  0.008
   0.73383      2.107520  0.000  0.007  0.002  0.008
   0.76205      2.065597  0.000  0.008  0.002  0.008
   0.79028      2.021691  0.000  0.008  0.002  0.008
   0.81850      1.976977  0.000  0.008  0.002  0.008
   0.84673      1.932665  0.000  0.008  0.001  0.008
   0.87495      1.889967  0.000  0.008  0.001  0.008
   0.90317      1.850068  0.000  0.008  0.001  0.010
   0.93140      1.814095  0.000  0.008  0.001  0.010
   0.95962      1.783082  0.000  0.008  0.002  0.010
   0.98785      1.757939  0.000  0.008  0.002  0.010
   1.01607      1.739416  0.000  0.008  0.002  0.010
   1.04430      1.682477  0.000  0.004  0.000  0.004
   1.07252      1.647027  0.000  0.004  0.000  0.004
   1.07252      1.647027  0.000  0.004  0.000  0.004
   1.11243      1.693765  0.000  0.004  0.000  0.004
   1.15235      1.821610  0.000  0.004  0.000  0.005
   1.19226      1.988831  0.000  0.006  0.003  0.010
   1.23218      2.110122  0.000  0.002  0.000  0.003
   1.27209      2.337246  0.000  0.002  0.000  0.003
   1.31201      2.591125  0.000  0.002  0.000  0.003
   1.35192      2.783545  0.010  0.048  0.008  0.066
   1.39184      2.869544  0.010  0.048  0.006  0.066
   1.43176      2.948616  0.012  0.046  0.006  0.064
   1.47167      3.024481  0.012  0.044  0.006  0.060
   1.51159      3.095204  0.014  0.038  0.006  0.058
   1.55150      3.155955  0.018  0.034  0.006  0.056
   1.59142      3.197241  0.024  0.028  0.004  0.054
   1.63133      3.202452  0.034  0.018  0.004  0.053
   1.67125      3.164319  0.039  0.010  0.000  0.050
   1.71116      3.106964  0.038  0.004  0.000  0.044
   1.75108      3.055292  0.036  0.004  0.000  0.040
   1.79099      3.021072  0.036  0.000  0.000  0.037
   1.83091      3.009203  0.034  0.000  0.000  0.036
 
# Band-Index:   96
   1.83091      3.112074  0.030  0.006  0.002  0.039
   1.79099      3.119748  0.033  0.006  0.002  0.040
   1.75108      3.145080  0.037  0.008  0.001  0.044
   1.71116      3.190927  0.040  0.008  0.000  0.048
   1.67125      3.255844  0.042  0.010  0.000  0.052
   1.63133      3.334536  0.044  0.010  0.002  0.056
   1.59142      3.418749  0.043  0.012  0.002  0.058
   1.55150      3.495013  0.041  0.014  0.004  0.058
   1.51159      3.540358  0.034  0.014  0.008  0.057
   1.47167      3.527647  0.022  0.018  0.014  0.054
   1.43176      3.428360  0.010  0.020  0.013  0.044
   1.39184      3.149854  0.000  0.002  0.000  0.002
   1.35192      2.864190  0.000  0.002  0.000  0.002
   1.31201      2.651105  0.000  0.005  0.004  0.008
   1.27209      2.400363  0.000  0.006  0.004  0.008
   1.23218      2.176798  0.000  0.006  0.004  0.009
   1.19226      2.005204  0.000  0.005  0.000  0.008
   1.15235      1.845442  0.000  0.007  0.003  0.010
   1.11243      1.755139  0.000  0.008  0.002  0.010
   1.07252      1.724249  0.000  0.008  0.002  0.010
   1.07252      1.724249  0.000  0.008  0.002  0.010
   1.04430      1.728070  0.000  0.008  0.002  0.010
   1.01607      1.782612  0.000  0.004  0.000  0.004
   0.98785      1.910904  0.000  0.010  0.004  0.013
   0.95962      1.934940  0.000  0.010  0.004  0.013
   0.93140      1.964630  0.000  0.010  0.004  0.013
   0.90317      1.999126  0.000  0.010  0.004  0.013
   0.87495      2.037453  0.000  0.010  0.004  0.013
   0.84673      2.078542  0.000  0.010  0.002  0.013
   0.81850      2.121257  0.000  0.010  0.002  0.013
   0.79028      2.164423  0.000  0.010  0.002  0.011
   0.76205      2.206865  0.000  0.010  0.002  0.011
   0.73383      2.247432  0.000  0.010  0.002  0.011
   0.70561      2.285032  0.000  0.010  0.002  0.011
   0.67738      2.318662  0.000  0.009  0.002  0.011
   0.64916      2.347438  0.000  0.009  0.002  0.011
   0.62093      2.370611  0.000  0.009  0.002  0.011
   0.59271      2.387590  0.000  0.009  0.002  0.010
   0.56448      2.397950  0.000  0.009  0.002  0.010
   0.53626      2.401431  0.000  0.009  0.002  0.010
   0.53626      2.401431  0.000  0.009  0.002  0.010
   0.50804      2.428560  0.000  0.009  0.002  0.010
   0.47981      2.500434  0.004  0.022  0.002  0.027
   0.45159      2.517019  0.004  0.022  0.002  0.028
   0.42336      2.672143  0.000  0.007  0.002  0.009
   0.39514      2.868933  0.000  0.007  0.002  0.009
   0.36691      3.086822  0.000  0.007  0.002  0.010
   0.33869      3.304696  0.001  0.005  0.000  0.006
   0.31047      3.536136  0.009  0.005  0.005  0.021
   0.28224      3.532313  0.039  0.016  0.002  0.059
   0.25402      3.468884  0.042  0.017  0.002  0.059
   0.22579      3.402399  0.042  0.014  0.002  0.058
   0.19757      3.337767  0.043  0.014  0.000  0.055
   0.16935      3.278054  0.042  0.010  0.000  0.053
   0.14112      3.225660  0.041  0.009  0.000  0.050
   0.11290      3.182491  0.038  0.008  0.000  0.047
   0.08467      3.149824  0.037  0.008  0.000  0.044
   0.05645      3.127929  0.034  0.006  0.002  0.041
   0.02822      3.115853  0.031  0.006  0.002  0.039
   0.00000      3.112074  0.030  0.006  0.002  0.039
 
# Band-Index:   97
   0.00000      3.241581  0.016  0.002  0.000  0.020
   0.02822      3.246343  0.016  0.002  0.000  0.018
   0.05645      3.260468  0.016  0.004  0.000  0.018
   0.08467      3.283438  0.012  0.004  0.000  0.016
   0.11290      3.314223  0.010  0.004  0.000  0.015
   0.14112      3.351061  0.006  0.008  0.002  0.014
   0.16935      3.391796  0.002  0.010  0.002  0.016
   0.19757      3.436802  0.004  0.014  0.002  0.022
   0.22579      3.490952  0.010  0.020  0.002  0.033
   0.25402      3.556179  0.020  0.022  0.002  0.045
   0.28224      3.628194  0.025  0.026  0.004  0.055
   0.31047      3.541479  0.002  0.003  0.001  0.007
   0.33869      3.317371  0.000  0.007  0.003  0.012
   0.36691      3.148289  0.008  0.026  0.002  0.038
   0.39514      2.987226  0.000  0.009  0.002  0.014
   0.42336      2.796281  0.000  0.008  0.002  0.010
   0.45159      2.633055  0.000  0.008  0.002  0.010
   0.47981      2.507749  0.000  0.008  0.002  0.010
   0.50804      2.490890  0.002  0.022  0.002  0.026
   0.53626      2.482190  0.000  0.006  0.002  0.008
   0.53626      2.482190  0.000  0.006  0.002  0.008
   0.56448      2.478772  0.000  0.006  0.002  0.008
   0.59271      2.468602  0.000  0.006  0.002  0.008
   0.62093      2.451937  0.000  0.006  0.002  0.008
   0.64916      2.429200  0.000  0.006  0.002  0.008
   0.67738      2.400976  0.000  0.006  0.002  0.008
   0.70561      2.367017  0.004  0.024  0.002  0.029
   0.73383      2.328061  0.004  0.026  0.002  0.030
   0.76205      2.286326  0.004  0.026  0.002  0.030
   0.79028      2.242962  0.004  0.027  0.002  0.032
   0.81850      2.199147  0.004  0.028  0.002  0.032
   0.84673      2.156052  0.004  0.028  0.002  0.033
   0.87495      2.114814  0.004  0.030  0.002  0.034
   0.90317      2.076493  0.004  0.030  0.002  0.034
   0.93140      2.042013  0.004  0.030  0.000  0.034
   0.95962      2.011869  0.004  0.030  0.000  0.034
   0.98785      1.933097  0.000  0.004  0.000  0.005
   1.01607      1.850573  0.000  0.006  0.002  0.010
   1.04430      1.757118  0.000  0.008  0.002  0.010
   1.07252      1.724249  0.000  0.008  0.002  0.010
   1.07252      1.724249  0.000  0.008  0.002  0.010
   1.11243      1.766550  0.000  0.008  0.002  0.010
   1.15235      1.883405  0.000  0.006  0.002  0.009
   1.19226      2.011712  0.002  0.023  0.000  0.026
   1.23218      2.221733  0.000  0.008  0.001  0.011
   1.27209      2.451640  0.002  0.013  0.004  0.018
   1.31201      2.658819  0.006  0.033  0.004  0.043
   1.35192      2.921518  0.000  0.004  0.004  0.008
   1.39184      3.204923  0.000  0.004  0.004  0.008
   1.43176      3.442192  0.000  0.002  0.000  0.002
   1.47167      3.735617  0.000  0.002  0.000  0.002
   1.51159      3.705176  0.032  0.024  0.005  0.060
   1.55150      3.604402  0.026  0.022  0.004  0.052
   1.59142      3.508495  0.016  0.020  0.002  0.039
   1.63133      3.430802  0.004  0.014  0.002  0.023
   1.67125      3.372321  0.004  0.010  0.002  0.014
   1.71116      3.320884  0.009  0.006  0.000  0.016
   1.75108      3.278532  0.012  0.004  0.000  0.017
   1.79099      3.251055  0.016  0.002  0.000  0.018
   1.83091      3.241581  0.016  0.002  0.000  0.020
 
# Band-Index:   98
   1.83091      3.539025  0.008  0.004  0.000  0.012
   1.79099      3.545562  0.006  0.026  0.005  0.037
   1.75108      3.537335  0.006  0.028  0.006  0.038
   1.71116      3.528054  0.008  0.028  0.004  0.040
   1.67125      3.529951  0.012  0.024  0.004  0.040
   1.63133      3.563833  0.014  0.018  0.002  0.034
   1.59142      3.634695  0.012  0.008  0.001  0.020
   1.55150      3.727167  0.004  0.004  0.002  0.010
   1.51159      3.809256  0.009  0.023  0.005  0.038
   1.47167      3.774415  0.001  0.005  0.003  0.009
   1.43176      3.495178  0.000  0.004  0.004  0.008
   1.39184      3.234026  0.004  0.014  0.009  0.028
   1.35192      2.998656  0.002  0.012  0.006  0.019
   1.31201      2.752914  0.001  0.010  0.004  0.017
   1.27209      2.508890  0.000  0.009  0.004  0.014
   1.23218      2.276238  0.000  0.010  0.004  0.014
   1.19226      2.070569  0.002  0.017  0.004  0.022
   1.15235      1.989345  0.004  0.034  0.002  0.039
   1.11243      1.908473  0.000  0.010  0.004  0.012
   1.07252      1.878747  0.000  0.010  0.004  0.013
   1.07252      1.878747  0.000  0.010  0.004  0.013
   1.04430      1.882391  0.000  0.010  0.004  0.013
   1.01607      1.893216  0.000  0.010  0.004  0.013
   0.98785      1.976650  0.002  0.016  0.000  0.018
   0.95962      2.027008  0.000  0.006  0.003  0.010
   0.93140      2.055730  0.000  0.006  0.002  0.010
   0.90317      2.089154  0.000  0.006  0.002  0.009
   0.87495      2.126355  0.000  0.006  0.002  0.008
   0.84673      2.166307  0.000  0.006  0.002  0.008
   0.81850      2.207912  0.000  0.006  0.002  0.008
   0.79028      2.250026  0.000  0.006  0.002  0.008
   0.76205      2.291496  0.000  0.006  0.002  0.008
   0.73383      2.331185  0.000  0.006  0.002  0.008
   0.70561      2.368010  0.000  0.006  0.002  0.008
   0.67738      2.402103  0.004  0.024  0.002  0.028
   0.64916      2.432317  0.004  0.024  0.002  0.028
   0.62093      2.456788  0.004  0.023  0.002  0.028
   0.59271      2.474802  0.004  0.022  0.002  0.028
   0.56448      2.485829  0.004  0.022  0.002  0.027
   0.53626      2.489540  0.004  0.022  0.002  0.027
   0.53626      2.489540  0.004  0.022  0.002  0.027
   0.50804      2.510635  0.000  0.008  0.002  0.008
   0.47981      2.588388  0.000  0.006  0.002  0.008
   0.45159      2.712268  0.000  0.006  0.002  0.007
   0.42336      2.874365  0.000  0.006  0.002  0.006
   0.39514      3.066017  0.000  0.005  0.002  0.006
   0.36691      3.218134  0.002  0.012  0.002  0.016
   0.33869      3.438680  0.000  0.008  0.002  0.013
   0.31047      3.620654  0.028  0.022  0.002  0.052
   0.28224      3.754576  0.006  0.006  0.000  0.014
   0.25402      3.693737  0.010  0.008  0.000  0.020
   0.22579      3.626680  0.012  0.012  0.000  0.026
   0.19757      3.573927  0.014  0.018  0.002  0.036
   0.16935      3.542184  0.014  0.026  0.004  0.041
   0.14112      3.530526  0.010  0.027  0.004  0.042
   0.11290      3.531182  0.008  0.028  0.004  0.040
   0.08467      3.536745  0.006  0.028  0.006  0.038
   0.05645      3.542799  0.006  0.026  0.006  0.038
   0.02822      3.542823  0.008  0.004  0.000  0.012
   0.00000      3.539025  0.008  0.004  0.000  0.012
 
# Band-Index:   99
   0.00000      3.548640  0.004  0.026  0.006  0.037
   0.02822      3.547112  0.005  0.026  0.006  0.037
   0.05645      3.554164  0.008  0.004  0.000  0.012
   0.08467      3.572801  0.008  0.004  0.000  0.012
   0.11290      3.598336  0.008  0.004  0.000  0.012
   0.14112      3.630121  0.005  0.004  0.000  0.012
   0.16935      3.667158  0.004  0.004  0.000  0.010
   0.19757      3.707835  0.004  0.006  0.004  0.010
   0.22579      3.749237  0.004  0.006  0.004  0.012
   0.25402      3.784482  0.002  0.010  0.004  0.016
   0.28224      3.777928  0.004  0.022  0.005  0.030
   0.31047      3.659492  0.008  0.019  0.002  0.027
   0.33869      3.497295  0.000  0.004  0.002  0.008
   0.36691      3.277847  0.000  0.005  0.002  0.006
   0.39514      3.121704  0.010  0.034  0.002  0.048
   0.42336      2.999229  0.000  0.002  0.000  0.004
   0.45159      2.838526  0.000  0.001  0.000  0.002
   0.47981      2.714319  0.000  0.000  0.000  0.002
   0.50804      2.636033  0.000  0.000  0.000  0.002
   0.53626      2.609269  0.000  0.000  0.000  0.002
   0.53626      2.609269  0.000  0.000  0.000  0.002
   0.56448      2.605868  0.000  0.000  0.000  0.002
   0.59271      2.595755  0.000  0.000  0.000  0.002
   0.62093      2.579194  0.000  0.000  0.000  0.002
   0.64916      2.556622  0.000  0.000  0.000  0.002
   0.67738      2.528644  0.000  0.001  0.000  0.002
   0.70561      2.496018  0.000  0.001  0.000  0.002
   0.73383      2.459640  0.000  0.001  0.000  0.002
   0.76205      2.420508  0.000  0.001  0.000  0.002
   0.79028      2.379702  0.000  0.001  0.000  0.002
   0.81850      2.338341  0.000  0.001  0.000  0.002
   0.84673      2.297562  0.000  0.001  0.000  0.002
   0.87495      2.258474  0.000  0.002  0.000  0.002
   0.90317      2.222139  0.000  0.002  0.000  0.002
   0.93140      2.189543  0.000  0.002  0.000  0.002
   0.95962      2.118526  0.000  0.005  0.000  0.007
   0.98785      2.003785  0.000  0.006  0.004  0.010
   1.01607      1.974741  0.004  0.034  0.002  0.038
   1.04430      1.910175  0.000  0.010  0.004  0.012
   1.07252      1.878747  0.000  0.010  0.004  0.013
   1.07252      1.878747  0.000  0.010  0.004  0.013
   1.11243      1.919020  0.000  0.010  0.004  0.012
   1.15235      1.995542  0.000  0.009  0.004  0.012
   1.19226      2.134261  0.000  0.008  0.004  0.012
   1.23218      2.316826  0.000  0.008  0.004  0.012
   1.27209      2.534802  0.000  0.008  0.004  0.011
   1.31201      2.780055  0.000  0.006  0.004  0.010
   1.35192      3.024951  0.000  0.004  0.000  0.008
   1.39184      3.271617  0.000  0.002  0.001  0.006
   1.43176      3.524828  0.000  0.002  0.002  0.006
   1.47167      3.786263  0.000  0.004  0.004  0.008
   1.51159      3.821172  0.002  0.001  0.002  0.006
   1.55150      3.774449  0.004  0.016  0.004  0.024
   1.59142      3.736005  0.002  0.008  0.004  0.014
   1.63133      3.691859  0.004  0.005  0.004  0.011
   1.67125      3.645506  0.004  0.004  0.000  0.012
   1.71116      3.602718  0.008  0.004  0.000  0.012
   1.75108      3.568535  0.008  0.004  0.000  0.012
   1.79099      3.546611  0.008  0.005  0.000  0.014
   1.83091      3.548640  0.004  0.026  0.006  0.037
 
# Band-Index:  100
   1.83091      4.075925  0.000  0.026  0.002  0.030
   1.79099      4.081359  0.000  0.026  0.004  0.030
   1.75108      4.097217  0.000  0.026  0.002  0.029
   1.71116      4.121878  0.000  0.024  0.003  0.030
   1.67125      4.151639  0.000  0.022  0.005  0.028
   1.63133      4.178896  0.000  0.018  0.008  0.028
   1.59142      4.187688  0.001  0.014  0.011  0.027
   1.55150      4.112947  0.006  0.024  0.006  0.034
   1.51159      3.979697  0.002  0.009  0.002  0.015
   1.47167      3.791105  0.012  0.016  0.003  0.032
   1.43176      3.607446  0.000  0.006  0.004  0.010
   1.39184      3.323114  0.000  0.006  0.004  0.010
   1.35192      3.045116  0.000  0.006  0.004  0.010
   1.31201      2.820097  0.004  0.022  0.004  0.030
   1.27209      2.618211  0.000  0.005  0.004  0.008
   1.23218      2.402791  0.000  0.006  0.004  0.008
   1.19226      2.202108  0.000  0.008  0.004  0.012
   1.15235      2.032469  0.000  0.008  0.004  0.012
   1.11243      1.966614  0.004  0.034  0.002  0.038
   1.07252      1.960574  0.004  0.034  0.000  0.038
   1.07252      1.960574  0.004  0.034  0.000  0.038
   1.04430      1.963499  0.004  0.034  0.002  0.038
   1.01607      1.986713  0.000  0.006  0.004  0.010
   0.98785      2.010122  0.002  0.024  0.004  0.030
   0.95962      2.161567  0.000  0.002  0.000  0.002
   0.93140      2.324854  0.000  0.008  0.001  0.011
   0.90317      2.531228  0.002  0.019  0.004  0.025
   0.87495      2.660150  0.008  0.050  0.006  0.065
   0.84673      2.716409  0.010  0.054  0.006  0.070
   0.81850      2.762607  0.010  0.052  0.004  0.068
   0.79028      2.807377  0.010  0.052  0.004  0.066
   0.76205      2.851397  0.010  0.050  0.006  0.065
   0.73383      2.894028  0.010  0.048  0.006  0.064
   0.70561      2.934253  0.010  0.048  0.006  0.062
   0.67738      2.970925  0.010  0.046  0.006  0.062
   0.64916      3.002886  0.010  0.046  0.004  0.062
   0.62093      3.029051  0.010  0.045  0.004  0.060
   0.59271      3.048478  0.010  0.044  0.004  0.058
   0.56448      3.060441  0.010  0.044  0.004  0.058
   0.53626      3.064481  0.010  0.044  0.004  0.058
   0.53626      3.064481  0.010  0.044  0.004  0.058
   0.50804      3.067055  0.010  0.044  0.004  0.058
   0.47981      3.074801  0.010  0.044  0.004  0.057
   0.45159      3.087955  0.010  0.042  0.004  0.056
   0.42336      3.108667  0.010  0.040  0.004  0.052
   0.39514      3.205400  0.000  0.004  0.000  0.006
   0.36691      3.414269  0.000  0.002  0.000  0.002
   0.33869      3.627789  0.000  0.002  0.000  0.002
   0.31047      3.701513  0.002  0.009  0.002  0.013
   0.28224      3.798754  0.000  0.003  0.002  0.004
   0.25402      4.022373  0.002  0.012  0.004  0.017
   0.22579      4.183485  0.004  0.025  0.008  0.037
   0.19757      4.190785  0.000  0.019  0.008  0.026
   0.16935      4.167439  0.000  0.021  0.006  0.028
   0.14112      4.141818  0.000  0.022  0.004  0.028
   0.11290      4.118885  0.000  0.024  0.002  0.030
   0.08467      4.100327  0.000  0.026  0.002  0.028
   0.05645      4.086825  0.000  0.026  0.003  0.030
   0.02822      4.078657  0.000  0.026  0.003  0.030
   0.00000      4.075925  0.000  0.026  0.002  0.030
 
# Band-Index:  101
   0.00000      4.128123  0.000  0.002  0.012  0.015
   0.02822      4.132402  0.000  0.002  0.012  0.015
   0.05645      4.145112  0.000  0.002  0.013  0.015
   0.08467      4.165882  0.000  0.002  0.014  0.017
   0.11290      4.194106  0.000  0.002  0.015  0.017
   0.14112      4.228958  0.000  0.001  0.018  0.020
   0.16935      4.269193  0.000  0.001  0.022  0.025
   0.19757      4.250490  0.004  0.034  0.014  0.053
   0.22579      4.190771  0.000  0.014  0.006  0.022
   0.25402      4.034307  0.000  0.003  0.001  0.005
   0.28224      3.820520  0.000  0.001  0.000  0.002
   0.31047      3.718363  0.017  0.013  0.006  0.036
   0.33869      3.658553  0.034  0.024  0.002  0.060
   0.36691      3.696998  0.031  0.024  0.004  0.058
   0.39514      3.724732  0.026  0.026  0.004  0.056
   0.42336      3.742195  0.024  0.028  0.004  0.056
   0.45159      3.752156  0.020  0.030  0.006  0.056
   0.47981      3.757341  0.018  0.032  0.006  0.056
   0.50804      3.759712  0.018  0.034  0.006  0.056
   0.53626      3.760382  0.018  0.032  0.006  0.056
   0.53626      3.760382  0.018  0.032  0.006  0.056
   0.56448      3.755422  0.018  0.033  0.006  0.056
   0.59271      3.740810  0.018  0.034  0.006  0.056
   0.62093      3.717298  0.018  0.034  0.008  0.060
   0.64916      3.685966  0.018  0.034  0.008  0.060
   0.67738      3.647980  0.016  0.036  0.010  0.062
   0.70561      3.604230  0.016  0.036  0.010  0.064
   0.73383      3.554587  0.016  0.038  0.012  0.066
   0.76205      3.495588  0.014  0.036  0.014  0.064
   0.79028      3.411313  0.012  0.030  0.014  0.054
   0.81850      3.263589  0.004  0.018  0.011  0.033
   0.84673      3.051241  0.000  0.002  0.001  0.004
   0.87495      2.830031  0.001  0.008  0.002  0.010
   0.90317      2.605007  0.000  0.008  0.004  0.012
   0.93140      2.384260  0.000  0.008  0.004  0.012
   0.95962      2.179339  0.000  0.009  0.004  0.013
   0.98785      2.138973  0.000  0.002  0.000  0.002
   1.01607      2.000514  0.000  0.009  0.004  0.012
   1.04430      1.976273  0.000  0.006  0.004  0.010
   1.07252      1.972759  0.000  0.006  0.004  0.010
   1.07252      1.972759  0.000  0.006  0.004  0.010
   1.11243      2.001785  0.000  0.006  0.004  0.010
   1.15235      2.086949  0.000  0.006  0.004  0.010
   1.19226      2.223038  0.000  0.006  0.004  0.009
   1.23218      2.409871  0.000  0.008  0.004  0.012
   1.27209      2.639030  0.000  0.010  0.004  0.018
   1.31201      2.861436  0.000  0.004  0.004  0.008
   1.35192      3.125072  0.000  0.004  0.004  0.008
   1.39184      3.390538  0.000  0.006  0.007  0.014
   1.43176      3.623329  0.007  0.007  0.002  0.015
   1.47167      3.800747  0.033  0.022  0.006  0.062
   1.51159      4.011539  0.001  0.009  0.010  0.023
   1.55150      4.146770  0.000  0.010  0.016  0.026
   1.59142      4.190244  0.006  0.036  0.008  0.050
   1.63133      4.240904  0.006  0.036  0.012  0.054
   1.67125      4.251556  0.000  0.001  0.018  0.020
   1.71116      4.200819  0.000  0.002  0.015  0.017
   1.75108      4.161527  0.000  0.002  0.013  0.016
   1.79099      4.136643  0.000  0.002  0.013  0.015
   1.83091      4.128123  0.000  0.002  0.012  0.015
 
# Band-Index:  102
   1.83091      4.175160  0.000  0.000  0.011  0.011
   1.79099      4.184482  0.000  0.000  0.011  0.011
   1.75108      4.212299  0.000  0.000  0.010  0.012
   1.71116      4.258149  0.000  0.000  0.010  0.012
   1.67125      4.275319  0.004  0.027  0.019  0.048
   1.63133      4.310165  0.000  0.000  0.021  0.023
   1.59142      4.369270  0.000  0.002  0.022  0.025
   1.55150      4.245789  0.002  0.006  0.004  0.012
   1.51159      4.024450  0.000  0.002  0.000  0.002
   1.47167      3.832802  0.003  0.008  0.008  0.019
   1.43176      3.628006  0.000  0.007  0.008  0.016
   1.39184      3.402120  0.000  0.004  0.004  0.008
   1.35192      3.142780  0.000  0.006  0.006  0.012
   1.31201      2.894765  0.000  0.006  0.004  0.012
   1.27209      2.719753  0.008  0.038  0.004  0.048
   1.23218      2.493754  0.000  0.004  0.004  0.008
   1.19226      2.288360  0.000  0.005  0.004  0.008
   1.15235      2.122621  0.000  0.006  0.004  0.008
   1.11243      2.012738  0.000  0.006  0.004  0.010
   1.07252      1.972759  0.000  0.006  0.004  0.010
   1.07252      1.972759  0.000  0.006  0.004  0.010
   1.04430      2.003902  0.000  0.006  0.004  0.010
   1.01607      2.091786  0.000  0.006  0.004  0.009
   0.98785      2.139924  0.000  0.008  0.004  0.012
   0.95962      2.316556  0.000  0.008  0.004  0.012
   0.93140      2.518857  0.000  0.008  0.004  0.012
   0.90317      2.686279  0.007  0.038  0.004  0.048
   0.87495      2.833700  0.001  0.008  0.005  0.014
   0.84673      3.058581  0.002  0.010  0.007  0.019
   0.81850      3.282870  0.000  0.002  0.002  0.004
   0.79028      3.510942  0.000  0.002  0.002  0.005
   0.76205      3.730205  0.000  0.002  0.006  0.009
   0.73383      3.931961  0.002  0.004  0.013  0.017
   0.70561      4.085412  0.008  0.006  0.026  0.041
   0.67738      4.169098  0.014  0.008  0.027  0.052
   0.64916      4.221182  0.018  0.008  0.024  0.051
   0.62093      4.258340  0.020  0.010  0.022  0.050
   0.59271      4.284336  0.020  0.012  0.020  0.050
   0.56448      4.287120  0.019  0.031  0.037  0.087
   0.53626      4.283957  0.019  0.031  0.038  0.088
   0.53626      4.283957  0.019  0.031  0.038  0.088
   0.50804      4.238497  0.021  0.027  0.025  0.074
   0.47981      4.175531  0.024  0.029  0.020  0.072
   0.45159      4.106106  0.026  0.029  0.016  0.071
   0.42336      4.032139  0.027  0.030  0.012  0.071
   0.39514      3.955073  0.028  0.031  0.010  0.070
   0.36691      3.876420  0.030  0.031  0.008  0.068
   0.33869      3.799607  0.030  0.028  0.006  0.064
   0.31047      3.789927  0.006  0.006  0.002  0.014
   0.28224      3.904615  0.000  0.008  0.004  0.012
   0.25402      4.099375  0.000  0.010  0.004  0.016
   0.22579      4.270763  0.000  0.004  0.004  0.008
   0.19757      4.312949  0.001  0.000  0.030  0.030
   0.16935      4.275962  0.004  0.028  0.021  0.051
   0.14112      4.281339  0.002  0.014  0.032  0.047
   0.11290      4.249409  0.000  0.000  0.010  0.012
   0.08467      4.217070  0.000  0.000  0.010  0.012
   0.05645      4.193815  0.000  0.000  0.010  0.012
   0.02822      4.179827  0.000  0.000  0.011  0.011
   0.00000      4.175160  0.000  0.000  0.011  0.011
 
# Band-Index:  103
   0.00000      4.221694  0.002  0.006  0.031  0.039
   0.02822      4.225087  0.002  0.006  0.031  0.039
   0.05645      4.234960  0.002  0.006  0.033  0.040
   0.08467      4.250260  0.002  0.004  0.035  0.043
   0.11290      4.268342  0.002  0.006  0.037  0.045
   0.14112      4.290385  0.000  0.000  0.010  0.012
   0.16935      4.339054  0.000  0.000  0.009  0.012
   0.19757      4.365214  0.004  0.005  0.043  0.053
   0.22579      4.340676  0.000  0.024  0.026  0.049
   0.25402      4.278153  0.002  0.030  0.008  0.040
   0.28224      4.104816  0.002  0.010  0.007  0.020
   0.31047      4.009410  0.006  0.018  0.008  0.030
   0.33869      4.015387  0.008  0.026  0.010  0.044
   0.36691      4.051362  0.012  0.034  0.012  0.058
   0.39514      4.097762  0.015  0.040  0.014  0.069
   0.42336      4.148846  0.017  0.040  0.018  0.077
   0.45159      4.199775  0.018  0.040  0.024  0.083
   0.47981      4.244874  0.019  0.038  0.031  0.087
   0.50804      4.277139  0.019  0.033  0.037  0.089
   0.53626      4.289392  0.019  0.033  0.038  0.090
   0.53626      4.289392  0.019  0.033  0.038  0.090
   0.56448      4.292334  0.019  0.032  0.039  0.091
   0.59271      4.296548  0.019  0.031  0.037  0.087
   0.62093      4.312044  0.019  0.032  0.037  0.088
   0.64916      4.333276  0.020  0.031  0.037  0.088
   0.67738      4.356319  0.002  0.003  0.001  0.005
   0.70561      4.186761  0.004  0.004  0.003  0.010
   0.73383      4.017920  0.000  0.006  0.009  0.015
   0.76205      3.822700  0.002  0.008  0.006  0.012
   0.79028      3.636219  0.004  0.014  0.002  0.020
   0.81850      3.436122  0.000  0.005  0.008  0.014
   0.84673      3.205711  0.000  0.006  0.006  0.014
   0.87495      2.972572  0.000  0.006  0.006  0.012
   0.90317      2.744809  0.000  0.006  0.004  0.012
   0.93140      2.604352  0.000  0.004  0.004  0.008
   0.95962      2.402469  0.000  0.005  0.004  0.008
   0.98785      2.228161  0.000  0.006  0.004  0.008
   1.01607      2.122378  0.000  0.002  0.000  0.002
   1.04430      2.112235  0.000  0.002  0.000  0.002
   1.07252      2.108823  0.000  0.002  0.000  0.002
   1.07252      2.108823  0.000  0.002  0.000  0.002
   1.11243      2.137794  0.000  0.002  0.000  0.002
   1.15235      2.222870  0.000  0.001  0.000  0.002
   1.19226      2.359014  0.000  0.000  0.000  0.002
   1.23218      2.539193  0.000  0.000  0.000  0.002
   1.27209      2.724600  0.000  0.004  0.004  0.008
   1.31201      2.968958  0.000  0.004  0.004  0.008
   1.35192      3.215162  0.000  0.004  0.004  0.010
   1.39184      3.444307  0.002  0.004  0.006  0.012
   1.43176      3.685532  0.000  0.004  0.004  0.008
   1.47167      3.836073  0.004  0.009  0.006  0.017
   1.51159      4.041206  0.000  0.003  0.004  0.006
   1.55150      4.302333  0.000  0.001  0.000  0.002
   1.59142      4.374818  0.000  0.013  0.034  0.048
   1.63133      4.369099  0.004  0.006  0.043  0.053
   1.67125      4.321121  0.000  0.000  0.010  0.012
   1.71116      4.272435  0.001  0.008  0.035  0.045
   1.75108      4.247357  0.002  0.004  0.034  0.043
   1.79099      4.228430  0.002  0.006  0.032  0.039
   1.83091      4.221694  0.002  0.006  0.031  0.039
 
# Band-Index:  104
   1.83091      4.305939  0.004  0.002  0.004  0.008
   1.79099      4.310675  0.004  0.002  0.004  0.010
   1.75108      4.321011  0.004  0.006  0.004  0.014
   1.71116      4.325876  0.008  0.014  0.008  0.032
   1.67125      4.337301  0.006  0.010  0.031  0.048
   1.63133      4.399314  0.000  0.000  0.009  0.012
   1.59142      4.444110  0.003  0.010  0.018  0.031
   1.55150      4.309980  0.000  0.028  0.024  0.052
   1.51159      4.071627  0.000  0.004  0.004  0.008
   1.47167      3.891217  0.000  0.006  0.006  0.012
   1.43176      3.735797  0.011  0.016  0.006  0.032
   1.39184      3.548517  0.000  0.000  0.000  0.000
   1.35192      3.267294  0.000  0.000  0.000  0.000
   1.31201      3.000742  0.000  0.000  0.000  0.000
   1.27209      2.755651  0.000  0.000  0.000  0.001
   1.23218      2.606399  0.002  0.014  0.000  0.018
   1.19226      2.415825  0.000  0.002  0.000  0.002
   1.15235      2.253601  0.000  0.002  0.000  0.002
   1.11243      2.146446  0.000  0.002  0.000  0.002
   1.07252      2.108823  0.000  0.002  0.000  0.002
   1.07252      2.108823  0.000  0.002  0.000  0.002
   1.04430      2.138759  0.000  0.002  0.000  0.002
   1.01607      2.225408  0.000  0.002  0.000  0.002
   0.98785      2.360391  0.000  0.002  0.000  0.002
   0.95962      2.529911  0.000  0.006  0.000  0.006
   0.93140      2.636216  0.008  0.047  0.004  0.060
   0.90317      2.824678  0.000  0.004  0.004  0.008
   0.87495      3.055127  0.000  0.004  0.004  0.008
   0.84673      3.285377  0.002  0.006  0.006  0.012
   0.81850      3.481938  0.006  0.014  0.006  0.026
   0.79028      3.657056  0.000  0.004  0.012  0.018
   0.76205      3.859705  0.002  0.004  0.014  0.022
   0.73383      4.032246  0.006  0.004  0.015  0.024
   0.70561      4.203135  0.000  0.007  0.015  0.022
   0.67738      4.359798  0.020  0.031  0.038  0.089
   0.64916      4.336280  0.020  0.031  0.038  0.091
   0.62093      4.315824  0.019  0.033  0.038  0.091
   0.59271      4.301152  0.019  0.032  0.039  0.090
   0.56448      4.299900  0.020  0.011  0.019  0.050
   0.53626      4.305094  0.020  0.012  0.018  0.050
   0.53626      4.305094  0.020  0.012  0.018  0.050
   0.50804      4.338231  0.018  0.015  0.029  0.061
   0.47981      4.358725  0.012  0.011  0.028  0.053
   0.45159      4.344492  0.008  0.006  0.020  0.034
   0.42336      4.292706  0.004  0.004  0.012  0.018
   0.39514      4.216534  0.002  0.000  0.008  0.010
   0.36691      4.130279  0.002  0.000  0.004  0.008
   0.33869      4.052280  0.002  0.000  0.004  0.006
   0.31047      4.052710  0.000  0.000  0.003  0.006
   0.28224      4.224139  0.000  0.000  0.006  0.008
   0.25402      4.320551  0.000  0.017  0.030  0.048
   0.22579      4.351339  0.002  0.002  0.042  0.047
   0.19757      4.393410  0.000  0.002  0.009  0.011
   0.16935      4.348256  0.006  0.010  0.036  0.051
   0.14112      4.333566  0.008  0.016  0.018  0.042
   0.11290      4.329031  0.008  0.014  0.006  0.028
   0.08467      4.323293  0.004  0.006  0.004  0.016
   0.05645      4.315031  0.004  0.004  0.004  0.010
   0.02822      4.308395  0.004  0.002  0.004  0.010
   0.00000      4.305939  0.004  0.002  0.004  0.008
 
# Band-Index:  105
   0.00000      4.321058  0.000  0.000  0.044  0.044
   0.02822      4.324580  0.000  0.000  0.044  0.044
   0.05645      4.335177  0.000  0.000  0.043  0.044
   0.08467      4.352931  0.000  0.000  0.042  0.043
   0.11290      4.377886  0.000  0.000  0.042  0.042
   0.14112      4.409756  0.000  0.002  0.037  0.040
   0.16935      4.446930  0.000  0.004  0.032  0.036
   0.19757      4.462730  0.004  0.032  0.022  0.056
   0.22579      4.427779  0.006  0.018  0.050  0.075
   0.25402      4.357181  0.002  0.009  0.054  0.065
   0.28224      4.304689  0.002  0.038  0.022  0.065
   0.31047      4.319970  0.002  0.037  0.024  0.064
   0.33869      4.352630  0.002  0.032  0.028  0.063
   0.36691      4.397714  0.000  0.028  0.035  0.063
   0.39514      4.448304  0.002  0.025  0.042  0.070
   0.42336      4.495886  0.004  0.024  0.055  0.081
   0.45159      4.531866  0.006  0.026  0.064  0.095
   0.47981      4.547547  0.004  0.008  0.011  0.025
   0.50804      4.557386  0.010  0.038  0.062  0.110
   0.53626      4.557934  0.010  0.041  0.059  0.111
   0.53626      4.557934  0.010  0.041  0.059  0.111
   0.56448      4.556833  0.010  0.040  0.060  0.111
   0.59271      4.552009  0.010  0.038  0.062  0.110
   0.62093      4.536319  0.008  0.031  0.064  0.104
   0.64916      4.484791  0.004  0.018  0.054  0.076
   0.67738      4.362338  0.020  0.031  0.038  0.090
   0.70561      4.376049  0.004  0.014  0.006  0.024
   0.73383      4.203180  0.000  0.006  0.014  0.020
   0.76205      4.001850  0.000  0.006  0.010  0.016
   0.79028      3.787134  0.000  0.006  0.008  0.016
   0.81850      3.584382  0.004  0.020  0.006  0.030
   0.84673      3.450008  0.000  0.000  0.000  0.000
   0.87495      3.205936  0.000  0.000  0.000  0.000
   0.90317      2.969209  0.000  0.001  0.000  0.002
   0.93140      2.748643  0.000  0.004  0.000  0.004
   0.95962      2.618125  0.008  0.050  0.004  0.062
   0.98785      2.589101  0.010  0.056  0.006  0.070
   1.01607      2.571499  0.010  0.056  0.006  0.072
   1.04430      2.561218  0.010  0.058  0.006  0.073
   1.07252      2.557812  0.010  0.058  0.006  0.074
   1.07252      2.557812  0.010  0.058  0.006  0.074
   1.11243      2.564618  0.010  0.057  0.006  0.072
   1.15235      2.585127  0.010  0.056  0.006  0.072
   1.19226      2.620279  0.010  0.052  0.006  0.068
   1.23218      2.682066  0.006  0.038  0.004  0.048
   1.27209      2.868465  0.000  0.004  0.000  0.004
   1.31201      3.113399  0.000  0.002  0.000  0.002
   1.35192      3.366221  0.000  0.000  0.000  0.002
   1.39184      3.607144  0.016  0.024  0.006  0.045
   1.43176      3.808308  0.000  0.000  0.002  0.002
   1.47167      3.899063  0.000  0.000  0.000  0.000
   1.51159      4.166097  0.000  0.006  0.008  0.014
   1.55150      4.342439  0.000  0.004  0.004  0.007
   1.59142      4.486078  0.000  0.002  0.007  0.009
   1.63133      4.469513  0.002  0.030  0.015  0.048
   1.67125      4.430265  0.000  0.002  0.042  0.042
   1.71116      4.383494  0.000  0.000  0.042  0.043
   1.75108      4.349046  0.000  0.000  0.043  0.043
   1.79099      4.328086  0.000  0.000  0.044  0.044
   1.83091      4.321058  0.000  0.000  0.044  0.044
 
# Band-Index:  106
   1.83091      4.441809  0.006  0.053  0.013  0.074
   1.79099      4.438002  0.006  0.054  0.013  0.073
   1.75108      4.430008  0.006  0.053  0.013  0.071
   1.71116      4.430538  0.002  0.044  0.012  0.060
   1.67125      4.448521  0.002  0.032  0.010  0.047
   1.63133      4.485726  0.000  0.002  0.036  0.040
   1.59142      4.486452  0.004  0.022  0.037  0.064
   1.55150      4.418179  0.000  0.007  0.010  0.017
   1.51159      4.213087  0.002  0.030  0.018  0.050
   1.47167      3.967189  0.000  0.004  0.004  0.008
   1.43176      3.837433  0.000  0.000  0.000  0.001
   1.39184      3.609727  0.000  0.001  0.000  0.002
   1.35192      3.524551  0.016  0.032  0.008  0.058
   1.31201      3.460352  0.016  0.038  0.010  0.064
   1.27209      3.405205  0.015  0.040  0.010  0.068
   1.23218      3.358240  0.014  0.042  0.012  0.070
   1.19226      3.320218  0.014  0.044  0.012  0.072
   1.15235      3.292146  0.014  0.046  0.012  0.072
   1.11243      3.274908  0.014  0.046  0.012  0.074
   1.07252      3.269092  0.014  0.048  0.012  0.074
   1.07252      3.269092  0.014  0.048  0.012  0.074
   1.04430      3.272008  0.014  0.046  0.012  0.074
   1.01607      3.280753  0.014  0.046  0.012  0.074
   0.98785      3.295320  0.014  0.046  0.012  0.072
   0.95962      3.315742  0.014  0.046  0.012  0.072
   0.93140      3.342167  0.014  0.044  0.012  0.070
   0.90317      3.375113  0.014  0.042  0.011  0.070
   0.87495      3.416320  0.014  0.040  0.010  0.065
   0.84673      3.472830  0.012  0.036  0.008  0.058
   0.81850      3.695177  0.000  0.000  0.000  0.000
   0.79028      3.934311  0.000  0.000  0.002  0.004
   0.76205      4.140411  0.006  0.006  0.004  0.016
   0.73383      4.253334  0.010  0.014  0.004  0.028
   0.70561      4.381048  0.001  0.005  0.020  0.026
   0.67738      4.366426  0.000  0.009  0.029  0.038
   0.64916      4.520587  0.000  0.004  0.005  0.010
   0.62093      4.595969  0.002  0.004  0.003  0.008
   0.59271      4.579911  0.002  0.004  0.004  0.009
   0.56448      4.570322  0.002  0.004  0.004  0.010
   0.53626      4.567133  0.002  0.004  0.004  0.010
   0.53626      4.567133  0.002  0.004  0.004  0.010
   0.50804      4.560889  0.002  0.004  0.005  0.013
   0.47981      4.551379  0.008  0.033  0.066  0.107
   0.45159      4.540207  0.010  0.010  0.028  0.045
   0.42336      4.540319  0.012  0.008  0.050  0.070
   0.39514      4.530329  0.008  0.006  0.070  0.084
   0.36691      4.501632  0.004  0.008  0.073  0.086
   0.33869      4.463236  0.004  0.009  0.066  0.078
   0.31047      4.423192  0.002  0.010  0.058  0.070
   0.28224      4.388778  0.002  0.010  0.048  0.060
   0.25402      4.434862  0.000  0.001  0.001  0.004
   0.22579      4.445178  0.000  0.002  0.010  0.014
   0.19757      4.482665  0.002  0.005  0.005  0.012
   0.16935      4.462328  0.002  0.032  0.018  0.052
   0.14112      4.444234  0.002  0.038  0.014  0.053
   0.11290      4.431860  0.004  0.046  0.012  0.062
   0.08467      4.430239  0.004  0.053  0.013  0.071
   0.05645      4.434918  0.006  0.054  0.013  0.073
   0.02822      4.439861  0.006  0.054  0.013  0.073
   0.00000      4.441809  0.006  0.053  0.013  0.074
 
# Band-Index:  107
   0.00000      4.455353  0.004  0.009  0.056  0.070
   0.02822      4.458170  0.004  0.008  0.057  0.070
   0.05645      4.466473  0.004  0.008  0.059  0.071
   0.08467      4.479800  0.004  0.007  0.060  0.074
   0.11290      4.497472  0.005  0.007  0.062  0.074
   0.14112      4.518832  0.005  0.007  0.064  0.077
   0.16935      4.543006  0.005  0.006  0.066  0.076
   0.19757      4.484353  0.000  0.003  0.030  0.035
   0.22579      4.486988  0.000  0.006  0.019  0.026
   0.25402      4.465684  0.000  0.005  0.006  0.011
   0.28224      4.512062  0.000  0.002  0.013  0.015
   0.31047      4.555277  0.006  0.005  0.074  0.086
   0.33869      4.591022  0.007  0.006  0.074  0.087
   0.36691      4.624186  0.008  0.006  0.070  0.083
   0.39514      4.635871  0.004  0.038  0.018  0.060
   0.42336      4.648898  0.000  0.042  0.035  0.077
   0.45159      4.674642  0.000  0.042  0.049  0.093
   0.47981      4.700575  0.000  0.046  0.055  0.103
   0.50804      4.718847  0.000  0.049  0.058  0.108
   0.53626      4.725378  0.000  0.051  0.058  0.110
   0.53626      4.725378  0.000  0.051  0.058  0.110
   0.56448      4.724233  0.000  0.050  0.060  0.110
   0.59271      4.717583  0.000  0.047  0.062  0.107
   0.62093      4.660910  0.000  0.013  0.024  0.036
   0.64916      4.618556  0.002  0.004  0.002  0.008
   0.67738      4.513064  0.002  0.014  0.016  0.030
   0.70561      4.391139  0.021  0.032  0.037  0.090
   0.73383      4.405320  0.000  0.003  0.002  0.006
   0.76205      4.214446  0.008  0.011  0.004  0.024
   0.79028      4.126830  0.014  0.018  0.012  0.042
   0.81850      4.075359  0.014  0.018  0.012  0.046
   0.84673      4.033408  0.014  0.018  0.014  0.050
   0.87495      3.997524  0.014  0.020  0.016  0.052
   0.90317      3.966767  0.014  0.020  0.016  0.052
   0.93140      3.940837  0.014  0.020  0.018  0.054
   0.95962      3.919638  0.014  0.020  0.018  0.054
   0.98785      3.903147  0.014  0.022  0.018  0.054
   1.01607      3.891364  0.014  0.022  0.018  0.056
   1.04430      3.884290  0.014  0.022  0.018  0.056
   1.07252      3.881934  0.014  0.022  0.018  0.056
   1.07252      3.881934  0.014  0.022  0.018  0.056
   1.11243      3.886606  0.014  0.022  0.018  0.056
   1.15235      3.900118  0.014  0.022  0.018  0.054
   1.19226      3.920875  0.014  0.020  0.018  0.054
   1.23218      3.945971  0.014  0.020  0.018  0.054
   1.27209      3.970549  0.018  0.016  0.016  0.052
   1.31201      3.986676  0.020  0.016  0.016  0.050
   1.35192      3.983031  0.024  0.014  0.014  0.052
   1.39184      3.949798  0.030  0.016  0.012  0.056
   1.43176      3.888331  0.032  0.020  0.008  0.060
   1.47167      4.108274  0.006  0.030  0.012  0.048
   1.51159      4.235098  0.000  0.004  0.007  0.012
   1.55150      4.432849  0.000  0.002  0.025  0.031
   1.59142      4.528769  0.000  0.002  0.018  0.021
   1.63133      4.542738  0.006  0.012  0.046  0.065
   1.67125      4.530209  0.006  0.008  0.061  0.075
   1.71116      4.501646  0.006  0.008  0.062  0.075
   1.75108      4.477092  0.004  0.007  0.060  0.073
   1.79099      4.460958  0.004  0.008  0.057  0.070
   1.83091      4.455353  0.004  0.009  0.056  0.070
 
# Band-Index:  108
   1.83091      4.523891  0.006  0.000  0.002  0.008
   1.79099      4.530269  0.006  0.000  0.002  0.008
   1.75108      4.541584  0.000  0.000  0.076  0.076
   1.71116      4.560124  0.000  0.002  0.074  0.076
   1.67125      4.585265  0.000  0.002  0.072  0.074
   1.63133      4.611249  0.000  0.004  0.062  0.067
   1.59142      4.563044  0.000  0.001  0.001  0.002
   1.55150      4.459975  0.000  0.006  0.010  0.016
   1.51159      4.392259  0.000  0.000  0.002  0.004
   1.47167      4.125107  0.000  0.000  0.000  0.002
   1.43176      4.096867  0.016  0.034  0.012  0.062
   1.39184      4.170302  0.022  0.034  0.012  0.068
   1.35192      4.263589  0.024  0.032  0.014  0.070
   1.31201      4.355954  0.024  0.027  0.018  0.070
   1.27209      4.435062  0.022  0.018  0.022  0.064
   1.23218      4.486134  0.018  0.010  0.022  0.050
   1.19226      4.501716  0.012  0.006  0.020  0.036
   1.15235      4.497085  0.008  0.004  0.019  0.032
   1.11243      4.489240  0.008  0.004  0.018  0.030
   1.07252      4.485936  0.008  0.004  0.018  0.030
   1.07252      4.485936  0.008  0.004  0.018  0.030
   1.04430      4.487665  0.008  0.004  0.018  0.030
   1.01607      4.492828  0.008  0.004  0.018  0.030
   0.98785      4.501334  0.008  0.004  0.018  0.032
   0.95962      4.513012  0.008  0.002  0.020  0.032
   0.93140      4.527578  0.008  0.004  0.020  0.033
   0.90317      4.544582  0.008  0.004  0.020  0.032
   0.87495      4.563346  0.010  0.004  0.022  0.036
   0.84673      4.582888  0.010  0.006  0.024  0.040
   0.81850      4.549716  0.027  0.033  0.031  0.090
   0.79028      4.507469  0.025  0.032  0.033  0.090
   0.76205      4.465953  0.023  0.032  0.035  0.090
   0.73383      4.426785  0.022  0.032  0.037  0.090
   0.70561      4.393554  0.021  0.032  0.038  0.090
   0.67738      4.521629  0.004  0.010  0.024  0.038
   0.64916      4.621296  0.005  0.016  0.012  0.033
   0.62093      4.721116  0.002  0.022  0.016  0.039
   0.59271      4.751470  0.000  0.006  0.008  0.016
   0.56448      4.750603  0.000  0.007  0.008  0.016
   0.53626      4.750313  0.000  0.007  0.008  0.016
   0.53626      4.750313  0.000  0.007  0.008  0.016
   0.50804      4.743799  0.000  0.008  0.008  0.016
   0.47981      4.726658  0.004  0.008  0.012  0.024
   0.45159      4.704216  0.006  0.010  0.026  0.040
   0.42336      4.680043  0.007  0.008  0.042  0.058
   0.39514      4.653817  0.008  0.008  0.058  0.074
   0.36691      4.638136  0.005  0.033  0.010  0.048
   0.33869      4.629849  0.002  0.010  0.006  0.016
   0.31047      4.573914  0.000  0.002  0.012  0.014
   0.28224      4.519271  0.006  0.006  0.067  0.079
   0.25402      4.487478  0.004  0.009  0.055  0.067
   0.22579      4.502986  0.000  0.004  0.008  0.012
   0.19757      4.567411  0.006  0.006  0.064  0.075
   0.16935      4.600414  0.000  0.006  0.063  0.071
   0.14112      4.579207  0.000  0.004  0.070  0.073
   0.11290      4.559513  0.000  0.002  0.074  0.076
   0.08467      4.544507  0.000  0.000  0.075  0.077
   0.05645      4.534410  0.000  0.000  0.076  0.076
   0.02822      4.527079  0.006  0.000  0.002  0.008
   0.00000      4.523891  0.006  0.000  0.002  0.008
 
# Band-Index:  109
   0.00000      4.526898  0.000  0.000  0.077  0.077
   0.02822      4.528733  0.000  0.000  0.076  0.076
   0.05645      4.536675  0.006  0.000  0.002  0.008
   0.08467      4.552603  0.005  0.000  0.002  0.006
   0.11290      4.574667  0.004  0.000  0.000  0.006
   0.14112      4.601470  0.004  0.000  0.002  0.006
   0.16935      4.616480  0.006  0.002  0.004  0.012
   0.19757      4.605837  0.000  0.005  0.042  0.046
   0.22579      4.600446  0.004  0.008  0.049  0.061
   0.25402      4.575643  0.000  0.002  0.010  0.012
   0.28224      4.622933  0.000  0.002  0.007  0.010
   0.31047      4.670736  0.010  0.030  0.033  0.072
   0.33869      4.677606  0.006  0.026  0.031  0.065
   0.36691      4.733534  0.002  0.010  0.019  0.033
   0.39514      4.808268  0.002  0.008  0.016  0.024
   0.42336      4.882950  0.002  0.006  0.013  0.022
   0.45159      4.903637  0.000  0.023  0.042  0.067
   0.47981      4.901638  0.000  0.024  0.039  0.064
   0.50804      4.900290  0.000  0.023  0.039  0.062
   0.53626      4.899815  0.000  0.023  0.038  0.060
   0.53626      4.899815  0.000  0.023  0.038  0.060
   0.56448      4.874696  0.000  0.020  0.029  0.050
   0.59271      4.801764  0.001  0.016  0.013  0.029
   0.62093      4.722845  0.001  0.027  0.030  0.059
   0.64916      4.638587  0.000  0.016  0.029  0.046
   0.67738      4.647657  0.002  0.004  0.002  0.008
   0.70561      4.601406  0.000  0.004  0.004  0.008
   0.73383      4.429182  0.022  0.032  0.037  0.090
   0.76205      4.468297  0.023  0.032  0.035  0.090
   0.79028      4.509761  0.025  0.032  0.033  0.090
   0.81850      4.551967  0.027  0.033  0.031  0.090
   0.84673      4.590365  0.030  0.033  0.027  0.090
   0.87495      4.625768  0.033  0.032  0.023  0.087
   0.90317      4.649703  0.035  0.028  0.016  0.079
   0.93140      4.648639  0.025  0.016  0.010  0.051
   0.95962      4.626844  0.017  0.007  0.007  0.029
   0.98785      4.603514  0.013  0.003  0.004  0.021
   1.01607      4.585167  0.012  0.000  0.004  0.018
   1.04430      4.573703  0.011  0.000  0.004  0.015
   1.07252      4.569818  0.011  0.000  0.002  0.015
   1.07252      4.569818  0.011  0.000  0.002  0.015
   1.11243      4.577455  0.012  0.000  0.004  0.015
   1.15235      4.598322  0.013  0.003  0.004  0.021
   1.19226      4.625662  0.015  0.009  0.008  0.032
   1.23218      4.610734  0.030  0.032  0.019  0.082
   1.27209      4.554299  0.026  0.042  0.020  0.088
   1.31201      4.489699  0.022  0.046  0.018  0.085
   1.35192      4.429345  0.016  0.044  0.014  0.072
   1.39184      4.370767  0.008  0.026  0.008  0.042
   1.43176      4.320397  0.002  0.010  0.004  0.018
   1.47167      4.355235  0.000  0.006  0.000  0.009
   1.51159      4.444840  0.000  0.009  0.012  0.021
   1.55150      4.525390  0.004  0.014  0.050  0.069
   1.59142      4.588397  0.000  0.006  0.021  0.028
   1.63133      4.627565  0.006  0.008  0.028  0.042
   1.67125      4.619726  0.004  0.002  0.004  0.010
   1.71116      4.580475  0.004  0.000  0.000  0.006
   1.75108      4.549336  0.006  0.000  0.002  0.008
   1.79099      4.530540  0.000  0.000  0.076  0.076
   1.83091      4.526898  0.000  0.000  0.077  0.077
 
# Band-Index:  110
   1.83091      4.625677  0.010  0.000  0.010  0.021
   1.79099      4.632910  0.010  0.000  0.011  0.021
   1.75108      4.654021  0.010  0.000  0.013  0.023
   1.71116      4.686881  0.010  0.001  0.018  0.030
   1.67125      4.726815  0.009  0.004  0.030  0.043
   1.63133      4.710442  0.000  0.004  0.019  0.023
   1.59142      4.596175  0.000  0.009  0.030  0.039
   1.55150      4.544832  0.000  0.000  0.002  0.004
   1.51159      4.512870  0.001  0.021  0.011  0.032
   1.47167      4.480556  0.002  0.024  0.017  0.042
   1.43176      4.505810  0.002  0.021  0.022  0.044
   1.39184      4.558297  0.001  0.018  0.024  0.046
   1.35192      4.619667  0.002  0.019  0.026  0.046
   1.31201      4.663963  0.006  0.022  0.017  0.045
   1.27209      4.664116  0.013  0.023  0.012  0.049
   1.23218      4.648761  0.016  0.019  0.012  0.047
   1.19226      4.644538  0.031  0.018  0.014  0.065
   1.15235      4.654583  0.031  0.010  0.010  0.050
   1.11243      4.653290  0.031  0.004  0.008  0.042
   1.07252      4.651572  0.031  0.002  0.006  0.039
   1.07252      4.651572  0.031  0.002  0.006  0.039
   1.04430      4.652576  0.031  0.002  0.008  0.040
   1.01607      4.655385  0.031  0.004  0.008  0.043
   0.98785      4.659282  0.031  0.010  0.010  0.050
   0.95962      4.662634  0.032  0.014  0.011  0.057
   0.93140      4.662013  0.034  0.022  0.013  0.068
   0.90317      4.652175  0.035  0.028  0.016  0.081
   0.87495      4.627976  0.033  0.032  0.023  0.088
   0.84673      4.592573  0.030  0.033  0.027  0.090
   0.81850      4.601919  0.010  0.008  0.026  0.046
   0.79028      4.619055  0.012  0.012  0.028  0.052
   0.76205      4.633467  0.012  0.018  0.030  0.060
   0.73383      4.646192  0.012  0.024  0.029  0.065
   0.70561      4.662644  0.012  0.030  0.023  0.065
   0.67738      4.699237  0.008  0.030  0.012  0.051
   0.64916      4.755028  0.002  0.006  0.008  0.018
   0.62093      4.752924  0.002  0.006  0.008  0.016
   0.59271      4.815494  0.001  0.019  0.020  0.041
   0.56448      4.880263  0.000  0.022  0.033  0.056
   0.53626      4.903598  0.000  0.024  0.040  0.063
   0.53626      4.903598  0.000  0.024  0.040  0.063
   0.50804      4.904005  0.000  0.023  0.040  0.063
   0.47981      4.905170  0.000  0.024  0.042  0.066
   0.45159      4.906930  0.000  0.024  0.044  0.068
   0.42336      4.905936  0.000  0.024  0.047  0.071
   0.39514      4.908106  0.000  0.024  0.051  0.076
   0.36691      4.852370  0.000  0.002  0.006  0.009
   0.33869      4.772520  0.000  0.002  0.006  0.009
   0.31047      4.695080  0.000  0.002  0.006  0.008
   0.28224      4.667442  0.008  0.024  0.040  0.072
   0.25402      4.648068  0.000  0.004  0.029  0.034
   0.22579      4.621324  0.002  0.004  0.017  0.022
   0.19757      4.659008  0.000  0.002  0.014  0.017
   0.16935      4.701804  0.000  0.002  0.007  0.011
   0.14112      4.706796  0.008  0.003  0.033  0.043
   0.11290      4.680998  0.010  0.000  0.019  0.031
   0.08467      4.657729  0.010  0.000  0.014  0.025
   0.05645      4.640120  0.010  0.000  0.012  0.022
   0.02822      4.629309  0.010  0.000  0.011  0.021
   0.00000      4.625677  0.010  0.000  0.010  0.021
 
# Band-Index:  111
   0.00000      4.717877  0.002  0.008  0.063  0.074
   0.02822      4.719491  0.002  0.008  0.062  0.072
   0.05645      4.723878  0.002  0.008  0.062  0.071
   0.08467      4.730255  0.002  0.006  0.060  0.069
   0.11290      4.739042  0.000  0.002  0.056  0.061
   0.14112      4.750468  0.001  0.002  0.048  0.051
   0.16935      4.727352  0.006  0.004  0.044  0.054
   0.19757      4.696650  0.000  0.002  0.006  0.009
   0.22579      4.657786  0.000  0.005  0.025  0.029
   0.25402      4.657056  0.006  0.016  0.043  0.068
   0.28224      4.701083  0.000  0.006  0.020  0.028
   0.31047      4.759042  0.002  0.010  0.010  0.021
   0.33869      4.819062  0.002  0.008  0.008  0.022
   0.36691      4.882142  0.002  0.010  0.010  0.024
   0.39514      4.911010  0.000  0.024  0.054  0.077
   0.42336      4.909004  0.000  0.024  0.047  0.071
   0.45159      4.948803  0.002  0.008  0.012  0.020
   0.47981      4.994052  0.000  0.008  0.014  0.022
   0.50804      5.014698  0.000  0.006  0.016  0.024
   0.53626      5.018127  0.000  0.004  0.008  0.012
   0.53626      5.018127  0.000  0.004  0.008  0.012
   0.56448      4.975766  0.000  0.006  0.011  0.017
   0.59271      4.891183  0.000  0.014  0.018  0.031
   0.62093      4.806658  0.002  0.030  0.019  0.051
   0.64916      4.769119  0.003  0.051  0.039  0.092
   0.67738      4.751258  0.002  0.032  0.036  0.070
   0.70561      4.683034  0.002  0.004  0.004  0.008
   0.73383      4.723981  0.001  0.004  0.006  0.011
   0.76205      4.768175  0.001  0.004  0.012  0.018
   0.79028      4.787575  0.002  0.007  0.022  0.030
   0.81850      4.802447  0.001  0.005  0.030  0.037
   0.84673      4.801498  0.001  0.004  0.034  0.039
   0.87495      4.774506  0.000  0.000  0.018  0.018
   0.90317      4.740867  0.002  0.002  0.013  0.017
   0.93140      4.732212  0.013  0.010  0.014  0.035
   0.95962      4.744791  0.024  0.014  0.013  0.049
   0.98785      4.760902  0.030  0.012  0.010  0.052
   1.01607      4.774407  0.032  0.008  0.010  0.051
   1.04430      4.783231  0.034  0.006  0.008  0.050
   1.07252      4.786297  0.036  0.006  0.008  0.050
   1.07252      4.786297  0.036  0.006  0.008  0.050
   1.11243      4.780027  0.034  0.008  0.008  0.052
   1.15235      4.761205  0.030  0.012  0.010  0.052
   1.19226      4.735282  0.020  0.014  0.010  0.046
   1.23218      4.721585  0.007  0.007  0.010  0.026
   1.27209      4.729852  0.002  0.000  0.018  0.023
   1.31201      4.698196  0.000  0.003  0.045  0.049
   1.35192      4.636291  0.001  0.013  0.033  0.047
   1.39184      4.565193  0.003  0.030  0.020  0.053
   1.43176      4.535388  0.004  0.042  0.021  0.068
   1.47167      4.530586  0.002  0.040  0.026  0.066
   1.51159      4.548229  0.001  0.028  0.017  0.047
   1.55150      4.575977  0.002  0.033  0.019  0.054
   1.59142      4.607452  0.005  0.015  0.038  0.058
   1.63133      4.728995  0.000  0.004  0.052  0.056
   1.67125      4.736439  0.003  0.010  0.039  0.053
   1.71116      4.751328  0.002  0.006  0.053  0.059
   1.75108      4.732097  0.002  0.008  0.060  0.069
   1.79099      4.721262  0.002  0.008  0.062  0.072
   1.83091      4.717877  0.002  0.008  0.063  0.074
 
# Band-Index:  112
   1.83091      4.731436  0.010  0.003  0.018  0.032
   1.79099      4.736802  0.010  0.002  0.018  0.032
   1.75108      4.751086  0.010  0.002  0.018  0.032
   1.71116      4.760949  0.000  0.000  0.076  0.078
   1.67125      4.760126  0.000  0.002  0.072  0.074
   1.63133      4.762146  0.008  0.008  0.048  0.063
   1.59142      4.697095  0.000  0.017  0.049  0.066
   1.55150      4.623727  0.000  0.012  0.031  0.045
   1.51159      4.589798  0.005  0.007  0.078  0.090
   1.47167      4.629812  0.007  0.011  0.066  0.085
   1.43176      4.635171  0.004  0.002  0.046  0.054
   1.39184      4.658277  0.002  0.000  0.038  0.042
   1.35192      4.702309  0.002  0.000  0.018  0.022
   1.31201      4.739247  0.004  0.000  0.044  0.047
   1.27209      4.740656  0.000  0.001  0.038  0.040
   1.23218      4.782450  0.002  0.004  0.032  0.038
   1.19226      4.830537  0.006  0.008  0.030  0.046
   1.15235      4.879209  0.012  0.011  0.031  0.054
   1.11243      4.914435  0.018  0.012  0.030  0.058
   1.07252      4.926900  0.019  0.010  0.029  0.058
   1.07252      4.926900  0.019  0.010  0.029  0.058
   1.04430      4.920721  0.018  0.010  0.030  0.057
   1.01607      4.903352  0.016  0.010  0.030  0.058
   0.98785      4.877705  0.012  0.010  0.032  0.054
   0.95962      4.847825  0.008  0.008  0.032  0.052
   0.93140      4.819352  0.004  0.006  0.034  0.044
   0.90317      4.799920  0.000  0.002  0.035  0.038
   0.87495      4.794997  0.000  0.001  0.035  0.036
   0.84673      4.810758  0.001  0.004  0.036  0.042
   0.81850      4.813370  0.002  0.007  0.034  0.044
   0.79028      4.807509  0.002  0.007  0.026  0.034
   0.76205      4.776606  0.002  0.006  0.016  0.025
   0.73383      4.767970  0.002  0.006  0.013  0.021
   0.70561      4.762088  0.002  0.008  0.010  0.019
   0.67738      4.757963  0.002  0.008  0.008  0.018
   0.64916      4.778466  0.003  0.021  0.010  0.033
   0.62093      4.879152  0.000  0.013  0.012  0.026
   0.59271      4.974541  0.000  0.008  0.013  0.021
   0.56448      5.017625  0.000  0.006  0.016  0.024
   0.53626      5.019999  0.000  0.006  0.016  0.024
   0.53626      5.019999  0.000  0.006  0.016  0.024
   0.50804      5.019195  0.000  0.004  0.007  0.011
   0.47981      5.022414  0.000  0.004  0.006  0.010
   0.45159      5.027824  0.000  0.003  0.006  0.010
   0.42336      5.004486  0.000  0.007  0.006  0.013
   0.39514      4.932015  0.000  0.002  0.005  0.010
   0.36691      4.907532  0.000  0.008  0.032  0.036
   0.33869      4.837692  0.000  0.006  0.034  0.040
   0.31047      4.771532  0.000  0.007  0.032  0.040
   0.28224      4.713080  0.000  0.008  0.020  0.032
   0.25402      4.667845  0.000  0.008  0.015  0.026
   0.22579      4.679100  0.002  0.013  0.045  0.062
   0.19757      4.707325  0.002  0.010  0.028  0.040
   0.16935      4.741543  0.000  0.004  0.041  0.043
   0.14112      4.763118  0.007  0.005  0.016  0.028
   0.11290      4.766440  0.010  0.002  0.016  0.030
   0.08467      4.754111  0.010  0.002  0.018  0.030
   0.05645      4.742075  0.010  0.002  0.018  0.032
   0.02822      4.734157  0.010  0.002  0.017  0.032
   0.00000      4.731436  0.010  0.003  0.018  0.032
 
# Band-Index:  113
   0.00000      4.753493  0.000  0.000  0.078  0.078
   0.02822      4.754076  0.000  0.000  0.078  0.078
   0.05645      4.757038  0.000  0.000  0.077  0.080
   0.08467      4.764828  0.000  0.002  0.076  0.078
   0.11290      4.778208  0.000  0.004  0.072  0.076
   0.14112      4.794301  0.000  0.004  0.062  0.066
   0.16935      4.809057  0.002  0.001  0.027  0.031
   0.19757      4.721038  0.001  0.001  0.047  0.049
   0.22579      4.742731  0.002  0.000  0.002  0.006
   0.25402      4.742223  0.000  0.010  0.054  0.062
   0.28224      4.779318  0.000  0.010  0.048  0.060
   0.31047      4.831104  0.000  0.010  0.042  0.052
   0.33869      4.889018  0.000  0.010  0.035  0.046
   0.36691      4.909677  0.000  0.024  0.059  0.083
   0.39514      4.947127  0.002  0.010  0.014  0.027
   0.42336      5.011663  0.002  0.011  0.019  0.031
   0.45159      5.050653  0.001  0.011  0.010  0.021
   0.47981      5.083976  0.002  0.011  0.016  0.029
   0.50804      5.091041  0.000  0.004  0.006  0.010
   0.53626      5.090840  0.000  0.004  0.006  0.010
   0.53626      5.090840  0.000  0.004  0.006  0.010
   0.56448      5.053419  0.000  0.006  0.010  0.014
   0.59271      5.010312  0.000  0.006  0.016  0.024
   0.62093      4.997791  0.000  0.008  0.016  0.024
   0.64916      4.936886  0.000  0.004  0.002  0.008
   0.67738      4.806183  0.002  0.026  0.018  0.046
   0.70561      4.790917  0.004  0.055  0.054  0.113
   0.73383      4.806324  0.004  0.054  0.062  0.120
   0.76205      4.827436  0.004  0.054  0.068  0.125
   0.79028      4.852352  0.004  0.052  0.074  0.130
   0.81850      4.880188  0.004  0.049  0.079  0.133
   0.84673      4.843430  0.000  0.000  0.004  0.004
   0.87495      4.860405  0.000  0.000  0.027  0.028
   0.90317      4.893215  0.000  0.002  0.037  0.038
   0.93140      4.930956  0.000  0.002  0.044  0.046
   0.95962      4.969779  0.000  0.004  0.049  0.053
   0.98785      5.005784  0.000  0.004  0.053  0.058
   1.01607      5.035200  0.002  0.006  0.056  0.063
   1.04430      5.054740  0.002  0.006  0.059  0.066
   1.07252      5.061712  0.002  0.006  0.060  0.068
   1.07252      5.061712  0.002  0.006  0.060  0.068
   1.11243      5.047850  0.002  0.006  0.058  0.066
   1.15235      5.009626  0.001  0.004  0.054  0.058
   1.19226      4.953123  0.000  0.004  0.050  0.053
   1.23218      4.885627  0.000  0.002  0.046  0.049
   1.27209      4.817121  0.000  0.000  0.041  0.043
   1.31201      4.771553  0.001  0.002  0.017  0.021
   1.35192      4.740889  0.006  0.002  0.056  0.064
   1.39184      4.733330  0.006  0.002  0.067  0.077
   1.43176      4.701299  0.006  0.004  0.078  0.090
   1.47167      4.648275  0.005  0.005  0.080  0.092
   1.51159      4.606039  0.005  0.012  0.065  0.084
   1.55150      4.649973  0.004  0.009  0.062  0.075
   1.59142      4.724390  0.000  0.012  0.040  0.056
   1.63133      4.780509  0.000  0.006  0.034  0.040
   1.67125      4.777310  0.000  0.004  0.036  0.042
   1.71116      4.762533  0.008  0.004  0.027  0.039
   1.75108      4.757240  0.000  0.000  0.077  0.080
   1.79099      4.754438  0.000  0.000  0.078  0.078
   1.83091      4.753493  0.000  0.000  0.078  0.078
 
# Band-Index:  114
   1.83091      4.834505  0.000  0.000  0.073  0.073
   1.79099      4.838182  0.000  0.000  0.075  0.076
   1.75108      4.844810  0.000  0.003  0.080  0.083
   1.71116      4.845700  0.002  0.009  0.067  0.078
   1.67125      4.837585  0.000  0.008  0.075  0.083
   1.63133      4.789471  0.000  0.000  0.009  0.011
   1.59142      4.756597  0.000  0.000  0.014  0.014
   1.55150      4.718431  0.000  0.003  0.066  0.069
   1.51159      4.710069  0.002  0.004  0.004  0.012
   1.47167      4.683261  0.000  0.000  0.005  0.005
   1.43176      4.744224  0.002  0.002  0.032  0.036
   1.39184      4.778340  0.000  0.006  0.006  0.013
   1.35192      4.772030  0.000  0.004  0.006  0.013
   1.31201      4.792641  0.000  0.002  0.002  0.004
   1.27209      4.911279  0.000  0.002  0.006  0.008
   1.23218      5.026536  0.000  0.000  0.012  0.015
   1.19226      5.088662  0.009  0.018  0.094  0.123
   1.15235      5.091476  0.005  0.024  0.110  0.140
   1.11243      5.101469  0.001  0.028  0.116  0.146
   1.07252      5.107312  0.000  0.030  0.117  0.149
   1.07252      5.107312  0.000  0.030  0.117  0.149
   1.04430      5.102165  0.000  0.030  0.119  0.149
   1.01607      5.087287  0.001  0.032  0.117  0.150
   0.98785      5.064686  0.002  0.034  0.115  0.150
   0.95962      5.036929  0.003  0.036  0.111  0.150
   0.93140      5.006188  0.004  0.038  0.105  0.147
   0.90317      4.974077  0.004  0.042  0.099  0.145
   0.87495      4.941784  0.004  0.045  0.092  0.142
   0.84673      4.910232  0.004  0.046  0.086  0.138
   0.81850      4.881937  0.000  0.001  0.007  0.009
   0.79028      4.872705  0.000  0.002  0.006  0.009
   0.76205      4.884270  0.002  0.006  0.016  0.024
   0.73383      4.907881  0.002  0.006  0.019  0.026
   0.70561      4.933598  0.000  0.008  0.018  0.028
   0.67738      4.958353  0.000  0.006  0.018  0.026
   0.64916      4.980210  0.000  0.006  0.017  0.024
   0.62093      5.055761  0.000  0.002  0.004  0.008
   0.59271      5.115070  0.000  0.016  0.024  0.042
   0.56448      5.128699  0.002  0.013  0.030  0.045
   0.53626      5.127775  0.002  0.013  0.030  0.045
   0.53626      5.127775  0.002  0.013  0.030  0.045
   0.50804      5.114716  0.002  0.011  0.025  0.038
   0.47981      5.091640  0.000  0.004  0.006  0.010
   0.45159      5.071796  0.002  0.011  0.024  0.040
   0.42336      5.035463  0.000  0.002  0.005  0.008
   0.39514      4.979363  0.000  0.008  0.028  0.034
   0.36691      4.912480  0.000  0.024  0.059  0.083
   0.33869      4.910190  0.000  0.023  0.065  0.089
   0.31047      4.909257  0.000  0.022  0.073  0.095
   0.28224      4.852281  0.002  0.002  0.000  0.006
   0.25402      4.794814  0.002  0.002  0.001  0.006
   0.22579      4.791093  0.000  0.002  0.017  0.020
   0.19757      4.829593  0.006  0.000  0.004  0.011
   0.16935      4.812287  0.002  0.007  0.018  0.028
   0.14112      4.870249  0.000  0.006  0.094  0.100
   0.11290      4.860222  0.000  0.004  0.090  0.094
   0.08467      4.850433  0.000  0.003  0.083  0.085
   0.05645      4.842103  0.000  0.001  0.078  0.078
   0.02822      4.836488  0.000  0.000  0.074  0.074
   0.00000      4.834505  0.000  0.000  0.073  0.073
 
# Band-Index:  115
   0.00000      4.847917  0.000  0.000  0.094  0.094
   0.02822      4.849101  0.000  0.000  0.094  0.094
   0.05645      4.852567  0.000  0.001  0.094  0.096
   0.08467      4.858077  0.000  0.003  0.095  0.098
   0.11290      4.865268  0.000  0.004  0.096  0.099
   0.14112      4.873680  0.000  0.007  0.096  0.102
   0.16935      4.879737  0.000  0.009  0.095  0.105
   0.19757      4.876821  0.000  0.002  0.040  0.042
   0.22579      4.840431  0.006  0.002  0.030  0.038
   0.25402      4.874107  0.004  0.002  0.034  0.042
   0.28224      4.906611  0.000  0.020  0.080  0.100
   0.31047      4.911976  0.000  0.022  0.073  0.095
   0.33869      4.912938  0.000  0.023  0.065  0.090
   0.36691      4.946114  0.000  0.010  0.026  0.039
   0.39514      4.996512  0.000  0.011  0.021  0.034
   0.42336      5.040984  0.000  0.008  0.020  0.028
   0.45159      5.092631  0.000  0.002  0.006  0.010
   0.47981      5.118462  0.001  0.015  0.029  0.047
   0.50804      5.135564  0.002  0.014  0.026  0.042
   0.53626      5.136901  0.002  0.014  0.025  0.041
   0.53626      5.136901  0.002  0.014  0.025  0.041
   0.56448      5.132548  0.002  0.014  0.024  0.040
   0.59271      5.131928  0.002  0.013  0.031  0.046
   0.62093      5.087938  0.000  0.018  0.026  0.046
   0.64916      5.056060  0.000  0.022  0.028  0.052
   0.67738      5.023700  0.000  0.026  0.032  0.059
   0.70561      4.994536  0.000  0.032  0.038  0.069
   0.73383      4.971725  0.000  0.036  0.044  0.081
   0.76205      4.957645  0.000  0.042  0.052  0.094
   0.79028      4.937003  0.000  0.002  0.012  0.015
   0.81850      4.900981  0.000  0.000  0.002  0.002
   0.84673      4.953228  0.000  0.000  0.008  0.009
   0.87495      4.989211  0.002  0.047  0.090  0.140
   0.90317      5.010946  0.002  0.045  0.099  0.145
   0.93140      5.034274  0.002  0.041  0.106  0.149
   0.95962      5.057355  0.002  0.038  0.113  0.152
   0.98785      5.078353  0.001  0.036  0.118  0.154
   1.01607      5.095427  0.000  0.033  0.119  0.154
   1.04430      5.106790  0.000  0.032  0.121  0.154
   1.07252      5.107312  0.000  0.030  0.117  0.149
   1.07252      5.107312  0.000  0.030  0.117  0.149
   1.11243      5.107682  0.001  0.030  0.120  0.152
   1.15235      5.103674  0.003  0.027  0.115  0.146
   1.19226      5.110137  0.008  0.023  0.104  0.135
   1.23218      5.093263  0.010  0.015  0.093  0.118
   1.27209      5.065185  0.006  0.006  0.070  0.083
   1.31201      4.995671  0.002  0.004  0.057  0.065
   1.35192      4.912067  0.002  0.002  0.050  0.055
   1.39184      4.826219  0.002  0.002  0.043  0.047
   1.43176      4.774657  0.000  0.004  0.004  0.009
   1.47167      4.763965  0.000  0.002  0.004  0.010
   1.51159      4.750118  0.000  0.002  0.004  0.008
   1.55150      4.724192  0.000  0.004  0.072  0.076
   1.59142      4.759652  0.000  0.000  0.072  0.072
   1.63133      4.794627  0.000  0.014  0.022  0.035
   1.67125      4.855556  0.004  0.011  0.033  0.049
   1.71116      4.854421  0.000  0.005  0.088  0.094
   1.75108      4.854740  0.000  0.002  0.092  0.095
   1.79099      4.850146  0.000  0.000  0.094  0.094
   1.83091      4.847917  0.000  0.000  0.094  0.094
 
# Band-Index:  116
   1.83091      4.945558  0.000  0.000  0.006  0.006
   1.79099      4.950377  0.000  0.000  0.006  0.006
   1.75108      4.964386  0.000  0.000  0.006  0.006
   1.71116      4.955713  0.002  0.008  0.008  0.020
   1.67125      4.921895  0.002  0.000  0.014  0.019
   1.63133      4.821915  0.002  0.002  0.028  0.034
   1.59142      4.763120  0.000  0.000  0.071  0.071
   1.55150      4.740206  0.000  0.002  0.004  0.006
   1.51159      4.779853  0.000  0.004  0.038  0.043
   1.47167      4.892708  0.000  0.013  0.073  0.084
   1.43176      4.996129  0.000  0.021  0.085  0.106
   1.39184      5.006233  0.000  0.006  0.022  0.030
   1.35192      5.052090  0.000  0.006  0.039  0.045
   1.31201      5.117232  0.002  0.010  0.055  0.064
   1.27209      5.154762  0.007  0.018  0.077  0.101
   1.23218      5.132819  0.010  0.020  0.092  0.122
   1.19226      5.127977  0.000  0.002  0.037  0.041
   1.15235      5.125169  0.000  0.032  0.122  0.154
   1.11243      5.111970  0.000  0.030  0.118  0.150
   1.07252      5.110858  0.000  0.031  0.121  0.153
   1.07252      5.110858  0.000  0.031  0.121  0.153
   1.04430      5.111521  0.000  0.029  0.117  0.147
   1.01607      5.123638  0.001  0.026  0.117  0.144
   0.98785      5.142758  0.003  0.023  0.114  0.140
   0.95962      5.166604  0.001  0.014  0.093  0.108
   0.93140      5.120230  0.000  0.002  0.033  0.036
   0.90317      5.066713  0.000  0.002  0.024  0.027
   0.87495      5.010147  0.000  0.002  0.016  0.018
   0.84673      4.970992  0.002  0.048  0.081  0.130
   0.81850      4.958347  0.002  0.048  0.071  0.119
   0.79028      4.953352  0.000  0.045  0.061  0.107
   0.76205      4.994664  0.000  0.004  0.015  0.019
   0.73383      5.052340  0.000  0.005  0.018  0.024
   0.70561      5.107086  0.000  0.006  0.020  0.027
   0.67738      5.151637  0.001  0.011  0.028  0.040
   0.64916      5.149067  0.002  0.015  0.036  0.054
   0.62093      5.138435  0.002  0.014  0.032  0.048
   0.59271      5.146887  0.000  0.002  0.002  0.004
   0.56448      5.165943  0.003  0.021  0.034  0.058
   0.53626      5.165786  0.002  0.021  0.032  0.056
   0.53626      5.165786  0.002  0.021  0.032  0.056
   0.50804      5.160674  0.002  0.021  0.031  0.054
   0.47981      5.149660  0.002  0.018  0.025  0.045
   0.45159      5.097530  0.000  0.004  0.015  0.021
   0.42336      5.050783  0.000  0.010  0.024  0.034
   0.39514      5.045323  0.000  0.002  0.004  0.006
   0.36691      5.046851  0.004  0.010  0.030  0.044
   0.33869      4.980529  0.004  0.004  0.008  0.016
   0.31047      4.914444  0.002  0.002  0.002  0.010
   0.28224      4.909326  0.000  0.020  0.080  0.100
   0.25402      4.902162  0.000  0.018  0.086  0.104
   0.22579      4.896006  0.000  0.015  0.091  0.106
   0.19757      4.888413  0.000  0.012  0.095  0.107
   0.16935      4.882630  0.000  0.009  0.095  0.105
   0.14112      4.917607  0.000  0.000  0.021  0.022
   0.11290      4.959738  0.004  0.019  0.012  0.034
   0.08467      4.968602  0.000  0.000  0.006  0.006
   0.05645      4.956021  0.000  0.000  0.006  0.006
   0.02822      4.948208  0.000  0.000  0.006  0.006
   0.00000      4.945558  0.000  0.000  0.006  0.006
 
# Band-Index:  117
   0.00000      4.945558  0.000  0.000  0.006  0.006
   0.02822      4.949771  0.000  0.000  0.006  0.006
   0.05645      4.961599  0.000  0.000  0.006  0.006
   0.08467      4.977716  0.002  0.004  0.008  0.014
   0.11290      4.984620  0.000  0.004  0.036  0.040
   0.14112      4.934894  0.004  0.024  0.012  0.040
   0.16935      4.901230  0.000  0.006  0.028  0.034
   0.19757      4.891223  0.000  0.012  0.095  0.107
   0.22579      4.898782  0.000  0.015  0.091  0.106
   0.25402      4.904898  0.000  0.018  0.086  0.104
   0.28224      4.922141  0.004  0.002  0.031  0.039
   0.31047      4.979504  0.004  0.003  0.028  0.034
   0.33869      5.026826  0.000  0.009  0.055  0.066
   0.36691      5.057252  0.000  0.001  0.003  0.005
   0.39514      5.095771  0.000  0.002  0.005  0.007
   0.42336      5.094007  0.000  0.002  0.006  0.008
   0.45159      5.115362  0.000  0.014  0.019  0.036
   0.47981      5.153947  0.000  0.005  0.014  0.019
   0.50804      5.188081  0.000  0.004  0.014  0.020
   0.53626      5.197802  0.000  0.004  0.014  0.018
   0.53626      5.197802  0.000  0.004  0.014  0.018
   0.56448      5.200489  0.000  0.002  0.006  0.008
   0.59271      5.166489  0.003  0.022  0.037  0.061
   0.62093      5.167510  0.003  0.022  0.042  0.066
   0.64916      5.167512  0.003  0.021  0.042  0.065
   0.67738      5.164658  0.002  0.016  0.041  0.061
   0.70561      5.185550  0.003  0.017  0.048  0.068
   0.73383      5.212779  0.003  0.017  0.054  0.075
   0.76205      5.246386  0.004  0.018  0.061  0.083
   0.79028      5.280623  0.004  0.018  0.069  0.091
   0.81850      5.301092  0.000  0.004  0.016  0.021
   0.84673      5.295052  0.000  0.004  0.016  0.021
   0.87495      5.279067  0.005  0.010  0.088  0.103
   0.90317      5.236822  0.006  0.012  0.096  0.114
   0.93140      5.199793  0.005  0.015  0.103  0.122
   0.95962      5.170099  0.004  0.006  0.059  0.069
   0.98785      5.147248  0.003  0.023  0.120  0.147
   1.01607      5.127632  0.001  0.028  0.121  0.151
   1.04430      5.115224  0.000  0.029  0.122  0.153
   1.07252      5.110858  0.000  0.031  0.121  0.153
   1.07252      5.110858  0.000  0.031  0.121  0.153
   1.11243      5.115230  0.000  0.032  0.122  0.154
   1.15235      5.127813  0.000  0.033  0.124  0.156
   1.19226      5.144461  0.000  0.034  0.125  0.160
   1.23218      5.165456  0.000  0.037  0.128  0.165
   1.27209      5.180633  0.000  0.040  0.128  0.168
   1.31201      5.178530  0.000  0.040  0.124  0.164
   1.35192      5.146940  0.000  0.036  0.113  0.150
   1.39184      5.085281  0.000  0.028  0.103  0.132
   1.43176      4.996302  0.000  0.006  0.011  0.018
   1.47167      4.902894  0.000  0.011  0.055  0.066
   1.51159      4.795237  0.000  0.009  0.069  0.076
   1.55150      4.798554  0.002  0.006  0.002  0.010
   1.59142      4.767233  0.002  0.000  0.002  0.004
   1.63133      4.901158  0.000  0.001  0.045  0.046
   1.67125      4.943808  0.000  0.000  0.038  0.038
   1.71116      4.985186  0.000  0.000  0.007  0.007
   1.75108      4.972629  0.002  0.007  0.016  0.025
   1.79099      4.954533  0.000  0.000  0.006  0.006
   1.83091      4.945558  0.000  0.000  0.006  0.006
 
# Band-Index:  118
   1.83091      4.975428  0.006  0.012  0.012  0.030
   1.79099      4.981011  0.006  0.012  0.012  0.030
   1.75108      4.980783  0.000  0.000  0.006  0.006
   1.71116      5.006668  0.000  0.000  0.056  0.056
   1.67125      4.973437  0.002  0.020  0.042  0.062
   1.63133      4.906314  0.000  0.001  0.047  0.049
   1.59142      4.848185  0.006  0.000  0.022  0.031
   1.55150      4.840866  0.004  0.002  0.004  0.010
   1.51159      4.887606  0.000  0.008  0.060  0.066
   1.47167      4.951413  0.000  0.008  0.043  0.050
   1.43176      5.008195  0.000  0.023  0.099  0.123
   1.39184      5.089024  0.000  0.030  0.104  0.135
   1.35192      5.150900  0.000  0.038  0.117  0.155
   1.31201      5.180651  0.000  0.040  0.124  0.164
   1.27209      5.182714  0.000  0.040  0.128  0.168
   1.23218      5.167585  0.000  0.037  0.128  0.165
   1.19226      5.146702  0.000  0.034  0.125  0.160
   1.15235      5.202518  0.000  0.002  0.040  0.043
   1.11243      5.238644  0.004  0.000  0.020  0.025
   1.07252      5.240518  0.004  0.000  0.021  0.025
   1.07252      5.240518  0.004  0.000  0.021  0.025
   1.04430      5.240219  0.004  0.000  0.019  0.023
   1.01607      5.239785  0.002  0.000  0.055  0.057
   0.98785      5.209030  0.002  0.000  0.048  0.050
   0.95962      5.173702  0.004  0.020  0.114  0.140
   0.93140      5.206631  0.006  0.017  0.112  0.134
   0.90317      5.246065  0.006  0.014  0.108  0.128
   0.87495      5.286835  0.002  0.002  0.016  0.020
   0.84673      5.325960  0.005  0.007  0.080  0.093
   0.81850      5.318446  0.005  0.015  0.069  0.088
   0.79028      5.289713  0.004  0.016  0.060  0.080
   0.76205      5.250010  0.004  0.018  0.066  0.088
   0.73383      5.223830  0.003  0.020  0.067  0.092
   0.70561      5.206136  0.004  0.020  0.064  0.088
   0.67738      5.200880  0.003  0.015  0.054  0.074
   0.64916      5.223482  0.002  0.007  0.038  0.047
   0.62093      5.257504  0.000  0.006  0.039  0.046
   0.59271      5.242975  0.000  0.008  0.025  0.035
   0.56448      5.239066  0.000  0.008  0.020  0.028
   0.53626      5.250588  0.000  0.006  0.015  0.024
   0.53626      5.250588  0.000  0.006  0.015  0.024
   0.50804      5.227069  0.000  0.006  0.011  0.017
   0.47981      5.184874  0.000  0.004  0.004  0.008
   0.45159      5.165536  0.002  0.008  0.008  0.016
   0.42336      5.150989  0.002  0.016  0.067  0.086
   0.39514      5.103598  0.002  0.016  0.060  0.077
   0.36691      5.079103  0.000  0.004  0.040  0.045
   0.33869      5.042464  0.004  0.004  0.021  0.030
   0.31047      4.984092  0.001  0.012  0.053  0.065
   0.28224      4.952781  0.002  0.014  0.044  0.061
   0.25402      4.938174  0.002  0.018  0.035  0.053
   0.22579      4.908075  0.002  0.000  0.018  0.022
   0.19757      4.946052  0.005  0.015  0.014  0.035
   0.16935      4.925427  0.006  0.019  0.006  0.032
   0.14112      4.969362  0.000  0.006  0.010  0.018
   0.11290      4.985380  0.000  0.000  0.006  0.006
   0.08467      4.979298  0.004  0.009  0.013  0.026
   0.05645      4.983667  0.002  0.006  0.021  0.029
   0.02822      4.978271  0.006  0.012  0.012  0.030
   0.00000      4.975428  0.006  0.012  0.012  0.030
 
# Band-Index:  119
   0.00000      4.981287  0.002  0.004  0.026  0.032
   0.02822      4.982239  0.002  0.004  0.025  0.031
   0.05645      4.986906  0.006  0.012  0.011  0.029
   0.08467      5.001806  0.004  0.010  0.009  0.025
   0.11290      4.990029  0.002  0.006  0.009  0.018
   0.14112      5.005755  0.000  0.000  0.006  0.006
   0.16935      5.013498  0.004  0.006  0.018  0.028
   0.19757      4.946448  0.001  0.008  0.031  0.041
   0.22579      4.942753  0.002  0.020  0.024  0.046
   0.25402      4.963078  0.003  0.004  0.016  0.022
   0.28224      5.020569  0.002  0.010  0.028  0.040
   0.31047      5.076410  0.002  0.014  0.040  0.057
   0.33869      5.070796  0.000  0.000  0.002  0.002
   0.36691      5.097917  0.000  0.000  0.004  0.006
   0.39514      5.145872  0.000  0.000  0.012  0.015
   0.42336      5.168827  0.003  0.008  0.006  0.016
   0.45159      5.192796  0.002  0.018  0.063  0.080
   0.47981      5.228788  0.002  0.014  0.049  0.066
   0.50804      5.257303  0.000  0.010  0.026  0.036
   0.53626      5.268603  0.000  0.003  0.006  0.010
   0.53626      5.268603  0.000  0.003  0.006  0.010
   0.56448      5.262780  0.000  0.006  0.018  0.025
   0.59271      5.285644  0.002  0.008  0.045  0.054
   0.62093      5.258702  0.000  0.008  0.023  0.033
   0.64916      5.273103  0.000  0.007  0.021  0.028
   0.67738      5.285109  0.000  0.006  0.018  0.025
   0.70561      5.294510  0.000  0.006  0.017  0.024
   0.73383      5.301050  0.000  0.006  0.017  0.023
   0.76205      5.304394  0.000  0.004  0.016  0.023
   0.79028      5.304359  0.000  0.004  0.016  0.023
   0.81850      5.338507  0.003  0.015  0.061  0.080
   0.84673      5.343839  0.009  0.007  0.096  0.111
   0.87495      5.291874  0.007  0.011  0.102  0.120
   0.90317      5.277077  0.002  0.002  0.016  0.020
   0.93140      5.266503  0.002  0.002  0.016  0.020
   0.95962      5.256126  0.002  0.000  0.016  0.018
   0.98785      5.247379  0.002  0.000  0.014  0.018
   1.01607      5.241844  0.003  0.000  0.016  0.020
   1.04430      5.259023  0.002  0.000  0.059  0.062
   1.07252      5.265574  0.002  0.000  0.061  0.063
   1.07252      5.265574  0.002  0.000  0.061  0.063
   1.11243      5.253312  0.000  0.000  0.054  0.056
   1.15235      5.245146  0.002  0.000  0.024  0.026
   1.19226      5.233604  0.002  0.000  0.026  0.030
   1.23218      5.204584  0.004  0.003  0.034  0.042
   1.27209      5.194395  0.008  0.008  0.046  0.062
   1.31201      5.209822  0.007  0.010  0.046  0.064
   1.35192      5.196463  0.002  0.008  0.045  0.054
   1.39184      5.126219  0.000  0.004  0.043  0.048
   1.43176      5.039958  0.000  0.004  0.041  0.049
   1.47167      4.958792  0.002  0.004  0.040  0.046
   1.51159      4.894933  0.002  0.006  0.033  0.041
   1.55150      4.886655  0.000  0.006  0.024  0.030
   1.59142      4.880082  0.002  0.014  0.008  0.028
   1.63133      4.918697  0.007  0.012  0.010  0.028
   1.67125      4.996831  0.000  0.000  0.011  0.012
   1.71116      5.008218  0.000  0.013  0.037  0.051
   1.75108      4.996584  0.006  0.012  0.012  0.030
   1.79099      4.981347  0.002  0.003  0.029  0.035
   1.83091      4.981287  0.002  0.004  0.026  0.032
 
# Band-Index:  120
   1.83091      4.982992  0.000  0.000  0.059  0.059
   1.79099      4.988108  0.000  0.000  0.049  0.051
   1.75108      5.002956  0.000  0.000  0.038  0.041
   1.71116      5.016664  0.004  0.011  0.012  0.028
   1.67125      5.023649  0.000  0.005  0.009  0.017
   1.63133      4.944576  0.004  0.008  0.042  0.056
   1.59142      4.946410  0.001  0.002  0.017  0.022
   1.55150      4.892109  0.000  0.004  0.033  0.038
   1.51159      4.935176  0.002  0.000  0.006  0.008
   1.47167      5.011114  0.000  0.006  0.005  0.014
   1.43176      5.066394  0.000  0.000  0.002  0.002
   1.39184      5.212356  0.000  0.002  0.017  0.019
   1.35192      5.256906  0.006  0.008  0.034  0.045
   1.31201      5.256428  0.011  0.009  0.043  0.062
   1.27209      5.261321  0.008  0.002  0.039  0.049
   1.23218      5.323716  0.002  0.002  0.035  0.041
   1.19226      5.310572  0.000  0.002  0.004  0.006
   1.15235      5.287324  0.000  0.006  0.006  0.010
   1.11243      5.273637  0.000  0.006  0.007  0.012
   1.07252      5.269108  0.000  0.006  0.008  0.014
   1.07252      5.269108  0.000  0.006  0.008  0.014
   1.04430      5.272445  0.000  0.006  0.008  0.015
   1.01607      5.282423  0.000  0.006  0.010  0.017
   0.98785      5.298969  0.002  0.006  0.014  0.019
   0.95962      5.319358  0.000  0.003  0.004  0.007
   0.93140      5.341402  0.000  0.002  0.002  0.005
   0.90317      5.359040  0.000  0.003  0.000  0.004
   0.87495      5.374841  0.000  0.002  0.000  0.003
   0.84673      5.360353  0.005  0.013  0.068  0.086
   0.81850      5.377515  0.007  0.004  0.069  0.080
   0.79028      5.412936  0.000  0.002  0.009  0.011
   0.76205      5.409001  0.000  0.002  0.011  0.015
   0.73383      5.392776  0.002  0.012  0.053  0.068
   0.70561      5.368644  0.002  0.015  0.058  0.077
   0.67738      5.352482  0.002  0.018  0.063  0.083
   0.64916      5.341011  0.000  0.006  0.020  0.026
   0.62093      5.314487  0.000  0.008  0.023  0.030
   0.59271      5.286994  0.000  0.006  0.022  0.029
   0.56448      5.297786  0.000  0.000  0.000  0.001
   0.53626      5.276472  0.000  0.003  0.008  0.010
   0.53626      5.276472  0.000  0.003  0.008  0.010
   0.50804      5.267748  0.000  0.002  0.003  0.006
   0.47981      5.252338  0.000  0.004  0.016  0.021
   0.45159      5.227877  0.000  0.009  0.016  0.025
   0.42336      5.201540  0.000  0.010  0.017  0.028
   0.39514      5.158804  0.002  0.008  0.011  0.021
   0.36691      5.105180  0.004  0.006  0.018  0.027
   0.33869      5.100397  0.000  0.000  0.002  0.002
   0.31047      5.084849  0.000  0.000  0.001  0.001
   0.28224      5.051344  0.000  0.002  0.048  0.051
   0.25402      4.995128  0.000  0.007  0.063  0.067
   0.22579      4.953558  0.000  0.007  0.061  0.069
   0.19757      4.961364  0.006  0.003  0.016  0.025
   0.16935      5.028303  0.000  0.002  0.005  0.008
   0.14112      5.038324  0.000  0.002  0.023  0.025
   0.11290      5.018163  0.000  0.002  0.032  0.034
   0.08467      5.002227  0.000  0.002  0.043  0.043
   0.05645      4.991242  0.000  0.000  0.051  0.051
   0.02822      4.984996  0.000  0.000  0.057  0.057
   0.00000      4.982992  0.000  0.000  0.059  0.059
 
# Band-Index:  121
   0.00000      5.038457  0.000  0.000  0.061  0.061
   0.02822      5.037111  0.000  0.000  0.060  0.060
   0.05645      5.029724  0.000  0.004  0.052  0.056
   0.08467      5.010380  0.000  0.007  0.040  0.049
   0.11290      5.023507  0.002  0.008  0.007  0.018
   0.14112      5.047479  0.000  0.005  0.004  0.010
   0.16935      5.029244  0.000  0.000  0.004  0.005
   0.19757      5.005536  0.002  0.004  0.006  0.012
   0.22579      4.995783  0.011  0.006  0.006  0.022
   0.25402      5.050000  0.012  0.006  0.004  0.020
   0.28224      5.096832  0.000  0.000  0.001  0.001
   0.31047      5.103059  0.000  0.000  0.002  0.002
   0.33869      5.131392  0.002  0.016  0.047  0.065
   0.36691      5.179925  0.002  0.006  0.019  0.026
   0.39514      5.178591  0.002  0.008  0.011  0.022
   0.42336      5.214895  0.002  0.002  0.004  0.010
   0.45159      5.245075  0.002  0.002  0.003  0.008
   0.47981      5.257750  0.000  0.001  0.003  0.005
   0.50804      5.280725  0.000  0.004  0.018  0.020
   0.53626      5.294864  0.000  0.000  0.002  0.004
   0.53626      5.294864  0.000  0.000  0.002  0.004
   0.56448      5.304130  0.002  0.008  0.051  0.062
   0.59271      5.343090  0.000  0.002  0.002  0.004
   0.62093      5.342075  0.002  0.022  0.062  0.087
   0.64916      5.344127  0.002  0.020  0.063  0.087
   0.67738      5.364314  0.000  0.005  0.018  0.024
   0.70561      5.383531  0.000  0.004  0.015  0.018
   0.73383      5.398524  0.000  0.004  0.013  0.016
   0.76205      5.423911  0.002  0.010  0.045  0.059
   0.79028      5.431249  0.006  0.002  0.058  0.066
   0.81850      5.401329  0.009  0.005  0.086  0.101
   0.84673      5.391711  0.000  0.002  0.002  0.004
   0.87495      5.395583  0.000  0.000  0.000  0.002
   0.90317      5.367381  0.000  0.002  0.000  0.003
   0.93140      5.345741  0.000  0.003  0.000  0.004
   0.95962      5.321951  0.002  0.006  0.016  0.022
   0.98785      5.300720  0.000  0.004  0.006  0.011
   1.01607      5.285374  0.000  0.004  0.008  0.013
   1.04430      5.273877  0.000  0.006  0.008  0.015
   1.07252      5.269108  0.000  0.006  0.008  0.014
   1.07252      5.269108  0.000  0.006  0.008  0.014
   1.11243      5.280029  0.000  0.005  0.010  0.017
   1.15235      5.303782  0.002  0.004  0.014  0.018
   1.19226      5.335225  0.003  0.004  0.014  0.021
   1.23218      5.344250  0.000  0.000  0.003  0.004
   1.27209      5.388688  0.000  0.000  0.005  0.006
   1.31201      5.364618  0.004  0.002  0.020  0.025
   1.35192      5.303787  0.011  0.002  0.025  0.037
   1.39184      5.215761  0.001  0.004  0.036  0.040
   1.43176      5.135987  0.004  0.000  0.007  0.012
   1.47167      5.030952  0.002  0.000  0.004  0.006
   1.51159      4.972410  0.006  0.000  0.041  0.049
   1.55150      4.902282  0.006  0.000  0.038  0.046
   1.59142      4.950542  0.001  0.000  0.029  0.032
   1.63133      4.959148  0.000  0.000  0.019  0.022
   1.67125      5.032552  0.000  0.001  0.011  0.013
   1.71116      5.021827  0.000  0.000  0.006  0.006
   1.75108      5.027930  0.000  0.000  0.060  0.060
   1.79099      5.036038  0.000  0.000  0.061  0.061
   1.83091      5.038457  0.000  0.000  0.061  0.061
 
# Band-Index:  122
   1.83091      5.095288  0.000  0.000  0.059  0.059
   1.79099      5.062767  0.000  0.012  0.027  0.040
   1.75108      5.031021  0.000  0.014  0.038  0.052
   1.71116      5.022297  0.000  0.002  0.030  0.033
   1.67125      5.056247  0.000  0.001  0.020  0.021
   1.63133      5.017177  0.000  0.002  0.002  0.005
   1.59142      4.994952  0.009  0.002  0.016  0.028
   1.55150      4.998455  0.002  0.000  0.024  0.026
   1.51159      5.031360  0.000  0.006  0.008  0.014
   1.47167      5.054162  0.006  0.002  0.043  0.051
   1.43176      5.139841  0.003  0.002  0.042  0.047
   1.39184      5.219430  0.000  0.002  0.005  0.007
   1.35192      5.308223  0.000  0.000  0.009  0.009
   1.31201      5.377574  0.000  0.000  0.022  0.022
   1.27209      5.394315  0.000  0.000  0.014  0.016
   1.23218      5.377848  0.006  0.004  0.016  0.026
   1.19226      5.354997  0.000  0.002  0.004  0.006
   1.15235      5.326428  0.000  0.002  0.004  0.007
   1.11243      5.309296  0.000  0.000  0.006  0.008
   1.07252      5.303752  0.000  0.000  0.006  0.008
   1.07252      5.303752  0.000  0.000  0.006  0.008
   1.04430      5.306432  0.000  0.000  0.006  0.008
   1.01607      5.313574  0.000  0.002  0.005  0.007
   0.98785      5.323191  0.000  0.002  0.004  0.006
   0.95962      5.333847  0.000  0.002  0.002  0.004
   0.93140      5.351104  0.004  0.004  0.020  0.027
   0.90317      5.385667  0.006  0.004  0.027  0.034
   0.87495      5.404338  0.005  0.010  0.067  0.082
   0.84673      5.393086  0.007  0.009  0.059  0.075
   0.81850      5.406462  0.000  0.002  0.006  0.008
   0.79028      5.434110  0.000  0.001  0.003  0.003
   0.76205      5.433820  0.000  0.002  0.005  0.005
   0.73383      5.431343  0.000  0.002  0.007  0.010
   0.70561      5.425156  0.000  0.004  0.010  0.013
   0.67738      5.414173  0.000  0.004  0.012  0.016
   0.64916      5.397910  0.000  0.004  0.012  0.016
   0.62093      5.375653  0.000  0.002  0.010  0.014
   0.59271      5.343743  0.004  0.023  0.059  0.086
   0.56448      5.326298  0.000  0.001  0.003  0.004
   0.53626      5.305198  0.000  0.000  0.000  0.001
   0.53626      5.305198  0.000  0.000  0.000  0.001
   0.50804      5.293584  0.000  0.000  0.002  0.004
   0.47981      5.289655  0.000  0.000  0.002  0.004
   0.45159      5.282911  0.000  0.000  0.004  0.004
   0.42336      5.254387  0.000  0.000  0.006  0.007
   0.39514      5.221598  0.002  0.004  0.009  0.014
   0.36691      5.191160  0.004  0.022  0.040  0.068
   0.33869      5.178711  0.004  0.005  0.010  0.019
   0.31047      5.117439  0.000  0.000  0.032  0.034
   0.28224      5.105481  0.000  0.000  0.000  0.000
   0.25402      5.101254  0.000  0.000  0.000  0.000
   0.22579      5.083421  0.000  0.000  0.002  0.002
   0.19757      5.055479  0.000  0.000  0.004  0.004
   0.16935      5.060645  0.000  0.002  0.016  0.017
   0.14112      5.063895  0.000  0.004  0.044  0.050
   0.11290      5.051040  0.000  0.006  0.050  0.054
   0.08467      5.045963  0.000  0.007  0.050  0.056
   0.05645      5.051893  0.000  0.010  0.036  0.050
   0.02822      5.076689  0.000  0.010  0.026  0.038
   0.00000      5.095288  0.000  0.000  0.059  0.059
 
# Band-Index:  123
   0.00000      5.102186  0.000  0.000  0.026  0.028
   0.02822      5.095861  0.000  0.000  0.057  0.057
   0.05645      5.097605  0.000  0.000  0.053  0.053
   0.08467      5.100486  0.000  0.002  0.045  0.045
   0.11290      5.104203  0.000  0.002  0.034  0.035
   0.14112      5.083403  0.002  0.003  0.021  0.026
   0.16935      5.081882  0.000  0.004  0.040  0.044
   0.19757      5.081806  0.000  0.002  0.009  0.011
   0.22579      5.097518  0.000  0.001  0.004  0.005
   0.25402      5.105226  0.000  0.000  0.001  0.001
   0.28224      5.107990  0.010  0.007  0.002  0.020
   0.31047      5.152668  0.006  0.007  0.007  0.020
   0.33869      5.180807  0.002  0.003  0.008  0.014
   0.36691      5.199572  0.002  0.005  0.010  0.018
   0.39514      5.239811  0.004  0.022  0.061  0.085
   0.42336      5.273220  0.000  0.000  0.004  0.004
   0.45159      5.326228  0.002  0.018  0.072  0.094
   0.47981      5.344048  0.002  0.015  0.066  0.084
   0.50804      5.335564  0.002  0.009  0.049  0.061
   0.53626      5.310672  0.002  0.010  0.054  0.064
   0.53626      5.310672  0.002  0.010  0.054  0.064
   0.56448      5.326789  0.000  0.000  0.002  0.002
   0.59271      5.366562  0.000  0.000  0.003  0.004
   0.62093      5.412566  0.000  0.000  0.001  0.001
   0.64916      5.446533  0.000  0.000  0.003  0.004
   0.67738      5.468128  0.000  0.000  0.004  0.004
   0.70561      5.478157  0.000  0.000  0.004  0.004
   0.73383      5.477969  0.000  0.000  0.002  0.002
   0.76205      5.470292  0.000  0.000  0.000  0.000
   0.79028      5.460562  0.000  0.000  0.000  0.000
   0.81850      5.433468  0.000  0.001  0.002  0.003
   0.84673      5.424527  0.000  0.000  0.000  0.000
   0.87495      5.420083  0.009  0.001  0.038  0.049
   0.90317      5.433784  0.000  0.003  0.002  0.004
   0.93140      5.434260  0.000  0.003  0.002  0.006
   0.95962      5.430615  0.000  0.004  0.008  0.015
   0.98785      5.415371  0.000  0.004  0.006  0.014
   1.01607      5.407580  0.000  0.008  0.004  0.014
   1.04430      5.405302  0.000  0.010  0.004  0.014
   1.07252      5.405107  0.000  0.010  0.004  0.015
   1.07252      5.405107  0.000  0.010  0.004  0.015
   1.11243      5.404527  0.000  0.010  0.004  0.014
   1.15235      5.402631  0.000  0.009  0.005  0.014
   1.19226      5.398713  0.002  0.000  0.030  0.034
   1.23218      5.395203  0.000  0.004  0.010  0.014
   1.27209      5.417451  0.002  0.004  0.010  0.016
   1.31201      5.394912  0.000  0.001  0.009  0.010
   1.35192      5.329940  0.000  0.002  0.026  0.030
   1.39184      5.240002  0.010  0.002  0.014  0.025
   1.43176      5.139992  0.000  0.006  0.036  0.042
   1.47167      5.082759  0.000  0.006  0.048  0.056
   1.51159      5.037106  0.000  0.006  0.050  0.058
   1.55150      5.009896  0.000  0.006  0.044  0.051
   1.59142      5.022365  0.000  0.004  0.026  0.030
   1.63133      5.036379  0.000  0.004  0.004  0.009
   1.67125      5.065665  0.000  0.002  0.031  0.032
   1.71116      5.092824  0.002  0.002  0.029  0.033
   1.75108      5.097320  0.000  0.002  0.045  0.045
   1.79099      5.096300  0.000  0.000  0.056  0.056
   1.83091      5.102186  0.000  0.000  0.026  0.028
 
# Band-Index:  124
   1.83091      5.102186  0.000  0.000  0.026  0.028
   1.79099      5.111630  0.000  0.000  0.026  0.028
   1.75108      5.137155  0.000  0.000  0.026  0.026
   1.71116      5.164812  0.000  0.001  0.024  0.025
   1.67125      5.087532  0.000  0.000  0.017  0.018
   1.63133      5.080562  0.000  0.002  0.003  0.005
   1.59142      5.045609  0.000  0.002  0.010  0.012
   1.55150      5.044872  0.000  0.004  0.004  0.010
   1.51159      5.066048  0.004  0.000  0.016  0.020
   1.47167      5.138622  0.006  0.002  0.015  0.022
   1.43176      5.212024  0.010  0.002  0.017  0.029
   1.39184      5.286095  0.015  0.002  0.033  0.050
   1.35192      5.366329  0.014  0.002  0.050  0.066
   1.31201      5.432836  0.000  0.002  0.042  0.044
   1.27209      5.431476  0.001  0.000  0.004  0.007
   1.23218      5.395557  0.000  0.000  0.004  0.004
   1.19226      5.399242  0.000  0.006  0.006  0.014
   1.15235      5.435846  0.002  0.008  0.008  0.017
   1.11243      5.413489  0.000  0.010  0.008  0.016
   1.07252      5.405107  0.000  0.010  0.004  0.015
   1.07252      5.405107  0.000  0.010  0.004  0.015
   1.04430      5.408893  0.000  0.010  0.004  0.015
   1.01607      5.420053  0.002  0.010  0.009  0.018
   0.98785      5.431561  0.000  0.002  0.011  0.014
   0.95962      5.433851  0.000  0.002  0.005  0.010
   0.93140      5.450617  0.002  0.002  0.010  0.014
   0.90317      5.447085  0.006  0.006  0.065  0.078
   0.87495      5.433358  0.000  0.003  0.002  0.004
   0.84673      5.433764  0.000  0.000  0.000  0.002
   0.81850      5.453113  0.000  0.000  0.000  0.001
   0.79028      5.461075  0.002  0.008  0.044  0.055
   0.76205      5.487640  0.004  0.002  0.050  0.056
   0.73383      5.504896  0.000  0.000  0.001  0.002
   0.70561      5.499441  0.002  0.012  0.057  0.071
   0.67738      5.486561  0.000  0.000  0.000  0.000
   0.64916      5.457109  0.000  0.000  0.000  0.000
   0.62093      5.415572  0.000  0.000  0.001  0.001
   0.59271      5.370818  0.000  0.000  0.000  0.000
   0.56448      5.346260  0.004  0.024  0.055  0.083
   0.53626      5.347385  0.004  0.024  0.054  0.082
   0.53626      5.347385  0.004  0.024  0.054  0.082
   0.50804      5.359650  0.002  0.022  0.044  0.068
   0.47981      5.380937  0.002  0.018  0.038  0.058
   0.45159      5.329875  0.000  0.000  0.003  0.004
   0.42336      5.288494  0.004  0.020  0.068  0.092
   0.39514      5.260671  0.000  0.000  0.004  0.004
   0.36691      5.245729  0.000  0.000  0.004  0.004
   0.33869      5.200971  0.000  0.008  0.031  0.039
   0.31047      5.194339  0.000  0.010  0.012  0.024
   0.28224      5.158903  0.000  0.000  0.004  0.005
   0.25402      5.126828  0.000  0.000  0.006  0.006
   0.22579      5.115313  0.000  0.001  0.005  0.007
   0.19757      5.102295  0.000  0.004  0.035  0.038
   0.16935      5.107483  0.002  0.002  0.017  0.021
   0.14112      5.108088  0.000  0.002  0.025  0.027
   0.11290      5.145998  0.000  0.000  0.022  0.022
   0.08467      5.128149  0.000  0.000  0.025  0.026
   0.05645      5.114229  0.000  0.000  0.026  0.026
   0.02822      5.105283  0.000  0.000  0.026  0.027
   0.00000      5.102186  0.000  0.000  0.026  0.028
 
# Band-Index:  125
   0.00000      5.125625  0.004  0.022  0.018  0.044
   0.02822      5.155560  0.000  0.010  0.020  0.032
   0.05645      5.178146  0.000  0.000  0.027  0.028
   0.08467      5.182597  0.000  0.000  0.030  0.031
   0.11290      5.172129  0.000  0.004  0.013  0.017
   0.14112      5.130932  0.004  0.002  0.020  0.027
   0.16935      5.111324  0.000  0.002  0.017  0.019
   0.19757      5.113438  0.000  0.002  0.010  0.011
   0.22579      5.123625  0.000  0.004  0.028  0.033
   0.25402      5.146103  0.000  0.002  0.026  0.028
   0.28224      5.173437  0.002  0.000  0.024  0.027
   0.31047      5.197278  0.000  0.000  0.005  0.005
   0.33869      5.229248  0.000  0.000  0.003  0.003
   0.36691      5.262493  0.000  0.001  0.028  0.030
   0.39514      5.326657  0.000  0.000  0.008  0.008
   0.42336      5.369850  0.000  0.000  0.008  0.008
   0.45159      5.400712  0.002  0.018  0.034  0.054
   0.47981      5.424556  0.000  0.000  0.002  0.006
   0.50804      5.464614  0.000  0.000  0.010  0.010
   0.53626      5.472493  0.000  0.000  0.010  0.010
   0.53626      5.472493  0.000  0.000  0.010  0.010
   0.56448      5.477099  0.000  0.000  0.012  0.012
   0.59271      5.484839  0.000  0.008  0.035  0.044
   0.62093      5.483461  0.002  0.014  0.057  0.073
   0.64916      5.482361  0.002  0.014  0.063  0.080
   0.67738      5.487310  0.002  0.014  0.063  0.079
   0.70561      5.502255  0.000  0.000  0.000  0.001
   0.73383      5.515597  0.002  0.010  0.044  0.056
   0.76205      5.496107  0.000  0.000  0.000  0.002
   0.79028      5.462215  0.009  0.003  0.071  0.084
   0.81850      5.457013  0.000  0.000  0.002  0.002
   0.84673      5.458649  0.000  0.000  0.004  0.004
   0.87495      5.462193  0.000  0.000  0.004  0.006
   0.90317      5.462557  0.000  0.002  0.007  0.008
   0.93140      5.475017  0.008  0.000  0.050  0.060
   0.95962      5.460480  0.005  0.006  0.024  0.034
   0.98785      5.437894  0.002  0.008  0.014  0.024
   1.01607      5.427472  0.000  0.002  0.014  0.017
   1.04430      5.423390  0.000  0.002  0.017  0.019
   1.07252      5.421678  0.000  0.002  0.018  0.020
   1.07252      5.421678  0.000  0.002  0.018  0.020
   1.11243      5.425692  0.000  0.002  0.016  0.019
   1.15235      5.440973  0.000  0.002  0.016  0.018
   1.19226      5.466903  0.000  0.002  0.014  0.016
   1.23218      5.482952  0.000  0.002  0.008  0.011
   1.27209      5.438071  0.000  0.004  0.025  0.029
   1.31201      5.434559  0.010  0.001  0.037  0.049
   1.35192      5.387468  0.002  0.000  0.016  0.018
   1.39184      5.316875  0.000  0.004  0.044  0.050
   1.43176      5.291747  0.000  0.006  0.048  0.054
   1.47167      5.224636  0.011  0.002  0.030  0.044
   1.51159      5.141125  0.010  0.002  0.026  0.038
   1.55150      5.062464  0.010  0.002  0.024  0.034
   1.59142      5.046115  0.000  0.004  0.004  0.009
   1.63133      5.138047  0.006  0.006  0.026  0.040
   1.67125      5.098135  0.004  0.006  0.024  0.033
   1.71116      5.169380  0.000  0.000  0.036  0.037
   1.75108      5.178091  0.000  0.000  0.031  0.031
   1.79099      5.170814  0.000  0.010  0.019  0.030
   1.83091      5.125625  0.004  0.022  0.018  0.044
 
# Band-Index:  126
   1.83091      5.175360  0.000  0.000  0.027  0.027
   1.79099      5.176148  0.000  0.000  0.027  0.027
   1.75108      5.224480  0.000  0.004  0.014  0.021
   1.71116      5.219046  0.000  0.002  0.010  0.014
   1.67125      5.192558  0.000  0.000  0.016  0.018
   1.63133      5.183725  0.000  0.000  0.008  0.009
   1.59142      5.195136  0.006  0.006  0.032  0.044
   1.55150      5.220300  0.000  0.006  0.043  0.049
   1.51159      5.242504  0.000  0.006  0.046  0.052
   1.47167      5.267485  0.000  0.008  0.048  0.054
   1.43176      5.308086  0.010  0.002  0.033  0.048
   1.39184      5.335448  0.002  0.002  0.010  0.015
   1.35192      5.400033  0.000  0.000  0.015  0.015
   1.31201      5.446986  0.011  0.001  0.043  0.057
   1.27209      5.456914  0.010  0.002  0.036  0.048
   1.23218      5.497632  0.000  0.008  0.018  0.024
   1.19226      5.490707  0.006  0.006  0.018  0.030
   1.15235      5.465065  0.002  0.000  0.022  0.024
   1.11243      5.484828  0.000  0.000  0.002  0.003
   1.07252      5.486857  0.000  0.000  0.000  0.000
   1.07252      5.486857  0.000  0.000  0.000  0.000
   1.04430      5.486725  0.000  0.000  0.000  0.000
   1.01607      5.486297  0.000  0.000  0.000  0.000
   0.98785      5.485555  0.000  0.000  0.000  0.000
   0.95962      5.484860  0.000  0.000  0.000  0.000
   0.93140      5.486818  0.000  0.000  0.002  0.004
   0.90317      5.502746  0.000  0.000  0.008  0.008
   0.87495      5.468459  0.000  0.014  0.044  0.058
   0.84673      5.478989  0.006  0.004  0.031  0.040
   0.81850      5.496805  0.004  0.004  0.026  0.033
   0.79028      5.478156  0.000  0.000  0.000  0.000
   0.76205      5.513429  0.008  0.002  0.039  0.052
   0.73383      5.540928  0.004  0.002  0.037  0.042
   0.70561      5.583180  0.002  0.002  0.028  0.034
   0.67738      5.605355  0.001  0.003  0.021  0.027
   0.64916      5.561600  0.000  0.004  0.016  0.021
   0.62093      5.526516  0.000  0.006  0.018  0.025
   0.59271      5.503885  0.002  0.012  0.034  0.048
   0.56448      5.500080  0.002  0.020  0.051  0.074
   0.53626      5.500991  0.002  0.020  0.051  0.074
   0.53626      5.500991  0.002  0.020  0.051  0.074
   0.50804      5.507430  0.002  0.018  0.043  0.065
   0.47981      5.442457  0.000  0.000  0.010  0.010
   0.45159      5.409555  0.000  0.000  0.009  0.009
   0.42336      5.404140  0.002  0.002  0.017  0.021
   0.39514      5.332450  0.000  0.000  0.022  0.026
   0.36691      5.282444  0.000  0.000  0.006  0.006
   0.33869      5.239034  0.000  0.000  0.005  0.005
   0.31047      5.213102  0.000  0.000  0.003  0.003
   0.28224      5.188485  0.000  0.008  0.011  0.022
   0.25402      5.175069  0.000  0.006  0.012  0.021
   0.22579      5.153706  0.002  0.005  0.012  0.020
   0.19757      5.127208  0.002  0.004  0.013  0.019
   0.16935      5.139692  0.006  0.008  0.020  0.034
   0.14112      5.166704  0.000  0.000  0.018  0.018
   0.11290      5.179479  0.000  0.000  0.032  0.032
   0.08467      5.229543  0.000  0.002  0.010  0.014
   0.05645      5.196119  0.000  0.006  0.016  0.026
   0.02822      5.175842  0.000  0.000  0.027  0.027
   0.00000      5.175360  0.000  0.000  0.027  0.027
 
# Band-Index:  127
   0.00000      5.269459  0.000  0.002  0.051  0.054
   0.02822      5.272529  0.000  0.000  0.051  0.054
   0.05645      5.281485  0.000  0.000  0.051  0.051
   0.08467      5.261919  0.000  0.008  0.010  0.019
   0.11290      5.227749  0.000  0.002  0.006  0.008
   0.14112      5.181246  0.000  0.004  0.017  0.022
   0.16935      5.159682  0.000  0.002  0.029  0.033
   0.19757      5.165545  0.008  0.010  0.019  0.034
   0.22579      5.193427  0.000  0.000  0.002  0.002
   0.25402      5.191574  0.000  0.000  0.002  0.002
   0.28224      5.199096  0.000  0.000  0.002  0.002
   0.31047      5.219924  0.006  0.002  0.016  0.022
   0.33869      5.289061  0.008  0.004  0.010  0.020
   0.36691      5.364541  0.006  0.004  0.010  0.020
   0.39514      5.413430  0.000  0.016  0.028  0.044
   0.42336      5.414932  0.000  0.020  0.033  0.053
   0.45159      5.481038  0.002  0.003  0.011  0.016
   0.47981      5.528332  0.002  0.015  0.028  0.046
   0.50804      5.525672  0.000  0.002  0.002  0.006
   0.53626      5.589666  0.000  0.000  0.044  0.044
   0.53626      5.589666  0.000  0.000  0.044  0.044
   0.56448      5.597378  0.000  0.000  0.044  0.044
   0.59271      5.615064  0.000  0.000  0.049  0.051
   0.62093      5.619304  0.000  0.006  0.051  0.058
   0.64916      5.614701  0.002  0.004  0.046  0.052
   0.67738      5.605932  0.001  0.004  0.031  0.036
   0.70561      5.654287  0.004  0.002  0.031  0.035
   0.73383      5.624407  0.009  0.004  0.115  0.130
   0.76205      5.582277  0.003  0.012  0.120  0.136
   0.79028      5.584707  0.008  0.007  0.078  0.094
   0.81850      5.539083  0.004  0.011  0.074  0.090
   0.84673      5.552846  0.000  0.012  0.053  0.066
   0.87495      5.535449  0.000  0.000  0.012  0.013
   0.90317      5.523517  0.002  0.008  0.043  0.055
   0.93140      5.518440  0.000  0.014  0.035  0.049
   0.95962      5.539910  0.002  0.010  0.055  0.066
   0.98785      5.567526  0.004  0.004  0.058  0.067
   1.01607      5.588044  0.004  0.002  0.059  0.067
   1.04430      5.600122  0.005  0.000  0.060  0.065
   1.07252      5.604061  0.005  0.000  0.060  0.065
   1.07252      5.604061  0.005  0.000  0.060  0.065
   1.11243      5.597011  0.004  0.001  0.068  0.074
   1.15235      5.589301  0.000  0.010  0.006  0.016
   1.19226      5.549882  0.000  0.008  0.012  0.022
   1.23218      5.548823  0.009  0.006  0.026  0.038
   1.27209      5.537257  0.000  0.004  0.022  0.027
   1.31201      5.448737  0.000  0.000  0.018  0.018
   1.35192      5.429386  0.000  0.002  0.053  0.055
   1.39184      5.399156  0.006  0.000  0.040  0.049
   1.43176      5.329092  0.000  0.000  0.016  0.020
   1.47167      5.313167  0.002  0.002  0.016  0.020
   1.51159      5.290255  0.002  0.000  0.018  0.022
   1.55150      5.260072  0.004  0.005  0.031  0.040
   1.59142      5.207356  0.000  0.006  0.038  0.045
   1.63133      5.201369  0.000  0.000  0.020  0.022
   1.67125      5.208584  0.000  0.000  0.007  0.007
   1.71116      5.238109  0.000  0.000  0.009  0.009
   1.75108      5.267315  0.000  0.006  0.013  0.020
   1.79099      5.274416  0.000  0.002  0.049  0.052
   1.83091      5.269459  0.000  0.002  0.051  0.054
 
# Band-Index:  128
   1.83091      5.269459  0.000  0.002  0.051  0.054
   1.79099      5.281120  0.000  0.001  0.049  0.049
   1.75108      5.283068  0.000  0.002  0.042  0.043
   1.71116      5.264206  0.000  0.000  0.013  0.013
   1.67125      5.217747  0.000  0.000  0.019  0.019
   1.63133      5.208904  0.000  0.004  0.022  0.027
   1.59142      5.228301  0.001  0.000  0.022  0.022
   1.55150      5.260497  0.002  0.002  0.026  0.031
   1.51159      5.329857  0.004  0.006  0.040  0.050
   1.47167      5.402889  0.004  0.006  0.044  0.054
   1.43176      5.467036  0.000  0.006  0.050  0.058
   1.39184      5.453440  0.000  0.006  0.056  0.062
   1.35192      5.489181  0.004  0.000  0.038  0.044
   1.31201      5.530930  0.002  0.004  0.049  0.053
   1.27209      5.555026  0.010  0.000  0.082  0.091
   1.23218      5.601341  0.006  0.004  0.103  0.112
   1.19226      5.626010  0.004  0.003  0.093  0.101
   1.15235      5.600659  0.004  0.002  0.068  0.073
   1.11243      5.612951  0.003  0.010  0.062  0.075
   1.07252      5.611641  0.010  0.010  0.174  0.194
   1.07252      5.611641  0.010  0.010  0.174  0.194
   1.04430      5.608957  0.003  0.010  0.045  0.057
   1.01607      5.599076  0.003  0.010  0.055  0.065
   0.98785      5.599745  0.003  0.008  0.060  0.069
   0.95962      5.611666  0.002  0.006  0.064  0.073
   0.93140      5.578396  0.002  0.004  0.032  0.040
   0.90317      5.538722  0.003  0.012  0.031  0.045
   0.87495      5.573331  0.004  0.010  0.043  0.056
   0.84673      5.575128  0.000  0.001  0.014  0.016
   0.81850      5.612184  0.002  0.014  0.079  0.093
   0.79028      5.593900  0.001  0.013  0.090  0.105
   0.76205      5.632563  0.010  0.006  0.100  0.116
   0.73383      5.672304  0.009  0.006  0.125  0.141
   0.70561      5.698219  0.008  0.006  0.095  0.107
   0.67738      5.687019  0.000  0.002  0.015  0.015
   0.64916      5.664128  0.000  0.002  0.009  0.013
   0.62093      5.645133  0.000  0.002  0.008  0.011
   0.59271      5.630976  0.000  0.002  0.007  0.011
   0.56448      5.622252  0.000  0.002  0.007  0.010
   0.53626      5.619302  0.000  0.002  0.007  0.010
   0.53626      5.619302  0.000  0.002  0.007  0.010
   0.50804      5.585387  0.000  0.000  0.042  0.042
   0.47981      5.566117  0.002  0.002  0.014  0.020
   0.45159      5.554947  0.000  0.000  0.036  0.036
   0.42336      5.530553  0.008  0.015  0.029  0.051
   0.39514      5.457945  0.010  0.018  0.028  0.055
   0.36691      5.409203  0.002  0.026  0.051  0.079
   0.33869      5.370917  0.000  0.021  0.056  0.079
   0.31047      5.325900  0.000  0.016  0.060  0.075
   0.28224      5.279158  0.000  0.012  0.059  0.072
   0.25402      5.235116  0.000  0.010  0.057  0.067
   0.22579      5.197463  0.000  0.008  0.055  0.061
   0.19757      5.170803  0.000  0.004  0.048  0.053
   0.16935      5.187592  0.000  0.000  0.014  0.014
   0.14112      5.186313  0.000  0.002  0.014  0.016
   0.11290      5.232319  0.000  0.000  0.006  0.007
   0.08467      5.283603  0.000  0.000  0.024  0.026
   0.05645      5.285481  0.000  0.004  0.043  0.043
   0.02822      5.274752  0.000  0.002  0.049  0.052
   0.00000      5.269459  0.000  0.002  0.051  0.054
 
# Band-Index:  129
   0.00000      5.305115  0.002  0.026  0.010  0.040
   0.02822      5.305338  0.002  0.026  0.010  0.038
   0.05645      5.301325  0.000  0.000  0.028  0.028
   0.08467      5.290567  0.000  0.000  0.019  0.019
   0.11290      5.276965  0.000  0.000  0.010  0.012
   0.14112      5.261907  0.000  0.000  0.006  0.007
   0.16935      5.197530  0.000  0.006  0.009  0.016
   0.19757      5.197724  0.000  0.000  0.006  0.006
   0.22579      5.209193  0.008  0.009  0.018  0.035
   0.25402      5.262825  0.008  0.008  0.019  0.036
   0.28224      5.324975  0.008  0.008  0.020  0.037
   0.31047      5.394341  0.008  0.009  0.022  0.038
   0.33869      5.443007  0.000  0.000  0.020  0.021
   0.36691      5.476473  0.000  0.000  0.024  0.024
   0.39514      5.506024  0.000  0.000  0.028  0.028
   0.42336      5.532199  0.000  0.000  0.032  0.032
   0.45159      5.563972  0.002  0.010  0.032  0.045
   0.47981      5.573254  0.000  0.000  0.040  0.040
   0.50804      5.651267  0.002  0.004  0.013  0.019
   0.53626      5.639017  0.002  0.008  0.019  0.030
   0.53626      5.639017  0.002  0.008  0.019  0.030
   0.56448      5.638807  0.002  0.010  0.024  0.037
   0.59271      5.641389  0.002  0.010  0.034  0.046
   0.62093      5.667376  0.002  0.006  0.038  0.046
   0.64916      5.702738  0.002  0.000  0.028  0.033
   0.67738      5.724393  0.006  0.000  0.060  0.066
   0.70561      5.705197  0.008  0.004  0.136  0.149
   0.73383      5.718814  0.000  0.006  0.017  0.024
   0.76205      5.709531  0.000  0.004  0.025  0.030
   0.79028      5.663056  0.000  0.003  0.021  0.024
   0.81850      5.618123  0.000  0.003  0.018  0.018
   0.84673      5.604593  0.004  0.010  0.061  0.075
   0.87495      5.595749  0.000  0.010  0.046  0.058
   0.90317      5.639746  0.000  0.013  0.047  0.061
   0.93140      5.633144  0.002  0.006  0.068  0.077
   0.95962      5.620948  0.002  0.002  0.023  0.026
   0.98785      5.641659  0.002  0.006  0.014  0.023
   1.01607      5.631690  0.002  0.012  0.006  0.016
   1.04430      5.618464  0.010  0.010  0.173  0.193
   1.07252      5.621644  0.000  0.012  0.000  0.014
   1.07252      5.621644  0.000  0.012  0.000  0.014
   1.11243      5.613511  0.000  0.012  0.002  0.012
   1.15235      5.626937  0.004  0.009  0.080  0.093
   1.19226      5.641230  0.004  0.006  0.098  0.109
   1.23218      5.625185  0.005  0.006  0.104  0.115
   1.27209      5.573299  0.003  0.004  0.077  0.087
   1.31201      5.570193  0.000  0.004  0.015  0.018
   1.35192      5.519669  0.000  0.001  0.033  0.035
   1.39184      5.563303  0.002  0.004  0.044  0.050
   1.43176      5.479846  0.004  0.004  0.046  0.053
   1.47167      5.456675  0.000  0.006  0.038  0.046
   1.51159      5.421315  0.000  0.006  0.028  0.034
   1.55150      5.359902  0.000  0.006  0.018  0.023
   1.59142      5.273805  0.000  0.002  0.018  0.020
   1.63133      5.225538  0.000  0.008  0.038  0.046
   1.67125      5.267465  0.000  0.009  0.041  0.049
   1.71116      5.272573  0.000  0.000  0.016  0.018
   1.75108      5.310529  0.000  0.002  0.038  0.041
   1.79099      5.299170  0.000  0.014  0.022  0.033
   1.83091      5.305115  0.002  0.026  0.010  0.040
 
# Band-Index:  130
   1.83091      5.310627  0.000  0.000  0.039  0.039
   1.79099      5.311978  0.000  0.014  0.024  0.038
   1.75108      5.326073  0.000  0.020  0.016  0.038
   1.71116      5.318856  0.000  0.007  0.040  0.044
   1.67125      5.300169  0.000  0.005  0.030  0.036
   1.63133      5.309156  0.000  0.004  0.021  0.025
   1.59142      5.344096  0.000  0.002  0.021  0.024
   1.55150      5.396525  0.000  0.000  0.021  0.023
   1.51159      5.486615  0.000  0.000  0.016  0.020
   1.47167      5.599587  0.000  0.000  0.016  0.018
   1.43176      5.688263  0.000  0.004  0.053  0.057
   1.39184      5.599675  0.000  0.002  0.042  0.044
   1.35192      5.589978  0.004  0.008  0.029  0.040
   1.31201      5.589487  0.002  0.006  0.025  0.034
   1.27209      5.657441  0.006  0.012  0.028  0.046
   1.23218      5.641100  0.000  0.008  0.018  0.026
   1.19226      5.697515  0.006  0.000  0.046  0.053
   1.15235      5.663715  0.007  0.010  0.138  0.156
   1.11243      5.626817  0.009  0.010  0.163  0.182
   1.07252      5.621644  0.000  0.012  0.000  0.014
   1.07252      5.621644  0.000  0.012  0.000  0.014
   1.04430      5.624196  0.000  0.012  0.002  0.012
   1.01607      5.637055  0.008  0.010  0.171  0.191
   0.98785      5.654261  0.000  0.006  0.009  0.015
   0.95962      5.662979  0.002  0.011  0.014  0.026
   0.93140      5.674580  0.000  0.014  0.032  0.048
   0.90317      5.661167  0.002  0.006  0.073  0.081
   0.87495      5.692398  0.002  0.008  0.080  0.090
   0.84673      5.716164  0.004  0.004  0.031  0.039
   0.81850      5.717515  0.008  0.002  0.028  0.038
   0.79028      5.748139  0.010  0.004  0.038  0.051
   0.76205      5.758561  0.002  0.008  0.064  0.071
   0.73383      5.738023  0.000  0.004  0.035  0.038
   0.70561      5.712422  0.000  0.003  0.020  0.023
   0.67738      5.749350  0.002  0.000  0.070  0.073
   0.64916      5.721959  0.000  0.004  0.050  0.056
   0.62093      5.696099  0.000  0.004  0.034  0.038
   0.59271      5.685596  0.000  0.006  0.045  0.051
   0.56448      5.684352  0.000  0.009  0.061  0.072
   0.53626      5.685769  0.000  0.012  0.069  0.081
   0.53626      5.685769  0.000  0.012  0.069  0.081
   0.50804      5.665398  0.002  0.018  0.082  0.102
   0.47981      5.641738  0.004  0.018  0.070  0.092
   0.45159      5.595811  0.006  0.017  0.047  0.070
   0.42336      5.603621  0.002  0.012  0.038  0.052
   0.39514      5.617009  0.004  0.012  0.038  0.052
   0.36691      5.544745  0.008  0.010  0.030  0.047
   0.33869      5.468802  0.008  0.010  0.024  0.042
   0.31047      5.405332  0.000  0.000  0.018  0.018
   0.28224      5.364276  0.000  0.000  0.016  0.017
   0.25402      5.322204  0.000  0.000  0.016  0.016
   0.22579      5.283108  0.000  0.000  0.016  0.016
   0.19757      5.254544  0.000  0.000  0.012  0.013
   0.16935      5.249852  0.000  0.000  0.008  0.008
   0.14112      5.268740  0.000  0.004  0.022  0.027
   0.11290      5.302121  0.000  0.006  0.031  0.038
   0.08467      5.295891  0.000  0.000  0.049  0.049
   0.05645      5.301521  0.002  0.024  0.010  0.036
   0.02822      5.308209  0.000  0.000  0.035  0.035
   0.00000      5.310627  0.000  0.000  0.039  0.039
 
# Band-Index:  131
   0.00000      5.373676  0.000  0.000  0.035  0.036
   0.02822      5.369417  0.000  0.002  0.031  0.033
   0.05645      5.353530  0.000  0.006  0.021  0.026
   0.08467      5.337026  0.000  0.016  0.017  0.034
   0.11290      5.315227  0.000  0.000  0.045  0.047
   0.14112      5.315607  0.000  0.010  0.012  0.025
   0.16935      5.278961  0.000  0.002  0.023  0.025
   0.19757      5.310682  0.000  0.002  0.024  0.027
   0.22579      5.352922  0.000  0.004  0.025  0.029
   0.25402      5.403339  0.000  0.004  0.026  0.030
   0.28224      5.460950  0.000  0.004  0.027  0.032
   0.31047      5.525082  0.000  0.006  0.028  0.033
   0.33869      5.595231  0.002  0.006  0.026  0.034
   0.36691      5.626838  0.000  0.004  0.048  0.052
   0.39514      5.644935  0.000  0.004  0.061  0.064
   0.42336      5.672284  0.001  0.005  0.065  0.071
   0.45159      5.713245  0.002  0.005  0.056  0.061
   0.47981      5.735883  0.000  0.000  0.097  0.097
   0.50804      5.742256  0.000  0.004  0.008  0.011
   0.53626      5.707590  0.002  0.005  0.018  0.025
   0.53626      5.707590  0.002  0.005  0.018  0.025
   0.56448      5.710188  0.002  0.005  0.018  0.025
   0.59271      5.717648  0.002  0.005  0.019  0.027
   0.62093      5.728997  0.002  0.004  0.021  0.028
   0.64916      5.742766  0.002  0.004  0.025  0.032
   0.67738      5.757174  0.002  0.004  0.033  0.038
   0.70561      5.764346  0.000  0.000  0.006  0.006
   0.73383      5.755957  0.000  0.006  0.038  0.044
   0.76205      5.780304  0.002  0.006  0.018  0.026
   0.79028      5.763655  0.002  0.012  0.095  0.107
   0.81850      5.749283  0.002  0.012  0.100  0.113
   0.84673      5.723258  0.002  0.010  0.089  0.101
   0.87495      5.740199  0.002  0.008  0.033  0.042
   0.90317      5.715999  0.006  0.004  0.028  0.037
   0.93140      5.702064  0.006  0.002  0.044  0.052
   0.95962      5.695157  0.006  0.011  0.165  0.183
   0.98785      5.663891  0.008  0.010  0.169  0.187
   1.01607      5.668987  0.001  0.000  0.009  0.013
   1.04430      5.660231  0.006  0.011  0.108  0.125
   1.07252      5.640156  0.009  0.009  0.149  0.167
   1.07252      5.640156  0.009  0.009  0.149  0.167
   1.11243      5.675158  0.004  0.011  0.092  0.107
   1.15235      5.674577  0.000  0.000  0.011  0.014
   1.19226      5.708243  0.004  0.006  0.072  0.081
   1.23218      5.739326  0.006  0.006  0.026  0.037
   1.27209      5.746605  0.000  0.000  0.011  0.012
   1.31201      5.618925  0.002  0.006  0.040  0.049
   1.35192      5.658966  0.000  0.002  0.040  0.042
   1.39184      5.692554  0.007  0.011  0.027  0.047
   1.43176      5.711736  0.000  0.004  0.048  0.052
   1.47167      5.637244  0.000  0.006  0.058  0.064
   1.51159      5.565358  0.000  0.006  0.070  0.076
   1.55150      5.496353  0.000  0.006  0.076  0.082
   1.59142      5.431742  0.000  0.004  0.073  0.078
   1.63133      5.371618  0.000  0.002  0.055  0.060
   1.67125      5.318134  0.000  0.000  0.032  0.034
   1.71116      5.322373  0.000  0.007  0.040  0.047
   1.75108      5.330477  0.000  0.000  0.014  0.016
   1.79099      5.365067  0.000  0.000  0.031  0.031
   1.83091      5.373676  0.000  0.000  0.035  0.036
 
# Band-Index:  132
   1.83091      5.373676  0.000  0.000  0.035  0.036
   1.79099      5.377219  0.000  0.002  0.033  0.034
   1.75108      5.388373  0.000  0.004  0.039  0.043
   1.71116      5.347767  0.000  0.001  0.026  0.026
   1.67125      5.390065  0.000  0.016  0.008  0.025
   1.63133      5.446351  0.000  0.012  0.002  0.014
   1.59142      5.524357  0.000  0.007  0.006  0.014
   1.55150      5.610398  0.000  0.006  0.029  0.037
   1.51159      5.689237  0.000  0.008  0.060  0.067
   1.47167      5.767163  0.000  0.010  0.085  0.095
   1.43176      5.719906  0.000  0.002  0.017  0.019
   1.39184      5.779941  0.002  0.010  0.018  0.032
   1.35192      5.694968  0.008  0.016  0.034  0.060
   1.31201      5.751019  0.006  0.010  0.010  0.026
   1.27209      5.746696  0.000  0.004  0.014  0.018
   1.23218      5.778187  0.001  0.003  0.014  0.017
   1.19226      5.712257  0.002  0.003  0.011  0.017
   1.15235      5.712580  0.006  0.006  0.076  0.087
   1.11243      5.676215  0.001  0.000  0.013  0.015
   1.07252      5.680770  0.001  0.000  0.009  0.009
   1.07252      5.680770  0.001  0.000  0.009  0.009
   1.04430      5.677946  0.001  0.000  0.009  0.010
   1.01607      5.692670  0.005  0.012  0.105  0.122
   0.98785      5.729501  0.004  0.013  0.109  0.127
   0.95962      5.740521  0.004  0.006  0.065  0.073
   0.93140      5.727622  0.006  0.012  0.161  0.178
   0.90317      5.758432  0.004  0.012  0.157  0.173
   0.87495      5.742977  0.004  0.004  0.032  0.041
   0.84673      5.770486  0.004  0.004  0.036  0.044
   0.81850      5.793423  0.002  0.004  0.035  0.040
   0.79028      5.805550  0.000  0.002  0.028  0.033
   0.76205      5.783973  0.008  0.004  0.049  0.061
   0.73383      5.790690  0.002  0.000  0.003  0.004
   0.70561      5.769453  0.002  0.006  0.046  0.054
   0.67738      5.758246  0.009  0.002  0.120  0.132
   0.64916      5.766727  0.000  0.002  0.073  0.074
   0.62093      5.760039  0.000  0.002  0.067  0.069
   0.59271      5.756404  0.000  0.002  0.079  0.082
   0.56448      5.750203  0.000  0.000  0.096  0.098
   0.53626      5.745527  0.000  0.000  0.101  0.101
   0.53626      5.745527  0.000  0.000  0.101  0.101
   0.50804      5.743071  0.000  0.000  0.100  0.100
   0.47981      5.762685  0.002  0.006  0.035  0.042
   0.45159      5.724335  0.000  0.000  0.093  0.093
   0.42336      5.680536  0.002  0.011  0.045  0.057
   0.39514      5.647238  0.002  0.014  0.046  0.062
   0.36691      5.662954  0.000  0.000  0.073  0.073
   0.33869      5.606011  0.000  0.006  0.037  0.043
   0.31047      5.575563  0.000  0.008  0.032  0.040
   0.28224      5.539054  0.002  0.010  0.027  0.038
   0.25402      5.498616  0.000  0.000  0.045  0.045
   0.22579      5.451504  0.000  0.000  0.042  0.043
   0.19757      5.408265  0.000  0.000  0.042  0.042
   0.16935      5.370873  0.000  0.000  0.042  0.042
   0.14112      5.339991  0.000  0.000  0.043  0.044
   0.11290      5.337227  0.000  0.018  0.018  0.037
   0.08467      5.355618  0.000  0.004  0.029  0.034
   0.05645      5.380476  0.000  0.000  0.035  0.035
   0.02822      5.375230  0.000  0.000  0.035  0.036
   0.00000      5.373676  0.000  0.000  0.035  0.036
 
# Band-Index:  133
   0.00000      5.473963  0.000  0.000  0.020  0.020
   0.02822      5.466455  0.000  0.003  0.028  0.031
   0.05645      5.422281  0.000  0.003  0.027  0.030
   0.08467      5.391030  0.000  0.000  0.035  0.035
   0.11290      5.380096  0.002  0.006  0.035  0.044
   0.14112      5.389047  0.002  0.010  0.026  0.040
   0.16935      5.408482  0.002  0.012  0.022  0.038
   0.19757      5.434843  0.002  0.014  0.022  0.037
   0.22579      5.466308  0.002  0.012  0.024  0.038
   0.25402      5.501605  0.002  0.010  0.026  0.038
   0.28224      5.546512  0.000  0.000  0.048  0.049
   0.31047      5.591588  0.000  0.000  0.056  0.056
   0.33869      5.630828  0.000  0.000  0.064  0.064
   0.36691      5.667570  0.000  0.010  0.030  0.040
   0.39514      5.688479  0.000  0.000  0.080  0.080
   0.42336      5.708631  0.000  0.000  0.087  0.087
   0.45159      5.731566  0.002  0.011  0.050  0.064
   0.47981      5.768846  0.000  0.011  0.053  0.066
   0.50804      5.790491  0.000  0.012  0.050  0.063
   0.53626      5.790304  0.002  0.012  0.027  0.043
   0.53626      5.790304  0.002  0.012  0.027  0.043
   0.56448      5.793235  0.002  0.012  0.032  0.047
   0.59271      5.809083  0.004  0.010  0.048  0.062
   0.62093      5.827160  0.008  0.002  0.043  0.053
   0.64916      5.814574  0.009  0.002  0.050  0.060
   0.67738      5.787951  0.002  0.000  0.015  0.017
   0.70561      5.799955  0.000  0.002  0.039  0.042
   0.73383      5.792776  0.000  0.002  0.037  0.039
   0.76205      5.800601  0.001  0.007  0.070  0.077
   0.79028      5.808531  0.002  0.008  0.096  0.107
   0.81850      5.810593  0.002  0.011  0.122  0.135
   0.84673      5.802849  0.002  0.012  0.139  0.157
   0.87495      5.784618  0.004  0.012  0.152  0.168
   0.90317      5.768834  0.000  0.009  0.031  0.040
   0.93140      5.794085  0.000  0.009  0.025  0.034
   0.95962      5.768330  0.004  0.012  0.114  0.132
   0.98785      5.786126  0.005  0.004  0.067  0.077
   1.01607      5.823376  0.006  0.002  0.068  0.076
   1.04430      5.846891  0.006  0.000  0.068  0.076
   1.07252      5.854842  0.006  0.000  0.068  0.074
   1.07252      5.854842  0.006  0.000  0.068  0.074
   1.11243      5.840508  0.006  0.002  0.069  0.076
   1.15235      5.798968  0.000  0.008  0.008  0.018
   1.19226      5.730454  0.000  0.008  0.013  0.021
   1.23218      5.782797  0.000  0.004  0.011  0.014
   1.27209      5.823751  0.004  0.006  0.014  0.024
   1.31201      5.771717  0.002  0.002  0.040  0.046
   1.35192      5.856780  0.004  0.012  0.019  0.036
   1.39184      5.815070  0.008  0.012  0.067  0.086
   1.43176      5.795129  0.008  0.013  0.039  0.059
   1.47167      5.782327  0.000  0.006  0.063  0.070
   1.51159      5.724259  0.001  0.009  0.097  0.107
   1.55150      5.642467  0.000  0.004  0.034  0.038
   1.59142      5.565672  0.000  0.004  0.034  0.036
   1.63133      5.473350  0.000  0.000  0.014  0.017
   1.67125      5.397796  0.000  0.000  0.020  0.021
   1.71116      5.351352  0.000  0.019  0.015  0.034
   1.75108      5.392594  0.000  0.004  0.029  0.033
   1.79099      5.456486  0.000  0.003  0.027  0.031
   1.83091      5.473963  0.000  0.000  0.020  0.020
 
# Band-Index:  134
   1.83091      5.481589  0.000  0.003  0.026  0.029
   1.79099      5.462004  0.000  0.003  0.028  0.031
   1.75108      5.396820  0.000  0.004  0.028  0.032
   1.71116      5.431106  0.000  0.004  0.026  0.030
   1.67125      5.495440  0.000  0.004  0.022  0.025
   1.63133      5.558476  0.000  0.000  0.022  0.024
   1.59142      5.573480  0.000  0.000  0.010  0.012
   1.55150      5.659231  0.002  0.006  0.098  0.106
   1.51159      5.743274  0.000  0.005  0.032  0.038
   1.47167      5.786051  0.000  0.010  0.080  0.090
   1.43176      5.835644  0.001  0.015  0.098  0.113
   1.39184      5.843560  0.000  0.002  0.018  0.020
   1.35192      5.870056  0.000  0.002  0.045  0.047
   1.31201      5.908531  0.002  0.008  0.018  0.027
   1.27209      5.870497  0.000  0.000  0.015  0.015
   1.23218      5.887591  0.000  0.008  0.057  0.066
   1.19226      5.853302  0.002  0.017  0.094  0.115
   1.15235      5.821014  0.004  0.010  0.077  0.091
   1.11243      5.841937  0.000  0.010  0.002  0.014
   1.07252      5.856560  0.000  0.011  0.002  0.012
   1.07252      5.856560  0.000  0.011  0.002  0.012
   1.04430      5.853197  0.000  0.011  0.003  0.014
   1.01607      5.843998  0.000  0.011  0.007  0.017
   0.98785      5.830775  0.000  0.010  0.012  0.022
   0.95962      5.814399  0.000  0.009  0.018  0.028
   0.93140      5.806607  0.004  0.012  0.118  0.134
   0.90317      5.840965  0.002  0.012  0.115  0.129
   0.87495      5.866552  0.002  0.010  0.100  0.110
   0.84673      5.877042  0.000  0.006  0.065  0.071
   0.81850      5.870169  0.000  0.002  0.030  0.032
   0.79028      5.843400  0.002  0.006  0.022  0.029
   0.76205      5.804916  0.000  0.001  0.015  0.017
   0.73383      5.804639  0.004  0.002  0.051  0.059
   0.70561      5.820852  0.000  0.002  0.012  0.014
   0.67738      5.802149  0.000  0.012  0.043  0.055
   0.64916      5.833655  0.004  0.005  0.087  0.095
   0.62093      5.855890  0.000  0.008  0.068  0.076
   0.59271      5.836195  0.002  0.002  0.038  0.042
   0.56448      5.830239  0.002  0.000  0.032  0.034
   0.53626      5.828388  0.002  0.000  0.031  0.033
   0.53626      5.828388  0.002  0.000  0.031  0.033
   0.50804      5.862313  0.002  0.004  0.022  0.028
   0.47981      5.889923  0.000  0.000  0.141  0.142
   0.45159      5.880201  0.000  0.000  0.137  0.137
   0.42336      5.850390  0.004  0.004  0.017  0.026
   0.39514      5.760447  0.004  0.004  0.019  0.028
   0.36691      5.706790  0.006  0.010  0.045  0.061
   0.33869      5.759708  0.004  0.016  0.054  0.075
   0.31047      5.727128  0.000  0.000  0.064  0.064
   0.28224      5.673264  0.000  0.000  0.052  0.052
   0.25402      5.617602  0.000  0.000  0.044  0.044
   0.22579      5.563487  0.000  0.000  0.040  0.040
   0.19757      5.513684  0.000  0.000  0.037  0.038
   0.16935      5.470392  0.000  0.000  0.037  0.037
   0.14112      5.435186  0.000  0.000  0.036  0.036
   0.11290      5.408823  0.000  0.000  0.035  0.035
   0.08467      5.393650  0.002  0.004  0.039  0.046
   0.05645      5.430664  0.000  0.003  0.034  0.038
   0.02822      5.469150  0.000  0.001  0.017  0.018
   0.00000      5.481589  0.000  0.003  0.026  0.029
 
# Band-Index:  135
   0.00000      5.481589  0.000  0.003  0.026  0.029
   0.02822      5.469810  0.000  0.003  0.028  0.031
   0.05645      5.469005  0.000  0.002  0.014  0.014
   0.08467      5.477537  0.000  0.002  0.014  0.014
   0.11290      5.495548  0.000  0.000  0.016  0.016
   0.14112      5.523099  0.000  0.000  0.016  0.018
   0.16935      5.559481  0.000  0.000  0.018  0.018
   0.19757      5.603397  0.000  0.000  0.019  0.019
   0.22579      5.653259  0.000  0.000  0.020  0.020
   0.25402      5.707360  0.000  0.000  0.021  0.021
   0.28224      5.763918  0.000  0.000  0.021  0.021
   0.31047      5.813346  0.002  0.016  0.045  0.063
   0.33869      5.775453  0.000  0.000  0.080  0.080
   0.36691      5.815014  0.000  0.000  0.098  0.099
   0.39514      5.844636  0.000  0.000  0.116  0.116
   0.42336      5.865636  0.000  0.000  0.129  0.129
   0.45159      5.937747  0.004  0.006  0.026  0.038
   0.47981      5.891788  0.002  0.000  0.007  0.008
   0.50804      5.873477  0.002  0.003  0.015  0.020
   0.53626      5.890246  0.002  0.008  0.020  0.030
   0.53626      5.890246  0.002  0.008  0.020  0.030
   0.56448      5.891927  0.002  0.008  0.022  0.030
   0.59271      5.896719  0.002  0.006  0.024  0.032
   0.62093      5.896269  0.006  0.002  0.108  0.118
   0.64916      5.895432  0.002  0.011  0.075  0.088
   0.67738      5.878737  0.000  0.002  0.011  0.014
   0.70561      5.839186  0.000  0.006  0.018  0.023
   0.73383      5.843616  0.000  0.002  0.002  0.004
   0.76205      5.855178  0.000  0.008  0.052  0.060
   0.79028      5.857150  0.000  0.002  0.022  0.024
   0.81850      5.900745  0.002  0.006  0.026  0.035
   0.84673      5.942273  0.004  0.004  0.030  0.040
   0.87495      5.963723  0.000  0.006  0.029  0.032
   0.90317      5.941837  0.000  0.006  0.031  0.037
   0.93140      5.918340  0.000  0.008  0.027  0.035
   0.95962      5.896841  0.000  0.010  0.020  0.030
   0.98785      5.879324  0.000  0.010  0.012  0.022
   1.01607      5.866657  0.000  0.010  0.006  0.016
   1.04430      5.859075  0.000  0.011  0.002  0.014
   1.07252      5.856560  0.000  0.011  0.002  0.012
   1.07252      5.856560  0.000  0.011  0.002  0.012
   1.11243      5.867410  0.000  0.012  0.006  0.017
   1.15235      5.884707  0.000  0.012  0.026  0.039
   1.19226      5.899321  0.000  0.016  0.064  0.083
   1.23218      5.920769  0.001  0.017  0.094  0.113
   1.27209      5.885526  0.000  0.002  0.016  0.019
   1.31201      5.951164  0.000  0.003  0.058  0.064
   1.35192      5.958649  0.000  0.008  0.065  0.075
   1.39184      5.897215  0.000  0.015  0.073  0.087
   1.43176      5.866303  0.000  0.007  0.049  0.056
   1.47167      5.843086  0.000  0.007  0.041  0.049
   1.51159      5.774186  0.000  0.004  0.041  0.047
   1.55150      5.684337  0.000  0.002  0.031  0.033
   1.59142      5.605551  0.000  0.004  0.100  0.106
   1.63133      5.563998  0.000  0.003  0.069  0.072
   1.67125      5.522115  0.000  0.002  0.044  0.048
   1.71116      5.481498  0.000  0.002  0.030  0.033
   1.75108      5.462541  0.000  0.002  0.019  0.020
   1.79099      5.464890  0.000  0.002  0.016  0.018
   1.83091      5.481589  0.000  0.003  0.026  0.029
 
# Band-Index:  136
   1.83091      5.485226  0.000  0.003  0.027  0.030
   1.79099      5.491724  0.000  0.002  0.036  0.039
   1.75108      5.522369  0.000  0.001  0.057  0.058
   1.71116      5.562133  0.000  0.002  0.046  0.046
   1.67125      5.607502  0.000  0.002  0.040  0.042
   1.63133      5.574739  0.000  0.001  0.014  0.017
   1.59142      5.636870  0.000  0.000  0.009  0.009
   1.55150      5.704333  0.000  0.000  0.005  0.005
   1.51159      5.814562  0.000  0.000  0.002  0.002
   1.47167      5.854391  0.000  0.004  0.039  0.043
   1.43176      5.915353  0.001  0.012  0.053  0.067
   1.39184      5.926489  0.000  0.018  0.113  0.132
   1.35192      5.965889  0.000  0.017  0.099  0.117
   1.31201      5.972164  0.000  0.013  0.074  0.088
   1.27209      5.887779  0.000  0.002  0.019  0.021
   1.23218      5.924504  0.000  0.004  0.014  0.020
   1.19226      6.032353  0.006  0.002  0.034  0.042
   1.15235      6.005089  0.006  0.000  0.050  0.058
   1.11243      5.993333  0.006  0.000  0.064  0.071
   1.07252      5.992096  0.006  0.000  0.066  0.074
   1.07252      5.992096  0.006  0.000  0.066  0.074
   1.04430      5.992210  0.006  0.000  0.066  0.073
   1.01607      5.991813  0.006  0.000  0.062  0.070
   0.98785      5.989575  0.006  0.000  0.060  0.066
   0.95962      5.985144  0.006  0.002  0.055  0.062
   0.93140      5.979556  0.006  0.002  0.048  0.056
   0.90317      5.973484  0.006  0.002  0.042  0.050
   0.87495      5.963901  0.006  0.004  0.036  0.046
   0.84673      5.979311  0.000  0.002  0.025  0.030
   0.81850      5.941964  0.004  0.002  0.004  0.012
   0.79028      5.896626  0.002  0.002  0.000  0.006
   0.76205      5.859140  0.000  0.002  0.002  0.004
   0.73383      5.867498  0.000  0.013  0.078  0.091
   0.70561      5.882482  0.008  0.011  0.047  0.067
   0.67738      5.904748  0.000  0.010  0.059  0.072
   0.64916      5.908829  0.000  0.006  0.038  0.048
   0.62093      5.903501  0.000  0.006  0.028  0.036
   0.59271      5.924876  0.004  0.004  0.155  0.163
   0.56448      5.906859  0.000  0.000  0.145  0.149
   0.53626      5.897445  0.000  0.000  0.145  0.145
   0.53626      5.897445  0.000  0.000  0.145  0.145
   0.50804      5.895580  0.000  0.000  0.144  0.145
   0.47981      5.934739  0.000  0.006  0.020  0.026
   0.45159      5.953067  0.000  0.004  0.014  0.020
   0.42336      5.925872  0.002  0.006  0.022  0.030
   0.39514      5.907650  0.002  0.004  0.023  0.028
   0.36691      5.894910  0.000  0.004  0.024  0.030
   0.33869      5.876532  0.000  0.000  0.028  0.028
   0.31047      5.821027  0.000  0.000  0.023  0.023
   0.28224      5.820247  0.000  0.008  0.026  0.034
   0.25402      5.798978  0.000  0.010  0.024  0.034
   0.22579      5.763833  0.000  0.003  0.022  0.026
   0.19757      5.685035  0.000  0.004  0.025  0.030
   0.16935      5.632049  0.000  0.004  0.026  0.030
   0.14112      5.621132  0.000  0.000  0.088  0.090
   0.11290      5.575177  0.000  0.000  0.073  0.074
   0.08467      5.536891  0.000  0.001  0.057  0.059
   0.05645      5.507623  0.000  0.002  0.042  0.044
   0.02822      5.488910  0.000  0.002  0.030  0.032
   0.00000      5.485226  0.000  0.003  0.027  0.030
 
# Band-Index:  137
   0.00000      5.485226  0.000  0.003  0.027  0.030
   0.02822      5.496808  0.000  0.001  0.034  0.035
   0.05645      5.520028  0.000  0.001  0.042  0.044
   0.08467      5.550684  0.000  0.000  0.054  0.055
   0.11290      5.588265  0.000  0.000  0.068  0.068
   0.14112      5.632404  0.000  0.000  0.082  0.082
   0.16935      5.673560  0.000  0.001  0.103  0.103
   0.19757      5.731197  0.000  0.002  0.117  0.119
   0.22579      5.774765  0.000  0.012  0.024  0.036
   0.25402      5.852678  0.000  0.002  0.017  0.021
   0.28224      5.904546  0.000  0.006  0.111  0.118
   0.31047      5.875656  0.000  0.008  0.055  0.062
   0.33869      5.882519  0.000  0.004  0.031  0.036
   0.36691      5.916109  0.008  0.014  0.070  0.092
   0.39514      5.949879  0.008  0.010  0.062  0.082
   0.42336      6.002440  0.000  0.000  0.085  0.086
   0.45159      6.000166  0.000  0.000  0.008  0.009
   0.47981      6.031065  0.000  0.002  0.124  0.126
   0.50804      6.036258  0.000  0.002  0.130  0.132
   0.53626      6.038032  0.000  0.002  0.132  0.134
   0.53626      6.038032  0.000  0.002  0.132  0.134
   0.56448      6.026673  0.005  0.001  0.046  0.053
   0.59271      5.976863  0.002  0.004  0.032  0.036
   0.62093      5.953434  0.004  0.008  0.063  0.074
   0.64916      5.930432  0.000  0.002  0.041  0.043
   0.67738      5.911042  0.009  0.007  0.037  0.054
   0.70561      5.887262  0.000  0.014  0.081  0.094
   0.73383      5.910363  0.006  0.015  0.065  0.087
   0.76205      5.932048  0.005  0.003  0.009  0.018
   0.79028      5.967421  0.003  0.003  0.017  0.024
   0.81850      5.987387  0.000  0.005  0.035  0.040
   0.84673      5.991864  0.004  0.004  0.014  0.020
   0.87495      6.044321  0.004  0.004  0.023  0.032
   0.90317      6.096232  0.004  0.004  0.030  0.039
   0.93140      6.144215  0.004  0.004  0.034  0.043
   0.95962      6.185390  0.004  0.006  0.036  0.045
   0.98785      6.216870  0.006  0.004  0.036  0.047
   1.01607      6.236516  0.006  0.004  0.040  0.047
   1.04430      6.245916  0.006  0.002  0.042  0.049
   1.07252      6.248537  0.006  0.002  0.042  0.050
   1.07252      6.248537  0.006  0.002  0.042  0.050
   1.11243      6.243758  0.006  0.002  0.040  0.048
   1.15235      6.223493  0.006  0.004  0.026  0.036
   1.19226      6.081151  0.000  0.004  0.011  0.016
   1.23218      5.931593  0.001  0.015  0.058  0.074
   1.27209      5.948459  0.000  0.018  0.100  0.118
   1.31201      5.976138  0.000  0.007  0.043  0.050
   1.35192      5.967789  0.000  0.003  0.020  0.024
   1.39184      5.937026  0.000  0.002  0.005  0.008
   1.43176      5.929016  0.000  0.002  0.044  0.047
   1.47167      5.901088  0.004  0.010  0.040  0.055
   1.51159      5.854889  0.002  0.006  0.022  0.028
   1.55150      5.782948  0.000  0.006  0.019  0.026
   1.59142      5.729781  0.000  0.007  0.022  0.029
   1.63133      5.667587  0.000  0.004  0.030  0.032
   1.67125      5.639475  0.002  0.002  0.088  0.092
   1.71116      5.574728  0.001  0.001  0.076  0.080
   1.75108      5.526999  0.000  0.000  0.043  0.045
   1.79099      5.499989  0.000  0.001  0.035  0.036
   1.83091      5.485226  0.000  0.003  0.027  0.030
 
# Band-Index:  138
   1.83091      5.653523  0.000  0.010  0.028  0.038
   1.79099      5.659955  0.000  0.010  0.030  0.042
   1.75108      5.680062  0.000  0.010  0.038  0.050
   1.71116      5.715184  0.000  0.010  0.050  0.060
   1.67125      5.674809  0.000  0.000  0.010  0.010
   1.63133      5.695646  0.002  0.004  0.077  0.083
   1.59142      5.735430  0.000  0.004  0.054  0.059
   1.55150      5.825202  0.000  0.006  0.058  0.064
   1.51159      5.878759  0.000  0.006  0.101  0.105
   1.47167      5.919483  0.000  0.004  0.063  0.068
   1.43176      5.932985  0.008  0.016  0.047  0.069
   1.39184      5.975541  0.000  0.002  0.028  0.030
   1.35192      6.040368  0.004  0.014  0.063  0.082
   1.31201      6.008162  0.000  0.004  0.002  0.006
   1.27209      5.973434  0.001  0.024  0.114  0.140
   1.23218      6.027098  0.002  0.011  0.036  0.051
   1.19226      6.098727  0.000  0.008  0.016  0.022
   1.15235      6.261494  0.000  0.008  0.018  0.026
   1.11243      6.381709  0.000  0.013  0.027  0.040
   1.07252      6.397517  0.004  0.000  0.017  0.022
   1.07252      6.397517  0.004  0.000  0.017  0.022
   1.04430      6.394048  0.002  0.000  0.030  0.033
   1.01607      6.346978  0.000  0.012  0.030  0.043
   0.98785      6.283507  0.000  0.010  0.028  0.041
   0.95962      6.220370  0.000  0.009  0.028  0.038
   0.93140      6.160022  0.000  0.008  0.027  0.035
   0.90317      6.104700  0.000  0.007  0.027  0.035
   0.87495      6.057586  0.000  0.008  0.033  0.042
   0.84673      6.023467  0.000  0.008  0.049  0.058
   0.81850      6.000838  0.005  0.005  0.043  0.055
   0.79028      5.970730  0.007  0.009  0.051  0.066
   0.76205      5.947010  0.009  0.013  0.063  0.085
   0.73383      5.916153  0.009  0.006  0.012  0.029
   0.70561      5.920390  0.010  0.010  0.017  0.036
   0.67738      5.920234  0.005  0.011  0.014  0.030
   0.64916      5.941746  0.000  0.000  0.006  0.009
   0.62093      5.960485  0.002  0.002  0.065  0.070
   0.59271      6.000313  0.002  0.002  0.093  0.098
   0.56448      6.028796  0.002  0.003  0.106  0.111
   0.53626      6.045144  0.008  0.000  0.022  0.030
   0.53626      6.045144  0.008  0.000  0.022  0.030
   0.50804      6.073317  0.000  0.004  0.019  0.023
   0.47981      6.037214  0.004  0.002  0.016  0.025
   0.45159      6.021116  0.000  0.002  0.110  0.111
   0.42336      6.003698  0.006  0.008  0.054  0.072
   0.39514      5.971049  0.000  0.000  0.056  0.058
   0.36691      5.927748  0.000  0.000  0.038  0.038
   0.33869      5.911901  0.006  0.016  0.076  0.099
   0.31047      5.933796  0.006  0.018  0.078  0.102
   0.28224      5.913257  0.002  0.013  0.082  0.097
   0.25402      5.853475  0.000  0.005  0.135  0.140
   0.22579      5.792362  0.000  0.003  0.130  0.133
   0.19757      5.737829  0.000  0.002  0.110  0.113
   0.16935      5.682560  0.000  0.001  0.097  0.097
   0.14112      5.649169  0.000  0.002  0.018  0.021
   0.11290      5.695640  0.000  0.010  0.040  0.052
   0.08467      5.678193  0.000  0.010  0.036  0.048
   0.05645      5.665118  0.000  0.010  0.032  0.043
   0.02822      5.656609  0.000  0.010  0.028  0.040
   0.00000      5.653523  0.000  0.010  0.028  0.038
 
# Band-Index:  139
   0.00000      5.784899  0.002  0.012  0.004  0.018
   0.02822      5.783289  0.002  0.012  0.004  0.018
   0.05645      5.778681  0.002  0.012  0.006  0.018
   0.08467      5.771907  0.002  0.012  0.008  0.020
   0.11290      5.759054  0.000  0.001  0.008  0.010
   0.14112      5.715296  0.000  0.012  0.036  0.048
   0.16935      5.733294  0.000  0.014  0.028  0.042
   0.19757      5.752423  0.000  0.014  0.026  0.038
   0.22579      5.796616  0.000  0.003  0.125  0.129
   0.25402      5.856530  0.000  0.005  0.138  0.145
   0.28224      5.915633  0.000  0.007  0.151  0.157
   0.31047      5.941950  0.000  0.005  0.067  0.074
   0.33869      5.977346  0.000  0.004  0.045  0.050
   0.36691      5.998124  0.000  0.000  0.026  0.026
   0.39514      6.021265  0.000  0.000  0.013  0.013
   0.42336      6.044080  0.000  0.000  0.006  0.006
   0.45159      6.061360  0.000  0.000  0.007  0.009
   0.47981      6.070557  0.000  0.002  0.013  0.016
   0.50804      6.077857  0.006  0.002  0.023  0.031
   0.53626      6.073405  0.000  0.005  0.020  0.025
   0.53626      6.073405  0.000  0.005  0.020  0.025
   0.56448      6.072843  0.000  0.004  0.020  0.024
   0.59271      6.049426  0.000  0.002  0.008  0.010
   0.62093      6.002522  0.000  0.000  0.002  0.002
   0.64916      5.941920  0.008  0.010  0.053  0.071
   0.67738      5.938024  0.002  0.003  0.080  0.085
   0.70561      5.965041  0.001  0.002  0.057  0.060
   0.73383      5.986790  0.000  0.002  0.029  0.032
   0.76205      5.991317  0.000  0.003  0.037  0.041
   0.79028      5.992010  0.000  0.010  0.057  0.067
   0.81850      6.005000  0.000  0.009  0.059  0.068
   0.84673      6.046284  0.002  0.002  0.033  0.038
   0.87495      6.103486  0.000  0.001  0.021  0.025
   0.90317      6.163541  0.000  0.012  0.038  0.051
   0.93140      6.207442  0.000  0.012  0.033  0.047
   0.95962      6.260650  0.000  0.013  0.031  0.045
   0.98785      6.319959  0.000  0.014  0.031  0.045
   1.01607      6.374561  0.002  0.000  0.042  0.046
   1.04430      6.404299  0.000  0.000  0.058  0.060
   1.07252      6.405784  0.000  0.000  0.073  0.073
   1.07252      6.405784  0.000  0.000  0.073  0.073
   1.11243      6.392375  0.000  0.010  0.026  0.036
   1.15235      6.261671  0.000  0.004  0.030  0.036
   1.19226      6.176560  0.000  0.006  0.030  0.039
   1.23218      6.088424  0.002  0.000  0.036  0.039
   1.27209      6.108466  0.002  0.015  0.061  0.080
   1.31201      6.040038  0.002  0.027  0.108  0.138
   1.35192      6.047914  0.000  0.000  0.017  0.018
   1.39184      6.073957  0.000  0.005  0.007  0.012
   1.43176      5.966851  0.000  0.006  0.026  0.031
   1.47167      5.934270  0.000  0.000  0.006  0.006
   1.51159      5.903578  0.000  0.000  0.012  0.012
   1.55150      5.842999  0.000  0.000  0.012  0.013
   1.59142      5.797752  0.000  0.002  0.006  0.009
   1.63133      5.754433  0.001  0.005  0.027  0.032
   1.67125      5.742832  0.002  0.014  0.014  0.032
   1.71116      5.761983  0.002  0.010  0.014  0.025
   1.75108      5.772772  0.002  0.012  0.006  0.018
   1.79099      5.781693  0.002  0.012  0.004  0.018
   1.83091      5.784899  0.002  0.012  0.004  0.018
 
# Band-Index:  140
   1.83091      6.065046  0.000  0.003  0.026  0.030
   1.79099      6.042744  0.000  0.003  0.027  0.031
   1.75108      5.972410  0.000  0.000  0.005  0.006
   1.71116      5.835482  0.000  0.000  0.005  0.005
   1.67125      5.782312  0.000  0.000  0.070  0.072
   1.63133      5.756883  0.000  0.010  0.013  0.025
   1.59142      5.813838  0.002  0.008  0.060  0.069
   1.55150      5.908764  0.000  0.000  0.085  0.086
   1.51159      5.911644  0.000  0.008  0.054  0.062
   1.47167      5.965444  0.000  0.010  0.035  0.047
   1.43176      6.008807  0.000  0.004  0.062  0.064
   1.39184      6.084373  0.000  0.004  0.078  0.081
   1.35192      6.061382  0.002  0.010  0.038  0.052
   1.31201      6.088571  0.000  0.002  0.028  0.030
   1.27209      6.112156  0.004  0.007  0.040  0.053
   1.23218      6.191730  0.004  0.012  0.034  0.052
   1.19226      6.226720  0.006  0.006  0.036  0.047
   1.15235      6.301070  0.000  0.011  0.027  0.039
   1.11243      6.393483  0.004  0.002  0.016  0.022
   1.07252      6.438410  0.000  0.000  0.141  0.141
   1.07252      6.438410  0.000  0.000  0.141  0.141
   1.04430      6.406481  0.000  0.014  0.027  0.042
   1.01607      6.382241  0.000  0.016  0.026  0.044
   0.98785      6.341320  0.002  0.003  0.026  0.030
   0.95962      6.297658  0.002  0.002  0.037  0.042
   0.93140      6.241357  0.000  0.000  0.007  0.007
   0.90317      6.169561  0.000  0.000  0.013  0.013
   0.87495      6.127023  0.002  0.002  0.027  0.033
   0.84673      6.067514  0.002  0.002  0.023  0.029
   0.81850      6.013874  0.002  0.002  0.018  0.022
   0.79028      5.996803  0.000  0.006  0.051  0.057
   0.76205      5.997083  0.000  0.015  0.079  0.094
   0.73383      5.996802  0.000  0.000  0.038  0.038
   0.70561      5.983984  0.000  0.004  0.030  0.034
   0.67738      5.991506  0.000  0.008  0.044  0.053
   0.64916      6.020046  0.000  0.010  0.056  0.065
   0.62093      6.061665  0.000  0.007  0.040  0.048
   0.59271      6.086875  0.008  0.002  0.026  0.036
   0.56448      6.080218  0.000  0.004  0.017  0.021
   0.53626      6.079998  0.000  0.005  0.024  0.029
   0.53626      6.079998  0.000  0.005  0.024  0.029
   0.50804      6.083586  0.000  0.004  0.022  0.028
   0.47981      6.090071  0.000  0.002  0.020  0.023
   0.45159      6.068099  0.007  0.006  0.047  0.060
   0.42336      6.080963  0.000  0.002  0.051  0.052
   0.39514      6.060213  0.000  0.006  0.034  0.040
   0.36691      6.017765  0.000  0.005  0.035  0.040
   0.33869      5.979439  0.000  0.001  0.043  0.044
   0.31047      5.962038  0.000  0.005  0.109  0.115
   0.28224      5.926062  0.000  0.005  0.011  0.017
   0.25402      5.871598  0.000  0.002  0.004  0.007
   0.22579      5.832482  0.000  0.002  0.006  0.009
   0.19757      5.805934  0.000  0.002  0.010  0.012
   0.16935      5.786501  0.000  0.004  0.018  0.023
   0.14112      5.769236  0.000  0.006  0.026  0.034
   0.11290      5.765874  0.002  0.010  0.014  0.025
   0.08467      5.890682  0.000  0.000  0.005  0.006
   0.05645      5.997979  0.000  0.002  0.016  0.018
   0.02822      6.047641  0.000  0.003  0.026  0.030
   0.00000      6.065046  0.000  0.003  0.026  0.030
 
# Band-Index:  141
   0.00000      6.065046  0.000  0.003  0.026  0.030
   0.02822      6.061300  0.000  0.003  0.024  0.028
   0.05645      6.000835  0.000  0.002  0.018  0.020
   0.08467      5.933404  0.000  0.002  0.034  0.036
   0.11290      5.872379  0.000  0.002  0.040  0.042
   0.14112      5.840183  0.000  0.002  0.049  0.051
   0.16935      5.847325  0.000  0.000  0.075  0.076
   0.19757      5.892712  0.000  0.002  0.097  0.099
   0.22579      5.950683  0.000  0.000  0.013  0.013
   0.25402      5.952852  0.000  0.000  0.016  0.016
   0.28224      5.941824  0.000  0.004  0.003  0.009
   0.31047      5.978860  0.000  0.006  0.066  0.070
   0.33869      6.020740  0.000  0.010  0.115  0.125
   0.36691      6.060505  0.000  0.003  0.101  0.105
   0.39514      6.070472  0.000  0.003  0.081  0.083
   0.42336      6.100059  0.000  0.008  0.042  0.051
   0.45159      6.089804  0.000  0.000  0.025  0.029
   0.47981      6.117592  0.000  0.002  0.059  0.061
   0.50804      6.116094  0.002  0.004  0.022  0.028
   0.53626      6.117234  0.000  0.002  0.057  0.059
   0.53626      6.117234  0.000  0.002  0.057  0.059
   0.56448      6.100064  0.004  0.002  0.037  0.047
   0.59271      6.088098  0.000  0.000  0.001  0.002
   0.62093      6.081522  0.000  0.022  0.115  0.137
   0.64916      6.051004  0.000  0.022  0.114  0.136
   0.67738      6.028534  0.000  0.021  0.111  0.133
   0.70561      6.013092  0.000  0.020  0.105  0.125
   0.73383      6.003249  0.000  0.018  0.097  0.115
   0.76205      6.035735  0.000  0.000  0.028  0.028
   0.79028      6.080499  0.000  0.000  0.023  0.024
   0.81850      6.129283  0.000  0.000  0.018  0.020
   0.84673      6.124365  0.000  0.017  0.063  0.079
   0.87495      6.133752  0.000  0.013  0.048  0.065
   0.90317      6.187744  0.002  0.002  0.031  0.036
   0.93140      6.245583  0.002  0.002  0.034  0.038
   0.95962      6.298910  0.002  0.002  0.010  0.014
   0.98785      6.341571  0.002  0.002  0.032  0.036
   1.01607      6.387693  0.000  0.007  0.024  0.032
   1.04430      6.427796  0.000  0.008  0.056  0.065
   1.07252      6.446697  0.000  0.010  0.024  0.036
   1.07252      6.446697  0.000  0.010  0.024  0.036
   1.11243      6.397841  0.000  0.000  0.070  0.070
   1.15235      6.373484  0.000  0.000  0.062  0.062
   1.19226      6.319393  0.000  0.010  0.032  0.046
   1.23218      6.248741  0.002  0.004  0.049  0.056
   1.27209      6.193104  0.000  0.000  0.037  0.037
   1.31201      6.134639  0.000  0.001  0.008  0.009
   1.35192      6.103265  0.000  0.002  0.000  0.006
   1.39184      6.093180  0.000  0.002  0.008  0.011
   1.43176      6.042181  0.000  0.000  0.003  0.005
   1.47167      5.994269  0.002  0.008  0.042  0.052
   1.51159      5.945031  0.000  0.008  0.063  0.071
   1.55150      5.912316  0.002  0.008  0.049  0.058
   1.59142      5.849200  0.000  0.004  0.022  0.028
   1.63133      5.820694  0.000  0.000  0.073  0.074
   1.67125      5.811138  0.000  0.000  0.006  0.010
   1.71116      5.901885  0.000  0.002  0.042  0.044
   1.75108      5.982136  0.000  0.002  0.031  0.034
   1.79099      6.045380  0.000  0.003  0.024  0.028
   1.83091      6.065046  0.000  0.003  0.026  0.030
 
# Band-Index:  142
   1.83091      6.079090  0.000  0.010  0.034  0.044
   1.79099      6.062132  0.000  0.000  0.004  0.005
   1.75108      5.993081  0.000  0.002  0.024  0.027
   1.71116      5.912192  0.000  0.000  0.004  0.005
   1.67125      5.837486  0.000  0.000  0.057  0.060
   1.63133      5.826566  0.000  0.002  0.026  0.028
   1.59142      5.850782  0.000  0.000  0.082  0.082
   1.55150      5.939600  0.000  0.004  0.019  0.024
   1.51159      5.980867  0.000  0.000  0.126  0.126
   1.47167      6.010007  0.000  0.002  0.020  0.024
   1.43176      6.108831  0.002  0.010  0.043  0.056
   1.39184      6.103925  0.008  0.032  0.094  0.135
   1.35192      6.161316  0.000  0.002  0.008  0.010
   1.31201      6.147859  0.002  0.012  0.056  0.072
   1.27209      6.236016  0.000  0.004  0.000  0.004
   1.23218      6.272129  0.000  0.000  0.041  0.041
   1.19226      6.331847  0.000  0.000  0.050  0.050
   1.15235      6.396145  0.004  0.002  0.020  0.026
   1.11243      6.416296  0.000  0.016  0.024  0.044
   1.07252      6.446697  0.000  0.010  0.024  0.036
   1.07252      6.446697  0.000  0.010  0.024  0.036
   1.04430      6.437009  0.000  0.002  0.104  0.105
   1.01607      6.409086  0.002  0.000  0.040  0.043
   0.98785      6.417094  0.002  0.000  0.045  0.048
   0.95962      6.334765  0.000  0.000  0.016  0.016
   0.93140      6.281174  0.002  0.002  0.020  0.022
   0.90317      6.258899  0.002  0.000  0.016  0.020
   0.87495      6.234052  0.002  0.002  0.013  0.017
   0.84673      6.179209  0.002  0.002  0.013  0.016
   0.81850      6.137701  0.000  0.016  0.067  0.082
   0.79028      6.145161  0.000  0.004  0.033  0.037
   0.76205      6.104955  0.002  0.002  0.030  0.035
   0.73383      6.093898  0.004  0.002  0.033  0.039
   0.70561      6.103366  0.002  0.003  0.042  0.048
   0.67738      6.101544  0.004  0.002  0.046  0.052
   0.64916      6.093109  0.002  0.000  0.050  0.052
   0.62093      6.083990  0.006  0.000  0.034  0.042
   0.59271      6.119673  0.000  0.020  0.101  0.122
   0.56448      6.153961  0.000  0.017  0.082  0.102
   0.53626      6.157696  0.000  0.004  0.037  0.041
   0.53626      6.157696  0.000  0.004  0.037  0.041
   0.50804      6.117346  0.000  0.002  0.057  0.059
   0.47981      6.123198  0.004  0.006  0.046  0.056
   0.45159      6.117392  0.000  0.003  0.066  0.069
   0.42336      6.111794  0.002  0.002  0.012  0.016
   0.39514      6.096075  0.000  0.013  0.123  0.136
   0.36691      6.062392  0.000  0.012  0.119  0.131
   0.33869      6.044452  0.000  0.004  0.108  0.112
   0.31047      5.990793  0.000  0.002  0.002  0.004
   0.28224      5.966376  0.000  0.000  0.029  0.030
   0.25402      5.967653  0.000  0.000  0.025  0.025
   0.22579      5.955629  0.002  0.004  0.123  0.129
   0.19757      5.959259  0.000  0.002  0.014  0.014
   0.16935      5.974572  0.000  0.002  0.014  0.016
   0.14112      5.993849  0.000  0.002  0.017  0.019
   0.11290      6.014589  0.000  0.002  0.019  0.022
   0.08467      6.034303  0.000  0.002  0.021  0.024
   0.05645      6.050572  0.000  0.003  0.023  0.027
   0.02822      6.069058  0.000  0.001  0.005  0.006
   0.00000      6.079090  0.000  0.010  0.034  0.044
 
# Band-Index:  143
   0.00000      6.093023  0.000  0.000  0.005  0.006
   0.02822      6.077854  0.000  0.010  0.038  0.048
   0.05645      6.071834  0.000  0.009  0.060  0.070
   0.08467      6.056068  0.000  0.006  0.098  0.104
   0.11290      6.036522  0.000  0.006  0.126  0.132
   0.14112      6.027032  0.000  0.006  0.142  0.146
   0.16935      6.008563  0.000  0.000  0.007  0.007
   0.19757      5.989964  0.000  0.000  0.013  0.013
   0.22579      5.975843  0.000  0.000  0.019  0.019
   0.25402      5.974560  0.002  0.015  0.137  0.156
   0.28224      5.972834  0.000  0.000  0.046  0.046
   0.31047      6.011062  0.000  0.004  0.093  0.095
   0.33869      6.065066  0.000  0.002  0.004  0.006
   0.36691      6.127164  0.000  0.002  0.037  0.038
   0.39514      6.129117  0.000  0.004  0.043  0.047
   0.42336      6.113894  0.000  0.006  0.093  0.100
   0.45159      6.132358  0.000  0.012  0.057  0.069
   0.47981      6.135630  0.004  0.003  0.020  0.028
   0.50804      6.161508  0.005  0.009  0.032  0.044
   0.53626      6.167836  0.000  0.019  0.086  0.105
   0.53626      6.167836  0.000  0.019  0.086  0.105
   0.56448      6.157710  0.000  0.004  0.047  0.051
   0.59271      6.133602  0.000  0.026  0.121  0.147
   0.62093      6.138404  0.006  0.005  0.063  0.073
   0.64916      6.115918  0.007  0.004  0.054  0.065
   0.67738      6.106041  0.000  0.002  0.053  0.055
   0.70561      6.112377  0.001  0.002  0.044  0.046
   0.73383      6.139559  0.000  0.004  0.040  0.044
   0.76205      6.160399  0.000  0.004  0.032  0.036
   0.79028      6.167891  0.000  0.011  0.060  0.073
   0.81850      6.179064  0.002  0.002  0.022  0.028
   0.84673      6.208868  0.000  0.002  0.023  0.025
   0.87495      6.245493  0.002  0.001  0.018  0.020
   0.90317      6.296177  0.000  0.006  0.027  0.034
   0.93140      6.350527  0.000  0.006  0.019  0.027
   0.95962      6.409490  0.000  0.006  0.013  0.019
   0.98785      6.419030  0.000  0.000  0.035  0.035
   1.01607      6.428105  0.000  0.000  0.126  0.126
   1.04430      6.440848  0.002  0.020  0.019  0.041
   1.07252      6.466345  0.002  0.024  0.011  0.036
   1.07252      6.466345  0.002  0.024  0.011  0.036
   1.11243      6.432406  0.000  0.000  0.130  0.130
   1.15235      6.412044  0.000  0.000  0.124  0.124
   1.19226      6.379051  0.000  0.000  0.112  0.112
   1.23218      6.335013  0.000  0.000  0.094  0.094
   1.27209      6.242084  0.004  0.006  0.051  0.060
   1.31201      6.225838  0.000  0.000  0.048  0.048
   1.35192      6.163546  0.000  0.002  0.064  0.064
   1.39184      6.151006  0.002  0.005  0.011  0.018
   1.43176      6.121246  0.000  0.000  0.128  0.128
   1.47167      6.055501  0.000  0.000  0.115  0.116
   1.51159      6.033963  0.001  0.009  0.043  0.054
   1.55150      5.963447  0.000  0.007  0.149  0.156
   1.59142      5.974019  0.002  0.008  0.115  0.125
   1.63133      5.876912  0.002  0.006  0.098  0.104
   1.67125      5.870834  0.000  0.002  0.032  0.035
   1.71116      5.926779  0.000  0.002  0.026  0.028
   1.75108      6.006221  0.000  0.000  0.004  0.005
   1.79099      6.070271  0.000  0.001  0.006  0.007
   1.83091      6.093023  0.000  0.000  0.005  0.006
 
# Band-Index:  144
   1.83091      6.093023  0.000  0.000  0.005  0.006
   1.79099      6.076431  0.000  0.010  0.042  0.052
   1.75108      6.061625  0.000  0.008  0.082  0.090
   1.71116      6.029803  0.000  0.004  0.110  0.114
   1.67125      6.011886  0.000  0.004  0.121  0.123
   1.63133      6.015139  0.000  0.004  0.149  0.153
   1.59142      6.003418  0.000  0.005  0.171  0.176
   1.55150      5.995052  0.000  0.009  0.112  0.120
   1.51159      6.043384  0.002  0.008  0.037  0.047
   1.47167      6.093818  0.000  0.000  0.105  0.105
   1.43176      6.129366  0.000  0.001  0.122  0.124
   1.39184      6.162601  0.000  0.000  0.158  0.158
   1.35192      6.201065  0.004  0.022  0.052  0.076
   1.31201      6.250813  0.006  0.011  0.058  0.074
   1.27209      6.283012  0.000  0.000  0.075  0.075
   1.23218      6.350882  0.000  0.004  0.001  0.004
   1.19226      6.392757  0.004  0.004  0.021  0.027
   1.15235      6.424709  0.000  0.009  0.018  0.028
   1.11243      6.503563  0.000  0.014  0.008  0.023
   1.07252      6.471269  0.002  0.024  0.012  0.038
   1.07252      6.471269  0.002  0.024  0.012  0.038
   1.04430      6.484895  0.000  0.018  0.008  0.026
   1.01607      6.485214  0.000  0.015  0.003  0.018
   0.98785      6.421276  0.000  0.000  0.085  0.085
   0.95962      6.417464  0.001  0.000  0.090  0.092
   0.93140      6.371268  0.002  0.000  0.024  0.026
   0.90317      6.300348  0.002  0.002  0.018  0.020
   0.87495      6.251855  0.000  0.008  0.036  0.044
   0.84673      6.220669  0.000  0.010  0.049  0.061
   0.81850      6.193813  0.000  0.004  0.032  0.038
   0.79028      6.169021  0.002  0.004  0.024  0.030
   0.76205      6.205441  0.000  0.018  0.085  0.103
   0.73383      6.211498  0.000  0.024  0.105  0.128
   0.70561      6.197501  0.006  0.000  0.036  0.042
   0.67738      6.187633  0.006  0.004  0.020  0.030
   0.64916      6.170784  0.000  0.020  0.085  0.106
   0.62093      6.142033  0.000  0.021  0.092  0.113
   0.59271      6.153565  0.002  0.005  0.061  0.069
   0.56448      6.159016  0.000  0.021  0.097  0.119
   0.53626      6.171824  0.000  0.020  0.091  0.112
   0.53626      6.171824  0.000  0.020  0.091  0.112
   0.50804      6.163039  0.005  0.005  0.037  0.047
   0.47981      6.142762  0.009  0.006  0.024  0.040
   0.45159      6.150365  0.000  0.020  0.104  0.124
   0.42336      6.136925  0.000  0.015  0.079  0.093
   0.39514      6.176105  0.000  0.005  0.018  0.024
   0.36691      6.140803  0.001  0.002  0.012  0.014
   0.33869      6.103622  0.002  0.002  0.014  0.018
   0.31047      6.033288  0.002  0.002  0.017  0.021
   0.28224      5.973646  0.006  0.016  0.108  0.129
   0.25402      6.004977  0.004  0.015  0.110  0.129
   0.22579      6.027066  0.002  0.013  0.125  0.140
   0.19757      6.033347  0.000  0.008  0.141  0.152
   0.16935      6.029154  0.000  0.008  0.148  0.156
   0.14112      6.029403  0.000  0.000  0.002  0.002
   0.11290      6.049840  0.000  0.000  0.000  0.000
   0.08467      6.067647  0.000  0.000  0.001  0.001
   0.05645      6.081377  0.000  0.000  0.003  0.003
   0.02822      6.090053  0.000  0.000  0.003  0.004
   0.00000      6.093023  0.000  0.000  0.005  0.006
 
# Band-Index:  145
   0.00000      6.159559  0.000  0.008  0.090  0.098
   0.02822      6.150775  0.000  0.008  0.086  0.096
   0.05645      6.130097  0.000  0.008  0.072  0.081
   0.08467      6.112605  0.000  0.010  0.044  0.054
   0.11290      6.093969  0.000  0.006  0.076  0.083
   0.14112      6.071164  0.000  0.004  0.072  0.076
   0.16935      6.052011  0.000  0.004  0.064  0.069
   0.19757      6.038079  0.000  0.002  0.055  0.058
   0.22579      6.031177  0.000  0.002  0.046  0.049
   0.25402      6.034193  0.000  0.000  0.037  0.040
   0.28224      6.051212  0.000  0.000  0.032  0.032
   0.31047      6.084349  0.000  0.000  0.030  0.030
   0.33869      6.118352  0.000  0.000  0.024  0.025
   0.36691      6.151175  0.003  0.004  0.021  0.027
   0.39514      6.185826  0.000  0.016  0.128  0.144
   0.42336      6.197739  0.000  0.017  0.109  0.125
   0.45159      6.179885  0.008  0.004  0.021  0.033
   0.47981      6.153620  0.000  0.015  0.076  0.092
   0.50804      6.164515  0.000  0.019  0.085  0.104
   0.53626      6.176658  0.006  0.006  0.037  0.048
   0.53626      6.176658  0.006  0.006  0.037  0.048
   0.56448      6.184783  0.000  0.011  0.034  0.043
   0.59271      6.196412  0.000  0.008  0.031  0.039
   0.62093      6.204247  0.000  0.002  0.002  0.004
   0.64916      6.196586  0.002  0.004  0.006  0.012
   0.67738      6.196418  0.000  0.022  0.090  0.112
   0.70561      6.210300  0.000  0.024  0.100  0.123
   0.73383      6.227242  0.004  0.000  0.041  0.045
   0.76205      6.206261  0.000  0.012  0.065  0.077
   0.79028      6.200859  0.000  0.018  0.090  0.108
   0.81850      6.204168  0.000  0.014  0.069  0.085
   0.84673      6.228544  0.000  0.002  0.026  0.028
   0.87495      6.261462  0.000  0.000  0.017  0.021
   0.90317      6.325105  0.000  0.004  0.011  0.014
   0.93140      6.393494  0.000  0.004  0.002  0.006
   0.95962      6.420395  0.003  0.000  0.039  0.043
   0.98785      6.459830  0.000  0.008  0.006  0.014
   1.01607      6.512344  0.000  0.000  0.012  0.012
   1.04430      6.534534  0.000  0.000  0.158  0.158
   1.07252      6.539084  0.000  0.000  0.161  0.161
   1.07252      6.539084  0.000  0.000  0.161  0.161
   1.11243      6.529901  0.000  0.000  0.156  0.156
   1.15235      6.503273  0.000  0.000  0.136  0.136
   1.19226      6.453023  0.000  0.000  0.045  0.045
   1.23218      6.389857  0.004  0.006  0.021  0.030
   1.27209      6.343625  0.002  0.010  0.046  0.060
   1.31201      6.262226  0.002  0.012  0.060  0.074
   1.35192      6.227769  0.000  0.004  0.168  0.170
   1.39184      6.195532  0.000  0.006  0.010  0.017
   1.43176      6.150182  0.008  0.018  0.049  0.072
   1.47167      6.149371  0.012  0.035  0.100  0.147
   1.51159      6.076708  0.000  0.000  0.079  0.079
   1.55150      6.078319  0.000  0.000  0.029  0.029
   1.59142      6.054629  0.000  0.010  0.113  0.125
   1.63133      6.033630  0.000  0.006  0.125  0.131
   1.67125      6.033910  0.000  0.006  0.128  0.135
   1.71116      6.068048  0.000  0.006  0.114  0.120
   1.75108      6.110690  0.000  0.008  0.100  0.110
   1.79099      6.145451  0.000  0.010  0.078  0.088
   1.83091      6.159559  0.000  0.008  0.090  0.098
 
# Band-Index:  146
   1.83091      6.159559  0.000  0.008  0.090  0.098
   1.79099      6.145977  0.000  0.008  0.092  0.101
   1.75108      6.118026  0.000  0.008  0.042  0.050
   1.71116      6.106350  0.000  0.008  0.024  0.034
   1.67125      6.110803  0.000  0.004  0.032  0.038
   1.63133      6.116771  0.000  0.012  0.119  0.130
   1.59142      6.092805  0.002  0.012  0.115  0.127
   1.55150      6.088209  0.002  0.014  0.114  0.130
   1.51159      6.113971  0.002  0.007  0.012  0.023
   1.47167      6.163928  0.002  0.006  0.009  0.013
   1.43176      6.202270  0.003  0.015  0.030  0.047
   1.39184      6.198515  0.000  0.002  0.132  0.135
   1.35192      6.262558  0.000  0.002  0.144  0.147
   1.31201      6.314486  0.000  0.005  0.141  0.146
   1.27209      6.377465  0.000  0.002  0.171  0.174
   1.23218      6.429031  0.000  0.011  0.032  0.044
   1.19226      6.493153  0.000  0.006  0.154  0.163
   1.15235      6.568480  0.000  0.014  0.006  0.020
   1.11243      6.568367  0.000  0.008  0.005  0.014
   1.07252      6.632047  0.000  0.002  0.066  0.070
   1.07252      6.632047  0.000  0.002  0.066  0.070
   1.04430      6.609057  0.000  0.000  0.016  0.016
   1.01607      6.521940  0.000  0.000  0.148  0.148
   0.98785      6.500552  0.000  0.000  0.101  0.101
   0.95962      6.452014  0.000  0.004  0.025  0.028
   0.93140      6.422380  0.002  0.000  0.092  0.093
   0.90317      6.427838  0.002  0.002  0.049  0.052
   0.87495      6.414309  0.000  0.004  0.002  0.005
   0.84673      6.380688  0.000  0.004  0.013  0.018
   0.81850      6.354360  0.000  0.000  0.026  0.030
   0.79028      6.310793  0.002  0.000  0.040  0.042
   0.76205      6.266428  0.002  0.000  0.042  0.044
   0.73383      6.239289  0.000  0.004  0.034  0.037
   0.70561      6.251121  0.000  0.004  0.026  0.030
   0.67738      6.242932  0.000  0.006  0.028  0.035
   0.64916      6.227072  0.000  0.006  0.030  0.038
   0.62093      6.210461  0.000  0.008  0.029  0.038
   0.59271      6.203663  0.002  0.002  0.016  0.018
   0.56448      6.191776  0.004  0.002  0.032  0.042
   0.53626      6.176957  0.000  0.008  0.020  0.030
   0.53626      6.176957  0.000  0.008  0.020  0.030
   0.50804      6.169078  0.000  0.021  0.094  0.115
   0.47981      6.161512  0.000  0.021  0.101  0.122
   0.45159      6.191079  0.001  0.004  0.022  0.029
   0.42336      6.236709  0.006  0.003  0.031  0.042
   0.39514      6.202528  0.005  0.003  0.021  0.030
   0.36691      6.158390  0.000  0.013  0.137  0.149
   0.33869      6.125938  0.000  0.010  0.133  0.141
   0.31047      6.108269  0.000  0.005  0.128  0.135
   0.28224      6.107437  0.000  0.004  0.129  0.133
   0.25402      6.041941  0.000  0.002  0.033  0.036
   0.22579      6.053291  0.000  0.014  0.055  0.070
   0.19757      6.099793  0.002  0.002  0.053  0.057
   0.16935      6.099944  0.002  0.004  0.036  0.042
   0.14112      6.101820  0.002  0.006  0.028  0.036
   0.11290      6.105050  0.000  0.008  0.028  0.038
   0.08467      6.117935  0.000  0.006  0.081  0.090
   0.05645      6.139350  0.000  0.008  0.086  0.094
   0.02822      6.154229  0.000  0.008  0.088  0.097
   0.00000      6.159559  0.000  0.008  0.090  0.098
 
# Band-Index:  147
   0.00000      6.308157  0.000  0.014  0.120  0.134
   0.02822      6.300498  0.000  0.014  0.120  0.134
   0.05645      6.280458  0.000  0.012  0.120  0.132
   0.08467      6.253795  0.000  0.012  0.120  0.133
   0.11290      6.224393  0.000  0.012  0.119  0.132
   0.14112      6.192269  0.000  0.014  0.114  0.128
   0.16935      6.154410  0.000  0.014  0.105  0.119
   0.19757      6.107736  0.000  0.014  0.087  0.104
   0.22579      6.102461  0.002  0.000  0.071  0.073
   0.25402      6.107475  0.002  0.002  0.072  0.076
   0.28224      6.107788  0.002  0.002  0.070  0.076
   0.31047      6.133133  0.002  0.002  0.057  0.061
   0.33869      6.160938  0.000  0.004  0.041  0.045
   0.36691      6.191949  0.000  0.003  0.021  0.026
   0.39514      6.207583  0.003  0.003  0.027  0.033
   0.42336      6.237220  0.005  0.004  0.023  0.032
   0.45159      6.198980  0.000  0.013  0.078  0.092
   0.47981      6.201596  0.000  0.008  0.041  0.049
   0.50804      6.207762  0.000  0.004  0.020  0.024
   0.53626      6.210814  0.000  0.002  0.014  0.017
   0.53626      6.210814  0.000  0.002  0.014  0.017
   0.56448      6.205284  0.000  0.002  0.008  0.012
   0.59271      6.214698  0.000  0.004  0.008  0.014
   0.62093      6.249513  0.000  0.006  0.010  0.015
   0.64916      6.298937  0.000  0.006  0.010  0.019
   0.67738      6.335426  0.006  0.002  0.086  0.095
   0.70561      6.358178  0.000  0.002  0.053  0.057
   0.73383      6.350737  0.002  0.002  0.074  0.080
   0.76205      6.356720  0.002  0.002  0.099  0.103
   0.79028      6.378323  0.001  0.002  0.011  0.014
   0.81850      6.377051  0.004  0.002  0.026  0.031
   0.84673      6.401225  0.000  0.010  0.008  0.020
   0.87495      6.419366  0.000  0.012  0.006  0.018
   0.90317      6.442895  0.000  0.012  0.004  0.018
   0.93140      6.470164  0.000  0.014  0.002  0.016
   0.95962      6.496347  0.000  0.000  0.049  0.049
   0.98785      6.532063  0.000  0.000  0.091  0.093
   1.01607      6.583522  0.000  0.002  0.063  0.064
   1.04430      6.619984  0.000  0.002  0.064  0.068
   1.07252      6.632047  0.000  0.002  0.066  0.070
   1.07252      6.632047  0.000  0.002  0.066  0.070
   1.11243      6.625398  0.000  0.000  0.145  0.146
   1.15235      6.589123  0.000  0.007  0.083  0.090
   1.19226      6.523876  0.000  0.012  0.020  0.033
   1.23218      6.430906  0.000  0.003  0.186  0.190
   1.27209      6.387534  0.002  0.008  0.022  0.030
   1.31201      6.322053  0.000  0.003  0.157  0.159
   1.35192      6.263433  0.008  0.020  0.079  0.106
   1.39184      6.278965  0.006  0.025  0.095  0.126
   1.43176      6.253897  0.002  0.016  0.074  0.093
   1.47167      6.183223  0.000  0.004  0.009  0.015
   1.51159      6.170528  0.010  0.022  0.037  0.070
   1.55150      6.151882  0.006  0.017  0.051  0.074
   1.59142      6.130740  0.000  0.004  0.005  0.010
   1.63133      6.127201  0.002  0.004  0.044  0.048
   1.67125      6.175985  0.000  0.012  0.122  0.134
   1.71116      6.215848  0.000  0.010  0.119  0.129
   1.75108      6.250353  0.000  0.010  0.123  0.133
   1.79099      6.289625  0.000  0.012  0.120  0.132
   1.83091      6.308157  0.000  0.014  0.120  0.134
 
# Band-Index:  148
   1.83091      6.308157  0.000  0.014  0.120  0.134
   1.79099      6.298348  0.000  0.014  0.120  0.134
   1.75108      6.270520  0.000  0.014  0.122  0.136
   1.71116      6.228409  0.000  0.012  0.122  0.134
   1.67125      6.200671  0.000  0.008  0.113  0.122
   1.63133      6.204719  0.000  0.010  0.102  0.112
   1.59142      6.153962  0.002  0.002  0.068  0.071
   1.55150      6.175029  0.004  0.015  0.061  0.078
   1.51159      6.203131  0.004  0.020  0.133  0.156
   1.47167      6.293238  0.006  0.024  0.122  0.154
   1.43176      6.346639  0.006  0.014  0.057  0.075
   1.39184      6.387408  0.002  0.005  0.022  0.030
   1.35192      6.392680  0.002  0.004  0.012  0.020
   1.31201      6.387428  0.002  0.006  0.017  0.027
   1.27209      6.401248  0.000  0.006  0.128  0.134
   1.23218      6.478101  0.000  0.005  0.128  0.131
   1.19226      6.542452  0.000  0.002  0.131  0.135
   1.15235      6.592527  0.000  0.002  0.135  0.138
   1.11243      6.632151  0.000  0.004  0.070  0.074
   1.07252      6.636919  0.000  0.000  0.144  0.144
   1.07252      6.636919  0.000  0.000  0.144  0.144
   1.04430      6.631581  0.000  0.000  0.143  0.143
   1.01607      6.610153  0.000  0.008  0.004  0.013
   0.98785      6.545566  0.000  0.012  0.005  0.016
   0.95962      6.501722  0.000  0.014  0.002  0.018
   0.93140      6.473540  0.001  0.000  0.014  0.017
   0.90317      6.470371  0.000  0.002  0.099  0.101
   0.87495      6.455802  0.002  0.002  0.148  0.150
   0.84673      6.417074  0.004  0.000  0.060  0.064
   0.81850      6.390484  0.000  0.010  0.010  0.020
   0.79028      6.380031  0.002  0.002  0.107  0.111
   0.76205      6.377156  0.000  0.012  0.060  0.072
   0.73383      6.374811  0.000  0.014  0.073  0.090
   0.70561      6.365483  0.002  0.002  0.069  0.074
   0.67738      6.355260  0.000  0.010  0.014  0.026
   0.64916      6.312247  0.010  0.004  0.099  0.112
   0.62093      6.304797  0.012  0.006  0.101  0.117
   0.59271      6.294280  0.020  0.006  0.034  0.060
   0.56448      6.286831  0.026  0.008  0.038  0.070
   0.53626      6.285840  0.028  0.008  0.040  0.074
   0.53626      6.285840  0.028  0.008  0.040  0.074
   0.50804      6.309561  0.020  0.006  0.039  0.064
   0.47981      6.329215  0.001  0.008  0.020  0.029
   0.45159      6.288681  0.005  0.008  0.017  0.030
   0.42336      6.251765  0.001  0.004  0.015  0.022
   0.39514      6.298832  0.000  0.006  0.073  0.079
   0.36691      6.226449  0.000  0.008  0.088  0.095
   0.33869      6.172004  0.000  0.007  0.101  0.107
   0.31047      6.157205  0.000  0.004  0.088  0.092
   0.28224      6.116542  0.002  0.002  0.066  0.069
   0.25402      6.115688  0.000  0.004  0.130  0.135
   0.22579      6.129803  0.000  0.006  0.132  0.136
   0.19757      6.148682  0.000  0.005  0.131  0.137
   0.16935      6.171693  0.000  0.006  0.131  0.137
   0.14112      6.198111  0.000  0.008  0.129  0.137
   0.11290      6.226798  0.000  0.009  0.126  0.136
   0.08467      6.255835  0.000  0.010  0.124  0.135
   0.05645      6.282097  0.000  0.012  0.121  0.134
   0.02822      6.301104  0.000  0.014  0.120  0.134
   0.00000      6.308157  0.000  0.014  0.120  0.134
 
# Band-Index:  149
   0.00000      6.494546  0.004  0.004  0.038  0.046
   0.02822      6.454416  0.000  0.006  0.049  0.057
   0.05645      6.395668  0.000  0.006  0.055  0.061
   0.08467      6.344644  0.000  0.006  0.062  0.068
   0.11290      6.301385  0.000  0.005  0.069  0.075
   0.14112      6.264986  0.000  0.004  0.073  0.079
   0.16935      6.234585  0.000  0.004  0.077  0.081
   0.19757      6.209522  0.000  0.004  0.078  0.080
   0.22579      6.189295  0.000  0.002  0.078  0.081
   0.25402      6.173547  0.000  0.003  0.078  0.082
   0.28224      6.162274  0.000  0.004  0.080  0.083
   0.31047      6.173003  0.002  0.004  0.080  0.086
   0.33869      6.231080  0.004  0.006  0.084  0.092
   0.36691      6.282667  0.004  0.006  0.080  0.089
   0.39514      6.322705  0.002  0.005  0.054  0.061
   0.42336      6.311493  0.001  0.004  0.036  0.040
   0.45159      6.327838  0.006  0.006  0.052  0.062
   0.47981      6.335380  0.012  0.006  0.046  0.064
   0.50804      6.320699  0.002  0.008  0.040  0.049
   0.53626      6.308971  0.002  0.006  0.045  0.055
   0.53626      6.308971  0.002  0.006  0.045  0.055
   0.56448      6.309201  0.004  0.007  0.059  0.071
   0.59271      6.307505  0.008  0.008  0.083  0.099
   0.62093      6.313750  0.012  0.004  0.036  0.052
   0.64916      6.340083  0.006  0.002  0.036  0.044
   0.67738      6.359084  0.000  0.002  0.038  0.041
   0.70561      6.396278  0.000  0.020  0.075  0.094
   0.73383      6.388285  0.000  0.002  0.039  0.042
   0.76205      6.390612  0.000  0.002  0.006  0.009
   0.79028      6.388835  0.000  0.006  0.012  0.018
   0.81850      6.409818  0.000  0.004  0.123  0.127
   0.84673      6.436584  0.000  0.002  0.127  0.131
   0.87495      6.457429  0.002  0.002  0.144  0.147
   0.90317      6.485710  0.001  0.004  0.166  0.171
   0.93140      6.488524  0.000  0.000  0.208  0.212
   0.95962      6.509011  0.000  0.004  0.170  0.176
   0.98785      6.582558  0.000  0.006  0.059  0.065
   1.01607      6.616055  0.000  0.000  0.144  0.144
   1.04430      6.665152  0.000  0.007  0.058  0.064
   1.07252      6.684313  0.000  0.002  0.023  0.025
   1.07252      6.684313  0.000  0.002  0.023  0.025
   1.11243      6.664148  0.000  0.000  0.036  0.038
   1.15235      6.626911  0.000  0.012  0.011  0.023
   1.19226      6.615475  0.000  0.007  0.012  0.020
   1.23218      6.625760  0.000  0.007  0.019  0.026
   1.27209      6.598927  0.002  0.012  0.024  0.038
   1.31201      6.552069  0.002  0.012  0.046  0.060
   1.35192      6.490359  0.002  0.008  0.062  0.073
   1.39184      6.425813  0.002  0.008  0.064  0.074
   1.43176      6.361136  0.001  0.004  0.070  0.074
   1.47167      6.303052  0.000  0.002  0.105  0.107
   1.51159      6.256750  0.000  0.006  0.149  0.155
   1.55150      6.199449  0.000  0.003  0.143  0.146
   1.59142      6.208203  0.002  0.012  0.084  0.098
   1.63133      6.218288  0.000  0.007  0.025  0.033
   1.67125      6.307363  0.000  0.008  0.039  0.047
   1.71116      6.334764  0.000  0.008  0.054  0.062
   1.75108      6.364317  0.000  0.008  0.057  0.064
   1.79099      6.429639  0.000  0.006  0.053  0.059
   1.83091      6.494546  0.004  0.004  0.038  0.046
 
# Band-Index:  150
   1.83091      6.503092  0.000  0.010  0.057  0.067
   1.79099      6.489219  0.000  0.010  0.055  0.066
   1.75108      6.449056  0.000  0.009  0.053  0.063
   1.71116      6.386570  0.000  0.008  0.047  0.055
   1.67125      6.338744  0.000  0.010  0.045  0.053
   1.63133      6.368337  0.000  0.010  0.032  0.043
   1.59142      6.413864  0.000  0.012  0.020  0.031
   1.55150      6.462689  0.004  0.004  0.054  0.062
   1.51159      6.505644  0.000  0.008  0.048  0.057
   1.47167      6.517517  0.000  0.014  0.004  0.018
   1.43176      6.552520  0.000  0.012  0.026  0.038
   1.39184      6.592113  0.000  0.007  0.006  0.016
   1.35192      6.631925  0.002  0.006  0.026  0.033
   1.31201      6.654060  0.000  0.004  0.019  0.027
   1.27209      6.686677  0.000  0.002  0.017  0.020
   1.23218      6.701893  0.000  0.008  0.006  0.016
   1.19226      6.679821  0.000  0.000  0.055  0.057
   1.15235      6.660814  0.000  0.000  0.049  0.049
   1.11243      6.664342  0.000  0.010  0.042  0.051
   1.07252      6.684313  0.000  0.002  0.023  0.025
   1.07252      6.684313  0.000  0.002  0.023  0.025
   1.04430      6.672209  0.000  0.006  0.008  0.015
   1.01607      6.666947  0.000  0.006  0.058  0.064
   0.98785      6.592645  0.000  0.002  0.142  0.145
   0.95962      6.562536  0.000  0.003  0.140  0.143
   0.93140      6.526082  0.000  0.004  0.143  0.148
   0.90317      6.492285  0.002  0.000  0.113  0.117
   0.87495      6.488641  0.000  0.000  0.082  0.084
   0.84673      6.465595  0.000  0.008  0.033  0.041
   0.81850      6.426604  0.000  0.008  0.040  0.049
   0.79028      6.396622  0.000  0.010  0.049  0.059
   0.76205      6.397151  0.000  0.006  0.012  0.018
   0.73383      6.415128  0.000  0.004  0.012  0.016
   0.70561      6.424311  0.000  0.002  0.008  0.012
   0.67738      6.454860  0.000  0.008  0.057  0.067
   0.64916      6.480856  0.014  0.004  0.058  0.075
   0.62093      6.507726  0.012  0.004  0.046  0.062
   0.59271      6.498468  0.000  0.000  0.006  0.008
   0.56448      6.459236  0.000  0.000  0.002  0.002
   0.53626      6.440623  0.000  0.000  0.002  0.002
   0.53626      6.440623  0.000  0.000  0.002  0.002
   0.50804      6.445710  0.022  0.010  0.037  0.070
   0.47981      6.422833  0.022  0.008  0.054  0.081
   0.45159      6.456243  0.002  0.002  0.041  0.047
   0.42336      6.378994  0.000  0.006  0.059  0.066
   0.39514      6.326786  0.001  0.001  0.011  0.014
   0.36691      6.417871  0.002  0.000  0.061  0.066
   0.33869      6.407358  0.000  0.004  0.088  0.093
   0.31047      6.372100  0.000  0.004  0.066  0.072
   0.28224      6.337938  0.000  0.005  0.042  0.048
   0.25402      6.311323  0.000  0.008  0.020  0.028
   0.22579      6.299765  0.000  0.009  0.006  0.016
   0.19757      6.307498  0.000  0.012  0.008  0.021
   0.16935      6.330998  0.000  0.012  0.020  0.033
   0.14112      6.363838  0.000  0.012  0.033  0.045
   0.11290      6.401107  0.000  0.010  0.043  0.055
   0.08467      6.438660  0.000  0.011  0.050  0.062
   0.05645      6.471707  0.000  0.012  0.054  0.065
   0.02822      6.494754  0.000  0.010  0.056  0.066
   0.00000      6.503092  0.000  0.010  0.057  0.067
 
# Band-Index:  151
   0.00000      6.503092  0.000  0.010  0.057  0.067
   0.02822      6.496279  0.004  0.004  0.037  0.046
   0.05645      6.499553  0.004  0.006  0.036  0.047
   0.08467      6.500934  0.004  0.006  0.035  0.046
   0.11290      6.498294  0.006  0.006  0.033  0.044
   0.14112      6.492202  0.006  0.004  0.032  0.044
   0.16935      6.486181  0.006  0.006  0.034  0.046
   0.19757      6.485175  0.006  0.004  0.040  0.050
   0.22579      6.492735  0.006  0.004  0.048  0.058
   0.25402      6.509663  0.006  0.004  0.057  0.066
   0.28224      6.534612  0.004  0.004  0.066  0.076
   0.31047      6.564202  0.004  0.004  0.076  0.086
   0.33869      6.569273  0.000  0.006  0.065  0.071
   0.36691      6.490972  0.000  0.003  0.040  0.046
   0.39514      6.434964  0.005  0.002  0.045  0.053
   0.42336      6.428399  0.004  0.002  0.053  0.059
   0.45159      6.462119  0.000  0.004  0.048  0.054
   0.47981      6.461304  0.000  0.002  0.034  0.038
   0.50804      6.450352  0.000  0.000  0.014  0.015
   0.53626      6.480105  0.026  0.008  0.040  0.073
   0.53626      6.480105  0.026  0.008  0.040  0.073
   0.56448      6.492941  0.024  0.008  0.032  0.064
   0.59271      6.531517  0.018  0.007  0.025  0.051
   0.62093      6.524175  0.000  0.004  0.022  0.026
   0.64916      6.504000  0.000  0.007  0.045  0.053
   0.67738      6.465536  0.017  0.004  0.066  0.086
   0.70561      6.441502  0.000  0.002  0.015  0.018
   0.73383      6.479322  0.000  0.009  0.009  0.018
   0.76205      6.484554  0.004  0.000  0.139  0.145
   0.79028      6.483282  0.004  0.000  0.150  0.156
   0.81850      6.481531  0.002  0.000  0.152  0.157
   0.84673      6.477087  0.002  0.000  0.153  0.155
   0.87495      6.511864  0.003  0.000  0.073  0.077
   0.90317      6.539578  0.002  0.000  0.052  0.053
   0.93140      6.596679  0.002  0.000  0.054  0.056
   0.95962      6.650048  0.002  0.000  0.060  0.062
   0.98785      6.693198  0.000  0.000  0.063  0.064
   1.01607      6.723996  0.000  0.000  0.060  0.061
   1.04430      6.741921  0.000  0.003  0.077  0.080
   1.07252      6.734496  0.000  0.000  0.005  0.006
   1.07252      6.734496  0.000  0.000  0.005  0.006
   1.11243      6.722481  0.000  0.002  0.074  0.076
   1.15235      6.675186  0.000  0.000  0.066  0.066
   1.19226      6.692752  0.000  0.000  0.070  0.070
   1.23218      6.714080  0.000  0.002  0.059  0.061
   1.27209      6.700488  0.000  0.010  0.017  0.026
   1.31201      6.669847  0.000  0.003  0.011  0.014
   1.35192      6.642673  0.000  0.008  0.004  0.012
   1.39184      6.614168  0.000  0.010  0.036  0.048
   1.43176      6.596043  0.002  0.010  0.020  0.030
   1.47167      6.588147  0.000  0.008  0.026  0.036
   1.51159      6.517464  0.000  0.010  0.008  0.018
   1.55150      6.463269  0.000  0.011  0.007  0.021
   1.59142      6.447662  0.006  0.004  0.036  0.048
   1.63133      6.465538  0.006  0.004  0.028  0.040
   1.67125      6.486840  0.006  0.006  0.030  0.042
   1.71116      6.498700  0.006  0.006  0.032  0.044
   1.75108      6.501160  0.004  0.006  0.036  0.046
   1.79099      6.497592  0.004  0.004  0.038  0.046
   1.83091      6.503092  0.000  0.010  0.057  0.067
 
# Band-Index:  152
   1.83091      6.555863  0.000  0.000  0.017  0.017
   1.79099      6.645361  0.000  0.006  0.024  0.029
   1.75108      6.760541  0.000  0.006  0.022  0.028
   1.71116      6.873272  0.000  0.008  0.021  0.029
   1.67125      6.878616  0.000  0.008  0.002  0.012
   1.63133      6.813580  0.000  0.010  0.004  0.014
   1.59142      6.757131  0.000  0.010  0.006  0.018
   1.55150      6.702118  0.002  0.014  0.008  0.026
   1.51159      6.648172  0.006  0.014  0.024  0.046
   1.47167      6.658396  0.006  0.008  0.062  0.076
   1.43176      6.735853  0.004  0.008  0.056  0.070
   1.39184      6.755815  0.003  0.013  0.038  0.056
   1.35192      6.777233  0.002  0.012  0.034  0.051
   1.31201      6.820503  0.000  0.002  0.063  0.066
   1.27209      6.761339  0.000  0.002  0.061  0.065
   1.23218      6.728416  0.000  0.002  0.072  0.074
   1.19226      6.713317  0.002  0.006  0.010  0.020
   1.15235      6.728884  0.000  0.002  0.024  0.027
   1.11243      6.752050  0.000  0.000  0.028  0.029
   1.07252      6.775248  0.000  0.000  0.095  0.095
   1.07252      6.775248  0.000  0.000  0.095  0.095
   1.04430      6.747678  0.000  0.000  0.042  0.044
   1.01607      6.730998  0.000  0.012  0.049  0.062
   0.98785      6.775373  0.000  0.010  0.020  0.032
   0.95962      6.701418  0.000  0.010  0.018  0.028
   0.93140      6.631883  0.000  0.009  0.020  0.030
   0.90317      6.568833  0.000  0.007  0.024  0.032
   0.87495      6.513173  0.000  0.007  0.028  0.036
   0.84673      6.532573  0.004  0.002  0.061  0.068
   0.81850      6.548419  0.006  0.002  0.057  0.065
   0.79028      6.550342  0.008  0.002  0.054  0.066
   0.76205      6.532272  0.010  0.002  0.055  0.068
   0.73383      6.498892  0.005  0.001  0.102  0.108
   0.70561      6.475776  0.016  0.002  0.063  0.080
   0.67738      6.474266  0.000  0.002  0.020  0.023
   0.64916      6.511401  0.000  0.003  0.026  0.030
   0.62093      6.548370  0.000  0.004  0.030  0.034
   0.59271      6.533186  0.008  0.005  0.034  0.047
   0.56448      6.550069  0.006  0.006  0.024  0.036
   0.53626      6.549190  0.000  0.006  0.018  0.024
   0.53626      6.549190  0.000  0.006  0.018  0.024
   0.50804      6.568711  0.002  0.006  0.020  0.024
   0.47981      6.540509  0.000  0.004  0.041  0.048
   0.45159      6.472160  0.014  0.006  0.053  0.073
   0.42336      6.512488  0.008  0.004  0.068  0.080
   0.39514      6.502073  0.004  0.004  0.091  0.097
   0.36691      6.507686  0.002  0.002  0.048  0.053
   0.33869      6.596944  0.000  0.000  0.004  0.004
   0.31047      6.632507  0.000  0.004  0.019  0.026
   0.28224      6.688641  0.000  0.008  0.016  0.024
   0.25402      6.748009  0.000  0.008  0.010  0.018
   0.22579      6.804546  0.000  0.006  0.006  0.014
   0.19757      6.853833  0.000  0.008  0.004  0.012
   0.16935      6.896537  0.000  0.008  0.002  0.011
   0.14112      6.937398  0.001  0.009  0.001  0.012
   0.11290      6.891907  0.000  0.008  0.022  0.030
   0.08467      6.793815  0.000  0.006  0.023  0.029
   0.05645      6.699878  0.000  0.006  0.024  0.029
   0.02822      6.613877  0.000  0.002  0.024  0.029
   0.00000      6.555863  0.000  0.000  0.017  0.017
 
# Band-Index:  153
   0.00000      6.849640  0.000  0.000  0.042  0.042
   0.02822      6.861478  0.000  0.000  0.042  0.044
   0.05645      6.894147  0.000  0.002  0.042  0.044
   0.08467      6.940810  0.000  0.004  0.042  0.046
   0.11290      6.963620  0.008  0.010  0.024  0.041
   0.14112      6.943631  0.009  0.012  0.019  0.041
   0.16935      6.920583  0.010  0.014  0.018  0.040
   0.19757      6.899654  0.010  0.014  0.018  0.044
   0.22579      6.885951  0.010  0.016  0.022  0.048
   0.25402      6.881697  0.008  0.016  0.028  0.052
   0.28224      6.863535  0.000  0.008  0.030  0.040
   0.31047      6.734833  0.000  0.002  0.010  0.012
   0.33869      6.603694  0.004  0.003  0.037  0.044
   0.36691      6.624552  0.002  0.004  0.036  0.042
   0.39514      6.637214  0.002  0.006  0.012  0.019
   0.42336      6.645952  0.002  0.004  0.014  0.021
   0.45159      6.620775  0.001  0.004  0.018  0.025
   0.47981      6.593830  0.001  0.002  0.016  0.021
   0.50804      6.580224  0.004  0.007  0.007  0.018
   0.53626      6.555689  0.006  0.006  0.020  0.030
   0.53626      6.555689  0.006  0.006  0.020  0.030
   0.56448      6.552936  0.000  0.006  0.018  0.024
   0.59271      6.561606  0.000  0.006  0.019  0.026
   0.62093      6.586970  0.010  0.006  0.024  0.040
   0.64916      6.609913  0.000  0.010  0.016  0.026
   0.67738      6.573555  0.002  0.002  0.051  0.054
   0.70561      6.531733  0.004  0.002  0.069  0.073
   0.73383      6.503221  0.012  0.002  0.058  0.073
   0.76205      6.539074  0.000  0.012  0.010  0.022
   0.79028      6.598198  0.000  0.016  0.010  0.026
   0.81850      6.656070  0.000  0.018  0.010  0.028
   0.84673      6.712016  0.000  0.022  0.010  0.030
   0.87495      6.764797  0.000  0.022  0.008  0.030
   0.90317      6.807169  0.002  0.000  0.074  0.078
   0.93140      6.833159  0.002  0.002  0.077  0.082
   0.95962      6.839674  0.000  0.002  0.075  0.079
   0.98785      6.801466  0.000  0.018  0.029  0.049
   1.01607      6.797425  0.000  0.002  0.048  0.052
   1.04430      6.768542  0.000  0.000  0.038  0.038
   1.07252      6.812829  0.000  0.004  0.002  0.007
   1.07252      6.812829  0.000  0.004  0.002  0.007
   1.11243      6.801585  0.000  0.006  0.027  0.033
   1.15235      6.773443  0.000  0.016  0.043  0.058
   1.19226      6.790380  0.000  0.018  0.019  0.038
   1.23218      6.761085  0.000  0.016  0.008  0.024
   1.27209      6.776430  0.000  0.002  0.074  0.076
   1.31201      6.821918  0.004  0.010  0.016  0.027
   1.35192      6.808316  0.002  0.009  0.021  0.031
   1.39184      6.873263  0.002  0.010  0.020  0.032
   1.43176      6.795345  0.002  0.012  0.018  0.032
   1.47167      6.765771  0.000  0.016  0.004  0.020
   1.51159      6.798351  0.002  0.010  0.010  0.022
   1.55150      6.809936  0.008  0.014  0.010  0.034
   1.59142      6.847320  0.010  0.018  0.010  0.038
   1.63133      6.896559  0.010  0.018  0.010  0.040
   1.67125      6.937027  0.010  0.018  0.014  0.040
   1.71116      6.946575  0.000  0.008  0.004  0.012
   1.75108      6.928962  0.000  0.004  0.040  0.042
   1.79099      6.872626  0.000  0.002  0.042  0.044
   1.83091      6.849640  0.000  0.000  0.042  0.042
 
# Band-Index:  154
   1.83091      6.990219  0.008  0.006  0.030  0.042
   1.79099      6.988364  0.008  0.006  0.030  0.044
   1.75108      6.981332  0.008  0.008  0.027  0.041
   1.71116      6.966060  0.009  0.010  0.022  0.042
   1.67125      6.979767  0.000  0.006  0.025  0.032
   1.63133      7.069198  0.000  0.010  0.029  0.040
   1.59142      7.066229  0.006  0.034  0.029  0.070
   1.55150      7.025260  0.006  0.029  0.023  0.058
   1.51159      6.982470  0.008  0.025  0.022  0.056
   1.47167      6.958541  0.002  0.011  0.008  0.021
   1.43176      6.863885  0.000  0.010  0.012  0.025
   1.39184      6.874314  0.002  0.007  0.018  0.027
   1.35192      6.890386  0.000  0.002  0.064  0.068
   1.31201      6.835214  0.000  0.002  0.076  0.076
   1.27209      6.839153  0.003  0.008  0.012  0.023
   1.23218      6.842578  0.003  0.004  0.028  0.037
   1.19226      6.871014  0.000  0.006  0.006  0.013
   1.15235      6.845600  0.000  0.002  0.027  0.029
   1.11243      6.806763  0.000  0.006  0.025  0.031
   1.07252      6.835692  0.000  0.000  0.043  0.043
   1.07252      6.835692  0.000  0.000  0.043  0.043
   1.04430      6.846746  0.001  0.004  0.027  0.032
   1.01607      6.831399  0.000  0.004  0.050  0.052
   0.98785      6.833632  0.000  0.004  0.065  0.067
   0.95962      6.848437  0.000  0.024  0.019  0.044
   0.93140      6.846418  0.000  0.026  0.006  0.034
   0.90317      6.811841  0.000  0.024  0.006  0.032
   0.87495      6.768324  0.004  0.000  0.070  0.072
   0.84673      6.726082  0.004  0.000  0.064  0.068
   0.81850      6.688521  0.002  0.000  0.062  0.064
   0.79028      6.664977  0.000  0.000  0.060  0.061
   0.76205      6.660428  0.000  0.000  0.060  0.060
   0.73383      6.664807  0.000  0.002  0.061  0.062
   0.70561      6.663701  0.000  0.008  0.050  0.058
   0.67738      6.640952  0.000  0.012  0.023  0.034
   0.64916      6.611438  0.000  0.002  0.034  0.038
   0.62093      6.587489  0.000  0.009  0.018  0.028
   0.59271      6.592238  0.000  0.006  0.034  0.040
   0.56448      6.615267  0.000  0.004  0.038  0.042
   0.53626      6.622602  0.008  0.006  0.081  0.094
   0.53626      6.622602  0.008  0.006  0.081  0.094
   0.50804      6.600787  0.000  0.004  0.038  0.042
   0.47981      6.596369  0.000  0.006  0.012  0.018
   0.45159      6.623613  0.001  0.001  0.024  0.026
   0.42336      6.660701  0.000  0.002  0.054  0.058
   0.39514      6.678254  0.000  0.002  0.029  0.032
   0.36691      6.725570  0.000  0.002  0.020  0.022
   0.33869      6.804475  0.002  0.002  0.020  0.024
   0.31047      6.869992  0.000  0.010  0.014  0.023
   0.28224      6.909918  0.008  0.010  0.010  0.028
   0.25402      7.016237  0.000  0.014  0.023  0.036
   0.22579      7.076704  0.000  0.018  0.032  0.048
   0.19757      7.099207  0.000  0.015  0.036  0.052
   0.16935      7.079747  0.000  0.015  0.027  0.043
   0.14112      6.989668  0.000  0.010  0.023  0.033
   0.11290      6.980740  0.002  0.010  0.001  0.012
   0.08467      6.977714  0.008  0.008  0.026  0.042
   0.05645      6.985734  0.008  0.006  0.028  0.042
   0.02822      6.989293  0.008  0.006  0.030  0.044
   0.00000      6.990219  0.008  0.006  0.030  0.042
 
# Band-Index:  155
   0.00000      7.122656  0.004  0.010  0.000  0.014
   0.02822      7.108140  0.004  0.010  0.000  0.014
   0.05645      7.072171  0.002  0.010  0.002  0.014
   0.08467      7.026960  0.002  0.011  0.001  0.014
   0.11290      6.993325  0.000  0.006  0.039  0.046
   0.14112      7.043372  0.000  0.008  0.037  0.047
   0.16935      7.082737  0.000  0.013  0.035  0.047
   0.19757      7.148590  0.000  0.029  0.042  0.071
   0.22579      7.134391  0.000  0.025  0.038  0.063
   0.25402      7.024296  0.002  0.004  0.020  0.024
   0.28224      6.942696  0.000  0.011  0.016  0.028
   0.31047      6.896291  0.006  0.006  0.012  0.024
   0.33869      6.806200  0.000  0.008  0.014  0.021
   0.36691      6.747029  0.002  0.010  0.030  0.043
   0.39514      6.714986  0.000  0.006  0.057  0.064
   0.42336      6.677245  0.000  0.006  0.028  0.036
   0.45159      6.673385  0.002  0.005  0.005  0.014
   0.47981      6.673958  0.008  0.004  0.051  0.063
   0.50804      6.614692  0.008  0.004  0.078  0.088
   0.53626      6.624399  0.000  0.004  0.038  0.042
   0.53626      6.624399  0.000  0.004  0.038  0.042
   0.56448      6.623680  0.006  0.006  0.078  0.090
   0.59271      6.628753  0.006  0.004  0.073  0.081
   0.62093      6.639063  0.004  0.004  0.069  0.076
   0.64916      6.651987  0.002  0.004  0.067  0.073
   0.67738      6.662690  0.002  0.002  0.064  0.070
   0.70561      6.667113  0.000  0.002  0.063  0.067
   0.73383      6.677180  0.002  0.008  0.048  0.057
   0.76205      6.699599  0.002  0.008  0.042  0.052
   0.79028      6.731121  0.002  0.008  0.037  0.047
   0.81850      6.770572  0.002  0.008  0.032  0.044
   0.84673      6.817153  0.002  0.010  0.028  0.040
   0.87495      6.870272  0.002  0.010  0.026  0.038
   0.90317      6.929366  0.002  0.010  0.022  0.036
   0.93140      6.993764  0.002  0.014  0.019  0.034
   0.95962      6.944384  0.001  0.008  0.046  0.057
   0.98785      6.864391  0.000  0.006  0.049  0.055
   1.01607      6.853234  0.000  0.012  0.008  0.022
   1.04430      6.870106  0.000  0.000  0.019  0.019
   1.07252      6.848798  0.000  0.000  0.034  0.034
   1.07252      6.848798  0.000  0.000  0.034  0.034
   1.11243      6.829356  0.000  0.000  0.029  0.032
   1.15235      6.868057  0.000  0.008  0.020  0.028
   1.19226      6.875395  0.000  0.002  0.025  0.029
   1.23218      6.860796  0.000  0.002  0.019  0.022
   1.27209      6.880548  0.002  0.000  0.018  0.022
   1.31201      6.854311  0.004  0.014  0.022  0.038
   1.35192      6.903434  0.000  0.003  0.076  0.078
   1.39184      6.906993  0.004  0.010  0.016  0.027
   1.43176      6.990150  0.004  0.010  0.017  0.032
   1.47167      6.988644  0.010  0.018  0.032  0.062
   1.51159      6.999106  0.005  0.019  0.015  0.039
   1.55150      7.058250  0.004  0.023  0.012  0.039
   1.59142      7.132921  0.000  0.012  0.036  0.047
   1.63133      7.091932  0.004  0.031  0.036  0.070
   1.67125      7.070539  0.002  0.020  0.040  0.062
   1.71116      7.014778  0.002  0.012  0.040  0.053
   1.75108      7.034462  0.002  0.011  0.004  0.018
   1.79099      7.095014  0.004  0.010  0.002  0.014
   1.83091      7.122656  0.004  0.010  0.000  0.014
 
# Band-Index:  156
   1.83091      7.172714  0.000  0.000  0.054  0.054
   1.79099      7.182704  0.000  0.002  0.052  0.054
   1.75108      7.206782  0.000  0.004  0.051  0.056
   1.71116      7.229639  0.000  0.008  0.044  0.053
   1.67125      7.233785  0.000  0.014  0.032  0.046
   1.63133      7.206799  0.000  0.015  0.020  0.037
   1.59142      7.144210  0.002  0.019  0.014  0.035
   1.55150      7.160030  0.000  0.014  0.036  0.050
   1.51159      7.138689  0.002  0.006  0.008  0.015
   1.47167      7.084137  0.004  0.014  0.015  0.034
   1.43176      7.055231  0.000  0.004  0.066  0.070
   1.39184      6.969363  0.000  0.004  0.065  0.069
   1.35192      6.963367  0.004  0.003  0.004  0.012
   1.31201      6.928917  0.002  0.006  0.010  0.018
   1.27209      6.967236  0.000  0.028  0.011  0.040
   1.23218      6.917478  0.000  0.002  0.025  0.029
   1.19226      6.879145  0.002  0.005  0.029  0.038
   1.15235      6.951514  0.002  0.010  0.017  0.028
   1.11243      6.936732  0.000  0.000  0.034  0.035
   1.07252      6.848798  0.000  0.000  0.034  0.034
   1.07252      6.848798  0.000  0.000  0.034  0.034
   1.04430      6.900810  0.000  0.000  0.031  0.033
   1.01607      6.949221  0.002  0.000  0.021  0.023
   0.98785      6.968348  0.002  0.006  0.035  0.041
   0.95962      6.985053  0.000  0.010  0.049  0.059
   0.93140      7.010320  0.000  0.010  0.066  0.076
   0.90317      7.034847  0.000  0.010  0.081  0.091
   0.87495      7.044314  0.002  0.006  0.089  0.097
   0.84673      7.028499  0.004  0.004  0.085  0.092
   0.81850      6.963367  0.002  0.026  0.008  0.035
   0.79028      6.889000  0.002  0.022  0.008  0.028
   0.76205      6.816794  0.002  0.018  0.006  0.024
   0.73383      6.750805  0.002  0.012  0.004  0.020
   0.70561      6.696848  0.002  0.010  0.006  0.016
   0.67738      6.675257  0.002  0.004  0.034  0.039
   0.64916      6.678858  0.000  0.004  0.033  0.038
   0.62093      6.679277  0.000  0.002  0.023  0.025
   0.59271      6.668763  0.000  0.002  0.011  0.013
   0.56448      6.653631  0.000  0.002  0.004  0.008
   0.53626      6.646566  0.000  0.004  0.003  0.007
   0.53626      6.646566  0.000  0.004  0.003  0.007
   0.50804      6.665620  0.002  0.004  0.010  0.017
   0.47981      6.693417  0.003  0.005  0.031  0.037
   0.45159      6.694715  0.000  0.005  0.047  0.054
   0.42336      6.700873  0.002  0.008  0.010  0.021
   0.39514      6.739041  0.000  0.004  0.027  0.031
   0.36691      6.759508  0.000  0.006  0.016  0.022
   0.33869      6.817113  0.004  0.008  0.006  0.018
   0.31047      6.925396  0.003  0.004  0.006  0.015
   0.28224      7.035518  0.000  0.004  0.018  0.023
   0.25402      7.090133  0.000  0.021  0.031  0.052
   0.22579      7.154542  0.002  0.006  0.026  0.034
   0.19757      7.189680  0.000  0.003  0.010  0.013
   0.16935      7.210691  0.000  0.012  0.032  0.045
   0.14112      7.223652  0.000  0.012  0.040  0.051
   0.11290      7.221619  0.000  0.008  0.046  0.054
   0.08467      7.208410  0.000  0.004  0.049  0.056
   0.05645      7.191380  0.000  0.002  0.052  0.054
   0.02822      7.177817  0.000  0.000  0.053  0.055
   0.00000      7.172714  0.000  0.000  0.054  0.054
 
# Band-Index:  157
   0.00000      7.341138  0.000  0.018  0.012  0.031
   0.02822      7.340751  0.000  0.018  0.012  0.031
   0.05645      7.339620  0.000  0.019  0.012  0.032
   0.08467      7.337767  0.000  0.020  0.014  0.034
   0.11290      7.335031  0.000  0.021  0.015  0.037
   0.14112      7.330536  0.000  0.024  0.020  0.044
   0.16935      7.304599  0.000  0.014  0.015  0.029
   0.19757      7.246021  0.000  0.002  0.004  0.008
   0.22579      7.206491  0.000  0.000  0.002  0.002
   0.25402      7.154112  0.000  0.006  0.027  0.033
   0.28224      7.043848  0.000  0.018  0.024  0.044
   0.31047      6.928053  0.002  0.012  0.038  0.053
   0.33869      6.925672  0.004  0.012  0.036  0.052
   0.36691      6.891198  0.000  0.006  0.023  0.029
   0.39514      6.791574  0.002  0.008  0.014  0.026
   0.42336      6.750987  0.000  0.004  0.038  0.044
   0.45159      6.784374  0.004  0.004  0.055  0.064
   0.47981      6.698522  0.004  0.003  0.011  0.018
   0.50804      6.707456  0.002  0.002  0.007  0.013
   0.53626      6.701758  0.000  0.002  0.004  0.006
   0.53626      6.701758  0.000  0.002  0.004  0.006
   0.56448      6.705189  0.000  0.002  0.009  0.012
   0.59271      6.704577  0.000  0.003  0.025  0.029
   0.62093      6.682317  0.009  0.002  0.042  0.052
   0.64916      6.679895  0.017  0.005  0.037  0.058
   0.67738      6.738763  0.014  0.004  0.034  0.052
   0.70561      6.799480  0.012  0.002  0.038  0.055
   0.73383      6.853923  0.010  0.002  0.046  0.060
   0.76205      6.903147  0.010  0.002  0.056  0.068
   0.79028      6.949608  0.008  0.002  0.065  0.075
   0.81850      6.993211  0.006  0.002  0.074  0.084
   0.84673      7.036697  0.000  0.028  0.008  0.040
   0.87495      7.105116  0.000  0.032  0.010  0.043
   0.90317      7.112759  0.000  0.018  0.039  0.060
   0.93140      7.029789  0.002  0.011  0.047  0.059
   0.95962      7.005259  0.000  0.008  0.034  0.042
   0.98785      7.003263  0.000  0.014  0.018  0.032
   1.01607      6.983289  0.000  0.004  0.021  0.025
   1.04430      6.921027  0.000  0.018  0.005  0.024
   1.07252      6.873812  0.002  0.000  0.018  0.020
   1.07252      6.873812  0.002  0.000  0.018  0.020
   1.11243      6.977414  0.001  0.007  0.009  0.020
   1.15235      6.997301  0.000  0.005  0.039  0.045
   1.19226      7.001937  0.000  0.012  0.063  0.075
   1.23218      7.025926  0.002  0.022  0.039  0.062
   1.27209      6.971546  0.000  0.002  0.025  0.027
   1.31201      7.037342  0.000  0.002  0.023  0.027
   1.35192      6.992854  0.000  0.022  0.008  0.031
   1.39184      6.979860  0.000  0.004  0.075  0.078
   1.43176      7.063259  0.000  0.004  0.072  0.079
   1.47167      7.117011  0.000  0.012  0.024  0.037
   1.51159      7.152732  0.000  0.012  0.028  0.041
   1.55150      7.214215  0.000  0.002  0.004  0.007
   1.59142      7.282812  0.000  0.002  0.004  0.006
   1.63133      7.343863  0.000  0.002  0.006  0.006
   1.67125      7.356136  0.000  0.020  0.004  0.024
   1.71116      7.344778  0.000  0.019  0.006  0.025
   1.75108      7.340593  0.000  0.018  0.008  0.028
   1.79099      7.340609  0.000  0.018  0.012  0.030
   1.83091      7.341138  0.000  0.018  0.012  0.031
 
# Band-Index:  158
   1.83091      7.341138  0.000  0.018  0.012  0.031
   1.79099      7.361486  0.000  0.018  0.012  0.030
   1.75108      7.402465  0.000  0.016  0.012  0.028
   1.71116      7.434548  0.000  0.001  0.012  0.013
   1.67125      7.395300  0.000  0.004  0.010  0.015
   1.63133      7.353406  0.002  0.012  0.020  0.034
   1.59142      7.341233  0.002  0.008  0.012  0.022
   1.55150      7.319207  0.000  0.015  0.050  0.065
   1.51159      7.234762  0.000  0.010  0.061  0.070
   1.47167      7.145029  0.000  0.006  0.065  0.072
   1.43176      7.074752  0.006  0.014  0.022  0.044
   1.39184      7.060985  0.007  0.012  0.034  0.053
   1.35192      7.056183  0.008  0.006  0.055  0.071
   1.31201      7.054683  0.002  0.020  0.051  0.074
   1.27209      7.065121  0.004  0.006  0.031  0.045
   1.23218      7.098599  0.004  0.016  0.026  0.044
   1.19226      7.095866  0.000  0.008  0.028  0.036
   1.15235      7.041579  0.000  0.005  0.021  0.027
   1.11243      6.992519  0.000  0.018  0.020  0.039
   1.07252      6.950587  0.000  0.022  0.002  0.026
   1.07252      6.950587  0.000  0.022  0.002  0.026
   1.04430      6.933476  0.000  0.002  0.012  0.015
   1.01607      7.022368  0.000  0.016  0.010  0.026
   0.98785      7.102578  0.000  0.000  0.014  0.015
   0.95962      7.062493  0.002  0.013  0.019  0.034
   0.93140      7.053418  0.002  0.006  0.046  0.053
   0.90317      7.129029  0.002  0.007  0.049  0.056
   0.87495      7.204537  0.000  0.009  0.054  0.064
   0.84673      7.180609  0.002  0.021  0.033  0.056
   0.81850      7.119720  0.004  0.020  0.032  0.054
   0.79028      7.056624  0.004  0.016  0.030  0.052
   0.76205      6.991679  0.004  0.014  0.029  0.049
   0.73383      6.924630  0.004  0.010  0.026  0.041
   0.70561      6.856051  0.002  0.007  0.024  0.034
   0.67738      6.788650  0.002  0.005  0.022  0.029
   0.64916      6.730399  0.002  0.003  0.026  0.031
   0.62093      6.700925  0.000  0.003  0.035  0.038
   0.59271      6.719208  0.006  0.002  0.039  0.046
   0.56448      6.748031  0.005  0.002  0.037  0.043
   0.53626      6.758906  0.004  0.002  0.037  0.043
   0.53626      6.758906  0.004  0.002  0.037  0.043
   0.50804      6.786307  0.004  0.002  0.039  0.045
   0.47981      6.854454  0.000  0.006  0.064  0.070
   0.45159      6.793003  0.000  0.006  0.053  0.058
   0.42336      6.845445  0.004  0.008  0.070  0.081
   0.39514      6.876340  0.008  0.010  0.028  0.046
   0.36691      6.953776  0.008  0.010  0.012  0.030
   0.33869      6.970132  0.000  0.012  0.020  0.032
   0.31047      7.001925  0.000  0.016  0.022  0.038
   0.28224      7.047536  0.002  0.004  0.014  0.020
   0.25402      7.170494  0.000  0.004  0.011  0.013
   0.22579      7.217391  0.002  0.018  0.027  0.050
   0.19757      7.268391  0.002  0.009  0.027  0.038
   0.16935      7.330027  0.000  0.013  0.010  0.022
   0.14112      7.370823  0.000  0.004  0.011  0.014
   0.11290      7.421364  0.000  0.006  0.020  0.027
   0.08467      7.410048  0.000  0.018  0.007  0.025
   0.05645      7.378402  0.000  0.018  0.010  0.028
   0.02822      7.352090  0.000  0.018  0.012  0.030
   0.00000      7.341138  0.000  0.018  0.012  0.031
 
# Band-Index:  159
   0.00000      7.473472  0.000  0.000  0.047  0.047
   0.02822      7.473790  0.000  0.000  0.046  0.048
   0.05645      7.470948  0.000  0.004  0.042  0.044
   0.08467      7.455629  0.000  0.006  0.032  0.036
   0.11290      7.435932  0.000  0.022  0.005  0.028
   0.14112      7.404600  0.001  0.020  0.017  0.038
   0.16935      7.338207  0.004  0.028  0.016  0.046
   0.19757      7.272657  0.002  0.026  0.022  0.050
   0.22579      7.218204  0.000  0.011  0.010  0.019
   0.25402      7.191057  0.000  0.002  0.004  0.008
   0.28224      7.181333  0.000  0.006  0.008  0.012
   0.31047      7.144063  0.009  0.018  0.010  0.037
   0.33869      7.052985  0.008  0.012  0.010  0.031
   0.36691      6.954333  0.000  0.012  0.018  0.030
   0.39514      6.959679  0.000  0.010  0.022  0.032
   0.42336      6.949179  0.014  0.014  0.022  0.048
   0.45159      6.885762  0.014  0.017  0.068  0.098
   0.47981      6.854916  0.000  0.002  0.043  0.045
   0.50804      6.917676  0.000  0.006  0.074  0.080
   0.53626      6.940402  0.004  0.029  0.112  0.145
   0.53626      6.940402  0.004  0.029  0.112  0.145
   0.56448      6.909434  0.002  0.015  0.096  0.113
   0.59271      6.895059  0.004  0.015  0.081  0.097
   0.62093      6.921793  0.004  0.011  0.062  0.078
   0.64916      6.972316  0.003  0.011  0.052  0.065
   0.67738      7.028065  0.002  0.009  0.043  0.056
   0.70561      7.082001  0.002  0.008  0.034  0.042
   0.73383      7.135209  0.000  0.006  0.023  0.032
   0.76205      7.190427  0.000  0.006  0.017  0.023
   0.79028      7.248678  0.000  0.006  0.012  0.020
   0.81850      7.261826  0.000  0.021  0.074  0.096
   0.84673      7.245414  0.000  0.023  0.074  0.098
   0.87495      7.205835  0.000  0.020  0.060  0.080
   0.90317      7.162350  0.002  0.016  0.045  0.063
   0.93140      7.134746  0.002  0.012  0.037  0.051
   0.95962      7.132950  0.004  0.010  0.033  0.047
   0.98785      7.128944  0.000  0.014  0.018  0.032
   1.01607      7.045447  0.000  0.002  0.009  0.011
   1.04430      7.006041  0.000  0.018  0.012  0.031
   1.07252      6.950587  0.000  0.022  0.002  0.026
   1.07252      6.950587  0.000  0.022  0.002  0.026
   1.11243      6.993060  0.002  0.001  0.010  0.015
   1.15235      7.048180  0.000  0.011  0.028  0.039
   1.19226      7.131384  0.002  0.006  0.029  0.037
   1.23218      7.147497  0.000  0.006  0.028  0.034
   1.27209      7.105833  0.000  0.014  0.049  0.067
   1.31201      7.089728  0.004  0.006  0.010  0.022
   1.35192      7.085704  0.002  0.010  0.012  0.024
   1.39184      7.080319  0.003  0.013  0.022  0.039
   1.43176      7.110621  0.009  0.012  0.042  0.063
   1.47167      7.151903  0.000  0.008  0.069  0.077
   1.51159      7.242186  0.000  0.010  0.064  0.075
   1.55150      7.324263  0.000  0.015  0.051  0.066
   1.59142      7.371943  0.000  0.021  0.025  0.046
   1.63133      7.371871  0.000  0.020  0.008  0.027
   1.67125      7.397508  0.002  0.017  0.021  0.038
   1.71116      7.447417  0.000  0.024  0.019  0.044
   1.75108      7.466839  0.000  0.007  0.034  0.042
   1.79099      7.473913  0.000  0.002  0.044  0.047
   1.83091      7.473472  0.000  0.000  0.047  0.047
 
# Band-Index:  160
   1.83091      7.594766  0.000  0.038  0.018  0.056
   1.79099      7.570890  0.000  0.034  0.016  0.050
   1.75108      7.517808  0.002  0.028  0.018  0.044
   1.71116      7.456465  0.002  0.021  0.018  0.040
   1.67125      7.461865  0.000  0.024  0.006  0.030
   1.63133      7.454018  0.000  0.029  0.016  0.045
   1.59142      7.393362  0.000  0.022  0.033  0.055
   1.55150      7.360746  0.002  0.005  0.011  0.018
   1.51159      7.318991  0.002  0.012  0.026  0.041
   1.47167      7.271926  0.002  0.010  0.024  0.036
   1.43176      7.166343  0.000  0.008  0.006  0.014
   1.39184      7.197755  0.006  0.010  0.026  0.040
   1.35192      7.114510  0.000  0.002  0.023  0.025
   1.31201      7.148725  0.004  0.014  0.020  0.038
   1.27209      7.207938  0.000  0.006  0.029  0.034
   1.23218      7.162344  0.002  0.010  0.023  0.035
   1.19226      7.209166  0.003  0.019  0.017  0.038
   1.15235      7.079316  0.000  0.004  0.028  0.030
   1.11243      7.027844  0.000  0.012  0.012  0.024
   1.07252      7.091770  0.004  0.000  0.028  0.034
   1.07252      7.091770  0.004  0.000  0.028  0.034
   1.04430      7.050852  0.000  0.012  0.009  0.020
   1.01607      7.090949  0.001  0.012  0.024  0.035
   0.98785      7.145692  0.002  0.008  0.036  0.047
   0.95962      7.200417  0.000  0.000  0.011  0.011
   0.93140      7.240355  0.000  0.032  0.008  0.040
   0.90317      7.184762  0.002  0.022  0.016  0.040
   0.87495      7.212522  0.002  0.005  0.047  0.055
   0.84673      7.289717  0.002  0.008  0.048  0.058
   0.81850      7.307302  0.000  0.006  0.017  0.024
   0.79028      7.257131  0.004  0.012  0.079  0.097
   0.76205      7.207636  0.008  0.008  0.050  0.064
   0.73383      7.151262  0.008  0.008  0.040  0.056
   0.70561      7.103331  0.007  0.008  0.034  0.048
   0.67738      7.067236  0.005  0.025  0.055  0.085
   0.64916      7.011779  0.005  0.025  0.068  0.099
   0.62093      6.972426  0.005  0.026  0.085  0.117
   0.59271      6.951113  0.004  0.028  0.100  0.134
   0.56448      6.942625  0.004  0.029  0.109  0.142
   0.53626      6.948811  0.000  0.008  0.082  0.090
   0.53626      6.948811  0.000  0.008  0.082  0.090
   0.50804      6.937870  0.006  0.027  0.098  0.131
   0.47981      6.909797  0.008  0.017  0.095  0.120
   0.45159      6.932768  0.002  0.010  0.034  0.048
   0.42336      6.988840  0.000  0.008  0.028  0.036
   0.39514      7.017691  0.017  0.026  0.042  0.085
   0.36691      7.032663  0.020  0.026  0.032  0.078
   0.33869      7.112144  0.014  0.020  0.014  0.047
   0.31047      7.171298  0.000  0.006  0.008  0.014
   0.28224      7.200297  0.010  0.028  0.012  0.050
   0.25402      7.248544  0.000  0.015  0.012  0.027
   0.22579      7.310027  0.000  0.002  0.006  0.008
   0.19757      7.320557  0.000  0.020  0.014  0.036
   0.16935      7.350474  0.001  0.016  0.021  0.037
   0.14112      7.407533  0.002  0.030  0.009  0.041
   0.11290      7.450881  0.002  0.025  0.015  0.040
   0.08467      7.497616  0.002  0.028  0.014  0.042
   0.05645      7.543322  0.000  0.032  0.014  0.048
   0.02822      7.579943  0.000  0.036  0.016  0.052
   0.00000      7.594766  0.000  0.038  0.018  0.056
 
# Band-Index:  161
   0.00000      7.594766  0.000  0.038  0.018  0.056
   0.02822      7.594105  0.000  0.038  0.017  0.056
   0.05645      7.592513  0.000  0.036  0.018  0.055
   0.08467      7.569003  0.006  0.020  0.008  0.034
   0.11290      7.511318  0.006  0.015  0.010  0.030
   0.14112      7.498027  0.004  0.006  0.008  0.018
   0.16935      7.516955  0.005  0.004  0.008  0.015
   0.19757      7.429901  0.000  0.006  0.016  0.023
   0.22579      7.310360  0.000  0.023  0.016  0.039
   0.25402      7.255537  0.012  0.026  0.010  0.048
   0.28224      7.263900  0.000  0.017  0.013  0.031
   0.31047      7.235280  0.010  0.012  0.010  0.030
   0.33869      7.162312  0.000  0.008  0.008  0.014
   0.36691      7.157136  0.000  0.006  0.006  0.012
   0.39514      7.093828  0.008  0.008  0.016  0.034
   0.42336      6.994582  0.012  0.022  0.036  0.070
   0.45159      7.024810  0.012  0.022  0.054  0.088
   0.47981      6.953779  0.012  0.027  0.064  0.103
   0.50804      6.941693  0.005  0.023  0.107  0.133
   0.53626      6.956288  0.003  0.023  0.116  0.142
   0.53626      6.956288  0.003  0.023  0.116  0.142
   0.56448      7.003723  0.002  0.015  0.094  0.111
   0.59271      7.032006  0.000  0.003  0.037  0.041
   0.62093      7.042315  0.006  0.005  0.024  0.035
   0.64916      7.049118  0.006  0.006  0.026  0.038
   0.67738      7.068823  0.006  0.008  0.029  0.042
   0.70561      7.132302  0.000  0.006  0.034  0.042
   0.73383      7.178685  0.000  0.008  0.028  0.037
   0.76205      7.234035  0.000  0.010  0.021  0.031
   0.79028      7.284337  0.002  0.011  0.006  0.021
   0.81850      7.310285  0.002  0.002  0.016  0.020
   0.84673      7.291120  0.004  0.024  0.036  0.064
   0.87495      7.256189  0.004  0.019  0.014  0.039
   0.90317      7.289940  0.000  0.000  0.012  0.014
   0.93140      7.258877  0.000  0.002  0.008  0.010
   0.95962      7.230651  0.000  0.002  0.024  0.026
   0.98785      7.159295  0.000  0.004  0.014  0.017
   1.01607      7.095495  0.001  0.004  0.021  0.026
   1.04430      7.084000  0.004  0.002  0.025  0.032
   1.07252      7.092183  0.000  0.008  0.004  0.012
   1.07252      7.092183  0.000  0.008  0.004  0.012
   1.11243      7.081790  0.002  0.004  0.021  0.028
   1.15235      7.209107  0.002  0.008  0.015  0.025
   1.19226      7.213608  0.001  0.010  0.017  0.029
   1.23218      7.221739  0.000  0.012  0.042  0.056
   1.27209      7.247904  0.000  0.018  0.010  0.029
   1.31201      7.264765  0.000  0.022  0.042  0.064
   1.35192      7.180949  0.002  0.020  0.039  0.060
   1.39184      7.202579  0.000  0.003  0.021  0.023
   1.43176      7.280429  0.002  0.010  0.024  0.036
   1.47167      7.314441  0.000  0.006  0.006  0.012
   1.51159      7.394401  0.003  0.004  0.015  0.021
   1.55150      7.396241  0.002  0.012  0.025  0.040
   1.59142      7.465691  0.002  0.012  0.016  0.030
   1.63133      7.457264  0.002  0.016  0.006  0.026
   1.67125      7.502796  0.000  0.033  0.008  0.043
   1.71116      7.541615  0.000  0.036  0.010  0.046
   1.75108      7.570580  0.000  0.038  0.012  0.050
   1.79099      7.588630  0.000  0.038  0.016  0.054
   1.83091      7.594766  0.000  0.038  0.018  0.056
 
# Band-Index:  162
   1.83091      7.647290  0.000  0.000  0.021  0.021
   1.79099      7.639393  0.004  0.016  0.014  0.034
   1.75108      7.594216  0.006  0.016  0.010  0.034
   1.71116      7.541852  0.006  0.016  0.010  0.032
   1.67125      7.510782  0.006  0.008  0.016  0.030
   1.63133      7.527443  0.004  0.010  0.016  0.028
   1.59142      7.538513  0.002  0.006  0.022  0.032
   1.55150      7.551275  0.000  0.006  0.010  0.016
   1.51159      7.506027  0.000  0.004  0.006  0.010
   1.47167      7.379202  0.000  0.002  0.004  0.008
   1.43176      7.297084  0.000  0.006  0.005  0.010
   1.39184      7.259815  0.002  0.012  0.021  0.034
   1.35192      7.317154  0.002  0.005  0.006  0.012
   1.31201      7.278161  0.000  0.005  0.029  0.034
   1.27209      7.317289  0.006  0.010  0.036  0.054
   1.23218      7.365676  0.002  0.004  0.026  0.030
   1.19226      7.233192  0.000  0.003  0.021  0.025
   1.15235      7.229722  0.000  0.010  0.032  0.042
   1.11243      7.150172  0.000  0.006  0.025  0.028
   1.07252      7.124454  0.000  0.002  0.022  0.024
   1.07252      7.124454  0.000  0.002  0.022  0.024
   1.04430      7.137140  0.000  0.002  0.024  0.028
   1.01607      7.155376  0.004  0.004  0.030  0.037
   0.98785      7.174927  0.002  0.003  0.026  0.032
   0.95962      7.257443  0.000  0.004  0.011  0.016
   0.93140      7.267917  0.000  0.000  0.018  0.020
   0.90317      7.303248  0.004  0.006  0.018  0.029
   0.87495      7.284512  0.006  0.019  0.026  0.052
   0.84673      7.296657  0.003  0.005  0.041  0.049
   0.81850      7.317323  0.004  0.029  0.048  0.080
   0.79028      7.294418  0.001  0.014  0.021  0.037
   0.76205      7.280674  0.004  0.027  0.040  0.072
   0.73383      7.205597  0.004  0.025  0.042  0.071
   0.70561      7.133338  0.004  0.024  0.047  0.075
   0.67738      7.095537  0.000  0.004  0.040  0.046
   0.64916      7.067367  0.000  0.004  0.041  0.045
   0.62093      7.046495  0.000  0.003  0.040  0.043
   0.59271      7.044973  0.006  0.004  0.025  0.035
   0.56448      7.023526  0.000  0.003  0.036  0.039
   0.53626      7.020736  0.000  0.002  0.036  0.039
   0.53626      7.020736  0.000  0.002  0.036  0.039
   0.50804      7.029701  0.000  0.005  0.041  0.047
   0.47981      7.050925  0.000  0.008  0.044  0.052
   0.45159      7.040480  0.000  0.008  0.033  0.040
   0.42336      7.094611  0.001  0.008  0.043  0.055
   0.39514      7.157383  0.000  0.006  0.004  0.009
   0.36691      7.220548  0.000  0.006  0.016  0.021
   0.33869      7.258020  0.002  0.014  0.034  0.050
   0.31047      7.269866  0.000  0.018  0.013  0.030
   0.28224      7.286798  0.000  0.022  0.016  0.037
   0.25402      7.298658  0.000  0.023  0.016  0.038
   0.22579      7.357140  0.008  0.016  0.018  0.042
   0.19757      7.469437  0.008  0.008  0.026  0.042
   0.16935      7.529123  0.000  0.010  0.033  0.043
   0.14112      7.600877  0.000  0.024  0.016  0.042
   0.11290      7.592378  0.000  0.032  0.018  0.048
   0.08467      7.591125  0.000  0.034  0.018  0.052
   0.05645      7.618513  0.004  0.020  0.010  0.034
   0.02822      7.649977  0.003  0.016  0.014  0.033
   0.00000      7.647290  0.000  0.000  0.021  0.021
 
# Band-Index:  163
   0.00000      7.660838  0.000  0.014  0.012  0.024
   0.02822      7.653004  0.000  0.000  0.020  0.022
   0.05645      7.658936  0.000  0.008  0.018  0.026
   0.08467      7.667719  0.000  0.004  0.026  0.031
   0.11290      7.691823  0.000  0.002  0.035  0.036
   0.14112      7.637218  0.000  0.012  0.034  0.048
   0.16935      7.606045  0.002  0.018  0.048  0.066
   0.19757      7.571234  0.000  0.012  0.014  0.026
   0.22579      7.495925  0.000  0.010  0.034  0.044
   0.25402      7.443772  0.002  0.002  0.021  0.028
   0.28224      7.356146  0.006  0.006  0.008  0.022
   0.31047      7.276392  0.000  0.020  0.014  0.034
   0.33869      7.266929  0.000  0.019  0.013  0.032
   0.36691      7.261924  0.000  0.019  0.013  0.033
   0.39514      7.170804  0.000  0.006  0.021  0.028
   0.42336      7.161875  0.000  0.002  0.002  0.004
   0.45159      7.083348  0.000  0.008  0.024  0.032
   0.47981      7.064633  0.002  0.015  0.043  0.061
   0.50804      7.042079  0.002  0.013  0.031  0.046
   0.53626      7.057441  0.006  0.004  0.028  0.039
   0.53626      7.057441  0.006  0.004  0.028  0.039
   0.56448      7.052623  0.006  0.004  0.027  0.037
   0.59271      7.054347  0.000  0.012  0.080  0.094
   0.62093      7.099414  0.000  0.006  0.036  0.042
   0.64916      7.138200  0.000  0.014  0.008  0.021
   0.67738      7.186127  0.002  0.021  0.010  0.032
   0.70561      7.246060  0.002  0.026  0.018  0.045
   0.73383      7.296918  0.000  0.012  0.036  0.048
   0.76205      7.285028  0.000  0.014  0.033  0.045
   0.79028      7.351819  0.002  0.031  0.048  0.080
   0.81850      7.353538  0.000  0.013  0.057  0.069
   0.84673      7.306836  0.000  0.000  0.004  0.006
   0.87495      7.300251  0.000  0.002  0.008  0.010
   0.90317      7.307189  0.004  0.008  0.013  0.026
   0.93140      7.336989  0.008  0.006  0.024  0.038
   0.95962      7.284217  0.000  0.024  0.002  0.026
   0.98785      7.175810  0.000  0.004  0.002  0.008
   1.01607      7.210232  0.000  0.020  0.012  0.034
   1.04430      7.196249  0.000  0.002  0.012  0.016
   1.07252      7.124454  0.000  0.002  0.022  0.024
   1.07252      7.124454  0.000  0.002  0.022  0.024
   1.11243      7.237049  0.002  0.002  0.020  0.024
   1.15235      7.257787  0.003  0.007  0.022  0.032
   1.19226      7.285319  0.004  0.010  0.016  0.028
   1.23218      7.385869  0.000  0.004  0.018  0.023
   1.27209      7.375444  0.000  0.012  0.034  0.046
   1.31201      7.292076  0.004  0.006  0.018  0.026
   1.35192      7.357861  0.000  0.006  0.028  0.034
   1.39184      7.342255  0.000  0.010  0.014  0.023
   1.43176      7.300961  0.000  0.004  0.017  0.021
   1.47167      7.408716  0.000  0.004  0.013  0.017
   1.51159      7.518163  0.000  0.002  0.002  0.004
   1.55150      7.603814  0.004  0.007  0.015  0.026
   1.59142      7.552947  0.004  0.010  0.016  0.028
   1.63133      7.603029  0.000  0.010  0.034  0.044
   1.67125      7.672332  0.000  0.008  0.037  0.045
   1.71116      7.687190  0.000  0.020  0.011  0.030
   1.75108      7.673845  0.000  0.016  0.012  0.028
   1.79099      7.658436  0.000  0.000  0.019  0.022
   1.83091      7.660838  0.000  0.014  0.012  0.024
 
# Band-Index:  164
   1.83091      7.660838  0.000  0.014  0.012  0.024
   1.79099      7.664209  0.000  0.014  0.012  0.025
   1.75108      7.681397  0.000  0.004  0.025  0.028
   1.71116      7.693313  0.000  0.004  0.035  0.039
   1.67125      7.690984  0.000  0.022  0.006  0.029
   1.63133      7.648376  0.000  0.008  0.023  0.032
   1.59142      7.598152  0.000  0.000  0.027  0.027
   1.55150      7.604967  0.000  0.002  0.011  0.014
   1.51159      7.522785  0.000  0.006  0.006  0.012
   1.47167      7.487114  0.004  0.006  0.014  0.024
   1.43176      7.442015  0.002  0.004  0.008  0.014
   1.39184      7.379697  0.004  0.008  0.014  0.026
   1.35192      7.373194  0.004  0.012  0.032  0.048
   1.31201      7.450145  0.002  0.008  0.010  0.022
   1.27209      7.419431  0.000  0.004  0.008  0.013
   1.23218      7.390712  0.000  0.006  0.010  0.017
   1.19226      7.345561  0.000  0.012  0.041  0.052
   1.15235      7.307871  0.002  0.009  0.009  0.024
   1.11243      7.281437  0.002  0.022  0.014  0.040
   1.07252      7.297827  0.000  0.034  0.008  0.044
   1.07252      7.297827  0.000  0.034  0.008  0.044
   1.04430      7.271235  0.000  0.028  0.010  0.039
   1.01607      7.295496  0.000  0.002  0.010  0.016
   0.98785      7.341662  0.000  0.034  0.006  0.040
   0.95962      7.310111  0.000  0.010  0.008  0.020
   0.93140      7.369998  0.002  0.024  0.016  0.042
   0.90317      7.310905  0.002  0.022  0.018  0.044
   0.87495      7.346098  0.000  0.002  0.004  0.008
   0.84673      7.375745  0.000  0.006  0.004  0.012
   0.81850      7.359213  0.000  0.003  0.004  0.007
   0.79028      7.360287  0.002  0.014  0.037  0.053
   0.76205      7.389846  0.002  0.015  0.037  0.051
   0.73383      7.316356  0.002  0.028  0.022  0.051
   0.70561      7.308658  0.000  0.008  0.034  0.042
   0.67738      7.235073  0.000  0.011  0.047  0.058
   0.64916      7.169505  0.000  0.018  0.059  0.078
   0.62093      7.118507  0.002  0.026  0.046  0.070
   0.59271      7.089654  0.000  0.020  0.011  0.031
   0.56448      7.076273  0.000  0.016  0.006  0.024
   0.53626      7.072138  0.000  0.016  0.006  0.022
   0.53626      7.072138  0.000  0.016  0.006  0.022
   0.50804      7.117008  0.004  0.012  0.012  0.026
   0.47981      7.109038  0.000  0.006  0.036  0.042
   0.45159      7.118720  0.002  0.018  0.046  0.067
   0.42336      7.177780  0.004  0.020  0.045  0.070
   0.39514      7.224741  0.006  0.024  0.048  0.077
   0.36691      7.267983  0.002  0.010  0.018  0.028
   0.33869      7.273112  0.000  0.018  0.013  0.031
   0.31047      7.296483  0.000  0.010  0.038  0.050
   0.28224      7.381350  0.000  0.004  0.034  0.040
   0.25402      7.498909  0.000  0.002  0.026  0.032
   0.22579      7.579576  0.002  0.006  0.007  0.014
   0.19757      7.578823  0.000  0.011  0.024  0.036
   0.16935      7.623426  0.000  0.018  0.016  0.034
   0.14112      7.681849  0.001  0.017  0.055  0.074
   0.11290      7.709646  0.000  0.014  0.036  0.050
   0.08467      7.695083  0.000  0.002  0.019  0.021
   0.05645      7.669534  0.000  0.001  0.019  0.021
   0.02822      7.659520  0.000  0.012  0.012  0.025
   0.00000      7.660838  0.000  0.014  0.012  0.024
 
# Band-Index:  165
   0.00000      7.672953  0.004  0.010  0.018  0.034
   0.02822      7.676624  0.002  0.008  0.016  0.025
   0.05645      7.686647  0.000  0.008  0.016  0.024
   0.08467      7.700518  0.000  0.010  0.021  0.032
   0.11290      7.724829  0.000  0.021  0.006  0.027
   0.14112      7.729611  0.000  0.000  0.040  0.042
   0.16935      7.698328  0.002  0.018  0.010  0.030
   0.19757      7.667986  0.000  0.012  0.014  0.026
   0.22579      7.610430  0.006  0.022  0.019  0.049
   0.25402      7.535270  0.006  0.032  0.026  0.066
   0.28224      7.483430  0.004  0.028  0.034  0.068
   0.31047      7.437911  0.002  0.020  0.028  0.050
   0.33869      7.364203  0.002  0.012  0.020  0.034
   0.36691      7.274693  0.000  0.017  0.012  0.029
   0.39514      7.261809  0.000  0.020  0.015  0.035
   0.42336      7.188438  0.006  0.008  0.012  0.028
   0.45159      7.166953  0.000  0.000  0.001  0.003
   0.47981      7.170002  0.000  0.000  0.000  0.000
   0.50804      7.171018  0.000  0.000  0.000  0.000
   0.53626      7.171335  0.000  0.000  0.000  0.000
   0.53626      7.171335  0.000  0.000  0.000  0.000
   0.56448      7.188797  0.000  0.000  0.002  0.002
   0.59271      7.228696  0.000  0.000  0.006  0.006
   0.62093      7.268153  0.000  0.000  0.008  0.008
   0.64916      7.297911  0.000  0.002  0.014  0.014
   0.67738      7.311885  0.000  0.006  0.024  0.030
   0.70561      7.316302  0.000  0.006  0.035  0.040
   0.73383      7.398262  0.002  0.010  0.021  0.033
   0.76205      7.394912  0.002  0.029  0.024  0.055
   0.79028      7.407452  0.002  0.006  0.024  0.032
   0.81850      7.376314  0.002  0.013  0.032  0.049
   0.84673      7.380407  0.000  0.018  0.004  0.020
   0.87495      7.439069  0.000  0.006  0.018  0.026
   0.90317      7.458939  0.000  0.006  0.020  0.028
   0.93140      7.410284  0.000  0.013  0.018  0.032
   0.95962      7.407827  0.006  0.016  0.032  0.055
   0.98785      7.366597  0.000  0.010  0.007  0.017
   1.01607      7.327759  0.000  0.006  0.016  0.023
   1.04430      7.315423  0.001  0.031  0.013  0.045
   1.07252      7.297828  0.000  0.034  0.008  0.044
   1.07252      7.297828  0.000  0.034  0.008  0.044
   1.11243      7.307598  0.000  0.034  0.012  0.046
   1.15235      7.325185  0.000  0.023  0.010  0.031
   1.19226      7.378537  0.000  0.028  0.022  0.048
   1.23218      7.435151  0.000  0.020  0.022  0.043
   1.27209      7.495861  0.000  0.018  0.036  0.054
   1.31201      7.506832  0.004  0.010  0.029  0.044
   1.35192      7.457627  0.002  0.016  0.022  0.040
   1.39184      7.446194  0.000  0.006  0.025  0.032
   1.43176      7.541473  0.000  0.008  0.022  0.030
   1.47167      7.543759  0.000  0.010  0.004  0.014
   1.51159      7.559861  0.000  0.007  0.006  0.014
   1.55150      7.613351  0.000  0.002  0.006  0.008
   1.59142      7.676830  0.002  0.008  0.022  0.028
   1.63133      7.724020  0.002  0.008  0.029  0.038
   1.67125      7.743610  0.000  0.001  0.033  0.034
   1.71116      7.729343  0.000  0.000  0.029  0.030
   1.75108      7.688853  0.000  0.000  0.020  0.021
   1.79099      7.675479  0.002  0.006  0.016  0.024
   1.83091      7.672953  0.004  0.010  0.018  0.034
 
# Band-Index:  166
   1.83091      7.744958  0.000  0.004  0.007  0.010
   1.79099      7.738563  0.000  0.007  0.008  0.014
   1.75108      7.731939  0.000  0.007  0.012  0.019
   1.71116      7.735104  0.000  0.006  0.007  0.013
   1.67125      7.770496  0.000  0.006  0.004  0.011
   1.63133      7.759747  0.000  0.006  0.071  0.077
   1.59142      7.690558  0.000  0.010  0.040  0.049
   1.55150      7.625387  0.000  0.011  0.006  0.016
   1.51159      7.656470  0.000  0.011  0.004  0.014
   1.47167      7.571654  0.002  0.004  0.010  0.018
   1.43176      7.553895  0.002  0.004  0.004  0.012
   1.39184      7.518118  0.002  0.006  0.004  0.012
   1.35192      7.496629  0.002  0.006  0.004  0.010
   1.31201      7.573475  0.000  0.018  0.034  0.052
   1.27209      7.536561  0.000  0.002  0.001  0.002
   1.23218      7.446256  0.004  0.017  0.020  0.042
   1.19226      7.401017  0.000  0.004  0.014  0.020
   1.15235      7.335485  0.000  0.030  0.016  0.048
   1.11243      7.320851  0.000  0.006  0.018  0.024
   1.07252      7.313281  0.000  0.002  0.020  0.024
   1.07252      7.313281  0.000  0.002  0.020  0.024
   1.04430      7.316698  0.001  0.007  0.021  0.028
   1.01607      7.352306  0.002  0.034  0.018  0.052
   0.98785      7.393472  0.000  0.008  0.012  0.016
   0.95962      7.418907  0.000  0.024  0.014  0.038
   0.93140      7.434732  0.000  0.000  0.004  0.004
   0.90317      7.503315  0.000  0.018  0.006  0.024
   0.87495      7.441628  0.000  0.017  0.004  0.022
   0.84673      7.427767  0.002  0.012  0.015  0.032
   0.81850      7.412226  0.008  0.018  0.026  0.051
   0.79028      7.417849  0.005  0.003  0.031  0.038
   0.76205      7.408426  0.000  0.000  0.014  0.015
   0.73383      7.404743  0.000  0.001  0.007  0.009
   0.70561      7.372710  0.002  0.008  0.010  0.020
   0.67738      7.337801  0.002  0.006  0.006  0.014
   0.64916      7.305882  0.000  0.004  0.004  0.009
   0.62093      7.276629  0.000  0.002  0.000  0.006
   0.59271      7.249697  0.000  0.002  0.000  0.002
   0.56448      7.227582  0.000  0.000  0.000  0.000
   0.53626      7.218194  0.000  0.000  0.000  0.000
   0.53626      7.218194  0.000  0.000  0.000  0.000
   0.50804      7.183172  0.000  0.004  0.027  0.030
   0.47981      7.181919  0.004  0.010  0.010  0.024
   0.45159      7.254910  0.002  0.008  0.010  0.021
   0.42336      7.269487  0.000  0.022  0.018  0.039
   0.39514      7.278081  0.000  0.017  0.013  0.030
   0.36691      7.281345  0.013  0.026  0.043  0.082
   0.33869      7.412761  0.009  0.014  0.018  0.042
   0.31047      7.529920  0.006  0.004  0.006  0.017
   0.28224      7.589541  0.002  0.003  0.002  0.007
   0.25402      7.605260  0.002  0.006  0.006  0.014
   0.22579      7.648615  0.000  0.004  0.026  0.031
   0.19757      7.675295  0.004  0.016  0.022  0.042
   0.16935      7.742835  0.002  0.000  0.022  0.026
   0.14112      7.733474  0.002  0.012  0.023  0.036
   0.11290      7.727039  0.000  0.002  0.017  0.019
   0.08467      7.737973  0.000  0.014  0.009  0.023
   0.05645      7.739852  0.000  0.010  0.009  0.019
   0.02822      7.742288  0.000  0.007  0.008  0.014
   0.00000      7.744958  0.000  0.004  0.007  0.010
 
# Band-Index:  167
   0.00000      7.744958  0.000  0.004  0.007  0.010
   0.02822      7.744596  0.000  0.003  0.007  0.010
   0.05645      7.744739  0.000  0.002  0.008  0.009
   0.08467      7.748916  0.000  0.000  0.010  0.010
   0.11290      7.762232  0.000  0.000  0.015  0.015
   0.14112      7.761630  0.000  0.002  0.011  0.014
   0.16935      7.776849  0.000  0.001  0.045  0.047
   0.19757      7.773291  0.000  0.006  0.022  0.028
   0.22579      7.740271  0.000  0.008  0.013  0.020
   0.25402      7.768716  0.002  0.014  0.014  0.030
   0.28224      7.712015  0.002  0.020  0.017  0.038
   0.31047      7.634453  0.001  0.009  0.047  0.057
   0.33869      7.575462  0.001  0.011  0.035  0.049
   0.36691      7.503020  0.000  0.008  0.009  0.018
   0.39514      7.357383  0.004  0.008  0.016  0.030
   0.42336      7.283745  0.000  0.017  0.014  0.030
   0.45159      7.284592  0.000  0.018  0.021  0.040
   0.47981      7.286871  0.000  0.009  0.019  0.029
   0.50804      7.248200  0.000  0.001  0.007  0.008
   0.53626      7.222844  0.000  0.000  0.000  0.000
   0.53626      7.222844  0.000  0.000  0.000  0.000
   0.56448      7.232491  0.000  0.000  0.000  0.000
   0.59271      7.262235  0.000  0.000  0.002  0.002
   0.62093      7.312073  0.000  0.008  0.082  0.090
   0.64916      7.328923  0.000  0.008  0.075  0.084
   0.67738      7.353044  0.000  0.008  0.069  0.077
   0.70561      7.381916  0.000  0.008  0.061  0.071
   0.73383      7.408371  0.001  0.005  0.045  0.051
   0.76205      7.424948  0.002  0.004  0.047  0.054
   0.79028      7.429056  0.003  0.012  0.043  0.057
   0.81850      7.438280  0.000  0.004  0.008  0.011
   0.84673      7.466859  0.006  0.008  0.022  0.037
   0.87495      7.530749  0.008  0.010  0.028  0.046
   0.90317      7.524302  0.000  0.006  0.018  0.023
   0.93140      7.475482  0.000  0.002  0.020  0.022
   0.95962      7.437433  0.000  0.008  0.009  0.017
   0.98785      7.395027  0.001  0.030  0.022  0.054
   1.01607      7.379806  0.000  0.030  0.006  0.036
   1.04430      7.396258  0.006  0.000  0.014  0.020
   1.07252      7.397605  0.008  0.002  0.020  0.028
   1.07252      7.397605  0.008  0.002  0.020  0.028
   1.11243      7.394190  0.001  0.024  0.008  0.031
   1.15235      7.388561  0.000  0.004  0.004  0.006
   1.19226      7.502286  0.004  0.026  0.017  0.046
   1.23218      7.477351  0.000  0.010  0.044  0.053
   1.27209      7.551684  0.004  0.006  0.014  0.026
   1.31201      7.587087  0.004  0.004  0.008  0.016
   1.35192      7.610596  0.004  0.004  0.008  0.016
   1.39184      7.653912  0.002  0.006  0.012  0.020
   1.43176      7.559426  0.004  0.006  0.017  0.026
   1.47167      7.636603  0.000  0.014  0.014  0.028
   1.51159      7.681215  0.000  0.010  0.018  0.028
   1.55150      7.669525  0.000  0.006  0.010  0.016
   1.59142      7.766190  0.000  0.025  0.048  0.074
   1.63133      7.764811  0.000  0.014  0.058  0.072
   1.67125      7.771560  0.000  0.005  0.026  0.032
   1.71116      7.758680  0.000  0.008  0.012  0.021
   1.75108      7.750180  0.000  0.005  0.010  0.015
   1.79099      7.746087  0.000  0.004  0.008  0.011
   1.83091      7.744958  0.000  0.004  0.007  0.010
 
# Band-Index:  168
   1.83091      7.796609  0.006  0.014  0.000  0.020
   1.79099      7.807628  0.000  0.012  0.004  0.018
   1.75108      7.801909  0.000  0.011  0.002  0.014
   1.71116      7.791386  0.000  0.008  0.004  0.012
   1.67125      7.773524  0.000  0.005  0.026  0.031
   1.63133      7.792969  0.000  0.009  0.010  0.020
   1.59142      7.784180  0.000  0.002  0.006  0.010
   1.55150      7.724013  0.000  0.005  0.036  0.039
   1.51159      7.690368  0.004  0.004  0.006  0.015
   1.47167      7.709748  0.000  0.021  0.012  0.032
   1.43176      7.684128  0.000  0.006  0.007  0.016
   1.39184      7.659118  0.004  0.008  0.014  0.027
   1.35192      7.658826  0.000  0.018  0.032  0.049
   1.31201      7.594197  0.000  0.008  0.013  0.022
   1.27209      7.604209  0.006  0.004  0.014  0.022
   1.23218      7.540468  0.008  0.012  0.012  0.032
   1.19226      7.525048  0.000  0.000  0.004  0.005
   1.15235      7.447387  0.000  0.012  0.016  0.030
   1.11243      7.396265  0.003  0.002  0.009  0.015
   1.07252      7.455021  0.000  0.012  0.012  0.024
   1.07252      7.455021  0.000  0.012  0.012  0.024
   1.04430      7.416127  0.000  0.022  0.008  0.030
   1.01607      7.412045  0.002  0.000  0.008  0.010
   0.98785      7.447942  0.007  0.007  0.033  0.048
   0.95962      7.457015  0.004  0.014  0.027  0.044
   0.93140      7.530421  0.002  0.006  0.023  0.030
   0.90317      7.570399  0.000  0.002  0.003  0.006
   0.87495      7.534581  0.000  0.000  0.010  0.012
   0.84673      7.486178  0.000  0.000  0.006  0.010
   0.81850      7.448798  0.006  0.020  0.016  0.044
   0.79028      7.450955  0.000  0.018  0.016  0.034
   0.76205      7.460909  0.003  0.006  0.047  0.055
   0.73383      7.410958  0.001  0.005  0.043  0.049
   0.70561      7.396421  0.000  0.004  0.004  0.008
   0.67738      7.384992  0.000  0.008  0.008  0.015
   0.64916      7.364197  0.000  0.007  0.015  0.023
   0.62093      7.313925  0.000  0.002  0.009  0.011
   0.59271      7.275954  0.000  0.000  0.000  0.000
   0.56448      7.245420  0.000  0.000  0.000  0.000
   0.53626      7.235201  0.000  0.000  0.000  0.000
   0.53626      7.235201  0.000  0.000  0.000  0.000
   0.50804      7.252111  0.000  0.001  0.006  0.007
   0.47981      7.290905  0.000  0.009  0.019  0.029
   0.45159      7.290525  0.000  0.016  0.018  0.034
   0.42336      7.334751  0.002  0.008  0.008  0.018
   0.39514      7.419777  0.000  0.006  0.009  0.016
   0.36691      7.539664  0.002  0.017  0.065  0.083
   0.33869      7.577133  0.001  0.011  0.029  0.043
   0.31047      7.641670  0.000  0.018  0.015  0.035
   0.28224      7.725879  0.000  0.008  0.038  0.046
   0.25402      7.836220  0.000  0.002  0.010  0.014
   0.22579      7.796705  0.000  0.010  0.012  0.022
   0.19757      7.803666  0.000  0.006  0.004  0.010
   0.16935      7.792263  0.000  0.005  0.005  0.010
   0.14112      7.785552  0.000  0.001  0.002  0.003
   0.11290      7.768237  0.002  0.002  0.044  0.049
   0.08467      7.810932  0.000  0.013  0.006  0.019
   0.05645      7.808941  0.000  0.013  0.006  0.018
   0.02822      7.809206  0.000  0.013  0.006  0.018
   0.00000      7.796609  0.006  0.014  0.000  0.020
 
# Band-Index:  169
   0.00000      7.809556  0.000  0.013  0.006  0.018
   0.02822      7.810044  0.005  0.014  0.000  0.021
   0.05645      7.818128  0.000  0.010  0.010  0.020
   0.08467      7.818683  0.000  0.008  0.012  0.022
   0.11290      7.802078  0.000  0.004  0.012  0.018
   0.14112      7.789558  0.000  0.000  0.023  0.026
   0.16935      7.795648  0.000  0.002  0.007  0.009
   0.19757      7.825590  0.000  0.002  0.010  0.012
   0.22579      7.846742  0.000  0.002  0.007  0.010
   0.25402      7.837090  0.000  0.008  0.030  0.038
   0.28224      7.839926  0.000  0.002  0.005  0.007
   0.31047      7.807178  0.000  0.002  0.005  0.007
   0.33869      7.753275  0.002  0.006  0.010  0.019
   0.36691      7.549942  0.004  0.002  0.004  0.010
   0.39514      7.511069  0.002  0.011  0.052  0.065
   0.42336      7.485113  0.002  0.010  0.048  0.062
   0.45159      7.413013  0.000  0.002  0.002  0.004
   0.47981      7.334477  0.000  0.007  0.008  0.015
   0.50804      7.308989  0.000  0.011  0.046  0.058
   0.53626      7.298946  0.000  0.006  0.094  0.100
   0.53626      7.298946  0.000  0.006  0.094  0.100
   0.56448      7.299528  0.000  0.006  0.092  0.098
   0.59271      7.302875  0.000  0.008  0.088  0.096
   0.62093      7.320464  0.000  0.000  0.000  0.000
   0.64916      7.369340  0.000  0.000  0.000  0.000
   0.67738      7.413612  0.000  0.000  0.002  0.002
   0.70561      7.445066  0.000  0.004  0.008  0.013
   0.73383      7.467701  0.000  0.008  0.014  0.022
   0.76205      7.472722  0.001  0.022  0.031  0.056
   0.79028      7.480168  0.002  0.026  0.018  0.046
   0.81850      7.472369  0.000  0.005  0.008  0.013
   0.84673      7.521101  0.004  0.028  0.020  0.050
   0.87495      7.591549  0.002  0.028  0.018  0.049
   0.90317      7.590030  0.000  0.000  0.006  0.010
   0.93140      7.555155  0.002  0.018  0.018  0.040
   0.95962      7.493681  0.000  0.008  0.021  0.029
   0.98785      7.453547  0.001  0.000  0.016  0.017
   1.01607      7.464001  0.004  0.008  0.026  0.038
   1.04430      7.459519  0.000  0.010  0.017  0.028
   1.07252      7.455021  0.000  0.012  0.012  0.024
   1.07252      7.455021  0.000  0.012  0.012  0.024
   1.11243      7.464525  0.000  0.012  0.014  0.026
   1.15235      7.493256  0.000  0.013  0.020  0.032
   1.19226      7.542016  0.000  0.014  0.028  0.042
   1.23218      7.548248  0.002  0.014  0.006  0.022
   1.27209      7.614369  0.000  0.006  0.034  0.039
   1.31201      7.662305  0.000  0.002  0.006  0.008
   1.35192      7.747153  0.000  0.015  0.016  0.032
   1.39184      7.715988  0.002  0.008  0.009  0.018
   1.43176      7.737462  0.003  0.008  0.012  0.024
   1.47167      7.716782  0.000  0.004  0.004  0.010
   1.51159      7.692318  0.000  0.015  0.022  0.039
   1.55150      7.758300  0.000  0.028  0.029  0.057
   1.59142      7.815738  0.000  0.011  0.010  0.021
   1.63133      7.800075  0.000  0.004  0.002  0.006
   1.67125      7.821992  0.000  0.006  0.024  0.029
   1.71116      7.813005  0.000  0.008  0.018  0.027
   1.75108      7.819864  0.000  0.011  0.016  0.024
   1.79099      7.815163  0.000  0.013  0.008  0.022
   1.83091      7.809556  0.000  0.013  0.006  0.018
 
# Band-Index:  170
   1.83091      7.809556  0.000  0.013  0.006  0.018
   1.79099      7.822212  0.004  0.015  0.000  0.022
   1.75108      7.868844  0.004  0.016  0.000  0.022
   1.71116      7.897287  0.002  0.020  0.006  0.028
   1.67125      7.849491  0.000  0.000  0.075  0.075
   1.63133      7.848299  0.000  0.004  0.014  0.018
   1.59142      7.819997  0.000  0.002  0.008  0.012
   1.55150      7.768287  0.000  0.002  0.012  0.018
   1.51159      7.733784  0.000  0.017  0.010  0.027
   1.47167      7.755716  0.000  0.000  0.003  0.004
   1.43176      7.751039  0.000  0.024  0.007  0.032
   1.39184      7.749090  0.000  0.023  0.028  0.054
   1.35192      7.758364  0.000  0.023  0.010  0.033
   1.31201      7.726519  0.000  0.004  0.006  0.009
   1.27209      7.635379  0.002  0.003  0.016  0.020
   1.23218      7.612926  0.000  0.014  0.041  0.056
   1.19226      7.569648  0.004  0.015  0.018  0.037
   1.15235      7.606366  0.002  0.027  0.010  0.038
   1.11243      7.580508  0.003  0.006  0.014  0.022
   1.07252      7.485102  0.002  0.010  0.004  0.014
   1.07252      7.485102  0.002  0.010  0.004  0.014
   1.04430      7.546574  0.002  0.006  0.008  0.014
   1.01607      7.557003  0.000  0.034  0.008  0.042
   0.98785      7.522366  0.002  0.028  0.008  0.037
   0.95962      7.555372  0.002  0.008  0.008  0.016
   0.93140      7.561685  0.000  0.018  0.007  0.024
   0.90317      7.595930  0.008  0.008  0.028  0.044
   0.87495      7.686078  0.000  0.007  0.014  0.022
   0.84673      7.655200  0.002  0.028  0.016  0.046
   0.81850      7.567303  0.002  0.028  0.018  0.047
   0.79028      7.488095  0.000  0.010  0.007  0.017
   0.76205      7.493839  0.001  0.010  0.004  0.016
   0.73383      7.486618  0.000  0.022  0.041  0.064
   0.70561      7.484472  0.000  0.015  0.041  0.055
   0.67738      7.461796  0.000  0.003  0.026  0.029
   0.64916      7.427129  0.000  0.002  0.004  0.008
   0.62093      7.417028  0.000  0.009  0.004  0.016
   0.59271      7.422346  0.000  0.014  0.008  0.023
   0.56448      7.432094  0.000  0.015  0.010  0.026
   0.53626      7.442107  0.002  0.000  0.002  0.004
   0.53626      7.442107  0.002  0.000  0.002  0.004
   0.50804      7.437820  0.000  0.052  0.030  0.083
   0.47981      7.438985  0.000  0.036  0.022  0.060
   0.45159      7.469947  0.002  0.008  0.044  0.056
   0.42336      7.506052  0.000  0.003  0.002  0.005
   0.39514      7.598451  0.000  0.002  0.002  0.006
   0.36691      7.682907  0.000  0.002  0.004  0.006
   0.33869      7.753917  0.000  0.002  0.004  0.007
   0.31047      7.881819  0.000  0.015  0.028  0.044
   0.28224      7.903970  0.000  0.014  0.032  0.048
   0.25402      7.855426  0.000  0.002  0.013  0.016
   0.22579      7.874631  0.000  0.008  0.044  0.056
   0.19757      7.829045  0.000  0.004  0.046  0.050
   0.16935      7.831468  0.000  0.004  0.031  0.036
   0.14112      7.834498  0.000  0.012  0.006  0.018
   0.11290      7.818315  0.000  0.012  0.006  0.018
   0.08467      7.833265  0.003  0.013  0.016  0.030
   0.05645      7.833828  0.004  0.016  0.002  0.022
   0.02822      7.812371  0.000  0.012  0.006  0.019
   0.00000      7.809556  0.000  0.013  0.006  0.018
 
# Band-Index:  171
   0.00000      8.293305  0.000  0.000  0.055  0.055
   0.02822      8.209793  0.000  0.008  0.053  0.061
   0.05645      8.088661  0.000  0.006  0.058  0.066
   0.08467      7.995122  0.002  0.010  0.049  0.060
   0.11290      7.973306  0.002  0.014  0.021  0.035
   0.14112      7.901759  0.000  0.004  0.004  0.009
   0.16935      7.861820  0.000  0.010  0.005  0.016
   0.19757      7.883727  0.000  0.008  0.035  0.041
   0.22579      7.940295  0.000  0.011  0.035  0.046
   0.25402      7.901079  0.000  0.014  0.038  0.052
   0.28224      7.947400  0.000  0.004  0.034  0.036
   0.31047      7.911354  0.000  0.008  0.022  0.030
   0.33869      7.835146  0.000  0.014  0.024  0.040
   0.36691      7.767405  0.000  0.014  0.024  0.038
   0.39514      7.684120  0.000  0.016  0.020  0.036
   0.42336      7.592157  0.000  0.016  0.019  0.038
   0.45159      7.501782  0.000  0.020  0.020  0.040
   0.47981      7.470552  0.004  0.008  0.038  0.051
   0.50804      7.465761  0.002  0.000  0.002  0.004
   0.53626      7.449894  0.000  0.058  0.033  0.091
   0.53626      7.449894  0.000  0.058  0.033  0.091
   0.56448      7.446761  0.000  0.050  0.036  0.086
   0.59271      7.444597  0.000  0.041  0.041  0.085
   0.62093      7.451668  0.000  0.040  0.046  0.086
   0.64916      7.467422  0.000  0.040  0.050  0.089
   0.67738      7.486181  0.000  0.041  0.054  0.094
   0.70561      7.501015  0.000  0.038  0.054  0.092
   0.73383      7.511211  0.000  0.031  0.047  0.076
   0.76205      7.530685  0.000  0.022  0.043  0.065
   0.79028      7.588983  0.002  0.016  0.032  0.051
   0.81850      7.660978  0.002  0.015  0.030  0.048
   0.84673      7.734915  0.002  0.010  0.028  0.041
   0.87495      7.724153  0.000  0.000  0.002  0.004
   0.90317      7.667995  0.000  0.024  0.026  0.050
   0.93140      7.665721  0.004  0.018  0.030  0.054
   0.95962      7.623202  0.000  0.016  0.006  0.023
   0.98785      7.659058  0.000  0.040  0.018  0.058
   1.01607      7.630821  0.000  0.004  0.008  0.012
   1.04430      7.586516  0.000  0.038  0.004  0.043
   1.07252      7.597287  0.000  0.038  0.004  0.044
   1.07252      7.597287  0.000  0.038  0.004  0.044
   1.11243      7.595901  0.000  0.038  0.010  0.048
   1.15235      7.613998  0.006  0.011  0.021  0.039
   1.19226      7.584181  0.005  0.010  0.009  0.025
   1.23218      7.676207  0.000  0.016  0.018  0.034
   1.27209      7.665834  0.004  0.020  0.014  0.039
   1.31201      7.736296  0.000  0.008  0.012  0.022
   1.35192      7.767636  0.000  0.003  0.014  0.018
   1.39184      7.765284  0.000  0.027  0.016  0.043
   1.43176      7.771220  0.000  0.026  0.024  0.049
   1.47167      7.785182  0.002  0.010  0.016  0.028
   1.51159      7.767971  0.000  0.004  0.014  0.020
   1.55150      7.816625  0.000  0.010  0.014  0.026
   1.59142      7.837104  0.000  0.002  0.031  0.034
   1.63133      7.855435  0.000  0.005  0.027  0.032
   1.67125      7.871704  0.000  0.004  0.060  0.064
   1.71116      7.953139  0.000  0.000  0.084  0.084
   1.75108      8.069636  0.000  0.000  0.079  0.079
   1.79099      8.198247  0.000  0.002  0.069  0.071
   1.83091      8.293305  0.000  0.000  0.055  0.055
 
# Band-Index:  172
   1.83091      8.297258  0.000  0.000  0.055  0.055
   1.79099      8.200506  0.000  0.002  0.069  0.070
   1.75108      8.073339  0.000  0.000  0.077  0.077
   1.71116      7.955268  0.000  0.000  0.081  0.081
   1.67125      7.872014  0.000  0.014  0.026  0.040
   1.63133      7.859676  0.000  0.004  0.035  0.040
   1.59142      7.867626  0.000  0.000  0.000  0.000
   1.55150      7.843670  0.000  0.014  0.022  0.037
   1.51159      7.815012  0.000  0.008  0.010  0.016
   1.47167      7.785325  0.000  0.020  0.038  0.058
   1.43176      7.829041  0.000  0.004  0.005  0.010
   1.39184      7.807819  0.000  0.006  0.004  0.010
   1.35192      7.785106  0.002  0.006  0.010  0.018
   1.31201      7.798708  0.006  0.015  0.022  0.045
   1.27209      7.710694  0.000  0.014  0.048  0.062
   1.23218      7.702355  0.000  0.043  0.024  0.068
   1.19226      7.660407  0.000  0.040  0.016  0.054
   1.15235      7.626497  0.000  0.038  0.010  0.048
   1.11243      7.604753  0.000  0.038  0.004  0.046
   1.07252      7.597287  0.000  0.038  0.004  0.044
   1.07252      7.597287  0.000  0.038  0.004  0.044
   1.04430      7.609890  0.000  0.040  0.008  0.048
   1.01607      7.635493  0.000  0.042  0.012  0.054
   0.98785      7.673567  0.000  0.015  0.006  0.022
   0.95962      7.682494  0.000  0.032  0.021  0.053
   0.93140      7.669156  0.000  0.004  0.006  0.010
   0.90317      7.672419  0.002  0.028  0.014  0.044
   0.87495      7.741635  0.002  0.030  0.015  0.045
   0.84673      7.753921  0.000  0.006  0.019  0.026
   0.81850      7.753482  0.000  0.002  0.012  0.016
   0.79028      7.665898  0.000  0.000  0.004  0.007
   0.76205      7.550476  0.000  0.002  0.004  0.006
   0.73383      7.515263  0.002  0.004  0.027  0.034
   0.70561      7.530629  0.002  0.004  0.039  0.046
   0.67738      7.552223  0.002  0.004  0.045  0.050
   0.64916      7.537671  0.002  0.040  0.044  0.086
   0.62093      7.511526  0.002  0.042  0.044  0.088
   0.59271      7.487814  0.002  0.042  0.033  0.079
   0.56448      7.465667  0.001  0.042  0.028  0.071
   0.53626      7.452367  0.000  0.058  0.033  0.091
   0.53626      7.452367  0.000  0.058  0.033  0.091
   0.50804      7.482277  0.004  0.008  0.034  0.046
   0.47981      7.519172  0.002  0.000  0.004  0.006
   0.45159      7.574290  0.000  0.002  0.014  0.017
   0.42336      7.633027  0.000  0.004  0.020  0.024
   0.39514      7.700658  0.000  0.006  0.022  0.029
   0.36691      7.772784  0.000  0.008  0.024  0.030
   0.33869      7.843734  0.000  0.008  0.026  0.032
   0.31047      7.963125  0.002  0.004  0.008  0.014
   0.28224      7.971812  0.000  0.008  0.020  0.026
   0.25402      7.993814  0.000  0.016  0.034  0.050
   0.22579      7.952738  0.000  0.010  0.019  0.030
   0.19757      7.901231  0.000  0.008  0.006  0.012
   0.16935      7.887485  0.000  0.006  0.010  0.016
   0.14112      7.942052  0.002  0.004  0.022  0.026
   0.11290      7.976913  0.002  0.002  0.043  0.045
   0.08467      8.038950  0.002  0.000  0.061  0.063
   0.05645      8.129747  0.000  0.002  0.066  0.070
   0.02822      8.231785  0.000  0.001  0.065  0.067
   0.00000      8.297258  0.000  0.000  0.055  0.055
 
# Band-Index:  173
   0.00000      8.300972  0.004  0.022  0.008  0.036
   0.02822      8.301004  0.004  0.015  0.026  0.042
   0.05645      8.309214  0.004  0.015  0.027  0.044
   0.08467      8.307137  0.000  0.000  0.006  0.008
   0.11290      8.112802  0.000  0.002  0.013  0.015
   0.14112      8.016827  0.002  0.014  0.022  0.038
   0.16935      8.034279  0.002  0.018  0.012  0.032
   0.19757      8.032084  0.000  0.016  0.006  0.024
   0.22579      7.956079  0.000  0.002  0.010  0.013
   0.25402      8.014661  0.002  0.006  0.020  0.026
   0.28224      8.043962  0.000  0.020  0.022  0.041
   0.31047      8.002915  0.000  0.018  0.053  0.072
   0.33869      7.990961  0.000  0.028  0.056  0.085
   0.36691      7.924265  0.000  0.003  0.008  0.010
   0.39514      7.835542  0.000  0.002  0.002  0.006
   0.42336      7.749042  0.000  0.003  0.009  0.012
   0.45159      7.663311  0.000  0.002  0.024  0.029
   0.47981      7.579792  0.000  0.042  0.056  0.098
   0.50804      7.492012  0.000  0.050  0.045  0.096
   0.53626      7.490092  0.004  0.008  0.034  0.046
   0.53626      7.490092  0.004  0.008  0.034  0.046
   0.56448      7.505462  0.004  0.017  0.029  0.050
   0.59271      7.540267  0.004  0.023  0.025  0.052
   0.62093      7.584221  0.001  0.007  0.030  0.039
   0.64916      7.580848  0.000  0.004  0.050  0.054
   0.67738      7.578101  0.002  0.034  0.028  0.065
   0.70561      7.641431  0.002  0.026  0.012  0.039
   0.73383      7.675999  0.000  0.002  0.016  0.018
   0.76205      7.706476  0.000  0.002  0.013  0.014
   0.79028      7.733159  0.000  0.002  0.010  0.013
   0.81850      7.774010  0.000  0.002  0.009  0.011
   0.84673      7.812519  0.000  0.000  0.006  0.006
   0.87495      7.759856  0.000  0.002  0.012  0.013
   0.90317      7.730571  0.000  0.008  0.022  0.031
   0.93140      7.726228  0.002  0.027  0.010  0.040
   0.95962      7.751048  0.000  0.016  0.006  0.022
   0.98785      7.709969  0.000  0.004  0.006  0.012
   1.01607      7.689871  0.004  0.008  0.020  0.032
   1.04430      7.689729  0.006  0.010  0.034  0.050
   1.07252      7.694629  0.006  0.010  0.040  0.057
   1.07252      7.694629  0.006  0.010  0.040  0.057
   1.11243      7.688022  0.004  0.010  0.026  0.041
   1.15235      7.687642  0.004  0.010  0.015  0.033
   1.19226      7.763295  0.002  0.004  0.005  0.010
   1.23218      7.749926  0.004  0.008  0.012  0.022
   1.27209      7.746483  0.000  0.049  0.039  0.089
   1.31201      7.807884  0.000  0.052  0.069  0.121
   1.35192      7.819131  0.002  0.006  0.004  0.010
   1.39184      7.828967  0.000  0.006  0.002  0.010
   1.43176      7.841937  0.000  0.006  0.005  0.011
   1.47167      7.802354  0.000  0.004  0.010  0.016
   1.51159      7.830545  0.000  0.006  0.048  0.055
   1.55150      7.894573  0.000  0.006  0.010  0.012
   1.59142      7.871875  0.000  0.008  0.024  0.032
   1.63133      7.985628  0.000  0.000  0.016  0.016
   1.67125      8.037206  0.002  0.014  0.014  0.030
   1.71116      8.041170  0.004  0.014  0.030  0.048
   1.75108      8.119330  0.004  0.018  0.034  0.052
   1.79099      8.226463  0.004  0.020  0.028  0.050
   1.83091      8.300972  0.004  0.022  0.008  0.036
 
# Band-Index:  174
   1.83091      8.416684  0.000  0.010  0.078  0.089
   1.79099      8.344124  0.000  0.011  0.048  0.061
   1.75108      8.260566  0.002  0.010  0.040  0.052
   1.71116      8.197485  0.002  0.008  0.034  0.044
   1.67125      8.151311  0.002  0.004  0.027  0.030
   1.63133      7.987811  0.000  0.006  0.008  0.014
   1.59142      7.939312  0.000  0.006  0.038  0.044
   1.55150      7.910242  0.000  0.002  0.010  0.012
   1.51159      7.867905  0.000  0.018  0.021  0.039
   1.47167      7.844108  0.004  0.008  0.013  0.024
   1.43176      7.844463  0.000  0.014  0.015  0.029
   1.39184      7.868131  0.000  0.020  0.031  0.051
   1.35192      7.880203  0.000  0.023  0.009  0.032
   1.31201      7.836608  0.000  0.005  0.039  0.043
   1.27209      7.784919  0.002  0.022  0.012  0.036
   1.23218      7.803744  0.000  0.006  0.004  0.012
   1.19226      7.764991  0.000  0.013  0.020  0.034
   1.15235      7.756183  0.000  0.010  0.004  0.016
   1.11243      7.754167  0.002  0.008  0.014  0.024
   1.07252      7.780189  0.004  0.000  0.002  0.006
   1.07252      7.780188  0.004  0.000  0.002  0.006
   1.04430      7.764835  0.000  0.008  0.010  0.018
   1.01607      7.722306  0.000  0.010  0.008  0.022
   0.98785      7.721650  0.000  0.009  0.008  0.017
   0.95962      7.758835  0.010  0.012  0.023  0.046
   0.93140      7.760764  0.000  0.011  0.016  0.027
   0.90317      7.780179  0.000  0.004  0.006  0.008
   0.87495      7.769655  0.000  0.018  0.029  0.047
   0.84673      7.852608  0.001  0.007  0.025  0.032
   0.81850      7.794706  0.000  0.000  0.006  0.008
   0.79028      7.734767  0.000  0.002  0.012  0.014
   0.76205      7.710342  0.000  0.002  0.012  0.014
   0.73383      7.701361  0.000  0.004  0.012  0.018
   0.70561      7.652018  0.000  0.000  0.023  0.023
   0.67738      7.641096  0.000  0.000  0.029  0.030
   0.64916      7.619764  0.000  0.012  0.023  0.035
   0.62093      7.586777  0.004  0.025  0.019  0.049
   0.59271      7.562741  0.000  0.002  0.041  0.044
   0.56448      7.552528  0.000  0.000  0.045  0.047
   0.53626      7.549635  0.000  0.000  0.047  0.047
   0.53626      7.549635  0.000  0.000  0.047  0.047
   0.50804      7.559158  0.000  0.000  0.047  0.047
   0.47981      7.594214  0.000  0.002  0.041  0.043
   0.45159      7.679965  0.000  0.036  0.060  0.098
   0.42336      7.779124  0.000  0.036  0.060  0.097
   0.39514      7.869268  0.000  0.034  0.058  0.093
   0.36691      7.942705  0.000  0.032  0.058  0.090
   0.33869      8.018172  0.000  0.004  0.022  0.027
   0.31047      8.092842  0.000  0.014  0.006  0.022
   0.28224      8.096456  0.000  0.004  0.028  0.032
   0.25402      8.026241  0.000  0.000  0.020  0.020
   0.22579      8.036332  0.002  0.006  0.024  0.032
   0.19757      8.049958  0.002  0.004  0.034  0.040
   0.16935      8.087467  0.000  0.002  0.042  0.044
   0.14112      8.192768  0.000  0.000  0.035  0.038
   0.11290      8.336635  0.000  0.005  0.032  0.038
   0.08467      8.322016  0.004  0.015  0.028  0.044
   0.05645      8.416780  0.002  0.013  0.018  0.034
   0.02822      8.415710  0.002  0.012  0.026  0.040
   0.00000      8.416684  0.000  0.010  0.078  0.089
 
# Band-Index:  175
   0.00000      8.416684  0.000  0.010  0.078  0.089
   0.02822      8.417120  0.000  0.010  0.078  0.089
   0.05645      8.418466  0.000  0.010  0.077  0.088
   0.08467      8.412125  0.002  0.010  0.025  0.035
   0.11290      8.338900  0.001  0.010  0.031  0.042
   0.14112      8.356175  0.004  0.014  0.031  0.047
   0.16935      8.307019  0.000  0.002  0.030  0.036
   0.19757      8.186226  0.002  0.004  0.038  0.045
   0.22579      8.147487  0.002  0.012  0.026  0.038
   0.25402      8.143586  0.000  0.014  0.014  0.030
   0.28224      8.119947  0.000  0.008  0.006  0.016
   0.31047      8.107134  0.000  0.008  0.044  0.052
   0.33869      8.025500  0.000  0.012  0.006  0.017
   0.36691      7.949579  0.000  0.008  0.008  0.016
   0.39514      7.874157  0.000  0.008  0.008  0.017
   0.42336      7.804666  0.000  0.008  0.009  0.016
   0.45159      7.742292  0.000  0.010  0.009  0.020
   0.47981      7.687538  0.000  0.010  0.010  0.020
   0.50804      7.644883  0.000  0.012  0.008  0.022
   0.53626      7.627020  0.000  0.014  0.008  0.022
   0.53626      7.627020  0.000  0.014  0.008  0.022
   0.56448      7.629284  0.000  0.014  0.008  0.022
   0.59271      7.635964  0.000  0.014  0.008  0.022
   0.62093      7.616336  0.000  0.004  0.054  0.058
   0.64916      7.636555  0.002  0.014  0.013  0.029
   0.67738      7.666989  0.000  0.014  0.018  0.031
   0.70561      7.691488  0.000  0.008  0.012  0.020
   0.73383      7.715351  0.002  0.020  0.006  0.028
   0.76205      7.786836  0.002  0.016  0.008  0.026
   0.79028      7.844350  0.000  0.020  0.004  0.024
   0.81850      7.867894  0.000  0.018  0.006  0.027
   0.84673      7.854192  0.000  0.008  0.008  0.016
   0.87495      7.811779  0.002  0.014  0.027  0.044
   0.90317      7.829512  0.002  0.028  0.014  0.044
   0.93140      7.788158  0.004  0.016  0.016  0.037
   0.95962      7.778652  0.000  0.018  0.003  0.021
   0.98785      7.787844  0.008  0.008  0.023  0.041
   1.01607      7.795615  0.001  0.000  0.007  0.011
   1.04430      7.783357  0.003  0.000  0.003  0.006
   1.07252      7.784852  0.000  0.002  0.012  0.016
   1.07252      7.784852  0.000  0.002  0.012  0.016
   1.11243      7.786009  0.002  0.000  0.005  0.008
   1.15235      7.799378  0.000  0.000  0.013  0.014
   1.19226      7.808935  0.004  0.020  0.008  0.033
   1.23218      7.830033  0.002  0.017  0.009  0.028
   1.27209      7.822985  0.002  0.018  0.008  0.030
   1.31201      7.841007  0.004  0.012  0.006  0.022
   1.35192      7.912907  0.002  0.018  0.004  0.024
   1.39184      7.886815  0.000  0.014  0.009  0.024
   1.43176      7.847010  0.000  0.012  0.012  0.025
   1.47167      7.879087  0.000  0.021  0.018  0.040
   1.51159      7.952807  0.002  0.008  0.016  0.028
   1.55150      7.937334  0.000  0.000  0.028  0.028
   1.59142      7.990470  0.000  0.004  0.008  0.012
   1.63133      8.088999  0.000  0.002  0.016  0.018
   1.67125      8.152720  0.000  0.000  0.011  0.011
   1.71116      8.332156  0.000  0.002  0.002  0.006
   1.75108      8.509367  0.000  0.004  0.007  0.011
   1.79099      8.485842  0.001  0.011  0.055  0.070
   1.83091      8.416684  0.000  0.010  0.078  0.089
 
# Band-Index:  176
   1.83091      8.420835  0.000  0.009  0.078  0.089
   1.79099      8.495360  0.003  0.013  0.023  0.041
   1.75108      8.527595  0.000  0.000  0.005  0.005
   1.71116      8.333981  0.000  0.000  0.007  0.008
   1.67125      8.161129  0.000  0.004  0.008  0.013
   1.63133      8.094237  0.002  0.015  0.015  0.032
   1.59142      8.068744  0.000  0.000  0.028  0.029
   1.55150      7.979691  0.000  0.004  0.034  0.040
   1.51159      7.972647  0.000  0.002  0.005  0.008
   1.47167      7.999969  0.000  0.000  0.042  0.043
   1.43176      7.919293  0.000  0.006  0.040  0.048
   1.39184      7.929750  0.000  0.002  0.003  0.006
   1.35192      7.932292  0.000  0.025  0.058  0.084
   1.31201      7.856412  0.002  0.005  0.010  0.018
   1.27209      7.909242  0.000  0.002  0.018  0.018
   1.23218      7.863182  0.000  0.002  0.016  0.016
   1.19226      7.828503  0.000  0.002  0.014  0.018
   1.15235      7.804144  0.000  0.002  0.014  0.016
   1.11243      7.789661  0.000  0.002  0.012  0.016
   1.07252      7.784852  0.000  0.002  0.012  0.016
   1.07252      7.784853  0.000  0.002  0.012  0.016
   1.04430      7.791198  0.001  0.004  0.014  0.018
   1.01607      7.799463  0.003  0.006  0.019  0.027
   0.98785      7.816473  0.001  0.000  0.013  0.013
   0.95962      7.813871  0.000  0.002  0.016  0.018
   0.93140      7.838505  0.000  0.020  0.008  0.026
   0.90317      7.869148  0.000  0.012  0.021  0.033
   0.87495      7.870899  0.000  0.000  0.005  0.007
   0.84673      7.870992  0.000  0.006  0.008  0.016
   0.81850      7.879748  0.002  0.002  0.018  0.022
   0.79028      7.847070  0.002  0.010  0.010  0.022
   0.76205      7.823753  0.000  0.020  0.004  0.024
   0.73383      7.784565  0.000  0.006  0.012  0.019
   0.70561      7.722732  0.000  0.012  0.014  0.026
   0.67738      7.676701  0.000  0.010  0.012  0.022
   0.64916      7.649186  0.002  0.013  0.043  0.057
   0.62093      7.646705  0.000  0.014  0.010  0.022
   0.59271      7.654115  0.000  0.004  0.058  0.062
   0.56448      7.658569  0.000  0.000  0.041  0.041
   0.53626      7.659942  0.000  0.000  0.039  0.041
   0.53626      7.659942  0.000  0.000  0.039  0.041
   0.50804      7.674489  0.000  0.000  0.040  0.041
   0.47981      7.716813  0.000  0.002  0.041  0.042
   0.45159      7.783456  0.000  0.002  0.042  0.044
   0.42336      7.869671  0.000  0.004  0.042  0.047
   0.39514      7.961983  0.001  0.014  0.059  0.076
   0.36691      8.038822  0.001  0.014  0.058  0.072
   0.33869      8.123081  0.001  0.010  0.046  0.058
   0.31047      8.136056  0.000  0.009  0.004  0.013
   0.28224      8.187280  0.000  0.010  0.060  0.070
   0.25402      8.278810  0.000  0.008  0.065  0.074
   0.22579      8.379875  0.000  0.003  0.069  0.073
   0.19757      8.390243  0.004  0.014  0.031  0.047
   0.16935      8.374356  0.004  0.014  0.031  0.048
   0.14112      8.428628  0.000  0.015  0.071  0.087
   0.11290      8.424210  0.000  0.012  0.074  0.087
   0.08467      8.420808  0.000  0.012  0.076  0.087
   0.05645      8.423130  0.000  0.010  0.077  0.088
   0.02822      8.421395  0.000  0.010  0.078  0.089
   0.00000      8.420835  0.000  0.009  0.078  0.089
 
# Band-Index:  177
   0.00000      8.420835  0.000  0.009  0.078  0.089
   0.02822      8.502303  0.001  0.010  0.045  0.058
   0.05645      8.509030  0.000  0.000  0.005  0.008
   0.08467      8.426184  0.000  0.011  0.077  0.087
   0.11290      8.430723  0.000  0.012  0.075  0.087
   0.14112      8.436858  0.000  0.013  0.072  0.086
   0.16935      8.433860  0.000  0.016  0.069  0.086
   0.19757      8.430620  0.000  0.007  0.053  0.060
   0.22579      8.399638  0.004  0.011  0.032  0.046
   0.25402      8.379637  0.002  0.006  0.016  0.024
   0.28224      8.192828  0.000  0.011  0.007  0.019
   0.31047      8.143250  0.000  0.011  0.039  0.050
   0.33869      8.148489  0.000  0.020  0.050  0.069
   0.36691      8.080909  0.001  0.007  0.045  0.054
   0.39514      7.970805  0.001  0.006  0.044  0.050
   0.42336      7.902264  0.000  0.016  0.053  0.068
   0.45159      7.867071  0.000  0.015  0.040  0.055
   0.47981      7.800153  0.000  0.018  0.064  0.082
   0.50804      7.728300  0.000  0.009  0.064  0.074
   0.53626      7.697008  0.000  0.004  0.063  0.067
   0.53626      7.697008  0.000  0.004  0.063  0.067
   0.56448      7.684843  0.000  0.004  0.062  0.066
   0.59271      7.654650  0.000  0.000  0.041  0.041
   0.62093      7.649075  0.000  0.000  0.042  0.043
   0.64916      7.660777  0.000  0.012  0.010  0.022
   0.67738      7.706038  0.004  0.025  0.018  0.047
   0.70561      7.772544  0.004  0.021  0.014  0.039
   0.73383      7.815588  0.002  0.014  0.006  0.024
   0.76205      7.849216  0.000  0.002  0.010  0.012
   0.79028      7.912530  0.000  0.000  0.006  0.006
   0.81850      7.928433  0.000  0.002  0.010  0.012
   0.84673      7.886204  0.000  0.000  0.006  0.007
   0.87495      7.878256  0.000  0.000  0.004  0.005
   0.90317      7.879666  0.002  0.008  0.014  0.024
   0.93140      7.901114  0.001  0.009  0.011  0.021
   0.95962      7.895502  0.002  0.024  0.014  0.040
   0.98785      7.912923  0.002  0.035  0.010  0.048
   1.01607      7.940889  0.000  0.028  0.004  0.034
   1.04430      7.955080  0.000  0.015  0.000  0.016
   1.07252      7.958284  0.000  0.010  0.000  0.010
   1.07252      7.958288  0.000  0.010  0.000  0.010
   1.11243      7.962374  0.000  0.014  0.000  0.014
   1.15235      7.918835  0.000  0.017  0.012  0.030
   1.19226      7.865519  0.000  0.004  0.006  0.013
   1.23218      7.876664  0.000  0.012  0.005  0.020
   1.27209      7.911255  0.002  0.007  0.010  0.018
   1.31201      7.880035  0.002  0.019  0.026  0.051
   1.35192      7.948057  0.006  0.006  0.034  0.047
   1.39184      8.071181  0.000  0.032  0.046  0.077
   1.43176      8.103564  0.000  0.014  0.015  0.028
   1.47167      8.040472  0.000  0.006  0.008  0.015
   1.51159      8.100551  0.000  0.010  0.026  0.036
   1.55150      8.118941  0.000  0.018  0.010  0.030
   1.59142      8.122713  0.000  0.018  0.008  0.028
   1.63133      8.218114  0.000  0.000  0.024  0.025
   1.67125      8.380722  0.000  0.000  0.020  0.022
   1.71116      8.544734  0.002  0.014  0.004  0.021
   1.75108      8.529737  0.004  0.014  0.016  0.033
   1.79099      8.523805  0.000  0.009  0.065  0.073
   1.83091      8.420835  0.000  0.009  0.078  0.089
 
# Band-Index:  178
   1.83091      8.447125  0.004  0.016  0.000  0.020
   1.79099      8.525977  0.000  0.009  0.065  0.075
   1.75108      8.590704  0.000  0.008  0.041  0.049
   1.71116      8.555161  0.000  0.000  0.016  0.017
   1.67125      8.455386  0.000  0.010  0.016  0.028
   1.63133      8.372029  0.000  0.008  0.034  0.042
   1.59142      8.344381  0.000  0.005  0.041  0.048
   1.55150      8.244238  0.000  0.002  0.036  0.038
   1.51159      8.115373  0.000  0.002  0.038  0.040
   1.47167      8.112487  0.000  0.004  0.020  0.024
   1.43176      8.104647  0.000  0.000  0.016  0.019
   1.39184      8.083310  0.007  0.004  0.028  0.040
   1.35192      7.963082  0.006  0.014  0.035  0.056
   1.31201      7.950521  0.000  0.050  0.031  0.080
   1.27209      7.957737  0.002  0.018  0.020  0.040
   1.23218      7.938852  0.000  0.008  0.007  0.014
   1.19226      7.930884  0.000  0.002  0.007  0.008
   1.15235      7.950346  0.000  0.001  0.010  0.011
   1.11243      7.965899  0.000  0.027  0.006  0.033
   1.07252      7.958319  0.000  0.010  0.000  0.010
   1.07252      7.958292  0.000  0.010  0.000  0.010
   1.04430      7.968715  0.000  0.013  0.000  0.014
   1.01607      7.968250  0.000  0.019  0.013  0.033
   0.98785      7.920579  0.000  0.013  0.011  0.024
   0.95962      7.901419  0.000  0.006  0.011  0.016
   0.93140      7.907429  0.001  0.033  0.013  0.046
   0.90317      7.895262  0.002  0.031  0.015  0.049
   0.87495      7.938256  0.002  0.030  0.020  0.052
   0.84673      7.933571  0.000  0.014  0.004  0.018
   0.81850      7.965493  0.002  0.008  0.014  0.024
   0.79028      7.929855  0.000  0.002  0.009  0.010
   0.76205      7.906979  0.004  0.014  0.008  0.025
   0.73383      7.840863  0.004  0.017  0.012  0.032
   0.70561      7.828155  0.002  0.010  0.010  0.020
   0.67738      7.861002  0.002  0.006  0.014  0.022
   0.64916      7.893158  0.000  0.014  0.020  0.034
   0.62093      7.873460  0.000  0.012  0.022  0.036
   0.59271      7.860613  0.000  0.012  0.024  0.038
   0.56448      7.853527  0.000  0.012  0.024  0.039
   0.53626      7.851283  0.000  0.012  0.025  0.039
   0.53626      7.851283  0.000  0.012  0.025  0.039
   0.50804      7.850856  0.000  0.014  0.026  0.040
   0.47981      7.853181  0.000  0.014  0.032  0.046
   0.45159      7.886398  0.000  0.022  0.066  0.088
   0.42336      7.973574  0.000  0.026  0.065  0.091
   0.39514      8.052554  0.000  0.027  0.062  0.089
   0.36691      8.114390  0.000  0.026  0.056  0.082
   0.33869      8.195578  0.002  0.008  0.048  0.059
   0.31047      8.221688  0.002  0.008  0.027  0.035
   0.28224      8.344586  0.002  0.006  0.012  0.021
   0.25402      8.415558  0.000  0.007  0.019  0.026
   0.22579      8.445948  0.000  0.020  0.063  0.083
   0.19757      8.439616  0.000  0.018  0.066  0.084
   0.16935      8.439870  0.002  0.013  0.034  0.048
   0.14112      8.442341  0.001  0.015  0.023  0.039
   0.11290      8.450963  0.002  0.016  0.009  0.027
   0.08467      8.530987  0.002  0.008  0.006  0.016
   0.05645      8.557918  0.002  0.010  0.027  0.041
   0.02822      8.504279  0.001  0.010  0.057  0.068
   0.00000      8.447125  0.004  0.016  0.000  0.020
 
# Band-Index:  179
   0.00000      8.670468  0.000  0.002  0.002  0.004
   0.02822      8.675192  0.000  0.002  0.005  0.008
   0.05645      8.618024  0.000  0.006  0.044  0.051
   0.08467      8.637081  0.004  0.012  0.024  0.040
   0.11290      8.605883  0.002  0.002  0.023  0.026
   0.14112      8.458338  0.001  0.004  0.024  0.029
   0.16935      8.444586  0.000  0.014  0.071  0.085
   0.19757      8.453713  0.000  0.014  0.069  0.083
   0.22579      8.463679  0.000  0.016  0.065  0.080
   0.25402      8.454623  0.000  0.022  0.058  0.081
   0.28224      8.380813  0.000  0.008  0.040  0.048
   0.31047      8.306878  0.000  0.008  0.053  0.065
   0.33869      8.274030  0.000  0.004  0.004  0.008
   0.36691      8.328923  0.000  0.002  0.014  0.016
   0.39514      8.295611  0.000  0.002  0.012  0.014
   0.42336      8.239182  0.000  0.000  0.007  0.007
   0.45159      8.175283  0.000  0.000  0.004  0.004
   0.47981      8.127507  0.000  0.000  0.004  0.004
   0.50804      8.097683  0.000  0.000  0.002  0.002
   0.53626      8.087497  0.000  0.000  0.002  0.002
   0.53626      8.087497  0.000  0.000  0.002  0.002
   0.56448      8.081241  0.000  0.000  0.002  0.002
   0.59271      8.041779  0.000  0.002  0.019  0.022
   0.62093      7.970508  0.000  0.002  0.018  0.021
   0.64916      7.909489  0.002  0.004  0.018  0.022
   0.67738      7.920498  0.000  0.014  0.018  0.032
   0.70561      7.955554  0.000  0.016  0.016  0.032
   0.73383      7.959600  0.000  0.000  0.008  0.008
   0.76205      7.942846  0.000  0.002  0.010  0.010
   0.79028      7.962670  0.002  0.008  0.008  0.018
   0.81850      7.970789  0.000  0.000  0.004  0.004
   0.84673      7.972769  0.000  0.000  0.010  0.010
   0.87495      7.943319  0.000  0.018  0.012  0.029
   0.90317      7.897974  0.000  0.002  0.004  0.008
   0.93140      7.915538  0.000  0.005  0.019  0.025
   0.95962      7.979299  0.000  0.036  0.014  0.050
   0.98785      7.975667  0.000  0.002  0.018  0.020
   1.01607      7.980116  0.000  0.003  0.020  0.023
   1.04430      7.989198  0.002  0.008  0.006  0.016
   1.07252      7.970935  0.002  0.010  0.004  0.018
   1.07252      7.970935  0.002  0.010  0.004  0.018
   1.11243      7.978273  0.000  0.003  0.010  0.013
   1.15235      7.974302  0.000  0.022  0.004  0.026
   1.19226      7.987726  0.000  0.043  0.014  0.056
   1.23218      7.990189  0.000  0.050  0.021  0.069
   1.27209      7.979601  0.000  0.048  0.025  0.073
   1.31201      7.954825  0.002  0.014  0.008  0.024
   1.35192      8.004473  0.000  0.018  0.009  0.027
   1.39184      8.091655  0.003  0.006  0.035  0.045
   1.43176      8.153772  0.008  0.002  0.016  0.026
   1.47167      8.220685  0.006  0.008  0.014  0.029
   1.51159      8.228677  0.008  0.008  0.012  0.026
   1.55150      8.250171  0.008  0.008  0.016  0.032
   1.59142      8.345648  0.007  0.008  0.013  0.027
   1.63133      8.479747  0.004  0.008  0.008  0.020
   1.67125      8.591528  0.002  0.014  0.021  0.037
   1.71116      8.616458  0.000  0.008  0.028  0.037
   1.75108      8.677172  0.000  0.007  0.054  0.060
   1.79099      8.679478  0.000  0.002  0.006  0.008
   1.83091      8.670469  0.000  0.002  0.002  0.004
 
# Band-Index:  180
   1.83091      8.680329  0.006  0.020  0.004  0.030
   1.79099      8.715418  0.004  0.020  0.014  0.038
   1.75108      8.684756  0.000  0.011  0.058  0.068
   1.71116      8.630422  0.002  0.004  0.030  0.036
   1.67125      8.601620  0.004  0.005  0.012  0.020
   1.63133      8.531461  0.000  0.002  0.031  0.033
   1.59142      8.383054  0.000  0.002  0.034  0.036
   1.55150      8.319574  0.002  0.002  0.026  0.032
   1.51159      8.274789  0.002  0.002  0.014  0.018
   1.47167      8.222138  0.005  0.006  0.014  0.025
   1.43176      8.218397  0.006  0.012  0.022  0.040
   1.39184      8.133207  0.000  0.000  0.028  0.029
   1.35192      8.011320  0.000  0.024  0.045  0.068
   1.31201      7.968816  0.000  0.001  0.019  0.021
   1.27209      7.991202  0.002  0.015  0.006  0.025
   1.23218      7.997743  0.002  0.006  0.012  0.021
   1.19226      8.000277  0.004  0.018  0.013  0.035
   1.15235      7.985783  0.003  0.019  0.006  0.027
   1.11243      7.988846  0.000  0.012  0.009  0.022
   1.07252      8.006430  0.000  0.039  0.010  0.047
   1.07252      8.006425  0.000  0.039  0.010  0.047
   1.04430      7.997331  0.000  0.003  0.015  0.019
   1.01607      7.987491  0.000  0.016  0.008  0.022
   0.98785      7.983899  0.000  0.003  0.003  0.007
   0.95962      7.992900  0.000  0.000  0.002  0.004
   0.93140      8.003274  0.000  0.004  0.007  0.012
   0.90317      7.979539  0.000  0.012  0.012  0.024
   0.87495      7.978553  0.002  0.002  0.008  0.012
   0.84673      8.000813  0.002  0.014  0.017  0.033
   0.81850      8.033120  0.000  0.002  0.002  0.004
   0.79028      8.081493  0.000  0.027  0.012  0.040
   0.76205      8.042866  0.000  0.018  0.012  0.032
   0.73383      7.997329  0.000  0.016  0.014  0.030
   0.70561      7.976714  0.000  0.000  0.006  0.006
   0.67738      7.995597  0.000  0.000  0.004  0.004
   0.64916      8.017573  0.000  0.000  0.004  0.004
   0.62093      8.041641  0.000  0.000  0.003  0.003
   0.59271      8.064543  0.000  0.000  0.002  0.002
   0.56448      8.121096  0.000  0.002  0.019  0.021
   0.53626      8.202607  0.000  0.000  0.006  0.006
   0.53626      8.202607  0.000  0.000  0.006  0.006
   0.50804      8.209261  0.000  0.000  0.006  0.006
   0.47981      8.226144  0.000  0.000  0.006  0.008
   0.45159      8.246113  0.000  0.002  0.008  0.011
   0.42336      8.268156  0.000  0.002  0.010  0.013
   0.39514      8.317436  0.000  0.000  0.012  0.012
   0.36691      8.392911  0.000  0.002  0.024  0.026
   0.33869      8.363614  0.004  0.004  0.011  0.017
   0.31047      8.394661  0.004  0.006  0.006  0.016
   0.28224      8.454776  0.008  0.012  0.018  0.036
   0.25402      8.457613  0.002  0.018  0.014  0.038
   0.22579      8.482754  0.002  0.026  0.008  0.036
   0.19757      8.562035  0.000  0.022  0.010  0.034
   0.16935      8.633830  0.000  0.000  0.005  0.008
   0.14112      8.654858  0.004  0.012  0.012  0.030
   0.11290      8.639837  0.004  0.014  0.016  0.034
   0.08467      8.654928  0.000  0.000  0.020  0.022
   0.05645      8.694738  0.000  0.004  0.014  0.016
   0.02822      8.701131  0.004  0.022  0.010  0.034
   0.00000      8.680329  0.006  0.020  0.004  0.030
 
# Band-Index:  181
   0.00000      8.866505  0.000  0.002  0.006  0.010
   0.02822      8.729911  0.000  0.000  0.006  0.006
   0.05645      8.740870  0.000  0.009  0.028  0.038
   0.08467      8.720442  0.000  0.002  0.018  0.021
   0.11290      8.676585  0.000  0.002  0.002  0.005
   0.14112      8.659881  0.000  0.000  0.004  0.006
   0.16935      8.647029  0.000  0.016  0.011  0.028
   0.19757      8.597536  0.000  0.004  0.009  0.010
   0.22579      8.553161  0.000  0.004  0.016  0.020
   0.25402      8.473016  0.000  0.016  0.063  0.075
   0.28224      8.460013  0.004  0.015  0.027  0.045
   0.31047      8.450393  0.002  0.007  0.030  0.040
   0.33869      8.421891  0.000  0.007  0.020  0.027
   0.36691      8.398970  0.000  0.004  0.008  0.012
   0.39514      8.364357  0.002  0.004  0.014  0.020
   0.42336      8.324148  0.000  0.002  0.012  0.016
   0.45159      8.279910  0.000  0.006  0.036  0.040
   0.47981      8.242129  0.000  0.004  0.033  0.038
   0.50804      8.216669  0.000  0.002  0.032  0.036
   0.53626      8.207663  0.000  0.002  0.032  0.034
   0.53626      8.207663  0.000  0.002  0.032  0.034
   0.56448      8.230551  0.000  0.006  0.004  0.012
   0.59271      8.248711  0.000  0.008  0.006  0.016
   0.62093      8.243984  0.000  0.004  0.016  0.020
   0.64916      8.238098  0.000  0.004  0.016  0.020
   0.67738      8.233365  0.000  0.006  0.018  0.025
   0.70561      8.229736  0.000  0.008  0.022  0.033
   0.73383      8.197507  0.000  0.003  0.016  0.019
   0.76205      8.135890  0.000  0.002  0.014  0.016
   0.79028      8.092654  0.000  0.000  0.012  0.012
   0.81850      8.052867  0.002  0.009  0.004  0.014
   0.84673      8.019580  0.000  0.000  0.002  0.004
   0.87495      8.024577  0.000  0.000  0.006  0.006
   0.90317      8.010932  0.000  0.002  0.006  0.008
   0.93140      8.018109  0.000  0.001  0.008  0.008
   0.95962      7.994819  0.000  0.002  0.014  0.014
   0.98785      8.019771  0.002  0.025  0.005  0.030
   1.01607      7.994545  0.000  0.011  0.001  0.013
   1.04430      7.999753  0.000  0.032  0.010  0.043
   1.07252      8.006446  0.000  0.038  0.010  0.047
   1.07252      8.006567  0.000  0.037  0.010  0.047
   1.11243      8.006051  0.000  0.036  0.010  0.046
   1.15235      8.006694  0.000  0.027  0.010  0.038
   1.19226      8.017701  0.000  0.006  0.006  0.012
   1.23218      8.026187  0.002  0.019  0.009  0.030
   1.27209      8.022532  0.000  0.017  0.006  0.023
   1.31201      8.025621  0.000  0.013  0.006  0.017
   1.35192      8.047402  0.000  0.000  0.021  0.022
   1.39184      8.155979  0.005  0.008  0.010  0.022
   1.43176      8.220712  0.000  0.006  0.050  0.056
   1.47167      8.296958  0.002  0.008  0.026  0.037
   1.51159      8.352033  0.000  0.015  0.008  0.024
   1.55150      8.442282  0.000  0.000  0.024  0.024
   1.59142      8.530746  0.000  0.006  0.016  0.022
   1.63133      8.593506  0.001  0.014  0.016  0.030
   1.67125      8.688821  0.000  0.002  0.029  0.030
   1.71116      8.719581  0.000  0.002  0.006  0.008
   1.75108      8.704435  0.000  0.004  0.010  0.014
   1.79099      8.728563  0.000  0.000  0.006  0.006
   1.83091      8.866505  0.000  0.002  0.006  0.010
 
# Band-Index:  182
   1.83091      8.941901  0.000  0.000  0.002  0.002
   1.79099      8.737791  0.000  0.000  0.006  0.006
   1.75108      8.744194  0.000  0.010  0.026  0.036
   1.71116      8.819438  0.000  0.002  0.046  0.049
   1.67125      8.704439  0.000  0.002  0.006  0.006
   1.63133      8.700908  0.000  0.002  0.005  0.008
   1.59142      8.609851  0.002  0.008  0.008  0.016
   1.55150      8.462359  0.002  0.010  0.008  0.019
   1.51159      8.360158  0.004  0.008  0.020  0.031
   1.47167      8.312346  0.000  0.018  0.009  0.028
   1.43176      8.280497  0.000  0.000  0.008  0.008
   1.39184      8.174477  0.000  0.009  0.017  0.027
   1.35192      8.161084  0.000  0.000  0.006  0.006
   1.31201      8.142968  0.000  0.002  0.011  0.013
   1.27209      8.066512  0.000  0.000  0.002  0.004
   1.23218      8.030611  0.002  0.022  0.021  0.044
   1.19226      8.035561  0.001  0.011  0.014  0.026
   1.15235      8.026608  0.006  0.018  0.017  0.040
   1.11243      8.017679  0.002  0.007  0.016  0.026
   1.07252      8.008587  0.000  0.000  0.012  0.013
   1.07252      8.008370  0.000  0.000  0.013  0.013
   1.04430      8.001900  0.000  0.028  0.014  0.040
   1.01607      8.017526  0.002  0.004  0.008  0.015
   0.98785      8.025145  0.000  0.014  0.016  0.030
   0.95962      8.028454  0.000  0.000  0.006  0.006
   0.93140      8.028381  0.000  0.002  0.010  0.012
   0.90317      8.053149  0.000  0.002  0.008  0.010
   0.87495      8.050109  0.000  0.000  0.006  0.006
   0.84673      8.038175  0.000  0.031  0.008  0.039
   0.81850      8.071767  0.000  0.050  0.022  0.071
   0.79028      8.139378  0.000  0.034  0.029  0.063
   0.76205      8.174481  0.000  0.004  0.010  0.013
   0.73383      8.216236  0.000  0.005  0.012  0.018
   0.70561      8.274300  0.000  0.003  0.017  0.022
   0.67738      8.304753  0.002  0.012  0.007  0.022
   0.64916      8.286389  0.002  0.012  0.008  0.020
   0.62093      8.268031  0.002  0.010  0.008  0.018
   0.59271      8.249869  0.000  0.002  0.014  0.019
   0.56448      8.254229  0.000  0.002  0.014  0.016
   0.53626      8.222419  0.000  0.006  0.004  0.012
   0.53626      8.222419  0.000  0.006  0.004  0.012
   0.50804      8.230653  0.000  0.004  0.004  0.012
   0.47981      8.253375  0.000  0.006  0.008  0.011
   0.45159      8.286096  0.000  0.004  0.008  0.014
   0.42336      8.324429  0.000  0.008  0.036  0.043
   0.39514      8.369151  0.000  0.008  0.036  0.044
   0.36691      8.403560  0.000  0.008  0.010  0.019
   0.33869      8.435508  0.004  0.009  0.014  0.025
   0.31047      8.452759  0.002  0.009  0.029  0.040
   0.28224      8.472113  0.000  0.022  0.053  0.074
   0.25402      8.496499  0.000  0.004  0.016  0.020
   0.22579      8.584368  0.000  0.000  0.004  0.006
   0.19757      8.710888  0.002  0.000  0.018  0.024
   0.16935      8.790049  0.005  0.014  0.018  0.039
   0.14112      8.850182  0.002  0.002  0.024  0.028
   0.11290      8.866210  0.000  0.008  0.034  0.043
   0.08467      8.874305  0.000  0.014  0.038  0.051
   0.05645      8.802576  0.004  0.016  0.010  0.030
   0.02822      8.891570  0.000  0.002  0.004  0.010
   0.00000      8.941901  0.000  0.000  0.002  0.002
 
# Band-Index:  183
   0.00000      8.973205  0.000  0.000  0.004  0.004
   0.02822      8.958078  0.000  0.005  0.008  0.014
   0.05645      8.892998  0.000  0.006  0.010  0.017
   0.08467      8.901374  0.002  0.019  0.036  0.057
   0.11290      8.987342  0.000  0.004  0.010  0.014
   0.14112      8.906083  0.004  0.012  0.022  0.036
   0.16935      8.799685  0.003  0.001  0.022  0.026
   0.19757      8.764609  0.006  0.012  0.010  0.028
   0.22579      8.643001  0.000  0.004  0.006  0.011
   0.25402      8.520500  0.000  0.006  0.012  0.020
   0.28224      8.478340  0.000  0.014  0.056  0.070
   0.31047      8.473482  0.000  0.011  0.050  0.061
   0.33869      8.455761  0.000  0.010  0.044  0.055
   0.36691      8.412762  0.002  0.004  0.032  0.038
   0.39514      8.386212  0.000  0.006  0.006  0.012
   0.42336      8.353240  0.000  0.002  0.008  0.010
   0.45159      8.307078  0.000  0.002  0.010  0.014
   0.47981      8.274546  0.000  0.004  0.012  0.016
   0.50804      8.259730  0.000  0.002  0.012  0.018
   0.53626      8.255836  0.000  0.002  0.014  0.016
   0.53626      8.255836  0.000  0.002  0.014  0.016
   0.56448      8.289740  0.000  0.002  0.020  0.021
   0.59271      8.367399  0.000  0.002  0.019  0.021
   0.62093      8.410354  0.000  0.002  0.016  0.021
   0.64916      8.407018  0.000  0.004  0.019  0.024
   0.67738      8.352897  0.000  0.005  0.020  0.024
   0.70561      8.284261  0.000  0.005  0.017  0.022
   0.73383      8.224290  0.000  0.016  0.028  0.044
   0.76205      8.204453  0.000  0.030  0.038  0.069
   0.79028      8.159940  0.000  0.002  0.006  0.010
   0.81850      8.135975  0.000  0.002  0.008  0.010
   0.84673      8.112731  0.000  0.000  0.004  0.004
   0.87495      8.125005  0.000  0.000  0.006  0.008
   0.90317      8.134178  0.000  0.050  0.020  0.069
   0.93140      8.053001  0.002  0.028  0.012  0.042
   0.95962      8.031048  0.002  0.032  0.011  0.048
   0.98785      8.046703  0.000  0.025  0.004  0.029
   1.01607      8.043779  0.000  0.021  0.007  0.028
   1.04430      8.036379  0.000  0.008  0.010  0.018
   1.07252      8.042477  0.000  0.000  0.012  0.012
   1.07252      8.042204  0.000  0.000  0.013  0.013
   1.11243      8.029433  0.000  0.009  0.008  0.016
   1.15235      8.035068  0.000  0.004  0.002  0.008
   1.19226      8.043126  0.002  0.029  0.008  0.038
   1.23218      8.031121  0.000  0.020  0.009  0.032
   1.27209      8.098135  0.000  0.002  0.012  0.014
   1.31201      8.184521  0.000  0.000  0.006  0.006
   1.35192      8.170897  0.000  0.000  0.009  0.010
   1.39184      8.214533  0.000  0.002  0.016  0.019
   1.43176      8.292545  0.002  0.009  0.041  0.053
   1.47167      8.331006  0.000  0.007  0.049  0.056
   1.51159      8.450054  0.000  0.006  0.048  0.054
   1.55150      8.544354  0.008  0.024  0.038  0.069
   1.59142      8.696841  0.002  0.020  0.014  0.035
   1.63133      8.826986  0.004  0.000  0.020  0.026
   1.67125      8.850732  0.000  0.012  0.056  0.068
   1.71116      8.855317  0.000  0.012  0.057  0.069
   1.75108      8.755526  0.000  0.004  0.020  0.024
   1.79099      8.934845  0.003  0.006  0.006  0.014
   1.83091      8.973205  0.000  0.000  0.004  0.004
 
# Band-Index:  184
   1.83091      8.973205  0.000  0.000  0.004  0.004
   1.79099      8.946972  0.000  0.002  0.012  0.014
   1.75108      8.854712  0.004  0.018  0.006  0.030
   1.71116      8.861704  0.000  0.016  0.038  0.055
   1.67125      8.969652  0.000  0.004  0.057  0.063
   1.63133      8.835600  0.000  0.005  0.006  0.011
   1.59142      8.715669  0.000  0.004  0.046  0.050
   1.55150      8.578049  0.000  0.006  0.047  0.052
   1.51159      8.474626  0.004  0.016  0.056  0.074
   1.47167      8.391290  0.000  0.002  0.009  0.011
   1.43176      8.302923  0.000  0.019  0.006  0.026
   1.39184      8.241622  0.000  0.012  0.036  0.050
   1.35192      8.196187  0.000  0.002  0.009  0.013
   1.31201      8.186292  0.000  0.005  0.015  0.018
   1.27209      8.166891  0.000  0.000  0.004  0.004
   1.23218      8.050756  0.000  0.000  0.005  0.006
   1.19226      8.050209  0.000  0.026  0.012  0.038
   1.15235      8.070143  0.000  0.028  0.014  0.041
   1.11243      8.066270  0.006  0.014  0.015  0.035
   1.07252      8.081823  0.008  0.020  0.028  0.056
   1.07252      8.081884  0.008  0.020  0.028  0.056
   1.04430      8.070079  0.006  0.018  0.019  0.043
   1.01607      8.067373  0.004  0.010  0.008  0.025
   0.98785      8.069384  0.000  0.015  0.008  0.022
   0.95962      8.112353  0.000  0.011  0.006  0.017
   0.93140      8.112593  0.002  0.014  0.006  0.022
   0.90317      8.136462  0.001  0.013  0.014  0.027
   0.87495      8.129050  0.000  0.057  0.026  0.083
   0.84673      8.124159  0.000  0.002  0.010  0.010
   0.81850      8.154835  0.000  0.000  0.004  0.005
   0.79028      8.186058  0.000  0.033  0.041  0.073
   0.76205      8.247960  0.000  0.033  0.048  0.081
   0.73383      8.314572  0.000  0.025  0.049  0.074
   0.70561      8.324576  0.002  0.012  0.006  0.021
   0.67738      8.366061  0.000  0.005  0.018  0.024
   0.64916      8.432735  0.000  0.004  0.022  0.025
   0.62093      8.433490  0.000  0.001  0.007  0.008
   0.59271      8.390746  0.000  0.001  0.006  0.006
   0.56448      8.367419  0.000  0.002  0.008  0.011
   0.53626      8.358611  0.000  0.004  0.010  0.016
   0.53626      8.358611  0.000  0.004  0.010  0.016
   0.50804      8.369905  0.002  0.008  0.016  0.025
   0.47981      8.398253  0.002  0.010  0.017  0.029
   0.45159      8.404067  0.002  0.011  0.024  0.034
   0.42336      8.412546  0.002  0.012  0.028  0.044
   0.39514      8.456708  0.000  0.014  0.037  0.050
   0.36691      8.456476  0.000  0.010  0.023  0.033
   0.33869      8.493412  0.002  0.005  0.067  0.073
   0.31047      8.512450  0.000  0.018  0.046  0.063
   0.28224      8.488255  0.000  0.004  0.048  0.051
   0.25402      8.569132  0.006  0.008  0.055  0.070
   0.22579      8.703168  0.004  0.007  0.034  0.044
   0.19757      8.799338  0.002  0.004  0.008  0.014
   0.16935      8.950483  0.000  0.002  0.006  0.010
   0.14112      9.016669  0.000  0.000  0.006  0.008
   0.11290      9.018385  0.000  0.000  0.004  0.004
   0.08467      8.951031  0.000  0.000  0.006  0.007
   0.05645      8.973884  0.000  0.004  0.006  0.010
   0.02822      8.976032  0.000  0.000  0.004  0.004
   0.00000      8.973205  0.000  0.000  0.004  0.004
 
# Band-Index:  185
   0.00000      9.011499  0.000  0.004  0.000  0.008
   0.02822      8.988283  0.000  0.004  0.002  0.008
   0.05645      8.984513  0.000  0.000  0.004  0.004
   0.08467      8.998638  0.000  0.000  0.004  0.004
   0.11290      9.027637  0.000  0.017  0.042  0.060
   0.14112      9.043753  0.000  0.000  0.004  0.004
   0.16935      8.972730  0.000  0.007  0.010  0.018
   0.19757      8.850008  0.000  0.002  0.007  0.008
   0.22579      8.784183  0.006  0.012  0.010  0.030
   0.25402      8.713024  0.000  0.010  0.020  0.030
   0.28224      8.646271  0.000  0.011  0.026  0.037
   0.31047      8.561911  0.002  0.006  0.059  0.067
   0.33869      8.539366  0.000  0.004  0.004  0.012
   0.36691      8.492106  0.002  0.008  0.034  0.044
   0.39514      8.478128  0.002  0.011  0.036  0.048
   0.42336      8.462330  0.002  0.010  0.028  0.041
   0.45159      8.433964  0.002  0.010  0.022  0.033
   0.47981      8.411144  0.001  0.008  0.016  0.026
   0.50804      8.373205  0.000  0.002  0.008  0.009
   0.53626      8.360865  0.001  0.006  0.012  0.020
   0.53626      8.360865  0.001  0.006  0.012  0.020
   0.56448      8.370258  0.002  0.006  0.014  0.023
   0.59271      8.398342  0.000  0.006  0.017  0.025
   0.62093      8.434625  0.000  0.004  0.019  0.024
   0.64916      8.471576  0.000  0.000  0.006  0.006
   0.67738      8.429120  0.000  0.014  0.046  0.060
   0.70561      8.375751  0.000  0.018  0.048  0.066
   0.73383      8.344747  0.002  0.012  0.008  0.020
   0.76205      8.309893  0.000  0.002  0.008  0.014
   0.79028      8.240705  0.000  0.010  0.019  0.031
   0.81850      8.164402  0.000  0.048  0.041  0.090
   0.84673      8.146613  0.002  0.047  0.031  0.078
   0.87495      8.141879  0.000  0.002  0.006  0.010
   0.90317      8.145596  0.002  0.006  0.004  0.012
   0.93140      8.144022  0.000  0.045  0.017  0.063
   0.95962      8.115306  0.002  0.016  0.010  0.026
   0.98785      8.096920  0.002  0.006  0.006  0.013
   1.01607      8.081195  0.000  0.036  0.010  0.047
   1.04430      8.089201  0.000  0.032  0.015  0.046
   1.07252      8.089679  0.000  0.028  0.016  0.044
   1.07252      8.089761  0.000  0.028  0.016  0.044
   1.11243      8.084842  0.000  0.028  0.016  0.044
   1.15235      8.085875  0.000  0.024  0.003  0.027
   1.19226      8.095436  0.000  0.002  0.006  0.010
   1.23218      8.113020  0.000  0.000  0.004  0.004
   1.27209      8.178113  0.000  0.000  0.006  0.006
   1.31201      8.195015  0.000  0.005  0.019  0.025
   1.35192      8.232987  0.000  0.014  0.024  0.038
   1.39184      8.254990  0.000  0.000  0.006  0.006
   1.43176      8.322588  0.000  0.004  0.006  0.010
   1.47167      8.452157  0.002  0.012  0.039  0.053
   1.51159      8.524479  0.000  0.004  0.007  0.010
   1.55150      8.669099  0.000  0.004  0.004  0.005
   1.59142      8.741415  0.000  0.002  0.006  0.010
   1.63133      8.860535  0.000  0.003  0.045  0.049
   1.67125      8.977879  0.000  0.017  0.029  0.046
   1.71116      8.900858  0.000  0.014  0.032  0.046
   1.75108      8.908205  0.002  0.010  0.014  0.026
   1.79099      8.975010  0.000  0.008  0.006  0.014
   1.83091      9.011499  0.000  0.004  0.000  0.008
 
# Band-Index:  186
   1.83091      9.137865  0.002  0.004  0.010  0.016
   1.79099      9.187759  0.000  0.000  0.002  0.002
   1.75108      9.050923  0.000  0.004  0.020  0.024
   1.71116      8.925039  0.004  0.022  0.027  0.053
   1.67125      8.984576  0.002  0.017  0.008  0.027
   1.63133      8.882731  0.000  0.019  0.042  0.061
   1.59142      8.752684  0.009  0.016  0.026  0.051
   1.55150      8.675571  0.000  0.000  0.004  0.005
   1.51159      8.592687  0.000  0.000  0.002  0.003
   1.47167      8.455507  0.000  0.003  0.008  0.010
   1.43176      8.358092  0.000  0.004  0.009  0.013
   1.39184      8.287235  0.000  0.000  0.016  0.017
   1.35192      8.261625  0.000  0.012  0.044  0.054
   1.31201      8.252509  0.000  0.022  0.021  0.040
   1.27209      8.190436  0.000  0.009  0.016  0.023
   1.23218      8.182878  0.000  0.009  0.011  0.020
   1.19226      8.117741  0.004  0.019  0.015  0.038
   1.15235      8.121109  0.000  0.016  0.021  0.036
   1.11243      8.114395  0.000  0.035  0.016  0.050
   1.07252      8.090492  0.000  0.028  0.016  0.043
   1.07252      8.090127  0.000  0.028  0.016  0.043
   1.04430      8.106580  0.000  0.031  0.019  0.050
   1.01607      8.127304  0.000  0.034  0.018  0.052
   0.98785      8.141958  0.000  0.034  0.020  0.053
   0.95962      8.144217  0.000  0.033  0.005  0.039
   0.93140      8.161717  0.001  0.019  0.012  0.032
   0.90317      8.179692  0.002  0.030  0.022  0.053
   0.87495      8.163682  0.002  0.035  0.020  0.057
   0.84673      8.164567  0.000  0.030  0.017  0.048
   0.81850      8.173350  0.000  0.014  0.013  0.030
   0.79028      8.248920  0.000  0.001  0.004  0.004
   0.76205      8.365329  0.002  0.010  0.008  0.020
   0.73383      8.387428  0.000  0.013  0.022  0.035
   0.70561      8.470049  0.000  0.012  0.031  0.043
   0.67738      8.497600  0.000  0.000  0.006  0.009
   0.64916      8.473657  0.000  0.010  0.044  0.054
   0.62093      8.456915  0.000  0.010  0.014  0.024
   0.59271      8.443248  0.000  0.010  0.013  0.024
   0.56448      8.435403  0.000  0.010  0.012  0.024
   0.53626      8.432869  0.000  0.010  0.013  0.024
   0.53626      8.432869  0.000  0.010  0.013  0.024
   0.50804      8.425169  0.000  0.010  0.016  0.026
   0.47981      8.411892  0.000  0.002  0.008  0.011
   0.45159      8.473197  0.000  0.000  0.005  0.006
   0.42336      8.552312  0.000  0.001  0.004  0.008
   0.39514      8.596511  0.000  0.004  0.008  0.012
   0.36691      8.525683  0.000  0.014  0.048  0.062
   0.33869      8.577286  0.002  0.016  0.053  0.070
   0.31047      8.606771  0.000  0.014  0.038  0.053
   0.28224      8.649737  0.004  0.007  0.048  0.058
   0.25402      8.751607  0.005  0.007  0.039  0.052
   0.22579      8.809752  0.001  0.014  0.024  0.040
   0.19757      8.943121  0.002  0.016  0.020  0.040
   0.16935      9.034696  0.000  0.000  0.006  0.008
   0.14112      9.061612  0.002  0.018  0.017  0.037
   0.11290      9.052095  0.002  0.012  0.022  0.035
   0.08467      9.048815  0.000  0.010  0.000  0.012
   0.05645      9.108919  0.000  0.006  0.008  0.015
   0.02822      9.140014  0.002  0.002  0.011  0.014
   0.00000      9.137859  0.002  0.004  0.010  0.016
 
# Band-Index:  187
   0.00000      9.138665  0.000  0.000  0.010  0.010
   0.02822      9.182168  0.000  0.004  0.008  0.014
   0.05645      9.145732  0.002  0.002  0.011  0.015
   0.08467      9.153512  0.002  0.002  0.011  0.015
   0.11290      9.056768  0.002  0.016  0.012  0.030
   0.14112      9.095493  0.000  0.005  0.012  0.016
   0.16935      9.074433  0.000  0.000  0.004  0.004
   0.19757      9.009811  0.002  0.011  0.023  0.038
   0.22579      8.887540  0.002  0.013  0.034  0.049
   0.25402      8.827173  0.002  0.016  0.014  0.030
   0.28224      8.766621  0.002  0.004  0.016  0.022
   0.31047      8.645349  0.002  0.004  0.010  0.014
   0.33869      8.583865  0.000  0.012  0.039  0.051
   0.36691      8.651048  0.002  0.009  0.020  0.031
   0.39514      8.627068  0.002  0.008  0.020  0.028
   0.42336      8.608219  0.000  0.002  0.026  0.028
   0.45159      8.575955  0.000  0.006  0.034  0.040
   0.47981      8.561439  0.000  0.008  0.040  0.046
   0.50804      8.556324  0.000  0.008  0.040  0.050
   0.53626      8.555144  0.000  0.008  0.042  0.050
   0.53626      8.555141  0.000  0.008  0.042  0.050
   0.56448      8.549950  0.000  0.006  0.042  0.050
   0.59271      8.534410  0.000  0.008  0.043  0.052
   0.62093      8.508868  0.000  0.010  0.042  0.053
   0.64916      8.476746  0.000  0.010  0.015  0.025
   0.67738      8.501472  0.000  0.008  0.022  0.028
   0.70561      8.514264  0.000  0.000  0.010  0.010
   0.73383      8.520987  0.000  0.000  0.012  0.012
   0.76205      8.411882  0.000  0.000  0.002  0.002
   0.79028      8.325959  0.000  0.008  0.010  0.018
   0.81850      8.297515  0.000  0.000  0.006  0.006
   0.84673      8.241530  0.000  0.018  0.030  0.047
   0.87495      8.239356  0.000  0.006  0.011  0.017
   0.90317      8.224486  0.000  0.002  0.004  0.008
   0.93140      8.209444  0.000  0.001  0.005  0.007
   0.95962      8.160941  0.000  0.008  0.019  0.027
   0.98785      8.142788  0.000  0.014  0.012  0.028
   1.01607      8.170068  0.000  0.007  0.013  0.022
   1.04430      8.187269  0.000  0.008  0.006  0.015
   1.07252      8.191170  0.000  0.013  0.003  0.014
   1.07252      8.191256  0.000  0.012  0.003  0.016
   1.11243      8.187430  0.000  0.012  0.002  0.014
   1.15235      8.174773  0.003  0.016  0.023  0.044
   1.19226      8.166066  0.000  0.006  0.012  0.018
   1.23218      8.191807  0.000  0.002  0.008  0.010
   1.27209      8.201955  0.000  0.008  0.010  0.019
   1.31201      8.266306  0.000  0.000  0.000  0.003
   1.35192      8.292385  0.000  0.006  0.001  0.008
   1.39184      8.295424  0.000  0.013  0.002  0.015
   1.43176      8.372571  0.000  0.003  0.015  0.020
   1.47167      8.509417  0.000  0.007  0.017  0.024
   1.51159      8.605213  0.002  0.000  0.002  0.005
   1.55150      8.713502  0.006  0.015  0.017  0.037
   1.59142      8.814342  0.000  0.004  0.007  0.011
   1.63133      8.907199  0.008  0.025  0.027  0.060
   1.67125      9.008525  0.000  0.017  0.045  0.062
   1.71116      9.062476  0.002  0.012  0.002  0.014
   1.75108      9.144668  0.000  0.009  0.006  0.016
   1.79099      9.191707  0.000  0.002  0.002  0.006
   1.83091      9.138667  0.000  0.000  0.010  0.010
 
# Band-Index:  188
   1.83091      9.179910  0.000  0.004  0.008  0.014
   1.79099      9.239521  0.000  0.002  0.014  0.019
   1.75108      9.258503  0.002  0.002  0.020  0.024
   1.71116      9.169018  0.002  0.005  0.014  0.022
   1.67125      9.054876  0.002  0.007  0.019  0.029
   1.63133      8.957432  0.000  0.007  0.006  0.014
   1.59142      8.833400  0.003  0.002  0.018  0.022
   1.55150      8.739749  0.000  0.000  0.005  0.006
   1.51159      8.669587  0.000  0.006  0.041  0.046
   1.47167      8.531500  0.000  0.004  0.036  0.040
   1.43176      8.397563  0.000  0.010  0.016  0.026
   1.39184      8.356787  0.000  0.014  0.065  0.080
   1.35192      8.328775  0.001  0.006  0.003  0.010
   1.31201      8.278542  0.002  0.005  0.007  0.013
   1.27209      8.271822  0.000  0.001  0.012  0.013
   1.23218      8.200410  0.000  0.008  0.006  0.014
   1.19226      8.180117  0.000  0.009  0.007  0.017
   1.15235      8.181433  0.000  0.010  0.005  0.014
   1.11243      8.198516  0.000  0.004  0.010  0.015
   1.07252      8.192162  0.000  0.011  0.003  0.015
   1.07252      8.192753  0.000  0.012  0.003  0.015
   1.04430      8.190724  0.000  0.005  0.011  0.016
   1.01607      8.195971  0.000  0.004  0.004  0.008
   0.98785      8.220412  0.000  0.002  0.006  0.008
   0.95962      8.219744  0.004  0.016  0.025  0.045
   0.93140      8.228090  0.002  0.009  0.015  0.025
   0.90317      8.256477  0.000  0.000  0.008  0.008
   0.87495      8.251904  0.000  0.006  0.021  0.028
   0.84673      8.286958  0.000  0.004  0.006  0.010
   0.81850      8.311765  0.000  0.016  0.036  0.052
   0.79028      8.381077  0.002  0.006  0.010  0.017
   0.76205      8.436224  0.000  0.008  0.012  0.018
   0.73383      8.579012  0.000  0.010  0.013  0.024
   0.70561      8.541218  0.000  0.016  0.008  0.022
   0.67738      8.558817  0.000  0.018  0.020  0.038
   0.64916      8.591339  0.000  0.006  0.010  0.018
   0.62093      8.607142  0.002  0.006  0.016  0.024
   0.59271      8.643592  0.000  0.004  0.018  0.024
   0.56448      8.637824  0.010  0.006  0.057  0.072
   0.53626      8.631530  0.010  0.006  0.057  0.073
   0.53626      8.631511  0.010  0.006  0.057  0.073
   0.50804      8.646115  0.010  0.008  0.055  0.072
   0.47981      8.671986  0.008  0.012  0.051  0.070
   0.45159      8.680878  0.005  0.013  0.047  0.064
   0.42336      8.675209  0.004  0.012  0.043  0.059
   0.39514      8.658193  0.000  0.002  0.017  0.019
   0.36691      8.668746  0.000  0.008  0.035  0.042
   0.33869      8.696698  0.002  0.007  0.008  0.016
   0.31047      8.773563  0.001  0.006  0.010  0.016
   0.28224      8.838756  0.001  0.009  0.008  0.019
   0.25402      8.896250  0.002  0.003  0.020  0.026
   0.22579      8.969175  0.002  0.013  0.013  0.028
   0.19757      9.041057  0.002  0.012  0.028  0.042
   0.16935      9.120293  0.001  0.009  0.005  0.017
   0.14112      9.137848  0.000  0.015  0.035  0.051
   0.11290      9.161264  0.002  0.000  0.012  0.013
   0.08467      9.191762  0.002  0.004  0.022  0.028
   0.05645      9.188836  0.000  0.004  0.008  0.012
   0.02822      9.188140  0.000  0.002  0.002  0.005
   0.00000      9.179911  0.000  0.004  0.008  0.014
 
# Band-Index:  189
   0.00000      9.179920  0.000  0.004  0.008  0.014
   0.02822      9.242772  0.000  0.008  0.015  0.020
   0.05645      9.285690  0.002  0.002  0.019  0.024
   0.08467      9.199710  0.000  0.006  0.008  0.012
   0.11290      9.215103  0.000  0.006  0.008  0.012
   0.14112      9.175068  0.002  0.003  0.006  0.012
   0.16935      9.125854  0.001  0.007  0.006  0.012
   0.19757      9.101238  0.000  0.007  0.003  0.011
   0.22579      9.021593  0.002  0.002  0.026  0.030
   0.25402      8.899972  0.002  0.011  0.009  0.021
   0.28224      8.842257  0.003  0.012  0.008  0.022
   0.31047      8.832825  0.002  0.007  0.005  0.016
   0.33869      8.786629  0.000  0.002  0.006  0.009
   0.36691      8.721983  0.000  0.001  0.010  0.013
   0.39514      8.689766  0.002  0.006  0.022  0.030
   0.42336      8.714041  0.000  0.002  0.025  0.027
   0.45159      8.695145  0.000  0.002  0.024  0.026
   0.47981      8.677945  0.000  0.002  0.022  0.024
   0.50804      8.665910  0.000  0.003  0.020  0.023
   0.53626      8.661850  0.000  0.004  0.020  0.023
   0.53626      8.661841  0.000  0.003  0.020  0.024
   0.56448      8.659736  0.000  0.004  0.020  0.024
   0.59271      8.653539  0.008  0.006  0.053  0.068
   0.62093      8.671706  0.006  0.006  0.043  0.056
   0.64916      8.633108  0.000  0.014  0.026  0.041
   0.67738      8.631980  0.000  0.004  0.012  0.016
   0.70561      8.686767  0.000  0.003  0.011  0.015
   0.73383      8.589132  0.000  0.000  0.002  0.003
   0.76205      8.527184  0.000  0.000  0.013  0.014
   0.79028      8.433693  0.000  0.006  0.028  0.035
   0.81850      8.336027  0.000  0.002  0.008  0.008
   0.84673      8.292628  0.000  0.000  0.007  0.007
   0.87495      8.301984  0.000  0.004  0.008  0.010
   0.90317      8.272341  0.000  0.002  0.008  0.010
   0.93140      8.275311  0.000  0.002  0.008  0.010
   0.95962      8.260377  0.000  0.006  0.007  0.011
   0.98785      8.224347  0.000  0.007  0.005  0.009
   1.01607      8.209962  0.000  0.008  0.002  0.012
   1.04430      8.196770  0.000  0.011  0.002  0.013
   1.07252      8.196690  0.000  0.003  0.014  0.017
   1.07252      8.197116  0.000  0.004  0.014  0.017
   1.11243      8.200664  0.001  0.007  0.019  0.025
   1.15235      8.204525  0.000  0.002  0.013  0.015
   1.19226      8.205270  0.000  0.002  0.011  0.014
   1.23218      8.266970  0.000  0.002  0.014  0.017
   1.27209      8.272772  0.000  0.001  0.003  0.006
   1.31201      8.356031  0.000  0.000  0.006  0.006
   1.35192      8.350095  0.000  0.002  0.010  0.012
   1.39184      8.363491  0.000  0.005  0.002  0.008
   1.43176      8.479978  0.000  0.020  0.088  0.109
   1.47167      8.559513  0.000  0.000  0.000  0.004
   1.51159      8.686618  0.003  0.014  0.022  0.038
   1.55150      8.752772  0.004  0.002  0.013  0.020
   1.59142      8.882556  0.000  0.001  0.005  0.007
   1.63133      9.022718  0.000  0.006  0.007  0.013
   1.67125      9.077128  0.000  0.018  0.018  0.036
   1.71116      9.209207  0.000  0.008  0.027  0.034
   1.75108      9.352027  0.003  0.008  0.011  0.021
   1.79099      9.244848  0.000  0.008  0.014  0.024
   1.83091      9.179918  0.000  0.004  0.008  0.014
 
# Band-Index:  190
   1.83091      9.286217  0.002  0.008  0.022  0.030
   1.79099      9.276233  0.002  0.000  0.019  0.022
   1.75108      9.380442  0.000  0.004  0.018  0.023
   1.71116      9.273837  0.000  0.004  0.005  0.007
   1.67125      9.102904  0.006  0.016  0.014  0.034
   1.63133      9.056967  0.000  0.006  0.027  0.033
   1.59142      8.957099  0.002  0.017  0.051  0.070
   1.55150      8.825114  0.000  0.006  0.043  0.051
   1.51159      8.694396  0.003  0.005  0.014  0.023
   1.47167      8.622156  0.002  0.012  0.046  0.060
   1.43176      8.518488  0.002  0.006  0.022  0.029
   1.39184      8.482719  0.000  0.008  0.008  0.016
   1.35192      8.433603  0.000  0.004  0.044  0.048
   1.31201      8.373590  0.000  0.003  0.018  0.022
   1.27209      8.314731  0.000  0.020  0.012  0.033
   1.23218      8.308576  0.000  0.002  0.002  0.005
   1.19226      8.348338  0.000  0.003  0.007  0.012
   1.15235      8.252484  0.000  0.000  0.005  0.006
   1.11243      8.210831  0.000  0.007  0.010  0.017
   1.07252      8.200320  0.000  0.003  0.013  0.017
   1.07252      8.201263  0.000  0.004  0.013  0.018
   1.04430      8.209483  0.000  0.004  0.017  0.021
   1.01607      8.230724  0.002  0.008  0.024  0.036
   0.98785      8.235543  0.004  0.012  0.026  0.043
   0.95962      8.272642  0.000  0.000  0.005  0.009
   0.93140      8.307061  0.000  0.001  0.011  0.012
   0.90317      8.280707  0.000  0.001  0.006  0.008
   0.87495      8.311175  0.000  0.004  0.004  0.007
   0.84673      8.405672  0.000  0.006  0.019  0.024
   0.81850      8.432393  0.002  0.010  0.006  0.020
   0.79028      8.489216  0.001  0.006  0.003  0.011
   0.76205      8.555458  0.000  0.002  0.025  0.025
   0.73383      8.597370  0.000  0.004  0.004  0.008
   0.70561      8.752585  0.002  0.004  0.012  0.017
   0.67738      8.730031  0.005  0.004  0.024  0.035
   0.64916      8.696144  0.004  0.004  0.028  0.037
   0.62093      8.698362  0.000  0.014  0.028  0.042
   0.59271      8.745767  0.009  0.006  0.063  0.078
   0.56448      8.720162  0.010  0.005  0.062  0.078
   0.53626      8.710898  0.009  0.005  0.062  0.077
   0.53626      8.710825  0.010  0.005  0.062  0.077
   0.50804      8.706998  0.009  0.004  0.062  0.076
   0.47981      8.700765  0.008  0.006  0.060  0.074
   0.45159      8.701935  0.006  0.007  0.057  0.070
   0.42336      8.722325  0.006  0.009  0.052  0.065
   0.39514      8.718913  0.000  0.004  0.031  0.033
   0.36691      8.781686  0.000  0.003  0.011  0.015
   0.33869      8.846112  0.002  0.009  0.029  0.040
   0.31047      8.877570  0.002  0.007  0.036  0.046
   0.28224      8.957228  0.002  0.008  0.036  0.045
   0.25402      9.066379  0.002  0.008  0.034  0.045
   0.22579      9.115756  0.000  0.004  0.017  0.021
   0.19757      9.110406  0.000  0.002  0.004  0.005
   0.16935      9.168020  0.003  0.002  0.023  0.028
   0.14112      9.203226  0.000  0.002  0.018  0.020
   0.11290      9.248692  0.000  0.003  0.007  0.012
   0.08467      9.294362  0.003  0.008  0.019  0.028
   0.05645      9.300195  0.002  0.006  0.020  0.029
   0.02822      9.306968  0.002  0.002  0.017  0.020
   0.00000      9.287063  0.001  0.008  0.022  0.030
 
# Band-Index:  191
   0.00000      9.344016  0.000  0.000  0.002  0.002
   0.02822      9.312919  0.000  0.004  0.012  0.019
   0.05645      9.390524  0.000  0.000  0.003  0.003
   0.08467      9.367605  0.000  0.005  0.011  0.016
   0.11290      9.303887  0.000  0.005  0.023  0.029
   0.14112      9.234863  0.000  0.006  0.008  0.014
   0.16935      9.207547  0.004  0.024  0.037  0.065
   0.19757      9.125307  0.003  0.001  0.023  0.028
   0.22579      9.148080  0.000  0.000  0.005  0.006
   0.25402      9.129777  0.000  0.005  0.010  0.016
   0.28224      9.034110  0.000  0.009  0.013  0.022
   0.31047      8.955258  0.000  0.012  0.013  0.025
   0.33869      8.886837  0.001  0.015  0.025  0.042
   0.36691      8.831380  0.002  0.014  0.037  0.052
   0.39514      8.770401  0.003  0.012  0.046  0.061
   0.42336      8.750312  0.000  0.003  0.007  0.011
   0.45159      8.836372  0.002  0.010  0.041  0.055
   0.47981      8.804651  0.000  0.010  0.034  0.045
   0.50804      8.793270  0.000  0.012  0.030  0.042
   0.53626      8.792848  0.000  0.014  0.030  0.044
   0.53626      8.792652  0.000  0.014  0.030  0.043
   0.56448      8.782308  0.000  0.014  0.030  0.042
   0.59271      8.749194  0.000  0.014  0.028  0.042
   0.62093      8.784478  0.008  0.006  0.064  0.078
   0.64916      8.858796  0.006  0.005  0.049  0.059
   0.67738      8.867003  0.000  0.004  0.023  0.029
   0.70561      8.758604  0.000  0.002  0.020  0.023
   0.73383      8.662946  0.000  0.000  0.024  0.024
   0.76205      8.625416  0.000  0.012  0.011  0.022
   0.79028      8.538261  0.000  0.000  0.018  0.018
   0.81850      8.532622  0.000  0.002  0.018  0.023
   0.84673      8.449301  0.001  0.006  0.008  0.016
   0.87495      8.343899  0.000  0.003  0.008  0.011
   0.90317      8.339460  0.000  0.002  0.008  0.009
   0.93140      8.325870  0.000  0.003  0.012  0.014
   0.95962      8.308359  0.000  0.002  0.007  0.009
   0.98785      8.325131  0.000  0.002  0.007  0.010
   1.01607      8.361739  0.000  0.005  0.006  0.014
   1.04430      8.362785  0.000  0.006  0.004  0.009
   1.07252      8.372716  0.000  0.006  0.003  0.009
   1.07252      8.380685  0.000  0.006  0.003  0.009
   1.11243      8.365656  0.000  0.006  0.004  0.009
   1.15235      8.358102  0.000  0.004  0.008  0.012
   1.19226      8.360944  0.000  0.001  0.014  0.017
   1.23218      8.374735  0.002  0.016  0.024  0.042
   1.27209      8.383054  0.000  0.001  0.010  0.011
   1.31201      8.472648  0.000  0.008  0.015  0.023
   1.35192      8.471496  0.000  0.011  0.010  0.022
   1.39184      8.517995  0.000  0.006  0.054  0.062
   1.43176      8.565517  0.000  0.006  0.019  0.026
   1.47167      8.653774  0.001  0.013  0.033  0.046
   1.51159      8.744025  0.001  0.012  0.045  0.057
   1.55150      8.844481  0.000  0.009  0.020  0.030
   1.59142      8.981962  0.000  0.010  0.061  0.070
   1.63133      9.065293  0.002  0.011  0.040  0.052
   1.67125      9.152891  0.000  0.000  0.017  0.017
   1.71116      9.300417  0.001  0.009  0.009  0.019
   1.75108      9.385939  0.000  0.003  0.012  0.015
   1.79099      9.380913  0.000  0.002  0.006  0.010
   1.83091      9.344952  0.000  0.000  0.004  0.004
 
# Band-Index:  192
   1.83091      9.354314  0.000  0.002  0.011  0.014
   1.79099      9.392099  0.000  0.002  0.010  0.012
   1.75108      9.439608  0.000  0.002  0.002  0.005
   1.71116      9.332550  0.000  0.004  0.014  0.016
   1.67125      9.185124  0.000  0.004  0.018  0.024
   1.63133      9.134709  0.000  0.016  0.044  0.059
   1.59142      8.997949  0.001  0.012  0.033  0.046
   1.55150      8.899514  0.000  0.015  0.057  0.074
   1.51159      8.800126  0.002  0.007  0.037  0.045
   1.47167      8.682497  0.002  0.009  0.031  0.040
   1.43176      8.615156  0.000  0.010  0.052  0.061
   1.39184      8.543220  0.000  0.007  0.017  0.025
   1.35192      8.603741  0.000  0.005  0.018  0.024
   1.31201      8.512095  0.000  0.001  0.014  0.016
   1.27209      8.465141  0.000  0.004  0.016  0.020
   1.23218      8.436502  0.000  0.004  0.007  0.011
   1.19226      8.399520  0.000  0.004  0.005  0.009
   1.15235      8.388344  0.000  0.005  0.003  0.011
   1.11243      8.396437  0.000  0.007  0.002  0.011
   1.07252      8.404006  0.002  0.012  0.004  0.018
   1.07252      8.386721  0.000  0.008  0.003  0.012
   1.04430      8.392107  0.000  0.008  0.004  0.014
   1.01607      8.411219  0.000  0.008  0.004  0.014
   0.98785      8.403941  0.000  0.005  0.015  0.019
   0.95962      8.403240  0.000  0.005  0.009  0.013
   0.93140      8.371092  0.000  0.004  0.006  0.010
   0.90317      8.392238  0.000  0.003  0.014  0.017
   0.87495      8.435452  0.000  0.004  0.006  0.010
   0.84673      8.453440  0.001  0.005  0.008  0.013
   0.81850      8.542615  0.000  0.001  0.012  0.014
   0.79028      8.643750  0.000  0.004  0.015  0.020
   0.76205      8.627607  0.000  0.004  0.004  0.009
   0.73383      8.754870  0.001  0.002  0.012  0.015
   0.70561      8.774187  0.000  0.001  0.005  0.007
   0.67738      8.876884  0.006  0.005  0.059  0.070
   0.64916      8.929586  0.001  0.004  0.028  0.034
   0.62093      8.896099  0.006  0.005  0.036  0.047
   0.59271      8.962075  0.005  0.002  0.028  0.036
   0.56448      9.032826  0.002  0.004  0.020  0.028
   0.53626      9.058499  0.002  0.002  0.018  0.024
   0.53626      9.050030  0.002  0.004  0.019  0.026
   0.50804      9.032105  0.002  0.009  0.019  0.027
   0.47981      9.037985  0.001  0.009  0.019  0.027
   0.45159      8.927339  0.000  0.004  0.009  0.013
   0.42336      8.872318  0.002  0.012  0.044  0.058
   0.39514      8.905208  0.000  0.011  0.030  0.042
   0.36691      8.881558  0.000  0.009  0.026  0.036
   0.33869      8.919816  0.000  0.006  0.016  0.021
   0.31047      9.036749  0.000  0.004  0.014  0.019
   0.28224      9.061526  0.000  0.006  0.018  0.024
   0.25402      9.147402  0.000  0.006  0.011  0.017
   0.22579      9.176488  0.001  0.007  0.018  0.026
   0.19757      9.227149  0.000  0.007  0.010  0.017
   0.16935      9.249944  0.000  0.007  0.014  0.021
   0.14112      9.323409  0.000  0.013  0.026  0.039
   0.11290      9.385899  0.000  0.003  0.017  0.021
   0.08467      9.393770  0.000  0.004  0.011  0.014
   0.05645      9.451831  0.000  0.004  0.012  0.016
   0.02822      9.401891  0.000  0.004  0.008  0.012
   0.00000      9.350286  0.002  0.002  0.012  0.016
