#K-Path          Energy     s    p    d    tot
# NKPTS & NBANDS:  80 176
# Band-Index:    1
   0.00000    -21.020425  0.000  0.000  0.000  0.000
   0.02822    -21.020419  0.000  0.000  0.000  0.000
   0.05645    -21.020400  0.000  0.000  0.000  0.000
   0.08467    -21.020367  0.000  0.000  0.000  0.000
   0.11290    -21.020323  0.000  0.000  0.000  0.000
   0.14112    -21.020269  0.000  0.000  0.000  0.000
   0.16935    -21.020206  0.000  0.000  0.000  0.000
   0.19757    -21.020135  0.000  0.000  0.000  0.000
   0.22579    -21.020060  0.000  0.000  0.000  0.000
   0.25402    -21.019982  0.000  0.000  0.000  0.000
   0.28224    -21.019902  0.000  0.000  0.000  0.000
   0.31047    -21.019824  0.000  0.000  0.000  0.000
   0.33869    -21.019749  0.000  0.000  0.000  0.000
   0.36691    -21.019679  0.000  0.000  0.000  0.000
   0.39514    -21.019614  0.000  0.000  0.000  0.000
   0.42336    -21.019559  0.000  0.000  0.000  0.000
   0.45159    -21.019516  0.000  0.000  0.000  0.000
   0.47981    -21.019484  0.000  0.000  0.000  0.000
   0.50804    -21.019465  0.000  0.000  0.000  0.000
   0.53626    -21.019462  0.000  0.000  0.000  0.000
   0.53626    -21.019462  0.000  0.000  0.000  0.000
   0.55622    -21.019459  0.000  0.000  0.000  0.000
   0.57617    -21.019457  0.000  0.000  0.000  0.000
   0.59613    -21.019455  0.000  0.000  0.000  0.000
   0.61609    -21.019454  0.000  0.000  0.000  0.000
   0.63605    -21.019452  0.000  0.000  0.000  0.000
   0.65600    -21.019449  0.000  0.000  0.000  0.000
   0.67596    -21.019447  0.000  0.000  0.000  0.000
   0.69592    -21.019444  0.000  0.000  0.000  0.000
   0.71588    -21.019441  0.000  0.000  0.000  0.000
   0.73584    -21.019437  0.000  0.000  0.000  0.000
   0.75579    -21.019433  0.000  0.000  0.000  0.000
   0.77575    -21.019429  0.000  0.000  0.000  0.000
   0.79571    -21.019426  0.000  0.000  0.000  0.000
   0.81567    -21.019422  0.000  0.000  0.000  0.000
   0.83562    -21.019419  0.000  0.000  0.000  0.000
   0.85558    -21.019417  0.000  0.000  0.000  0.000
   0.87554    -21.019417  0.000  0.000  0.000  0.000
   0.89550    -21.019416  0.000  0.000  0.000  0.000
   0.91545    -21.019415  0.000  0.000  0.000  0.000
   0.91545    -21.019415  0.000  0.000  0.000  0.000
   0.94368    -21.019422  0.000  0.000  0.000  0.000
   0.97190    -21.019441  0.000  0.000  0.000  0.000
   1.00013    -21.019473  0.000  0.000  0.000  0.000
   1.02835    -21.019517  0.000  0.000  0.000  0.000
   1.05657    -21.019571  0.000  0.000  0.000  0.000
   1.08480    -21.019633  0.000  0.000  0.000  0.000
   1.11302    -21.019704  0.000  0.000  0.000  0.000
   1.14125    -21.019778  0.000  0.000  0.000  0.000
   1.16947    -21.019856  0.000  0.000  0.000  0.000
   1.19769    -21.019935  0.000  0.000  0.000  0.000
   1.22592    -21.020013  0.000  0.000  0.000  0.000
   1.25414    -21.020087  0.000  0.000  0.000  0.000
   1.28237    -21.020157  0.000  0.000  0.000  0.000
   1.31059    -21.020219  0.000  0.000  0.000  0.000
   1.33882    -21.020273  0.000  0.000  0.000  0.000
   1.36704    -21.020315  0.000  0.000  0.000  0.000
   1.39526    -21.020346  0.000  0.000  0.000  0.000
   1.42349    -21.020365  0.000  0.000  0.000  0.000
   1.45171    -21.020372  0.000  0.000  0.000  0.000
   1.45171    -21.020372  0.000  0.000  0.000  0.000
   1.47167    -21.020372  0.000  0.000  0.000  0.000
   1.49163    -21.020374  0.000  0.000  0.000  0.000
   1.51159    -21.020376  0.000  0.000  0.000  0.000
   1.53154    -21.020379  0.000  0.000  0.000  0.000
   1.55150    -21.020382  0.000  0.000  0.000  0.000
   1.57146    -21.020385  0.000  0.000  0.000  0.000
   1.59142    -21.020389  0.000  0.000  0.000  0.000
   1.61137    -21.020393  0.000  0.000  0.000  0.000
   1.63133    -21.020397  0.000  0.000  0.000  0.000
   1.65129    -21.020402  0.000  0.000  0.000  0.000
   1.67125    -21.020406  0.000  0.000  0.000  0.000
   1.69120    -21.020410  0.000  0.000  0.000  0.000
   1.71116    -21.020414  0.000  0.000  0.000  0.000
   1.73112    -21.020417  0.000  0.000  0.000  0.000
   1.75108    -21.020420  0.000  0.000  0.000  0.000
   1.77103    -21.020422  0.000  0.000  0.000  0.000
   1.79099    -21.020424  0.000  0.000  0.000  0.000
   1.81095    -21.020425  0.000  0.000  0.000  0.000
   1.83091    -21.020425  0.000  0.000  0.000  0.000
 
# Band-Index:    2
   1.83091    -20.857565  0.000  0.000  0.000  0.000
   1.81095    -20.857565  0.000  0.000  0.000  0.000
   1.79099    -20.857564  0.000  0.000  0.000  0.000
   1.77103    -20.857562  0.000  0.000  0.000  0.000
   1.75108    -20.857560  0.000  0.000  0.000  0.000
   1.73112    -20.857557  0.000  0.000  0.000  0.000
   1.71116    -20.857553  0.000  0.000  0.000  0.000
   1.69120    -20.857549  0.000  0.000  0.000  0.000
   1.67125    -20.857544  0.000  0.000  0.000  0.000
   1.65129    -20.857540  0.000  0.000  0.000  0.000
   1.63133    -20.857535  0.000  0.000  0.000  0.000
   1.61137    -20.857531  0.000  0.000  0.000  0.000
   1.59142    -20.857527  0.000  0.000  0.000  0.000
   1.57146    -20.857522  0.000  0.000  0.000  0.000
   1.55150    -20.857519  0.000  0.000  0.000  0.000
   1.53154    -20.857515  0.000  0.000  0.000  0.000
   1.51159    -20.857513  0.000  0.000  0.000  0.000
   1.49163    -20.857510  0.000  0.000  0.000  0.000
   1.47167    -20.857509  0.000  0.000  0.000  0.000
   1.45171    -20.857509  0.000  0.000  0.000  0.000
   1.45171    -20.857509  0.000  0.000  0.000  0.000
   1.42349    -20.857499  0.000  0.000  0.000  0.000
   1.39526    -20.857473  0.000  0.000  0.000  0.000
   1.36704    -20.857431  0.000  0.000  0.000  0.000
   1.33882    -20.857372  0.000  0.000  0.000  0.000
   1.31059    -20.857299  0.000  0.000  0.000  0.000
   1.28237    -20.857214  0.000  0.000  0.000  0.000
   1.25414    -20.857119  0.000  0.000  0.000  0.000
   1.22592    -20.857017  0.000  0.000  0.000  0.000
   1.19769    -20.856910  0.000  0.000  0.000  0.000
   1.16947    -20.856802  0.000  0.000  0.000  0.000
   1.14125    -20.856696  0.000  0.000  0.000  0.000
   1.11302    -20.856594  0.000  0.000  0.000  0.000
   1.08480    -20.856497  0.000  0.000  0.000  0.000
   1.05657    -20.856413  0.000  0.000  0.000  0.000
   1.02835    -20.856339  0.000  0.000  0.000  0.000
   1.00013    -20.856279  0.000  0.000  0.000  0.000
   0.97190    -20.856235  0.000  0.000  0.000  0.000
   0.94368    -20.856209  0.000  0.000  0.000  0.000
   0.91545    -20.856200  0.000  0.000  0.000  0.000
   0.91545    -20.856200  0.000  0.000  0.000  0.000
   0.89550    -20.856200  0.000  0.000  0.000  0.000
   0.87554    -20.856201  0.000  0.000  0.000  0.000
   0.85558    -20.856202  0.000  0.000  0.000  0.000
   0.83562    -20.856204  0.000  0.000  0.000  0.000
   0.81567    -20.856207  0.000  0.000  0.000  0.000
   0.79571    -20.856211  0.000  0.000  0.000  0.000
   0.77575    -20.856214  0.000  0.000  0.000  0.000
   0.75579    -20.856218  0.000  0.000  0.000  0.000
   0.73584    -20.856222  0.000  0.000  0.000  0.000
   0.71588    -20.856227  0.000  0.000  0.000  0.000
   0.69592    -20.856230  0.000  0.000  0.000  0.000
   0.67596    -20.856233  0.000  0.000  0.000  0.000
   0.65600    -20.856236  0.000  0.000  0.000  0.000
   0.63605    -20.856239  0.000  0.000  0.000  0.000
   0.61609    -20.856241  0.000  0.000  0.000  0.000
   0.59613    -20.856243  0.000  0.000  0.000  0.000
   0.57617    -20.856245  0.000  0.000  0.000  0.000
   0.55622    -20.856247  0.000  0.000  0.000  0.000
   0.53626    -20.856249  0.000  0.000  0.000  0.000
   0.53626    -20.856249  0.000  0.000  0.000  0.000
   0.50804    -20.856256  0.000  0.000  0.000  0.000
   0.47981    -20.856281  0.000  0.000  0.000  0.000
   0.45159    -20.856325  0.000  0.000  0.000  0.000
   0.42336    -20.856384  0.000  0.000  0.000  0.000
   0.39514    -20.856459  0.000  0.000  0.000  0.000
   0.36691    -20.856547  0.000  0.000  0.000  0.000
   0.33869    -20.856642  0.000  0.000  0.000  0.000
   0.31047    -20.856745  0.000  0.000  0.000  0.000
   0.28224    -20.856852  0.000  0.000  0.000  0.000
   0.25402    -20.856960  0.000  0.000  0.000  0.000
   0.22579    -20.857068  0.000  0.000  0.000  0.000
   0.19757    -20.857170  0.000  0.000  0.000  0.000
   0.16935    -20.857266  0.000  0.000  0.000  0.000
   0.14112    -20.857353  0.000  0.000  0.000  0.000
   0.11290    -20.857426  0.000  0.000  0.000  0.000
   0.08467    -20.857486  0.000  0.000  0.000  0.000
   0.05645    -20.857530  0.000  0.000  0.000  0.000
   0.02822    -20.857557  0.000  0.000  0.000  0.000
   0.00000    -20.857565  0.000  0.000  0.000  0.000
 
# Band-Index:    3
   0.00000    -20.857084  0.000  0.000  0.000  0.000
   0.02822    -20.857075  0.000  0.000  0.000  0.000
   0.05645    -20.857049  0.000  0.000  0.000  0.000
   0.08467    -20.857004  0.000  0.000  0.000  0.000
   0.11290    -20.856945  0.000  0.000  0.000  0.000
   0.14112    -20.856871  0.000  0.000  0.000  0.000
   0.16935    -20.856785  0.000  0.000  0.000  0.000
   0.19757    -20.856689  0.000  0.000  0.000  0.000
   0.22579    -20.856586  0.000  0.000  0.000  0.000
   0.25402    -20.856479  0.000  0.000  0.000  0.000
   0.28224    -20.856370  0.000  0.000  0.000  0.000
   0.31047    -20.856263  0.000  0.000  0.000  0.000
   0.33869    -20.856160  0.000  0.000  0.000  0.000
   0.36691    -20.856065  0.000  0.000  0.000  0.000
   0.39514    -20.855978  0.000  0.000  0.000  0.000
   0.42336    -20.855903  0.000  0.000  0.000  0.000
   0.45159    -20.855843  0.000  0.000  0.000  0.000
   0.47981    -20.855800  0.000  0.000  0.000  0.000
   0.50804    -20.855774  0.000  0.000  0.000  0.000
   0.53626    -20.855768  0.000  0.000  0.000  0.000
   0.53626    -20.855768  0.000  0.000  0.000  0.000
   0.55622    -20.855766  0.000  0.000  0.000  0.000
   0.57617    -20.855764  0.000  0.000  0.000  0.000
   0.59613    -20.855762  0.000  0.000  0.000  0.000
   0.61609    -20.855760  0.000  0.000  0.000  0.000
   0.63605    -20.855758  0.000  0.000  0.000  0.000
   0.65600    -20.855755  0.000  0.000  0.000  0.000
   0.67596    -20.855752  0.000  0.000  0.000  0.000
   0.69592    -20.855749  0.000  0.000  0.000  0.000
   0.71588    -20.855746  0.000  0.000  0.000  0.000
   0.73584    -20.855741  0.000  0.000  0.000  0.000
   0.75579    -20.855737  0.000  0.000  0.000  0.000
   0.77575    -20.855733  0.000  0.000  0.000  0.000
   0.79571    -20.855730  0.000  0.000  0.000  0.000
   0.81567    -20.855725  0.000  0.000  0.000  0.000
   0.83562    -20.855722  0.000  0.000  0.000  0.000
   0.85558    -20.855721  0.000  0.000  0.000  0.000
   0.87554    -20.855719  0.000  0.000  0.000  0.000
   0.89550    -20.855719  0.000  0.000  0.000  0.000
   0.91545    -20.855718  0.000  0.000  0.000  0.000
   0.91545    -20.855718  0.000  0.000  0.000  0.000
   0.94368    -20.855728  0.000  0.000  0.000  0.000
   0.97190    -20.855753  0.000  0.000  0.000  0.000
   1.00013    -20.855798  0.000  0.000  0.000  0.000
   1.02835    -20.855857  0.000  0.000  0.000  0.000
   1.05657    -20.855931  0.000  0.000  0.000  0.000
   1.08480    -20.856016  0.000  0.000  0.000  0.000
   1.11302    -20.856112  0.000  0.000  0.000  0.000
   1.14125    -20.856214  0.000  0.000  0.000  0.000
   1.16947    -20.856320  0.000  0.000  0.000  0.000
   1.19769    -20.856429  0.000  0.000  0.000  0.000
   1.22592    -20.856535  0.000  0.000  0.000  0.000
   1.25414    -20.856637  0.000  0.000  0.000  0.000
   1.28237    -20.856732  0.000  0.000  0.000  0.000
   1.31059    -20.856817  0.000  0.000  0.000  0.000
   1.33882    -20.856890  0.000  0.000  0.000  0.000
   1.36704    -20.856949  0.000  0.000  0.000  0.000
   1.39526    -20.856991  0.000  0.000  0.000  0.000
   1.42349    -20.857018  0.000  0.000  0.000  0.000
   1.45171    -20.857027  0.000  0.000  0.000  0.000
   1.45171    -20.857027  0.000  0.000  0.000  0.000
   1.47167    -20.857027  0.000  0.000  0.000  0.000
   1.49163    -20.857029  0.000  0.000  0.000  0.000
   1.51159    -20.857031  0.000  0.000  0.000  0.000
   1.53154    -20.857034  0.000  0.000  0.000  0.000
   1.55150    -20.857037  0.000  0.000  0.000  0.000
   1.57146    -20.857040  0.000  0.000  0.000  0.000
   1.59142    -20.857045  0.000  0.000  0.000  0.000
   1.61137    -20.857049  0.000  0.000  0.000  0.000
   1.63133    -20.857054  0.000  0.000  0.000  0.000
   1.65129    -20.857059  0.000  0.000  0.000  0.000
   1.67125    -20.857063  0.000  0.000  0.000  0.000
   1.69120    -20.857067  0.000  0.000  0.000  0.000
   1.71116    -20.857071  0.000  0.000  0.000  0.000
   1.73112    -20.857075  0.000  0.000  0.000  0.000
   1.75108    -20.857078  0.000  0.000  0.000  0.000
   1.77103    -20.857080  0.000  0.000  0.000  0.000
   1.79099    -20.857082  0.000  0.000  0.000  0.000
   1.81095    -20.857084  0.000  0.000  0.000  0.000
   1.83091    -20.857084  0.000  0.000  0.000  0.000
 
# Band-Index:    4
   1.83091    -20.621509  0.000  0.000  0.000  0.000
   1.81095    -20.621509  0.000  0.000  0.000  0.000
   1.79099    -20.621508  0.000  0.000  0.000  0.000
   1.77103    -20.621506  0.000  0.000  0.000  0.000
   1.75108    -20.621505  0.000  0.000  0.000  0.000
   1.73112    -20.621502  0.000  0.000  0.000  0.000
   1.71116    -20.621499  0.000  0.000  0.000  0.000
   1.69120    -20.621496  0.000  0.000  0.000  0.000
   1.67125    -20.621492  0.000  0.000  0.000  0.000
   1.65129    -20.621489  0.000  0.000  0.000  0.000
   1.63133    -20.621485  0.000  0.000  0.000  0.000
   1.61137    -20.621481  0.000  0.000  0.000  0.000
   1.59142    -20.621478  0.000  0.000  0.000  0.000
   1.57146    -20.621474  0.000  0.000  0.000  0.000
   1.55150    -20.621472  0.000  0.000  0.000  0.000
   1.53154    -20.621469  0.000  0.000  0.000  0.000
   1.51159    -20.621467  0.000  0.000  0.000  0.000
   1.49163    -20.621464  0.000  0.000  0.000  0.000
   1.47167    -20.621463  0.000  0.000  0.000  0.000
   1.45171    -20.621463  0.000  0.000  0.000  0.000
   1.45171    -20.621463  0.000  0.000  0.000  0.000
   1.42349    -20.621448  0.000  0.000  0.000  0.000
   1.39526    -20.621405  0.000  0.000  0.000  0.000
   1.36704    -20.621336  0.000  0.000  0.000  0.000
   1.33882    -20.621240  0.000  0.000  0.000  0.000
   1.31059    -20.621121  0.000  0.000  0.000  0.000
   1.28237    -20.620983  0.000  0.000  0.000  0.000
   1.25414    -20.620829  0.000  0.000  0.000  0.000
   1.22592    -20.620663  0.000  0.000  0.000  0.000
   1.19769    -20.620490  0.000  0.000  0.000  0.000
   1.16947    -20.620314  0.000  0.000  0.000  0.000
   1.14125    -20.620141  0.000  0.000  0.000  0.000
   1.11302    -20.619975  0.000  0.000  0.000  0.000
   1.08480    -20.619819  0.000  0.000  0.000  0.000
   1.05657    -20.619681  0.000  0.000  0.000  0.000
   1.02835    -20.619561  0.000  0.000  0.000  0.000
   1.00013    -20.619464  0.000  0.000  0.000  0.000
   0.97190    -20.619393  0.000  0.000  0.000  0.000
   0.94368    -20.619351  0.000  0.000  0.000  0.000
   0.91545    -20.619335  0.000  0.000  0.000  0.000
   0.91545    -20.619335  0.000  0.000  0.000  0.000
   0.89550    -20.619336  0.000  0.000  0.000  0.000
   0.87554    -20.619337  0.000  0.000  0.000  0.000
   0.85558    -20.619337  0.000  0.000  0.000  0.000
   0.83562    -20.619339  0.000  0.000  0.000  0.000
   0.81567    -20.619341  0.000  0.000  0.000  0.000
   0.79571    -20.619345  0.000  0.000  0.000  0.000
   0.77575    -20.619348  0.000  0.000  0.000  0.000
   0.75579    -20.619351  0.000  0.000  0.000  0.000
   0.73584    -20.619354  0.000  0.000  0.000  0.000
   0.71588    -20.619358  0.000  0.000  0.000  0.000
   0.69592    -20.619361  0.000  0.000  0.000  0.000
   0.67596    -20.619363  0.000  0.000  0.000  0.000
   0.65600    -20.619365  0.000  0.000  0.000  0.000
   0.63605    -20.619367  0.000  0.000  0.000  0.000
   0.61609    -20.619369  0.000  0.000  0.000  0.000
   0.59613    -20.619371  0.000  0.000  0.000  0.000
   0.57617    -20.619372  0.000  0.000  0.000  0.000
   0.55622    -20.619374  0.000  0.000  0.000  0.000
   0.53626    -20.619376  0.000  0.000  0.000  0.000
   0.53626    -20.619376  0.000  0.000  0.000  0.000
   0.50804    -20.619388  0.000  0.000  0.000  0.000
   0.47981    -20.619430  0.000  0.000  0.000  0.000
   0.45159    -20.619501  0.000  0.000  0.000  0.000
   0.42336    -20.619598  0.000  0.000  0.000  0.000
   0.39514    -20.619718  0.000  0.000  0.000  0.000
   0.36691    -20.619859  0.000  0.000  0.000  0.000
   0.33869    -20.620014  0.000  0.000  0.000  0.000
   0.31047    -20.620180  0.000  0.000  0.000  0.000
   0.28224    -20.620354  0.000  0.000  0.000  0.000
   0.25402    -20.620530  0.000  0.000  0.000  0.000
   0.22579    -20.620704  0.000  0.000  0.000  0.000
   0.19757    -20.620870  0.000  0.000  0.000  0.000
   0.16935    -20.621026  0.000  0.000  0.000  0.000
   0.14112    -20.621165  0.000  0.000  0.000  0.000
   0.11290    -20.621284  0.000  0.000  0.000  0.000
   0.08467    -20.621381  0.000  0.000  0.000  0.000
   0.05645    -20.621452  0.000  0.000  0.000  0.000
   0.02822    -20.621495  0.000  0.000  0.000  0.000
   0.00000    -20.621509  0.000  0.000  0.000  0.000
 
# Band-Index:    5
   0.00000    -20.619857  0.000  0.000  0.000  0.000
   0.02822    -20.619843  0.000  0.000  0.000  0.000
   0.05645    -20.619800  0.000  0.000  0.000  0.000
   0.08467    -20.619728  0.000  0.000  0.000  0.000
   0.11290    -20.619632  0.000  0.000  0.000  0.000
   0.14112    -20.619512  0.000  0.000  0.000  0.000
   0.16935    -20.619373  0.000  0.000  0.000  0.000
   0.19757    -20.619218  0.000  0.000  0.000  0.000
   0.22579    -20.619051  0.000  0.000  0.000  0.000
   0.25402    -20.618877  0.000  0.000  0.000  0.000
   0.28224    -20.618701  0.000  0.000  0.000  0.000
   0.31047    -20.618528  0.000  0.000  0.000  0.000
   0.33869    -20.618361  0.000  0.000  0.000  0.000
   0.36691    -20.618206  0.000  0.000  0.000  0.000
   0.39514    -20.618065  0.000  0.000  0.000  0.000
   0.42336    -20.617945  0.000  0.000  0.000  0.000
   0.45159    -20.617848  0.000  0.000  0.000  0.000
   0.47981    -20.617778  0.000  0.000  0.000  0.000
   0.50804    -20.617735  0.000  0.000  0.000  0.000
   0.53626    -20.617724  0.000  0.000  0.000  0.000
   0.53626    -20.617724  0.000  0.000  0.000  0.000
   0.55622    -20.617721  0.000  0.000  0.000  0.000
   0.57617    -20.617719  0.000  0.000  0.000  0.000
   0.59613    -20.617718  0.000  0.000  0.000  0.000
   0.61609    -20.617716  0.000  0.000  0.000  0.000
   0.63605    -20.617715  0.000  0.000  0.000  0.000
   0.65600    -20.617712  0.000  0.000  0.000  0.000
   0.67596    -20.617710  0.000  0.000  0.000  0.000
   0.69592    -20.617708  0.000  0.000  0.000  0.000
   0.71588    -20.617705  0.000  0.000  0.000  0.000
   0.73584    -20.617701  0.000  0.000  0.000  0.000
   0.75579    -20.617698  0.000  0.000  0.000  0.000
   0.77575    -20.617695  0.000  0.000  0.000  0.000
   0.79571    -20.617692  0.000  0.000  0.000  0.000
   0.81567    -20.617688  0.000  0.000  0.000  0.000
   0.83562    -20.617686  0.000  0.000  0.000  0.000
   0.85558    -20.617685  0.000  0.000  0.000  0.000
   0.87554    -20.617684  0.000  0.000  0.000  0.000
   0.89550    -20.617683  0.000  0.000  0.000  0.000
   0.91545    -20.617682  0.000  0.000  0.000  0.000
   0.91545    -20.617682  0.000  0.000  0.000  0.000
   0.94368    -20.617698  0.000  0.000  0.000  0.000
   0.97190    -20.617740  0.000  0.000  0.000  0.000
   1.00013    -20.617812  0.000  0.000  0.000  0.000
   1.02835    -20.617908  0.000  0.000  0.000  0.000
   1.05657    -20.618028  0.000  0.000  0.000  0.000
   1.08480    -20.618166  0.000  0.000  0.000  0.000
   1.11302    -20.618322  0.000  0.000  0.000  0.000
   1.14125    -20.618488  0.000  0.000  0.000  0.000
   1.16947    -20.618661  0.000  0.000  0.000  0.000
   1.19769    -20.618837  0.000  0.000  0.000  0.000
   1.22592    -20.619010  0.000  0.000  0.000  0.000
   1.25414    -20.619176  0.000  0.000  0.000  0.000
   1.28237    -20.619331  0.000  0.000  0.000  0.000
   1.31059    -20.619469  0.000  0.000  0.000  0.000
   1.33882    -20.619588  0.000  0.000  0.000  0.000
   1.36704    -20.619683  0.000  0.000  0.000  0.000
   1.39526    -20.619753  0.000  0.000  0.000  0.000
   1.42349    -20.619796  0.000  0.000  0.000  0.000
   1.45171    -20.619811  0.000  0.000  0.000  0.000
   1.45171    -20.619811  0.000  0.000  0.000  0.000
   1.47167    -20.619810  0.000  0.000  0.000  0.000
   1.49163    -20.619812  0.000  0.000  0.000  0.000
   1.51159    -20.619814  0.000  0.000  0.000  0.000
   1.53154    -20.619816  0.000  0.000  0.000  0.000
   1.55150    -20.619819  0.000  0.000  0.000  0.000
   1.57146    -20.619821  0.000  0.000  0.000  0.000
   1.59142    -20.619825  0.000  0.000  0.000  0.000
   1.61137    -20.619829  0.000  0.000  0.000  0.000
   1.63133    -20.619832  0.000  0.000  0.000  0.000
   1.65129    -20.619836  0.000  0.000  0.000  0.000
   1.67125    -20.619840  0.000  0.000  0.000  0.000
   1.69120    -20.619844  0.000  0.000  0.000  0.000
   1.71116    -20.619847  0.000  0.000  0.000  0.000
   1.73112    -20.619850  0.000  0.000  0.000  0.000
   1.75108    -20.619853  0.000  0.000  0.000  0.000
   1.77103    -20.619854  0.000  0.000  0.000  0.000
   1.79099    -20.619856  0.000  0.000  0.000  0.000
   1.81095    -20.619857  0.000  0.000  0.000  0.000
   1.83091    -20.619857  0.000  0.000  0.000  0.000
 
# Band-Index:    6
   1.83091    -14.451968  0.002  0.000  0.000  0.002
   1.81095    -14.451683  0.002  0.000  0.000  0.002
   1.79099    -14.450828  0.002  0.000  0.000  0.002
   1.77103    -14.449410  0.002  0.000  0.000  0.002
   1.75108    -14.447442  0.002  0.000  0.000  0.002
   1.73112    -14.444940  0.002  0.000  0.000  0.002
   1.71116    -14.441932  0.002  0.000  0.000  0.002
   1.69120    -14.438444  0.002  0.000  0.000  0.002
   1.67125    -14.434513  0.002  0.000  0.000  0.002
   1.65129    -14.430187  0.002  0.000  0.000  0.002
   1.63133    -14.425524  0.002  0.000  0.000  0.003
   1.61137    -14.420595  0.003  0.000  0.000  0.004
   1.59142    -14.415490  0.004  0.000  0.000  0.004
   1.57146    -14.410326  0.004  0.000  0.000  0.004
   1.55150    -14.405252  0.004  0.000  0.000  0.004
   1.53154    -14.400463  0.004  0.000  0.000  0.004
   1.51159    -14.396208  0.004  0.000  0.000  0.004
   1.49163    -14.392792  0.004  0.000  0.000  0.004
   1.47167    -14.390546  0.005  0.000  0.000  0.005
   1.45171    -14.389759  0.005  0.000  0.000  0.005
   1.45171    -14.389759  0.005  0.000  0.000  0.005
   1.42349    -14.389159  0.005  0.000  0.000  0.005
   1.39526    -14.387370  0.005  0.000  0.000  0.005
   1.36704    -14.384411  0.005  0.000  0.000  0.005
   1.33882    -14.380323  0.005  0.000  0.000  0.005
   1.31059    -14.375158  0.005  0.000  0.000  0.005
   1.28237    -14.368988  0.005  0.000  0.000  0.005
   1.25414    -14.361904  0.005  0.000  0.000  0.005
   1.22592    -14.354021  0.006  0.000  0.000  0.006
   1.19769    -14.345479  0.006  0.000  0.000  0.006
   1.16947    -14.336445  0.006  0.000  0.000  0.006
   1.14125    -14.327127  0.007  0.000  0.000  0.007
   1.11302    -14.317770  0.007  0.000  0.000  0.007
   1.08480    -14.308664  0.007  0.000  0.000  0.007
   1.05657    -14.300138  0.008  0.000  0.000  0.008
   1.02835    -14.292548  0.008  0.000  0.000  0.009
   1.00013    -14.286256  0.009  0.000  0.000  0.009
   0.97190    -14.281605  0.008  0.000  0.000  0.008
   0.94368    -14.278825  0.009  0.000  0.000  0.009
   0.91545    -14.277910  0.009  0.000  0.000  0.009
   0.91545    -14.277910  0.009  0.000  0.000  0.009
   0.89550    -14.278323  0.009  0.000  0.000  0.009
   0.87554    -14.279272  0.009  0.000  0.000  0.009
   0.85558    -14.280583  0.008  0.000  0.000  0.008
   0.83562    -14.282201  0.008  0.000  0.000  0.008
   0.81567    -14.284083  0.008  0.000  0.000  0.008
   0.79571    -14.286180  0.008  0.000  0.000  0.009
   0.77575    -14.288437  0.007  0.000  0.000  0.008
   0.75579    -14.290798  0.007  0.000  0.000  0.008
   0.73584    -14.293202  0.007  0.000  0.000  0.007
   0.71588    -14.295591  0.007  0.000  0.000  0.007
   0.69592    -14.297905  0.007  0.000  0.000  0.007
   0.67596    -14.300088  0.007  0.000  0.000  0.007
   0.65600    -14.302088  0.007  0.000  0.000  0.007
   0.63605    -14.303861  0.007  0.000  0.000  0.007
   0.61609    -14.305366  0.007  0.000  0.000  0.007
   0.59613    -14.306572  0.007  0.000  0.000  0.007
   0.57617    -14.307452  0.007  0.000  0.000  0.007
   0.55622    -14.307988  0.007  0.000  0.000  0.007
   0.53626    -14.308168  0.007  0.000  0.000  0.007
   0.53626    -14.308168  0.007  0.000  0.000  0.007
   0.50804    -14.309657  0.007  0.000  0.000  0.007
   0.47981    -14.314003  0.006  0.000  0.000  0.006
   0.45159    -14.320868  0.006  0.000  0.000  0.006
   0.42336    -14.329771  0.006  0.000  0.000  0.006
   0.39514    -14.340169  0.005  0.000  0.000  0.005
   0.36691    -14.351534  0.004  0.000  0.000  0.004
   0.33869    -14.363396  0.004  0.000  0.000  0.004
   0.31047    -14.375356  0.004  0.000  0.000  0.004
   0.28224    -14.387085  0.004  0.000  0.000  0.004
   0.25402    -14.398313  0.004  0.000  0.000  0.004
   0.22579    -14.408825  0.003  0.000  0.000  0.003
   0.19757    -14.418444  0.002  0.000  0.000  0.002
   0.16935    -14.427033  0.002  0.000  0.000  0.002
   0.14112    -14.434478  0.002  0.000  0.000  0.002
   0.11290    -14.440685  0.002  0.000  0.000  0.002
   0.08467    -14.445584  0.002  0.000  0.000  0.002
   0.05645    -14.449120  0.002  0.000  0.000  0.002
   0.02822    -14.451256  0.002  0.000  0.000  0.002
   0.00000    -14.451968  0.002  0.000  0.000  0.002
 
# Band-Index:    7
   0.00000    -14.411712  0.006  0.000  0.000  0.006
   0.02822    -14.411104  0.006  0.000  0.000  0.006
   0.05645    -14.409284  0.006  0.000  0.000  0.006
   0.08467    -14.406273  0.006  0.000  0.000  0.006
   0.11290    -14.402110  0.006  0.000  0.000  0.006
   0.14112    -14.396848  0.006  0.000  0.000  0.006
   0.16935    -14.390556  0.006  0.000  0.000  0.006
   0.19757    -14.383322  0.006  0.000  0.000  0.006
   0.22579    -14.375257  0.006  0.000  0.000  0.006
   0.25402    -14.366490  0.006  0.000  0.000  0.006
   0.28224    -14.357183  0.006  0.000  0.000  0.006
   0.31047    -14.347529  0.006  0.000  0.000  0.006
   0.33869    -14.337760  0.006  0.000  0.000  0.006
   0.36691    -14.328154  0.007  0.000  0.000  0.007
   0.39514    -14.319030  0.008  0.000  0.000  0.008
   0.42336    -14.310758  0.008  0.000  0.000  0.008
   0.45159    -14.303738  0.008  0.000  0.000  0.008
   0.47981    -14.298364  0.008  0.000  0.000  0.008
   0.50804    -14.294980  0.008  0.000  0.000  0.009
   0.53626    -14.293825  0.008  0.000  0.000  0.009
   0.53626    -14.293825  0.008  0.000  0.000  0.009
   0.55622    -14.293703  0.008  0.000  0.000  0.009
   0.57617    -14.293342  0.009  0.000  0.000  0.009
   0.59613    -14.292752  0.009  0.000  0.000  0.009
   0.61609    -14.291946  0.009  0.000  0.000  0.009
   0.63605    -14.290947  0.009  0.000  0.000  0.009
   0.65600    -14.289778  0.009  0.000  0.000  0.009
   0.67596    -14.288472  0.009  0.000  0.000  0.009
   0.69592    -14.287064  0.009  0.000  0.000  0.009
   0.71588    -14.285595  0.009  0.000  0.000  0.009
   0.73584    -14.284109  0.009  0.000  0.000  0.009
   0.75579    -14.282651  0.009  0.000  0.000  0.009
   0.77575    -14.281270  0.009  0.000  0.000  0.009
   0.79571    -14.280013  0.009  0.000  0.000  0.009
   0.81567    -14.278925  0.009  0.000  0.000  0.009
   0.83562    -14.278051  0.009  0.000  0.000  0.009
   0.85558    -14.277430  0.009  0.000  0.000  0.009
   0.87554    -14.277086  0.009  0.000  0.000  0.009
   0.89550    -14.277019  0.009  0.000  0.000  0.009
   0.91545    -14.277088  0.009  0.000  0.000  0.009
   0.91545    -14.277088  0.009  0.000  0.000  0.009
   0.94368    -14.278023  0.009  0.000  0.000  0.009
   0.97190    -14.280701  0.009  0.000  0.000  0.009
   1.00013    -14.284871  0.009  0.000  0.000  0.009
   1.02835    -14.290357  0.009  0.000  0.000  0.009
   1.05657    -14.296976  0.008  0.000  0.000  0.008
   1.08480    -14.304495  0.008  0.000  0.000  0.008
   1.11302    -14.312654  0.007  0.000  0.000  0.007
   1.14125    -14.321184  0.007  0.000  0.000  0.007
   1.16947    -14.329825  0.007  0.000  0.000  0.007
   1.19769    -14.338338  0.007  0.000  0.000  0.007
   1.22592    -14.346501  0.007  0.000  0.000  0.007
   1.25414    -14.354122  0.006  0.000  0.000  0.006
   1.28237    -14.361036  0.006  0.000  0.000  0.006
   1.31059    -14.367105  0.006  0.000  0.000  0.006
   1.33882    -14.372215  0.006  0.000  0.000  0.006
   1.36704    -14.376278  0.006  0.000  0.000  0.006
   1.39526    -14.379227  0.006  0.000  0.000  0.006
   1.42349    -14.381016  0.006  0.000  0.000  0.006
   1.45171    -14.381616  0.006  0.000  0.000  0.006
   1.45171    -14.381616  0.006  0.000  0.000  0.006
   1.47167    -14.381852  0.006  0.000  0.000  0.006
   1.49163    -14.382564  0.006  0.000  0.000  0.006
   1.51159    -14.383732  0.006  0.000  0.000  0.006
   1.53154    -14.385312  0.006  0.000  0.000  0.006
   1.55150    -14.387233  0.006  0.000  0.000  0.006
   1.57146    -14.389417  0.006  0.000  0.000  0.006
   1.59142    -14.391783  0.006  0.000  0.000  0.006
   1.61137    -14.394251  0.006  0.000  0.000  0.006
   1.63133    -14.396747  0.006  0.000  0.000  0.006
   1.65129    -14.399203  0.006  0.000  0.000  0.006
   1.67125    -14.401557  0.006  0.000  0.000  0.006
   1.69120    -14.403756  0.006  0.000  0.000  0.006
   1.71116    -14.405752  0.006  0.000  0.000  0.006
   1.73112    -14.407506  0.006  0.000  0.000  0.006
   1.75108    -14.408985  0.006  0.000  0.000  0.006
   1.77103    -14.410164  0.006  0.000  0.000  0.006
   1.79099    -14.411020  0.006  0.000  0.000  0.006
   1.81095    -14.411539  0.006  0.000  0.000  0.006
   1.83091    -14.411712  0.006  0.000  0.000  0.006
 
# Band-Index:    8
   1.83091    -14.306251  0.010  0.000  0.000  0.010
   1.81095    -14.306212  0.009  0.000  0.000  0.010
   1.79099    -14.306099  0.009  0.000  0.000  0.010
   1.77103    -14.305925  0.009  0.000  0.000  0.010
   1.75108    -14.305714  0.008  0.000  0.000  0.009
   1.73112    -14.305497  0.008  0.000  0.000  0.008
   1.71116    -14.305316  0.008  0.000  0.000  0.008
   1.69120    -14.305221  0.008  0.000  0.000  0.008
   1.67125    -14.305274  0.008  0.000  0.000  0.008
   1.65129    -14.305541  0.008  0.000  0.000  0.008
   1.63133    -14.306093  0.008  0.000  0.000  0.008
   1.61137    -14.306996  0.006  0.000  0.000  0.006
   1.59142    -14.308299  0.006  0.000  0.000  0.006
   1.57146    -14.310011  0.006  0.000  0.000  0.006
   1.55150    -14.312084  0.004  0.000  0.000  0.004
   1.53154    -14.314390  0.004  0.000  0.000  0.004
   1.51159    -14.316713  0.004  0.000  0.000  0.004
   1.49163    -14.318750  0.002  0.000  0.000  0.002
   1.47167    -14.320163  0.002  0.000  0.000  0.002
   1.45171    -14.320672  0.002  0.000  0.000  0.002
   1.45171    -14.320672  0.002  0.000  0.000  0.002
   1.42349    -14.320084  0.002  0.000  0.000  0.002
   1.39526    -14.318325  0.002  0.000  0.000  0.002
   1.36704    -14.315410  0.002  0.000  0.000  0.002
   1.33882    -14.311364  0.002  0.000  0.000  0.002
   1.31059    -14.306217  0.002  0.000  0.000  0.002
   1.28237    -14.300010  0.002  0.000  0.000  0.002
   1.25414    -14.292792  0.002  0.000  0.000  0.002
   1.22592    -14.284621  0.002  0.000  0.000  0.002
   1.19769    -14.275558  0.002  0.000  0.000  0.002
   1.16947    -14.265675  0.002  0.000  0.000  0.002
   1.14125    -14.255057  0.000  0.000  0.000  0.000
   1.11302    -14.243802  0.000  0.000  0.000  0.000
   1.08480    -14.232034  0.000  0.000  0.000  0.000
   1.05657    -14.219921  0.000  0.000  0.000  0.000
   1.02835    -14.207691  0.000  0.000  0.000  0.000
   1.00013    -14.195676  0.000  0.000  0.000  0.000
   0.97190    -14.184416  0.000  0.000  0.000  0.000
   0.94368    -14.175023  0.000  0.000  0.000  0.000
   0.91545    -14.170673  0.000  0.000  0.000  0.000
   0.91545    -14.170673  0.000  0.000  0.000  0.000
   0.89550    -14.170665  0.000  0.000  0.000  0.000
   0.87554    -14.170639  0.000  0.000  0.000  0.000
   0.85558    -14.170595  0.000  0.000  0.000  0.000
   0.83562    -14.170536  0.000  0.000  0.000  0.000
   0.81567    -14.170463  0.000  0.000  0.000  0.000
   0.79571    -14.170378  0.000  0.000  0.000  0.000
   0.77575    -14.170282  0.000  0.000  0.000  0.000
   0.75579    -14.172871  0.002  0.000  0.000  0.002
   0.73584    -14.175766  0.002  0.000  0.000  0.002
   0.71588    -14.178484  0.002  0.000  0.000  0.002
   0.69592    -14.180994  0.002  0.000  0.000  0.002
   0.67596    -14.183268  0.002  0.000  0.000  0.002
   0.65600    -14.185283  0.002  0.000  0.000  0.002
   0.63605    -14.187021  0.002  0.000  0.000  0.002
   0.61609    -14.188464  0.002  0.000  0.000  0.002
   0.59613    -14.189600  0.002  0.000  0.000  0.002
   0.57617    -14.190420  0.002  0.000  0.000  0.002
   0.55622    -14.190915  0.002  0.000  0.000  0.002
   0.53626    -14.191081  0.002  0.000  0.000  0.002
   0.53626    -14.191081  0.002  0.000  0.000  0.002
   0.50804    -14.194409  0.002  0.000  0.000  0.003
   0.47981    -14.201640  0.004  0.000  0.000  0.004
   0.45159    -14.210104  0.004  0.000  0.000  0.004
   0.42336    -14.218910  0.004  0.000  0.000  0.004
   0.39514    -14.227761  0.006  0.000  0.000  0.006
   0.36691    -14.236534  0.006  0.000  0.000  0.006
   0.33869    -14.245153  0.006  0.000  0.000  0.006
   0.31047    -14.253544  0.007  0.000  0.000  0.008
   0.28224    -14.261626  0.008  0.000  0.000  0.008
   0.25402    -14.269302  0.008  0.000  0.000  0.008
   0.22579    -14.276478  0.008  0.000  0.000  0.008
   0.19757    -14.283058  0.008  0.000  0.000  0.008
   0.16935    -14.288954  0.008  0.000  0.000  0.008
   0.14112    -14.294087  0.008  0.000  0.000  0.008
   0.11290    -14.298385  0.008  0.000  0.000  0.008
   0.08467    -14.301792  0.008  0.000  0.000  0.009
   0.05645    -14.304258  0.009  0.000  0.000  0.010
   0.02822    -14.305751  0.009  0.000  0.000  0.010
   0.00000    -14.306251  0.010  0.000  0.000  0.010
 
# Band-Index:    9
   0.00000    -14.246788  0.008  0.000  0.000  0.008
   0.02822    -14.246429  0.008  0.000  0.000  0.008
   0.05645    -14.245357  0.008  0.000  0.000  0.008
   0.08467    -14.243592  0.008  0.000  0.000  0.008
   0.11290    -14.241166  0.008  0.000  0.000  0.008
   0.14112    -14.238121  0.008  0.000  0.000  0.008
   0.16935    -14.234511  0.008  0.000  0.000  0.008
   0.19757    -14.230396  0.006  0.000  0.000  0.007
   0.22579    -14.225844  0.006  0.000  0.000  0.006
   0.25402    -14.220924  0.006  0.000  0.000  0.006
   0.28224    -14.215703  0.006  0.000  0.000  0.006
   0.31047    -14.210246  0.004  0.000  0.000  0.004
   0.33869    -14.204603  0.004  0.000  0.000  0.004
   0.36691    -14.198814  0.004  0.000  0.000  0.004
   0.39514    -14.192909  0.002  0.000  0.000  0.002
   0.42336    -14.186932  0.002  0.000  0.000  0.002
   0.45159    -14.180998  0.002  0.000  0.000  0.002
   0.47981    -14.175435  0.000  0.000  0.000  0.000
   0.50804    -14.171060  0.000  0.000  0.000  0.000
   0.53626    -14.169357  0.000  0.000  0.000  0.000
   0.53626    -14.169357  0.000  0.000  0.000  0.000
   0.55622    -14.169365  0.000  0.000  0.000  0.000
   0.57617    -14.169390  0.000  0.000  0.000  0.000
   0.59613    -14.169434  0.000  0.000  0.000  0.000
   0.61609    -14.169494  0.000  0.000  0.000  0.000
   0.63605    -14.169568  0.000  0.000  0.000  0.000
   0.65600    -14.169654  0.000  0.000  0.000  0.000
   0.67596    -14.169751  0.000  0.000  0.000  0.000
   0.69592    -14.169854  0.000  0.000  0.000  0.000
   0.71588    -14.169961  0.000  0.000  0.000  0.000
   0.73584    -14.170070  0.000  0.000  0.000  0.000
   0.75579    -14.170178  0.000  0.000  0.000  0.000
   0.77575    -14.169835  0.002  0.000  0.000  0.002
   0.79571    -14.169135  0.000  0.000  0.000  0.000
   0.81567    -14.169219  0.000  0.000  0.000  0.000
   0.83562    -14.169292  0.000  0.000  0.000  0.000
   0.85558    -14.169351  0.000  0.000  0.000  0.000
   0.87554    -14.169394  0.000  0.000  0.000  0.000
   0.89550    -14.169420  0.000  0.000  0.000  0.000
   0.91545    -14.169428  0.000  0.000  0.000  0.000
   0.91545    -14.169428  0.000  0.000  0.000  0.000
   0.94368    -14.172587  0.000  0.000  0.000  0.000
   0.97190    -14.179518  0.000  0.000  0.000  0.000
   1.00013    -14.187525  0.001  0.000  0.000  0.002
   1.02835    -14.195572  0.002  0.000  0.000  0.002
   1.05657    -14.203334  0.002  0.000  0.000  0.002
   1.08480    -14.210732  0.002  0.000  0.000  0.003
   1.11302    -14.217771  0.004  0.000  0.000  0.004
   1.14125    -14.224468  0.004  0.000  0.000  0.004
   1.16947    -14.230829  0.006  0.000  0.000  0.006
   1.19769    -14.236836  0.006  0.000  0.000  0.006
   1.22592    -14.242447  0.006  0.000  0.000  0.006
   1.25414    -14.247606  0.006  0.000  0.000  0.006
   1.28237    -14.252252  0.008  0.000  0.000  0.008
   1.31059    -14.256316  0.008  0.000  0.000  0.008
   1.33882    -14.259737  0.008  0.000  0.000  0.008
   1.36704    -14.262459  0.008  0.000  0.000  0.008
   1.39526    -14.264438  0.008  0.000  0.000  0.008
   1.42349    -14.265639  0.008  0.000  0.000  0.008
   1.45171    -14.266043  0.008  0.000  0.000  0.008
   1.45171    -14.266043  0.008  0.000  0.000  0.008
   1.47167    -14.265874  0.008  0.000  0.000  0.008
   1.49163    -14.265374  0.008  0.000  0.000  0.008
   1.51159    -14.264558  0.008  0.000  0.000  0.008
   1.53154    -14.263452  0.008  0.000  0.000  0.008
   1.55150    -14.262097  0.008  0.000  0.000  0.008
   1.57146    -14.260546  0.008  0.000  0.000  0.008
   1.59142    -14.258871  0.008  0.000  0.000  0.008
   1.61137    -14.257144  0.008  0.000  0.000  0.008
   1.63133    -14.255440  0.008  0.000  0.000  0.008
   1.65129    -14.253820  0.008  0.000  0.000  0.008
   1.67125    -14.252332  0.008  0.000  0.000  0.008
   1.69120    -14.251005  0.008  0.000  0.000  0.008
   1.71116    -14.249858  0.008  0.000  0.000  0.008
   1.73112    -14.248898  0.008  0.000  0.000  0.008
   1.75108    -14.248125  0.008  0.000  0.000  0.008
   1.77103    -14.247533  0.008  0.000  0.000  0.008
   1.79099    -14.247117  0.008  0.000  0.000  0.008
   1.81095    -14.246870  0.008  0.000  0.000  0.008
   1.83091    -14.246788  0.008  0.000  0.000  0.008
 
# Band-Index:   10
   1.83091    -14.152524  0.002  0.000  0.000  0.003
   1.81095    -14.153013  0.003  0.000  0.000  0.004
   1.79099    -14.154461  0.004  0.000  0.000  0.004
   1.77103    -14.156812  0.004  0.000  0.000  0.004
   1.75108    -14.159976  0.004  0.000  0.000  0.004
   1.73112    -14.163838  0.004  0.000  0.000  0.004
   1.71116    -14.168265  0.004  0.000  0.000  0.004
   1.69120    -14.173110  0.004  0.000  0.000  0.004
   1.67125    -14.178219  0.004  0.000  0.000  0.004
   1.65129    -14.183434  0.004  0.000  0.000  0.004
   1.63133    -14.188599  0.004  0.000  0.000  0.004
   1.61137    -14.193565  0.004  0.000  0.000  0.004
   1.59142    -14.198194  0.006  0.000  0.000  0.006
   1.57146    -14.202370  0.006  0.000  0.000  0.006
   1.55150    -14.206000  0.006  0.000  0.000  0.006
   1.53154    -14.209017  0.006  0.000  0.000  0.006
   1.51159    -14.211385  0.006  0.000  0.000  0.006
   1.49163    -14.213082  0.006  0.000  0.000  0.006
   1.47167    -14.214101  0.006  0.000  0.000  0.006
   1.45171    -14.214440  0.006  0.000  0.000  0.007
   1.45171    -14.214440  0.006  0.000  0.000  0.007
   1.42349    -14.213936  0.006  0.000  0.000  0.006
   1.39526    -14.212433  0.006  0.000  0.000  0.006
   1.36704    -14.209961  0.006  0.000  0.000  0.006
   1.33882    -14.206567  0.006  0.000  0.000  0.006
   1.31059    -14.202319  0.006  0.000  0.000  0.006
   1.28237    -14.197303  0.006  0.000  0.000  0.006
   1.25414    -14.191632  0.006  0.000  0.000  0.006
   1.22592    -14.185442  0.004  0.000  0.000  0.004
   1.19769    -14.178898  0.004  0.000  0.000  0.004
   1.16947    -14.172198  0.004  0.000  0.000  0.004
   1.14125    -14.165577  0.004  0.000  0.000  0.004
   1.11302    -14.159315  0.002  0.000  0.000  0.002
   1.08480    -14.153748  0.002  0.000  0.000  0.002
   1.05657    -14.149275  0.002  0.000  0.000  0.002
   1.02835    -14.146357  0.002  0.000  0.000  0.002
   1.00013    -14.145453  0.000  0.000  0.000  0.000
   0.97190    -14.146833  0.000  0.000  0.000  0.000
   0.94368    -14.150060  0.000  0.000  0.000  0.000
   0.91545    -14.152354  0.000  0.000  0.000  0.000
   0.91545    -14.152354  0.000  0.000  0.000  0.000
   0.89550    -14.153063  0.000  0.000  0.000  0.000
   0.87554    -14.154931  0.000  0.000  0.000  0.000
   0.85558    -14.157498  0.000  0.000  0.000  0.000
   0.83562    -14.160436  0.000  0.000  0.000  0.000
   0.81567    -14.163546  0.000  0.000  0.000  0.000
   0.79571    -14.166707  0.002  0.000  0.000  0.002
   0.77575    -14.169039  0.000  0.000  0.000  0.000
   0.75579    -14.168936  0.000  0.000  0.000  0.000
   0.73584    -14.168828  0.000  0.000  0.000  0.000
   0.71588    -14.168720  0.000  0.000  0.000  0.000
   0.69592    -14.168614  0.000  0.000  0.000  0.000
   0.67596    -14.168512  0.000  0.000  0.000  0.000
   0.65600    -14.168416  0.000  0.000  0.000  0.000
   0.63605    -14.168330  0.000  0.000  0.000  0.000
   0.61609    -14.168256  0.000  0.000  0.000  0.000
   0.59613    -14.168196  0.000  0.000  0.000  0.000
   0.57617    -14.168152  0.000  0.000  0.000  0.000
   0.55622    -14.168127  0.000  0.000  0.000  0.000
   0.53626    -14.168118  0.000  0.000  0.000  0.000
   0.53626    -14.168118  0.000  0.000  0.000  0.000
   0.50804    -14.165437  0.000  0.000  0.000  0.000
   0.47981    -14.159990  0.000  0.000  0.000  0.000
   0.45159    -14.154568  0.000  0.000  0.000  0.000
   0.42336    -14.150096  0.000  0.000  0.000  0.000
   0.39514    -14.146800  0.000  0.000  0.000  0.000
   0.36691    -14.144642  0.000  0.000  0.000  0.000
   0.33869    -14.143469  0.000  0.000  0.000  0.000
   0.31047    -14.143105  0.000  0.000  0.000  0.000
   0.28224    -14.143370  0.002  0.000  0.000  0.002
   0.25402    -14.144102  0.002  0.000  0.000  0.002
   0.22579    -14.145154  0.002  0.000  0.000  0.002
   0.19757    -14.146394  0.002  0.000  0.000  0.002
   0.16935    -14.147709  0.002  0.000  0.000  0.002
   0.14112    -14.148996  0.002  0.000  0.000  0.002
   0.11290    -14.150169  0.002  0.000  0.000  0.002
   0.08467    -14.151156  0.002  0.000  0.000  0.002
   0.05645    -14.151902  0.002  0.000  0.000  0.002
   0.02822    -14.152366  0.002  0.000  0.000  0.002
   0.00000    -14.152524  0.002  0.000  0.000  0.003
 
# Band-Index:   11
   0.00000    -14.032893  0.002  0.000  0.000  0.002
   0.02822    -14.033169  0.002  0.000  0.000  0.002
   0.05645    -14.034002  0.002  0.000  0.000  0.002
   0.08467    -14.035411  0.002  0.000  0.000  0.002
   0.11290    -14.037425  0.002  0.000  0.000  0.002
   0.14112    -14.040081  0.002  0.000  0.000  0.002
   0.16935    -14.043420  0.000  0.000  0.000  0.002
   0.19757    -14.047479  0.000  0.000  0.000  0.000
   0.22579    -14.052292  0.000  0.000  0.000  0.000
   0.25402    -14.057878  0.000  0.000  0.000  0.000
   0.28224    -14.064232  0.000  0.000  0.000  0.000
   0.31047    -14.071326  0.000  0.000  0.000  0.000
   0.33869    -14.079091  0.000  0.000  0.000  0.000
   0.36691    -14.087416  0.000  0.000  0.000  0.000
   0.39514    -14.096129  0.000  0.000  0.000  0.000
   0.42336    -14.104980  0.000  0.000  0.000  0.000
   0.45159    -14.113592  0.000  0.000  0.000  0.000
   0.47981    -14.121351  0.000  0.000  0.000  0.000
   0.50804    -14.127183  0.000  0.000  0.000  0.000
   0.53626    -14.129461  0.000  0.000  0.000  0.000
   0.53626    -14.129461  0.000  0.000  0.000  0.000
   0.55622    -14.129414  0.000  0.000  0.000  0.000
   0.57617    -14.129278  0.000  0.000  0.000  0.000
   0.59613    -14.129068  0.000  0.000  0.000  0.000
   0.61609    -14.128802  0.000  0.000  0.000  0.000
   0.63605    -14.128507  0.000  0.000  0.000  0.000
   0.65600    -14.128216  0.000  0.000  0.000  0.000
   0.67596    -14.127970  0.000  0.000  0.000  0.000
   0.69592    -14.127811  0.000  0.000  0.000  0.000
   0.71588    -14.127787  0.000  0.000  0.000  0.000
   0.73584    -14.127940  0.000  0.000  0.000  0.000
   0.75579    -14.128312  0.000  0.000  0.000  0.000
   0.77575    -14.128938  0.000  0.000  0.000  0.000
   0.79571    -14.129835  0.000  0.000  0.000  0.000
   0.81567    -14.131003  0.000  0.000  0.000  0.000
   0.83562    -14.132414  0.000  0.000  0.000  0.000
   0.85558    -14.133987  0.000  0.000  0.000  0.000
   0.87554    -14.135556  0.000  0.000  0.000  0.000
   0.89550    -14.136815  0.000  0.000  0.000  0.000
   0.91545    -14.137319  0.000  0.000  0.000  0.000
   0.91545    -14.137319  0.000  0.000  0.000  0.000
   0.94368    -14.133890  0.000  0.000  0.000  0.000
   0.97190    -14.126057  0.000  0.000  0.000  0.000
   1.00013    -14.116640  0.000  0.000  0.000  0.000
   1.02835    -14.106849  0.000  0.000  0.000  0.000
   1.05657    -14.097231  0.000  0.000  0.000  0.000
   1.08480    -14.088090  0.000  0.000  0.000  0.000
   1.11302    -14.079620  0.000  0.000  0.000  0.000
   1.14125    -14.071944  0.000  0.000  0.000  0.000
   1.16947    -14.065133  0.000  0.000  0.000  0.000
   1.19769    -14.059210  0.000  0.000  0.000  0.000
   1.22592    -14.054156  0.000  0.000  0.000  0.000
   1.25414    -14.049926  0.000  0.000  0.000  0.000
   1.28237    -14.046456  0.000  0.000  0.000  0.000
   1.31059    -14.043675  0.002  0.000  0.000  0.002
   1.33882    -14.041511  0.002  0.000  0.000  0.002
   1.36704    -14.039901  0.002  0.000  0.000  0.002
   1.39526    -14.038792  0.002  0.000  0.000  0.002
   1.42349    -14.038143  0.002  0.000  0.000  0.002
   1.45171    -14.037930  0.002  0.000  0.000  0.002
   1.45171    -14.037930  0.002  0.000  0.000  0.002
   1.47167    -14.037891  0.002  0.000  0.000  0.002
   1.49163    -14.037778  0.002  0.000  0.000  0.002
   1.51159    -14.037590  0.002  0.000  0.000  0.002
   1.53154    -14.037333  0.002  0.000  0.000  0.002
   1.55150    -14.037010  0.002  0.000  0.000  0.002
   1.57146    -14.036630  0.002  0.000  0.000  0.002
   1.59142    -14.036205  0.002  0.000  0.000  0.002
   1.61137    -14.035746  0.002  0.000  0.000  0.002
   1.63133    -14.035272  0.002  0.000  0.000  0.002
   1.65129    -14.034802  0.002  0.000  0.000  0.002
   1.67125    -14.034358  0.002  0.000  0.000  0.002
   1.69120    -14.033959  0.002  0.000  0.000  0.002
   1.71116    -14.033620  0.002  0.000  0.000  0.002
   1.73112    -14.033352  0.002  0.000  0.000  0.002
   1.75108    -14.033155  0.002  0.000  0.000  0.002
   1.77103    -14.033024  0.002  0.000  0.000  0.002
   1.79099    -14.032945  0.002  0.000  0.000  0.002
   1.81095    -14.032905  0.002  0.000  0.000  0.002
   1.83091    -14.032893  0.002  0.000  0.000  0.002
 
# Band-Index:   12
   1.83091    -13.936388  0.002  0.000  0.000  0.002
   1.81095    -13.936369  0.002  0.000  0.000  0.002
   1.79099    -13.936314  0.002  0.000  0.000  0.002
   1.77103    -13.936233  0.002  0.000  0.000  0.002
   1.75108    -13.936139  0.002  0.000  0.000  0.002
   1.73112    -13.936051  0.002  0.000  0.000  0.002
   1.71116    -13.935987  0.002  0.000  0.000  0.002
   1.69120    -13.935965  0.000  0.000  0.000  0.000
   1.67125    -13.935997  0.000  0.000  0.000  0.000
   1.65129    -13.936088  0.000  0.000  0.000  0.000
   1.63133    -13.936236  0.000  0.000  0.000  0.000
   1.61137    -13.936430  0.000  0.000  0.000  0.000
   1.59142    -13.936657  0.000  0.000  0.000  0.000
   1.57146    -13.936898  0.000  0.000  0.000  0.000
   1.55150    -13.937136  0.000  0.000  0.000  0.000
   1.53154    -13.937353  0.000  0.000  0.000  0.000
   1.51159    -13.937536  0.000  0.000  0.000  0.000
   1.49163    -13.937672  0.000  0.000  0.000  0.000
   1.47167    -13.937757  0.000  0.000  0.000  0.000
   1.45171    -13.937786  0.000  0.000  0.000  0.000
   1.45171    -13.937786  0.000  0.000  0.000  0.000
   1.42349    -13.938245  0.000  0.000  0.000  0.000
   1.39526    -13.939630  0.000  0.000  0.000  0.000
   1.36704    -13.941957  0.000  0.000  0.000  0.000
   1.33882    -13.945244  0.000  0.000  0.000  0.000
   1.31059    -13.949512  0.000  0.000  0.000  0.000
   1.28237    -13.954771  0.000  0.000  0.000  0.000
   1.25414    -13.961017  0.000  0.000  0.000  0.000
   1.22592    -13.968222  0.000  0.000  0.000  0.000
   1.19769    -13.976326  0.000  0.000  0.000  0.000
   1.16947    -13.985236  0.000  0.000  0.000  0.000
   1.14125    -13.994812  0.000  0.000  0.000  0.000
   1.11302    -14.004859  0.000  0.000  0.000  0.000
   1.08480    -14.015102  0.000  0.000  0.000  0.000
   1.05657    -14.025179  0.000  0.000  0.000  0.000
   1.02835    -14.034611  0.000  0.000  0.000  0.000
   1.00013    -14.042812  0.000  0.000  0.000  0.000
   0.97190    -14.049163  0.000  0.000  0.000  0.000
   0.94368    -14.053160  0.000  0.000  0.000  0.000
   0.91545    -14.054518  0.000  0.000  0.000  0.000
   0.91545    -14.054518  0.000  0.000  0.000  0.000
   0.89550    -14.054509  0.000  0.000  0.000  0.000
   0.87554    -14.054481  0.000  0.000  0.000  0.000
   0.85558    -14.054436  0.000  0.000  0.000  0.000
   0.83562    -14.054374  0.000  0.000  0.000  0.000
   0.81567    -14.054297  0.000  0.000  0.000  0.000
   0.79571    -14.054207  0.000  0.000  0.000  0.000
   0.77575    -14.054106  0.000  0.000  0.000  0.000
   0.75579    -14.053997  0.000  0.000  0.000  0.000
   0.73584    -14.053884  0.000  0.000  0.000  0.000
   0.71588    -14.053770  0.000  0.000  0.000  0.000
   0.69592    -14.053657  0.000  0.000  0.000  0.000
   0.67596    -14.053548  0.000  0.000  0.000  0.000
   0.65600    -14.053447  0.000  0.000  0.000  0.000
   0.63605    -14.053356  0.000  0.000  0.000  0.000
   0.61609    -14.053278  0.000  0.000  0.000  0.000
   0.59613    -14.053215  0.000  0.000  0.000  0.000
   0.57617    -14.053169  0.000  0.000  0.000  0.000
   0.55622    -14.053142  0.000  0.000  0.000  0.000
   0.53626    -14.053134  0.000  0.000  0.000  0.000
   0.53626    -14.053134  0.000  0.000  0.000  0.000
   0.50804    -14.051866  0.000  0.000  0.000  0.000
   0.47981    -14.048129  0.000  0.000  0.000  0.000
   0.45159    -14.042125  0.000  0.000  0.000  0.000
   0.42336    -14.034212  0.000  0.000  0.000  0.000
   0.39514    -14.024869  0.000  0.000  0.000  0.000
   0.36691    -14.014628  0.000  0.000  0.000  0.000
   0.33869    -14.004006  0.000  0.000  0.000  0.000
   0.31047    -13.993456  0.000  0.000  0.000  0.000
   0.28224    -13.983352  0.000  0.000  0.000  0.000
   0.25402    -13.973983  0.000  0.000  0.000  0.000
   0.22579    -13.965560  0.000  0.000  0.000  0.000
   0.19757    -13.958216  0.000  0.000  0.000  0.000
   0.16935    -13.952013  0.000  0.000  0.000  0.000
   0.14112    -13.946950  0.000  0.000  0.000  0.000
   0.11290    -13.942977  0.000  0.000  0.000  0.000
   0.08467    -13.940012  0.002  0.000  0.000  0.002
   0.05645    -13.937972  0.002  0.000  0.000  0.002
   0.02822    -13.936780  0.002  0.000  0.000  0.002
   0.00000    -13.936388  0.002  0.000  0.000  0.002
 
# Band-Index:   13
   0.00000    -13.900429  0.008  0.000  0.000  0.008
   0.02822    -13.900445  0.008  0.000  0.000  0.008
   0.05645    -13.900490  0.008  0.000  0.000  0.008
   0.08467    -13.900545  0.008  0.000  0.000  0.008
   0.11290    -13.900587  0.008  0.000  0.000  0.008
   0.14112    -13.900581  0.008  0.000  0.000  0.008
   0.16935    -13.900483  0.008  0.000  0.000  0.008
   0.19757    -13.900246  0.008  0.000  0.000  0.008
   0.22579    -13.899823  0.007  0.000  0.000  0.007
   0.25402    -13.899168  0.007  0.000  0.000  0.007
   0.28224    -13.898242  0.006  0.000  0.000  0.006
   0.31047    -13.897020  0.006  0.000  0.000  0.006
   0.33869    -13.895489  0.006  0.000  0.000  0.006
   0.36691    -13.893659  0.005  0.000  0.000  0.005
   0.39514    -13.891562  0.004  0.000  0.000  0.004
   0.42336    -13.889268  0.004  0.000  0.000  0.004
   0.45159    -13.886904  0.003  0.000  0.000  0.004
   0.47981    -13.884694  0.002  0.000  0.000  0.002
   0.50804    -13.883018  0.002  0.000  0.000  0.002
   0.53626    -13.882369  0.002  0.000  0.000  0.002
   0.53626    -13.882369  0.002  0.000  0.000  0.002
   0.55622    -13.882540  0.002  0.000  0.000  0.002
   0.57617    -13.883048  0.002  0.000  0.000  0.002
   0.59613    -13.883876  0.002  0.000  0.000  0.002
   0.61609    -13.884992  0.002  0.000  0.000  0.002
   0.63605    -13.886350  0.002  0.000  0.000  0.002
   0.65600    -13.887897  0.002  0.000  0.000  0.002
   0.67596    -13.889569  0.002  0.000  0.000  0.002
   0.69592    -13.891294  0.002  0.000  0.000  0.002
   0.71588    -13.892997  0.002  0.000  0.000  0.002
   0.73584    -13.894600  0.002  0.000  0.000  0.002
   0.75579    -13.896029  0.002  0.000  0.000  0.002
   0.77575    -13.897218  0.002  0.000  0.000  0.002
   0.79571    -13.898113  0.002  0.000  0.000  0.002
   0.81567    -13.898681  0.002  0.000  0.000  0.002
   0.83562    -13.898923  0.002  0.000  0.000  0.002
   0.85558    -13.898879  0.002  0.000  0.000  0.002
   0.87554    -13.898647  0.002  0.000  0.000  0.002
   0.89550    -13.898386  0.002  0.000  0.000  0.002
   0.91545    -13.898271  0.002  0.000  0.000  0.002
   0.91545    -13.898271  0.002  0.000  0.000  0.002
   0.94368    -13.897859  0.002  0.000  0.000  0.002
   0.97190    -13.896663  0.002  0.000  0.000  0.002
   1.00013    -13.894801  0.002  0.000  0.000  0.002
   1.02835    -13.892447  0.003  0.000  0.000  0.003
   1.05657    -13.890262  0.004  0.000  0.000  0.004
   1.08480    -13.891797  0.005  0.000  0.000  0.005
   1.11302    -13.892991  0.006  0.000  0.000  0.006
   1.14125    -13.893673  0.006  0.000  0.000  0.006
   1.16947    -13.893845  0.007  0.000  0.000  0.007
   1.19769    -13.893552  0.007  0.000  0.000  0.008
   1.22592    -13.892871  0.008  0.000  0.000  0.008
   1.25414    -13.891908  0.008  0.000  0.000  0.008
   1.28237    -13.890776  0.008  0.000  0.000  0.008
   1.31059    -13.889595  0.008  0.000  0.000  0.009
   1.33882    -13.888470  0.009  0.000  0.000  0.009
   1.36704    -13.887499  0.009  0.000  0.000  0.009
   1.39526    -13.886753  0.009  0.000  0.000  0.009
   1.42349    -13.886286  0.009  0.000  0.000  0.009
   1.45171    -13.886127  0.009  0.000  0.000  0.009
   1.45171    -13.886127  0.009  0.000  0.000  0.009
   1.47167    -13.886249  0.009  0.000  0.000  0.009
   1.49163    -13.886610  0.009  0.000  0.000  0.009
   1.51159    -13.887190  0.009  0.000  0.000  0.009
   1.53154    -13.887962  0.009  0.000  0.000  0.009
   1.55150    -13.888894  0.009  0.000  0.000  0.009
   1.57146    -13.889948  0.008  0.000  0.000  0.008
   1.59142    -13.891086  0.008  0.000  0.000  0.008
   1.61137    -13.892269  0.008  0.000  0.000  0.008
   1.63133    -13.893460  0.008  0.000  0.000  0.008
   1.65129    -13.894627  0.008  0.000  0.000  0.008
   1.67125    -13.895738  0.008  0.000  0.000  0.008
   1.69120    -13.896767  0.008  0.000  0.000  0.008
   1.71116    -13.897695  0.008  0.000  0.000  0.008
   1.73112    -13.898504  0.008  0.000  0.000  0.008
   1.75108    -13.899184  0.008  0.000  0.000  0.008
   1.77103    -13.899722  0.008  0.000  0.000  0.008
   1.79099    -13.900112  0.008  0.000  0.000  0.008
   1.81095    -13.900349  0.008  0.000  0.000  0.008
   1.83091    -13.900429  0.008  0.000  0.000  0.008
 
# Band-Index:   14
   1.83091    -13.869120  0.014  0.000  0.000  0.014
   1.81095    -13.869099  0.014  0.000  0.000  0.014
   1.79099    -13.869035  0.014  0.000  0.000  0.014
   1.77103    -13.868929  0.014  0.000  0.000  0.016
   1.75108    -13.868779  0.015  0.000  0.000  0.016
   1.73112    -13.868587  0.016  0.000  0.000  0.016
   1.71116    -13.868357  0.016  0.000  0.000  0.016
   1.69120    -13.868092  0.016  0.000  0.000  0.016
   1.67125    -13.867798  0.016  0.000  0.000  0.016
   1.65129    -13.867485  0.015  0.000  0.000  0.016
   1.63133    -13.867163  0.015  0.000  0.000  0.016
   1.61137    -13.866842  0.014  0.000  0.000  0.015
   1.59142    -13.866533  0.014  0.000  0.000  0.014
   1.57146    -13.866245  0.014  0.000  0.000  0.014
   1.55150    -13.865988  0.014  0.000  0.000  0.014
   1.53154    -13.865770  0.014  0.000  0.000  0.014
   1.51159    -13.865596  0.014  0.000  0.000  0.014
   1.49163    -13.865469  0.014  0.000  0.000  0.014
   1.47167    -13.865392  0.014  0.000  0.000  0.014
   1.45171    -13.865367  0.014  0.000  0.000  0.014
   1.45171    -13.865367  0.014  0.000  0.000  0.014
   1.42349    -13.865534  0.014  0.000  0.000  0.014
   1.39526    -13.866032  0.014  0.000  0.000  0.014
   1.36704    -13.866842  0.014  0.000  0.000  0.014
   1.33882    -13.867938  0.014  0.000  0.000  0.014
   1.31059    -13.869289  0.012  0.000  0.000  0.012
   1.28237    -13.870862  0.012  0.000  0.000  0.012
   1.25414    -13.872635  0.011  0.000  0.000  0.012
   1.22592    -13.874594  0.010  0.000  0.000  0.010
   1.19769    -13.876732  0.009  0.000  0.000  0.009
   1.16947    -13.879050  0.008  0.000  0.000  0.008
   1.14125    -13.881545  0.007  0.000  0.000  0.007
   1.11302    -13.884202  0.006  0.000  0.000  0.006
   1.08480    -13.886964  0.005  0.000  0.000  0.005
   1.05657    -13.889619  0.004  0.000  0.000  0.004
   1.02835    -13.888067  0.004  0.000  0.000  0.004
   1.00013    -13.885861  0.003  0.000  0.000  0.003
   0.97190    -13.883736  0.002  0.000  0.000  0.002
   0.94368    -13.882109  0.002  0.000  0.000  0.002
   0.91545    -13.881478  0.002  0.000  0.000  0.002
   0.91545    -13.881478  0.002  0.000  0.000  0.002
   0.89550    -13.880933  0.002  0.000  0.000  0.002
   0.87554    -13.879390  0.002  0.000  0.000  0.002
   0.85558    -13.877061  0.002  0.000  0.000  0.002
   0.83562    -13.874159  0.002  0.000  0.000  0.002
   0.81567    -13.870863  0.002  0.000  0.000  0.002
   0.79571    -13.867311  0.002  0.000  0.000  0.002
   0.77575    -13.864175  0.000  0.000  0.000  0.000
   0.75579    -13.864069  0.000  0.000  0.000  0.000
   0.73584    -13.863958  0.000  0.000  0.000  0.000
   0.71588    -13.863847  0.000  0.000  0.000  0.000
   0.69592    -13.863736  0.000  0.000  0.000  0.000
   0.67596    -13.863630  0.000  0.000  0.000  0.000
   0.65600    -13.863532  0.000  0.000  0.000  0.000
   0.63605    -13.863443  0.000  0.000  0.000  0.000
   0.61609    -13.863367  0.000  0.000  0.000  0.000
   0.59613    -13.863305  0.000  0.000  0.000  0.000
   0.57617    -13.863260  0.000  0.000  0.000  0.000
   0.55622    -13.863234  0.000  0.000  0.000  0.000
   0.53626    -13.863225  0.000  0.000  0.000  0.000
   0.53626    -13.863225  0.000  0.000  0.000  0.000
   0.50804    -13.863226  0.000  0.000  0.000  0.000
   0.47981    -13.863992  0.002  0.000  0.000  0.002
   0.45159    -13.865272  0.002  0.000  0.000  0.002
   0.42336    -13.866740  0.004  0.000  0.000  0.004
   0.39514    -13.868206  0.006  0.000  0.000  0.006
   0.36691    -13.869552  0.006  0.000  0.000  0.006
   0.33869    -13.870699  0.008  0.000  0.000  0.008
   0.31047    -13.871598  0.010  0.000  0.000  0.010
   0.28224    -13.872219  0.010  0.000  0.000  0.010
   0.25402    -13.872548  0.012  0.000  0.000  0.012
   0.22579    -13.872587  0.012  0.000  0.000  0.012
   0.19757    -13.872363  0.013  0.000  0.000  0.014
   0.16935    -13.871924  0.014  0.000  0.000  0.014
   0.14112    -13.871340  0.014  0.000  0.000  0.014
   0.11290    -13.870695  0.014  0.000  0.000  0.014
   0.08467    -13.870077  0.014  0.000  0.000  0.014
   0.05645    -13.869569  0.014  0.000  0.000  0.014
   0.02822    -13.869236  0.014  0.000  0.000  0.014
   0.00000    -13.869120  0.014  0.000  0.000  0.014
 
# Band-Index:   15
   0.00000    -13.828767  0.010  0.000  0.000  0.010
   0.02822    -13.828879  0.010  0.000  0.000  0.010
   0.05645    -13.829211  0.010  0.000  0.000  0.010
   0.08467    -13.829767  0.010  0.000  0.000  0.010
   0.11290    -13.830551  0.010  0.000  0.000  0.010
   0.14112    -13.831567  0.009  0.000  0.000  0.009
   0.16935    -13.832819  0.008  0.000  0.000  0.008
   0.19757    -13.834312  0.008  0.000  0.000  0.008
   0.22579    -13.836052  0.006  0.000  0.000  0.006
   0.25402    -13.838038  0.006  0.000  0.000  0.006
   0.28224    -13.840268  0.004  0.000  0.000  0.004
   0.31047    -13.842734  0.004  0.000  0.000  0.004
   0.33869    -13.845418  0.002  0.000  0.000  0.002
   0.36691    -13.848288  0.002  0.000  0.000  0.002
   0.39514    -13.851292  0.002  0.000  0.000  0.002
   0.42336    -13.854341  0.000  0.000  0.000  0.000
   0.45159    -13.857294  0.000  0.000  0.000  0.000
   0.47981    -13.859902  0.000  0.000  0.000  0.000
   0.50804    -13.861671  0.000  0.000  0.000  0.000
   0.53626    -13.862066  0.000  0.000  0.000  0.000
   0.53626    -13.862066  0.000  0.000  0.000  0.000
   0.55622    -13.862075  0.000  0.000  0.000  0.000
   0.57617    -13.862101  0.000  0.000  0.000  0.000
   0.59613    -13.862146  0.000  0.000  0.000  0.000
   0.61609    -13.862208  0.000  0.000  0.000  0.000
   0.63605    -13.862284  0.000  0.000  0.000  0.000
   0.65600    -13.862373  0.000  0.000  0.000  0.000
   0.67596    -13.862472  0.000  0.000  0.000  0.000
   0.69592    -13.862577  0.000  0.000  0.000  0.000
   0.71588    -13.862688  0.000  0.000  0.000  0.000
   0.73584    -13.862799  0.000  0.000  0.000  0.000
   0.75579    -13.862910  0.000  0.000  0.000  0.000
   0.77575    -13.863614  0.002  0.000  0.000  0.002
   0.79571    -13.864274  0.000  0.000  0.000  0.000
   0.81567    -13.864361  0.000  0.000  0.000  0.000
   0.83562    -13.864437  0.000  0.000  0.000  0.000
   0.85558    -13.864497  0.000  0.000  0.000  0.000
   0.87554    -13.864542  0.000  0.000  0.000  0.000
   0.89550    -13.864569  0.000  0.000  0.000  0.000
   0.91545    -13.864577  0.000  0.000  0.000  0.000
   0.91545    -13.864577  0.000  0.000  0.000  0.000
   0.94368    -13.864096  0.000  0.000  0.000  0.000
   0.97190    -13.862789  0.000  0.000  0.000  0.000
   1.00013    -13.860846  0.000  0.000  0.000  0.000
   1.02835    -13.858637  0.000  0.000  0.000  0.000
   1.05657    -13.856707  0.000  0.000  0.000  0.000
   1.08480    -13.855047  0.000  0.000  0.000  0.000
   1.11302    -13.853603  0.002  0.000  0.000  0.002
   1.14125    -13.852354  0.002  0.000  0.000  0.002
   1.16947    -13.851280  0.002  0.000  0.000  0.002
   1.19769    -13.850363  0.002  0.000  0.000  0.002
   1.22592    -13.849581  0.002  0.000  0.000  0.002
   1.25414    -13.848915  0.004  0.000  0.000  0.004
   1.28237    -13.848352  0.004  0.000  0.000  0.004
   1.31059    -13.847882  0.004  0.000  0.000  0.004
   1.33882    -13.847499  0.004  0.000  0.000  0.004
   1.36704    -13.847199  0.005  0.000  0.000  0.005
   1.39526    -13.846983  0.005  0.000  0.000  0.005
   1.42349    -13.846852  0.005  0.000  0.000  0.005
   1.45171    -13.846809  0.005  0.000  0.000  0.006
   1.45171    -13.846809  0.005  0.000  0.000  0.006
   1.47167    -13.846635  0.006  0.000  0.000  0.006
   1.49163    -13.846124  0.006  0.000  0.000  0.006
   1.51159    -13.845307  0.006  0.000  0.000  0.006
   1.53154    -13.844231  0.006  0.000  0.000  0.006
   1.55150    -13.842950  0.006  0.000  0.000  0.006
   1.57146    -13.841526  0.006  0.000  0.000  0.006
   1.59142    -13.840018  0.007  0.000  0.000  0.007
   1.61137    -13.838484  0.008  0.000  0.000  0.008
   1.63133    -13.836972  0.008  0.000  0.000  0.008
   1.65129    -13.835526  0.008  0.000  0.000  0.008
   1.67125    -13.834176  0.008  0.000  0.000  0.008
   1.69120    -13.832948  0.009  0.000  0.000  0.009
   1.71116    -13.831861  0.010  0.000  0.000  0.010
   1.73112    -13.830927  0.010  0.000  0.000  0.010
   1.75108    -13.830155  0.010  0.000  0.000  0.010
   1.77103    -13.829551  0.010  0.000  0.000  0.010
   1.79099    -13.829116  0.010  0.000  0.000  0.010
   1.81095    -13.828855  0.010  0.000  0.000  0.010
   1.83091    -13.828767  0.010  0.000  0.000  0.010
 
# Band-Index:   16
   1.83091    -13.786724  0.004  0.000  0.000  0.004
   1.81095    -13.786851  0.003  0.000  0.000  0.004
   1.79099    -13.787224  0.003  0.000  0.000  0.003
   1.77103    -13.787832  0.002  0.000  0.000  0.002
   1.75108    -13.788653  0.002  0.000  0.000  0.002
   1.73112    -13.789659  0.002  0.000  0.000  0.002
   1.71116    -13.790815  0.002  0.000  0.000  0.002
   1.69120    -13.792083  0.002  0.000  0.000  0.002
   1.67125    -13.793418  0.002  0.000  0.000  0.002
   1.65129    -13.794780  0.002  0.000  0.000  0.002
   1.63133    -13.796125  0.002  0.000  0.000  0.002
   1.61137    -13.797414  0.002  0.000  0.000  0.002
   1.59142    -13.798615  0.000  0.000  0.000  0.000
   1.57146    -13.799700  0.000  0.000  0.000  0.000
   1.55150    -13.800647  0.000  0.000  0.000  0.000
   1.53154    -13.801439  0.000  0.000  0.000  0.000
   1.51159    -13.802066  0.000  0.000  0.000  0.000
   1.49163    -13.802518  0.000  0.000  0.000  0.000
   1.47167    -13.802791  0.000  0.000  0.000  0.000
   1.45171    -13.802883  0.000  0.000  0.000  0.000
   1.45171    -13.802883  0.000  0.000  0.000  0.000
   1.42349    -13.803271  0.000  0.000  0.000  0.000
   1.39526    -13.804430  0.000  0.000  0.000  0.000
   1.36704    -13.806338  0.000  0.000  0.000  0.000
   1.33882    -13.808959  0.000  0.000  0.000  0.000
   1.31059    -13.812241  0.000  0.000  0.000  0.000
   1.28237    -13.816115  0.000  0.000  0.000  0.000
   1.25414    -13.820495  0.000  0.000  0.000  0.000
   1.22592    -13.825272  0.000  0.000  0.000  0.000
   1.19769    -13.830322  0.000  0.000  0.000  0.000
   1.16947    -13.835496  0.000  0.000  0.000  0.000
   1.14125    -13.840634  0.000  0.000  0.000  0.000
   1.11302    -13.845565  0.000  0.000  0.000  0.000
   1.08480    -13.850120  0.000  0.000  0.000  0.000
   1.05657    -13.854138  0.000  0.000  0.000  0.000
   1.02835    -13.857433  0.000  0.000  0.000  0.000
   1.00013    -13.859836  0.000  0.000  0.000  0.000
   0.97190    -13.861671  0.000  0.000  0.000  0.000
   0.94368    -13.862955  0.000  0.000  0.000  0.000
   0.91545    -13.863418  0.000  0.000  0.000  0.000
   0.91545    -13.863418  0.000  0.000  0.000  0.000
   0.89550    -13.863410  0.000  0.000  0.000  0.000
   0.87554    -13.863383  0.000  0.000  0.000  0.000
   0.85558    -13.863339  0.000  0.000  0.000  0.000
   0.83562    -13.863278  0.000  0.000  0.000  0.000
   0.81567    -13.863202  0.000  0.000  0.000  0.000
   0.79571    -13.863115  0.000  0.000  0.000  0.000
   0.77575    -13.863017  0.000  0.000  0.000  0.000
   0.75579    -13.859872  0.002  0.000  0.000  0.002
   0.73584    -13.856170  0.002  0.000  0.000  0.002
   0.71588    -13.852585  0.002  0.000  0.000  0.002
   0.69592    -13.849185  0.002  0.000  0.000  0.002
   0.67596    -13.846033  0.002  0.000  0.000  0.002
   0.65600    -13.843184  0.002  0.000  0.000  0.002
   0.63605    -13.840688  0.002  0.000  0.000  0.002
   0.61609    -13.838588  0.002  0.000  0.000  0.002
   0.59613    -13.836917  0.002  0.000  0.000  0.002
   0.57617    -13.835704  0.002  0.000  0.000  0.002
   0.55622    -13.834970  0.002  0.000  0.000  0.002
   0.53626    -13.834726  0.002  0.000  0.000  0.002
   0.53626    -13.834726  0.002  0.000  0.000  0.002
   0.50804    -13.834148  0.002  0.000  0.000  0.002
   0.47981    -13.832524  0.002  0.000  0.000  0.002
   0.45159    -13.830085  0.000  0.000  0.000  0.000
   0.42336    -13.827079  0.000  0.000  0.000  0.000
   0.39514    -13.823711  0.000  0.000  0.000  0.000
   0.36691    -13.820129  0.000  0.000  0.000  0.000
   0.33869    -13.816445  0.000  0.000  0.000  0.000
   0.31047    -13.812740  0.000  0.000  0.000  0.000
   0.28224    -13.809081  0.000  0.000  0.000  0.000
   0.25402    -13.805522  0.001  0.000  0.000  0.001
   0.22579    -13.802111  0.002  0.000  0.000  0.002
   0.19757    -13.798900  0.002  0.000  0.000  0.002
   0.16935    -13.795943  0.002  0.000  0.000  0.002
   0.14112    -13.793299  0.002  0.000  0.000  0.002
   0.11290    -13.791028  0.002  0.000  0.000  0.002
   0.08467    -13.789190  0.002  0.000  0.000  0.002
   0.05645    -13.787836  0.003  0.000  0.000  0.003
   0.02822    -13.787005  0.003  0.000  0.000  0.004
   0.00000    -13.786724  0.004  0.000  0.000  0.004
 
# Band-Index:   17
   0.00000    -13.688601  0.009  0.000  0.000  0.009
   0.02822    -13.688826  0.009  0.000  0.000  0.009
   0.05645    -13.689496  0.009  0.000  0.000  0.009
   0.08467    -13.690594  0.008  0.000  0.000  0.008
   0.11290    -13.692094  0.007  0.000  0.000  0.007
   0.14112    -13.693959  0.007  0.000  0.000  0.007
   0.16935    -13.696143  0.005  0.000  0.000  0.005
   0.19757    -13.698593  0.004  0.000  0.000  0.004
   0.22579    -13.701243  0.003  0.000  0.000  0.003
   0.25402    -13.704022  0.002  0.000  0.000  0.002
   0.28224    -13.706854  0.001  0.000  0.000  0.001
   0.31047    -13.709662  0.000  0.000  0.000  0.000
   0.33869    -13.712366  0.000  0.000  0.000  0.000
   0.36691    -13.714888  0.000  0.000  0.000  0.000
   0.39514    -13.717158  0.000  0.000  0.000  0.000
   0.42336    -13.719108  0.000  0.000  0.000  0.000
   0.45159    -13.720686  0.000  0.000  0.000  0.000
   0.47981    -13.721845  0.000  0.000  0.000  0.000
   0.50804    -13.722555  0.000  0.000  0.000  0.000
   0.53626    -13.722794  0.000  0.000  0.000  0.000
   0.53626    -13.722794  0.000  0.000  0.000  0.000
   0.55622    -13.722923  0.000  0.000  0.000  0.000
   0.57617    -13.723308  0.000  0.000  0.000  0.000
   0.59613    -13.723941  0.000  0.000  0.000  0.000
   0.61609    -13.724805  0.000  0.000  0.000  0.000
   0.63605    -13.725877  0.000  0.000  0.000  0.000
   0.65600    -13.727131  0.001  0.000  0.000  0.001
   0.67596    -13.728533  0.001  0.000  0.000  0.001
   0.69592    -13.730046  0.001  0.000  0.000  0.001
   0.71588    -13.731631  0.001  0.000  0.000  0.001
   0.73584    -13.733245  0.001  0.000  0.000  0.001
   0.75579    -13.734846  0.002  0.000  0.000  0.002
   0.77575    -13.736387  0.002  0.000  0.000  0.002
   0.79571    -13.737826  0.002  0.000  0.000  0.002
   0.81567    -13.739121  0.002  0.000  0.000  0.002
   0.83562    -13.740236  0.003  0.000  0.000  0.003
   0.85558    -13.741139  0.003  0.000  0.000  0.003
   0.87554    -13.741802  0.003  0.000  0.000  0.003
   0.89550    -13.742209  0.003  0.000  0.000  0.003
   0.91545    -13.742345  0.003  0.000  0.000  0.003
   0.91545    -13.742345  0.003  0.000  0.000  0.003
   0.94368    -13.741874  0.003  0.000  0.000  0.003
   0.97190    -13.740486  0.003  0.000  0.000  0.003
   1.00013    -13.738257  0.004  0.000  0.000  0.004
   1.02835    -13.735305  0.004  0.000  0.000  0.004
   1.05657    -13.731777  0.004  0.000  0.000  0.004
   1.08480    -13.727833  0.006  0.000  0.000  0.006
   1.11302    -13.723620  0.007  0.000  0.000  0.007
   1.14125    -13.719263  0.009  0.000  0.000  0.009
   1.16947    -13.714869  0.010  0.000  0.000  0.010
   1.19769    -13.710544  0.012  0.000  0.000  0.012
   1.22592    -13.706390  0.014  0.000  0.000  0.014
   1.25414    -13.702502  0.015  0.000  0.000  0.015
   1.28237    -13.698968  0.017  0.000  0.000  0.017
   1.31059    -13.695863  0.019  0.000  0.000  0.019
   1.33882    -13.693247  0.020  0.000  0.000  0.020
   1.36704    -13.691170  0.021  0.000  0.000  0.021
   1.39526    -13.689664  0.021  0.000  0.000  0.022
   1.42349    -13.688753  0.022  0.000  0.000  0.022
   1.45171    -13.688449  0.022  0.000  0.000  0.022
   1.45171    -13.688449  0.022  0.000  0.000  0.022
   1.47167    -13.688447  0.022  0.000  0.000  0.022
   1.49163    -13.688441  0.022  0.000  0.000  0.022
   1.51159    -13.688434  0.021  0.000  0.000  0.021
   1.53154    -13.688425  0.021  0.000  0.000  0.021
   1.55150    -13.688417  0.020  0.000  0.000  0.020
   1.57146    -13.688412  0.019  0.000  0.000  0.019
   1.59142    -13.688411  0.018  0.000  0.000  0.018
   1.61137    -13.688416  0.018  0.000  0.000  0.018
   1.63133    -13.688426  0.017  0.000  0.000  0.017
   1.65129    -13.688441  0.015  0.000  0.000  0.015
   1.67125    -13.688460  0.014  0.000  0.000  0.014
   1.69120    -13.688482  0.013  0.000  0.000  0.013
   1.71116    -13.688505  0.012  0.000  0.000  0.012
   1.73112    -13.688529  0.011  0.000  0.000  0.011
   1.75108    -13.688552  0.010  0.000  0.000  0.010
   1.77103    -13.688573  0.010  0.000  0.000  0.010
   1.79099    -13.688588  0.009  0.000  0.000  0.009
   1.81095    -13.688598  0.009  0.000  0.000  0.009
   1.83091    -13.688601  0.009  0.000  0.000  0.009
 
# Band-Index:   18
   1.83091    -13.686723  0.009  0.000  0.000  0.009
   1.81095    -13.686728  0.009  0.000  0.000  0.009
   1.79099    -13.686745  0.009  0.000  0.000  0.009
   1.77103    -13.686771  0.010  0.000  0.000  0.010
   1.75108    -13.686807  0.010  0.000  0.000  0.010
   1.73112    -13.686852  0.011  0.000  0.000  0.011
   1.71116    -13.686905  0.012  0.000  0.000  0.012
   1.69120    -13.686964  0.013  0.000  0.000  0.013
   1.67125    -13.687026  0.014  0.000  0.000  0.014
   1.65129    -13.687089  0.015  0.000  0.000  0.015
   1.63133    -13.687151  0.017  0.000  0.000  0.017
   1.61137    -13.687209  0.018  0.000  0.000  0.018
   1.59142    -13.687263  0.018  0.000  0.000  0.018
   1.57146    -13.687309  0.019  0.000  0.000  0.019
   1.55150    -13.687349  0.020  0.000  0.000  0.020
   1.53154    -13.687381  0.020  0.000  0.000  0.020
   1.51159    -13.687406  0.021  0.000  0.000  0.021
   1.49163    -13.687423  0.021  0.000  0.000  0.022
   1.47167    -13.687433  0.022  0.000  0.000  0.022
   1.45171    -13.687437  0.022  0.000  0.000  0.022
   1.45171    -13.687437  0.022  0.000  0.000  0.022
   1.42349    -13.687744  0.022  0.000  0.000  0.022
   1.39526    -13.688662  0.021  0.000  0.000  0.021
   1.36704    -13.690173  0.021  0.000  0.000  0.021
   1.33882    -13.692248  0.020  0.000  0.000  0.020
   1.31059    -13.694851  0.019  0.000  0.000  0.019
   1.28237    -13.697935  0.017  0.000  0.000  0.017
   1.25414    -13.701444  0.015  0.000  0.000  0.015
   1.22592    -13.705316  0.014  0.000  0.000  0.014
   1.19769    -13.709473  0.012  0.000  0.000  0.012
   1.16947    -13.713822  0.010  0.000  0.000  0.010
   1.14125    -13.718252  0.009  0.000  0.000  0.009
   1.11302    -13.722624  0.007  0.000  0.000  0.007
   1.08480    -13.726782  0.006  0.000  0.000  0.006
   1.05657    -13.730571  0.006  0.000  0.000  0.006
   1.02835    -13.733862  0.005  0.000  0.000  0.005
   1.00013    -13.736547  0.004  0.000  0.000  0.004
   0.97190    -13.738535  0.003  0.000  0.000  0.003
   0.94368    -13.739757  0.003  0.000  0.000  0.003
   0.91545    -13.740169  0.003  0.000  0.000  0.003
   0.91545    -13.740169  0.003  0.000  0.000  0.003
   0.89550    -13.740020  0.003  0.000  0.000  0.003
   0.87554    -13.739576  0.003  0.000  0.000  0.003
   0.85558    -13.738851  0.003  0.000  0.000  0.003
   0.83562    -13.737869  0.003  0.000  0.000  0.003
   0.81567    -13.736658  0.003  0.000  0.000  0.003
   0.79571    -13.735256  0.002  0.000  0.000  0.002
   0.77575    -13.733702  0.002  0.000  0.000  0.002
   0.75579    -13.732042  0.002  0.000  0.000  0.002
   0.73584    -13.730323  0.002  0.000  0.000  0.002
   0.71588    -13.728594  0.001  0.000  0.000  0.001
   0.69592    -13.726900  0.001  0.000  0.000  0.001
   0.67596    -13.725286  0.001  0.000  0.000  0.001
   0.65600    -13.723794  0.000  0.000  0.000  0.000
   0.63605    -13.722463  0.000  0.000  0.000  0.000
   0.61609    -13.721325  0.000  0.000  0.000  0.000
   0.59613    -13.720411  0.000  0.000  0.000  0.000
   0.57617    -13.719743  0.000  0.000  0.000  0.000
   0.55622    -13.719336  0.000  0.000  0.000  0.000
   0.53626    -13.719200  0.000  0.000  0.000  0.000
   0.53626    -13.719200  0.000  0.000  0.000  0.000
   0.50804    -13.718981  0.000  0.000  0.000  0.000
   0.47981    -13.718333  0.000  0.000  0.000  0.000
   0.45159    -13.717269  0.000  0.000  0.000  0.000
   0.42336    -13.715815  0.000  0.000  0.000  0.000
   0.39514    -13.714010  0.000  0.000  0.000  0.000
   0.36691    -13.711897  0.000  0.000  0.000  0.000
   0.33869    -13.709536  0.000  0.000  0.000  0.000
   0.31047    -13.706990  0.001  0.000  0.000  0.001
   0.28224    -13.704331  0.001  0.000  0.000  0.001
   0.25402    -13.701635  0.003  0.000  0.000  0.003
   0.22579    -13.698977  0.003  0.000  0.000  0.003
   0.19757    -13.696430  0.004  0.000  0.000  0.004
   0.16935    -13.694065  0.005  0.000  0.000  0.005
   0.14112    -13.691948  0.007  0.000  0.000  0.007
   0.11290    -13.690134  0.007  0.000  0.000  0.007
   0.08467    -13.688672  0.008  0.000  0.000  0.008
   0.05645    -13.687600  0.009  0.000  0.000  0.009
   0.02822    -13.686944  0.009  0.000  0.000  0.009
   0.00000    -13.686723  0.009  0.000  0.000  0.009
 
# Band-Index:   19
   0.00000    -13.451034  0.740  0.001  0.000  0.741
   0.02822    -13.451261  0.740  0.001  0.000  0.741
   0.05645    -13.451936  0.741  0.001  0.000  0.742
   0.08467    -13.453038  0.742  0.001  0.000  0.743
   0.11290    -13.454533  0.743  0.001  0.000  0.744
   0.14112    -13.456379  0.745  0.001  0.000  0.746
   0.16935    -13.458519  0.747  0.001  0.000  0.748
   0.19757    -13.460893  0.750  0.001  0.000  0.751
   0.22579    -13.463430  0.752  0.001  0.000  0.753
   0.25402    -13.466058  0.755  0.001  0.000  0.756
   0.28224    -13.468704  0.757  0.001  0.000  0.758
   0.31047    -13.471295  0.759  0.001  0.000  0.760
   0.33869    -13.473764  0.761  0.001  0.000  0.762
   0.36691    -13.476044  0.763  0.001  0.000  0.764
   0.39514    -13.478078  0.765  0.001  0.000  0.766
   0.42336    -13.479814  0.766  0.001  0.000  0.767
   0.45159    -13.481210  0.767  0.001  0.000  0.768
   0.47981    -13.482231  0.768  0.001  0.000  0.769
   0.50804    -13.482855  0.768  0.001  0.000  0.769
   0.53626    -13.483065  0.768  0.001  0.000  0.769
   0.53626    -13.483065  0.768  0.001  0.000  0.769
   0.55622    -13.483064  0.768  0.001  0.000  0.769
   0.57617    -13.483061  0.768  0.001  0.000  0.769
   0.59613    -13.483057  0.768  0.001  0.000  0.769
   0.61609    -13.483053  0.768  0.001  0.000  0.769
   0.63605    -13.483048  0.768  0.001  0.000  0.769
   0.65600    -13.483042  0.768  0.001  0.000  0.769
   0.67596    -13.483035  0.768  0.001  0.000  0.769
   0.69592    -13.483027  0.767  0.001  0.000  0.768
   0.71588    -13.483019  0.767  0.001  0.000  0.768
   0.73584    -13.483010  0.767  0.001  0.000  0.768
   0.75579    -13.483002  0.767  0.001  0.000  0.768
   0.77575    -13.482995  0.767  0.001  0.000  0.768
   0.79571    -13.482987  0.767  0.001  0.000  0.768
   0.81567    -13.482980  0.767  0.001  0.000  0.768
   0.83562    -13.482974  0.767  0.001  0.000  0.768
   0.85558    -13.482969  0.766  0.001  0.000  0.767
   0.87554    -13.482965  0.766  0.001  0.000  0.767
   0.89550    -13.482962  0.766  0.001  0.000  0.767
   0.91545    -13.482960  0.766  0.001  0.000  0.767
   0.91545    -13.482960  0.766  0.001  0.000  0.767
   0.94368    -13.482725  0.766  0.001  0.000  0.767
   0.97190    -13.482020  0.765  0.001  0.000  0.766
   1.00013    -13.480869  0.764  0.001  0.000  0.765
   1.02835    -13.479303  0.763  0.001  0.000  0.764
   1.05657    -13.477368  0.761  0.001  0.000  0.762
   1.08480    -13.475117  0.759  0.001  0.000  0.759
   1.11302    -13.472615  0.756  0.001  0.000  0.757
   1.14125    -13.469930  0.753  0.001  0.000  0.754
   1.16947    -13.467141  0.750  0.001  0.000  0.751
   1.19769    -13.464326  0.747  0.001  0.000  0.748
   1.22592    -13.461559  0.745  0.001  0.000  0.745
   1.25414    -13.458916  0.742  0.001  0.000  0.743
   1.28237    -13.456468  0.739  0.001  0.000  0.740
   1.31059    -13.454280  0.737  0.001  0.000  0.738
   1.33882    -13.452407  0.735  0.001  0.000  0.736
   1.36704    -13.450899  0.733  0.001  0.000  0.734
   1.39526    -13.449795  0.732  0.001  0.000  0.733
   1.42349    -13.449122  0.732  0.001  0.000  0.732
   1.45171    -13.448896  0.731  0.001  0.000  0.732
   1.45171    -13.448896  0.731  0.001  0.000  0.732
   1.47167    -13.448910  0.731  0.001  0.000  0.732
   1.49163    -13.448952  0.732  0.001  0.000  0.732
   1.51159    -13.449021  0.732  0.001  0.000  0.733
   1.53154    -13.449115  0.732  0.001  0.000  0.733
   1.55150    -13.449233  0.733  0.001  0.000  0.733
   1.57146    -13.449371  0.733  0.001  0.000  0.734
   1.59142    -13.449525  0.734  0.001  0.000  0.735
   1.61137    -13.449690  0.734  0.001  0.000  0.735
   1.63133    -13.449864  0.735  0.001  0.000  0.736
   1.65129    -13.450040  0.736  0.001  0.000  0.737
   1.67125    -13.450214  0.737  0.001  0.000  0.737
   1.69120    -13.450382  0.737  0.001  0.000  0.738
   1.71116    -13.450539  0.738  0.001  0.000  0.739
   1.73112    -13.450680  0.738  0.001  0.000  0.739
   1.75108    -13.450802  0.739  0.001  0.000  0.740
   1.77103    -13.450901  0.739  0.001  0.000  0.740
   1.79099    -13.450974  0.740  0.001  0.000  0.740
   1.81095    -13.451019  0.740  0.001  0.000  0.741
   1.83091    -13.451034  0.740  0.001  0.000  0.741
 
# Band-Index:   20
   1.83091    -13.449688  0.740  0.001  0.000  0.741
   1.81095    -13.449674  0.740  0.001  0.000  0.741
   1.79099    -13.449629  0.740  0.001  0.000  0.740
   1.77103    -13.449556  0.739  0.001  0.000  0.740
   1.75108    -13.449457  0.739  0.001  0.000  0.740
   1.73112    -13.449335  0.739  0.001  0.000  0.739
   1.71116    -13.449195  0.738  0.001  0.000  0.739
   1.69120    -13.449038  0.737  0.001  0.000  0.738
   1.67125    -13.448871  0.737  0.001  0.000  0.737
   1.65129    -13.448696  0.736  0.001  0.000  0.737
   1.63133    -13.448520  0.735  0.001  0.000  0.736
   1.61137    -13.448347  0.735  0.001  0.000  0.735
   1.59142    -13.448182  0.734  0.001  0.000  0.735
   1.57146    -13.448028  0.733  0.001  0.000  0.734
   1.55150    -13.447891  0.733  0.001  0.000  0.733
   1.53154    -13.447774  0.732  0.001  0.000  0.733
   1.51159    -13.447679  0.732  0.001  0.000  0.733
   1.49163    -13.447610  0.732  0.001  0.000  0.732
   1.47167    -13.447568  0.731  0.001  0.000  0.732
   1.45171    -13.447554  0.731  0.001  0.000  0.732
   1.45171    -13.447554  0.731  0.001  0.000  0.732
   1.42349    -13.447780  0.732  0.001  0.000  0.732
   1.39526    -13.448453  0.732  0.001  0.000  0.733
   1.36704    -13.449558  0.733  0.001  0.000  0.734
   1.33882    -13.451065  0.735  0.001  0.000  0.736
   1.31059    -13.452937  0.737  0.001  0.000  0.738
   1.28237    -13.455125  0.739  0.001  0.000  0.740
   1.25414    -13.457572  0.742  0.001  0.000  0.743
   1.22592    -13.460215  0.745  0.001  0.000  0.745
   1.19769    -13.462981  0.747  0.001  0.000  0.748
   1.16947    -13.465796  0.750  0.001  0.000  0.751
   1.14125    -13.468585  0.753  0.001  0.000  0.754
   1.11302    -13.471269  0.756  0.001  0.000  0.757
   1.08480    -13.473771  0.759  0.001  0.000  0.759
   1.05657    -13.476021  0.761  0.001  0.000  0.762
   1.02835    -13.477957  0.763  0.001  0.000  0.764
   1.00013    -13.479523  0.764  0.001  0.000  0.765
   0.97190    -13.480674  0.765  0.001  0.000  0.766
   0.94368    -13.481378  0.766  0.001  0.000  0.767
   0.91545    -13.481614  0.766  0.001  0.000  0.767
   0.91545    -13.481614  0.766  0.001  0.000  0.767
   0.89550    -13.481615  0.766  0.001  0.000  0.767
   0.87554    -13.481618  0.766  0.001  0.000  0.767
   0.85558    -13.481622  0.767  0.001  0.000  0.767
   0.83562    -13.481627  0.767  0.001  0.000  0.768
   0.81567    -13.481633  0.767  0.001  0.000  0.768
   0.79571    -13.481640  0.767  0.001  0.000  0.768
   0.77575    -13.481647  0.767  0.001  0.000  0.768
   0.75579    -13.481655  0.767  0.001  0.000  0.768
   0.73584    -13.481662  0.767  0.001  0.000  0.768
   0.71588    -13.481671  0.767  0.001  0.000  0.768
   0.69592    -13.481679  0.767  0.001  0.000  0.768
   0.67596    -13.481687  0.768  0.001  0.000  0.769
   0.65600    -13.481694  0.768  0.001  0.000  0.769
   0.63605    -13.481700  0.768  0.001  0.000  0.769
   0.61609    -13.481705  0.768  0.001  0.000  0.769
   0.59613    -13.481709  0.768  0.001  0.000  0.769
   0.57617    -13.481712  0.768  0.001  0.000  0.769
   0.55622    -13.481715  0.768  0.001  0.000  0.769
   0.53626    -13.481717  0.768  0.001  0.000  0.769
   0.53626    -13.481717  0.768  0.001  0.000  0.769
   0.50804    -13.481506  0.768  0.001  0.000  0.769
   0.47981    -13.480883  0.768  0.001  0.000  0.769
   0.45159    -13.479861  0.767  0.001  0.000  0.768
   0.42336    -13.478466  0.766  0.001  0.000  0.767
   0.39514    -13.476730  0.765  0.001  0.000  0.766
   0.36691    -13.474696  0.763  0.001  0.000  0.764
   0.33869    -13.472416  0.761  0.001  0.000  0.762
   0.31047    -13.469948  0.759  0.001  0.000  0.760
   0.28224    -13.467356  0.757  0.001  0.000  0.758
   0.25402    -13.464711  0.755  0.001  0.000  0.756
   0.22579    -13.462083  0.752  0.001  0.000  0.753
   0.19757    -13.459546  0.750  0.001  0.000  0.751
   0.16935    -13.457173  0.748  0.001  0.000  0.748
   0.14112    -13.455033  0.745  0.001  0.000  0.746
   0.11290    -13.453188  0.744  0.001  0.000  0.744
   0.08467    -13.451692  0.742  0.001  0.000  0.743
   0.05645    -13.450591  0.741  0.001  0.000  0.742
   0.02822    -13.449916  0.740  0.001  0.000  0.741
   0.00000    -13.449688  0.740  0.001  0.000  0.741
 
# Band-Index:   21
   0.00000     -7.898109  0.002  0.002  0.000  0.002
   0.02822     -7.903380  0.002  0.002  0.000  0.002
   0.05645     -7.918918  0.002  0.002  0.000  0.002
   0.08467     -7.943945  0.002  0.002  0.000  0.002
   0.11290     -7.977261  0.002  0.002  0.000  0.002
   0.14112     -8.017376  0.002  0.002  0.000  0.002
   0.16935     -8.062637  0.002  0.002  0.000  0.002
   0.19757     -8.111356  0.002  0.002  0.000  0.002
   0.22579     -8.161896  0.002  0.002  0.000  0.002
   0.25402     -8.212737  0.002  0.002  0.000  0.002
   0.28224     -8.262508  0.002  0.000  0.000  0.002
   0.31047     -8.310002  0.002  0.000  0.000  0.002
   0.33869     -8.354172  0.002  0.000  0.000  0.002
   0.36691     -8.394126  0.002  0.000  0.000  0.002
   0.39514     -8.429119  0.002  0.000  0.000  0.002
   0.42336     -8.458542  0.002  0.000  0.000  0.002
   0.45159     -8.481909  0.002  0.000  0.000  0.002
   0.47981     -8.498858  0.002  0.000  0.000  0.002
   0.50804     -8.509132  0.002  0.000  0.000  0.002
   0.53626     -8.512574  0.002  0.000  0.000  0.002
   0.53626     -8.512574  0.002  0.000  0.000  0.002
   0.55622     -8.511112  0.002  0.000  0.000  0.002
   0.57617     -8.506737  0.002  0.000  0.000  0.002
   0.59613     -8.499474  0.002  0.000  0.000  0.002
   0.61609     -8.489358  0.002  0.000  0.000  0.002
   0.63605     -8.476444  0.002  0.000  0.000  0.002
   0.65600     -8.460801  0.002  0.000  0.000  0.002
   0.67596     -8.442514  0.002  0.000  0.000  0.002
   0.69592     -8.421681  0.002  0.000  0.000  0.002
   0.71588     -8.398421  0.002  0.000  0.000  0.002
   0.73584     -8.372868  0.002  0.000  0.000  0.002
   0.75579     -8.345176  0.002  0.000  0.000  0.002
   0.77575     -8.315524  0.002  0.000  0.000  0.002
   0.79571     -8.284121  0.002  0.000  0.000  0.002
   0.81567     -8.251223  0.002  0.000  0.000  0.002
   0.83562     -8.217163  0.002  0.000  0.000  0.002
   0.85558     -8.182434  0.002  0.000  0.000  0.002
   0.87554     -8.147954  0.001  0.000  0.000  0.002
   0.89550     -8.116215  0.001  0.000  0.000  0.002
   0.91545     -8.098631  0.002  0.002  0.000  0.002
   0.91545     -8.098631  0.002  0.002  0.000  0.002
   0.94368     -8.095193  0.002  0.002  0.000  0.002
   0.97190     -8.084922  0.002  0.002  0.000  0.002
   1.00013     -8.067957  0.002  0.002  0.000  0.002
   1.02835     -8.044528  0.002  0.002  0.000  0.002
   1.05657     -8.014966  0.002  0.002  0.000  0.002
   1.08480     -7.979720  0.002  0.002  0.000  0.002
   1.11302     -7.939373  0.002  0.002  0.000  0.002
   1.14125     -7.894667  0.002  0.002  0.000  0.002
   1.16947     -7.846571  0.002  0.002  0.000  0.002
   1.19769     -7.829463  0.000  0.000  0.000  0.000
   1.22592     -7.827974  0.000  0.000  0.000  0.000
   1.25414     -7.826999  0.000  0.000  0.000  0.000
   1.28237     -7.826218  0.000  0.000  0.000  0.000
   1.31059     -7.825568  0.000  0.000  0.000  0.000
   1.33882     -7.825034  0.000  0.000  0.000  0.000
   1.36704     -7.824615  0.000  0.000  0.000  0.000
   1.39526     -7.824312  0.000  0.000  0.000  0.000
   1.42349     -7.824129  0.000  0.000  0.000  0.000
   1.45171     -7.824068  0.000  0.000  0.000  0.000
   1.45171     -7.824068  0.000  0.000  0.000  0.000
   1.47167     -7.824101  0.000  0.000  0.000  0.000
   1.49163     -7.824201  0.000  0.000  0.000  0.000
   1.51159     -7.824372  0.000  0.000  0.000  0.000
   1.53154     -7.824616  0.000  0.000  0.000  0.000
   1.55150     -7.824940  0.000  0.000  0.000  0.000
   1.57146     -7.825351  0.000  0.000  0.000  0.000
   1.59142     -7.825855  0.000  0.000  0.000  0.000
   1.61137     -7.826455  0.000  0.000  0.000  0.000
   1.63133     -7.827150  0.000  0.000  0.000  0.000
   1.65129     -7.827933  0.000  0.000  0.000  0.000
   1.67125     -7.828806  0.000  0.000  0.000  0.000
   1.69120     -7.830142  0.000  0.000  0.000  0.000
   1.71116     -7.845004  0.002  0.002  0.000  0.002
   1.73112     -7.861006  0.002  0.002  0.000  0.002
   1.75108     -7.874268  0.002  0.002  0.000  0.002
   1.77103     -7.884659  0.002  0.002  0.000  0.002
   1.79099     -7.892120  0.002  0.002  0.000  0.002
   1.81095     -7.896610  0.002  0.002  0.000  0.002
   1.83091     -7.898109  0.002  0.002  0.000  0.002
 
# Band-Index:   22
   1.83091     -7.833281  0.000  0.000  0.000  0.000
   1.81095     -7.833187  0.000  0.000  0.000  0.000
   1.79099     -7.832911  0.000  0.000  0.000  0.000
   1.77103     -7.832463  0.000  0.000  0.000  0.000
   1.75108     -7.831862  0.000  0.000  0.000  0.000
   1.73112     -7.831128  0.000  0.000  0.000  0.000
   1.71116     -7.830250  0.000  0.000  0.000  0.000
   1.69120     -7.825640  0.002  0.002  0.000  0.002
   1.67125     -7.816468  0.000  0.000  0.000  0.000
   1.65129     -7.815610  0.000  0.000  0.000  0.000
   1.63133     -7.814810  0.000  0.000  0.000  0.000
   1.61137     -7.813971  0.000  0.000  0.000  0.000
   1.59142     -7.813110  0.000  0.000  0.000  0.000
   1.57146     -7.812259  0.000  0.000  0.000  0.000
   1.55150     -7.811455  0.000  0.000  0.000  0.000
   1.53154     -7.810739  0.000  0.000  0.000  0.000
   1.51159     -7.810143  0.000  0.000  0.000  0.000
   1.49163     -7.809696  0.000  0.000  0.000  0.000
   1.47167     -7.809419  0.000  0.000  0.000  0.000
   1.45171     -7.809326  0.000  0.000  0.000  0.000
   1.45171     -7.809326  0.000  0.000  0.000  0.000
   1.42349     -7.809378  0.000  0.000  0.000  0.000
   1.39526     -7.809532  0.000  0.000  0.000  0.000
   1.36704     -7.809784  0.000  0.000  0.000  0.000
   1.33882     -7.810872  0.000  0.000  0.000  0.000
   1.31059     -7.812280  0.000  0.000  0.000  0.000
   1.28237     -7.813896  0.000  0.000  0.000  0.000
   1.25414     -7.815669  0.000  0.000  0.000  0.000
   1.22592     -7.817543  0.000  0.000  0.000  0.000
   1.19769     -7.819475  0.000  0.000  0.000  0.000
   1.16947     -7.835501  0.000  0.000  0.000  0.000
   1.14125     -7.872685  0.000  0.002  0.000  0.002
   1.11302     -7.916830  0.001  0.002  0.000  0.002
   1.08480     -7.957318  0.000  0.002  0.000  0.002
   1.05657     -7.992821  0.000  0.001  0.000  0.002
   1.02835     -8.022638  0.000  0.000  0.000  0.002
   1.00013     -8.046282  0.000  0.000  0.000  0.002
   0.97190     -8.063406  0.000  0.000  0.000  0.002
   0.94368     -8.073772  0.000  0.000  0.000  0.002
   0.91545     -8.077241  0.000  0.000  0.000  0.002
   0.91545     -8.077241  0.000  0.000  0.000  0.002
   0.89550     -8.077005  0.002  0.002  0.000  0.002
   0.87554     -8.082307  0.002  0.002  0.000  0.004
   0.85558     -8.091933  0.002  0.002  0.000  0.004
   0.83562     -8.104236  0.002  0.002  0.000  0.006
   0.81567     -8.118165  0.004  0.002  0.000  0.006
   0.79571     -8.132960  0.004  0.004  0.000  0.006
   0.77575     -8.148055  0.004  0.004  0.000  0.008
   0.75579     -8.163025  0.004  0.004  0.000  0.008
   0.73584     -8.177535  0.004  0.004  0.000  0.008
   0.71588     -8.191319  0.004  0.004  0.000  0.008
   0.69592     -8.204162  0.004  0.004  0.000  0.008
   0.67596     -8.215880  0.004  0.004  0.000  0.008
   0.65600     -8.226324  0.004  0.004  0.000  0.008
   0.63605     -8.235367  0.004  0.004  0.000  0.008
   0.61609     -8.242904  0.004  0.004  0.000  0.008
   0.59613     -8.248850  0.004  0.004  0.000  0.008
   0.57617     -8.253143  0.004  0.004  0.000  0.008
   0.55622     -8.255737  0.004  0.004  0.000  0.008
   0.53626     -8.256605  0.004  0.004  0.000  0.008
   0.53626     -8.256605  0.004  0.004  0.000  0.008
   0.50804     -8.253207  0.004  0.004  0.000  0.008
   0.47981     -8.243064  0.004  0.004  0.000  0.008
   0.45159     -8.226321  0.004  0.004  0.000  0.009
   0.42336     -8.203222  0.004  0.004  0.000  0.010
   0.39514     -8.174119  0.004  0.004  0.000  0.010
   0.36691     -8.139483  0.004  0.004  0.000  0.010
   0.33869     -8.099910  0.004  0.004  0.000  0.010
   0.31047     -8.056148  0.004  0.004  0.000  0.010
   0.28224     -8.009112  0.004  0.004  0.000  0.010
   0.25402     -7.959929  0.004  0.004  0.000  0.010
   0.22579     -7.910070  0.004  0.004  0.000  0.010
   0.19757     -7.862281  0.004  0.004  0.000  0.010
   0.16935     -7.837335  0.000  0.000  0.000  0.000
   0.14112     -7.835263  0.000  0.000  0.000  0.000
   0.11290     -7.834450  0.000  0.000  0.000  0.000
   0.08467     -7.833919  0.000  0.000  0.000  0.000
   0.05645     -7.833561  0.000  0.000  0.000  0.000
   0.02822     -7.833350  0.000  0.000  0.000  0.000
   0.00000     -7.833281  0.000  0.000  0.000  0.000
 
# Band-Index:   23
   0.00000     -7.818522  0.000  0.000  0.000  0.000
   0.02822     -7.818594  0.000  0.000  0.000  0.000
   0.05645     -7.818811  0.000  0.000  0.000  0.000
   0.08467     -7.819184  0.000  0.000  0.000  0.000
   0.11290     -7.819754  0.000  0.000  0.000  0.000
   0.14112     -7.820709  0.000  0.000  0.000  0.000
   0.16935     -7.823994  0.000  0.000  0.000  0.002
   0.19757     -7.834139  0.000  0.000  0.000  0.000
   0.22579     -7.835947  0.000  0.000  0.000  0.000
   0.25402     -7.837030  0.000  0.000  0.000  0.000
   0.28224     -7.838007  0.000  0.000  0.000  0.000
   0.31047     -7.838947  0.000  0.000  0.000  0.000
   0.33869     -7.839852  0.000  0.000  0.000  0.000
   0.36691     -7.840705  0.000  0.000  0.000  0.000
   0.39514     -7.859638  0.010  0.010  0.000  0.022
   0.42336     -7.887337  0.010  0.010  0.000  0.022
   0.45159     -7.909559  0.010  0.010  0.000  0.022
   0.47981     -7.925736  0.010  0.010  0.000  0.022
   0.50804     -7.935557  0.010  0.010  0.000  0.022
   0.53626     -7.938850  0.010  0.010  0.000  0.022
   0.53626     -7.938850  0.010  0.010  0.000  0.022
   0.55622     -7.938685  0.010  0.010  0.000  0.022
   0.57617     -7.938198  0.010  0.010  0.000  0.022
   0.59613     -7.937407  0.010  0.010  0.000  0.022
   0.61609     -7.936343  0.010  0.010  0.000  0.022
   0.63605     -7.935052  0.010  0.010  0.000  0.022
   0.65600     -7.933592  0.010  0.010  0.000  0.022
   0.67596     -7.932037  0.010  0.010  0.000  0.022
   0.69592     -7.930484  0.010  0.010  0.000  0.022
   0.71588     -7.929057  0.010  0.010  0.000  0.020
   0.73584     -7.927928  0.010  0.010  0.000  0.020
   0.75579     -7.927351  0.010  0.010  0.000  0.020
   0.77575     -7.927739  0.010  0.009  0.000  0.018
   0.79571     -7.929833  0.008  0.008  0.000  0.016
   0.81567     -7.935014  0.006  0.006  0.000  0.014
   0.83562     -7.945599  0.004  0.004  0.000  0.010
   0.85558     -7.963821  0.002  0.002  0.000  0.006
   0.87554     -7.988792  0.002  0.002  0.000  0.004
   0.89550     -8.015088  0.002  0.002  0.000  0.002
   0.91545     -8.028957  0.002  0.002  0.000  0.002
   0.91545     -8.028957  0.002  0.002  0.000  0.002
   0.94368     -8.025514  0.002  0.002  0.000  0.002
   0.97190     -8.015231  0.002  0.002  0.000  0.002
   1.00013     -7.998239  0.002  0.002  0.000  0.002
   1.02835     -7.974764  0.002  0.002  0.000  0.002
   1.05657     -7.945126  0.002  0.002  0.000  0.002
   1.08480     -7.909765  0.002  0.002  0.000  0.002
   1.11302     -7.869271  0.002  0.002  0.000  0.002
   1.14125     -7.828566  0.000  0.000  0.000  0.000
   1.16947     -7.821323  0.000  0.000  0.000  0.000
   1.19769     -7.812827  0.000  0.000  0.000  0.000
   1.22592     -7.812161  0.000  0.000  0.000  0.000
   1.25414     -7.811572  0.000  0.000  0.000  0.000
   1.28237     -7.811030  0.000  0.000  0.000  0.000
   1.31059     -7.810544  0.000  0.000  0.000  0.000
   1.33882     -7.810124  0.000  0.000  0.000  0.000
   1.36704     -7.809720  0.000  0.000  0.000  0.000
   1.39526     -7.808868  0.000  0.000  0.000  0.000
   1.42349     -7.808344  0.000  0.000  0.000  0.000
   1.45171     -7.808166  0.000  0.000  0.000  0.000
   1.45171     -7.808166  0.000  0.000  0.000  0.000
   1.47167     -7.808176  0.000  0.000  0.000  0.000
   1.49163     -7.808206  0.000  0.000  0.000  0.000
   1.51159     -7.808255  0.000  0.000  0.000  0.000
   1.53154     -7.808321  0.000  0.000  0.000  0.000
   1.55150     -7.808403  0.000  0.000  0.000  0.000
   1.57146     -7.808499  0.000  0.000  0.000  0.000
   1.59142     -7.808605  0.000  0.000  0.000  0.000
   1.61137     -7.808720  0.000  0.000  0.000  0.000
   1.63133     -7.808839  0.000  0.000  0.000  0.000
   1.65129     -7.808960  0.000  0.000  0.000  0.000
   1.67125     -7.809080  0.000  0.000  0.000  0.000
   1.69120     -7.816427  0.000  0.000  0.000  0.000
   1.71116     -7.817163  0.000  0.000  0.000  0.000
   1.73112     -7.817615  0.000  0.000  0.000  0.000
   1.75108     -7.817955  0.000  0.000  0.000  0.000
   1.77103     -7.818209  0.000  0.000  0.000  0.000
   1.79099     -7.818384  0.000  0.000  0.000  0.000
   1.81095     -7.818488  0.000  0.000  0.000  0.000
   1.83091     -7.818522  0.000  0.000  0.000  0.000
 
# Band-Index:   24
   1.83091     -7.809632  0.000  0.000  0.000  0.000
   1.81095     -7.809622  0.000  0.000  0.000  0.000
   1.79099     -7.809592  0.000  0.000  0.000  0.000
   1.77103     -7.809543  0.000  0.000  0.000  0.000
   1.75108     -7.809477  0.000  0.000  0.000  0.000
   1.73112     -7.809396  0.000  0.000  0.000  0.000
   1.71116     -7.809300  0.000  0.000  0.000  0.000
   1.69120     -7.809194  0.000  0.000  0.000  0.000
   1.67125     -7.804000  0.002  0.002  0.000  0.002
   1.65129     -7.780265  0.002  0.002  0.000  0.002
   1.63133     -7.754139  0.002  0.002  0.000  0.003
   1.61137     -7.726269  0.002  0.002  0.000  0.004
   1.59142     -7.698478  0.002  0.002  0.000  0.002
   1.57146     -7.683892  0.000  0.000  0.000  0.000
   1.55150     -7.682491  0.000  0.000  0.000  0.000
   1.53154     -7.681381  0.000  0.000  0.000  0.000
   1.51159     -7.680502  0.000  0.000  0.000  0.000
   1.49163     -7.679864  0.000  0.000  0.000  0.000
   1.47167     -7.679478  0.000  0.000  0.000  0.000
   1.45171     -7.679348  0.000  0.000  0.000  0.000
   1.45171     -7.679348  0.000  0.000  0.000  0.000
   1.42349     -7.679458  0.000  0.000  0.000  0.000
   1.39526     -7.679802  0.000  0.000  0.000  0.000
   1.36704     -7.680417  0.000  0.000  0.000  0.000
   1.33882     -7.681346  0.000  0.000  0.000  0.000
   1.31059     -7.682650  0.000  0.000  0.000  0.001
   1.28237     -7.684933  0.000  0.000  0.000  0.001
   1.25414     -7.702892  0.000  0.000  0.000  0.002
   1.22592     -7.746206  0.001  0.002  0.000  0.002
   1.19769     -7.796302  0.002  0.002  0.000  0.002
   1.16947     -7.816636  0.000  0.000  0.000  0.002
   1.14125     -7.823178  0.000  0.000  0.000  0.000
   1.11302     -7.829026  0.000  0.000  0.000  0.000
   1.08480     -7.830247  0.000  0.000  0.000  0.000
   1.05657     -7.831411  0.000  0.000  0.000  0.002
   1.02835     -7.835745  0.014  0.014  0.000  0.027
   1.00013     -7.856145  0.015  0.014  0.000  0.030
   0.97190     -7.871340  0.016  0.014  0.000  0.030
   0.94368     -7.880622  0.016  0.014  0.000  0.030
   0.91545     -7.883741  0.016  0.014  0.000  0.030
   0.91545     -7.883741  0.016  0.014  0.000  0.030
   0.89550     -7.881875  0.016  0.014  0.000  0.030
   0.87554     -7.876460  0.014  0.014  0.000  0.030
   0.85558     -7.867369  0.014  0.013  0.000  0.027
   0.83562     -7.855159  0.013  0.013  0.000  0.027
   0.81567     -7.841966  0.013  0.012  0.000  0.025
   0.79571     -7.833723  0.000  0.000  0.000  0.000
   0.77575     -7.834369  0.000  0.000  0.000  0.000
   0.75579     -7.835126  0.000  0.000  0.000  0.000
   0.73584     -7.835989  0.000  0.000  0.000  0.000
   0.71588     -7.836940  0.000  0.000  0.000  0.000
   0.69592     -7.837953  0.000  0.000  0.000  0.000
   0.67596     -7.838990  0.000  0.000  0.000  0.000
   0.65600     -7.840009  0.000  0.000  0.000  0.000
   0.63605     -7.840964  0.000  0.000  0.000  0.000
   0.61609     -7.841812  0.000  0.000  0.000  0.000
   0.59613     -7.842513  0.000  0.000  0.000  0.000
   0.57617     -7.843038  0.000  0.000  0.000  0.000
   0.55622     -7.843362  0.000  0.000  0.000  0.000
   0.53626     -7.843472  0.000  0.000  0.000  0.000
   0.53626     -7.843472  0.000  0.000  0.000  0.000
   0.50804     -7.843386  0.000  0.000  0.000  0.000
   0.47981     -7.843132  0.000  0.000  0.000  0.000
   0.45159     -7.842719  0.000  0.000  0.000  0.000
   0.42336     -7.842163  0.000  0.000  0.000  0.000
   0.39514     -7.841483  0.000  0.000  0.000  0.000
   0.36691     -7.830837  0.004  0.004  0.000  0.008
   0.33869     -7.826446  0.000  0.000  0.000  0.000
   0.31047     -7.824291  0.000  0.000  0.000  0.000
   0.28224     -7.822479  0.000  0.000  0.000  0.000
   0.25402     -7.821627  0.000  0.000  0.000  0.000
   0.22579     -7.820627  0.000  0.000  0.000  0.000
   0.19757     -7.818926  0.000  0.000  0.000  0.000
   0.16935     -7.814621  0.000  0.000  0.000  0.000
   0.14112     -7.813144  0.000  0.000  0.000  0.000
   0.11290     -7.811902  0.000  0.000  0.000  0.000
   0.08467     -7.810918  0.000  0.000  0.000  0.000
   0.05645     -7.810206  0.000  0.000  0.000  0.000
   0.02822     -7.809775  0.000  0.000  0.000  0.000
   0.00000     -7.809632  0.000  0.000  0.000  0.000
 
# Band-Index:   25
   0.00000     -7.701907  0.001  0.000  0.000  0.002
   0.02822     -7.702598  0.002  0.002  0.000  0.002
   0.05645     -7.705355  0.002  0.002  0.000  0.004
   0.08467     -7.713533  0.004  0.003  0.000  0.006
   0.11290     -7.733844  0.004  0.004  0.000  0.010
   0.14112     -7.766964  0.004  0.005  0.000  0.010
   0.16935     -7.805279  0.004  0.004  0.000  0.008
   0.19757     -7.816305  0.000  0.000  0.000  0.000
   0.22579     -7.818159  0.000  0.000  0.000  0.000
   0.25402     -7.820139  0.000  0.000  0.000  0.000
   0.28224     -7.822196  0.000  0.000  0.000  0.000
   0.31047     -7.823263  0.000  0.000  0.000  0.000
   0.33869     -7.823990  0.000  0.000  0.000  0.000
   0.36691     -7.824653  0.000  0.000  0.000  0.000
   0.39514     -7.829239  0.000  0.000  0.000  0.000
   0.42336     -7.830902  0.000  0.000  0.000  0.000
   0.45159     -7.832154  0.000  0.000  0.000  0.000
   0.47981     -7.833059  0.000  0.000  0.000  0.000
   0.50804     -7.833610  0.000  0.000  0.000  0.000
   0.53626     -7.833795  0.000  0.000  0.000  0.000
   0.53626     -7.833795  0.000  0.000  0.000  0.000
   0.55622     -7.833776  0.000  0.000  0.000  0.000
   0.57617     -7.833720  0.000  0.000  0.000  0.000
   0.59613     -7.833628  0.000  0.000  0.000  0.000
   0.61609     -7.833504  0.000  0.000  0.000  0.000
   0.63605     -7.833350  0.000  0.000  0.000  0.000
   0.65600     -7.833172  0.000  0.000  0.000  0.000
   0.67596     -7.832976  0.000  0.000  0.000  0.000
   0.69592     -7.832766  0.000  0.000  0.000  0.000
   0.71588     -7.832551  0.000  0.000  0.000  0.000
   0.73584     -7.832337  0.000  0.000  0.000  0.000
   0.75579     -7.832133  0.000  0.000  0.000  0.000
   0.77575     -7.831959  0.000  0.000  0.000  0.000
   0.79571     -7.832025  0.002  0.002  0.000  0.002
   0.81567     -7.833187  0.000  0.000  0.000  0.000
   0.83562     -7.841296  0.011  0.010  0.000  0.021
   0.85558     -7.858232  0.012  0.012  0.000  0.025
   0.87554     -7.868625  0.014  0.012  0.000  0.027
   0.89550     -7.874198  0.014  0.014  0.000  0.028
   0.91545     -7.875897  0.014  0.014  0.000  0.028
   0.91545     -7.875897  0.014  0.014  0.000  0.028
   0.94368     -7.872816  0.014  0.014  0.000  0.028
   0.97190     -7.863685  0.014  0.014  0.000  0.028
   1.00013     -7.849060  0.014  0.012  0.000  0.027
   1.02835     -7.834284  0.005  0.005  0.000  0.011
   1.05657     -7.827979  0.000  0.000  0.000  0.000
   1.08480     -7.826507  0.000  0.000  0.000  0.000
   1.11302     -7.824914  0.000  0.000  0.000  0.000
   1.14125     -7.822877  0.002  0.002  0.000  0.002
   1.16947     -7.811619  0.000  0.000  0.000  0.000
   1.19769     -7.769436  0.001  0.002  0.000  0.002
   1.22592     -7.720943  0.000  0.001  0.000  0.002
   1.25414     -7.688342  0.000  0.000  0.000  0.000
   1.28237     -7.683697  0.000  0.000  0.000  0.000
   1.31059     -7.681908  0.000  0.000  0.000  0.000
   1.33882     -7.680625  0.000  0.000  0.000  0.000
   1.36704     -7.679671  0.000  0.000  0.000  0.000
   1.39526     -7.678998  0.000  0.000  0.000  0.000
   1.42349     -7.678591  0.000  0.000  0.000  0.000
   1.45171     -7.678454  0.000  0.000  0.000  0.000
   1.45171     -7.678454  0.000  0.000  0.000  0.000
   1.47167     -7.678583  0.000  0.000  0.000  0.000
   1.49163     -7.678965  0.000  0.000  0.000  0.000
   1.51159     -7.679594  0.000  0.000  0.000  0.000
   1.53154     -7.680461  0.000  0.000  0.000  0.000
   1.55150     -7.681573  0.000  0.000  0.000  0.000
   1.57146     -7.683184  0.000  0.000  0.000  0.001
   1.59142     -7.685202  0.000  0.000  0.000  0.000
   1.61137     -7.686834  0.000  0.000  0.000  0.000
   1.63133     -7.688559  0.000  0.000  0.000  0.000
   1.65129     -7.690351  0.000  0.000  0.000  0.000
   1.67125     -7.692173  0.000  0.000  0.000  0.000
   1.69120     -7.693986  0.000  0.000  0.000  0.000
   1.71116     -7.695744  0.000  0.000  0.000  0.001
   1.73112     -7.697395  0.000  0.000  0.000  0.002
   1.75108     -7.698882  0.000  0.000  0.000  0.002
   1.77103     -7.700138  0.000  0.000  0.000  0.002
   1.79099     -7.701097  0.000  0.000  0.000  0.002
   1.81095     -7.701701  0.001  0.000  0.000  0.002
   1.83091     -7.701907  0.001  0.000  0.000  0.002
 
# Band-Index:   26
   1.83091     -7.696913  0.000  0.000  0.000  0.000
   1.81095     -7.696787  0.000  0.000  0.000  0.000
   1.79099     -7.696413  0.000  0.000  0.000  0.000
   1.77103     -7.695801  0.000  0.000  0.000  0.000
   1.75108     -7.694966  0.000  0.000  0.000  0.000
   1.73112     -7.693932  0.000  0.000  0.000  0.000
   1.71116     -7.692724  0.000  0.000  0.000  0.000
   1.69120     -7.691376  0.000  0.000  0.000  0.000
   1.67125     -7.689922  0.000  0.000  0.000  0.000
   1.65129     -7.688399  0.000  0.000  0.000  0.000
   1.63133     -7.686842  0.000  0.000  0.000  0.000
   1.61137     -7.685276  0.000  0.000  0.000  0.000
   1.59142     -7.683618  0.000  0.000  0.000  0.000
   1.57146     -7.678662  0.000  0.000  0.000  0.000
   1.55150     -7.675319  0.000  0.000  0.000  0.000
   1.53154     -7.674366  0.000  0.000  0.000  0.000
   1.51159     -7.673883  0.000  0.000  0.000  0.000
   1.49163     -7.673594  0.000  0.000  0.000  0.000
   1.47167     -7.673434  0.000  0.000  0.000  0.000
   1.45171     -7.673383  0.000  0.000  0.000  0.000
   1.45171     -7.673383  0.000  0.000  0.000  0.000
   1.42349     -7.673536  0.000  0.000  0.000  0.000
   1.39526     -7.673977  0.000  0.000  0.000  0.000
   1.36704     -7.674666  0.000  0.000  0.000  0.000
   1.33882     -7.675628  0.000  0.000  0.000  0.000
   1.31059     -7.677263  0.000  0.000  0.000  0.000
   1.28237     -7.681462  0.000  0.000  0.000  0.000
   1.25414     -7.685644  0.000  0.000  0.000  0.002
   1.22592     -7.688914  0.001  0.001  0.000  0.003
   1.19769     -7.724241  0.002  0.002  0.000  0.002
   1.16947     -7.775275  0.002  0.002  0.000  0.002
   1.14125     -7.813602  0.000  0.000  0.000  0.000
   1.11302     -7.814262  0.000  0.000  0.000  0.000
   1.08480     -7.814820  0.000  0.000  0.000  0.000
   1.05657     -7.815458  0.000  0.000  0.000  0.000
   1.02835     -7.828609  0.000  0.000  0.000  0.002
   1.00013     -7.830612  0.000  0.000  0.000  0.002
   0.97190     -7.831537  0.000  0.000  0.000  0.000
   0.94368     -7.831911  0.000  0.000  0.000  0.000
   0.91545     -7.832023  0.000  0.000  0.000  0.000
   0.91545     -7.832023  0.000  0.000  0.000  0.000
   0.89550     -7.832068  0.000  0.000  0.000  0.000
   0.87554     -7.832204  0.000  0.000  0.000  0.000
   0.85558     -7.832433  0.000  0.000  0.000  0.000
   0.83562     -7.832759  0.000  0.000  0.000  0.000
   0.81567     -7.831432  0.000  0.000  0.000  0.000
   0.79571     -7.828132  0.012  0.011  0.000  0.022
   0.77575     -7.820418  0.000  0.000  0.000  0.000
   0.75579     -7.821382  0.000  0.000  0.000  0.000
   0.73584     -7.822313  0.000  0.000  0.000  0.000
   0.71588     -7.823177  0.000  0.000  0.000  0.000
   0.69592     -7.823951  0.000  0.000  0.000  0.000
   0.67596     -7.824625  0.000  0.000  0.000  0.000
   0.65600     -7.825195  0.000  0.000  0.000  0.000
   0.63605     -7.825664  0.000  0.000  0.000  0.000
   0.61609     -7.826037  0.000  0.000  0.000  0.000
   0.59613     -7.826320  0.000  0.000  0.000  0.000
   0.57617     -7.826518  0.000  0.000  0.000  0.000
   0.55622     -7.826636  0.000  0.000  0.000  0.000
   0.53626     -7.826675  0.000  0.000  0.000  0.000
   0.53626     -7.826675  0.000  0.000  0.000  0.000
   0.50804     -7.826614  0.000  0.000  0.000  0.000
   0.47981     -7.826436  0.000  0.000  0.000  0.000
   0.45159     -7.826142  0.000  0.000  0.000  0.000
   0.42336     -7.825741  0.000  0.000  0.000  0.000
   0.39514     -7.825240  0.000  0.000  0.000  0.000
   0.36691     -7.823568  0.006  0.006  0.000  0.014
   0.33869     -7.789717  0.010  0.010  0.000  0.021
   0.31047     -7.752872  0.008  0.010  0.000  0.018
   0.28224     -7.723710  0.005  0.006  0.000  0.010
   0.25402     -7.711201  0.002  0.002  0.000  0.004
   0.22579     -7.706579  0.000  0.000  0.000  0.002
   0.19757     -7.703936  0.000  0.000  0.000  0.000
   0.16935     -7.701996  0.000  0.000  0.000  0.000
   0.14112     -7.700441  0.000  0.000  0.000  0.000
   0.11290     -7.699182  0.000  0.000  0.000  0.000
   0.08467     -7.698196  0.000  0.000  0.000  0.000
   0.05645     -7.697486  0.000  0.000  0.000  0.000
   0.02822     -7.697057  0.000  0.000  0.000  0.000
   0.00000     -7.696913  0.000  0.000  0.000  0.000
 
# Band-Index:   27
   0.00000     -7.681818  0.002  0.000  0.000  0.002
   0.02822     -7.682542  0.002  0.000  0.000  0.002
   0.05645     -7.684944  0.002  0.002  0.000  0.002
   0.08467     -7.689135  0.000  0.000  0.000  0.002
   0.11290     -7.693222  0.000  0.000  0.000  0.000
   0.14112     -7.695905  0.000  0.000  0.000  0.000
   0.16935     -7.697831  0.000  0.000  0.000  0.000
   0.19757     -7.699471  0.000  0.000  0.000  0.000
   0.22579     -7.700997  0.000  0.000  0.000  0.000
   0.25402     -7.702451  0.000  0.000  0.000  0.000
   0.28224     -7.703831  0.000  0.000  0.000  0.000
   0.31047     -7.705120  0.000  0.000  0.000  0.000
   0.33869     -7.706308  0.000  0.000  0.000  0.000
   0.36691     -7.707431  0.000  0.000  0.000  0.000
   0.39514     -7.708609  0.000  0.000  0.000  0.000
   0.42336     -7.709883  0.000  0.000  0.000  0.001
   0.45159     -7.713766  0.004  0.004  0.000  0.010
   0.47981     -7.722018  0.008  0.008  0.000  0.014
   0.50804     -7.728512  0.008  0.008  0.000  0.016
   0.53626     -7.730861  0.008  0.008  0.000  0.018
   0.53626     -7.730861  0.008  0.008  0.000  0.018
   0.55622     -7.731419  0.008  0.008  0.000  0.018
   0.57617     -7.733107  0.008  0.008  0.000  0.018
   0.59613     -7.735959  0.008  0.008  0.000  0.018
   0.61609     -7.740016  0.008  0.010  0.000  0.018
   0.63605     -7.745317  0.010  0.010  0.000  0.020
   0.65600     -7.751887  0.010  0.010  0.000  0.020
   0.67596     -7.759720  0.010  0.010  0.000  0.020
   0.69592     -7.768778  0.010  0.010  0.000  0.022
   0.71588     -7.778986  0.010  0.010  0.000  0.022
   0.73584     -7.790230  0.012  0.012  0.000  0.022
   0.75579     -7.802350  0.012  0.012  0.000  0.024
   0.77575     -7.815135  0.012  0.012  0.000  0.024
   0.79571     -7.819462  0.000  0.000  0.000  0.000
   0.81567     -7.818557  0.000  0.000  0.000  0.000
   0.83562     -7.831332  0.000  0.000  0.000  0.000
   0.85558     -7.831243  0.000  0.000  0.000  0.000
   0.87554     -7.831169  0.000  0.000  0.000  0.000
   0.89550     -7.831122  0.000  0.000  0.000  0.000
   0.91545     -7.831106  0.000  0.000  0.000  0.000
   0.91545     -7.831106  0.000  0.000  0.000  0.000
   0.94368     -7.830967  0.000  0.000  0.000  0.000
   0.97190     -7.830545  0.000  0.000  0.000  0.000
   1.00013     -7.829833  0.000  0.000  0.000  0.000
   1.02835     -7.824402  0.009  0.009  0.000  0.017
   1.05657     -7.809624  0.014  0.014  0.000  0.029
   1.08480     -7.780683  0.013  0.014  0.000  0.027
   1.11302     -7.750511  0.011  0.012  0.000  0.025
   1.14125     -7.723403  0.009  0.009  0.000  0.018
   1.16947     -7.704368  0.005  0.005  0.000  0.011
   1.19769     -7.694095  0.002  0.003  0.000  0.005
   1.22592     -7.686864  0.001  0.001  0.000  0.001
   1.25414     -7.682912  0.000  0.000  0.000  0.000
   1.28237     -7.675883  0.000  0.000  0.000  0.000
   1.31059     -7.672916  0.000  0.000  0.000  0.000
   1.33882     -7.671295  0.000  0.000  0.000  0.000
   1.36704     -7.670246  0.000  0.000  0.000  0.000
   1.39526     -7.669598  0.000  0.000  0.000  0.000
   1.42349     -7.669244  0.000  0.000  0.000  0.000
   1.45171     -7.669131  0.000  0.000  0.000  0.000
   1.45171     -7.669131  0.000  0.000  0.000  0.000
   1.47167     -7.669138  0.000  0.000  0.000  0.000
   1.49163     -7.669157  0.000  0.000  0.000  0.000
   1.51159     -7.669189  0.000  0.000  0.000  0.000
   1.53154     -7.669232  0.000  0.000  0.000  0.000
   1.55150     -7.669287  0.000  0.000  0.000  0.000
   1.57146     -7.669350  0.000  0.000  0.000  0.000
   1.59142     -7.672204  0.000  0.000  0.000  0.002
   1.61137     -7.673813  0.000  0.000  0.000  0.000
   1.63133     -7.674749  0.000  0.000  0.000  0.000
   1.65129     -7.675570  0.000  0.000  0.000  0.000
   1.67125     -7.676394  0.000  0.000  0.000  0.002
   1.69120     -7.677254  0.000  0.000  0.000  0.002
   1.71116     -7.678147  0.000  0.000  0.000  0.002
   1.73112     -7.679049  0.000  0.000  0.000  0.002
   1.75108     -7.679914  0.000  0.000  0.000  0.002
   1.77103     -7.680682  0.000  0.000  0.000  0.002
   1.79099     -7.681291  0.001  0.000  0.000  0.002
   1.81095     -7.681683  0.002  0.000  0.000  0.002
   1.83091     -7.681818  0.002  0.000  0.000  0.002
 
# Band-Index:   28
   1.83091     -7.670200  0.000  0.000  0.000  0.000
   1.81095     -7.670191  0.000  0.000  0.000  0.000
   1.79099     -7.670166  0.000  0.000  0.000  0.000
   1.77103     -7.670126  0.000  0.000  0.000  0.000
   1.75108     -7.670072  0.000  0.000  0.000  0.000
   1.73112     -7.670006  0.000  0.000  0.000  0.000
   1.71116     -7.669930  0.000  0.000  0.000  0.000
   1.69120     -7.669848  0.000  0.000  0.000  0.000
   1.67125     -7.669762  0.000  0.000  0.000  0.000
   1.65129     -7.669674  0.000  0.000  0.000  0.000
   1.63133     -7.669586  0.000  0.000  0.000  0.000
   1.61137     -7.669502  0.000  0.000  0.000  0.000
   1.59142     -7.669423  0.000  0.000  0.000  0.000
   1.57146     -7.668496  0.000  0.000  0.000  0.000
   1.55150     -7.668402  0.000  0.000  0.000  0.000
   1.53154     -7.668322  0.000  0.000  0.000  0.000
   1.51159     -7.668256  0.000  0.000  0.000  0.000
   1.49163     -7.668207  0.000  0.000  0.000  0.000
   1.47167     -7.668178  0.000  0.000  0.000  0.000
   1.45171     -7.668168  0.000  0.000  0.000  0.000
   1.45171     -7.668168  0.000  0.000  0.000  0.000
   1.42349     -7.668297  0.000  0.000  0.000  0.000
   1.39526     -7.668703  0.000  0.000  0.000  0.000
   1.36704     -7.669434  0.000  0.000  0.000  0.000
   1.33882     -7.670569  0.000  0.000  0.000  0.000
   1.31059     -7.672212  0.000  0.000  0.000  0.000
   1.28237     -7.673992  0.000  0.000  0.000  0.000
   1.25414     -7.675118  0.000  0.000  0.000  0.000
   1.22592     -7.676096  0.000  0.000  0.000  0.000
   1.19769     -7.690838  0.002  0.002  0.000  0.003
   1.16947     -7.699471  0.004  0.005  0.000  0.009
   1.14125     -7.717037  0.007  0.008  0.000  0.016
   1.11302     -7.742948  0.010  0.011  0.000  0.021
   1.08480     -7.772342  0.012  0.012  0.000  0.025
   1.05657     -7.800553  0.012  0.012  0.000  0.025
   1.02835     -7.815111  0.000  0.000  0.000  0.000
   1.00013     -7.815689  0.000  0.000  0.000  0.000
   0.97190     -7.815955  0.000  0.000  0.000  0.000
   0.94368     -7.816104  0.000  0.000  0.000  0.000
   0.91545     -7.816153  0.000  0.000  0.000  0.000
   0.91545     -7.816153  0.000  0.000  0.000  0.000
   0.89550     -7.816259  0.000  0.000  0.000  0.000
   0.87554     -7.816571  0.000  0.000  0.000  0.000
   0.85558     -7.817076  0.000  0.000  0.000  0.000
   0.83562     -7.817749  0.000  0.000  0.000  0.000
   0.81567     -7.816952  0.008  0.008  0.000  0.016
   0.79571     -7.788215  0.006  0.006  0.000  0.013
   0.77575     -7.758688  0.005  0.004  0.000  0.010
   0.75579     -7.731662  0.004  0.004  0.000  0.008
   0.73584     -7.710677  0.002  0.002  0.000  0.004
   0.71588     -7.702572  0.000  0.000  0.000  0.000
   0.69592     -7.704119  0.000  0.000  0.000  0.000
   0.67596     -7.705656  0.000  0.000  0.000  0.000
   0.65600     -7.707122  0.000  0.000  0.000  0.000
   0.63605     -7.708460  0.000  0.000  0.000  0.000
   0.61609     -7.709621  0.000  0.000  0.000  0.000
   0.59613     -7.710565  0.000  0.000  0.000  0.000
   0.57617     -7.711262  0.000  0.000  0.000  0.000
   0.55622     -7.711690  0.000  0.000  0.000  0.000
   0.53626     -7.711834  0.000  0.000  0.000  0.000
   0.53626     -7.711834  0.000  0.000  0.000  0.000
   0.50804     -7.711692  0.000  0.000  0.000  0.000
   0.47981     -7.711269  0.000  0.000  0.000  0.000
   0.45159     -7.710547  0.000  0.000  0.000  0.000
   0.42336     -7.709277  0.000  0.000  0.000  0.001
   0.39514     -7.707961  0.000  0.000  0.000  0.000
   0.36691     -7.706489  0.000  0.000  0.000  0.000
   0.33869     -7.704301  0.000  0.000  0.000  0.000
   0.31047     -7.700643  0.000  0.000  0.000  0.002
   0.28224     -7.692984  0.002  0.002  0.000  0.004
   0.25402     -7.683122  0.002  0.002  0.000  0.003
   0.22579     -7.678003  0.000  0.000  0.000  0.000
   0.19757     -7.676267  0.000  0.000  0.000  0.000
   0.16935     -7.675022  0.000  0.000  0.000  0.000
   0.14112     -7.673655  0.000  0.000  0.000  0.000
   0.11290     -7.672325  0.000  0.000  0.000  0.000
   0.08467     -7.671317  0.000  0.000  0.000  0.000
   0.05645     -7.670671  0.000  0.000  0.000  0.000
   0.02822     -7.670313  0.000  0.000  0.000  0.000
   0.00000     -7.670200  0.000  0.000  0.000  0.000
 
# Band-Index:   29
   0.00000     -7.669516  0.000  0.000  0.000  0.000
   0.02822     -7.669634  0.000  0.000  0.000  0.000
   0.05645     -7.669995  0.000  0.000  0.000  0.000
   0.08467     -7.670631  0.000  0.000  0.000  0.000
   0.11290     -7.671517  0.000  0.000  0.000  0.000
   0.14112     -7.672545  0.000  0.000  0.000  0.000
   0.16935     -7.673752  0.000  0.000  0.000  0.000
   0.19757     -7.675332  0.000  0.000  0.000  0.000
   0.22579     -7.677215  0.000  0.000  0.000  0.000
   0.25402     -7.678243  0.000  0.000  0.000  0.000
   0.28224     -7.679221  0.000  0.000  0.000  0.000
   0.31047     -7.680482  0.000  0.000  0.000  0.000
   0.33869     -7.682676  0.000  0.000  0.000  0.000
   0.36691     -7.686424  0.000  0.000  0.000  0.002
   0.39514     -7.692063  0.002  0.002  0.000  0.004
   0.42336     -7.699677  0.003  0.003  0.000  0.006
   0.45159     -7.706133  0.002  0.002  0.000  0.002
   0.47981     -7.707905  0.000  0.000  0.000  0.000
   0.50804     -7.708394  0.000  0.000  0.000  0.000
   0.53626     -7.708520  0.000  0.000  0.000  0.000
   0.53626     -7.708520  0.000  0.000  0.000  0.000
   0.55622     -7.708405  0.000  0.000  0.000  0.000
   0.57617     -7.708063  0.000  0.000  0.000  0.000
   0.59613     -7.707504  0.000  0.000  0.000  0.000
   0.61609     -7.706742  0.000  0.000  0.000  0.000
   0.63605     -7.705795  0.000  0.000  0.000  0.000
   0.65600     -7.704685  0.000  0.000  0.000  0.000
   0.67596     -7.703436  0.000  0.000  0.000  0.000
   0.69592     -7.702070  0.000  0.000  0.000  0.000
   0.71588     -7.700610  0.000  0.000  0.000  0.000
   0.73584     -7.701076  0.000  0.000  0.000  0.000
   0.75579     -7.699678  0.000  0.000  0.000  0.000
   0.77575     -7.698407  0.000  0.000  0.000  0.000
   0.79571     -7.697285  0.000  0.000  0.000  0.000
   0.81567     -7.696325  0.000  0.000  0.000  0.000
   0.83562     -7.695535  0.000  0.000  0.000  0.000
   0.85558     -7.694922  0.000  0.000  0.000  0.000
   0.87554     -7.694486  0.000  0.000  0.000  0.000
   0.89550     -7.694226  0.000  0.000  0.000  0.000
   0.91545     -7.694139  0.000  0.000  0.000  0.000
   0.91545     -7.694139  0.000  0.000  0.000  0.000
   0.94368     -7.694013  0.000  0.000  0.000  0.000
   0.97190     -7.693637  0.000  0.000  0.000  0.000
   1.00013     -7.693010  0.000  0.000  0.000  0.000
   1.02835     -7.692131  0.000  0.000  0.000  0.000
   1.05657     -7.690996  0.000  0.000  0.000  0.000
   1.08480     -7.689584  0.000  0.000  0.000  0.000
   1.11302     -7.687851  0.000  0.000  0.000  0.000
   1.14125     -7.685690  0.000  0.000  0.000  0.000
   1.16947     -7.682622  0.001  0.001  0.000  0.001
   1.19769     -7.678309  0.001  0.001  0.000  0.001
   1.22592     -7.675798  0.000  0.000  0.000  0.001
   1.25414     -7.666370  0.000  0.000  0.000  0.000
   1.28237     -7.664595  0.000  0.000  0.000  0.000
   1.31059     -7.663378  0.000  0.000  0.000  0.000
   1.33882     -7.662373  0.000  0.000  0.000  0.000
   1.36704     -7.661570  0.000  0.000  0.000  0.000
   1.39526     -7.660987  0.000  0.000  0.000  0.000
   1.42349     -7.660633  0.000  0.000  0.000  0.000
   1.45171     -7.660515  0.000  0.000  0.000  0.000
   1.45171     -7.660515  0.000  0.000  0.000  0.000
   1.47167     -7.660550  0.000  0.000  0.000  0.000
   1.49163     -7.660666  0.000  0.000  0.000  0.000
   1.51159     -7.660909  0.000  0.000  0.000  0.000
   1.53154     -7.661412  0.000  0.000  0.000  0.000
   1.55150     -7.662676  0.000  0.000  0.000  0.000
   1.57146     -7.666992  0.000  0.000  0.000  0.002
   1.59142     -7.668600  0.000  0.000  0.000  0.000
   1.61137     -7.668709  0.000  0.000  0.000  0.000
   1.63133     -7.668822  0.000  0.000  0.000  0.000
   1.65129     -7.668935  0.000  0.000  0.000  0.000
   1.67125     -7.669043  0.000  0.000  0.000  0.000
   1.69120     -7.669146  0.000  0.000  0.000  0.000
   1.71116     -7.669239  0.000  0.000  0.000  0.000
   1.73112     -7.669320  0.000  0.000  0.000  0.000
   1.75108     -7.669389  0.000  0.000  0.000  0.000
   1.77103     -7.669444  0.000  0.000  0.000  0.000
   1.79099     -7.669484  0.000  0.000  0.000  0.000
   1.81095     -7.669508  0.000  0.000  0.000  0.000
   1.83091     -7.669516  0.000  0.000  0.000  0.000
 
# Band-Index:   30
   1.83091     -7.658817  0.000  0.000  0.000  0.000
   1.81095     -7.658820  0.000  0.000  0.000  0.000
   1.79099     -7.658826  0.000  0.000  0.000  0.000
   1.77103     -7.658833  0.000  0.000  0.000  0.000
   1.75108     -7.658833  0.000  0.000  0.000  0.000
   1.73112     -7.658822  0.000  0.000  0.000  0.000
   1.71116     -7.658790  0.000  0.000  0.000  0.000
   1.69120     -7.658729  0.000  0.000  0.000  0.000
   1.67125     -7.658622  0.000  0.000  0.000  0.000
   1.65129     -7.658439  0.000  0.000  0.000  0.000
   1.63133     -7.658108  0.000  0.000  0.000  0.000
   1.61137     -7.657420  0.000  0.000  0.000  0.000
   1.59142     -7.655453  0.000  0.000  0.000  0.000
   1.57146     -7.646038  0.000  0.000  0.000  0.002
   1.55150     -7.619479  0.002  0.002  0.000  0.002
   1.53154     -7.586530  0.002  0.002  0.000  0.002
   1.51159     -7.554317  0.002  0.002  0.000  0.002
   1.49163     -7.532771  0.000  0.000  0.000  0.002
   1.47167     -7.526213  0.000  0.000  0.000  0.001
   1.45171     -7.524949  0.000  0.001  0.000  0.001
   1.45171     -7.524949  0.000  0.001  0.000  0.001
   1.42349     -7.525399  0.000  0.001  0.000  0.001
   1.39526     -7.527076  0.000  0.000  0.000  0.000
   1.36704     -7.532021  0.000  0.000  0.000  0.000
   1.33882     -7.549883  0.000  0.000  0.000  0.002
   1.31059     -7.585827  0.002  0.002  0.000  0.004
   1.28237     -7.627816  0.002  0.002  0.000  0.004
   1.25414     -7.659990  0.002  0.002  0.000  0.004
   1.22592     -7.671510  0.001  0.001  0.000  0.002
   1.19769     -7.677061  0.001  0.001  0.000  0.003
   1.16947     -7.681927  0.001  0.001  0.000  0.001
   1.14125     -7.684997  0.000  0.000  0.000  0.000
   1.11302     -7.686918  0.000  0.000  0.000  0.000
   1.08480     -7.688150  0.000  0.000  0.000  0.000
   1.05657     -7.688970  0.000  0.000  0.000  0.000
   1.02835     -7.689499  0.000  0.000  0.000  0.000
   1.00013     -7.689811  0.000  0.000  0.000  0.000
   0.97190     -7.689971  0.000  0.000  0.000  0.000
   0.94368     -7.690037  0.000  0.000  0.000  0.000
   0.91545     -7.690054  0.000  0.000  0.000  0.000
   0.91545     -7.690054  0.000  0.000  0.000  0.000
   0.89550     -7.690190  0.000  0.000  0.000  0.000
   0.87554     -7.690595  0.000  0.000  0.000  0.000
   0.85558     -7.691259  0.000  0.000  0.000  0.000
   0.83562     -7.692164  0.000  0.000  0.000  0.000
   0.81567     -7.693282  0.000  0.000  0.000  0.000
   0.79571     -7.694581  0.000  0.000  0.000  0.000
   0.77575     -7.696016  0.000  0.000  0.000  0.000
   0.75579     -7.697537  0.000  0.000  0.000  0.000
   0.73584     -7.699086  0.000  0.000  0.000  0.000
   0.71588     -7.697719  0.002  0.002  0.000  0.002
   0.69592     -7.690819  0.000  0.000  0.000  0.001
   0.67596     -7.687072  0.000  0.000  0.000  0.000
   0.65600     -7.684847  0.000  0.000  0.000  0.000
   0.63605     -7.683411  0.000  0.000  0.000  0.000
   0.61609     -7.682434  0.000  0.000  0.000  0.000
   0.59613     -7.681759  0.000  0.000  0.000  0.000
   0.57617     -7.681311  0.000  0.000  0.000  0.000
   0.55622     -7.681054  0.000  0.000  0.000  0.000
   0.53626     -7.680969  0.000  0.000  0.000  0.000
   0.53626     -7.680969  0.000  0.000  0.000  0.000
   0.50804     -7.680789  0.000  0.000  0.000  0.000
   0.47981     -7.680267  0.000  0.000  0.000  0.000
   0.45159     -7.679476  0.000  0.000  0.000  0.000
   0.42336     -7.679251  0.000  0.000  0.000  0.000
   0.39514     -7.679006  0.000  0.000  0.000  0.000
   0.36691     -7.678540  0.000  0.000  0.000  0.000
   0.33869     -7.677657  0.000  0.000  0.000  0.000
   0.31047     -7.676118  0.000  0.000  0.000  0.000
   0.28224     -7.674162  0.000  0.000  0.000  0.000
   0.25402     -7.672218  0.000  0.000  0.000  0.000
   0.22579     -7.670415  0.000  0.000  0.000  0.000
   0.19757     -7.668698  0.000  0.000  0.000  0.000
   0.16935     -7.666844  0.000  0.000  0.000  0.000
   0.14112     -7.664255  0.000  0.000  0.000  0.000
   0.11290     -7.660505  0.000  0.000  0.000  0.000
   0.08467     -7.659717  0.000  0.000  0.000  0.000
   0.05645     -7.659210  0.000  0.000  0.000  0.000
   0.02822     -7.658914  0.000  0.000  0.000  0.000
   0.00000     -7.658817  0.000  0.000  0.000  0.000
 
# Band-Index:   31
   0.00000     -7.620767  0.004  0.004  0.000  0.008
   0.02822     -7.624864  0.004  0.004  0.000  0.008
   0.05645     -7.635907  0.002  0.002  0.000  0.006
   0.08467     -7.649470  0.002  0.002  0.000  0.004
   0.11290     -7.659233  0.000  0.000  0.000  0.001
   0.14112     -7.661386  0.000  0.000  0.000  0.000
   0.16935     -7.662633  0.000  0.000  0.000  0.000
   0.19757     -7.664154  0.000  0.000  0.000  0.000
   0.22579     -7.665981  0.000  0.000  0.000  0.002
   0.25402     -7.668122  0.000  0.000  0.000  0.002
   0.28224     -7.670398  0.000  0.000  0.000  0.002
   0.31047     -7.672454  0.000  0.000  0.000  0.000
   0.33869     -7.674200  0.000  0.000  0.000  0.000
   0.36691     -7.675740  0.000  0.000  0.000  0.000
   0.39514     -7.677133  0.000  0.000  0.000  0.000
   0.42336     -7.678376  0.000  0.000  0.000  0.000
   0.45159     -7.679317  0.000  0.000  0.000  0.000
   0.47981     -7.679366  0.000  0.000  0.000  0.000
   0.50804     -7.679349  0.000  0.000  0.000  0.000
   0.53626     -7.679338  0.000  0.000  0.000  0.000
   0.53626     -7.679338  0.000  0.000  0.000  0.000
   0.55622     -7.679341  0.000  0.000  0.000  0.000
   0.57617     -7.679350  0.000  0.000  0.000  0.000
   0.59613     -7.679363  0.000  0.000  0.000  0.000
   0.61609     -7.679378  0.000  0.000  0.000  0.000
   0.63605     -7.679390  0.000  0.000  0.000  0.000
   0.65600     -7.679395  0.000  0.000  0.000  0.000
   0.67596     -7.679387  0.000  0.000  0.000  0.000
   0.69592     -7.679362  0.000  0.000  0.000  0.000
   0.71588     -7.679312  0.000  0.000  0.000  0.000
   0.73584     -7.679233  0.000  0.000  0.000  0.000
   0.75579     -7.679124  0.000  0.000  0.000  0.000
   0.77575     -7.678983  0.000  0.000  0.000  0.000
   0.79571     -7.678816  0.000  0.000  0.000  0.000
   0.81567     -7.678631  0.000  0.000  0.000  0.000
   0.83562     -7.678442  0.000  0.000  0.000  0.000
   0.85558     -7.678268  0.000  0.000  0.000  0.000
   0.87554     -7.678126  0.000  0.000  0.000  0.000
   0.89550     -7.678033  0.000  0.000  0.000  0.000
   0.91545     -7.678001  0.000  0.000  0.000  0.000
   0.91545     -7.678001  0.000  0.000  0.000  0.000
   0.94368     -7.677982  0.000  0.000  0.000  0.000
   0.97190     -7.677925  0.000  0.000  0.000  0.000
   1.00013     -7.677827  0.000  0.000  0.000  0.000
   1.02835     -7.677687  0.000  0.000  0.000  0.000
   1.05657     -7.677506  0.000  0.000  0.000  0.000
   1.08480     -7.677283  0.000  0.000  0.000  0.000
   1.11302     -7.677019  0.000  0.000  0.000  0.000
   1.14125     -7.676705  0.000  0.000  0.000  0.000
   1.16947     -7.676305  0.000  0.000  0.000  0.000
   1.19769     -7.675531  0.000  0.000  0.000  0.000
   1.22592     -7.667924  0.002  0.003  0.000  0.005
   1.25414     -7.646823  0.002  0.002  0.000  0.004
   1.28237     -7.604196  0.002  0.002  0.000  0.004
   1.31059     -7.560909  0.002  0.002  0.000  0.002
   1.33882     -7.533684  0.000  0.000  0.000  0.000
   1.36704     -7.526521  0.000  0.000  0.000  0.001
   1.39526     -7.524148  0.000  0.001  0.000  0.001
   1.42349     -7.523118  0.000  0.001  0.000  0.001
   1.45171     -7.522816  0.000  0.001  0.000  0.001
   1.45171     -7.522816  0.000  0.001  0.000  0.001
   1.47167     -7.522939  0.000  0.001  0.000  0.002
   1.49163     -7.523358  0.000  0.002  0.000  0.002
   1.51159     -7.524155  0.000  0.002  0.000  0.002
   1.53154     -7.525457  0.000  0.002  0.000  0.002
   1.55150     -7.527519  0.000  0.002  0.000  0.002
   1.57146     -7.530824  0.000  0.002  0.000  0.002
   1.59142     -7.536119  0.002  0.002  0.000  0.004
   1.61137     -7.543977  0.002  0.004  0.000  0.006
   1.63133     -7.553994  0.004  0.004  0.000  0.008
   1.65129     -7.565008  0.004  0.004  0.000  0.008
   1.67125     -7.575976  0.004  0.004  0.000  0.008
   1.69120     -7.586231  0.004  0.004  0.000  0.008
   1.71116     -7.595383  0.004  0.004  0.000  0.008
   1.73112     -7.603212  0.004  0.004  0.000  0.008
   1.75108     -7.609608  0.004  0.004  0.000  0.008
   1.77103     -7.614537  0.004  0.004  0.000  0.008
   1.79099     -7.618017  0.004  0.004  0.000  0.008
   1.81095     -7.620083  0.004  0.004  0.000  0.008
   1.83091     -7.620767  0.004  0.004  0.000  0.008
 
# Band-Index:   32
   1.83091     -7.520521  0.000  0.001  0.000  0.001
   1.81095     -7.520482  0.000  0.001  0.000  0.001
   1.79099     -7.520369  0.000  0.001  0.000  0.001
   1.77103     -7.520193  0.000  0.001  0.000  0.001
   1.75108     -7.519969  0.000  0.001  0.000  0.001
   1.73112     -7.519710  0.000  0.001  0.000  0.001
   1.71116     -7.519430  0.000  0.001  0.000  0.001
   1.69120     -7.519137  0.000  0.001  0.000  0.001
   1.67125     -7.518838  0.000  0.002  0.000  0.002
   1.65129     -7.518533  0.000  0.002  0.000  0.002
   1.63133     -7.518218  0.000  0.002  0.000  0.002
   1.61137     -7.517882  0.000  0.002  0.000  0.002
   1.59142     -7.517496  0.000  0.002  0.000  0.002
   1.57146     -7.516995  0.000  0.002  0.000  0.002
   1.55150     -7.516217  0.000  0.002  0.000  0.002
   1.53154     -7.514677  0.000  0.002  0.000  0.002
   1.51159     -7.510363  0.000  0.002  0.000  0.002
   1.49163     -7.495183  0.002  0.004  0.000  0.004
   1.47167     -7.468036  0.002  0.004  0.000  0.006
   1.45171     -7.456387  0.000  0.004  0.000  0.004
   1.45171     -7.456387  0.000  0.004  0.000  0.004
   1.42349     -7.459747  0.001  0.004  0.000  0.005
   1.39526     -7.474381  0.002  0.004  0.000  0.007
   1.36704     -7.496765  0.002  0.006  0.000  0.008
   1.33882     -7.515473  0.002  0.005  0.000  0.007
   1.31059     -7.527077  0.002  0.006  0.000  0.009
   1.28237     -7.566850  0.002  0.002  0.000  0.004
   1.25414     -7.617083  0.002  0.002  0.000  0.004
   1.22592     -7.661643  0.000  0.000  0.000  0.000
   1.19769     -7.665683  0.000  0.000  0.000  0.000
   1.16947     -7.666726  0.000  0.000  0.000  0.000
   1.14125     -7.667419  0.000  0.000  0.000  0.000
   1.11302     -7.667947  0.000  0.000  0.000  0.000
   1.08480     -7.668366  0.000  0.000  0.000  0.000
   1.05657     -7.668700  0.000  0.000  0.000  0.000
   1.02835     -7.668966  0.000  0.000  0.000  0.000
   1.00013     -7.669177  0.000  0.000  0.000  0.000
   0.97190     -7.669372  0.000  0.000  0.000  0.001
   0.94368     -7.669640  0.000  0.000  0.000  0.001
   0.91545     -7.669810  0.000  0.000  0.000  0.001
   0.91545     -7.669810  0.000  0.000  0.000  0.001
   0.89550     -7.669830  0.000  0.000  0.000  0.001
   0.87554     -7.669834  0.000  0.000  0.000  0.001
   0.85558     -7.669752  0.000  0.000  0.000  0.001
   0.83562     -7.669548  0.000  0.000  0.000  0.001
   0.81567     -7.669211  0.000  0.000  0.000  0.001
   0.79571     -7.668763  0.000  0.000  0.000  0.002
   0.77575     -7.668249  0.000  0.001  0.000  0.002
   0.75579     -7.667700  0.000  0.001  0.000  0.002
   0.73584     -7.667860  0.000  0.000  0.000  0.000
   0.71588     -7.668174  0.000  0.000  0.000  0.000
   0.69592     -7.668479  0.000  0.000  0.000  0.000
   0.67596     -7.668767  0.000  0.000  0.000  0.000
   0.65600     -7.669031  0.000  0.000  0.000  0.000
   0.63605     -7.669265  0.000  0.000  0.000  0.000
   0.61609     -7.669463  0.000  0.000  0.000  0.000
   0.59613     -7.669622  0.000  0.000  0.000  0.000
   0.57617     -7.669738  0.000  0.000  0.000  0.000
   0.55622     -7.669809  0.000  0.000  0.000  0.000
   0.53626     -7.669833  0.000  0.000  0.000  0.000
   0.53626     -7.669833  0.000  0.000  0.000  0.000
   0.50804     -7.669741  0.000  0.000  0.000  0.000
   0.47981     -7.669462  0.000  0.000  0.000  0.000
   0.45159     -7.668981  0.000  0.000  0.000  0.000
   0.42336     -7.668263  0.000  0.000  0.000  0.000
   0.39514     -7.667236  0.000  0.000  0.000  0.000
   0.36691     -7.665740  0.000  0.000  0.000  0.000
   0.33869     -7.663375  0.000  0.000  0.000  0.000
   0.31047     -7.658861  0.000  0.002  0.000  0.002
   0.28224     -7.647396  0.002  0.004  0.000  0.006
   0.25402     -7.619428  0.006  0.008  0.000  0.016
   0.22579     -7.578142  0.008  0.012  0.000  0.020
   0.19757     -7.535649  0.008  0.012  0.000  0.020
   0.16935     -7.521940  0.000  0.003  0.000  0.003
   0.14112     -7.521061  0.000  0.001  0.000  0.001
   0.11290     -7.520812  0.000  0.001  0.000  0.001
   0.08467     -7.520677  0.000  0.001  0.000  0.001
   0.05645     -7.520590  0.000  0.001  0.000  0.001
   0.02822     -7.520538  0.000  0.001  0.000  0.001
   0.00000     -7.520521  0.000  0.001  0.000  0.001
 
# Band-Index:   33
   0.00000     -7.519081  0.000  0.002  0.000  0.002
   0.02822     -7.519177  0.000  0.002  0.000  0.002
   0.05645     -7.519416  0.000  0.001  0.000  0.002
   0.08467     -7.519707  0.000  0.001  0.000  0.001
   0.11290     -7.519994  0.000  0.001  0.000  0.001
   0.14112     -7.520284  0.000  0.001  0.000  0.001
   0.16935     -7.520661  0.000  0.001  0.000  0.001
   0.19757     -7.521132  0.000  0.002  0.000  0.002
   0.22579     -7.521755  0.000  0.002  0.000  0.002
   0.25402     -7.522895  0.000  0.002  0.000  0.002
   0.28224     -7.525526  0.002  0.004  0.000  0.004
   0.31047     -7.533280  0.004  0.006  0.000  0.010
   0.33869     -7.554777  0.008  0.010  0.000  0.020
   0.36691     -7.585397  0.008  0.012  0.000  0.021
   0.39514     -7.613580  0.008  0.010  0.000  0.020
   0.42336     -7.634950  0.006  0.008  0.000  0.016
   0.45159     -7.648717  0.004  0.006  0.000  0.012
   0.47981     -7.656493  0.004  0.005  0.000  0.008
   0.50804     -7.660359  0.002  0.004  0.000  0.008
   0.53626     -7.661530  0.002  0.004  0.000  0.006
   0.53626     -7.661530  0.002  0.004  0.000  0.006
   0.55622     -7.661640  0.002  0.004  0.000  0.006
   0.57617     -7.661960  0.002  0.004  0.000  0.006
   0.59613     -7.662453  0.002  0.004  0.000  0.006
   0.61609     -7.663072  0.002  0.004  0.000  0.006
   0.63605     -7.663764  0.002  0.002  0.000  0.004
   0.65600     -7.664482  0.002  0.002  0.000  0.004
   0.67596     -7.665191  0.002  0.002  0.000  0.004
   0.69592     -7.665872  0.002  0.002  0.000  0.004
   0.71588     -7.666516  0.002  0.002  0.000  0.002
   0.73584     -7.667123  0.001  0.002  0.000  0.002
   0.75579     -7.667544  0.000  0.000  0.000  0.000
   0.77575     -7.667235  0.000  0.000  0.000  0.000
   0.79571     -7.666942  0.000  0.000  0.000  0.000
   0.81567     -7.666673  0.000  0.000  0.000  0.000
   0.83562     -7.667518  0.000  0.000  0.000  0.001
   0.85558     -7.668207  0.000  0.000  0.000  0.001
   0.87554     -7.668681  0.000  0.000  0.000  0.001
   0.89550     -7.668991  0.000  0.000  0.000  0.001
   0.91545     -7.669108  0.000  0.000  0.000  0.001
   0.91545     -7.669108  0.000  0.000  0.000  0.001
   0.94368     -7.668975  0.000  0.000  0.000  0.001
   0.97190     -7.668314  0.000  0.000  0.000  0.001
   1.00013     -7.666891  0.000  0.000  0.000  0.002
   1.02835     -7.664665  0.000  0.000  0.000  0.002
   1.05657     -7.661380  0.001  0.002  0.000  0.002
   1.08480     -7.656403  0.002  0.002  0.000  0.004
   1.11302     -7.648281  0.003  0.004  0.000  0.007
   1.14125     -7.634118  0.005  0.006  0.000  0.011
   1.16947     -7.611098  0.007  0.009  0.000  0.017
   1.19769     -7.582085  0.007  0.011  0.000  0.020
   1.22592     -7.555840  0.005  0.009  0.000  0.016
   1.25414     -7.538949  0.003  0.007  0.000  0.010
   1.28237     -7.529645  0.002  0.005  0.000  0.007
   1.31059     -7.523411  0.001  0.005  0.000  0.005
   1.33882     -7.504738  0.002  0.006  0.000  0.009
   1.36704     -7.475697  0.002  0.006  0.000  0.008
   1.39526     -7.458786  0.000  0.004  0.000  0.004
   1.42349     -7.456370  0.000  0.004  0.000  0.004
   1.45171     -7.455801  0.000  0.004  0.000  0.004
   1.45171     -7.455801  0.000  0.004  0.000  0.004
   1.47167     -7.456390  0.000  0.004  0.000  0.004
   1.49163     -7.456400  0.000  0.004  0.000  0.004
   1.51159     -7.456416  0.000  0.004  0.000  0.004
   1.53154     -7.459087  0.002  0.006  0.000  0.008
   1.55150     -7.471855  0.004  0.006  0.000  0.010
   1.57146     -7.484342  0.004  0.006  0.000  0.008
   1.59142     -7.495120  0.002  0.004  0.000  0.008
   1.61137     -7.503111  0.002  0.004  0.000  0.006
   1.63133     -7.508333  0.002  0.004  0.000  0.004
   1.65129     -7.511641  0.000  0.002  0.000  0.004
   1.67125     -7.513833  0.000  0.002  0.000  0.003
   1.69120     -7.515379  0.000  0.002  0.000  0.002
   1.71116     -7.516521  0.000  0.002  0.000  0.002
   1.73112     -7.517385  0.000  0.002  0.000  0.002
   1.75108     -7.518035  0.000  0.002  0.000  0.002
   1.77103     -7.518510  0.000  0.002  0.000  0.002
   1.79099     -7.518833  0.000  0.002  0.000  0.002
   1.81095     -7.519020  0.000  0.002  0.000  0.002
   1.83091     -7.519081  0.000  0.002  0.000  0.002
 
# Band-Index:   34
   1.83091     -7.456871  0.000  0.004  0.000  0.004
   1.81095     -7.456867  0.000  0.004  0.000  0.004
   1.79099     -7.456857  0.000  0.004  0.000  0.004
   1.77103     -7.456841  0.000  0.004  0.000  0.004
   1.75108     -7.456819  0.000  0.004  0.000  0.004
   1.73112     -7.456792  0.000  0.004  0.000  0.004
   1.71116     -7.456761  0.000  0.004  0.000  0.004
   1.69120     -7.456726  0.000  0.004  0.000  0.004
   1.67125     -7.456688  0.000  0.004  0.000  0.004
   1.65129     -7.456648  0.000  0.004  0.000  0.004
   1.63133     -7.456608  0.000  0.004  0.000  0.004
   1.61137     -7.456569  0.000  0.004  0.000  0.004
   1.59142     -7.456531  0.000  0.004  0.000  0.004
   1.57146     -7.456496  0.000  0.004  0.000  0.004
   1.55150     -7.456464  0.000  0.004  0.000  0.004
   1.53154     -7.456437  0.000  0.004  0.000  0.004
   1.51159     -7.455830  0.000  0.004  0.000  0.004
   1.49163     -7.455814  0.000  0.004  0.000  0.004
   1.47167     -7.455804  0.000  0.004  0.000  0.004
   1.45171     -7.451736  0.002  0.004  0.000  0.007
   1.45171     -7.451736  0.002  0.004  0.000  0.007
   1.42349     -7.453237  0.001  0.004  0.000  0.006
   1.39526     -7.453635  0.000  0.004  0.000  0.004
   1.36704     -7.453544  0.000  0.003  0.000  0.004
   1.33882     -7.471705  0.000  0.000  0.000  0.002
   1.31059     -7.509565  0.000  0.000  0.000  0.000
   1.28237     -7.524907  0.000  0.003  0.000  0.005
   1.25414     -7.534055  0.002  0.005  0.000  0.007
   1.22592     -7.548911  0.004  0.009  0.000  0.012
   1.19769     -7.573131  0.007  0.009  0.000  0.016
   1.16947     -7.601761  0.007  0.009  0.000  0.016
   1.14125     -7.625776  0.005  0.006  0.000  0.011
   1.11302     -7.641276  0.003  0.003  0.000  0.007
   1.08480     -7.650417  0.002  0.002  0.000  0.004
   1.05657     -7.656122  0.001  0.001  0.000  0.002
   1.02835     -7.659977  0.000  0.000  0.000  0.002
   1.00013     -7.662683  0.000  0.000  0.000  0.000
   0.97190     -7.664529  0.000  0.000  0.000  0.000
   0.94368     -7.665622  0.000  0.000  0.000  0.000
   0.91545     -7.665986  0.000  0.000  0.000  0.000
   0.91545     -7.665986  0.000  0.000  0.000  0.000
   0.89550     -7.666016  0.000  0.000  0.000  0.000
   0.87554     -7.666104  0.000  0.000  0.000  0.000
   0.85558     -7.666247  0.000  0.000  0.000  0.000
   0.83562     -7.666439  0.000  0.000  0.000  0.000
   0.81567     -7.666459  0.000  0.000  0.000  0.002
   0.79571     -7.664682  0.001  0.001  0.000  0.002
   0.77575     -7.661459  0.002  0.002  0.000  0.002
   0.75579     -7.655306  0.002  0.002  0.000  0.004
   0.73584     -7.643764  0.003  0.004  0.000  0.006
   0.71588     -7.625578  0.004  0.004  0.000  0.008
   0.69592     -7.603270  0.004  0.004  0.000  0.010
   0.67596     -7.580198  0.004  0.004  0.000  0.010
   0.65600     -7.558387  0.004  0.004  0.000  0.010
   0.63605     -7.538913  0.004  0.004  0.000  0.010
   0.61609     -7.522406  0.006  0.004  0.000  0.010
   0.59613     -7.513304  0.000  0.000  0.000  0.000
   0.57617     -7.513386  0.000  0.000  0.000  0.000
   0.55622     -7.513438  0.000  0.000  0.000  0.000
   0.53626     -7.513456  0.000  0.000  0.000  0.000
   0.53626     -7.513456  0.000  0.000  0.000  0.000
   0.50804     -7.513937  0.000  0.000  0.000  0.000
   0.47981     -7.514907  0.000  0.000  0.000  0.001
   0.45159     -7.515766  0.000  0.000  0.000  0.000
   0.42336     -7.516437  0.000  0.000  0.000  0.000
   0.39514     -7.516981  0.000  0.000  0.000  0.000
   0.36691     -7.517447  0.000  0.000  0.000  0.000
   0.33869     -7.517854  0.000  0.000  0.000  0.000
   0.31047     -7.518202  0.000  0.000  0.000  0.000
   0.28224     -7.518470  0.000  0.000  0.000  0.000
   0.25402     -7.518599  0.000  0.000  0.000  0.000
   0.22579     -7.518370  0.000  0.000  0.000  0.000
   0.19757     -7.515528  0.002  0.002  0.000  0.002
   0.16935     -7.487537  0.008  0.010  0.000  0.016
   0.14112     -7.464495  0.002  0.006  0.000  0.008
   0.11290     -7.458540  0.000  0.004  0.000  0.004
   0.08467     -7.457027  0.000  0.003  0.000  0.003
   0.05645     -7.456692  0.000  0.004  0.000  0.004
   0.02822     -7.456765  0.000  0.003  0.000  0.004
   0.00000     -7.456871  0.000  0.004  0.000  0.004
 
# Band-Index:   35
   0.00000     -7.456284  0.000  0.004  0.000  0.004
   0.02822     -7.456136  0.000  0.003  0.000  0.004
   0.05645     -7.455612  0.000  0.004  0.000  0.004
   0.08467     -7.454834  0.000  0.003  0.000  0.003
   0.11290     -7.454114  0.000  0.004  0.000  0.004
   0.14112     -7.453783  0.000  0.004  0.000  0.004
   0.16935     -7.454165  0.000  0.004  0.000  0.004
   0.19757     -7.455468  0.000  0.003  0.000  0.003
   0.22579     -7.457659  0.000  0.003  0.000  0.003
   0.25402     -7.460578  0.000  0.003  0.000  0.003
   0.28224     -7.464554  0.000  0.003  0.000  0.004
   0.31047     -7.481941  0.006  0.006  0.000  0.014
   0.33869     -7.502212  0.002  0.002  0.000  0.004
   0.36691     -7.508851  0.000  0.000  0.000  0.002
   0.39514     -7.511117  0.000  0.000  0.000  0.000
   0.42336     -7.512071  0.000  0.000  0.000  0.000
   0.45159     -7.512518  0.000  0.000  0.000  0.000
   0.47981     -7.512727  0.000  0.000  0.000  0.000
   0.50804     -7.512790  0.000  0.000  0.000  0.000
   0.53626     -7.512748  0.000  0.000  0.000  0.000
   0.53626     -7.512748  0.000  0.000  0.000  0.000
   0.55622     -7.512728  0.000  0.000  0.000  0.000
   0.57617     -7.512669  0.000  0.000  0.000  0.000
   0.59613     -7.512577  0.000  0.000  0.000  0.000
   0.61609     -7.513200  0.000  0.000  0.000  0.000
   0.63605     -7.513081  0.000  0.000  0.000  0.001
   0.65600     -7.512958  0.000  0.001  0.000  0.001
   0.67596     -7.512838  0.000  0.001  0.000  0.001
   0.69592     -7.512728  0.000  0.001  0.000  0.001
   0.71588     -7.512632  0.000  0.001  0.000  0.001
   0.73584     -7.512553  0.000  0.001  0.000  0.001
   0.75579     -7.512492  0.000  0.001  0.000  0.001
   0.77575     -7.512448  0.000  0.001  0.000  0.001
   0.79571     -7.512419  0.000  0.001  0.000  0.001
   0.81567     -7.512401  0.000  0.001  0.000  0.001
   0.83562     -7.512393  0.000  0.001  0.000  0.001
   0.85558     -7.512390  0.000  0.001  0.000  0.001
   0.87554     -7.512390  0.000  0.001  0.000  0.001
   0.89550     -7.512391  0.000  0.001  0.000  0.001
   0.91545     -7.512391  0.000  0.001  0.000  0.001
   0.91545     -7.512391  0.000  0.001  0.000  0.001
   0.94368     -7.512291  0.000  0.001  0.000  0.001
   0.97190     -7.511987  0.000  0.001  0.000  0.001
   1.00013     -7.511472  0.000  0.001  0.000  0.001
   1.02835     -7.510725  0.000  0.001  0.000  0.001
   1.05657     -7.509700  0.000  0.001  0.000  0.001
   1.08480     -7.508305  0.000  0.000  0.000  0.001
   1.11302     -7.506352  0.000  0.000  0.000  0.001
   1.14125     -7.503450  0.001  0.000  0.000  0.001
   1.16947     -7.498738  0.002  0.001  0.000  0.003
   1.19769     -7.490343  0.003  0.002  0.000  0.005
   1.22592     -7.475836  0.005  0.003  0.000  0.008
   1.25414     -7.460991  0.003  0.003  0.000  0.006
   1.28237     -7.455391  0.001  0.003  0.000  0.004
   1.31059     -7.453879  0.001  0.003  0.000  0.004
   1.33882     -7.453511  0.000  0.003  0.000  0.004
   1.36704     -7.451794  0.001  0.004  0.000  0.005
   1.39526     -7.444626  0.002  0.005  0.000  0.006
   1.42349     -7.434194  0.000  0.004  0.000  0.005
   1.45171     -7.431294  0.000  0.004  0.000  0.004
   1.45171     -7.431294  0.000  0.004  0.000  0.004
   1.47167     -7.433006  0.000  0.004  0.000  0.004
   1.49163     -7.438406  0.002  0.004  0.000  0.006
   1.51159     -7.447458  0.002  0.006  0.000  0.008
   1.53154     -7.455851  0.000  0.004  0.000  0.004
   1.55150     -7.455878  0.000  0.004  0.000  0.004
   1.57146     -7.455910  0.000  0.004  0.000  0.004
   1.59142     -7.455945  0.000  0.004  0.000  0.004
   1.61137     -7.455983  0.000  0.004  0.000  0.004
   1.63133     -7.456022  0.000  0.004  0.000  0.004
   1.65129     -7.456062  0.000  0.004  0.000  0.004
   1.67125     -7.456102  0.000  0.004  0.000  0.004
   1.69120     -7.456139  0.000  0.004  0.000  0.004
   1.71116     -7.456175  0.000  0.004  0.000  0.004
   1.73112     -7.456206  0.000  0.004  0.000  0.004
   1.75108     -7.456233  0.000  0.004  0.000  0.004
   1.77103     -7.456255  0.000  0.004  0.000  0.004
   1.79099     -7.456271  0.000  0.004  0.000  0.004
   1.81095     -7.456281  0.000  0.004  0.000  0.004
   1.83091     -7.456284  0.000  0.004  0.000  0.004
 
# Band-Index:   36
   1.83091     -7.433228  0.003  0.000  0.000  0.004
   1.81095     -7.433184  0.003  0.000  0.000  0.004
   1.79099     -7.433053  0.003  0.000  0.000  0.004
   1.77103     -7.432836  0.003  0.000  0.000  0.004
   1.75108     -7.432532  0.003  0.000  0.000  0.004
   1.73112     -7.432143  0.003  0.000  0.000  0.004
   1.71116     -7.431672  0.003  0.000  0.000  0.004
   1.69120     -7.431120  0.002  0.000  0.000  0.003
   1.67125     -7.430497  0.002  0.000  0.000  0.003
   1.65129     -7.429813  0.002  0.000  0.000  0.003
   1.63133     -7.429085  0.002  0.000  0.000  0.002
   1.61137     -7.428334  0.002  0.000  0.000  0.002
   1.59142     -7.427584  0.002  0.000  0.000  0.002
   1.57146     -7.426862  0.002  0.000  0.000  0.002
   1.55150     -7.426196  0.002  0.000  0.000  0.002
   1.53154     -7.425609  0.001  0.000  0.000  0.002
   1.51159     -7.425117  0.001  0.000  0.000  0.002
   1.49163     -7.424694  0.001  0.000  0.000  0.002
   1.47167     -7.424094  0.002  0.000  0.000  0.002
   1.45171     -7.423016  0.002  0.000  0.000  0.002
   1.45171     -7.423016  0.002  0.000  0.000  0.002
   1.42349     -7.423412  0.002  0.000  0.000  0.002
   1.39526     -7.424389  0.002  0.000  0.000  0.002
   1.36704     -7.436663  0.000  0.000  0.000  0.000
   1.33882     -7.452727  0.000  0.003  0.000  0.005
   1.31059     -7.453244  0.001  0.003  0.000  0.004
   1.28237     -7.454692  0.001  0.003  0.000  0.004
   1.25414     -7.459216  0.003  0.003  0.000  0.006
   1.22592     -7.471846  0.004  0.003  0.000  0.007
   1.19769     -7.487290  0.003  0.002  0.000  0.005
   1.16947     -7.496758  0.002  0.001  0.000  0.003
   1.14125     -7.501959  0.001  0.000  0.000  0.001
   1.11302     -7.505071  0.000  0.000  0.000  0.001
   1.08480     -7.507116  0.000  0.000  0.000  0.001
   1.05657     -7.508552  0.000  0.001  0.000  0.001
   1.02835     -7.509592  0.000  0.001  0.000  0.001
   1.00013     -7.510343  0.000  0.001  0.000  0.001
   0.97190     -7.510858  0.000  0.001  0.000  0.001
   0.94368     -7.511160  0.000  0.001  0.000  0.001
   0.91545     -7.511260  0.000  0.001  0.000  0.001
   0.91545     -7.511260  0.000  0.001  0.000  0.001
   0.89550     -7.511263  0.000  0.001  0.000  0.001
   0.87554     -7.511273  0.000  0.001  0.000  0.001
   0.85558     -7.511290  0.000  0.001  0.000  0.001
   0.83562     -7.511317  0.000  0.001  0.000  0.001
   0.81567     -7.511354  0.000  0.001  0.000  0.001
   0.79571     -7.511403  0.000  0.001  0.000  0.001
   0.77575     -7.511468  0.000  0.001  0.000  0.001
   0.75579     -7.511548  0.000  0.001  0.000  0.001
   0.73584     -7.511645  0.000  0.001  0.000  0.001
   0.71588     -7.511759  0.000  0.001  0.000  0.001
   0.69592     -7.511888  0.000  0.001  0.000  0.001
   0.67596     -7.512029  0.000  0.001  0.000  0.001
   0.65600     -7.512175  0.000  0.000  0.000  0.001
   0.63605     -7.512321  0.000  0.000  0.000  0.000
   0.61609     -7.512458  0.000  0.000  0.000  0.000
   0.59613     -7.509264  0.006  0.004  0.000  0.010
   0.57617     -7.499742  0.006  0.004  0.000  0.010
   0.55622     -7.493984  0.006  0.004  0.000  0.010
   0.53626     -7.492059  0.006  0.004  0.000  0.010
   0.53626     -7.492059  0.006  0.004  0.000  0.010
   0.50804     -7.488134  0.006  0.004  0.000  0.010
   0.47981     -7.480333  0.000  0.002  0.000  0.002
   0.45159     -7.478953  0.000  0.002  0.000  0.002
   0.42336     -7.477107  0.000  0.002  0.000  0.002
   0.39514     -7.474812  0.000  0.002  0.000  0.002
   0.36691     -7.472124  0.000  0.002  0.000  0.002
   0.33869     -7.469100  0.000  0.002  0.000  0.002
   0.31047     -7.465800  0.000  0.002  0.000  0.003
   0.28224     -7.462354  0.000  0.002  0.000  0.003
   0.25402     -7.458895  0.000  0.003  0.000  0.003
   0.22579     -7.455387  0.000  0.003  0.000  0.003
   0.19757     -7.451443  0.000  0.004  0.000  0.004
   0.16935     -7.444773  0.004  0.006  0.000  0.010
   0.14112     -7.437143  0.006  0.002  0.000  0.008
   0.11290     -7.435972  0.005  0.001  0.000  0.005
   0.08467     -7.434943  0.004  0.000  0.000  0.005
   0.05645     -7.434046  0.003  0.000  0.000  0.004
   0.02822     -7.433441  0.003  0.000  0.000  0.004
   0.00000     -7.433228  0.003  0.000  0.000  0.004
 
# Band-Index:   37
   0.00000     -7.430238  0.002  0.000  0.000  0.003
   0.02822     -7.430528  0.002  0.000  0.000  0.003
   0.05645     -7.431345  0.002  0.000  0.000  0.003
   0.08467     -7.432541  0.002  0.000  0.000  0.003
   0.11290     -7.433890  0.003  0.000  0.000  0.003
   0.14112     -7.435095  0.003  0.001  0.000  0.004
   0.16935     -7.436130  0.003  0.001  0.000  0.004
   0.19757     -7.436219  0.004  0.001  0.000  0.005
   0.22579     -7.435464  0.004  0.002  0.000  0.006
   0.25402     -7.434282  0.005  0.002  0.000  0.007
   0.28224     -7.439383  0.012  0.010  0.000  0.021
   0.31047     -7.463905  0.000  0.003  0.000  0.003
   0.33869     -7.468283  0.000  0.002  0.000  0.002
   0.36691     -7.471432  0.000  0.002  0.000  0.002
   0.39514     -7.474156  0.000  0.002  0.000  0.002
   0.42336     -7.476466  0.000  0.002  0.000  0.002
   0.45159     -7.478320  0.000  0.002  0.000  0.002
   0.47981     -7.479695  0.000  0.002  0.000  0.002
   0.50804     -7.481098  0.000  0.002  0.000  0.002
   0.53626     -7.481379  0.000  0.002  0.000  0.002
   0.53626     -7.481379  0.000  0.002  0.000  0.002
   0.55622     -7.481292  0.000  0.002  0.000  0.002
   0.57617     -7.481033  0.000  0.002  0.000  0.002
   0.59613     -7.480606  0.000  0.002  0.000  0.002
   0.61609     -7.480017  0.000  0.002  0.000  0.002
   0.63605     -7.479278  0.000  0.002  0.000  0.002
   0.65600     -7.478402  0.000  0.002  0.000  0.002
   0.67596     -7.477409  0.000  0.002  0.000  0.002
   0.69592     -7.476323  0.000  0.002  0.000  0.002
   0.71588     -7.475171  0.000  0.002  0.000  0.002
   0.73584     -7.473985  0.000  0.002  0.000  0.002
   0.75579     -7.472799  0.000  0.002  0.000  0.002
   0.77575     -7.471647  0.000  0.002  0.000  0.002
   0.79571     -7.470565  0.000  0.002  0.000  0.002
   0.81567     -7.469584  0.000  0.002  0.000  0.002
   0.83562     -7.468737  0.000  0.002  0.000  0.002
   0.85558     -7.468049  0.000  0.002  0.000  0.002
   0.87554     -7.467542  0.000  0.002  0.000  0.002
   0.89550     -7.467231  0.000  0.002  0.000  0.002
   0.91545     -7.467127  0.000  0.002  0.000  0.002
   0.91545     -7.467127  0.000  0.002  0.000  0.002
   0.94368     -7.466905  0.000  0.002  0.000  0.002
   0.97190     -7.466244  0.000  0.002  0.000  0.002
   1.00013     -7.465158  0.000  0.002  0.000  0.002
   1.02835     -7.463668  0.000  0.002  0.000  0.002
   1.05657     -7.461811  0.000  0.002  0.000  0.002
   1.08480     -7.459634  0.000  0.002  0.000  0.002
   1.11302     -7.457199  0.000  0.002  0.000  0.002
   1.14125     -7.454564  0.000  0.002  0.000  0.003
   1.16947     -7.451749  0.000  0.003  0.000  0.004
   1.19769     -7.448558  0.000  0.004  0.000  0.004
   1.22592     -7.443766  0.000  0.005  0.000  0.006
   1.25414     -7.435314  0.000  0.005  0.000  0.005
   1.28237     -7.431146  0.000  0.002  0.000  0.003
   1.31059     -7.429023  0.001  0.001  0.000  0.002
   1.33882     -7.427245  0.001  0.000  0.000  0.002
   1.36704     -7.425679  0.001  0.000  0.000  0.002
   1.39526     -7.421756  0.002  0.000  0.000  0.003
   1.42349     -7.417297  0.004  0.002  0.000  0.006
   1.45171     -7.414636  0.004  0.002  0.000  0.006
   1.45171     -7.414636  0.004  0.002  0.000  0.006
   1.47167     -7.415261  0.004  0.002  0.000  0.006
   1.49163     -7.417004  0.004  0.002  0.000  0.006
   1.51159     -7.418667  0.004  0.002  0.000  0.004
   1.53154     -7.419964  0.002  0.000  0.000  0.004
   1.55150     -7.421047  0.002  0.000  0.000  0.003
   1.57146     -7.422041  0.002  0.000  0.000  0.003
   1.59142     -7.423003  0.002  0.000  0.000  0.002
   1.61137     -7.423952  0.002  0.000  0.000  0.002
   1.63133     -7.424884  0.002  0.000  0.000  0.002
   1.65129     -7.425788  0.002  0.000  0.000  0.002
   1.67125     -7.426647  0.002  0.000  0.000  0.002
   1.69120     -7.427444  0.002  0.000  0.000  0.002
   1.71116     -7.428161  0.002  0.000  0.000  0.002
   1.73112     -7.428786  0.002  0.000  0.000  0.002
   1.75108     -7.429306  0.002  0.000  0.000  0.002
   1.77103     -7.429713  0.002  0.000  0.000  0.002
   1.79099     -7.430005  0.002  0.000  0.000  0.002
   1.81095     -7.430179  0.002  0.000  0.000  0.002
   1.83091     -7.430238  0.002  0.000  0.000  0.003
 
# Band-Index:   38
   1.83091     -7.309976  0.010  0.014  0.000  0.026
   1.81095     -7.309725  0.010  0.014  0.000  0.026
   1.79099     -7.308981  0.010  0.014  0.000  0.026
   1.77103     -7.307775  0.010  0.014  0.000  0.026
   1.75108     -7.306153  0.010  0.014  0.000  0.026
   1.73112     -7.304179  0.010  0.014  0.000  0.026
   1.71116     -7.301937  0.010  0.014  0.000  0.026
   1.69120     -7.299523  0.010  0.014  0.000  0.026
   1.67125     -7.297055  0.010  0.014  0.000  0.026
   1.65129     -7.294676  0.010  0.014  0.000  0.026
   1.63133     -7.292564  0.010  0.014  0.000  0.026
   1.61137     -7.290964  0.010  0.014  0.000  0.026
   1.59142     -7.290237  0.010  0.014  0.000  0.024
   1.57146     -7.290989  0.010  0.012  0.000  0.024
   1.55150     -7.294319  0.010  0.012  0.000  0.021
   1.53154     -7.302223  0.008  0.010  0.000  0.018
   1.51159     -7.317493  0.006  0.006  0.000  0.012
   1.49163     -7.341203  0.004  0.004  0.000  0.008
   1.47167     -7.369100  0.002  0.002  0.000  0.004
   1.45171     -7.385742  0.002  0.002  0.000  0.002
   1.45171     -7.385742  0.002  0.002  0.000  0.002
   1.42349     -7.391488  0.002  0.002  0.000  0.002
   1.39526     -7.408153  0.002  0.002  0.000  0.002
   1.36704     -7.423013  0.002  0.000  0.000  0.003
   1.33882     -7.425455  0.002  0.000  0.000  0.003
   1.31059     -7.427375  0.002  0.001  0.000  0.003
   1.28237     -7.429257  0.001  0.001  0.000  0.003
   1.25414     -7.431853  0.000  0.003  0.000  0.003
   1.22592     -7.440498  0.000  0.005  0.000  0.007
   1.19769     -7.447202  0.000  0.004  0.000  0.004
   1.16947     -7.450885  0.000  0.003  0.000  0.004
   1.14125     -7.453841  0.000  0.002  0.000  0.003
   1.11302     -7.456526  0.000  0.002  0.000  0.002
   1.08480     -7.458983  0.000  0.002  0.000  0.002
   1.05657     -7.461170  0.000  0.002  0.000  0.002
   1.02835     -7.463033  0.000  0.002  0.000  0.002
   1.00013     -7.464526  0.000  0.002  0.000  0.002
   0.97190     -7.465615  0.000  0.002  0.000  0.002
   0.94368     -7.466276  0.000  0.002  0.000  0.002
   0.91545     -7.466498  0.000  0.002  0.000  0.002
   0.91545     -7.466498  0.000  0.002  0.000  0.002
   0.89550     -7.466603  0.000  0.002  0.000  0.002
   0.87554     -7.466913  0.000  0.002  0.000  0.002
   0.85558     -7.467420  0.000  0.002  0.000  0.002
   0.83562     -7.468108  0.000  0.002  0.000  0.002
   0.81567     -7.468954  0.000  0.002  0.000  0.002
   0.79571     -7.469934  0.000  0.002  0.000  0.002
   0.77575     -7.471016  0.000  0.002  0.000  0.002
   0.75579     -7.472168  0.000  0.002  0.000  0.002
   0.73584     -7.473355  0.000  0.002  0.000  0.002
   0.71588     -7.474542  0.000  0.002  0.000  0.002
   0.69592     -7.475696  0.000  0.002  0.000  0.002
   0.67596     -7.476784  0.000  0.002  0.000  0.002
   0.65600     -7.477779  0.000  0.002  0.000  0.002
   0.63605     -7.478657  0.000  0.002  0.000  0.002
   0.61609     -7.479399  0.000  0.002  0.000  0.002
   0.59613     -7.479989  0.000  0.002  0.000  0.002
   0.57617     -7.480418  0.000  0.002  0.000  0.002
   0.55622     -7.480678  0.000  0.002  0.000  0.002
   0.53626     -7.480765  0.000  0.002  0.000  0.002
   0.53626     -7.480765  0.000  0.002  0.000  0.002
   0.50804     -7.480485  0.000  0.002  0.000  0.002
   0.47981     -7.477036  0.006  0.004  0.000  0.010
   0.45159     -7.460315  0.006  0.004  0.000  0.012
   0.42336     -7.441351  0.008  0.004  0.000  0.012
   0.39514     -7.431217  0.008  0.003  0.000  0.011
   0.36691     -7.429512  0.007  0.003  0.000  0.010
   0.33869     -7.430046  0.006  0.003  0.000  0.009
   0.31047     -7.431257  0.005  0.003  0.000  0.008
   0.28224     -7.432620  0.005  0.002  0.000  0.007
   0.25402     -7.433688  0.005  0.002  0.000  0.007
   0.22579     -7.434869  0.004  0.002  0.000  0.006
   0.19757     -7.435610  0.004  0.001  0.000  0.005
   0.16935     -7.435553  0.003  0.001  0.000  0.004
   0.14112     -7.421464  0.004  0.010  0.000  0.016
   0.11290     -7.387561  0.008  0.012  0.000  0.022
   0.08467     -7.355661  0.010  0.014  0.000  0.024
   0.05645     -7.330886  0.010  0.014  0.000  0.024
   0.02822     -7.315293  0.010  0.014  0.000  0.026
   0.00000     -7.309976  0.010  0.014  0.000  0.026
 
# Band-Index:   39
   0.00000     -7.053467  0.010  0.016  0.000  0.028
   0.02822     -7.059459  0.010  0.016  0.000  0.028
   0.05645     -7.077051  0.010  0.016  0.000  0.026
   0.08467     -7.105160  0.010  0.016  0.000  0.026
   0.11290     -7.142169  0.010  0.016  0.000  0.026
   0.14112     -7.186142  0.010  0.014  0.000  0.026
   0.16935     -7.235020  0.010  0.014  0.000  0.025
   0.19757     -7.286752  0.010  0.014  0.000  0.024
   0.22579     -7.339343  0.010  0.014  0.000  0.024
   0.25402     -7.390682  0.008  0.012  0.000  0.022
   0.28224     -7.430926  0.001  0.003  0.000  0.005
   0.31047     -7.430189  0.004  0.003  0.000  0.006
   0.33869     -7.428539  0.004  0.003  0.000  0.007
   0.36691     -7.426906  0.005  0.003  0.000  0.008
   0.39514     -7.425393  0.005  0.002  0.000  0.007
   0.42336     -7.424070  0.006  0.002  0.000  0.008
   0.45159     -7.422988  0.006  0.002  0.000  0.008
   0.47981     -7.422187  0.005  0.002  0.000  0.009
   0.50804     -7.421695  0.005  0.003  0.000  0.009
   0.53626     -7.421530  0.005  0.003  0.000  0.009
   0.53626     -7.421530  0.005  0.003  0.000  0.009
   0.55622     -7.421550  0.005  0.003  0.000  0.009
   0.57617     -7.421609  0.005  0.003  0.000  0.008
   0.59613     -7.421705  0.005  0.003  0.000  0.008
   0.61609     -7.421834  0.005  0.003  0.000  0.008
   0.63605     -7.421991  0.005  0.003  0.000  0.008
   0.65600     -7.422170  0.005  0.003  0.000  0.008
   0.67596     -7.422365  0.005  0.003  0.000  0.008
   0.69592     -7.422570  0.005  0.003  0.000  0.007
   0.71588     -7.422779  0.004  0.003  0.000  0.007
   0.73584     -7.422989  0.005  0.003  0.000  0.008
   0.75579     -7.423195  0.005  0.003  0.000  0.008
   0.77575     -7.423396  0.005  0.002  0.000  0.007
   0.79571     -7.423589  0.004  0.003  0.000  0.008
   0.81567     -7.423773  0.004  0.003  0.000  0.007
   0.83562     -7.423943  0.004  0.003  0.000  0.007
   0.85558     -7.424093  0.004  0.003  0.000  0.007
   0.87554     -7.424209  0.004  0.003  0.000  0.007
   0.89550     -7.424283  0.004  0.003  0.000  0.007
   0.91545     -7.424308  0.004  0.003  0.000  0.007
   0.91545     -7.424308  0.004  0.003  0.000  0.007
   0.94368     -7.424411  0.004  0.003  0.000  0.007
   0.97190     -7.424716  0.004  0.003  0.000  0.007
   1.00013     -7.425211  0.004  0.003  0.000  0.007
   1.02835     -7.425874  0.004  0.003  0.000  0.006
   1.05657     -7.426673  0.004  0.002  0.000  0.006
   1.08480     -7.427559  0.004  0.002  0.000  0.006
   1.11302     -7.428462  0.003  0.002  0.000  0.006
   1.14125     -7.429275  0.003  0.002  0.000  0.005
   1.16947     -7.429835  0.003  0.002  0.000  0.005
   1.19769     -7.429854  0.004  0.001  0.000  0.005
   1.22592     -7.428461  0.006  0.001  0.000  0.007
   1.25414     -7.419106  0.011  0.006  0.000  0.016
   1.28237     -7.388829  0.013  0.011  0.000  0.026
   1.31059     -7.350877  0.013  0.013  0.000  0.028
   1.33882     -7.314049  0.014  0.015  0.000  0.030
   1.36704     -7.282146  0.014  0.015  0.000  0.030
   1.39526     -7.257612  0.014  0.017  0.000  0.031
   1.42349     -7.242173  0.014  0.017  0.000  0.031
   1.45171     -7.236905  0.014  0.017  0.000  0.031
   1.45171     -7.236905  0.014  0.017  0.000  0.031
   1.47167     -7.234565  0.014  0.017  0.000  0.031
   1.49163     -7.227337  0.013  0.016  0.000  0.029
   1.51159     -7.215168  0.012  0.015  0.000  0.028
   1.53154     -7.200195  0.012  0.015  0.000  0.027
   1.55150     -7.184769  0.012  0.015  0.000  0.027
   1.57146     -7.169399  0.012  0.015  0.000  0.026
   1.59142     -7.154269  0.012  0.016  0.000  0.026
   1.61137     -7.139619  0.010  0.016  0.000  0.026
   1.63133     -7.125679  0.010  0.016  0.000  0.026
   1.65129     -7.112647  0.010  0.016  0.000  0.026
   1.67125     -7.100680  0.010  0.016  0.000  0.026
   1.69120     -7.089900  0.010  0.016  0.000  0.026
   1.71116     -7.080406  0.010  0.016  0.000  0.026
   1.73112     -7.072270  0.010  0.016  0.000  0.027
   1.75108     -7.065549  0.010  0.016  0.000  0.027
   1.77103     -7.060283  0.010  0.016  0.000  0.028
   1.79099     -7.056502  0.010  0.016  0.000  0.028
   1.81095     -7.054227  0.010  0.016  0.000  0.028
   1.83091     -7.053467  0.010  0.016  0.000  0.028
 
# Band-Index:   40
   1.83091     -6.761189  0.004  0.006  0.000  0.010
   1.81095     -6.763734  0.004  0.006  0.000  0.010
   1.79099     -6.771322  0.004  0.006  0.000  0.010
   1.77103     -6.783821  0.004  0.006  0.000  0.010
   1.75108     -6.801013  0.004  0.006  0.000  0.010
   1.73112     -6.822612  0.004  0.006  0.000  0.010
   1.71116     -6.848263  0.004  0.006  0.000  0.010
   1.69120     -6.877563  0.004  0.006  0.000  0.010
   1.67125     -6.910060  0.004  0.006  0.000  0.010
   1.65129     -6.945258  0.004  0.006  0.000  0.010
   1.63133     -6.982610  0.004  0.006  0.000  0.010
   1.61137     -7.021492  0.004  0.006  0.000  0.010
   1.59142     -7.061134  0.004  0.006  0.000  0.010
   1.57146     -7.100477  0.004  0.006  0.000  0.012
   1.55150     -7.137838  0.006  0.008  0.000  0.014
   1.53154     -7.170377  0.008  0.010  0.000  0.018
   1.51159     -7.194429  0.010  0.012  0.000  0.023
   1.49163     -7.209212  0.011  0.013  0.000  0.025
   1.47167     -7.217110  0.012  0.015  0.000  0.027
   1.45171     -7.219610  0.012  0.015  0.000  0.028
   1.45171     -7.219610  0.012  0.015  0.000  0.028
   1.42349     -7.225046  0.012  0.015  0.000  0.028
   1.39526     -7.240973  0.013  0.015  0.000  0.028
   1.36704     -7.266283  0.013  0.015  0.000  0.027
   1.33882     -7.299232  0.013  0.013  0.000  0.026
   1.31059     -7.337455  0.013  0.013  0.000  0.026
   1.28237     -7.377598  0.011  0.011  0.000  0.024
   1.25414     -7.413143  0.011  0.007  0.000  0.019
   1.22592     -7.427655  0.006  0.001  0.000  0.007
   1.19769     -7.429167  0.004  0.001  0.000  0.005
   1.16947     -7.429149  0.003  0.002  0.000  0.005
   1.14125     -7.428597  0.003  0.002  0.000  0.005
   1.11302     -7.427795  0.003  0.002  0.000  0.006
   1.08480     -7.426902  0.004  0.002  0.000  0.006
   1.05657     -7.426025  0.004  0.002  0.000  0.006
   1.02835     -7.425233  0.004  0.003  0.000  0.006
   1.00013     -7.424575  0.004  0.003  0.000  0.007
   0.97190     -7.424083  0.004  0.003  0.000  0.007
   0.94368     -7.423781  0.004  0.003  0.000  0.007
   0.91545     -7.423678  0.004  0.003  0.000  0.007
   0.91545     -7.423678  0.004  0.003  0.000  0.007
   0.89550     -7.423658  0.004  0.003  0.000  0.007
   0.87554     -7.423597  0.004  0.003  0.000  0.007
   0.85558     -7.423492  0.004  0.003  0.000  0.007
   0.83562     -7.423338  0.004  0.003  0.000  0.007
   0.81567     -7.423131  0.004  0.003  0.000  0.007
   0.79571     -7.422869  0.004  0.003  0.000  0.008
   0.77575     -7.422557  0.005  0.002  0.000  0.007
   0.75579     -7.422204  0.005  0.003  0.000  0.007
   0.73584     -7.421818  0.004  0.003  0.000  0.008
   0.71588     -7.421406  0.004  0.003  0.000  0.007
   0.69592     -7.420976  0.004  0.003  0.000  0.007
   0.67596     -7.420532  0.005  0.003  0.000  0.007
   0.65600     -7.420080  0.005  0.003  0.000  0.008
   0.63605     -7.419624  0.005  0.003  0.000  0.008
   0.61609     -7.419176  0.005  0.003  0.000  0.007
   0.59613     -7.418756  0.005  0.003  0.000  0.007
   0.57617     -7.418400  0.005  0.003  0.000  0.007
   0.55622     -7.418156  0.004  0.003  0.000  0.007
   0.53626     -7.418068  0.004  0.003  0.000  0.007
   0.53626     -7.418068  0.004  0.003  0.000  0.007
   0.50804     -7.418066  0.004  0.003  0.000  0.007
   0.47981     -7.417934  0.003  0.003  0.000  0.007
   0.45159     -7.417004  0.002  0.003  0.000  0.005
   0.42336     -7.411863  0.000  0.004  0.000  0.004
   0.39514     -7.391599  0.000  0.004  0.000  0.006
   0.36691     -7.356840  0.002  0.004  0.000  0.006
   0.33869     -7.314145  0.002  0.004  0.000  0.008
   0.31047     -7.265576  0.002  0.005  0.000  0.008
   0.28224     -7.212246  0.004  0.006  0.000  0.008
   0.25402     -7.155229  0.004  0.006  0.000  0.008
   0.22579     -7.095759  0.004  0.006  0.000  0.008
   0.19757     -7.035311  0.004  0.006  0.000  0.009
   0.16935     -6.975641  0.004  0.006  0.000  0.010
   0.14112     -6.918819  0.004  0.006  0.000  0.010
   0.11290     -6.867194  0.004  0.006  0.000  0.010
   0.08467     -6.823302  0.004  0.006  0.000  0.010
   0.05645     -6.789653  0.004  0.006  0.000  0.010
   0.02822     -6.768442  0.004  0.006  0.000  0.010
   0.00000     -6.761189  0.004  0.006  0.000  0.010
 
# Band-Index:   41
   0.00000     -3.984989  0.000  0.000  0.000  0.000
   0.02822     -3.972100  0.000  0.000  0.000  0.000
   0.05645     -3.934217  0.000  0.000  0.000  0.000
   0.08467     -3.873653  0.000  0.002  0.000  0.002
   0.11290     -3.826518  0.000  0.002  0.000  0.004
   0.14112     -3.821599  0.000  0.002  0.000  0.002
   0.16935     -3.815584  0.000  0.002  0.000  0.002
   0.19757     -3.808642  0.000  0.002  0.000  0.002
   0.22579     -3.800966  0.000  0.002  0.000  0.002
   0.25402     -3.792777  0.000  0.002  0.000  0.002
   0.28224     -3.784305  0.000  0.002  0.000  0.002
   0.31047     -3.775794  0.000  0.002  0.000  0.002
   0.33869     -3.767490  0.000  0.002  0.000  0.002
   0.36691     -3.759643  0.000  0.002  0.000  0.002
   0.39514     -3.752500  0.000  0.002  0.000  0.002
   0.42336     -3.746290  0.000  0.002  0.000  0.002
   0.45159     -3.741225  0.000  0.002  0.000  0.002
   0.47981     -3.737475  0.000  0.002  0.000  0.002
   0.50804     -3.735171  0.000  0.002  0.000  0.003
   0.53626     -3.734398  0.000  0.002  0.000  0.004
   0.53626     -3.734398  0.000  0.002  0.000  0.004
   0.55622     -3.733171  0.000  0.002  0.000  0.004
   0.57617     -3.729541  0.000  0.004  0.000  0.004
   0.59613     -3.723632  0.000  0.004  0.000  0.004
   0.61609     -3.715642  0.000  0.004  0.000  0.006
   0.63605     -3.705842  0.000  0.006  0.000  0.006
   0.65600     -3.694572  0.000  0.006  0.000  0.006
   0.67596     -3.682228  0.000  0.006  0.000  0.008
   0.69592     -3.669276  0.000  0.008  0.000  0.008
   0.71588     -3.656237  0.000  0.006  0.000  0.008
   0.73584     -3.643672  0.000  0.006  0.000  0.006
   0.75579     -3.632143  0.000  0.004  0.000  0.006
   0.77575     -3.622103  0.000  0.004  0.000  0.004
   0.79571     -3.613820  0.000  0.004  0.000  0.004
   0.81567     -3.607326  0.000  0.004  0.000  0.004
   0.83562     -3.602484  0.000  0.004  0.000  0.004
   0.85558     -3.599062  0.000  0.004  0.000  0.004
   0.87554     -3.596815  0.000  0.006  0.000  0.006
   0.89550     -3.595551  0.000  0.006  0.000  0.006
   0.91545     -3.595141  0.000  0.006  0.000  0.006
   0.91545     -3.595141  0.000  0.006  0.000  0.006
   0.94368     -3.596404  0.000  0.006  0.000  0.006
   0.97190     -3.600135  0.000  0.006  0.000  0.006
   1.00013     -3.606189  0.000  0.006  0.000  0.006
   1.02835     -3.614325  0.000  0.006  0.000  0.006
   1.05657     -3.624239  0.000  0.006  0.000  0.006
   1.08480     -3.635572  0.000  0.006  0.000  0.006
   1.11302     -3.647940  0.000  0.006  0.000  0.006
   1.14125     -3.660947  0.000  0.006  0.000  0.006
   1.16947     -3.674204  0.000  0.006  0.000  0.006
   1.19769     -3.687332  0.000  0.006  0.000  0.006
   1.22592     -3.699985  0.000  0.006  0.000  0.006
   1.25414     -3.711844  0.000  0.006  0.000  0.006
   1.28237     -3.722637  0.000  0.006  0.000  0.006
   1.31059     -3.732224  0.000  0.006  0.000  0.006
   1.33882     -3.761272  0.000  0.000  0.000  0.000
   1.36704     -3.838465  0.000  0.000  0.000  0.000
   1.39526     -3.897711  0.000  0.000  0.000  0.000
   1.42349     -3.934321  0.000  0.000  0.000  0.000
   1.45171     -3.946703  0.000  0.000  0.000  0.000
   1.45171     -3.946703  0.000  0.000  0.000  0.000
   1.47167     -3.946834  0.000  0.000  0.000  0.000
   1.49163     -3.947333  0.000  0.000  0.000  0.000
   1.51159     -3.948512  0.000  0.000  0.000  0.000
   1.53154     -3.950653  0.000  0.000  0.000  0.000
   1.55150     -3.953583  0.000  0.000  0.000  0.000
   1.57146     -3.956935  0.000  0.000  0.000  0.000
   1.59142     -3.960447  0.000  0.000  0.000  0.000
   1.61137     -3.963941  0.000  0.000  0.000  0.000
   1.63133     -3.967316  0.000  0.000  0.000  0.000
   1.65129     -3.970492  0.000  0.000  0.000  0.000
   1.67125     -3.973419  0.000  0.000  0.000  0.000
   1.69120     -3.976061  0.000  0.000  0.000  0.000
   1.71116     -3.978389  0.000  0.000  0.000  0.000
   1.73112     -3.980383  0.000  0.000  0.000  0.000
   1.75108     -3.982030  0.000  0.000  0.000  0.000
   1.77103     -3.983319  0.000  0.000  0.000  0.000
   1.79099     -3.984245  0.000  0.000  0.000  0.000
   1.81095     -3.984802  0.000  0.000  0.000  0.000
   1.83091     -3.984989  0.000  0.000  0.000  0.000
 
# Band-Index:   42
   1.83091     -3.940590  0.000  0.000  0.000  0.000
   1.81095     -3.940618  0.000  0.000  0.000  0.000
   1.79099     -3.940700  0.000  0.000  0.000  0.000
   1.77103     -3.940833  0.000  0.000  0.000  0.000
   1.75108     -3.941015  0.000  0.000  0.000  0.000
   1.73112     -3.941237  0.000  0.000  0.000  0.000
   1.71116     -3.941494  0.000  0.000  0.000  0.000
   1.69120     -3.941773  0.000  0.000  0.000  0.000
   1.67125     -3.942068  0.000  0.000  0.000  0.000
   1.65129     -3.942367  0.000  0.000  0.000  0.000
   1.63133     -3.942655  0.000  0.000  0.000  0.000
   1.61137     -3.942914  0.000  0.000  0.000  0.000
   1.59142     -3.943124  0.000  0.000  0.000  0.000
   1.57146     -3.943248  0.000  0.000  0.000  0.000
   1.55150     -3.943224  0.000  0.000  0.000  0.000
   1.53154     -3.942923  0.000  0.000  0.000  0.000
   1.51159     -3.942168  0.000  0.000  0.000  0.000
   1.49163     -3.941013  0.000  0.000  0.000  0.000
   1.47167     -3.939979  0.000  0.000  0.000  0.000
   1.45171     -3.939574  0.000  0.000  0.000  0.000
   1.45171     -3.939574  0.000  0.000  0.000  0.000
   1.42349     -3.927646  0.000  0.000  0.000  0.000
   1.39526     -3.892432  0.000  0.000  0.000  0.000
   1.36704     -3.835675  0.000  0.000  0.000  0.000
   1.33882     -3.759135  0.000  0.000  0.000  0.000
   1.31059     -3.672766  0.000  0.000  0.000  0.000
   1.28237     -3.595372  0.000  0.004  0.000  0.004
   1.25414     -3.556131  0.000  0.006  0.000  0.008
   1.22592     -3.534924  0.000  0.008  0.000  0.008
   1.19769     -3.517607  0.000  0.008  0.000  0.008
   1.16947     -3.501324  0.000  0.008  0.000  0.008
   1.14125     -3.485554  0.000  0.008  0.000  0.009
   1.11302     -3.470373  0.000  0.008  0.000  0.010
   1.08480     -3.456065  0.000  0.008  0.000  0.010
   1.05657     -3.443004  0.000  0.008  0.000  0.010
   1.02835     -3.431587  0.000  0.008  0.000  0.010
   1.00013     -3.422215  0.000  0.008  0.000  0.010
   0.97190     -3.415233  0.000  0.008  0.000  0.010
   0.94368     -3.410926  0.000  0.008  0.000  0.010
   0.91545     -3.409469  0.000  0.008  0.000  0.010
   0.91545     -3.409469  0.000  0.008  0.000  0.010
   0.89550     -3.413260  0.000  0.010  0.000  0.010
   0.87554     -3.423598  0.000  0.012  0.000  0.013
   0.85558     -3.438238  0.000  0.014  0.000  0.016
   0.83562     -3.454989  0.000  0.016  0.000  0.018
   0.81567     -3.472210  0.000  0.016  0.000  0.018
   0.79571     -3.488790  0.000  0.016  0.000  0.016
   0.77575     -3.504024  0.000  0.014  0.000  0.014
   0.75579     -3.517566  0.000  0.010  0.000  0.012
   0.73584     -3.529358  0.000  0.008  0.000  0.008
   0.71588     -3.539537  0.000  0.006  0.000  0.006
   0.69592     -3.548302  0.000  0.006  0.000  0.006
   0.67596     -3.555836  0.000  0.006  0.000  0.006
   0.65600     -3.562257  0.000  0.006  0.000  0.007
   0.63605     -3.567635  0.000  0.008  0.000  0.008
   0.61609     -3.572005  0.000  0.010  0.000  0.010
   0.59613     -3.575381  0.000  0.012  0.000  0.012
   0.57617     -3.577782  0.000  0.013  0.000  0.014
   0.55622     -3.579217  0.000  0.014  0.000  0.014
   0.53626     -3.579699  0.000  0.014  0.000  0.014
   0.53626     -3.579699  0.000  0.014  0.000  0.014
   0.50804     -3.580592  0.000  0.014  0.000  0.014
   0.47981     -3.583255  0.000  0.014  0.000  0.014
   0.45159     -3.587575  0.000  0.014  0.000  0.014
   0.42336     -3.593384  0.000  0.014  0.000  0.014
   0.39514     -3.600469  0.000  0.014  0.000  0.014
   0.36691     -3.608581  0.000  0.014  0.000  0.014
   0.33869     -3.617452  0.000  0.014  0.000  0.014
   0.31047     -3.626811  0.000  0.013  0.000  0.014
   0.28224     -3.636406  0.000  0.012  0.000  0.014
   0.25402     -3.646006  0.000  0.012  0.000  0.014
   0.22579     -3.655457  0.000  0.012  0.000  0.012
   0.19757     -3.664786  0.000  0.011  0.000  0.012
   0.16935     -3.674835  0.000  0.010  0.000  0.010
   0.14112     -3.700962  0.000  0.004  0.000  0.005
   0.11290     -3.794146  0.000  0.002  0.000  0.002
   0.08467     -3.837011  0.000  0.000  0.000  0.000
   0.05645     -3.893519  0.000  0.000  0.000  0.000
   0.02822     -3.928674  0.000  0.000  0.000  0.000
   0.00000     -3.940590  0.000  0.000  0.000  0.000
 
# Band-Index:   43
   0.00000     -3.834416  0.000  0.004  0.000  0.004
   0.02822     -3.834012  0.000  0.004  0.000  0.004
   0.05645     -3.832679  0.000  0.004  0.000  0.004
   0.08467     -3.830193  0.000  0.002  0.000  0.004
   0.11290     -3.763245  0.000  0.000  0.000  0.000
   0.14112     -3.694948  0.000  0.003  0.000  0.004
   0.16935     -3.601562  0.000  0.008  0.000  0.009
   0.19757     -3.507448  0.000  0.014  0.000  0.015
   0.22579     -3.438137  0.000  0.014  0.000  0.016
   0.25402     -3.404868  0.000  0.008  0.000  0.008
   0.28224     -3.386842  0.000  0.006  0.000  0.006
   0.31047     -3.372868  0.000  0.006  0.000  0.006
   0.33869     -3.360563  0.000  0.004  0.000  0.004
   0.36691     -3.349447  0.000  0.004  0.000  0.004
   0.39514     -3.339528  0.000  0.004  0.000  0.004
   0.42336     -3.330978  0.000  0.004  0.000  0.004
   0.45159     -3.324022  0.000  0.004  0.000  0.004
   0.47981     -3.318872  0.000  0.004  0.000  0.004
   0.50804     -3.315706  0.000  0.004  0.000  0.004
   0.53626     -3.314640  0.000  0.004  0.000  0.004
   0.53626     -3.314640  0.000  0.004  0.000  0.004
   0.55622     -3.314169  0.000  0.006  0.000  0.006
   0.57617     -3.312741  0.000  0.008  0.000  0.008
   0.59613     -3.310305  0.000  0.012  0.000  0.012
   0.61609     -3.306760  0.000  0.016  0.000  0.018
   0.63605     -3.301964  0.000  0.022  0.000  0.024
   0.65600     -3.295716  0.000  0.028  0.000  0.030
   0.67596     -3.287778  0.002  0.034  0.000  0.036
   0.69592     -3.277880  0.002  0.040  0.000  0.042
   0.71588     -3.265760  0.002  0.044  0.000  0.046
   0.73584     -3.251213  0.002  0.048  0.000  0.050
   0.75579     -3.234170  0.002  0.048  0.000  0.050
   0.77575     -3.214843  0.002  0.046  0.000  0.048
   0.79571     -3.194152  0.002  0.040  0.000  0.040
   0.81567     -3.175327  0.000  0.026  0.000  0.026
   0.83562     -3.167890  0.000  0.012  0.000  0.012
   0.85558     -3.176368  0.000  0.020  0.000  0.020
   0.87554     -3.189709  0.000  0.030  0.000  0.030
   0.89550     -3.200297  0.002  0.036  0.000  0.038
   0.91545     -3.204288  0.002  0.040  0.000  0.040
   0.91545     -3.204288  0.002  0.040  0.000  0.040
   0.94368     -3.205787  0.002  0.040  0.000  0.040
   0.97190     -3.210224  0.002  0.038  0.000  0.040
   1.00013     -3.217464  0.002  0.038  0.000  0.040
   1.02835     -3.227300  0.002  0.038  0.000  0.038
   1.05657     -3.239516  0.002  0.036  0.000  0.038
   1.08480     -3.253954  0.002  0.034  0.000  0.036
   1.11302     -3.270639  0.002  0.033  0.000  0.034
   1.14125     -3.289987  0.000  0.030  0.000  0.032
   1.16947     -3.313322  0.000  0.026  0.000  0.028
   1.19769     -3.344097  0.000  0.022  0.000  0.022
   1.22592     -3.390222  0.000  0.014  0.000  0.014
   1.25414     -3.462894  0.000  0.006  0.000  0.006
   1.28237     -3.560383  0.000  0.002  0.000  0.002
   1.31059     -3.664047  0.000  0.000  0.000  0.000
   1.33882     -3.738585  0.000  0.004  0.000  0.004
   1.36704     -3.764747  0.000  0.000  0.000  0.000
   1.39526     -3.821578  0.000  0.000  0.000  0.000
   1.42349     -3.856705  0.000  0.000  0.000  0.000
   1.45171     -3.868590  0.000  0.000  0.000  0.000
   1.45171     -3.868590  0.000  0.000  0.000  0.000
   1.47167     -3.867886  0.000  0.000  0.000  0.000
   1.49163     -3.865854  0.000  0.000  0.000  0.000
   1.51159     -3.862702  0.000  0.000  0.000  0.000
   1.53154     -3.858697  0.000  0.000  0.000  0.000
   1.55150     -3.854100  0.000  0.000  0.000  0.000
   1.57146     -3.849133  0.000  0.000  0.000  0.000
   1.59142     -3.843990  0.000  0.000  0.000  0.000
   1.61137     -3.838825  0.000  0.000  0.000  0.000
   1.63133     -3.833762  0.000  0.000  0.000  0.000
   1.65129     -3.828913  0.000  0.000  0.000  0.000
   1.67125     -3.824362  0.000  0.000  0.000  0.000
   1.69120     -3.820188  0.000  0.000  0.000  0.000
   1.71116     -3.816452  0.000  0.000  0.000  0.000
   1.73112     -3.813559  0.000  0.006  0.000  0.006
   1.75108     -3.820653  0.000  0.006  0.000  0.006
   1.77103     -3.826488  0.000  0.004  0.000  0.006
   1.79099     -3.830831  0.000  0.004  0.000  0.004
   1.81095     -3.833512  0.000  0.004  0.000  0.004
   1.83091     -3.834416  0.000  0.004  0.000  0.004
 
# Band-Index:   44
   1.83091     -3.805557  0.000  0.000  0.000  0.000
   1.81095     -3.805870  0.000  0.000  0.000  0.000
   1.79099     -3.806807  0.000  0.000  0.000  0.000
   1.77103     -3.808355  0.000  0.000  0.000  0.000
   1.75108     -3.810497  0.000  0.000  0.000  0.000
   1.73112     -3.813207  0.000  0.000  0.000  0.000
   1.71116     -3.805494  0.000  0.008  0.000  0.008
   1.69120     -3.796805  0.000  0.008  0.000  0.008
   1.67125     -3.787901  0.000  0.008  0.000  0.008
   1.65129     -3.779250  0.000  0.006  0.000  0.008
   1.63133     -3.771353  0.000  0.006  0.000  0.006
   1.61137     -3.764673  0.000  0.004  0.000  0.006
   1.59142     -3.759517  0.000  0.004  0.000  0.004
   1.57146     -3.755941  0.000  0.004  0.000  0.004
   1.55150     -3.753758  0.000  0.004  0.000  0.004
   1.53154     -3.752630  0.000  0.004  0.000  0.004
   1.51159     -3.752187  0.000  0.004  0.000  0.006
   1.49163     -3.752107  0.000  0.006  0.000  0.006
   1.47167     -3.752153  0.000  0.006  0.000  0.006
   1.45171     -3.752186  0.000  0.006  0.000  0.006
   1.45171     -3.752186  0.000  0.006  0.000  0.006
   1.42349     -3.751563  0.000  0.006  0.000  0.006
   1.39526     -3.749415  0.000  0.006  0.000  0.006
   1.36704     -3.745322  0.000  0.006  0.000  0.006
   1.33882     -3.688689  0.000  0.000  0.000  0.000
   1.31059     -3.596720  0.000  0.002  0.000  0.002
   1.28237     -3.494482  0.000  0.006  0.000  0.006
   1.25414     -3.401161  0.000  0.002  0.000  0.002
   1.22592     -3.282951  0.000  0.002  0.000  0.002
   1.19769     -3.179181  0.002  0.037  0.000  0.038
   1.16947     -3.146445  0.002  0.039  0.000  0.040
   1.14125     -3.124555  0.002  0.038  0.000  0.039
   1.11302     -3.105810  0.002  0.036  0.000  0.038
   1.08480     -3.088889  0.002  0.036  0.000  0.038
   1.05657     -3.073673  0.002  0.036  0.000  0.038
   1.02835     -3.060411  0.002  0.036  0.000  0.038
   1.00013     -3.049491  0.002  0.037  0.000  0.038
   0.97190     -3.041321  0.002  0.038  0.000  0.038
   0.94368     -3.036260  0.002  0.038  0.000  0.039
   0.91545     -3.034542  0.002  0.038  0.000  0.039
   0.91545     -3.034542  0.002  0.038  0.000  0.039
   0.89550     -3.043245  0.002  0.042  0.000  0.044
   0.87554     -3.064070  0.002  0.054  0.000  0.056
   0.85558     -3.088083  0.002  0.064  0.000  0.066
   0.83562     -3.105839  0.002  0.068  0.000  0.072
   0.81567     -3.106432  0.002  0.052  0.000  0.054
   0.79571     -3.095349  0.000  0.032  0.000  0.034
   0.77575     -3.083386  0.000  0.022  0.000  0.022
   0.75579     -3.075008  0.000  0.016  0.000  0.018
   0.73584     -3.071812  0.000  0.018  0.000  0.018
   0.71588     -3.073778  0.000  0.024  0.000  0.025
   0.69592     -3.079806  0.000  0.034  0.000  0.034
   0.67596     -3.088355  0.002  0.042  0.000  0.044
   0.65600     -3.097965  0.002  0.052  0.000  0.054
   0.63605     -3.107482  0.002  0.060  0.000  0.062
   0.61609     -3.116080  0.002  0.066  0.000  0.068
   0.59613     -3.123204  0.002  0.070  0.000  0.072
   0.57617     -3.128501  0.002  0.074  0.000  0.076
   0.55622     -3.131757  0.002  0.076  0.000  0.078
   0.53626     -3.132854  0.002  0.076  0.000  0.078
   0.53626     -3.132854  0.002  0.076  0.000  0.078
   0.50804     -3.134630  0.002  0.076  0.000  0.078
   0.47981     -3.139904  0.002  0.076  0.000  0.078
   0.45159     -3.148535  0.002  0.074  0.000  0.076
   0.42336     -3.160356  0.002  0.072  0.000  0.075
   0.39514     -3.175270  0.002  0.070  0.000  0.072
   0.36691     -3.193378  0.002  0.068  0.000  0.070
   0.33869     -3.215194  0.002  0.064  0.000  0.066
   0.31047     -3.241938  0.002  0.058  0.000  0.060
   0.28224     -3.275848  0.002  0.050  0.000  0.052
   0.25402     -3.319304  0.002  0.036  0.000  0.038
   0.22579     -3.366572  0.000  0.018  0.000  0.018
   0.19757     -3.438696  0.000  0.012  0.000  0.012
   0.16935     -3.550741  0.000  0.010  0.000  0.010
   0.14112     -3.643584  0.000  0.014  0.000  0.014
   0.11290     -3.674468  0.000  0.014  0.000  0.016
   0.08467     -3.701997  0.000  0.000  0.000  0.000
   0.05645     -3.758873  0.000  0.000  0.000  0.000
   0.02822     -3.793786  0.000  0.000  0.000  0.000
   0.00000     -3.805557  0.000  0.000  0.000  0.000
 
# Band-Index:   45
   0.00000     -3.687962  0.000  0.010  0.000  0.012
   0.02822     -3.687597  0.000  0.012  0.000  0.012
   0.05645     -3.685927  0.000  0.012  0.000  0.012
   0.08467     -3.682133  0.000  0.012  0.000  0.014
   0.11290     -3.625033  0.000  0.000  0.000  0.000
   0.14112     -3.530424  0.000  0.000  0.000  0.000
   0.16935     -3.421147  0.000  0.002  0.000  0.002
   0.19757     -3.397853  0.000  0.006  0.000  0.006
   0.22579     -3.322161  0.000  0.018  0.000  0.018
   0.25402     -3.208016  0.002  0.027  0.000  0.028
   0.28224     -3.102549  0.002  0.040  0.000  0.042
   0.31047     -3.010930  0.002  0.058  0.000  0.060
   0.33869     -2.935859  0.002  0.076  0.000  0.078
   0.36691     -2.877022  0.002  0.092  0.000  0.094
   0.39514     -2.832095  0.002  0.102  0.000  0.104
   0.42336     -2.798366  0.002  0.106  0.000  0.108
   0.45159     -2.773713  0.002  0.106  0.000  0.108
   0.47981     -2.756784  0.002  0.101  0.000  0.104
   0.50804     -2.746842  0.002  0.096  0.000  0.098
   0.53626     -2.743561  0.002  0.096  0.000  0.098
   0.53626     -2.743561  0.002  0.096  0.000  0.098
   0.55622     -2.743128  0.002  0.094  0.000  0.096
   0.57617     -2.741999  0.002  0.088  0.000  0.090
   0.59613     -2.740810  0.002  0.075  0.000  0.076
   0.61609     -2.741402  0.000  0.058  0.000  0.058
   0.63605     -2.746404  0.000  0.052  0.000  0.053
   0.65600     -2.755228  0.002  0.062  0.000  0.063
   0.67596     -2.765627  0.002  0.076  0.000  0.078
   0.69592     -2.775818  0.002  0.091  0.000  0.093
   0.71588     -2.784112  0.002  0.104  0.000  0.107
   0.73584     -2.788867  0.002  0.115  0.000  0.118
   0.75579     -2.788899  0.002  0.120  0.000  0.122
   0.77575     -2.783984  0.002  0.118  0.000  0.121
   0.79571     -2.774985  0.002  0.112  0.000  0.114
   0.81567     -2.763482  0.002  0.104  0.000  0.106
   0.83562     -2.772071  0.000  0.052  0.000  0.054
   0.85558     -2.801357  0.002  0.062  0.000  0.062
   0.87554     -2.831208  0.002  0.072  0.000  0.074
   0.89550     -2.855403  0.002  0.084  0.000  0.086
   0.91545     -2.865251  0.002  0.088  0.000  0.090
   0.91545     -2.865251  0.002  0.088  0.000  0.090
   0.94368     -2.866690  0.002  0.088  0.000  0.090
   0.97190     -2.870905  0.002  0.088  0.000  0.090
   1.00013     -2.877644  0.002  0.086  0.000  0.088
   1.02835     -2.886614  0.002  0.084  0.000  0.086
   1.05657     -2.897592  0.002  0.082  0.000  0.084
   1.08480     -2.910630  0.002  0.078  0.000  0.080
   1.11302     -2.926955  0.002  0.068  0.000  0.070
   1.14125     -2.959065  0.000  0.014  0.000  0.016
   1.16947     -3.045415  0.000  0.002  0.000  0.002
   1.19769     -3.160253  0.000  0.002  0.000  0.002
   1.22592     -3.260369  0.000  0.012  0.000  0.014
   1.25414     -3.378562  0.000  0.004  0.000  0.004
   1.28237     -3.492508  0.000  0.002  0.000  0.002
   1.31059     -3.537777  0.000  0.008  0.000  0.009
   1.33882     -3.555849  0.000  0.010  0.000  0.010
   1.36704     -3.566529  0.000  0.010  0.000  0.010
   1.39526     -3.604048  0.000  0.010  0.000  0.010
   1.42349     -3.635794  0.000  0.008  0.000  0.009
   1.45171     -3.646657  0.000  0.008  0.000  0.008
   1.45171     -3.646657  0.000  0.008  0.000  0.008
   1.47167     -3.646472  0.000  0.008  0.000  0.008
   1.49163     -3.645923  0.000  0.008  0.000  0.008
   1.51159     -3.645022  0.000  0.008  0.000  0.008
   1.53154     -3.643794  0.000  0.008  0.000  0.008
   1.55150     -3.642274  0.000  0.008  0.000  0.008
   1.57146     -3.640501  0.000  0.007  0.000  0.007
   1.59142     -3.643208  0.000  0.014  0.000  0.014
   1.61137     -3.651882  0.000  0.012  0.000  0.012
   1.63133     -3.658910  0.000  0.008  0.000  0.010
   1.65129     -3.664551  0.000  0.006  0.000  0.006
   1.67125     -3.669185  0.000  0.006  0.000  0.006
   1.69120     -3.673156  0.000  0.004  0.000  0.005
   1.71116     -3.676672  0.000  0.006  0.000  0.006
   1.73112     -3.679818  0.000  0.006  0.000  0.006
   1.75108     -3.682566  0.000  0.008  0.000  0.008
   1.77103     -3.684838  0.000  0.008  0.000  0.010
   1.79099     -3.686544  0.000  0.010  0.000  0.010
   1.81095     -3.687605  0.000  0.010  0.000  0.012
   1.83091     -3.687962  0.000  0.010  0.000  0.012
 
# Band-Index:   46
   1.83091     -3.619545  0.000  0.007  0.000  0.008
   1.81095     -3.619731  0.000  0.007  0.000  0.008
   1.79099     -3.620281  0.000  0.008  0.000  0.008
   1.77103     -3.621181  0.000  0.007  0.000  0.008
   1.75108     -3.622406  0.000  0.007  0.000  0.007
   1.73112     -3.623921  0.000  0.007  0.000  0.007
   1.71116     -3.625686  0.000  0.007  0.000  0.007
   1.69120     -3.627650  0.000  0.007  0.000  0.007
   1.67125     -3.629763  0.000  0.008  0.000  0.008
   1.65129     -3.631966  0.000  0.008  0.000  0.008
   1.63133     -3.634202  0.000  0.007  0.000  0.007
   1.61137     -3.636409  0.000  0.008  0.000  0.008
   1.59142     -3.638528  0.000  0.008  0.000  0.008
   1.57146     -3.639211  0.000  0.007  0.000  0.007
   1.55150     -3.641052  0.000  0.008  0.000  0.008
   1.53154     -3.642612  0.000  0.008  0.000  0.008
   1.51159     -3.643862  0.000  0.008  0.000  0.008
   1.49163     -3.644775  0.000  0.008  0.000  0.008
   1.47167     -3.645329  0.000  0.008  0.000  0.008
   1.45171     -3.645515  0.000  0.008  0.000  0.008
   1.45171     -3.645515  0.000  0.008  0.000  0.008
   1.42349     -3.634607  0.000  0.008  0.000  0.009
   1.39526     -3.602276  0.000  0.011  0.000  0.011
   1.36704     -3.552935  0.000  0.012  0.000  0.012
   1.33882     -3.484724  0.000  0.014  0.000  0.016
   1.31059     -3.402815  0.000  0.019  0.000  0.019
   1.28237     -3.312707  0.000  0.024  0.000  0.025
   1.25414     -3.226403  0.002  0.045  0.000  0.046
   1.22592     -3.166945  0.002  0.049  0.000  0.051
   1.19769     -3.082269  0.000  0.013  0.000  0.014
   1.16947     -2.960933  0.002  0.119  0.000  0.122
   1.14125     -2.924020  0.002  0.112  0.000  0.116
   1.11302     -2.869802  0.002  0.067  0.000  0.069
   1.08480     -2.825561  0.002  0.061  0.000  0.062
   1.05657     -2.793137  0.002  0.060  0.000  0.062
   1.02835     -2.768282  0.002  0.060  0.000  0.061
   1.00013     -2.749442  0.000  0.048  0.000  0.049
   0.97190     -2.755224  0.000  0.002  0.000  0.002
   0.94368     -2.760689  0.000  0.000  0.000  0.000
   0.91545     -2.762547  0.000  0.000  0.000  0.000
   0.91545     -2.762547  0.000  0.000  0.000  0.000
   0.89550     -2.761769  0.000  0.000  0.000  0.000
   0.87554     -2.759446  0.000  0.000  0.000  0.000
   0.85558     -2.755609  0.000  0.000  0.000  0.000
   0.83562     -2.751223  0.002  0.088  0.000  0.090
   0.81567     -2.747403  0.000  0.042  0.000  0.042
   0.79571     -2.735611  0.000  0.000  0.000  0.000
   0.77575     -2.726396  0.000  0.000  0.000  0.000
   0.75579     -2.716086  0.000  0.001  0.000  0.001
   0.73584     -2.710314  0.000  0.054  0.000  0.056
   0.71588     -2.710960  0.000  0.062  0.000  0.064
   0.69592     -2.713319  0.002  0.070  0.000  0.072
   0.67596     -2.716619  0.002  0.080  0.000  0.081
   0.65600     -2.720089  0.002  0.088  0.000  0.090
   0.63605     -2.722624  0.002  0.094  0.000  0.096
   0.61609     -2.722365  0.002  0.084  0.000  0.086
   0.59613     -2.718889  0.002  0.064  0.000  0.066
   0.57617     -2.714850  0.000  0.050  0.000  0.052
   0.55622     -2.712045  0.000  0.044  0.000  0.044
   0.53626     -2.711068  0.000  0.040  0.000  0.042
   0.53626     -2.711068  0.000  0.040  0.000  0.042
   0.50804     -2.713680  0.000  0.038  0.000  0.040
   0.47981     -2.721220  0.000  0.032  0.000  0.032
   0.45159     -2.732931  0.000  0.022  0.000  0.022
   0.42336     -2.748021  0.000  0.014  0.000  0.016
   0.39514     -2.766038  0.000  0.010  0.000  0.010
   0.36691     -2.787137  0.000  0.008  0.000  0.008
   0.33869     -2.812503  0.000  0.010  0.000  0.010
   0.31047     -2.845410  0.000  0.014  0.000  0.014
   0.28224     -2.913681  0.000  0.018  0.000  0.018
   0.25402     -3.041284  0.000  0.010  0.000  0.010
   0.22579     -3.172195  0.000  0.005  0.000  0.006
   0.19757     -3.300378  0.000  0.002  0.000  0.002
   0.16935     -3.418284  0.000  0.004  0.000  0.004
   0.14112     -3.441460  0.000  0.006  0.000  0.006
   0.11290     -3.479771  0.000  0.010  0.000  0.010
   0.08467     -3.530891  0.000  0.009  0.000  0.011
   0.05645     -3.576248  0.000  0.008  0.000  0.009
   0.02822     -3.608066  0.000  0.007  0.000  0.007
   0.00000     -3.619545  0.000  0.007  0.000  0.008
 
# Band-Index:   47
   0.00000     -3.615553  0.000  0.007  0.000  0.008
   0.02822     -3.605397  0.000  0.007  0.000  0.007
   0.05645     -3.574296  0.000  0.008  0.000  0.008
   0.08467     -3.520995  0.000  0.009  0.000  0.011
   0.11290     -3.449903  0.000  0.012  0.000  0.013
   0.14112     -3.363886  0.000  0.016  0.000  0.017
   0.16935     -3.266452  0.000  0.021  0.000  0.023
   0.19757     -3.162256  0.000  0.027  0.000  0.027
   0.22579     -3.061694  0.002  0.048  0.000  0.050
   0.25402     -2.966113  0.001  0.034  0.000  0.035
   0.28224     -2.893040  0.000  0.022  0.000  0.024
   0.31047     -2.796968  0.000  0.028  0.000  0.028
   0.33869     -2.700763  0.000  0.032  0.000  0.034
   0.36691     -2.636344  0.000  0.022  0.000  0.022
   0.39514     -2.600532  0.000  0.012  0.000  0.013
   0.42336     -2.583062  0.000  0.001  0.000  0.001
   0.45159     -2.580280  0.000  0.000  0.000  0.000
   0.47981     -2.579659  0.000  0.000  0.000  0.000
   0.50804     -2.579886  0.000  0.000  0.000  0.000
   0.53626     -2.580071  0.000  0.000  0.000  0.000
   0.53626     -2.580071  0.000  0.000  0.000  0.000
   0.55622     -2.586340  0.000  0.000  0.000  0.000
   0.57617     -2.598031  0.000  0.002  0.000  0.002
   0.59613     -2.611180  0.000  0.002  0.000  0.002
   0.61609     -2.624920  0.000  0.002  0.000  0.002
   0.63605     -2.638876  0.000  0.002  0.000  0.002
   0.65600     -2.652815  0.000  0.002  0.000  0.002
   0.67596     -2.666542  0.000  0.002  0.000  0.002
   0.69592     -2.679888  0.000  0.002  0.000  0.002
   0.71588     -2.692694  0.000  0.002  0.000  0.002
   0.73584     -2.704807  0.000  0.002  0.000  0.002
   0.75579     -2.712321  0.000  0.048  0.000  0.048
   0.77575     -2.718207  0.000  0.042  0.000  0.044
   0.79571     -2.729469  0.000  0.040  0.000  0.042
   0.81567     -2.743615  0.000  0.000  0.000  0.000
   0.83562     -2.750310  0.000  0.000  0.000  0.000
   0.85558     -2.739861  0.002  0.079  0.000  0.081
   0.87554     -2.730712  0.002  0.070  0.000  0.072
   0.89550     -2.724788  0.002  0.064  0.000  0.066
   0.91545     -2.722736  0.002  0.062  0.000  0.064
   0.91545     -2.722736  0.002  0.062  0.000  0.064
   0.94368     -2.725781  0.002  0.062  0.000  0.064
   0.97190     -2.734641  0.002  0.062  0.000  0.063
   1.00013     -2.745766  0.000  0.014  0.000  0.015
   1.02835     -2.734344  0.000  0.004  0.000  0.004
   1.05657     -2.720212  0.000  0.004  0.000  0.004
   1.08480     -2.731572  0.002  0.058  0.000  0.059
   1.11302     -2.772074  0.002  0.060  0.000  0.062
   1.14125     -2.837271  0.000  0.036  0.000  0.038
   1.16947     -2.954630  0.000  0.007  0.000  0.007
   1.19769     -3.017901  0.000  0.013  0.000  0.014
   1.22592     -3.123362  0.000  0.012  0.000  0.012
   1.25414     -3.206256  0.000  0.036  0.000  0.036
   1.28237     -3.301123  0.000  0.031  0.000  0.032
   1.31059     -3.396013  0.000  0.023  0.000  0.024
   1.33882     -3.480219  0.000  0.017  0.000  0.018
   1.36704     -3.549830  0.000  0.012  0.000  0.012
   1.39526     -3.573077  0.000  0.008  0.000  0.008
   1.42349     -3.577006  0.000  0.008  0.000  0.010
   1.45171     -3.578290  0.000  0.008  0.000  0.010
   1.45171     -3.578290  0.000  0.008  0.000  0.010
   1.47167     -3.580726  0.000  0.010  0.000  0.010
   1.49163     -3.587544  0.000  0.012  0.000  0.012
   1.51159     -3.597513  0.000  0.014  0.000  0.014
   1.53154     -3.609201  0.000  0.014  0.000  0.016
   1.55150     -3.621334  0.000  0.016  0.000  0.016
   1.57146     -3.632902  0.000  0.015  0.000  0.016
   1.59142     -3.637133  0.000  0.008  0.000  0.008
   1.61137     -3.634863  0.000  0.008  0.000  0.008
   1.63133     -3.632458  0.000  0.007  0.000  0.007
   1.65129     -3.629983  0.000  0.008  0.000  0.008
   1.67125     -3.627503  0.000  0.008  0.000  0.008
   1.69120     -3.625091  0.000  0.007  0.000  0.007
   1.71116     -3.622819  0.000  0.007  0.000  0.007
   1.73112     -3.620757  0.000  0.007  0.000  0.007
   1.75108     -3.618969  0.000  0.007  0.000  0.007
   1.77103     -3.617513  0.000  0.007  0.000  0.008
   1.79099     -3.616437  0.000  0.007  0.000  0.008
   1.81095     -3.615776  0.000  0.007  0.000  0.008
   1.83091     -3.615553  0.000  0.007  0.000  0.008
 
# Band-Index:   48
   1.83091     -3.420047  0.000  0.004  0.000  0.004
   1.81095     -3.420242  0.000  0.004  0.000  0.004
   1.79099     -3.420740  0.000  0.006  0.000  0.006
   1.77103     -3.421308  0.000  0.010  0.000  0.010
   1.75108     -3.421560  0.000  0.014  0.000  0.016
   1.73112     -3.421001  0.000  0.020  0.000  0.020
   1.71116     -3.419073  0.002  0.024  0.000  0.026
   1.69120     -3.415201  0.002  0.030  0.000  0.032
   1.67125     -3.408867  0.002  0.034  0.000  0.036
   1.65129     -3.399659  0.002  0.038  0.000  0.040
   1.63133     -3.387314  0.002  0.040  0.000  0.042
   1.61137     -3.371749  0.002  0.040  0.000  0.042
   1.59142     -3.353058  0.002  0.040  0.000  0.042
   1.57146     -3.331538  0.002  0.037  0.000  0.038
   1.55150     -3.307822  0.002  0.032  0.000  0.034
   1.53154     -3.285506  0.000  0.016  0.000  0.017
   1.51159     -3.296324  0.002  0.034  0.000  0.035
   1.49163     -3.311418  0.002  0.042  0.000  0.044
   1.47167     -3.321523  0.002  0.046  0.000  0.048
   1.45171     -3.325080  0.002  0.048  0.000  0.050
   1.45171     -3.325080  0.002  0.048  0.000  0.050
   1.42349     -3.323564  0.002  0.048  0.000  0.050
   1.39526     -3.318928  0.002  0.048  0.000  0.050
   1.36704     -3.310840  0.002  0.049  0.000  0.051
   1.33882     -3.298528  0.002  0.050  0.000  0.052
   1.31059     -3.280287  0.002  0.052  0.000  0.054
   1.28237     -3.252351  0.002  0.054  0.000  0.056
   1.25414     -3.200626  0.002  0.043  0.000  0.044
   1.22592     -3.101665  0.002  0.062  0.000  0.064
   1.19769     -3.015923  0.002  0.093  0.000  0.096
   1.16947     -2.906315  0.000  0.025  0.000  0.026
   1.14125     -2.803178  0.000  0.024  0.000  0.025
   1.11302     -2.725496  0.000  0.009  0.000  0.010
   1.08480     -2.706434  0.000  0.004  0.000  0.004
   1.05657     -2.704806  0.000  0.042  0.000  0.044
   1.02835     -2.691030  0.000  0.020  0.000  0.020
   1.00013     -2.687590  0.000  0.006  0.000  0.006
   0.97190     -2.688214  0.000  0.002  0.000  0.002
   0.94368     -2.689401  0.000  0.002  0.000  0.002
   0.91545     -2.689897  0.000  0.002  0.000  0.002
   0.91545     -2.689897  0.000  0.002  0.000  0.002
   0.89550     -2.689199  0.000  0.002  0.000  0.002
   0.87554     -2.687113  0.000  0.002  0.000  0.002
   0.85558     -2.683679  0.000  0.002  0.000  0.002
   0.83562     -2.678959  0.000  0.002  0.000  0.002
   0.81567     -2.673034  0.000  0.002  0.000  0.002
   0.79571     -2.666016  0.000  0.002  0.000  0.002
   0.77575     -2.658024  0.000  0.002  0.000  0.002
   0.75579     -2.649201  0.000  0.002  0.000  0.002
   0.73584     -2.639705  0.000  0.002  0.000  0.002
   0.71588     -2.629704  0.000  0.002  0.000  0.002
   0.69592     -2.619372  0.000  0.002  0.000  0.002
   0.67596     -2.608894  0.000  0.002  0.000  0.002
   0.65600     -2.598456  0.000  0.002  0.000  0.002
   0.63605     -2.588250  0.000  0.002  0.000  0.002
   0.61609     -2.578469  0.000  0.002  0.000  0.002
   0.59613     -2.569336  0.000  0.002  0.000  0.002
   0.57617     -2.561251  0.000  0.002  0.000  0.002
   0.55622     -2.559853  0.000  0.003  0.000  0.003
   0.53626     -2.563770  0.000  0.004  0.000  0.004
   0.53626     -2.563770  0.000  0.004  0.000  0.004
   0.50804     -2.563652  0.000  0.004  0.000  0.004
   0.47981     -2.563759  0.000  0.004  0.000  0.004
   0.45159     -2.566009  0.000  0.002  0.000  0.002
   0.42336     -2.577312  0.000  0.008  0.000  0.008
   0.39514     -2.591076  0.000  0.008  0.000  0.008
   0.36691     -2.630482  0.000  0.006  0.000  0.006
   0.33869     -2.688831  0.000  0.000  0.000  0.000
   0.31047     -2.768642  0.000  0.004  0.000  0.004
   0.28224     -2.865180  0.000  0.018  0.000  0.018
   0.25402     -2.964334  0.000  0.031  0.000  0.031
   0.22579     -3.058018  0.000  0.032  0.000  0.032
   0.19757     -3.152453  0.002  0.049  0.000  0.051
   0.16935     -3.242650  0.002  0.037  0.000  0.037
   0.14112     -3.323433  0.000  0.023  0.000  0.024
   0.11290     -3.377247  0.000  0.012  0.000  0.012
   0.08467     -3.401993  0.000  0.006  0.000  0.006
   0.05645     -3.413158  0.000  0.004  0.000  0.004
   0.02822     -3.418443  0.000  0.004  0.000  0.004
   0.00000     -3.420047  0.000  0.004  0.000  0.004
 
# Band-Index:   49
   0.00000     -3.184352  0.002  0.052  0.000  0.056
   0.02822     -3.182506  0.002  0.052  0.000  0.054
   0.05645     -3.176794  0.002  0.052  0.000  0.054
   0.08467     -3.166649  0.002  0.050  0.000  0.052
   0.11290     -3.150851  0.002  0.046  0.000  0.048
   0.14112     -3.126936  0.002  0.038  0.000  0.040
   0.16935     -3.089959  0.002  0.028  0.000  0.028
   0.19757     -3.031369  0.000  0.012  0.000  0.012
   0.22579     -2.945404  0.000  0.006  0.000  0.006
   0.25402     -2.841198  0.000  0.010  0.000  0.010
   0.28224     -2.735864  0.000  0.014  0.000  0.014
   0.31047     -2.651163  0.000  0.010  0.000  0.011
   0.33869     -2.620580  0.000  0.016  0.000  0.016
   0.36691     -2.601699  0.000  0.006  0.000  0.006
   0.39514     -2.589629  0.000  0.002  0.000  0.002
   0.42336     -2.570498  0.000  0.010  0.000  0.010
   0.45159     -2.557472  0.000  0.010  0.000  0.012
   0.47981     -2.546528  0.000  0.006  0.000  0.006
   0.50804     -2.548609  0.000  0.004  0.000  0.004
   0.53626     -2.549755  0.000  0.002  0.000  0.002
   0.53626     -2.549755  0.000  0.002  0.000  0.002
   0.55622     -2.553129  0.000  0.002  0.000  0.002
   0.57617     -2.553508  0.000  0.002  0.000  0.002
   0.59613     -2.551262  0.000  0.002  0.000  0.002
   0.61609     -2.551737  0.000  0.002  0.000  0.002
   0.63605     -2.554635  0.000  0.000  0.000  0.000
   0.65600     -2.559485  0.000  0.000  0.000  0.000
   0.67596     -2.565835  0.000  0.000  0.000  0.000
   0.69592     -2.573246  0.000  0.000  0.000  0.000
   0.71588     -2.581311  0.000  0.000  0.000  0.000
   0.73584     -2.589662  0.000  0.002  0.000  0.002
   0.75579     -2.597969  0.000  0.002  0.000  0.002
   0.77575     -2.605947  0.000  0.002  0.000  0.002
   0.79571     -2.613348  0.000  0.002  0.000  0.002
   0.81567     -2.619958  0.000  0.002  0.000  0.002
   0.83562     -2.625604  0.000  0.002  0.000  0.002
   0.85558     -2.630140  0.000  0.002  0.000  0.002
   0.87554     -2.633460  0.000  0.002  0.000  0.002
   0.89550     -2.635481  0.000  0.002  0.000  0.002
   0.91545     -2.636162  0.000  0.002  0.000  0.002
   0.91545     -2.636162  0.000  0.002  0.000  0.002
   0.94368     -2.635230  0.000  0.002  0.000  0.002
   0.97190     -2.632626  0.000  0.002  0.000  0.002
   1.00013     -2.628910  0.000  0.009  0.000  0.009
   1.02835     -2.642446  0.002  0.066  0.000  0.066
   1.05657     -2.651303  0.000  0.043  0.000  0.044
   1.08480     -2.659836  0.000  0.026  0.000  0.027
   1.11302     -2.700113  0.000  0.016  0.000  0.016
   1.14125     -2.799797  0.000  0.013  0.000  0.014
   1.16947     -2.871040  0.000  0.013  0.000  0.013
   1.19769     -2.955980  0.000  0.033  0.000  0.035
   1.22592     -3.045168  0.000  0.020  0.000  0.020
   1.25414     -3.113218  0.000  0.006  0.000  0.006
   1.28237     -3.149815  0.000  0.004  0.000  0.004
   1.31059     -3.170253  0.000  0.008  0.000  0.008
   1.33882     -3.183844  0.000  0.010  0.000  0.010
   1.36704     -3.193442  0.000  0.012  0.000  0.012
   1.39526     -3.199986  0.000  0.012  0.000  0.012
   1.42349     -3.203827  0.000  0.012  0.000  0.012
   1.45171     -3.205096  0.000  0.012  0.000  0.012
   1.45171     -3.205096  0.000  0.012  0.000  0.012
   1.47167     -3.212243  0.000  0.016  0.000  0.016
   1.49163     -3.230563  0.000  0.024  0.000  0.024
   1.51159     -3.254339  0.001  0.032  0.000  0.034
   1.53154     -3.271945  0.002  0.050  0.000  0.052
   1.55150     -3.253804  0.000  0.032  0.000  0.032
   1.57146     -3.231753  0.000  0.022  0.000  0.024
   1.59142     -3.209921  0.000  0.016  0.000  0.016
   1.61137     -3.189751  0.000  0.010  0.000  0.010
   1.63133     -3.172598  0.000  0.006  0.000  0.006
   1.65129     -3.159746  0.000  0.006  0.000  0.006
   1.67125     -3.152169  0.000  0.008  0.000  0.008
   1.69120     -3.150110  0.000  0.014  0.000  0.016
   1.71116     -3.152814  0.000  0.023  0.000  0.024
   1.73112     -3.158743  0.002  0.032  0.000  0.033
   1.75108     -3.166101  0.002  0.040  0.000  0.041
   1.77103     -3.173316  0.002  0.046  0.000  0.048
   1.79099     -3.179214  0.002  0.050  0.000  0.052
   1.81095     -3.183036  0.002  0.052  0.000  0.054
   1.83091     -3.184352  0.002  0.052  0.000  0.056
 
# Band-Index:   50
   1.83091     -2.878692  0.000  0.014  0.000  0.014
   1.81095     -2.879326  0.000  0.014  0.000  0.014
   1.79099     -2.881131  0.000  0.016  0.000  0.018
   1.77103     -2.883820  0.000  0.022  0.000  0.022
   1.75108     -2.886833  0.000  0.028  0.000  0.030
   1.73112     -2.889250  0.000  0.038  0.000  0.040
   1.71116     -2.889799  0.002  0.050  0.000  0.052
   1.69120     -2.887033  0.002  0.062  0.000  0.064
   1.67125     -2.879836  0.002  0.072  0.000  0.074
   1.65129     -2.868026  0.002  0.078  0.000  0.080
   1.63133     -2.852668  0.002  0.082  0.000  0.084
   1.61137     -2.837020  0.002  0.078  0.000  0.080
   1.59142     -2.844116  0.000  0.026  0.000  0.026
   1.57146     -2.863997  0.000  0.024  0.000  0.024
   1.55150     -2.889195  0.000  0.028  0.000  0.028
   1.53154     -2.918154  0.000  0.034  0.000  0.036
   1.51159     -2.948416  0.000  0.042  0.000  0.044
   1.49163     -2.976535  0.000  0.051  0.000  0.052
   1.47167     -2.997667  0.002  0.058  0.000  0.060
   1.45171     -3.005802  0.002  0.062  0.000  0.064
   1.45171     -3.005802  0.002  0.062  0.000  0.064
   1.42349     -3.004891  0.002  0.062  0.000  0.064
   1.39526     -3.002169  0.002  0.062  0.000  0.064
   1.36704     -2.997652  0.002  0.062  0.000  0.064
   1.33882     -2.991356  0.002  0.062  0.000  0.064
   1.31059     -2.983277  0.002  0.061  0.000  0.062
   1.28237     -2.973315  0.002  0.060  0.000  0.060
   1.25414     -2.961090  0.002  0.056  0.000  0.058
   1.22592     -2.945207  0.000  0.048  0.000  0.048
   1.19769     -2.920068  0.000  0.028  0.000  0.028
   1.16947     -2.864076  0.000  0.032  0.000  0.033
   1.14125     -2.765419  0.000  0.012  0.000  0.012
   1.11302     -2.671045  0.000  0.003  0.000  0.004
   1.08480     -2.641080  0.000  0.002  0.000  0.002
   1.05657     -2.623521  0.000  0.002  0.000  0.002
   1.02835     -2.624887  0.000  0.004  0.000  0.004
   1.00013     -2.628444  0.001  0.072  0.000  0.074
   0.97190     -2.613978  0.002  0.082  0.000  0.084
   0.94368     -2.603085  0.002  0.084  0.000  0.086
   0.91545     -2.598961  0.002  0.085  0.000  0.087
   0.91545     -2.598961  0.002  0.085  0.000  0.087
   0.89550     -2.597338  0.002  0.086  0.000  0.087
   0.87554     -2.592264  0.002  0.087  0.000  0.089
   0.85558     -2.583071  0.002  0.090  0.000  0.091
   0.83562     -2.568614  0.002  0.093  0.000  0.094
   0.81567     -2.547817  0.002  0.095  0.000  0.096
   0.79571     -2.521019  0.002  0.094  0.000  0.096
   0.77575     -2.491494  0.002  0.088  0.000  0.088
   0.75579     -2.466959  0.000  0.073  0.000  0.074
   0.73584     -2.468012  0.000  0.010  0.000  0.010
   0.71588     -2.472359  0.000  0.008  0.000  0.008
   0.69592     -2.477848  0.000  0.006  0.000  0.006
   0.67596     -2.484438  0.000  0.006  0.000  0.006
   0.65600     -2.492036  0.000  0.006  0.000  0.006
   0.63605     -2.500486  0.000  0.004  0.000  0.004
   0.61609     -2.509531  0.000  0.004  0.000  0.004
   0.59613     -2.518738  0.000  0.004  0.000  0.004
   0.57617     -2.527406  0.000  0.002  0.000  0.002
   0.55622     -2.534609  0.000  0.002  0.000  0.002
   0.53626     -2.538243  0.000  0.002  0.000  0.002
   0.53626     -2.538243  0.000  0.002  0.000  0.002
   0.50804     -2.540191  0.000  0.002  0.000  0.002
   0.47981     -2.545281  0.000  0.004  0.000  0.004
   0.45159     -2.540278  0.000  0.006  0.000  0.006
   0.42336     -2.538170  0.000  0.005  0.000  0.006
   0.39514     -2.546437  0.000  0.004  0.000  0.004
   0.36691     -2.562799  0.000  0.004  0.000  0.004
   0.33869     -2.597313  0.000  0.006  0.000  0.006
   0.31047     -2.648001  0.000  0.029  0.000  0.031
   0.28224     -2.689514  0.000  0.040  0.000  0.040
   0.25402     -2.740130  0.000  0.028  0.000  0.028
   0.22579     -2.780164  0.000  0.016  0.000  0.016
   0.19757     -2.808328  0.000  0.012  0.000  0.012
   0.16935     -2.829080  0.000  0.012  0.000  0.012
   0.14112     -2.845058  0.000  0.012  0.000  0.012
   0.11290     -2.857466  0.000  0.012  0.000  0.012
   0.08467     -2.866849  0.000  0.012  0.000  0.012
   0.05645     -2.873455  0.000  0.012  0.000  0.013
   0.02822     -2.877387  0.000  0.014  0.000  0.014
   0.00000     -2.878692  0.000  0.014  0.000  0.014
 
# Band-Index:   51
   0.00000     -2.763481  0.002  0.059  0.000  0.061
   0.02822     -2.762370  0.002  0.059  0.000  0.061
   0.05645     -2.759018  0.002  0.059  0.000  0.061
   0.08467     -2.753377  0.002  0.058  0.000  0.060
   0.11290     -2.745357  0.002  0.056  0.000  0.058
   0.14112     -2.734816  0.002  0.054  0.000  0.055
   0.16935     -2.721537  0.002  0.049  0.000  0.050
   0.19757     -2.705159  0.002  0.042  0.000  0.044
   0.22579     -2.684997  0.000  0.034  0.000  0.034
   0.25402     -2.659173  0.000  0.021  0.000  0.022
   0.28224     -2.620885  0.000  0.010  0.000  0.010
   0.31047     -2.564199  0.000  0.010  0.000  0.010
   0.33869     -2.527842  0.000  0.006  0.000  0.006
   0.36691     -2.523140  0.000  0.006  0.000  0.006
   0.39514     -2.527683  0.000  0.006  0.000  0.006
   0.42336     -2.534084  0.000  0.006  0.000  0.006
   0.45159     -2.531598  0.000  0.006  0.000  0.007
   0.47981     -2.526470  0.000  0.010  0.000  0.010
   0.50804     -2.523026  0.000  0.012  0.000  0.012
   0.53626     -2.521744  0.000  0.013  0.000  0.014
   0.53626     -2.521744  0.000  0.013  0.000  0.014
   0.55622     -2.520747  0.000  0.014  0.000  0.014
   0.57617     -2.517771  0.000  0.014  0.000  0.014
   0.59613     -2.512859  0.000  0.016  0.000  0.016
   0.61609     -2.506094  0.000  0.018  0.000  0.020
   0.63605     -2.497652  0.000  0.022  0.000  0.022
   0.65600     -2.487859  0.000  0.026  0.000  0.026
   0.67596     -2.477312  0.000  0.030  0.000  0.030
   0.69592     -2.467041  0.000  0.034  0.000  0.036
   0.71588     -2.458913  0.000  0.042  0.000  0.042
   0.73584     -2.456647  0.000  0.054  0.000  0.055
   0.75579     -2.464790  0.000  0.011  0.000  0.011
   0.77575     -2.462617  0.000  0.012  0.000  0.012
   0.79571     -2.461359  0.000  0.014  0.000  0.014
   0.81567     -2.460827  0.000  0.016  0.000  0.016
   0.83562     -2.460814  0.000  0.017  0.000  0.017
   0.85558     -2.461099  0.000  0.019  0.000  0.019
   0.87554     -2.461485  0.000  0.021  0.000  0.021
   0.89550     -2.461795  0.000  0.021  0.000  0.021
   0.91545     -2.461913  0.000  0.021  0.000  0.021
   0.91545     -2.461913  0.000  0.021  0.000  0.021
   0.94368     -2.457491  0.000  0.022  0.000  0.022
   0.97190     -2.458057  0.000  0.017  0.000  0.017
   1.00013     -2.471387  0.000  0.016  0.000  0.016
   1.02835     -2.498085  0.000  0.014  0.000  0.014
   1.05657     -2.540391  0.000  0.014  0.000  0.014
   1.08480     -2.580732  0.000  0.016  0.000  0.016
   1.11302     -2.662049  0.000  0.004  0.000  0.004
   1.14125     -2.660076  0.000  0.004  0.000  0.004
   1.16947     -2.650948  0.000  0.006  0.000  0.006
   1.19769     -2.659164  0.000  0.012  0.000  0.012
   1.22592     -2.682440  0.000  0.020  0.000  0.020
   1.25414     -2.706949  0.000  0.026  0.000  0.027
   1.28237     -2.727308  0.000  0.031  0.000  0.032
   1.31059     -2.743183  0.000  0.035  0.000  0.036
   1.33882     -2.755227  0.000  0.037  0.000  0.038
   1.36704     -2.764056  0.000  0.039  0.000  0.040
   1.39526     -2.770099  0.000  0.040  0.000  0.041
   1.42349     -2.773629  0.000  0.041  0.000  0.042
   1.45171     -2.774791  0.000  0.041  0.000  0.042
   1.45171     -2.774791  0.000  0.041  0.000  0.042
   1.47167     -2.775189  0.000  0.042  0.000  0.043
   1.49163     -2.776514  0.002  0.044  0.000  0.046
   1.51159     -2.779175  0.002  0.049  0.000  0.050
   1.53154     -2.783859  0.002  0.055  0.000  0.056
   1.55150     -2.791421  0.002  0.062  0.000  0.063
   1.57146     -2.802494  0.002  0.068  0.000  0.070
   1.59142     -2.816741  0.002  0.070  0.000  0.071
   1.61137     -2.825600  0.000  0.020  0.000  0.020
   1.63133     -2.816269  0.000  0.018  0.000  0.018
   1.65129     -2.808417  0.000  0.022  0.000  0.022
   1.67125     -2.802408  0.000  0.024  0.000  0.026
   1.69120     -2.797545  0.000  0.028  0.000  0.028
   1.71116     -2.793262  0.000  0.030  0.000  0.032
   1.73112     -2.789119  0.000  0.033  0.000  0.034
   1.75108     -2.784794  0.000  0.036  0.000  0.036
   1.77103     -2.780033  0.000  0.038  0.000  0.038
   1.79099     -2.774648  0.002  0.040  0.000  0.040
   1.81095     -2.768550  0.002  0.044  0.000  0.045
   1.83091     -2.763481  0.002  0.059  0.000  0.061
 
# Band-Index:   52
   1.83091     -2.757838  0.000  0.013  0.000  0.013
   1.81095     -2.751522  0.000  0.028  0.000  0.029
   1.79099     -2.741744  0.000  0.032  0.000  0.032
   1.77103     -2.730489  0.000  0.032  0.000  0.032
   1.75108     -2.718069  0.000  0.030  0.000  0.032
   1.73112     -2.704881  0.000  0.028  0.000  0.030
   1.71116     -2.691455  0.000  0.028  0.000  0.028
   1.69120     -2.678415  0.000  0.026  0.000  0.026
   1.67125     -2.666346  0.000  0.025  0.000  0.026
   1.65129     -2.655598  0.000  0.024  0.000  0.026
   1.63133     -2.646039  0.000  0.026  0.000  0.026
   1.61137     -2.637031  0.000  0.026  0.000  0.027
   1.59142     -2.630591  0.000  0.038  0.000  0.040
   1.57146     -2.646715  0.002  0.048  0.000  0.048
   1.55150     -2.663538  0.002  0.050  0.000  0.051
   1.53154     -2.675813  0.002  0.050  0.000  0.052
   1.51159     -2.684135  0.002  0.050  0.000  0.052
   1.49163     -2.689404  0.002  0.050  0.000  0.051
   1.47167     -2.692306  0.002  0.049  0.000  0.050
   1.45171     -2.693233  0.002  0.049  0.000  0.050
   1.45171     -2.693233  0.002  0.049  0.000  0.050
   1.42349     -2.692201  0.002  0.048  0.000  0.050
   1.39526     -2.689086  0.002  0.048  0.000  0.050
   1.36704     -2.683812  0.002  0.048  0.000  0.049
   1.33882     -2.676253  0.002  0.046  0.000  0.048
   1.31059     -2.666228  0.002  0.045  0.000  0.046
   1.28237     -2.653550  0.000  0.043  0.000  0.044
   1.25414     -2.638313  0.000  0.040  0.000  0.040
   1.22592     -2.621968  0.000  0.034  0.000  0.035
   1.19769     -2.609246  0.000  0.028  0.000  0.028
   1.16947     -2.604250  0.000  0.024  0.000  0.024
   1.14125     -2.601770  0.000  0.022  0.000  0.022
   1.11302     -2.588545  0.000  0.011  0.000  0.012
   1.08480     -2.556101  0.000  0.006  0.000  0.006
   1.05657     -2.471425  0.000  0.014  0.000  0.014
   1.02835     -2.429043  0.000  0.022  0.000  0.022
   1.00013     -2.431887  0.000  0.023  0.000  0.023
   0.97190     -2.445899  0.000  0.023  0.000  0.023
   0.94368     -2.452683  0.000  0.019  0.000  0.019
   0.91545     -2.451369  0.000  0.019  0.000  0.019
   0.91545     -2.451369  0.000  0.019  0.000  0.019
   0.89550     -2.450840  0.000  0.019  0.000  0.019
   0.87554     -2.449267  0.000  0.019  0.000  0.019
   0.85558     -2.446703  0.000  0.019  0.000  0.019
   0.83562     -2.443249  0.000  0.019  0.000  0.019
   0.81567     -2.439075  0.000  0.019  0.000  0.019
   0.79571     -2.434407  0.000  0.018  0.000  0.018
   0.77575     -2.429522  0.000  0.018  0.000  0.018
   0.75579     -2.424739  0.000  0.016  0.000  0.016
   0.73584     -2.420388  0.000  0.014  0.000  0.014
   0.71588     -2.416761  0.000  0.014  0.000  0.014
   0.69592     -2.414042  0.000  0.012  0.000  0.012
   0.67596     -2.412257  0.000  0.010  0.000  0.010
   0.65600     -2.411255  0.000  0.008  0.000  0.008
   0.63605     -2.410779  0.000  0.006  0.000  0.006
   0.61609     -2.410550  0.000  0.006  0.000  0.006
   0.59613     -2.410370  0.000  0.004  0.000  0.004
   0.57617     -2.410175  0.000  0.004  0.000  0.004
   0.55622     -2.410004  0.000  0.004  0.000  0.004
   0.53626     -2.409936  0.000  0.004  0.000  0.004
   0.53626     -2.409936  0.000  0.004  0.000  0.004
   0.50804     -2.408452  0.000  0.004  0.000  0.004
   0.47981     -2.404281  0.000  0.004  0.000  0.004
   0.45159     -2.398243  0.000  0.004  0.000  0.004
   0.42336     -2.391561  0.000  0.004  0.000  0.004
   0.39514     -2.407312  0.000  0.074  0.000  0.074
   0.36691     -2.463175  0.000  0.044  0.000  0.045
   0.33869     -2.505500  0.000  0.014  0.000  0.014
   0.31047     -2.554676  0.000  0.007  0.000  0.007
   0.28224     -2.603634  0.000  0.009  0.000  0.009
   0.25402     -2.636983  0.000  0.010  0.000  0.010
   0.22579     -2.662689  0.000  0.010  0.000  0.010
   0.19757     -2.684456  0.000  0.011  0.000  0.012
   0.16935     -2.703334  0.000  0.012  0.000  0.012
   0.14112     -2.719556  0.000  0.012  0.000  0.012
   0.11290     -2.733082  0.000  0.012  0.000  0.012
   0.08467     -2.743794  0.000  0.012  0.000  0.013
   0.05645     -2.751558  0.000  0.013  0.000  0.013
   0.02822     -2.756264  0.000  0.013  0.000  0.013
   0.00000     -2.757838  0.000  0.013  0.000  0.013
 
# Band-Index:   53
   0.00000     -2.448451  0.000  0.087  0.000  0.087
   0.02822     -2.447926  0.000  0.087  0.000  0.087
   0.05645     -2.446439  0.000  0.086  0.000  0.086
   0.08467     -2.444264  0.000  0.083  0.000  0.084
   0.11290     -2.441884  0.000  0.080  0.000  0.080
   0.14112     -2.440299  0.000  0.064  0.000  0.064
   0.16935     -2.447379  0.000  0.055  0.000  0.055
   0.19757     -2.454530  0.000  0.054  0.000  0.054
   0.22579     -2.460895  0.000  0.054  0.000  0.054
   0.25402     -2.465453  0.000  0.056  0.000  0.056
   0.28224     -2.465805  0.000  0.063  0.000  0.063
   0.31047     -2.453554  0.000  0.079  0.000  0.080
   0.33869     -2.404780  0.000  0.089  0.000  0.089
   0.36691     -2.380661  0.000  0.004  0.000  0.004
   0.39514     -2.385522  0.000  0.004  0.000  0.004
   0.42336     -2.351765  0.000  0.086  0.000  0.086
   0.45159     -2.325795  0.000  0.008  0.000  0.008
   0.47981     -2.330986  0.000  0.002  0.000  0.002
   0.50804     -2.336033  0.000  0.002  0.000  0.002
   0.53626     -2.337897  0.000  0.002  0.000  0.002
   0.53626     -2.337897  0.000  0.002  0.000  0.002
   0.55622     -2.337782  0.000  0.002  0.000  0.002
   0.57617     -2.337489  0.000  0.002  0.000  0.002
   0.59613     -2.337114  0.000  0.002  0.000  0.002
   0.61609     -2.336746  0.000  0.004  0.000  0.004
   0.63605     -2.336408  0.000  0.004  0.000  0.004
   0.65600     -2.336004  0.000  0.004  0.000  0.004
   0.67596     -2.342464  0.000  0.060  0.000  0.060
   0.69592     -2.347303  0.000  0.042  0.000  0.042
   0.71588     -2.350750  0.000  0.015  0.000  0.015
   0.73584     -2.364898  0.000  0.014  0.000  0.016
   0.75579     -2.382250  0.000  0.022  0.000  0.022
   0.77575     -2.385950  0.000  0.020  0.000  0.020
   0.79571     -2.379822  0.000  0.018  0.000  0.018
   0.81567     -2.368185  0.000  0.020  0.000  0.020
   0.83562     -2.352644  0.000  0.022  0.000  0.022
   0.85558     -2.334034  0.000  0.025  0.000  0.026
   0.87554     -2.313326  0.000  0.028  0.000  0.028
   0.89550     -2.294095  0.000  0.002  0.000  0.002
   0.91545     -2.293015  0.000  0.002  0.000  0.002
   0.91545     -2.293015  0.000  0.002  0.000  0.002
   0.94368     -2.297020  0.000  0.004  0.000  0.004
   0.97190     -2.310537  0.000  0.014  0.000  0.014
   1.00013     -2.336126  0.000  0.022  0.000  0.022
   1.02835     -2.375076  0.000  0.022  0.000  0.022
   1.05657     -2.439935  0.000  0.012  0.000  0.012
   1.08480     -2.520926  0.000  0.014  0.000  0.014
   1.11302     -2.583880  0.000  0.019  0.000  0.019
   1.14125     -2.585307  0.000  0.010  0.000  0.010
   1.16947     -2.579941  0.000  0.008  0.000  0.008
   1.19769     -2.570600  0.000  0.008  0.000  0.008
   1.22592     -2.557325  0.000  0.010  0.000  0.010
   1.25414     -2.546315  0.000  0.010  0.000  0.010
   1.28237     -2.538722  0.000  0.011  0.000  0.012
   1.31059     -2.533014  0.000  0.010  0.000  0.012
   1.33882     -2.528528  0.000  0.010  0.000  0.011
   1.36704     -2.525086  0.000  0.010  0.000  0.010
   1.39526     -2.522640  0.000  0.010  0.000  0.010
   1.42349     -2.521176  0.000  0.010  0.000  0.010
   1.45171     -2.520687  0.000  0.010  0.000  0.010
   1.45171     -2.520687  0.000  0.010  0.000  0.010
   1.47167     -2.527164  0.000  0.014  0.000  0.014
   1.49163     -2.541857  0.000  0.018  0.000  0.018
   1.51159     -2.559894  0.000  0.020  0.000  0.020
   1.53154     -2.578777  0.000  0.022  0.000  0.022
   1.55150     -2.596616  0.000  0.022  0.000  0.022
   1.57146     -2.611766  0.000  0.020  0.000  0.020
   1.59142     -2.618396  0.000  0.022  0.000  0.023
   1.61137     -2.596449  0.000  0.024  0.000  0.026
   1.63133     -2.569822  0.000  0.014  0.000  0.014
   1.65129     -2.545504  0.000  0.008  0.000  0.008
   1.67125     -2.526673  0.000  0.016  0.000  0.016
   1.69120     -2.512534  0.000  0.034  0.000  0.035
   1.71116     -2.500192  0.000  0.053  0.000  0.053
   1.73112     -2.488166  0.000  0.067  0.000  0.067
   1.75108     -2.476414  0.000  0.076  0.000  0.077
   1.77103     -2.465573  0.000  0.083  0.000  0.083
   1.79099     -2.456608  0.000  0.085  0.000  0.087
   1.81095     -2.450592  0.000  0.087  0.000  0.087
   1.83091     -2.448451  0.000  0.087  0.000  0.087
 
# Band-Index:   54
   1.83091     -2.418337  0.000  0.063  0.000  0.063
   1.81095     -2.418744  0.000  0.061  0.000  0.061
   1.79099     -2.420104  0.000  0.057  0.000  0.057
   1.77103     -2.422745  0.000  0.052  0.000  0.053
   1.75108     -2.427100  0.000  0.049  0.000  0.050
   1.73112     -2.433810  0.000  0.049  0.000  0.050
   1.71116     -2.443693  0.000  0.054  0.000  0.056
   1.69120     -2.457046  0.000  0.068  0.000  0.068
   1.67125     -2.471926  0.000  0.085  0.000  0.086
   1.65129     -2.483630  0.000  0.092  0.000  0.092
   1.63133     -2.488967  0.000  0.082  0.000  0.082
   1.61137     -2.488898  0.000  0.067  0.000  0.068
   1.59142     -2.485681  0.000  0.054  0.000  0.054
   1.57146     -2.481314  0.000  0.044  0.000  0.044
   1.55150     -2.477411  0.000  0.036  0.000  0.037
   1.53154     -2.475215  0.000  0.032  0.000  0.032
   1.51159     -2.475575  0.000  0.030  0.000  0.030
   1.49163     -2.478764  0.000  0.032  0.000  0.032
   1.47167     -2.483909  0.000  0.034  0.000  0.035
   1.45171     -2.487104  0.000  0.038  0.000  0.038
   1.45171     -2.487104  0.000  0.038  0.000  0.038
   1.42349     -2.488107  0.000  0.038  0.000  0.038
   1.39526     -2.491083  0.000  0.036  0.000  0.037
   1.36704     -2.495892  0.000  0.035  0.000  0.035
   1.33882     -2.502256  0.000  0.032  0.000  0.033
   1.31059     -2.509678  0.000  0.030  0.000  0.030
   1.28237     -2.517260  0.000  0.028  0.000  0.028
   1.25414     -2.523188  0.000  0.027  0.000  0.027
   1.22592     -2.523337  0.000  0.027  0.000  0.027
   1.19769     -2.509915  0.000  0.018  0.000  0.019
   1.16947     -2.478229  0.000  0.021  0.000  0.021
   1.14125     -2.416473  0.000  0.025  0.000  0.026
   1.11302     -2.341009  0.000  0.034  0.000  0.035
   1.08480     -2.334991  0.000  0.008  0.000  0.008
   1.05657     -2.353802  0.000  0.008  0.000  0.008
   1.02835     -2.349573  0.000  0.002  0.000  0.002
   1.00013     -2.316273  0.000  0.010  0.000  0.010
   0.97190     -2.292768  0.000  0.024  0.000  0.025
   0.94368     -2.280745  0.000  0.038  0.000  0.038
   0.91545     -2.276970  0.000  0.044  0.000  0.044
   0.91545     -2.276970  0.000  0.044  0.000  0.044
   0.89550     -2.292149  0.000  0.032  0.000  0.032
   0.87554     -2.297083  0.000  0.002  0.000  0.002
   0.85558     -2.301412  0.000  0.004  0.000  0.004
   0.83562     -2.306483  0.000  0.004  0.000  0.004
   0.81567     -2.311811  0.000  0.004  0.000  0.004
   0.79571     -2.317027  0.000  0.006  0.000  0.006
   0.77575     -2.321857  0.000  0.006  0.000  0.006
   0.75579     -2.326106  0.000  0.006  0.000  0.006
   0.73584     -2.329652  0.000  0.086  0.000  0.086
   0.71588     -2.332310  0.000  0.006  0.000  0.006
   0.69592     -2.334181  0.000  0.006  0.000  0.006
   0.67596     -2.335343  0.000  0.006  0.000  0.006
   0.65600     -2.334630  0.000  0.073  0.000  0.074
   0.63605     -2.324268  0.000  0.084  0.000  0.085
   0.61609     -2.312111  0.000  0.092  0.000  0.093
   0.59613     -2.298939  0.000  0.096  0.000  0.097
   0.57617     -2.285635  0.000  0.095  0.000  0.095
   0.55622     -2.273674  0.000  0.086  0.000  0.087
   0.53626     -2.267659  0.000  0.074  0.000  0.074
   0.53626     -2.267659  0.000  0.074  0.000  0.074
   0.50804     -2.268852  0.000  0.073  0.000  0.074
   0.47981     -2.272159  0.000  0.071  0.000  0.072
   0.45159     -2.297166  0.000  0.122  0.000  0.123
   0.42336     -2.310270  0.000  0.029  0.000  0.029
   0.39514     -2.309654  0.000  0.029  0.000  0.029
   0.36691     -2.336477  0.000  0.064  0.000  0.065
   0.33869     -2.392959  0.000  0.086  0.000  0.087
   0.31047     -2.443208  0.000  0.062  0.000  0.063
   0.28224     -2.452593  0.000  0.049  0.000  0.049
   0.25402     -2.449348  0.000  0.048  0.000  0.050
   0.22579     -2.444357  0.000  0.054  0.000  0.054
   0.19757     -2.440722  0.000  0.062  0.000  0.062
   0.16935     -2.439326  0.000  0.069  0.000  0.069
   0.14112     -2.439731  0.000  0.068  0.000  0.068
   0.11290     -2.433137  0.000  0.058  0.000  0.058
   0.08467     -2.427092  0.000  0.060  0.000  0.060
   0.05645     -2.422375  0.000  0.061  0.000  0.062
   0.02822     -2.419371  0.000  0.062  0.000  0.063
   0.00000     -2.418337  0.000  0.063  0.000  0.063
 
# Band-Index:   55
   0.00000     -2.249552  0.000  0.065  0.000  0.066
   0.02822     -2.249580  0.000  0.064  0.000  0.064
   0.05645     -2.249686  0.000  0.062  0.000  0.062
   0.08467     -2.249934  0.000  0.059  0.000  0.059
   0.11290     -2.250415  0.000  0.055  0.000  0.055
   0.14112     -2.270878  0.000  0.006  0.000  0.006
   0.16935     -2.295065  0.000  0.004  0.000  0.004
   0.19757     -2.316522  0.000  0.004  0.000  0.004
   0.22579     -2.334825  0.000  0.004  0.000  0.004
   0.25402     -2.349837  0.000  0.004  0.000  0.004
   0.28224     -2.361565  0.000  0.004  0.000  0.004
   0.31047     -2.370138  0.000  0.004  0.000  0.004
   0.33869     -2.376064  0.000  0.004  0.000  0.004
   0.36691     -2.316806  0.000  0.107  0.000  0.107
   0.39514     -2.286477  0.000  0.077  0.000  0.077
   0.42336     -2.281406  0.000  0.067  0.000  0.067
   0.45159     -2.276717  0.000  0.068  0.000  0.068
   0.47981     -2.266257  0.000  0.140  0.000  0.142
   0.50804     -2.247002  0.000  0.148  0.000  0.148
   0.53626     -2.240651  0.000  0.150  0.000  0.150
   0.53626     -2.240651  0.000  0.150  0.000  0.150
   0.55622     -2.235353  0.000  0.133  0.000  0.135
   0.57617     -2.225510  0.000  0.114  0.000  0.115
   0.59613     -2.215724  0.000  0.094  0.000  0.095
   0.61609     -2.208097  0.000  0.070  0.000  0.070
   0.63605     -2.206967  0.000  0.042  0.000  0.042
   0.65600     -2.221004  0.000  0.038  0.000  0.038
   0.67596     -2.249416  0.000  0.056  0.000  0.058
   0.69592     -2.283734  0.000  0.076  0.000  0.076
   0.71588     -2.316451  0.000  0.098  0.000  0.100
   0.73584     -2.329619  0.000  0.006  0.000  0.006
   0.75579     -2.322501  0.000  0.060  0.000  0.060
   0.77575     -2.308616  0.000  0.047  0.000  0.048
   0.79571     -2.291829  0.000  0.040  0.000  0.040
   0.81567     -2.274516  0.000  0.034  0.000  0.034
   0.83562     -2.259180  0.000  0.030  0.000  0.030
   0.85558     -2.248870  0.000  0.028  0.000  0.028
   0.87554     -2.246789  0.000  0.026  0.000  0.026
   0.89550     -2.254169  0.000  0.024  0.000  0.024
   0.91545     -2.264881  0.000  0.016  0.000  0.016
   0.91545     -2.264881  0.000  0.016  0.000  0.016
   0.94368     -2.265208  0.000  0.016  0.000  0.016
   0.97190     -2.265814  0.000  0.016  0.000  0.016
   1.00013     -2.265586  0.000  0.016  0.000  0.016
   1.02835     -2.262805  0.000  0.016  0.000  0.016
   1.05657     -2.255970  0.000  0.014  0.000  0.014
   1.08480     -2.271129  0.000  0.039  0.000  0.039
   1.11302     -2.339310  0.000  0.038  0.000  0.038
   1.14125     -2.411129  0.000  0.035  0.000  0.035
   1.16947     -2.471243  0.000  0.031  0.000  0.031
   1.19769     -2.508848  0.000  0.026  0.000  0.026
   1.22592     -2.512356  0.000  0.013  0.000  0.015
   1.25414     -2.497333  0.000  0.012  0.000  0.012
   1.28237     -2.473793  0.000  0.012  0.000  0.012
   1.31059     -2.447725  0.000  0.013  0.000  0.013
   1.33882     -2.422351  0.000  0.015  0.000  0.015
   1.36704     -2.399855  0.000  0.018  0.000  0.018
   1.39526     -2.382098  0.000  0.020  0.000  0.020
   1.42349     -2.370683  0.000  0.022  0.000  0.022
   1.45171     -2.366743  0.000  0.022  0.000  0.022
   1.45171     -2.366743  0.000  0.022  0.000  0.022
   1.47167     -2.366944  0.000  0.022  0.000  0.022
   1.49163     -2.367511  0.000  0.024  0.000  0.024
   1.51159     -2.368324  0.000  0.026  0.000  0.026
   1.53154     -2.369233  0.000  0.028  0.000  0.028
   1.55150     -2.370093  0.000  0.030  0.000  0.031
   1.57146     -2.370728  0.000  0.034  0.000  0.034
   1.59142     -2.370897  0.000  0.038  0.000  0.038
   1.61137     -2.370226  0.000  0.044  0.000  0.044
   1.63133     -2.368154  0.000  0.050  0.000  0.050
   1.65129     -2.363873  0.000  0.058  0.000  0.058
   1.67125     -2.356315  0.000  0.067  0.000  0.068
   1.69120     -2.344458  0.000  0.075  0.000  0.076
   1.71116     -2.328186  0.000  0.080  0.000  0.080
   1.73112     -2.308955  0.000  0.081  0.000  0.082
   1.75108     -2.289281  0.000  0.079  0.000  0.080
   1.77103     -2.271834  0.000  0.076  0.000  0.076
   1.79099     -2.258944  0.000  0.072  0.000  0.072
   1.81095     -2.251728  0.000  0.067  0.000  0.068
   1.83091     -2.249552  0.000  0.065  0.000  0.066
 
# Band-Index:   56
   1.83091     -2.173256  0.000  0.028  0.000  0.028
   1.81095     -2.174643  0.000  0.027  0.000  0.028
   1.79099     -2.176179  0.000  0.025  0.000  0.025
   1.77103     -2.174552  0.000  0.024  0.000  0.024
   1.75108     -2.169460  0.000  0.024  0.000  0.024
   1.73112     -2.162275  0.000  0.024  0.000  0.024
   1.71116     -2.154451  0.000  0.024  0.000  0.024
   1.69120     -2.147090  0.000  0.024  0.000  0.024
   1.67125     -2.140891  0.000  0.024  0.000  0.024
   1.65129     -2.136172  0.000  0.023  0.000  0.024
   1.63133     -2.132852  0.000  0.022  0.000  0.023
   1.61137     -2.130534  0.000  0.022  0.000  0.023
   1.59142     -2.128645  0.000  0.023  0.000  0.024
   1.57146     -2.126608  0.000  0.024  0.000  0.024
   1.55150     -2.123954  0.000  0.024  0.000  0.024
   1.53154     -2.120423  0.000  0.024  0.000  0.025
   1.51159     -2.116096  0.000  0.026  0.000  0.026
   1.49163     -2.111511  0.000  0.026  0.000  0.026
   1.47167     -2.107778  0.000  0.026  0.000  0.027
   1.45171     -2.106302  0.000  0.027  0.000  0.027
   1.45171     -2.106302  0.000  0.027  0.000  0.027
   1.42349     -2.107701  0.000  0.026  0.000  0.026
   1.39526     -2.111947  0.000  0.024  0.000  0.024
   1.36704     -2.119156  0.000  0.022  0.000  0.022
   1.33882     -2.129490  0.000  0.018  0.000  0.018
   1.31059     -2.143097  0.000  0.014  0.000  0.014
   1.28237     -2.160009  0.000  0.010  0.000  0.010
   1.25414     -2.180059  0.000  0.006  0.000  0.007
   1.22592     -2.202858  0.000  0.006  0.000  0.006
   1.19769     -2.227816  0.000  0.005  0.000  0.005
   1.16947     -2.254190  0.000  0.006  0.000  0.006
   1.14125     -2.281051  0.000  0.008  0.000  0.008
   1.11302     -2.305712  0.000  0.018  0.000  0.018
   1.08480     -2.260582  0.000  0.059  0.000  0.060
   1.05657     -2.225913  0.000  0.029  0.000  0.029
   1.02835     -2.216157  0.000  0.016  0.000  0.016
   1.00013     -2.222713  0.000  0.013  0.000  0.013
   0.97190     -2.230528  0.000  0.012  0.000  0.012
   0.94368     -2.235911  0.000  0.013  0.000  0.013
   0.91545     -2.237798  0.000  0.013  0.000  0.013
   0.91545     -2.237798  0.000  0.013  0.000  0.013
   0.89550     -2.237167  0.000  0.012  0.000  0.012
   0.87554     -2.235493  0.000  0.012  0.000  0.012
   0.85558     -2.233272  0.000  0.012  0.000  0.012
   0.83562     -2.230954  0.000  0.010  0.000  0.010
   0.81567     -2.228780  0.000  0.010  0.000  0.010
   0.79571     -2.226781  0.000  0.010  0.000  0.010
   0.77575     -2.224835  0.000  0.010  0.000  0.010
   0.75579     -2.222772  0.000  0.010  0.000  0.010
   0.73584     -2.220433  0.000  0.010  0.000  0.010
   0.71588     -2.217726  0.000  0.010  0.000  0.010
   0.69592     -2.214633  0.000  0.008  0.000  0.008
   0.67596     -2.211222  0.000  0.008  0.000  0.008
   0.65600     -2.207620  0.000  0.006  0.000  0.006
   0.63605     -2.204006  0.000  0.006  0.000  0.006
   0.61609     -2.200591  0.000  0.004  0.000  0.004
   0.59613     -2.197603  0.000  0.002  0.000  0.002
   0.57617     -2.195271  0.000  0.002  0.000  0.002
   0.55622     -2.193787  0.000  0.000  0.000  0.000
   0.53626     -2.193280  0.000  0.000  0.000  0.000
   0.53626     -2.193280  0.000  0.000  0.000  0.000
   0.50804     -2.192383  0.000  0.000  0.000  0.000
   0.47981     -2.190185  0.000  0.000  0.000  0.000
   0.45159     -2.188633  0.000  0.004  0.000  0.004
   0.42336     -2.194195  0.000  0.014  0.000  0.014
   0.39514     -2.225055  0.000  0.031  0.000  0.031
   0.36691     -2.265873  0.000  0.014  0.000  0.014
   0.33869     -2.267737  0.000  0.030  0.000  0.030
   0.31047     -2.261838  0.000  0.037  0.000  0.037
   0.28224     -2.256292  0.000  0.016  0.000  0.016
   0.25402     -2.256087  0.000  0.022  0.000  0.022
   0.22579     -2.255113  0.000  0.029  0.000  0.029
   0.19757     -2.253726  0.000  0.035  0.000  0.036
   0.16935     -2.252340  0.000  0.043  0.000  0.043
   0.14112     -2.251205  0.000  0.049  0.000  0.049
   0.11290     -2.244852  0.000  0.009  0.000  0.009
   0.08467     -2.218703  0.000  0.012  0.000  0.012
   0.05645     -2.195424  0.000  0.019  0.000  0.019
   0.02822     -2.179119  0.000  0.026  0.000  0.026
   0.00000     -2.173256  0.000  0.028  0.000  0.028
 
# Band-Index:   57
   0.00000     -2.121258  0.000  0.042  0.000  0.042
   0.02822     -2.121016  0.000  0.042  0.000  0.042
   0.05645     -2.127971  0.000  0.022  0.000  0.022
   0.08467     -2.154543  0.000  0.029  0.000  0.030
   0.11290     -2.177814  0.000  0.034  0.000  0.034
   0.14112     -2.198204  0.000  0.038  0.000  0.038
   0.16935     -2.215461  0.000  0.042  0.000  0.042
   0.19757     -2.229242  0.000  0.045  0.000  0.045
   0.22579     -2.239676  0.000  0.047  0.000  0.047
   0.25402     -2.247709  0.000  0.045  0.000  0.046
   0.28224     -2.254765  0.000  0.041  0.000  0.041
   0.31047     -2.255509  0.000  0.009  0.000  0.009
   0.33869     -2.253215  0.000  0.008  0.000  0.008
   0.36691     -2.239903  0.000  0.020  0.000  0.020
   0.39514     -2.195774  0.000  0.040  0.000  0.040
   0.42336     -2.151853  0.000  0.034  0.000  0.034
   0.45159     -2.123500  0.000  0.032  0.000  0.033
   0.47981     -2.103701  0.000  0.038  0.000  0.039
   0.50804     -2.089377  0.000  0.050  0.000  0.050
   0.53626     -2.083119  0.000  0.060  0.000  0.060
   0.53626     -2.083119  0.000  0.060  0.000  0.060
   0.55622     -2.086319  0.000  0.064  0.000  0.064
   0.57617     -2.095826  0.000  0.072  0.000  0.074
   0.59613     -2.111022  0.000  0.088  0.000  0.088
   0.61609     -2.130081  0.000  0.108  0.000  0.110
   0.63605     -2.147980  0.000  0.134  0.000  0.135
   0.65600     -2.155023  0.000  0.134  0.000  0.136
   0.67596     -2.150671  0.000  0.114  0.000  0.114
   0.69592     -2.141401  0.000  0.096  0.000  0.096
   0.71588     -2.129904  0.000  0.082  0.000  0.082
   0.73584     -2.116963  0.000  0.072  0.000  0.072
   0.75579     -2.106607  0.000  0.034  0.000  0.034
   0.77575     -2.109299  0.000  0.034  0.000  0.034
   0.79571     -2.111601  0.000  0.034  0.000  0.034
   0.81567     -2.113534  0.000  0.034  0.000  0.034
   0.83562     -2.115080  0.000  0.034  0.000  0.034
   0.85558     -2.116222  0.000  0.034  0.000  0.034
   0.87554     -2.116968  0.000  0.033  0.000  0.033
   0.89550     -2.117373  0.000  0.032  0.000  0.032
   0.91545     -2.117497  0.000  0.032  0.000  0.032
   0.91545     -2.117497  0.000  0.032  0.000  0.032
   0.94368     -2.116331  0.000  0.034  0.000  0.034
   0.97190     -2.114071  0.000  0.037  0.000  0.037
   1.00013     -2.118942  0.000  0.050  0.000  0.050
   1.02835     -2.149886  0.000  0.060  0.000  0.060
   1.05657     -2.197882  0.000  0.063  0.000  0.064
   1.08480     -2.244746  0.000  0.012  0.000  0.012
   1.11302     -2.229869  0.000  0.010  0.000  0.010
   1.14125     -2.212371  0.000  0.008  0.000  0.008
   1.16947     -2.193127  0.000  0.006  0.000  0.006
   1.19769     -2.172737  0.000  0.004  0.000  0.004
   1.22592     -2.151612  0.000  0.004  0.000  0.004
   1.25414     -2.130112  0.000  0.004  0.000  0.004
   1.28237     -2.108878  0.000  0.006  0.000  0.006
   1.31059     -2.089717  0.000  0.012  0.000  0.012
   1.33882     -2.075314  0.000  0.018  0.000  0.018
   1.36704     -2.064795  0.000  0.024  0.000  0.024
   1.39526     -2.056701  0.000  0.026  0.000  0.026
   1.42349     -2.051157  0.000  0.028  0.000  0.028
   1.45171     -2.049115  0.000  0.028  0.000  0.028
   1.45171     -2.049115  0.000  0.028  0.000  0.028
   1.47167     -2.049155  0.000  0.028  0.000  0.028
   1.49163     -2.049764  0.000  0.028  0.000  0.028
   1.51159     -2.051514  0.000  0.028  0.000  0.028
   1.53154     -2.054276  0.000  0.028  0.000  0.028
   1.55150     -2.057551  0.000  0.026  0.000  0.026
   1.57146     -2.060862  0.000  0.026  0.000  0.026
   1.59142     -2.063882  0.000  0.026  0.000  0.026
   1.61137     -2.066385  0.000  0.026  0.000  0.026
   1.63133     -2.068209  0.000  0.026  0.000  0.026
   1.65129     -2.069250  0.000  0.026  0.000  0.026
   1.67125     -2.069504  0.000  0.027  0.000  0.027
   1.69120     -2.069177  0.000  0.029  0.000  0.029
   1.71116     -2.069291  0.000  0.039  0.000  0.039
   1.73112     -2.075298  0.000  0.049  0.000  0.049
   1.75108     -2.086030  0.000  0.046  0.000  0.046
   1.77103     -2.097524  0.000  0.044  0.000  0.044
   1.79099     -2.108625  0.000  0.044  0.000  0.044
   1.81095     -2.117572  0.000  0.042  0.000  0.042
   1.83091     -2.121258  0.000  0.042  0.000  0.042
 
# Band-Index:   58
   1.83091     -2.063374  0.000  0.002  0.000  0.002
   1.81095     -2.062843  0.000  0.002  0.000  0.002
   1.79099     -2.061261  0.000  0.002  0.000  0.002
   1.77103     -2.062163  0.000  0.018  0.000  0.018
   1.75108     -2.063369  0.000  0.017  0.000  0.017
   1.73112     -2.064138  0.000  0.015  0.000  0.015
   1.71116     -2.060547  0.000  0.026  0.000  0.026
   1.69120     -2.051219  0.000  0.036  0.000  0.036
   1.67125     -2.041295  0.000  0.038  0.000  0.038
   1.65129     -2.031544  0.000  0.038  0.000  0.038
   1.63133     -2.022071  0.000  0.038  0.000  0.038
   1.61137     -2.012967  0.000  0.036  0.000  0.036
   1.59142     -2.004395  0.000  0.034  0.000  0.034
   1.57146     -1.996639  0.000  0.030  0.000  0.030
   1.55150     -1.990201  0.000  0.026  0.000  0.026
   1.53154     -1.985938  0.000  0.020  0.000  0.020
   1.51159     -1.985118  0.000  0.012  0.000  0.012
   1.49163     -1.987952  0.000  0.004  0.000  0.004
   1.47167     -1.991548  0.000  0.002  0.000  0.002
   1.45171     -1.993026  0.000  0.000  0.000  0.002
   1.45171     -1.993026  0.000  0.000  0.000  0.002
   1.42349     -1.999563  0.000  0.002  0.000  0.002
   1.39526     -2.015213  0.000  0.002  0.000  0.002
   1.36704     -2.034781  0.000  0.000  0.000  0.000
   1.33882     -2.055173  0.000  0.000  0.000  0.000
   1.31059     -2.073318  0.000  0.004  0.000  0.004
   1.28237     -2.087175  0.000  0.006  0.000  0.006
   1.25414     -2.098300  0.000  0.004  0.000  0.004
   1.22592     -2.107373  0.000  0.004  0.000  0.004
   1.19769     -2.113899  0.000  0.003  0.000  0.003
   1.16947     -2.117146  0.000  0.002  0.000  0.002
   1.14125     -2.118501  0.000  0.002  0.000  0.002
   1.11302     -2.131356  0.000  0.012  0.000  0.012
   1.08480     -2.148308  0.000  0.020  0.000  0.020
   1.05657     -2.154734  0.000  0.033  0.000  0.034
   1.02835     -2.138556  0.000  0.046  0.000  0.046
   1.00013     -2.112588  0.000  0.049  0.000  0.050
   0.97190     -2.089487  0.000  0.052  0.000  0.052
   0.94368     -2.073854  0.000  0.054  0.000  0.054
   0.91545     -2.068256  0.000  0.055  0.000  0.055
   0.91545     -2.068256  0.000  0.055  0.000  0.055
   0.89550     -2.070240  0.000  0.058  0.000  0.059
   0.87554     -2.070002  0.000  0.065  0.000  0.066
   0.85558     -2.062603  0.000  0.074  0.000  0.074
   0.83562     -2.050860  0.000  0.089  0.000  0.090
   0.81567     -2.056198  0.000  0.061  0.000  0.062
   0.79571     -2.071879  0.000  0.055  0.000  0.056
   0.77575     -2.087732  0.000  0.058  0.000  0.058
   0.75579     -2.102849  0.000  0.064  0.000  0.064
   0.73584     -2.103450  0.000  0.034  0.000  0.035
   0.71588     -2.099723  0.000  0.034  0.000  0.034
   0.69592     -2.095321  0.000  0.034  0.000  0.034
   0.67596     -2.090201  0.000  0.034  0.000  0.034
   0.65600     -2.084414  0.000  0.033  0.000  0.033
   0.63605     -2.078144  0.000  0.031  0.000  0.031
   0.61609     -2.071717  0.000  0.029  0.000  0.029
   0.59613     -2.065611  0.000  0.026  0.000  0.026
   0.57617     -2.060442  0.000  0.023  0.000  0.023
   0.55622     -2.056914  0.000  0.020  0.000  0.020
   0.53626     -2.055654  0.000  0.019  0.000  0.020
   0.53626     -2.055654  0.000  0.019  0.000  0.020
   0.50804     -2.054347  0.000  0.026  0.000  0.026
   0.47981     -2.057827  0.000  0.034  0.000  0.034
   0.45159     -2.067488  0.000  0.042  0.000  0.042
   0.42336     -2.082270  0.000  0.050  0.000  0.050
   0.39514     -2.103365  0.000  0.038  0.000  0.038
   0.36691     -2.120250  0.000  0.038  0.000  0.038
   0.33869     -2.130043  0.000  0.030  0.000  0.030
   0.31047     -2.130008  0.000  0.028  0.000  0.028
   0.28224     -2.123170  0.000  0.032  0.000  0.032
   0.25402     -2.115486  0.000  0.044  0.000  0.044
   0.22579     -2.112057  0.000  0.052  0.000  0.052
   0.19757     -2.112293  0.000  0.052  0.000  0.052
   0.16935     -2.113885  0.000  0.050  0.000  0.050
   0.14112     -2.115782  0.000  0.048  0.000  0.048
   0.11290     -2.117591  0.000  0.046  0.000  0.046
   0.08467     -2.119130  0.000  0.044  0.000  0.044
   0.05645     -2.120294  0.000  0.043  0.000  0.043
   0.02822     -2.097148  0.000  0.014  0.000  0.015
   0.00000     -2.063374  0.000  0.002  0.000  0.002
 
# Band-Index:   59
   0.00000     -2.060213  0.000  0.018  0.000  0.018
   0.02822     -2.022950  0.000  0.008  0.000  0.008
   0.05645     -2.015997  0.000  0.002  0.000  0.002
   0.08467     -2.021790  0.000  0.004  0.000  0.004
   0.11290     -2.029571  0.000  0.004  0.000  0.004
   0.14112     -2.039043  0.000  0.004  0.000  0.004
   0.16935     -2.049898  0.000  0.004  0.000  0.004
   0.19757     -2.061678  0.000  0.004  0.000  0.004
   0.22579     -2.073051  0.000  0.006  0.000  0.006
   0.25402     -2.080640  0.000  0.014  0.000  0.014
   0.28224     -2.092278  0.000  0.002  0.000  0.002
   0.31047     -2.103311  0.000  0.002  0.000  0.002
   0.33869     -2.111185  0.000  0.004  0.000  0.004
   0.36691     -2.114280  0.000  0.012  0.000  0.012
   0.39514     -2.102014  0.000  0.050  0.000  0.050
   0.42336     -2.063599  0.000  0.080  0.000  0.080
   0.45159     -2.029037  0.000  0.032  0.000  0.032
   0.47981     -2.035023  0.000  0.034  0.000  0.034
   0.50804     -2.039833  0.000  0.033  0.000  0.033
   0.53626     -2.040503  0.000  0.032  0.000  0.032
   0.53626     -2.040503  0.000  0.032  0.000  0.032
   0.55622     -2.039587  0.000  0.032  0.000  0.032
   0.57617     -2.036728  0.000  0.035  0.000  0.036
   0.59613     -2.031855  0.000  0.040  0.000  0.040
   0.61609     -2.025182  0.000  0.044  0.000  0.044
   0.63605     -2.017121  0.000  0.050  0.000  0.050
   0.65600     -2.008222  0.000  0.056  0.000  0.056
   0.67596     -2.006433  0.000  0.024  0.000  0.024
   0.69592     -2.009939  0.000  0.020  0.000  0.020
   0.71588     -2.013576  0.000  0.014  0.000  0.014
   0.73584     -2.017663  0.000  0.010  0.000  0.010
   0.75579     -2.022381  0.000  0.006  0.000  0.006
   0.77575     -2.027579  0.000  0.002  0.000  0.002
   0.79571     -2.032853  0.000  0.002  0.000  0.002
   0.81567     -2.037770  0.000  0.000  0.000  0.000
   0.83562     -2.042040  0.000  0.000  0.000  0.000
   0.85558     -2.045488  0.000  0.000  0.000  0.000
   0.87554     -2.048015  0.000  0.000  0.000  0.000
   0.89550     -2.049565  0.000  0.000  0.000  0.000
   0.91545     -2.050084  0.000  0.000  0.000  0.000
   0.91545     -2.050084  0.000  0.000  0.000  0.000
   0.94368     -2.048128  0.000  0.000  0.000  0.000
   0.97190     -2.059973  0.000  0.045  0.000  0.045
   1.00013     -2.084023  0.000  0.034  0.000  0.034
   1.02835     -2.092346  0.000  0.024  0.000  0.024
   1.05657     -2.095248  0.000  0.018  0.000  0.018
   1.08480     -2.098983  0.000  0.015  0.000  0.015
   1.11302     -2.100998  0.000  0.013  0.000  0.014
   1.14125     -2.099788  0.000  0.013  0.000  0.013
   1.16947     -2.095641  0.000  0.014  0.000  0.014
   1.19769     -2.089173  0.000  0.015  0.000  0.015
   1.22592     -2.080805  0.000  0.016  0.000  0.016
   1.25414     -2.070742  0.000  0.018  0.000  0.018
   1.28237     -2.059002  0.000  0.019  0.000  0.019
   1.31059     -2.045483  0.000  0.020  0.000  0.020
   1.33882     -2.030069  0.000  0.020  0.000  0.020
   1.36704     -2.012785  0.000  0.020  0.000  0.020
   1.39526     -1.993971  0.000  0.020  0.000  0.020
   1.42349     -1.974691  0.000  0.019  0.000  0.019
   1.45171     -1.961607  0.000  0.020  0.000  0.020
   1.45171     -1.961607  0.000  0.020  0.000  0.020
   1.47167     -1.962938  0.000  0.003  0.000  0.003
   1.49163     -1.967080  0.000  0.004  0.000  0.004
   1.51159     -1.972889  0.000  0.004  0.000  0.004
   1.53154     -1.979681  0.000  0.004  0.000  0.004
   1.55150     -1.987050  0.000  0.004  0.000  0.004
   1.57146     -1.994745  0.000  0.004  0.000  0.004
   1.59142     -2.002592  0.000  0.004  0.000  0.004
   1.61137     -2.010440  0.000  0.003  0.000  0.003
   1.63133     -2.018162  0.000  0.002  0.000  0.002
   1.65129     -2.025633  0.000  0.002  0.000  0.002
   1.67125     -2.032730  0.000  0.002  0.000  0.002
   1.69120     -2.039337  0.000  0.002  0.000  0.002
   1.71116     -2.045334  0.000  0.002  0.000  0.002
   1.73112     -2.050617  0.000  0.002  0.000  0.002
   1.75108     -2.055087  0.000  0.002  0.000  0.002
   1.77103     -2.058659  0.000  0.002  0.000  0.002
   1.79099     -2.061128  0.000  0.018  0.000  0.018
   1.81095     -2.060449  0.000  0.018  0.000  0.018
   1.83091     -2.060213  0.000  0.018  0.000  0.018
 
# Band-Index:   60
   1.83091     -2.011218  0.000  0.002  0.000  0.002
   1.81095     -2.010883  0.000  0.002  0.000  0.002
   1.79099     -2.009885  0.000  0.002  0.000  0.002
   1.77103     -2.008235  0.000  0.002  0.000  0.002
   1.75108     -2.005956  0.000  0.002  0.000  0.002
   1.73112     -2.003075  0.000  0.002  0.000  0.002
   1.71116     -1.999632  0.000  0.002  0.000  0.002
   1.69120     -1.995670  0.000  0.002  0.000  0.002
   1.67125     -1.991252  0.000  0.002  0.000  0.002
   1.65129     -1.986444  0.000  0.004  0.000  0.004
   1.63133     -1.981325  0.000  0.004  0.000  0.004
   1.61137     -1.975988  0.000  0.004  0.000  0.004
   1.59142     -1.970548  0.000  0.004  0.000  0.004
   1.57146     -1.965132  0.000  0.004  0.000  0.004
   1.55150     -1.959899  0.000  0.006  0.000  0.006
   1.53154     -1.955023  0.000  0.006  0.000  0.006
   1.51159     -1.955013  0.000  0.016  0.000  0.016
   1.49163     -1.959687  0.000  0.020  0.000  0.020
   1.47167     -1.961258  0.000  0.020  0.000  0.021
   1.45171     -1.961387  0.000  0.003  0.000  0.003
   1.45171     -1.961387  0.000  0.003  0.000  0.003
   1.42349     -1.960878  0.000  0.006  0.000  0.006
   1.39526     -1.961602  0.000  0.014  0.000  0.014
   1.36704     -1.965898  0.000  0.024  0.000  0.024
   1.33882     -1.972907  0.000  0.028  0.000  0.028
   1.31059     -1.981718  0.000  0.026  0.000  0.026
   1.28237     -1.993432  0.000  0.018  0.000  0.018
   1.25414     -2.009612  0.000  0.012  0.000  0.012
   1.22592     -2.030175  0.000  0.010  0.000  0.010
   1.19769     -2.053563  0.000  0.010  0.000  0.010
   1.16947     -2.077655  0.000  0.014  0.000  0.014
   1.14125     -2.097723  0.000  0.020  0.000  0.020
   1.11302     -2.095811  0.000  0.016  0.000  0.016
   1.08480     -2.072494  0.000  0.022  0.000  0.023
   1.05657     -2.034952  0.000  0.040  0.000  0.040
   1.02835     -2.033831  0.000  0.029  0.000  0.029
   1.00013     -2.033921  0.000  0.000  0.000  0.000
   0.97190     -2.042624  0.000  0.000  0.000  0.000
   0.94368     -2.042072  0.000  0.045  0.000  0.046
   0.91545     -2.036379  0.000  0.044  0.000  0.044
   0.91545     -2.036379  0.000  0.044  0.000  0.044
   0.89550     -2.029557  0.000  0.042  0.000  0.042
   0.87554     -2.019487  0.000  0.034  0.000  0.034
   0.85558     -2.020003  0.000  0.014  0.000  0.014
   0.83562     -2.033112  0.000  0.008  0.000  0.008
   0.81567     -2.026968  0.000  0.044  0.000  0.044
   0.79571     -2.011154  0.000  0.040  0.000  0.040
   0.77575     -2.007902  0.000  0.043  0.000  0.043
   0.75579     -2.004056  0.000  0.045  0.000  0.045
   0.73584     -1.999603  0.000  0.046  0.000  0.046
   0.71588     -1.994836  0.000  0.048  0.000  0.048
   0.69592     -1.991028  0.000  0.064  0.000  0.064
   0.67596     -1.999201  0.000  0.061  0.000  0.062
   0.65600     -2.002734  0.000  0.026  0.000  0.026
   0.63605     -1.998602  0.000  0.025  0.000  0.025
   0.61609     -1.994071  0.000  0.019  0.000  0.019
   0.59613     -1.990651  0.000  0.014  0.000  0.014
   0.57617     -1.990853  0.000  0.038  0.000  0.038
   0.55622     -1.992139  0.000  0.051  0.000  0.051
   0.53626     -1.992717  0.000  0.055  0.000  0.055
   0.53626     -1.992717  0.000  0.055  0.000  0.055
   0.50804     -1.991760  0.000  0.057  0.000  0.057
   0.47981     -1.991010  0.000  0.082  0.000  0.082
   0.45159     -2.014425  0.000  0.101  0.000  0.101
   0.42336     -2.027520  0.000  0.028  0.000  0.028
   0.39514     -2.038523  0.000  0.024  0.000  0.024
   0.36691     -2.055953  0.000  0.023  0.000  0.023
   0.33869     -2.068602  0.000  0.028  0.000  0.028
   0.31047     -2.077000  0.000  0.030  0.000  0.030
   0.28224     -2.081500  0.000  0.026  0.000  0.026
   0.25402     -2.077506  0.000  0.002  0.000  0.002
   0.22579     -2.058601  0.000  0.002  0.000  0.002
   0.19757     -2.036052  0.000  0.002  0.000  0.002
   0.16935     -2.010934  0.000  0.002  0.000  0.002
   0.14112     -1.984525  0.000  0.004  0.000  0.004
   0.11290     -1.958324  0.000  0.006  0.000  0.006
   0.08467     -1.942972  0.000  0.004  0.000  0.004
   0.05645     -1.982258  0.000  0.006  0.000  0.006
   0.02822     -2.012419  0.000  0.002  0.000  0.002
   0.00000     -2.011218  0.000  0.002  0.000  0.002
 
# Band-Index:   61
   0.00000     -1.899748  0.000  0.000  0.000  0.000
   0.02822     -1.901646  0.000  0.012  0.000  0.012
   0.05645     -1.913661  0.000  0.014  0.000  0.014
   0.08467     -1.932469  0.000  0.010  0.000  0.010
   0.11290     -1.908343  0.000  0.007  0.000  0.008
   0.14112     -1.917343  0.000  0.004  0.000  0.004
   0.16935     -1.940995  0.000  0.004  0.000  0.004
   0.19757     -1.962463  0.000  0.004  0.000  0.004
   0.22579     -1.980335  0.000  0.006  0.000  0.006
   0.25402     -1.993779  0.000  0.007  0.000  0.007
   0.28224     -2.002733  0.000  0.008  0.000  0.008
   0.31047     -2.007658  0.000  0.008  0.000  0.008
   0.33869     -2.009218  0.000  0.010  0.000  0.010
   0.36691     -2.007896  0.000  0.012  0.000  0.012
   0.39514     -2.001337  0.000  0.018  0.000  0.018
   0.42336     -1.977631  0.000  0.051  0.000  0.051
   0.45159     -1.977509  0.000  0.019  0.000  0.019
   0.47981     -1.974637  0.000  0.030  0.000  0.030
   0.50804     -1.967069  0.000  0.049  0.000  0.049
   0.53626     -1.965653  0.000  0.051  0.000  0.051
   0.53626     -1.965653  0.000  0.051  0.000  0.051
   0.55622     -1.970237  0.000  0.063  0.000  0.063
   0.57617     -1.977543  0.000  0.078  0.000  0.078
   0.59613     -1.982862  0.000  0.097  0.000  0.097
   0.61609     -1.983859  0.000  0.085  0.000  0.086
   0.63605     -1.983693  0.000  0.070  0.000  0.070
   0.65600     -1.984504  0.000  0.061  0.000  0.061
   0.67596     -1.986749  0.000  0.054  0.000  0.054
   0.69592     -1.990340  0.000  0.050  0.000  0.050
   0.71588     -1.985040  0.000  0.064  0.000  0.065
   0.73584     -1.982950  0.000  0.063  0.000  0.063
   0.75579     -1.986409  0.000  0.060  0.000  0.060
   0.77575     -1.995967  0.000  0.058  0.000  0.058
   0.79571     -2.010438  0.000  0.056  0.000  0.056
   0.81567     -2.013912  0.000  0.038  0.000  0.038
   0.83562     -2.016232  0.000  0.036  0.000  0.036
   0.85558     -2.018105  0.000  0.034  0.000  0.034
   0.87554     -2.016175  0.000  0.027  0.000  0.027
   0.89550     -2.020337  0.000  0.032  0.000  0.032
   0.91545     -2.020623  0.000  0.032  0.000  0.032
   0.91545     -2.020623  0.000  0.032  0.000  0.032
   0.94368     -2.018832  0.000  0.032  0.000  0.032
   0.97190     -2.013851  0.000  0.035  0.000  0.035
   1.00013     -2.027267  0.000  0.019  0.000  0.019
   1.02835     -2.022418  0.000  0.000  0.000  0.000
   1.05657     -2.032971  0.000  0.044  0.000  0.044
   1.08480     -2.039404  0.000  0.032  0.000  0.032
   1.11302     -2.045240  0.000  0.024  0.000  0.024
   1.14125     -2.043390  0.000  0.022  0.000  0.022
   1.16947     -2.036562  0.000  0.024  0.000  0.024
   1.19769     -2.026454  0.000  0.024  0.000  0.024
   1.22592     -2.013832  0.000  0.024  0.000  0.024
   1.25414     -1.999051  0.000  0.023  0.000  0.023
   1.28237     -1.982459  0.000  0.019  0.000  0.019
   1.31059     -1.964710  0.000  0.015  0.000  0.015
   1.33882     -1.947132  0.000  0.010  0.000  0.010
   1.36704     -1.932465  0.000  0.006  0.000  0.006
   1.39526     -1.927040  0.000  0.006  0.000  0.006
   1.42349     -1.933546  0.000  0.007  0.000  0.007
   1.45171     -1.943688  0.000  0.006  0.000  0.006
   1.45171     -1.943688  0.000  0.006  0.000  0.006
   1.47167     -1.944666  0.000  0.006  0.000  0.006
   1.49163     -1.947170  0.000  0.006  0.000  0.006
   1.51159     -1.950707  0.000  0.006  0.000  0.006
   1.53154     -1.945826  0.000  0.012  0.000  0.012
   1.55150     -1.933768  0.000  0.010  0.000  0.010
   1.57146     -1.921294  0.000  0.008  0.000  0.008
   1.59142     -1.910192  0.000  0.010  0.000  0.010
   1.61137     -1.905730  0.000  0.000  0.000  0.000
   1.63133     -1.903753  0.000  0.000  0.000  0.000
   1.65129     -1.902211  0.000  0.000  0.000  0.000
   1.67125     -1.901072  0.000  0.000  0.000  0.000
   1.69120     -1.900294  0.000  0.000  0.000  0.000
   1.71116     -1.899821  0.000  0.000  0.000  0.000
   1.73112     -1.899588  0.000  0.000  0.000  0.000
   1.75108     -1.899527  0.000  0.000  0.000  0.000
   1.77103     -1.899569  0.000  0.000  0.000  0.000
   1.79099     -1.899650  0.000  0.000  0.000  0.000
   1.81095     -1.899721  0.000  0.000  0.000  0.000
   1.83091     -1.899748  0.000  0.000  0.000  0.000
 
# Band-Index:   62
   1.83091     -1.894367  0.000  0.034  0.000  0.034
   1.81095     -1.894156  0.000  0.034  0.000  0.034
   1.79099     -1.893550  0.000  0.032  0.000  0.033
   1.77103     -1.892625  0.000  0.032  0.000  0.032
   1.75108     -1.891509  0.000  0.030  0.000  0.030
   1.73112     -1.890391  0.000  0.028  0.000  0.028
   1.71116     -1.889519  0.000  0.026  0.000  0.026
   1.69120     -1.889199  0.000  0.022  0.000  0.022
   1.67125     -1.889786  0.000  0.020  0.000  0.020
   1.65129     -1.891699  0.000  0.016  0.000  0.016
   1.63133     -1.895430  0.000  0.014  0.000  0.014
   1.61137     -1.901488  0.000  0.010  0.000  0.010
   1.59142     -1.908158  0.000  0.002  0.000  0.002
   1.57146     -1.911038  0.000  0.002  0.000  0.002
   1.55150     -1.914353  0.000  0.002  0.000  0.002
   1.53154     -1.918037  0.000  0.002  0.000  0.002
   1.51159     -1.921962  0.000  0.002  0.000  0.002
   1.49163     -1.925838  0.000  0.003  0.000  0.003
   1.47167     -1.929035  0.000  0.004  0.000  0.004
   1.45171     -1.930384  0.000  0.004  0.000  0.004
   1.45171     -1.930384  0.000  0.004  0.000  0.004
   1.42349     -1.929127  0.000  0.004  0.000  0.004
   1.39526     -1.926180  0.000  0.006  0.000  0.006
   1.36704     -1.924421  0.000  0.010  0.000  0.010
   1.33882     -1.923232  0.000  0.020  0.000  0.020
   1.31059     -1.924274  0.000  0.036  0.000  0.036
   1.28237     -1.925920  0.000  0.056  0.000  0.056
   1.25414     -1.925472  0.000  0.074  0.000  0.074
   1.22592     -1.922023  0.000  0.085  0.000  0.085
   1.19769     -1.918339  0.000  0.004  0.000  0.004
   1.16947     -1.942301  0.000  0.041  0.000  0.041
   1.14125     -1.967113  0.000  0.039  0.000  0.039
   1.11302     -1.989442  0.000  0.034  0.000  0.035
   1.08480     -2.006211  0.000  0.022  0.000  0.023
   1.05657     -2.007884  0.000  0.001  0.000  0.001
   1.02835     -2.006354  0.000  0.046  0.000  0.046
   1.00013     -2.007183  0.000  0.038  0.000  0.038
   0.97190     -2.012862  0.000  0.016  0.000  0.016
   0.94368     -1.996508  0.000  0.019  0.000  0.020
   0.91545     -1.989158  0.000  0.022  0.000  0.022
   0.91545     -1.989158  0.000  0.022  0.000  0.022
   0.89550     -1.992930  0.000  0.024  0.000  0.025
   0.87554     -2.001627  0.000  0.041  0.000  0.041
   0.85558     -1.994264  0.000  0.057  0.000  0.058
   0.83562     -1.976897  0.000  0.058  0.000  0.058
   0.81567     -1.959795  0.000  0.064  0.000  0.065
   0.79571     -1.944093  0.000  0.076  0.000  0.076
   0.77575     -1.930124  0.000  0.090  0.000  0.090
   0.75579     -1.917714  0.000  0.104  0.000  0.106
   0.73584     -1.906510  0.000  0.116  0.000  0.116
   0.71588     -1.896583  0.000  0.121  0.000  0.122
   0.69592     -1.888445  0.000  0.124  0.000  0.124
   0.67596     -1.882557  0.000  0.124  0.000  0.125
   0.65600     -1.878991  0.000  0.124  0.000  0.124
   0.63605     -1.889769  0.000  0.074  0.000  0.074
   0.61609     -1.903840  0.000  0.078  0.000  0.078
   0.59613     -1.917510  0.000  0.081  0.000  0.081
   0.57617     -1.930407  0.000  0.085  0.000  0.085
   0.55622     -1.941675  0.000  0.094  0.000  0.094
   0.53626     -1.947551  0.000  0.105  0.000  0.105
   0.53626     -1.947551  0.000  0.105  0.000  0.105
   0.50804     -1.947527  0.000  0.105  0.000  0.105
   0.47981     -1.948313  0.000  0.105  0.000  0.105
   0.45159     -1.954359  0.000  0.095  0.000  0.095
   0.42336     -1.970436  0.000  0.025  0.000  0.025
   0.39514     -1.960844  0.000  0.025  0.000  0.025
   0.36691     -1.949852  0.000  0.024  0.000  0.024
   0.33869     -1.938104  0.000  0.023  0.000  0.023
   0.31047     -1.928465  0.000  0.020  0.000  0.020
   0.28224     -1.929408  0.000  0.028  0.000  0.028
   0.25402     -1.926099  0.000  0.026  0.000  0.026
   0.22579     -1.919175  0.000  0.022  0.000  0.022
   0.19757     -1.911029  0.000  0.020  0.000  0.020
   0.16935     -1.903856  0.000  0.018  0.000  0.018
   0.14112     -1.899847  0.000  0.016  0.000  0.016
   0.11290     -1.893145  0.000  0.004  0.000  0.004
   0.08467     -1.888356  0.000  0.018  0.000  0.018
   0.05645     -1.891580  0.000  0.016  0.000  0.016
   0.02822     -1.894847  0.000  0.022  0.000  0.022
   0.00000     -1.894367  0.000  0.034  0.000  0.034
 
# Band-Index:   63
   0.00000     -1.829582  0.000  0.006  0.000  0.006
   0.02822     -1.835735  0.000  0.004  0.000  0.004
   0.05645     -1.850326  0.000  0.004  0.000  0.004
   0.08467     -1.870163  0.000  0.004  0.000  0.004
   0.11290     -1.883993  0.000  0.018  0.000  0.018
   0.14112     -1.870038  0.000  0.014  0.000  0.014
   0.16935     -1.867964  0.000  0.022  0.000  0.022
   0.19757     -1.876987  0.000  0.028  0.000  0.028
   0.22579     -1.888703  0.000  0.030  0.000  0.030
   0.25402     -1.900818  0.000  0.030  0.000  0.030
   0.28224     -1.912971  0.000  0.029  0.000  0.029
   0.31047     -1.924028  0.000  0.037  0.000  0.037
   0.33869     -1.919108  0.000  0.030  0.000  0.030
   0.36691     -1.908571  0.000  0.020  0.000  0.020
   0.39514     -1.907623  0.000  0.126  0.000  0.126
   0.42336     -1.905936  0.000  0.106  0.000  0.106
   0.45159     -1.909262  0.000  0.116  0.000  0.116
   0.47981     -1.902521  0.000  0.137  0.000  0.137
   0.50804     -1.888153  0.000  0.149  0.000  0.149
   0.53626     -1.881592  0.000  0.149  0.000  0.150
   0.53626     -1.881592  0.000  0.149  0.000  0.150
   0.55622     -1.881111  0.000  0.147  0.000  0.148
   0.57617     -1.879882  0.000  0.142  0.000  0.142
   0.59613     -1.878438  0.000  0.135  0.000  0.135
   0.61609     -1.877428  0.000  0.128  0.000  0.129
   0.63605     -1.877441  0.000  0.124  0.000  0.125
   0.65600     -1.875563  0.000  0.071  0.000  0.072
   0.67596     -1.861459  0.000  0.068  0.000  0.068
   0.69592     -1.855414  0.000  0.023  0.000  0.023
   0.71588     -1.855185  0.000  0.024  0.000  0.024
   0.73584     -1.854234  0.000  0.031  0.000  0.031
   0.75579     -1.851639  0.000  0.042  0.000  0.042
   0.77575     -1.846716  0.000  0.057  0.000  0.057
   0.79571     -1.839556  0.000  0.073  0.000  0.074
   0.81567     -1.831208  0.000  0.092  0.000  0.092
   0.83562     -1.825260  0.000  0.111  0.000  0.113
   0.85558     -1.829326  0.000  0.103  0.000  0.103
   0.87554     -1.838595  0.000  0.095  0.000  0.095
   0.89550     -1.846852  0.000  0.094  0.000  0.094
   0.91545     -1.850174  0.000  0.094  0.000  0.094
   0.91545     -1.850174  0.000  0.094  0.000  0.094
   0.94368     -1.855598  0.000  0.097  0.000  0.097
   0.97190     -1.873996  0.000  0.099  0.000  0.099
   1.00013     -1.913089  0.000  0.052  0.000  0.052
   1.02835     -1.962501  0.000  0.035  0.000  0.035
   1.05657     -2.001281  0.000  0.013  0.000  0.014
   1.08480     -1.991856  0.000  0.000  0.000  0.000
   1.11302     -1.974279  0.000  0.002  0.000  0.002
   1.14125     -1.955784  0.000  0.002  0.000  0.002
   1.16947     -1.936948  0.000  0.003  0.000  0.003
   1.19769     -1.916979  0.000  0.081  0.000  0.081
   1.22592     -1.900511  0.000  0.004  0.000  0.004
   1.25414     -1.884043  0.000  0.006  0.000  0.006
   1.28237     -1.869551  0.000  0.006  0.000  0.006
   1.31059     -1.857683  0.000  0.008  0.000  0.008
   1.33882     -1.851923  0.000  0.012  0.000  0.012
   1.36704     -1.861847  0.000  0.012  0.000  0.012
   1.39526     -1.869346  0.000  0.008  0.000  0.008
   1.42349     -1.869231  0.000  0.002  0.000  0.002
   1.45171     -1.867504  0.000  0.000  0.000  0.000
   1.45171     -1.867504  0.000  0.000  0.000  0.000
   1.47167     -1.866833  0.000  0.000  0.000  0.000
   1.49163     -1.864905  0.000  0.000  0.000  0.000
   1.51159     -1.861924  0.000  0.000  0.000  0.000
   1.53154     -1.858161  0.000  0.000  0.000  0.000
   1.55150     -1.853881  0.000  0.000  0.000  0.000
   1.57146     -1.849318  0.000  0.000  0.000  0.000
   1.59142     -1.844675  0.000  0.000  0.000  0.000
   1.61137     -1.840115  0.000  0.000  0.000  0.000
   1.63133     -1.835782  0.000  0.000  0.000  0.000
   1.65129     -1.831786  0.000  0.002  0.000  0.002
   1.67125     -1.828207  0.000  0.002  0.000  0.002
   1.69120     -1.825089  0.000  0.002  0.000  0.002
   1.71116     -1.824884  0.000  0.008  0.000  0.008
   1.73112     -1.826442  0.000  0.008  0.000  0.008
   1.75108     -1.827680  0.000  0.008  0.000  0.008
   1.77103     -1.828571  0.000  0.008  0.000  0.008
   1.79099     -1.829155  0.000  0.008  0.000  0.008
   1.81095     -1.829481  0.000  0.006  0.000  0.006
   1.83091     -1.829582  0.000  0.006  0.000  0.006
 
# Band-Index:   64
   1.83091     -1.811679  0.000  0.008  0.000  0.008
   1.81095     -1.813151  0.000  0.006  0.000  0.006
   1.79099     -1.814739  0.000  0.006  0.000  0.006
   1.77103     -1.816393  0.000  0.006  0.000  0.006
   1.75108     -1.818167  0.000  0.006  0.000  0.006
   1.73112     -1.820141  0.000  0.004  0.000  0.004
   1.71116     -1.822418  0.000  0.004  0.000  0.004
   1.69120     -1.823154  0.000  0.008  0.000  0.008
   1.67125     -1.821712  0.000  0.008  0.000  0.008
   1.65129     -1.821807  0.000  0.009  0.000  0.009
   1.63133     -1.825509  0.000  0.014  0.000  0.014
   1.61137     -1.832238  0.000  0.022  0.000  0.022
   1.59142     -1.839420  0.000  0.028  0.000  0.028
   1.57146     -1.845624  0.000  0.032  0.000  0.033
   1.55150     -1.850420  0.000  0.037  0.000  0.037
   1.53154     -1.853842  0.000  0.041  0.000  0.042
   1.51159     -1.856059  0.000  0.045  0.000  0.045
   1.49163     -1.857279  0.000  0.048  0.000  0.048
   1.47167     -1.857796  0.000  0.050  0.000  0.051
   1.45171     -1.857924  0.000  0.052  0.000  0.052
   1.45171     -1.857924  0.000  0.052  0.000  0.052
   1.42349     -1.855215  0.000  0.046  0.000  0.046
   1.39526     -1.848975  0.000  0.032  0.000  0.033
   1.36704     -1.845769  0.000  0.020  0.000  0.020
   1.33882     -1.849252  0.000  0.012  0.000  0.012
   1.31059     -1.847157  0.000  0.014  0.000  0.014
   1.28237     -1.852747  0.000  0.020  0.000  0.020
   1.25414     -1.868806  0.000  0.029  0.000  0.029
   1.22592     -1.891270  0.000  0.036  0.000  0.036
   1.19769     -1.916384  0.000  0.051  0.000  0.051
   1.16947     -1.913341  0.000  0.091  0.000  0.091
   1.14125     -1.917359  0.000  0.077  0.000  0.078
   1.11302     -1.930204  0.000  0.060  0.000  0.060
   1.08480     -1.945706  0.000  0.049  0.000  0.049
   1.05657     -1.957097  0.000  0.044  0.000  0.044
   1.02835     -1.946556  0.000  0.061  0.000  0.061
   1.00013     -1.907753  0.000  0.088  0.000  0.088
   0.97190     -1.866085  0.000  0.057  0.000  0.057
   0.94368     -1.826668  0.000  0.047  0.000  0.047
   0.91545     -1.801933  0.000  0.008  0.000  0.008
   0.91545     -1.801933  0.000  0.008  0.000  0.008
   0.89550     -1.801811  0.000  0.008  0.000  0.008
   0.87554     -1.801472  0.000  0.008  0.000  0.008
   0.85558     -1.804531  0.000  0.070  0.000  0.070
   0.83562     -1.809820  0.000  0.055  0.000  0.055
   0.81567     -1.807306  0.000  0.066  0.000  0.066
   0.79571     -1.803969  0.000  0.072  0.000  0.072
   0.77575     -1.804430  0.000  0.014  0.000  0.014
   0.75579     -1.811712  0.000  0.037  0.000  0.037
   0.73584     -1.822301  0.000  0.051  0.000  0.051
   0.71588     -1.834523  0.000  0.058  0.000  0.058
   0.69592     -1.847692  0.000  0.064  0.000  0.064
   0.67596     -1.855656  0.000  0.026  0.000  0.026
   0.65600     -1.856358  0.000  0.030  0.000  0.030
   0.63605     -1.857653  0.000  0.034  0.000  0.034
   0.61609     -1.859337  0.000  0.036  0.000  0.036
   0.59613     -1.861007  0.000  0.036  0.000  0.036
   0.57617     -1.862323  0.000  0.034  0.000  0.034
   0.55622     -1.863131  0.000  0.034  0.000  0.034
   0.53626     -1.863401  0.000  0.032  0.000  0.033
   0.53626     -1.863401  0.000  0.032  0.000  0.033
   0.50804     -1.865172  0.000  0.030  0.000  0.030
   0.47981     -1.869548  0.000  0.032  0.000  0.032
   0.45159     -1.880379  0.000  0.076  0.000  0.076
   0.42336     -1.904269  0.000  0.094  0.000  0.094
   0.39514     -1.899315  0.000  0.015  0.000  0.015
   0.36691     -1.899412  0.000  0.132  0.000  0.132
   0.33869     -1.886556  0.000  0.133  0.000  0.133
   0.31047     -1.870944  0.000  0.131  0.000  0.132
   0.28224     -1.853624  0.000  0.129  0.000  0.129
   0.25402     -1.835370  0.000  0.126  0.000  0.126
   0.22579     -1.817009  0.000  0.123  0.000  0.123
   0.19757     -1.799886  0.000  0.118  0.000  0.118
   0.16935     -1.791358  0.000  0.068  0.000  0.068
   0.14112     -1.804602  0.000  0.057  0.000  0.057
   0.11290     -1.803519  0.000  0.051  0.000  0.051
   0.08467     -1.799594  0.000  0.052  0.000  0.052
   0.05645     -1.809201  0.000  0.028  0.000  0.028
   0.02822     -1.812159  0.000  0.016  0.000  0.016
   0.00000     -1.811679  0.000  0.008  0.000  0.008
 
# Band-Index:   65
   0.00000     -1.811540  0.000  0.004  0.000  0.004
   0.02822     -1.808318  0.000  0.006  0.000  0.006
   0.05645     -1.801929  0.000  0.012  0.000  0.012
   0.08467     -1.794265  0.000  0.021  0.000  0.021
   0.11290     -1.786558  0.000  0.041  0.000  0.041
   0.14112     -1.782315  0.000  0.074  0.000  0.074
   0.16935     -1.786822  0.000  0.105  0.000  0.105
   0.19757     -1.778376  0.000  0.103  0.000  0.103
   0.22579     -1.784369  0.000  0.160  0.000  0.160
   0.25402     -1.801146  0.000  0.151  0.000  0.152
   0.28224     -1.819469  0.000  0.147  0.000  0.147
   0.31047     -1.838248  0.000  0.143  0.000  0.143
   0.33869     -1.856732  0.000  0.140  0.000  0.140
   0.36691     -1.873993  0.000  0.139  0.000  0.140
   0.39514     -1.887257  0.000  0.137  0.000  0.137
   0.42336     -1.883903  0.000  0.054  0.000  0.055
   0.45159     -1.875930  0.000  0.037  0.000  0.037
   0.47981     -1.839971  0.000  0.073  0.000  0.073
   0.50804     -1.809378  0.000  0.077  0.000  0.077
   0.53626     -1.798343  0.000  0.079  0.000  0.079
   0.53626     -1.798343  0.000  0.079  0.000  0.079
   0.55622     -1.798613  0.000  0.079  0.000  0.079
   0.57617     -1.799393  0.000  0.077  0.000  0.078
   0.59613     -1.800570  0.000  0.076  0.000  0.077
   0.61609     -1.801934  0.000  0.075  0.000  0.075
   0.63605     -1.803175  0.000  0.073  0.000  0.073
   0.65600     -1.803948  0.000  0.071  0.000  0.071
   0.67596     -1.804031  0.000  0.070  0.000  0.071
   0.69592     -1.803462  0.000  0.069  0.000  0.069
   0.71588     -1.802555  0.000  0.070  0.000  0.070
   0.73584     -1.801741  0.000  0.071  0.000  0.071
   0.75579     -1.801443  0.000  0.072  0.000  0.073
   0.77575     -1.802058  0.000  0.073  0.000  0.073
   0.79571     -1.801383  0.000  0.004  0.000  0.004
   0.81567     -1.800556  0.000  0.004  0.000  0.004
   0.83562     -1.800611  0.000  0.004  0.000  0.004
   0.85558     -1.801013  0.000  0.006  0.000  0.006
   0.87554     -1.795490  0.000  0.082  0.000  0.082
   0.89550     -1.786987  0.000  0.087  0.000  0.087
   0.91545     -1.782673  0.000  0.088  0.000  0.088
   0.91545     -1.782673  0.000  0.088  0.000  0.088
   0.94368     -1.771988  0.000  0.097  0.000  0.097
   0.97190     -1.790022  0.000  0.075  0.000  0.076
   1.00013     -1.808361  0.000  0.060  0.000  0.061
   1.02835     -1.823431  0.000  0.058  0.000  0.058
   1.05657     -1.836425  0.000  0.058  0.000  0.058
   1.08480     -1.848080  0.000  0.057  0.000  0.057
   1.11302     -1.857531  0.000  0.052  0.000  0.052
   1.14125     -1.861332  0.000  0.038  0.000  0.038
   1.16947     -1.854070  0.000  0.026  0.000  0.026
   1.19769     -1.837215  0.000  0.024  0.000  0.024
   1.22592     -1.816644  0.000  0.022  0.000  0.022
   1.25414     -1.796231  0.000  0.016  0.000  0.016
   1.28237     -1.780462  0.000  0.006  0.000  0.006
   1.31059     -1.776367  0.000  0.051  0.000  0.051
   1.33882     -1.779820  0.000  0.003  0.000  0.003
   1.36704     -1.788832  0.000  0.004  0.000  0.004
   1.39526     -1.795941  0.000  0.008  0.000  0.008
   1.42349     -1.800791  0.000  0.014  0.000  0.014
   1.45171     -1.804150  0.000  0.016  0.000  0.016
   1.45171     -1.804150  0.000  0.016  0.000  0.016
   1.47167     -1.803360  0.000  0.014  0.000  0.015
   1.49163     -1.801988  0.000  0.014  0.000  0.014
   1.51159     -1.801810  0.000  0.013  0.000  0.014
   1.53154     -1.802654  0.000  0.014  0.000  0.014
   1.55150     -1.803780  0.000  0.014  0.000  0.014
   1.57146     -1.804941  0.000  0.014  0.000  0.014
   1.59142     -1.806101  0.000  0.016  0.000  0.016
   1.61137     -1.807102  0.000  0.018  0.000  0.018
   1.63133     -1.807179  0.000  0.022  0.000  0.022
   1.65129     -1.804546  0.000  0.024  0.000  0.024
   1.67125     -1.799269  0.000  0.006  0.000  0.006
   1.69120     -1.801370  0.000  0.006  0.000  0.006
   1.71116     -1.803143  0.000  0.006  0.000  0.006
   1.73112     -1.804663  0.000  0.006  0.000  0.006
   1.75108     -1.806035  0.000  0.006  0.000  0.006
   1.77103     -1.807360  0.000  0.006  0.000  0.006
   1.79099     -1.808711  0.000  0.006  0.000  0.006
   1.81095     -1.810126  0.000  0.006  0.000  0.006
   1.83091     -1.811540  0.000  0.004  0.000  0.004
 
# Band-Index:   66
   1.83091     -1.773423  0.000  0.016  0.000  0.016
   1.81095     -1.773814  0.000  0.016  0.000  0.016
   1.79099     -1.774981  0.000  0.016  0.000  0.016
   1.77103     -1.776933  0.000  0.016  0.000  0.016
   1.75108     -1.779689  0.000  0.016  0.000  0.016
   1.73112     -1.783290  0.000  0.016  0.000  0.016
   1.71116     -1.787790  0.000  0.016  0.000  0.016
   1.69120     -1.793172  0.000  0.018  0.000  0.018
   1.67125     -1.799139  0.000  0.022  0.000  0.022
   1.65129     -1.796817  0.000  0.006  0.000  0.006
   1.63133     -1.794031  0.000  0.006  0.000  0.006
   1.61137     -1.790974  0.000  0.006  0.000  0.006
   1.59142     -1.787736  0.000  0.004  0.000  0.004
   1.57146     -1.784440  0.000  0.004  0.000  0.004
   1.55150     -1.781227  0.000  0.004  0.000  0.004
   1.53154     -1.779162  0.000  0.031  0.000  0.031
   1.51159     -1.786285  0.000  0.028  0.000  0.028
   1.49163     -1.791073  0.000  0.024  0.000  0.024
   1.47167     -1.792736  0.000  0.020  0.000  0.020
   1.45171     -1.792956  0.000  0.018  0.000  0.018
   1.45171     -1.792956  0.000  0.018  0.000  0.018
   1.42349     -1.795599  0.000  0.012  0.000  0.012
   1.39526     -1.792439  0.000  0.014  0.000  0.014
   1.36704     -1.782280  0.000  0.015  0.000  0.015
   1.33882     -1.775818  0.000  0.031  0.000  0.031
   1.31059     -1.775705  0.000  0.007  0.000  0.007
   1.28237     -1.776536  0.000  0.061  0.000  0.062
   1.25414     -1.773598  0.000  0.061  0.000  0.061
   1.22592     -1.769058  0.000  0.058  0.000  0.059
   1.19769     -1.763956  0.000  0.055  0.000  0.055
   1.16947     -1.758183  0.000  0.052  0.000  0.052
   1.14125     -1.751427  0.000  0.050  0.000  0.050
   1.11302     -1.743709  0.000  0.051  0.000  0.051
   1.08480     -1.735830  0.000  0.056  0.000  0.056
   1.05657     -1.730741  0.000  0.065  0.000  0.065
   1.02835     -1.731432  0.000  0.060  0.000  0.060
   1.00013     -1.736513  0.000  0.045  0.000  0.045
   0.97190     -1.745085  0.000  0.018  0.000  0.018
   0.94368     -1.764069  0.000  0.045  0.000  0.045
   0.91545     -1.764107  0.000  0.107  0.000  0.108
   0.91545     -1.764107  0.000  0.107  0.000  0.108
   0.89550     -1.759911  0.000  0.104  0.000  0.104
   0.87554     -1.756826  0.000  0.042  0.000  0.042
   0.85558     -1.761928  0.000  0.048  0.000  0.048
   0.83562     -1.768474  0.000  0.054  0.000  0.054
   0.81567     -1.776070  0.000  0.059  0.000  0.059
   0.79571     -1.784178  0.000  0.063  0.000  0.063
   0.77575     -1.791473  0.000  0.058  0.000  0.058
   0.75579     -1.795860  0.000  0.042  0.000  0.042
   0.73584     -1.797949  0.000  0.036  0.000  0.036
   0.71588     -1.798849  0.000  0.038  0.000  0.038
   0.69592     -1.798529  0.000  0.040  0.000  0.040
   0.67596     -1.796649  0.000  0.044  0.000  0.044
   0.65600     -1.792956  0.000  0.048  0.000  0.048
   0.63605     -1.787463  0.000  0.051  0.000  0.051
   0.61609     -1.780515  0.000  0.054  0.000  0.054
   0.59613     -1.772820  0.000  0.058  0.000  0.059
   0.57617     -1.765476  0.000  0.064  0.000  0.064
   0.55622     -1.759970  0.000  0.068  0.000  0.068
   0.53626     -1.757888  0.000  0.070  0.000  0.070
   0.53626     -1.757888  0.000  0.070  0.000  0.070
   0.50804     -1.757310  0.000  0.069  0.000  0.069
   0.47981     -1.755855  0.000  0.067  0.000  0.067
   0.45159     -1.754241  0.000  0.064  0.000  0.064
   0.42336     -1.753360  0.000  0.062  0.000  0.062
   0.39514     -1.753931  0.000  0.060  0.000  0.060
   0.36691     -1.756106  0.000  0.060  0.000  0.060
   0.33869     -1.759267  0.000  0.061  0.000  0.062
   0.31047     -1.762391  0.000  0.062  0.000  0.062
   0.28224     -1.764796  0.000  0.061  0.000  0.062
   0.25402     -1.766658  0.000  0.058  0.000  0.058
   0.22579     -1.769088  0.000  0.048  0.000  0.048
   0.19757     -1.767127  0.000  0.100  0.000  0.100
   0.16935     -1.759012  0.000  0.116  0.000  0.116
   0.14112     -1.763614  0.000  0.079  0.000  0.079
   0.11290     -1.779682  0.000  0.045  0.000  0.045
   0.08467     -1.791239  0.000  0.017  0.000  0.017
   0.05645     -1.782790  0.000  0.022  0.000  0.022
   0.02822     -1.775864  0.000  0.018  0.000  0.018
   0.00000     -1.773423  0.000  0.016  0.000  0.016
 
# Band-Index:   67
   0.00000     -1.756247  0.000  0.021  0.000  0.021
   0.02822     -1.751645  0.000  0.018  0.000  0.018
   0.05645     -1.741598  0.000  0.014  0.000  0.015
   0.08467     -1.731602  0.000  0.016  0.000  0.016
   0.11290     -1.724913  0.000  0.025  0.000  0.025
   0.14112     -1.722197  0.000  0.032  0.000  0.032
   0.16935     -1.713878  0.000  0.020  0.000  0.020
   0.19757     -1.701924  0.000  0.016  0.000  0.016
   0.22579     -1.684481  0.000  0.018  0.000  0.018
   0.25402     -1.666372  0.000  0.018  0.000  0.018
   0.28224     -1.652840  0.000  0.018  0.000  0.018
   0.31047     -1.645597  0.000  0.024  0.000  0.024
   0.33869     -1.642658  0.000  0.034  0.000  0.034
   0.36691     -1.642855  0.000  0.044  0.000  0.044
   0.39514     -1.645946  0.000  0.056  0.000  0.056
   0.42336     -1.651576  0.000  0.064  0.000  0.064
   0.45159     -1.658828  0.000  0.068  0.000  0.068
   0.47981     -1.666288  0.000  0.068  0.000  0.068
   0.50804     -1.672174  0.000  0.066  0.000  0.067
   0.53626     -1.674495  0.000  0.066  0.000  0.066
   0.53626     -1.674495  0.000  0.066  0.000  0.066
   0.55622     -1.673121  0.000  0.069  0.000  0.069
   0.57617     -1.669902  0.000  0.078  0.000  0.078
   0.59613     -1.666708  0.000  0.088  0.000  0.088
   0.61609     -1.665094  0.000  0.095  0.000  0.096
   0.63605     -1.665596  0.000  0.100  0.000  0.100
   0.65600     -1.667813  0.000  0.102  0.000  0.102
   0.67596     -1.670880  0.000  0.104  0.000  0.104
   0.69592     -1.673862  0.000  0.106  0.000  0.106
   0.71588     -1.675887  0.000  0.108  0.000  0.108
   0.73584     -1.676188  0.000  0.110  0.000  0.110
   0.75579     -1.676082  0.000  0.069  0.000  0.069
   0.77575     -1.682890  0.000  0.075  0.000  0.075
   0.79571     -1.694897  0.000  0.077  0.000  0.077
   0.81567     -1.710878  0.000  0.080  0.000  0.080
   0.83562     -1.726624  0.000  0.086  0.000  0.086
   0.85558     -1.740205  0.000  0.092  0.000  0.092
   0.87554     -1.751258  0.000  0.099  0.000  0.099
   0.89550     -1.753555  0.000  0.039  0.000  0.039
   0.91545     -1.752423  0.000  0.038  0.000  0.038
   0.91545     -1.752423  0.000  0.038  0.000  0.038
   0.94368     -1.749463  0.000  0.044  0.000  0.044
   0.97190     -1.740342  0.000  0.062  0.000  0.062
   1.00013     -1.724214  0.000  0.036  0.000  0.036
   1.02835     -1.713872  0.000  0.028  0.000  0.028
   1.05657     -1.716454  0.000  0.034  0.000  0.034
   1.08480     -1.720672  0.000  0.054  0.000  0.055
   1.11302     -1.723718  0.000  0.068  0.000  0.068
   1.14125     -1.727286  0.000  0.071  0.000  0.071
   1.16947     -1.731500  0.000  0.069  0.000  0.070
   1.19769     -1.735739  0.000  0.063  0.000  0.063
   1.22592     -1.738868  0.000  0.053  0.000  0.053
   1.25414     -1.739510  0.000  0.041  0.000  0.041
   1.28237     -1.737991  0.000  0.023  0.000  0.023
   1.31059     -1.743706  0.000  0.015  0.000  0.015
   1.33882     -1.753506  0.000  0.033  0.000  0.033
   1.36704     -1.756265  0.000  0.067  0.000  0.067
   1.39526     -1.759421  0.000  0.050  0.000  0.050
   1.42349     -1.765140  0.000  0.019  0.000  0.019
   1.45171     -1.771980  0.000  0.002  0.000  0.002
   1.45171     -1.771980  0.000  0.002  0.000  0.002
   1.47167     -1.772416  0.000  0.002  0.000  0.002
   1.49163     -1.773685  0.000  0.002  0.000  0.002
   1.51159     -1.775680  0.000  0.002  0.000  0.002
   1.53154     -1.778248  0.000  0.002  0.000  0.002
   1.55150     -1.771989  0.000  0.031  0.000  0.031
   1.57146     -1.766909  0.000  0.029  0.000  0.029
   1.59142     -1.764130  0.000  0.028  0.000  0.029
   1.61137     -1.762840  0.000  0.033  0.000  0.033
   1.63133     -1.762690  0.000  0.038  0.000  0.038
   1.65129     -1.763170  0.000  0.041  0.000  0.041
   1.67125     -1.763583  0.000  0.039  0.000  0.040
   1.69120     -1.763501  0.000  0.037  0.000  0.037
   1.71116     -1.762811  0.000  0.034  0.000  0.034
   1.73112     -1.761614  0.000  0.031  0.000  0.031
   1.75108     -1.760132  0.000  0.028  0.000  0.028
   1.77103     -1.758633  0.000  0.025  0.000  0.025
   1.79099     -1.757370  0.000  0.023  0.000  0.023
   1.81095     -1.756538  0.000  0.022  0.000  0.022
   1.83091     -1.756247  0.000  0.021  0.000  0.021
 
# Band-Index:   68
   1.83091     -1.717721  0.000  0.057  0.000  0.057
   1.81095     -1.717565  0.000  0.056  0.000  0.057
   1.79099     -1.717086  0.000  0.055  0.000  0.055
   1.77103     -1.716269  0.000  0.054  0.000  0.054
   1.75108     -1.715101  0.000  0.052  0.000  0.052
   1.73112     -1.713591  0.000  0.049  0.000  0.049
   1.71116     -1.719767  0.000  0.038  0.000  0.038
   1.69120     -1.726265  0.000  0.036  0.000  0.036
   1.67125     -1.732591  0.000  0.036  0.000  0.036
   1.65129     -1.738273  0.000  0.037  0.000  0.037
   1.63133     -1.742708  0.000  0.041  0.000  0.042
   1.61137     -1.745563  0.000  0.048  0.000  0.048
   1.59142     -1.747571  0.000  0.049  0.000  0.049
   1.57146     -1.750202  0.000  0.038  0.000  0.038
   1.55150     -1.753105  0.000  0.024  0.000  0.024
   1.53154     -1.754557  0.000  0.018  0.000  0.018
   1.51159     -1.754362  0.000  0.020  0.000  0.020
   1.49163     -1.752912  0.000  0.025  0.000  0.025
   1.47167     -1.750659  0.000  0.031  0.000  0.031
   1.45171     -1.749189  0.000  0.035  0.000  0.035
   1.45171     -1.749189  0.000  0.035  0.000  0.035
   1.42349     -1.746783  0.000  0.026  0.000  0.026
   1.39526     -1.749129  0.000  0.048  0.000  0.048
   1.36704     -1.754476  0.000  0.047  0.000  0.048
   1.33882     -1.745395  0.000  0.077  0.000  0.077
   1.31059     -1.734334  0.000  0.098  0.000  0.098
   1.28237     -1.733173  0.000  0.115  0.000  0.115
   1.25414     -1.723581  0.000  0.121  0.000  0.121
   1.22592     -1.707721  0.000  0.131  0.000  0.131
   1.19769     -1.689672  0.000  0.144  0.000  0.144
   1.16947     -1.679779  0.000  0.004  0.000  0.004
   1.14125     -1.677585  0.000  0.004  0.000  0.004
   1.11302     -1.678844  0.000  0.004  0.000  0.004
   1.08480     -1.683362  0.000  0.008  0.000  0.008
   1.05657     -1.690387  0.000  0.013  0.000  0.013
   1.02835     -1.694457  0.000  0.018  0.000  0.018
   1.00013     -1.685735  0.000  0.020  0.000  0.020
   0.97190     -1.672121  0.000  0.026  0.000  0.026
   0.94368     -1.660198  0.000  0.048  0.000  0.048
   0.91545     -1.659777  0.000  0.080  0.000  0.080
   0.91545     -1.659777  0.000  0.080  0.000  0.080
   0.89550     -1.660342  0.000  0.080  0.000  0.080
   0.87554     -1.661960  0.000  0.076  0.000  0.076
   0.85558     -1.664216  0.000  0.072  0.000  0.072
   0.83562     -1.666413  0.000  0.068  0.000  0.068
   0.81567     -1.667595  0.000  0.063  0.000  0.064
   0.79571     -1.666019  0.000  0.056  0.000  0.056
   0.77575     -1.669445  0.000  0.112  0.000  0.112
   0.75579     -1.674162  0.000  0.112  0.000  0.112
   0.73584     -1.670282  0.000  0.063  0.000  0.063
   0.71588     -1.663543  0.000  0.058  0.000  0.058
   0.69592     -1.655689  0.000  0.054  0.000  0.054
   0.67596     -1.647133  0.000  0.050  0.000  0.050
   0.65600     -1.638454  0.000  0.048  0.000  0.048
   0.63605     -1.630223  0.000  0.046  0.000  0.046
   0.61609     -1.622919  0.000  0.044  0.000  0.044
   0.59613     -1.616910  0.000  0.042  0.000  0.042
   0.57617     -1.612457  0.000  0.042  0.000  0.042
   0.55622     -1.609726  0.000  0.042  0.000  0.042
   0.53626     -1.608807  0.000  0.041  0.000  0.042
   0.53626     -1.608807  0.000  0.041  0.000  0.042
   0.50804     -1.609012  0.000  0.042  0.000  0.042
   0.47981     -1.609659  0.000  0.042  0.000  0.042
   0.45159     -1.610815  0.000  0.042  0.000  0.042
   0.42336     -1.612529  0.000  0.043  0.000  0.043
   0.39514     -1.614656  0.000  0.044  0.000  0.044
   0.36691     -1.616729  0.000  0.046  0.000  0.046
   0.33869     -1.618128  0.000  0.046  0.000  0.046
   0.31047     -1.618465  0.000  0.045  0.000  0.046
   0.28224     -1.628554  0.000  0.104  0.000  0.104
   0.25402     -1.643240  0.000  0.093  0.000  0.093
   0.22579     -1.657457  0.000  0.080  0.000  0.080
   0.19757     -1.688269  0.000  0.002  0.000  0.002
   0.16935     -1.713046  0.000  0.012  0.000  0.012
   0.14112     -1.715674  0.000  0.049  0.000  0.049
   0.11290     -1.713998  0.000  0.100  0.000  0.101
   0.08467     -1.720020  0.000  0.083  0.000  0.083
   0.05645     -1.722668  0.000  0.072  0.000  0.072
   0.02822     -1.720560  0.000  0.062  0.000  0.062
   0.00000     -1.717721  0.000  0.057  0.000  0.057
 
# Band-Index:   69
   0.00000     -1.692217  0.000  0.036  0.000  0.036
   0.02822     -1.686953  0.000  0.034  0.000  0.034
   0.05645     -1.683157  0.000  0.037  0.000  0.037
   0.08467     -1.691418  0.000  0.040  0.000  0.040
   0.11290     -1.702839  0.000  0.020  0.000  0.020
   0.14112     -1.699243  0.000  0.055  0.000  0.055
   0.16935     -1.686414  0.000  0.069  0.000  0.069
   0.19757     -1.671984  0.000  0.074  0.000  0.074
   0.22579     -1.653223  0.000  0.002  0.000  0.002
   0.25402     -1.617241  0.000  0.034  0.000  0.034
   0.28224     -1.617839  0.000  0.042  0.000  0.042
   0.31047     -1.614456  0.000  0.103  0.000  0.103
   0.33869     -1.603062  0.000  0.094  0.000  0.094
   0.36691     -1.594687  0.000  0.079  0.000  0.079
   0.39514     -1.588857  0.000  0.062  0.000  0.062
   0.42336     -1.584911  0.000  0.048  0.000  0.048
   0.45159     -1.582273  0.000  0.038  0.000  0.038
   0.47981     -1.580571  0.000  0.032  0.000  0.032
   0.50804     -1.579611  0.000  0.028  0.000  0.028
   0.53626     -1.579305  0.000  0.027  0.000  0.027
   0.53626     -1.579305  0.000  0.027  0.000  0.027
   0.55622     -1.578963  0.000  0.026  0.000  0.026
   0.57617     -1.577623  0.000  0.021  0.000  0.022
   0.59613     -1.574509  0.000  0.016  0.000  0.016
   0.61609     -1.568930  0.000  0.015  0.000  0.015
   0.63605     -1.560859  0.000  0.018  0.000  0.018
   0.65600     -1.563734  0.000  0.026  0.000  0.027
   0.67596     -1.577622  0.000  0.032  0.000  0.032
   0.69592     -1.592736  0.000  0.036  0.000  0.036
   0.71588     -1.608926  0.000  0.040  0.000  0.040
   0.73584     -1.625962  0.000  0.044  0.000  0.044
   0.75579     -1.643148  0.000  0.046  0.000  0.046
   0.77575     -1.658071  0.000  0.048  0.000  0.048
   0.79571     -1.661989  0.000  0.110  0.000  0.110
   0.81567     -1.652061  0.000  0.109  0.000  0.109
   0.83562     -1.640224  0.000  0.110  0.000  0.110
   0.85558     -1.642164  0.000  0.042  0.000  0.042
   0.87554     -1.648673  0.000  0.039  0.000  0.040
   0.89550     -1.652694  0.000  0.037  0.000  0.037
   0.91545     -1.654029  0.000  0.036  0.000  0.036
   0.91545     -1.654029  0.000  0.036  0.000  0.036
   0.94368     -1.658497  0.000  0.063  0.000  0.064
   0.97190     -1.657224  0.000  0.076  0.000  0.076
   1.00013     -1.653874  0.000  0.072  0.000  0.072
   1.02835     -1.648764  0.000  0.066  0.000  0.066
   1.05657     -1.642053  0.000  0.061  0.000  0.061
   1.08480     -1.634218  0.000  0.057  0.000  0.058
   1.11302     -1.641179  0.000  0.181  0.000  0.181
   1.14125     -1.655219  0.000  0.172  0.000  0.172
   1.16947     -1.671686  0.000  0.158  0.000  0.158
   1.19769     -1.685544  0.000  0.006  0.000  0.006
   1.22592     -1.694823  0.000  0.008  0.000  0.008
   1.25414     -1.706911  0.000  0.016  0.000  0.016
   1.28237     -1.718693  0.000  0.032  0.000  0.032
   1.31059     -1.717515  0.000  0.043  0.000  0.043
   1.33882     -1.702888  0.000  0.036  0.000  0.036
   1.36704     -1.706836  0.000  0.004  0.000  0.004
   1.39526     -1.731822  0.000  0.007  0.000  0.007
   1.42349     -1.742449  0.000  0.050  0.000  0.050
   1.45171     -1.738898  0.000  0.054  0.000  0.054
   1.45171     -1.738898  0.000  0.054  0.000  0.054
   1.47167     -1.736490  0.000  0.057  0.000  0.057
   1.49163     -1.731777  0.000  0.061  0.000  0.063
   1.51159     -1.727074  0.000  0.065  0.000  0.065
   1.53154     -1.723192  0.000  0.064  0.000  0.064
   1.55150     -1.719687  0.000  0.056  0.000  0.056
   1.57146     -1.714628  0.000  0.042  0.000  0.042
   1.59142     -1.705839  0.000  0.028  0.000  0.028
   1.61137     -1.702262  0.000  0.020  0.000  0.020
   1.63133     -1.703737  0.000  0.025  0.000  0.025
   1.65129     -1.705575  0.000  0.030  0.000  0.030
   1.67125     -1.707633  0.000  0.036  0.000  0.036
   1.69120     -1.709752  0.000  0.041  0.000  0.041
   1.71116     -1.711781  0.000  0.045  0.000  0.045
   1.73112     -1.713356  0.000  0.039  0.000  0.039
   1.75108     -1.707200  0.000  0.039  0.000  0.039
   1.77103     -1.701518  0.000  0.039  0.000  0.039
   1.79099     -1.696720  0.000  0.038  0.000  0.038
   1.81095     -1.693413  0.000  0.037  0.000  0.037
   1.83091     -1.692217  0.000  0.036  0.000  0.036
 
# Band-Index:   70
   1.83091     -1.659742  0.000  0.096  0.000  0.096
   1.81095     -1.659403  0.000  0.096  0.000  0.096
   1.79099     -1.658397  0.000  0.094  0.000  0.094
   1.77103     -1.656749  0.000  0.092  0.000  0.092
   1.75108     -1.654505  0.000  0.090  0.000  0.090
   1.73112     -1.651718  0.000  0.087  0.000  0.087
   1.71116     -1.648450  0.000  0.084  0.000  0.084
   1.69120     -1.644764  0.000  0.079  0.000  0.079
   1.67125     -1.650019  0.000  0.015  0.000  0.015
   1.65129     -1.663962  0.000  0.014  0.000  0.014
   1.63133     -1.678870  0.000  0.016  0.000  0.016
   1.61137     -1.693360  0.000  0.020  0.000  0.020
   1.59142     -1.701249  0.000  0.016  0.000  0.016
   1.57146     -1.700732  0.000  0.012  0.000  0.012
   1.55150     -1.700675  0.000  0.008  0.000  0.008
   1.53154     -1.700973  0.000  0.006  0.000  0.006
   1.51159     -1.701478  0.000  0.004  0.000  0.004
   1.49163     -1.702014  0.000  0.004  0.000  0.004
   1.47167     -1.702414  0.000  0.002  0.000  0.002
   1.45171     -1.702562  0.000  0.002  0.000  0.002
   1.45171     -1.702562  0.000  0.002  0.000  0.002
   1.42349     -1.696860  0.000  0.006  0.000  0.006
   1.39526     -1.685134  0.000  0.008  0.000  0.008
   1.36704     -1.685203  0.000  0.022  0.000  0.022
   1.33882     -1.700060  0.000  0.034  0.000  0.034
   1.31059     -1.700781  0.000  0.033  0.000  0.033
   1.28237     -1.676102  0.000  0.028  0.000  0.028
   1.25414     -1.643704  0.000  0.024  0.000  0.024
   1.22592     -1.610311  0.000  0.022  0.000  0.022
   1.19769     -1.606716  0.000  0.034  0.000  0.034
   1.16947     -1.611288  0.000  0.044  0.000  0.044
   1.14125     -1.618032  0.000  0.050  0.000  0.050
   1.11302     -1.625953  0.000  0.055  0.000  0.055
   1.08480     -1.630018  0.000  0.184  0.000  0.184
   1.05657     -1.621897  0.000  0.184  0.000  0.184
   1.02835     -1.616825  0.000  0.179  0.000  0.179
   1.00013     -1.614847  0.000  0.169  0.000  0.170
   0.97190     -1.615937  0.000  0.158  0.000  0.158
   0.94368     -1.619065  0.000  0.144  0.000  0.144
   0.91545     -1.620930  0.000  0.137  0.000  0.137
   0.91545     -1.620930  0.000  0.137  0.000  0.137
   0.89550     -1.620133  0.000  0.139  0.000  0.139
   0.87554     -1.619736  0.000  0.143  0.000  0.143
   0.85558     -1.627706  0.000  0.120  0.000  0.120
   0.83562     -1.633456  0.000  0.043  0.000  0.044
   0.81567     -1.622795  0.000  0.044  0.000  0.045
   0.79571     -1.610343  0.000  0.045  0.000  0.046
   0.77575     -1.596183  0.000  0.045  0.000  0.045
   0.75579     -1.580437  0.000  0.044  0.000  0.044
   0.73584     -1.563378  0.000  0.042  0.000  0.043
   0.71588     -1.545486  0.000  0.040  0.000  0.041
   0.69592     -1.537259  0.000  0.069  0.000  0.069
   0.67596     -1.541923  0.000  0.044  0.000  0.044
   0.65600     -1.551182  0.000  0.028  0.000  0.028
   0.63605     -1.551275  0.000  0.022  0.000  0.022
   0.61609     -1.540500  0.000  0.018  0.000  0.018
   0.59613     -1.531703  0.000  0.014  0.000  0.014
   0.57617     -1.525169  0.000  0.011  0.000  0.011
   0.55622     -1.521144  0.000  0.009  0.000  0.010
   0.53626     -1.519786  0.000  0.008  0.000  0.008
   0.53626     -1.519786  0.000  0.008  0.000  0.008
   0.50804     -1.519948  0.000  0.008  0.000  0.008
   0.47981     -1.520648  0.000  0.010  0.000  0.010
   0.45159     -1.522438  0.000  0.012  0.000  0.012
   0.42336     -1.525982  0.000  0.016  0.000  0.016
   0.39514     -1.531402  0.000  0.023  0.000  0.024
   0.36691     -1.537879  0.000  0.028  0.000  0.028
   0.33869     -1.544565  0.000  0.032  0.000  0.032
   0.31047     -1.552407  0.000  0.032  0.000  0.032
   0.28224     -1.576150  0.000  0.006  0.000  0.006
   0.25402     -1.614179  0.000  0.006  0.000  0.006
   0.22579     -1.618555  0.000  0.026  0.000  0.026
   0.19757     -1.637085  0.000  0.008  0.000  0.008
   0.16935     -1.663638  0.000  0.016  0.000  0.016
   0.14112     -1.681991  0.000  0.042  0.000  0.042
   0.11290     -1.687433  0.000  0.081  0.000  0.081
   0.08467     -1.682683  0.000  0.102  0.000  0.102
   0.05645     -1.673948  0.000  0.105  0.000  0.105
   0.02822     -1.664739  0.000  0.100  0.000  0.100
   0.00000     -1.659742  0.000  0.096  0.000  0.096
 
# Band-Index:   71
   0.00000     -1.633075  0.000  0.074  0.000  0.074
   0.02822     -1.638436  0.000  0.067  0.000  0.067
   0.05645     -1.641192  0.000  0.052  0.000  0.052
   0.08467     -1.631247  0.000  0.032  0.000  0.032
   0.11290     -1.616978  0.000  0.020  0.000  0.020
   0.14112     -1.604655  0.000  0.015  0.000  0.015
   0.16935     -1.604454  0.000  0.030  0.000  0.030
   0.19757     -1.604062  0.000  0.031  0.000  0.032
   0.22579     -1.589972  0.000  0.014  0.000  0.015
   0.25402     -1.575597  0.000  0.026  0.000  0.026
   0.28224     -1.563653  0.000  0.029  0.000  0.029
   0.31047     -1.540416  0.000  0.008  0.000  0.008
   0.33869     -1.509523  0.000  0.014  0.000  0.014
   0.36691     -1.487534  0.000  0.032  0.000  0.032
   0.39514     -1.478644  0.000  0.067  0.000  0.067
   0.42336     -1.476788  0.000  0.081  0.000  0.081
   0.45159     -1.477012  0.000  0.083  0.000  0.083
   0.47981     -1.478133  0.000  0.083  0.000  0.083
   0.50804     -1.479368  0.000  0.083  0.000  0.083
   0.53626     -1.479907  0.000  0.083  0.000  0.083
   0.53626     -1.479907  0.000  0.083  0.000  0.083
   0.55622     -1.479755  0.000  0.085  0.000  0.085
   0.57617     -1.479624  0.000  0.089  0.000  0.089
   0.59613     -1.480369  0.000  0.092  0.000  0.092
   0.61609     -1.482916  0.000  0.092  0.000  0.092
   0.63605     -1.487579  0.000  0.086  0.000  0.086
   0.65600     -1.493651  0.000  0.075  0.000  0.075
   0.67596     -1.509865  0.000  0.036  0.000  0.036
   0.69592     -1.527413  0.000  0.038  0.000  0.038
   0.71588     -1.540540  0.000  0.082  0.000  0.082
   0.73584     -1.548751  0.000  0.085  0.000  0.085
   0.75579     -1.558769  0.000  0.085  0.000  0.085
   0.77575     -1.569290  0.000  0.086  0.000  0.086
   0.79571     -1.579678  0.000  0.088  0.000  0.088
   0.81567     -1.589456  0.000  0.089  0.000  0.089
   0.83562     -1.598084  0.000  0.089  0.000  0.089
   0.85558     -1.604399  0.000  0.081  0.000  0.081
   0.87554     -1.603241  0.000  0.062  0.000  0.062
   0.89550     -1.591164  0.000  0.075  0.000  0.075
   0.91545     -1.581081  0.000  0.103  0.000  0.103
   0.91545     -1.581081  0.000  0.103  0.000  0.103
   0.94368     -1.576911  0.000  0.105  0.000  0.105
   0.97190     -1.567778  0.000  0.111  0.000  0.112
   1.00013     -1.558227  0.000  0.116  0.000  0.116
   1.02835     -1.550393  0.000  0.118  0.000  0.118
   1.05657     -1.545016  0.000  0.118  0.000  0.118
   1.08480     -1.542284  0.000  0.115  0.000  0.115
   1.11302     -1.542176  0.000  0.111  0.000  0.111
   1.14125     -1.544502  0.000  0.108  0.000  0.108
   1.16947     -1.549442  0.000  0.012  0.000  0.012
   1.19769     -1.578238  0.000  0.018  0.000  0.018
   1.22592     -1.605615  0.000  0.023  0.000  0.023
   1.25414     -1.609235  0.000  0.014  0.000  0.014
   1.28237     -1.617793  0.000  0.010  0.000  0.010
   1.31059     -1.635217  0.000  0.014  0.000  0.014
   1.33882     -1.668011  0.000  0.020  0.000  0.020
   1.36704     -1.675234  0.000  0.043  0.000  0.043
   1.39526     -1.656513  0.000  0.035  0.000  0.035
   1.42349     -1.636120  0.000  0.029  0.000  0.029
   1.45171     -1.621728  0.000  0.035  0.000  0.035
   1.45171     -1.621728  0.000  0.035  0.000  0.035
   1.47167     -1.624432  0.000  0.027  0.000  0.027
   1.49163     -1.627723  0.000  0.024  0.000  0.024
   1.51159     -1.630481  0.000  0.021  0.000  0.022
   1.53154     -1.632257  0.000  0.023  0.000  0.023
   1.55150     -1.633043  0.000  0.029  0.000  0.029
   1.57146     -1.633375  0.000  0.039  0.000  0.040
   1.59142     -1.634040  0.000  0.052  0.000  0.052
   1.61137     -1.635476  0.000  0.064  0.000  0.064
   1.63133     -1.637323  0.000  0.072  0.000  0.072
   1.65129     -1.638683  0.000  0.076  0.000  0.077
   1.67125     -1.640737  0.000  0.075  0.000  0.075
   1.69120     -1.639902  0.000  0.059  0.000  0.059
   1.71116     -1.637054  0.000  0.082  0.000  0.083
   1.73112     -1.635619  0.000  0.082  0.000  0.082
   1.75108     -1.635048  0.000  0.081  0.000  0.081
   1.77103     -1.634885  0.000  0.082  0.000  0.082
   1.79099     -1.634624  0.000  0.081  0.000  0.081
   1.81095     -1.633936  0.000  0.079  0.000  0.080
   1.83091     -1.633075  0.000  0.074  0.000  0.074
 
# Band-Index:   72
   1.83091     -1.631608  0.000  0.088  0.000  0.088
   1.81095     -1.630060  0.000  0.083  0.000  0.083
   1.79099     -1.627678  0.000  0.081  0.000  0.081
   1.77103     -1.625632  0.000  0.082  0.000  0.082
   1.75108     -1.624602  0.000  0.079  0.000  0.079
   1.73112     -1.624763  0.000  0.065  0.000  0.065
   1.71116     -1.627821  0.000  0.010  0.000  0.010
   1.69120     -1.635650  0.000  0.029  0.000  0.029
   1.67125     -1.638731  0.000  0.076  0.000  0.076
   1.65129     -1.636453  0.000  0.069  0.000  0.069
   1.63133     -1.632006  0.000  0.062  0.000  0.062
   1.61137     -1.627502  0.000  0.056  0.000  0.056
   1.59142     -1.623067  0.000  0.048  0.000  0.048
   1.57146     -1.618841  0.000  0.040  0.000  0.040
   1.55150     -1.614970  0.000  0.032  0.000  0.032
   1.53154     -1.612321  0.000  0.045  0.000  0.045
   1.51159     -1.613549  0.000  0.043  0.000  0.043
   1.49163     -1.615419  0.000  0.040  0.000  0.040
   1.47167     -1.617867  0.000  0.035  0.000  0.036
   1.45171     -1.620234  0.000  0.029  0.000  0.029
   1.45171     -1.620234  0.000  0.029  0.000  0.029
   1.42349     -1.633357  0.000  0.025  0.000  0.025
   1.39526     -1.653253  0.000  0.029  0.000  0.029
   1.36704     -1.659352  0.000  0.021  0.000  0.021
   1.33882     -1.645472  0.000  0.013  0.000  0.013
   1.31059     -1.630390  0.000  0.011  0.000  0.011
   1.28237     -1.599473  0.000  0.012  0.000  0.012
   1.25414     -1.563219  0.000  0.010  0.000  0.010
   1.22592     -1.558461  0.000  0.110  0.000  0.110
   1.19769     -1.553930  0.000  0.107  0.000  0.107
   1.16947     -1.548762  0.000  0.106  0.000  0.106
   1.14125     -1.530873  0.000  0.030  0.000  0.031
   1.11302     -1.532775  0.000  0.028  0.000  0.028
   1.08480     -1.535439  0.000  0.022  0.000  0.022
   1.05657     -1.538614  0.000  0.017  0.000  0.017
   1.02835     -1.542761  0.000  0.010  0.000  0.010
   1.00013     -1.548697  0.000  0.006  0.000  0.006
   0.97190     -1.556067  0.000  0.006  0.000  0.006
   0.94368     -1.562161  0.000  0.008  0.000  0.008
   0.91545     -1.564442  0.000  0.010  0.000  0.010
   0.91545     -1.564442  0.000  0.010  0.000  0.010
   0.89550     -1.553342  0.000  0.035  0.000  0.035
   0.87554     -1.536329  0.000  0.043  0.000  0.043
   0.85558     -1.524061  0.000  0.020  0.000  0.020
   0.83562     -1.515975  0.000  0.024  0.000  0.024
   0.81567     -1.506415  0.000  0.028  0.000  0.029
   0.79571     -1.495702  0.000  0.034  0.000  0.034
   0.77575     -1.484078  0.000  0.038  0.000  0.038
   0.75579     -1.471741  0.000  0.044  0.000  0.044
   0.73584     -1.481841  0.000  0.031  0.000  0.031
   0.71588     -1.493336  0.000  0.026  0.000  0.026
   0.69592     -1.500186  0.000  0.036  0.000  0.036
   0.67596     -1.499212  0.000  0.058  0.000  0.058
   0.65600     -1.493479  0.000  0.032  0.000  0.032
   0.63605     -1.478788  0.000  0.029  0.000  0.030
   0.61609     -1.466216  0.000  0.026  0.000  0.026
   0.59613     -1.456085  0.000  0.024  0.000  0.024
   0.57617     -1.448659  0.000  0.023  0.000  0.023
   0.55622     -1.444124  0.000  0.022  0.000  0.022
   0.53626     -1.442603  0.000  0.021  0.000  0.021
   0.53626     -1.442603  0.000  0.021  0.000  0.021
   0.50804     -1.443143  0.000  0.021  0.000  0.021
   0.47981     -1.444787  0.000  0.020  0.000  0.020
   0.45159     -1.447570  0.000  0.020  0.000  0.021
   0.42336     -1.451618  0.000  0.023  0.000  0.023
   0.39514     -1.457303  0.000  0.036  0.000  0.036
   0.36691     -1.463131  0.000  0.072  0.000  0.072
   0.33869     -1.465624  0.000  0.045  0.000  0.046
   0.31047     -1.494539  0.000  0.012  0.000  0.012
   0.28224     -1.518843  0.000  0.002  0.000  0.002
   0.25402     -1.556055  0.000  0.004  0.000  0.004
   0.22579     -1.584014  0.000  0.023  0.000  0.023
   0.19757     -1.589869  0.000  0.019  0.000  0.019
   0.16935     -1.595946  0.000  0.016  0.000  0.016
   0.14112     -1.603442  0.000  0.026  0.000  0.026
   0.11290     -1.602778  0.000  0.024  0.000  0.024
   0.08467     -1.602922  0.000  0.028  0.000  0.028
   0.05645     -1.611754  0.000  0.075  0.000  0.075
   0.02822     -1.625363  0.000  0.084  0.000  0.084
   0.00000     -1.631608  0.000  0.088  0.000  0.088
 
# Band-Index:   73
   0.00000     -1.609398  0.000  0.047  0.000  0.047
   0.02822     -1.603507  0.000  0.009  0.000  0.009
   0.05645     -1.602778  0.000  0.006  0.000  0.006
   0.08467     -1.593876  0.000  0.044  0.000  0.044
   0.11290     -1.574170  0.000  0.040  0.000  0.040
   0.14112     -1.557013  0.000  0.039  0.000  0.039
   0.16935     -1.548105  0.000  0.034  0.000  0.034
   0.19757     -1.541018  0.000  0.030  0.000  0.030
   0.22579     -1.535298  0.000  0.026  0.000  0.026
   0.25402     -1.529138  0.000  0.022  0.000  0.022
   0.28224     -1.518100  0.000  0.016  0.000  0.016
   0.31047     -1.485809  0.000  0.002  0.000  0.002
   0.33869     -1.461277  0.000  0.059  0.000  0.059
   0.36691     -1.447377  0.000  0.022  0.000  0.022
   0.39514     -1.434751  0.000  0.092  0.000  0.092
   0.42336     -1.429372  0.000  0.093  0.000  0.094
   0.45159     -1.421928  0.000  0.090  0.000  0.090
   0.47981     -1.413617  0.000  0.084  0.000  0.084
   0.50804     -1.406799  0.000  0.078  0.000  0.078
   0.53626     -1.404082  0.000  0.074  0.000  0.074
   0.53626     -1.404082  0.000  0.074  0.000  0.074
   0.55622     -1.407789  0.000  0.050  0.000  0.050
   0.57617     -1.413049  0.000  0.036  0.000  0.036
   0.59613     -1.416891  0.000  0.030  0.000  0.030
   0.61609     -1.418296  0.000  0.031  0.000  0.031
   0.63605     -1.417023  0.000  0.040  0.000  0.040
   0.65600     -1.413661  0.000  0.054  0.000  0.054
   0.67596     -1.418491  0.000  0.078  0.000  0.078
   0.69592     -1.432009  0.000  0.068  0.000  0.068
   0.71588     -1.445542  0.000  0.058  0.000  0.058
   0.73584     -1.458844  0.000  0.050  0.000  0.050
   0.75579     -1.469310  0.000  0.042  0.000  0.042
   0.77575     -1.460499  0.000  0.064  0.000  0.064
   0.79571     -1.468236  0.000  0.056  0.000  0.056
   0.81567     -1.483843  0.000  0.049  0.000  0.049
   0.83562     -1.500977  0.000  0.046  0.000  0.046
   0.85558     -1.518632  0.000  0.045  0.000  0.045
   0.87554     -1.530286  0.000  0.016  0.000  0.016
   0.89550     -1.534238  0.000  0.014  0.000  0.014
   0.91545     -1.535598  0.000  0.014  0.000  0.014
   0.91545     -1.535598  0.000  0.014  0.000  0.014
   0.94368     -1.534937  0.000  0.014  0.000  0.014
   0.97190     -1.532748  0.000  0.016  0.000  0.016
   1.00013     -1.528474  0.000  0.019  0.000  0.019
   1.02835     -1.522130  0.000  0.019  0.000  0.019
   1.05657     -1.515721  0.000  0.017  0.000  0.017
   1.08480     -1.512036  0.000  0.014  0.000  0.014
   1.11302     -1.514214  0.000  0.010  0.000  0.010
   1.14125     -1.526014  0.000  0.008  0.000  0.008
   1.16947     -1.528033  0.000  0.034  0.000  0.035
   1.19769     -1.526421  0.000  0.036  0.000  0.036
   1.22592     -1.529168  0.000  0.010  0.000  0.010
   1.25414     -1.561023  0.000  0.110  0.000  0.110
   1.28237     -1.561649  0.000  0.104  0.000  0.104
   1.31059     -1.561494  0.000  0.094  0.000  0.094
   1.33882     -1.561977  0.000  0.080  0.000  0.080
   1.36704     -1.565097  0.000  0.057  0.000  0.057
   1.39526     -1.573766  0.000  0.030  0.000  0.030
   1.42349     -1.591322  0.000  0.017  0.000  0.017
   1.45171     -1.605068  0.000  0.007  0.000  0.007
   1.45171     -1.605068  0.000  0.007  0.000  0.007
   1.47167     -1.605497  0.000  0.009  0.000  0.009
   1.49163     -1.606768  0.000  0.012  0.000  0.012
   1.51159     -1.608822  0.000  0.018  0.000  0.018
   1.53154     -1.611589  0.000  0.024  0.000  0.024
   1.55150     -1.611840  0.000  0.047  0.000  0.047
   1.57146     -1.612238  0.000  0.047  0.000  0.047
   1.59142     -1.613506  0.000  0.048  0.000  0.048
   1.61137     -1.615321  0.000  0.050  0.000  0.050
   1.63133     -1.617281  0.000  0.054  0.000  0.054
   1.65129     -1.619206  0.000  0.059  0.000  0.059
   1.67125     -1.620994  0.000  0.065  0.000  0.065
   1.69120     -1.622398  0.000  0.071  0.000  0.071
   1.71116     -1.622660  0.000  0.069  0.000  0.069
   1.73112     -1.619001  0.000  0.017  0.000  0.017
   1.75108     -1.614135  0.000  0.006  0.000  0.006
   1.77103     -1.610040  0.000  0.047  0.000  0.047
   1.79099     -1.609698  0.000  0.047  0.000  0.047
   1.81095     -1.609476  0.000  0.047  0.000  0.047
   1.83091     -1.609398  0.000  0.047  0.000  0.047
 
# Band-Index:   74
   1.83091     -1.603767  0.000  0.010  0.000  0.010
   1.81095     -1.604514  0.000  0.008  0.000  0.008
   1.79099     -1.606665  0.000  0.008  0.000  0.008
   1.77103     -1.609974  0.000  0.006  0.000  0.006
   1.75108     -1.610478  0.000  0.047  0.000  0.047
   1.73112     -1.610955  0.000  0.047  0.000  0.047
   1.71116     -1.611413  0.000  0.047  0.000  0.047
   1.69120     -1.611768  0.000  0.047  0.000  0.047
   1.67125     -1.611934  0.000  0.047  0.000  0.047
   1.65129     -1.611817  0.000  0.046  0.000  0.046
   1.63133     -1.611330  0.000  0.044  0.000  0.044
   1.61137     -1.610414  0.000  0.040  0.000  0.041
   1.59142     -1.609057  0.000  0.037  0.000  0.037
   1.57146     -1.607299  0.000  0.032  0.000  0.032
   1.55150     -1.605264  0.000  0.027  0.000  0.027
   1.53154     -1.603130  0.000  0.021  0.000  0.021
   1.51159     -1.601126  0.000  0.016  0.000  0.016
   1.49163     -1.599487  0.000  0.011  0.000  0.011
   1.47167     -1.598415  0.000  0.007  0.000  0.007
   1.45171     -1.598044  0.000  0.007  0.000  0.007
   1.45171     -1.598044  0.000  0.007  0.000  0.007
   1.42349     -1.587261  0.000  0.016  0.000  0.016
   1.39526     -1.572719  0.000  0.025  0.000  0.025
   1.36704     -1.556053  0.000  0.032  0.000  0.032
   1.33882     -1.542137  0.000  0.037  0.000  0.037
   1.31059     -1.532249  0.000  0.037  0.000  0.037
   1.28237     -1.526876  0.000  0.036  0.000  0.036
   1.25414     -1.525003  0.000  0.038  0.000  0.039
   1.22592     -1.524605  0.000  0.044  0.000  0.045
   1.19769     -1.502358  0.000  0.051  0.000  0.051
   1.16947     -1.489494  0.000  0.081  0.000  0.082
   1.14125     -1.479765  0.000  0.082  0.000  0.082
   1.11302     -1.465706  0.000  0.067  0.000  0.067
   1.08480     -1.447163  0.000  0.051  0.000  0.051
   1.05657     -1.428129  0.000  0.038  0.000  0.038
   1.02835     -1.411019  0.000  0.029  0.000  0.029
   1.00013     -1.396963  0.000  0.022  0.000  0.022
   0.97190     -1.386573  0.000  0.018  0.000  0.018
   0.94368     -1.380212  0.000  0.014  0.000  0.014
   0.91545     -1.378069  0.000  0.014  0.000  0.014
   0.91545     -1.378069  0.000  0.014  0.000  0.014
   0.89550     -1.382131  0.000  0.034  0.000  0.034
   0.87554     -1.390375  0.000  0.045  0.000  0.045
   0.85558     -1.400481  0.000  0.045  0.000  0.045
   0.83562     -1.411815  0.000  0.041  0.000  0.041
   0.81567     -1.423908  0.000  0.034  0.000  0.034
   0.79571     -1.435752  0.000  0.023  0.000  0.023
   0.77575     -1.441010  0.000  0.012  0.000  0.012
   0.75579     -1.431020  0.000  0.032  0.000  0.032
   0.73584     -1.418656  0.000  0.048  0.000  0.048
   0.71588     -1.409047  0.000  0.072  0.000  0.072
   0.69592     -1.406281  0.000  0.085  0.000  0.085
   0.67596     -1.409367  0.000  0.071  0.000  0.071
   0.65600     -1.405325  0.000  0.090  0.000  0.090
   0.63605     -1.392952  0.000  0.102  0.000  0.102
   0.61609     -1.381876  0.000  0.116  0.000  0.116
   0.59613     -1.380105  0.000  0.043  0.000  0.043
   0.57617     -1.385783  0.000  0.038  0.000  0.038
   0.55622     -1.391889  0.000  0.024  0.000  0.024
   0.53626     -1.395830  0.000  0.000  0.000  0.000
   0.53626     -1.395830  0.000  0.000  0.000  0.000
   0.50804     -1.396534  0.000  0.002  0.000  0.002
   0.47981     -1.399258  0.000  0.006  0.000  0.006
   0.45159     -1.405584  0.000  0.012  0.000  0.012
   0.42336     -1.416861  0.000  0.019  0.000  0.019
   0.39514     -1.432086  0.000  0.023  0.000  0.023
   0.36691     -1.440399  0.000  0.074  0.000  0.074
   0.33869     -1.460377  0.000  0.024  0.000  0.024
   0.31047     -1.461393  0.000  0.098  0.000  0.098
   0.28224     -1.457864  0.000  0.084  0.000  0.084
   0.25402     -1.467509  0.000  0.002  0.000  0.002
   0.22579     -1.486268  0.000  0.006  0.000  0.006
   0.19757     -1.507201  0.000  0.013  0.000  0.013
   0.16935     -1.529612  0.000  0.021  0.000  0.021
   0.14112     -1.552313  0.000  0.031  0.000  0.031
   0.11290     -1.567194  0.000  0.044  0.000  0.044
   0.08467     -1.578356  0.000  0.047  0.000  0.047
   0.05645     -1.590342  0.000  0.049  0.000  0.050
   0.02822     -1.602396  0.000  0.050  0.000  0.050
   0.00000     -1.603767  0.000  0.010  0.000  0.010
 
# Band-Index:   75
   0.00000     -1.506270  0.000  0.105  0.000  0.105
   0.02822     -1.504618  0.000  0.103  0.000  0.103
   0.05645     -1.499712  0.000  0.096  0.000  0.097
   0.08467     -1.491857  0.000  0.085  0.000  0.085
   0.11290     -1.481826  0.000  0.069  0.000  0.069
   0.14112     -1.470941  0.000  0.052  0.000  0.052
   0.16935     -1.461079  0.000  0.037  0.000  0.037
   0.19757     -1.454454  0.000  0.035  0.000  0.035
   0.22579     -1.452313  0.000  0.049  0.000  0.049
   0.25402     -1.453915  0.000  0.070  0.000  0.070
   0.28224     -1.449675  0.000  0.008  0.000  0.008
   0.31047     -1.430015  0.000  0.008  0.000  0.008
   0.33869     -1.408273  0.000  0.148  0.000  0.148
   0.36691     -1.380878  0.000  0.125  0.000  0.125
   0.39514     -1.360035  0.000  0.042  0.000  0.042
   0.42336     -1.351154  0.000  0.145  0.000  0.145
   0.45159     -1.352426  0.000  0.143  0.000  0.143
   0.47981     -1.355462  0.000  0.144  0.000  0.144
   0.50804     -1.358528  0.000  0.146  0.000  0.146
   0.53626     -1.359892  0.000  0.147  0.000  0.147
   0.53626     -1.359892  0.000  0.147  0.000  0.147
   0.55622     -1.361354  0.000  0.144  0.000  0.145
   0.57617     -1.365668  0.000  0.138  0.000  0.138
   0.59613     -1.372628  0.000  0.128  0.000  0.128
   0.61609     -1.375711  0.000  0.042  0.000  0.042
   0.63605     -1.373549  0.000  0.035  0.000  0.035
   0.65600     -1.374611  0.000  0.023  0.000  0.023
   0.67596     -1.378921  0.000  0.010  0.000  0.010
   0.69592     -1.384394  0.000  0.002  0.000  0.002
   0.71588     -1.386030  0.000  0.024  0.000  0.024
   0.73584     -1.382497  0.000  0.055  0.000  0.055
   0.75579     -1.377328  0.000  0.075  0.000  0.075
   0.77575     -1.372144  0.000  0.089  0.000  0.089
   0.79571     -1.367581  0.000  0.099  0.000  0.099
   0.81567     -1.364044  0.000  0.106  0.000  0.106
   0.83562     -1.361877  0.000  0.110  0.000  0.110
   0.85558     -1.361358  0.000  0.113  0.000  0.113
   0.87554     -1.362630  0.000  0.117  0.000  0.117
   0.89550     -1.365440  0.000  0.129  0.000  0.129
   0.91545     -1.367667  0.000  0.151  0.000  0.151
   0.91545     -1.367667  0.000  0.151  0.000  0.151
   0.94368     -1.368832  0.000  0.151  0.000  0.151
   0.97190     -1.372325  0.000  0.152  0.000  0.152
   1.00013     -1.378111  0.000  0.154  0.000  0.154
   1.02835     -1.386091  0.000  0.157  0.000  0.157
   1.05657     -1.396020  0.000  0.162  0.000  0.162
   1.08480     -1.407482  0.000  0.168  0.000  0.168
   1.11302     -1.419872  0.000  0.175  0.000  0.175
   1.14125     -1.432533  0.000  0.183  0.000  0.183
   1.16947     -1.445021  0.000  0.188  0.000  0.188
   1.19769     -1.468163  0.000  0.109  0.000  0.109
   1.22592     -1.484599  0.000  0.155  0.000  0.155
   1.25414     -1.492790  0.000  0.170  0.000  0.170
   1.28237     -1.499052  0.000  0.165  0.000  0.165
   1.31059     -1.512908  0.000  0.139  0.000  0.139
   1.33882     -1.525719  0.000  0.120  0.000  0.120
   1.36704     -1.536194  0.000  0.113  0.000  0.113
   1.39526     -1.542564  0.000  0.117  0.000  0.117
   1.42349     -1.545055  0.000  0.117  0.000  0.117
   1.45171     -1.545639  0.000  0.117  0.000  0.117
   1.45171     -1.545639  0.000  0.117  0.000  0.117
   1.47167     -1.545327  0.000  0.117  0.000  0.117
   1.49163     -1.544216  0.000  0.113  0.000  0.114
   1.51159     -1.541998  0.000  0.108  0.000  0.108
   1.53154     -1.538894  0.000  0.094  0.000  0.094
   1.55150     -1.540186  0.000  0.066  0.000  0.066
   1.57146     -1.551299  0.000  0.067  0.000  0.067
   1.59142     -1.560551  0.000  0.063  0.000  0.063
   1.61137     -1.565770  0.000  0.057  0.000  0.057
   1.63133     -1.567597  0.000  0.051  0.000  0.051
   1.65129     -1.566983  0.000  0.046  0.000  0.046
   1.67125     -1.564480  0.000  0.042  0.000  0.042
   1.69120     -1.560148  0.000  0.039  0.000  0.039
   1.71116     -1.553819  0.000  0.038  0.000  0.038
   1.73112     -1.545578  0.000  0.039  0.000  0.039
   1.75108     -1.536051  0.000  0.043  0.000  0.043
   1.77103     -1.526197  0.000  0.051  0.000  0.051
   1.79099     -1.517008  0.000  0.065  0.000  0.066
   1.81095     -1.509598  0.000  0.087  0.000  0.088
   1.83091     -1.506270  0.000  0.105  0.000  0.105
 
# Band-Index:   76
   1.83091     -1.491409  0.000  0.035  0.000  0.035
   1.81095     -1.489511  0.000  0.055  0.000  0.055
   1.79099     -1.486192  0.000  0.082  0.000  0.082
   1.77103     -1.483231  0.000  0.103  0.000  0.103
   1.75108     -1.480875  0.000  0.121  0.000  0.121
   1.73112     -1.479014  0.000  0.135  0.000  0.135
   1.71116     -1.477553  0.000  0.144  0.000  0.144
   1.69120     -1.476711  0.000  0.145  0.000  0.145
   1.67125     -1.477564  0.000  0.130  0.000  0.130
   1.65129     -1.482224  0.000  0.102  0.000  0.102
   1.63133     -1.491060  0.000  0.086  0.000  0.087
   1.61137     -1.501708  0.000  0.087  0.000  0.087
   1.59142     -1.512129  0.000  0.095  0.000  0.095
   1.57146     -1.521027  0.000  0.107  0.000  0.108
   1.55150     -1.525677  0.000  0.123  0.000  0.123
   1.53154     -1.515670  0.000  0.108  0.000  0.108
   1.51159     -1.502170  0.000  0.106  0.000  0.106
   1.49163     -1.499513  0.000  0.112  0.000  0.112
   1.47167     -1.501840  0.000  0.116  0.000  0.116
   1.45171     -1.503046  0.000  0.117  0.000  0.117
   1.45171     -1.503046  0.000  0.117  0.000  0.117
   1.42349     -1.503212  0.000  0.119  0.000  0.119
   1.39526     -1.503618  0.000  0.125  0.000  0.125
   1.36704     -1.503975  0.000  0.135  0.000  0.135
   1.33882     -1.503739  0.000  0.148  0.000  0.148
   1.31059     -1.502090  0.000  0.163  0.000  0.163
   1.28237     -1.498022  0.000  0.168  0.000  0.168
   1.25414     -1.483990  0.000  0.180  0.000  0.180
   1.22592     -1.470116  0.000  0.190  0.000  0.190
   1.19769     -1.457314  0.000  0.192  0.000  0.192
   1.16947     -1.439405  0.000  0.070  0.000  0.070
   1.14125     -1.408401  0.000  0.067  0.000  0.067
   1.11302     -1.380987  0.000  0.082  0.000  0.082
   1.08480     -1.359097  0.000  0.105  0.000  0.105
   1.05657     -1.342956  0.000  0.133  0.000  0.133
   1.02835     -1.331887  0.000  0.161  0.000  0.161
   1.00013     -1.324798  0.000  0.183  0.000  0.183
   0.97190     -1.320570  0.000  0.197  0.000  0.197
   0.94368     -1.318357  0.000  0.205  0.000  0.205
   0.91545     -1.317667  0.000  0.207  0.000  0.207
   0.91545     -1.317667  0.000  0.207  0.000  0.207
   0.89550     -1.317792  0.000  0.206  0.000  0.206
   0.87554     -1.318149  0.000  0.200  0.000  0.200
   0.85558     -1.318719  0.000  0.193  0.000  0.193
   0.83562     -1.319515  0.000  0.184  0.000  0.184
   0.81567     -1.320583  0.000  0.175  0.000  0.175
   0.79571     -1.321995  0.000  0.166  0.000  0.166
   0.77575     -1.323788  0.000  0.157  0.000  0.157
   0.75579     -1.325975  0.000  0.150  0.000  0.150
   0.73584     -1.328508  0.000  0.143  0.000  0.143
   0.71588     -1.331260  0.000  0.135  0.000  0.135
   0.69592     -1.333966  0.000  0.126  0.000  0.126
   0.67596     -1.336136  0.000  0.116  0.000  0.116
   0.65600     -1.337005  0.000  0.102  0.000  0.102
   0.63605     -1.335994  0.000  0.087  0.000  0.088
   0.61609     -1.333498  0.000  0.076  0.000  0.076
   0.59613     -1.330576  0.000  0.070  0.000  0.070
   0.57617     -1.328070  0.000  0.067  0.000  0.067
   0.55622     -1.326437  0.000  0.066  0.000  0.066
   0.53626     -1.325874  0.000  0.066  0.000  0.066
   0.53626     -1.325874  0.000  0.066  0.000  0.066
   0.50804     -1.327784  0.000  0.066  0.000  0.066
   0.47981     -1.332981  0.000  0.066  0.000  0.066
   0.45159     -1.340170  0.000  0.062  0.000  0.062
   0.42336     -1.348625  0.000  0.054  0.000  0.054
   0.39514     -1.356008  0.000  0.143  0.000  0.143
   0.36691     -1.378191  0.000  0.026  0.000  0.026
   0.33869     -1.404050  0.000  0.015  0.000  0.015
   0.31047     -1.411965  0.000  0.159  0.000  0.160
   0.28224     -1.408065  0.000  0.163  0.000  0.163
   0.25402     -1.402863  0.000  0.147  0.000  0.147
   0.22579     -1.407724  0.000  0.006  0.000  0.006
   0.19757     -1.432188  0.000  0.033  0.000  0.033
   0.16935     -1.453392  0.000  0.040  0.000  0.040
   0.14112     -1.469041  0.000  0.041  0.000  0.041
   0.11290     -1.479399  0.000  0.040  0.000  0.040
   0.08467     -1.485661  0.000  0.037  0.000  0.038
   0.05645     -1.489161  0.000  0.036  0.000  0.036
   0.02822     -1.490891  0.000  0.036  0.000  0.036
   0.00000     -1.491409  0.000  0.035  0.000  0.035
 
# Band-Index:   77
   0.00000     -1.391257  0.000  0.245  0.000  0.245
   0.02822     -1.390743  0.000  0.244  0.000  0.244
   0.05645     -1.389304  0.000  0.240  0.000  0.240
   0.08467     -1.387301  0.000  0.236  0.000  0.236
   0.11290     -1.385438  0.000  0.230  0.000  0.231
   0.14112     -1.384734  0.000  0.228  0.000  0.228
   0.16935     -1.386060  0.000  0.231  0.000  0.231
   0.19757     -1.389395  0.000  0.239  0.000  0.239
   0.22579     -1.392591  0.000  0.263  0.000  0.263
   0.25402     -1.373391  0.000  0.113  0.000  0.113
   0.28224     -1.343453  0.000  0.067  0.000  0.067
   0.31047     -1.325788  0.000  0.048  0.000  0.048
   0.33869     -1.321875  0.000  0.073  0.000  0.073
   0.36691     -1.312408  0.000  0.061  0.000  0.061
   0.39514     -1.274653  0.000  0.049  0.000  0.049
   0.42336     -1.224895  0.000  0.168  0.000  0.168
   0.45159     -1.214134  0.000  0.413  0.000  0.413
   0.47981     -1.209299  0.000  0.430  0.000  0.430
   0.50804     -1.206711  0.000  0.438  0.000  0.438
   0.53626     -1.205904  0.000  0.441  0.000  0.441
   0.53626     -1.205904  0.000  0.441  0.000  0.441
   0.55622     -1.205865  0.000  0.440  0.000  0.440
   0.57617     -1.205756  0.000  0.439  0.000  0.439
   0.59613     -1.205580  0.000  0.438  0.000  0.438
   0.61609     -1.205337  0.000  0.436  0.000  0.436
   0.63605     -1.205026  0.000  0.435  0.000  0.435
   0.65600     -1.204640  0.000  0.435  0.000  0.435
   0.67596     -1.204168  0.000  0.435  0.000  0.435
   0.69592     -1.203598  0.000  0.436  0.000  0.436
   0.71588     -1.204168  0.000  0.230  0.000  0.230
   0.73584     -1.208200  0.000  0.225  0.000  0.225
   0.75579     -1.212326  0.000  0.218  0.000  0.218
   0.77575     -1.216494  0.000  0.213  0.000  0.213
   0.79571     -1.220632  0.000  0.206  0.000  0.206
   0.81567     -1.224622  0.000  0.201  0.000  0.201
   0.83562     -1.228303  0.000  0.196  0.000  0.196
   0.85558     -1.231477  0.000  0.193  0.000  0.193
   0.87554     -1.233932  0.000  0.191  0.000  0.191
   0.89550     -1.235484  0.000  0.190  0.000  0.190
   0.91545     -1.236015  0.000  0.188  0.000  0.188
   0.91545     -1.236015  0.000  0.188  0.000  0.188
   0.94368     -1.236391  0.000  0.193  0.000  0.193
   0.97190     -1.237469  0.000  0.202  0.000  0.202
   1.00013     -1.239183  0.000  0.216  0.000  0.216
   1.02835     -1.241551  0.000  0.232  0.000  0.232
   1.05657     -1.245638  0.000  0.252  0.000  0.252
   1.08480     -1.251018  0.000  0.274  0.000  0.274
   1.11302     -1.255981  0.000  0.282  0.000  0.282
   1.14125     -1.262508  0.000  0.251  0.000  0.251
   1.16947     -1.280542  0.000  0.077  0.000  0.077
   1.19769     -1.317085  0.000  0.075  0.000  0.075
   1.22592     -1.355483  0.000  0.087  0.000  0.087
   1.25414     -1.384010  0.000  0.107  0.000  0.107
   1.28237     -1.402756  0.000  0.133  0.000  0.134
   1.31059     -1.413718  0.000  0.163  0.000  0.163
   1.33882     -1.419043  0.000  0.190  0.000  0.190
   1.36704     -1.420255  0.000  0.209  0.000  0.209
   1.39526     -1.418597  0.000  0.215  0.000  0.215
   1.42349     -1.415724  0.000  0.204  0.000  0.204
   1.45171     -1.414198  0.000  0.193  0.000  0.193
   1.45171     -1.414198  0.000  0.193  0.000  0.193
   1.47167     -1.427990  0.000  0.158  0.000  0.158
   1.49163     -1.451146  0.000  0.134  0.000  0.134
   1.51159     -1.466976  0.000  0.130  0.000  0.130
   1.53154     -1.466921  0.000  0.132  0.000  0.132
   1.55150     -1.459499  0.000  0.139  0.000  0.140
   1.57146     -1.450962  0.000  0.159  0.000  0.159
   1.59142     -1.444750  0.000  0.190  0.000  0.190
   1.61137     -1.443411  0.000  0.210  0.000  0.210
   1.63133     -1.444933  0.000  0.199  0.000  0.199
   1.65129     -1.444573  0.000  0.161  0.000  0.161
   1.67125     -1.438861  0.000  0.109  0.000  0.109
   1.69120     -1.428264  0.000  0.071  0.000  0.071
   1.71116     -1.415563  0.000  0.048  0.000  0.048
   1.73112     -1.403057  0.000  0.041  0.000  0.041
   1.75108     -1.393286  0.000  0.072  0.000  0.072
   1.77103     -1.389311  0.000  0.158  0.000  0.158
   1.79099     -1.389679  0.000  0.217  0.000  0.217
   1.81095     -1.390793  0.000  0.239  0.000  0.240
   1.83091     -1.391257  0.000  0.245  0.000  0.245
 
# Band-Index:   78
   1.83091     -1.349042  0.000  0.015  0.000  0.015
   1.81095     -1.351038  0.000  0.025  0.000  0.025
   1.79099     -1.356345  0.000  0.058  0.000  0.058
   1.77103     -1.362625  0.000  0.130  0.000  0.130
   1.75108     -1.365222  0.000  0.228  0.000  0.228
   1.73112     -1.361785  0.000  0.267  0.000  0.267
   1.71116     -1.354949  0.000  0.246  0.000  0.246
   1.69120     -1.352920  0.000  0.063  0.000  0.064
   1.67125     -1.364282  0.000  0.046  0.000  0.046
   1.65129     -1.376980  0.000  0.047  0.000  0.047
   1.63133     -1.388685  0.000  0.048  0.000  0.048
   1.61137     -1.397347  0.000  0.058  0.000  0.058
   1.59142     -1.399591  0.000  0.091  0.000  0.091
   1.57146     -1.394067  0.000  0.132  0.000  0.132
   1.55150     -1.383674  0.000  0.158  0.000  0.158
   1.53154     -1.371685  0.000  0.169  0.000  0.169
   1.51159     -1.370991  0.000  0.526  0.000  0.526
   1.49163     -1.373366  0.000  0.531  0.000  0.531
   1.47167     -1.374843  0.000  0.535  0.000  0.535
   1.45171     -1.375345  0.000  0.536  0.000  0.536
   1.45171     -1.375345  0.000  0.536  0.000  0.536
   1.42349     -1.382817  0.000  0.305  0.000  0.305
   1.39526     -1.389335  0.000  0.245  0.000  0.245
   1.36704     -1.391970  0.000  0.195  0.000  0.195
   1.33882     -1.390124  0.000  0.146  0.000  0.146
   1.31059     -1.383451  0.000  0.103  0.000  0.103
   1.28237     -1.371938  0.000  0.068  0.000  0.068
   1.25414     -1.355781  0.000  0.045  0.000  0.045
   1.22592     -1.335055  0.000  0.031  0.000  0.031
   1.19769     -1.309521  0.000  0.029  0.000  0.029
   1.16947     -1.276686  0.000  0.122  0.000  0.122
   1.14125     -1.260849  0.000  0.250  0.000  0.250
   1.11302     -1.253528  0.000  0.264  0.000  0.264
   1.08480     -1.248261  0.000  0.257  0.000  0.258
   1.05657     -1.244182  0.000  0.247  0.000  0.247
   1.02835     -1.238758  0.000  0.227  0.000  0.228
   1.00013     -1.231689  0.000  0.200  0.000  0.200
   0.97190     -1.224758  0.000  0.170  0.000  0.170
   0.94368     -1.219209  0.000  0.134  0.000  0.134
   0.91545     -1.216896  0.000  0.111  0.000  0.111
   0.91545     -1.216896  0.000  0.111  0.000  0.111
   0.89550     -1.216517  0.000  0.112  0.000  0.112
   0.87554     -1.215393  0.000  0.116  0.000  0.116
   0.85558     -1.213571  0.000  0.122  0.000  0.122
   0.83562     -1.211114  0.000  0.129  0.000  0.129
   0.81567     -1.208104  0.000  0.138  0.000  0.138
   0.79571     -1.204641  0.000  0.147  0.000  0.147
   0.77575     -1.200837  0.000  0.155  0.000  0.155
   0.75579     -1.201343  0.000  0.442  0.000  0.442
   0.73584     -1.202171  0.000  0.440  0.000  0.440
   0.71588     -1.202929  0.000  0.438  0.000  0.438
   0.69592     -1.200268  0.000  0.235  0.000  0.235
   0.67596     -1.196552  0.000  0.239  0.000  0.239
   0.65600     -1.193083  0.000  0.242  0.000  0.242
   0.63605     -1.189936  0.000  0.244  0.000  0.244
   0.61609     -1.187197  0.000  0.246  0.000  0.246
   0.59613     -1.184955  0.000  0.247  0.000  0.247
   0.57617     -1.184058  0.000  0.349  0.000  0.349
   0.55622     -1.183481  0.000  0.343  0.000  0.343
   0.53626     -1.183272  0.000  0.341  0.000  0.341
   0.53626     -1.183272  0.000  0.341  0.000  0.341
   0.50804     -1.185648  0.000  0.293  0.000  0.293
   0.47981     -1.191808  0.000  0.263  0.000  0.263
   0.45159     -1.202709  0.000  0.238  0.000  0.238
   0.42336     -1.222114  0.000  0.376  0.000  0.376
   0.39514     -1.234676  0.000  0.325  0.000  0.325
   0.36691     -1.251915  0.000  0.291  0.000  0.291
   0.33869     -1.273563  0.000  0.230  0.000  0.230
   0.31047     -1.299350  0.000  0.206  0.000  0.206
   0.28224     -1.321357  0.000  0.172  0.000  0.172
   0.25402     -1.341612  0.000  0.182  0.000  0.182
   0.22579     -1.357112  0.000  0.201  0.000  0.201
   0.19757     -1.366430  0.000  0.213  0.000  0.213
   0.16935     -1.369448  0.000  0.207  0.000  0.207
   0.14112     -1.367786  0.000  0.185  0.000  0.185
   0.11290     -1.363590  0.000  0.153  0.000  0.154
   0.08467     -1.358524  0.000  0.114  0.000  0.115
   0.05645     -1.353775  0.000  0.072  0.000  0.072
   0.02822     -1.350326  0.000  0.033  0.000  0.033
   0.00000     -1.349042  0.000  0.015  0.000  0.015
 
# Band-Index:   79
   0.00000     -1.317812  0.000  0.445  0.000  0.445
   0.02822     -1.318318  0.000  0.436  0.000  0.436
   0.05645     -1.320749  0.000  0.420  0.000  0.420
   0.08467     -1.323907  0.000  0.400  0.000  0.400
   0.11290     -1.326408  0.000  0.375  0.000  0.375
   0.14112     -1.326920  0.000  0.340  0.000  0.340
   0.16935     -1.324738  0.000  0.284  0.000  0.285
   0.19757     -1.320792  0.000  0.211  0.000  0.211
   0.22579     -1.317494  0.000  0.151  0.000  0.151
   0.25402     -1.316045  0.000  0.137  0.000  0.137
   0.28224     -1.314087  0.000  0.172  0.000  0.172
   0.31047     -1.297763  0.000  0.184  0.000  0.185
   0.33869     -1.270558  0.000  0.204  0.000  0.204
   0.36691     -1.245856  0.000  0.297  0.000  0.297
   0.39514     -1.223246  0.000  0.322  0.000  0.322
   0.42336     -1.204261  0.000  0.286  0.000  0.286
   0.45159     -1.189303  0.000  0.279  0.000  0.279
   0.47981     -1.184384  0.000  0.323  0.000  0.323
   0.50804     -1.182215  0.000  0.295  0.000  0.295
   0.53626     -1.181919  0.000  0.247  0.000  0.247
   0.53626     -1.181919  0.000  0.247  0.000  0.247
   0.55622     -1.182264  0.000  0.247  0.000  0.247
   0.57617     -1.183290  0.000  0.248  0.000  0.248
   0.59613     -1.184836  0.000  0.359  0.000  0.359
   0.61609     -1.185609  0.000  0.369  0.000  0.369
   0.63605     -1.186198  0.000  0.380  0.000  0.380
   0.65600     -1.186489  0.000  0.390  0.000  0.390
   0.67596     -1.186438  0.000  0.399  0.000  0.399
   0.69592     -1.186058  0.000  0.407  0.000  0.407
   0.71588     -1.188741  0.000  0.180  0.000  0.180
   0.73584     -1.192754  0.000  0.172  0.000  0.172
   0.75579     -1.196830  0.000  0.163  0.000  0.163
   0.77575     -1.200478  0.000  0.445  0.000  0.445
   0.79571     -1.199613  0.000  0.448  0.000  0.448
   0.81567     -1.198784  0.000  0.450  0.000  0.450
   0.83562     -1.198039  0.000  0.452  0.000  0.452
   0.85558     -1.197415  0.000  0.454  0.000  0.454
   0.87554     -1.196943  0.000  0.456  0.000  0.456
   0.89550     -1.196650  0.000  0.456  0.000  0.456
   0.91545     -1.196549  0.000  0.456  0.000  0.457
   0.91545     -1.196549  0.000  0.456  0.000  0.457
   0.94368     -1.195273  0.000  0.435  0.000  0.435
   0.97190     -1.192734  0.000  0.407  0.000  0.408
   1.00013     -1.190531  0.000  0.391  0.000  0.391
   1.02835     -1.189451  0.000  0.383  0.000  0.383
   1.05657     -1.190023  0.000  0.375  0.000  0.375
   1.08480     -1.193116  0.000  0.357  0.000  0.357
   1.11302     -1.202365  0.000  0.278  0.000  0.278
   1.14125     -1.229573  0.000  0.135  0.000  0.135
   1.16947     -1.256686  0.000  0.309  0.000  0.309
   1.19769     -1.274013  0.000  0.345  0.000  0.345
   1.22592     -1.286108  0.000  0.346  0.000  0.346
   1.25414     -1.298677  0.000  0.356  0.000  0.356
   1.28237     -1.311841  0.000  0.372  0.000  0.372
   1.31059     -1.325292  0.000  0.393  0.000  0.393
   1.33882     -1.338626  0.000  0.417  0.000  0.418
   1.36704     -1.351345  0.000  0.447  0.000  0.447
   1.39526     -1.362691  0.000  0.480  0.000  0.481
   1.42349     -1.371266  0.000  0.515  0.000  0.515
   1.45171     -1.374004  0.000  0.536  0.000  0.536
   1.45171     -1.374004  0.000  0.536  0.000  0.536
   1.47167     -1.373503  0.000  0.535  0.000  0.535
   1.49163     -1.372029  0.000  0.531  0.000  0.532
   1.51159     -1.369658  0.000  0.526  0.000  0.526
   1.53154     -1.367838  0.000  0.519  0.000  0.519
   1.55150     -1.364053  0.000  0.511  0.000  0.512
   1.57146     -1.359792  0.000  0.503  0.000  0.504
   1.59142     -1.355219  0.000  0.495  0.000  0.495
   1.61137     -1.350484  0.000  0.487  0.000  0.488
   1.63133     -1.345730  0.000  0.480  0.000  0.480
   1.65129     -1.341084  0.000  0.473  0.000  0.473
   1.67125     -1.336654  0.000  0.467  0.000  0.467
   1.69120     -1.340615  0.000  0.298  0.000  0.298
   1.71116     -1.335492  0.000  0.119  0.000  0.119
   1.73112     -1.325567  0.000  0.454  0.000  0.454
   1.75108     -1.322832  0.000  0.450  0.000  0.450
   1.77103     -1.320661  0.000  0.449  0.000  0.449
   1.79099     -1.319087  0.000  0.447  0.000  0.447
   1.81095     -1.318132  0.000  0.445  0.000  0.446
   1.83091     -1.317812  0.000  0.445  0.000  0.445
 
# Band-Index:   80
   1.83091     -1.316527  0.000  0.445  0.000  0.445
   1.81095     -1.316847  0.000  0.446  0.000  0.446
   1.79099     -1.317802  0.000  0.447  0.000  0.447
   1.77103     -1.319376  0.000  0.449  0.000  0.449
   1.75108     -1.321547  0.000  0.450  0.000  0.450
   1.73112     -1.324282  0.000  0.454  0.000  0.454
   1.71116     -1.328822  0.000  0.458  0.000  0.458
   1.69120     -1.332540  0.000  0.462  0.000  0.462
   1.67125     -1.335363  0.000  0.467  0.000  0.467
   1.65129     -1.339789  0.000  0.473  0.000  0.473
   1.63133     -1.344430  0.000  0.480  0.000  0.480
   1.61137     -1.349179  0.000  0.488  0.000  0.488
   1.59142     -1.353908  0.000  0.495  0.000  0.496
   1.57146     -1.358475  0.000  0.504  0.000  0.504
   1.55150     -1.362730  0.000  0.512  0.000  0.512
   1.53154     -1.366509  0.000  0.519  0.000  0.519
   1.51159     -1.361261  0.000  0.167  0.000  0.167
   1.49163     -1.356859  0.000  0.146  0.000  0.146
   1.47167     -1.362806  0.000  0.100  0.000  0.100
   1.45171     -1.370855  0.000  0.053  0.000  0.053
   1.45171     -1.370855  0.000  0.053  0.000  0.053
   1.42349     -1.360224  0.000  0.278  0.000  0.278
   1.39526     -1.346330  0.000  0.314  0.000  0.314
   1.36704     -1.331656  0.000  0.329  0.000  0.329
   1.33882     -1.317082  0.000  0.336  0.000  0.336
   1.31059     -1.303346  0.000  0.338  0.000  0.338
   1.28237     -1.291002  0.000  0.337  0.000  0.338
   1.25414     -1.280359  0.000  0.336  0.000  0.336
   1.22592     -1.271425  0.000  0.333  0.000  0.333
   1.19769     -1.263715  0.000  0.326  0.000  0.326
   1.16947     -1.254445  0.000  0.279  0.000  0.279
   1.14125     -1.216049  0.000  0.258  0.000  0.258
   1.11302     -1.189222  0.000  0.356  0.000  0.356
   1.08480     -1.180148  0.000  0.391  0.000  0.391
   1.05657     -1.176990  0.000  0.403  0.000  0.403
   1.02835     -1.176077  0.000  0.413  0.000  0.413
   1.00013     -1.176235  0.000  0.421  0.000  0.422
   0.97190     -1.176834  0.000  0.429  0.000  0.429
   0.94368     -1.177411  0.000  0.435  0.000  0.435
   0.91545     -1.177641  0.000  0.437  0.000  0.437
   0.91545     -1.177641  0.000  0.437  0.000  0.437
   0.89550     -1.177761  0.000  0.437  0.000  0.437
   0.87554     -1.178115  0.000  0.436  0.000  0.436
   0.85558     -1.178686  0.000  0.435  0.000  0.435
   0.83562     -1.179444  0.000  0.433  0.000  0.434
   0.81567     -1.180356  0.000  0.431  0.000  0.431
   0.79571     -1.181380  0.000  0.429  0.000  0.429
   0.77575     -1.182455  0.000  0.426  0.000  0.426
   0.75579     -1.183528  0.000  0.423  0.000  0.423
   0.73584     -1.184532  0.000  0.418  0.000  0.419
   0.71588     -1.185401  0.000  0.414  0.000  0.414
   0.69592     -1.184906  0.000  0.187  0.000  0.187
   0.67596     -1.181343  0.000  0.193  0.000  0.193
   0.65600     -1.178123  0.000  0.198  0.000  0.198
   0.63605     -1.175309  0.000  0.203  0.000  0.203
   0.61609     -1.172943  0.000  0.208  0.000  0.208
   0.59613     -1.171061  0.000  0.211  0.000  0.211
   0.57617     -1.169693  0.000  0.213  0.000  0.213
   0.55622     -1.168866  0.000  0.214  0.000  0.214
   0.53626     -1.168591  0.000  0.215  0.000  0.215
   0.53626     -1.168591  0.000  0.215  0.000  0.215
   0.50804     -1.170901  0.000  0.218  0.000  0.218
   0.47981     -1.177769  0.000  0.229  0.000  0.229
   0.45159     -1.188429  0.000  0.311  0.000  0.311
   0.42336     -1.195962  0.000  0.351  0.000  0.351
   0.39514     -1.218528  0.000  0.214  0.000  0.214
   0.36691     -1.243400  0.000  0.212  0.000  0.212
   0.33869     -1.266894  0.000  0.284  0.000  0.285
   0.31047     -1.281004  0.000  0.290  0.000  0.290
   0.28224     -1.290637  0.000  0.287  0.000  0.287
   0.25402     -1.297438  0.000  0.283  0.000  0.284
   0.22579     -1.302304  0.000  0.283  0.000  0.283
   0.19757     -1.305732  0.000  0.284  0.000  0.284
   0.16935     -1.308167  0.000  0.290  0.000  0.290
   0.14112     -1.310048  0.000  0.303  0.000  0.303
   0.11290     -1.311749  0.000  0.324  0.000  0.325
   0.08467     -1.313481  0.000  0.355  0.000  0.355
   0.05645     -1.315199  0.000  0.394  0.000  0.394
   0.02822     -1.316456  0.000  0.431  0.000  0.431
   0.00000     -1.316527  0.000  0.445  0.000  0.445
 
# Band-Index:   81
   0.00000     -1.290609  0.000  0.103  0.000  0.103
   0.02822     -1.290424  0.000  0.112  0.000  0.112
   0.05645     -1.290080  0.000  0.131  0.000  0.131
   0.08467     -1.289949  0.000  0.155  0.000  0.155
   0.11290     -1.290202  0.000  0.182  0.000  0.182
   0.14112     -1.290659  0.000  0.216  0.000  0.216
   0.16935     -1.290670  0.000  0.263  0.000  0.263
   0.19757     -1.288809  0.000  0.325  0.000  0.325
   0.22579     -1.282969  0.000  0.379  0.000  0.379
   0.25402     -1.272359  0.000  0.393  0.000  0.394
   0.28224     -1.258458  0.000  0.385  0.000  0.385
   0.31047     -1.243182  0.000  0.371  0.000  0.371
   0.33869     -1.228127  0.000  0.358  0.000  0.358
   0.36691     -1.214510  0.000  0.347  0.000  0.347
   0.39514     -1.202832  0.000  0.326  0.000  0.326
   0.42336     -1.179390  0.000  0.071  0.000  0.071
   0.45159     -1.116307  0.000  0.011  0.000  0.011
   0.47981     -1.055951  0.000  0.006  0.000  0.006
   0.50804     -1.014823  0.000  0.004  0.000  0.004
   0.53626     -1.000301  0.000  0.004  0.000  0.004
   0.53626     -1.000301  0.000  0.004  0.000  0.004
   0.55622     -0.999179  0.000  0.004  0.000  0.004
   0.57617     -0.995839  0.000  0.006  0.000  0.006
   0.59613     -0.990339  0.000  0.006  0.000  0.006
   0.61609     -0.982776  0.000  0.006  0.000  0.006
   0.63605     -0.973254  0.000  0.008  0.000  0.008
   0.65600     -0.961899  0.000  0.008  0.000  0.008
   0.67596     -0.948836  0.000  0.010  0.000  0.010
   0.69592     -0.934189  0.000  0.010  0.000  0.011
   0.71588     -0.918085  0.000  0.012  0.000  0.012
   0.73584     -0.900653  0.000  0.014  0.000  0.014
   0.75579     -0.882049  0.000  0.016  0.000  0.016
   0.77575     -0.862463  0.000  0.018  0.000  0.018
   0.79571     -0.842160  0.000  0.021  0.000  0.021
   0.81567     -0.821524  0.000  0.024  0.000  0.024
   0.83562     -0.801135  0.000  0.028  0.000  0.028
   0.85558     -0.781888  0.000  0.033  0.000  0.033
   0.87554     -0.765185  0.000  0.038  0.000  0.038
   0.89550     -0.753176  0.000  0.043  0.000  0.043
   0.91545     -0.748648  0.000  0.043  0.000  0.043
   0.91545     -0.748648  0.000  0.043  0.000  0.043
   0.94368     -0.762792  0.000  0.043  0.000  0.043
   0.97190     -0.803268  0.000  0.039  0.000  0.039
   1.00013     -0.864607  0.000  0.036  0.000  0.036
   1.02835     -0.938904  0.000  0.035  0.000  0.035
   1.05657     -1.017424  0.000  0.040  0.000  0.040
   1.08480     -1.091794  0.000  0.060  0.000  0.060
   1.11302     -1.152596  0.000  0.152  0.000  0.152
   1.14125     -1.183494  0.000  0.341  0.000  0.341
   1.16947     -1.194822  0.000  0.381  0.000  0.381
   1.19769     -1.203275  0.000  0.382  0.000  0.382
   1.22592     -1.211477  0.000  0.374  0.000  0.374
   1.25414     -1.219471  0.000  0.362  0.000  0.362
   1.28237     -1.226853  0.000  0.348  0.000  0.348
   1.31059     -1.233219  0.000  0.335  0.000  0.335
   1.33882     -1.238348  0.000  0.323  0.000  0.323
   1.36704     -1.242201  0.000  0.313  0.000  0.313
   1.39526     -1.244844  0.000  0.306  0.000  0.306
   1.42349     -1.246379  0.000  0.302  0.000  0.302
   1.45171     -1.246886  0.000  0.300  0.000  0.300
   1.45171     -1.246886  0.000  0.300  0.000  0.300
   1.47167     -1.244281  0.000  0.286  0.000  0.286
   1.49163     -1.234671  0.000  0.279  0.000  0.279
   1.51159     -1.227857  0.000  0.277  0.000  0.277
   1.53154     -1.233775  0.000  0.269  0.000  0.269
   1.55150     -1.245623  0.000  0.270  0.000  0.271
   1.57146     -1.259631  0.000  0.276  0.000  0.276
   1.59142     -1.274476  0.000  0.281  0.000  0.281
   1.61137     -1.289480  0.000  0.286  0.000  0.286
   1.63133     -1.304165  0.000  0.293  0.000  0.293
   1.65129     -1.318123  0.000  0.300  0.000  0.300
   1.67125     -1.330860  0.000  0.309  0.000  0.309
   1.69120     -1.331252  0.000  0.462  0.000  0.462
   1.71116     -1.327536  0.000  0.458  0.000  0.458
   1.73112     -1.323898  0.000  0.093  0.000  0.094
   1.75108     -1.312968  0.000  0.091  0.000  0.091
   1.77103     -1.303656  0.000  0.094  0.000  0.094
   1.79099     -1.296554  0.000  0.098  0.000  0.098
   1.81095     -1.292117  0.000  0.102  0.000  0.102
   1.83091     -1.290609  0.000  0.103  0.000  0.103
 
# Band-Index:   82
   1.83091     -1.218565  0.000  0.368  0.000  0.368
   1.81095     -1.217086  0.000  0.364  0.000  0.364
   1.79099     -1.212856  0.000  0.356  0.000  0.356
   1.77103     -1.206406  0.000  0.345  0.000  0.345
   1.75108     -1.198360  0.000  0.334  0.000  0.334
   1.73112     -1.189329  0.000  0.325  0.000  0.325
   1.71116     -1.179898  0.000  0.317  0.000  0.317
   1.69120     -1.170646  0.000  0.311  0.000  0.311
   1.67125     -1.162172  0.000  0.305  0.000  0.305
   1.65129     -1.155092  0.000  0.302  0.000  0.302
   1.63133     -1.150051  0.000  0.300  0.000  0.300
   1.61137     -1.147684  0.000  0.298  0.000  0.298
   1.59142     -1.148532  0.000  0.297  0.000  0.297
   1.57146     -1.152909  0.000  0.297  0.000  0.297
   1.55150     -1.160774  0.000  0.300  0.000  0.300
   1.53154     -1.171807  0.000  0.302  0.000  0.302
   1.51159     -1.186816  0.000  0.152  0.000  0.153
   1.49163     -1.201064  0.000  0.020  0.000  0.020
   1.47167     -1.211572  0.000  0.040  0.000  0.040
   1.45171     -1.216307  0.000  0.041  0.000  0.041
   1.45171     -1.216307  0.000  0.041  0.000  0.041
   1.42349     -1.214808  0.000  0.046  0.000  0.046
   1.39526     -1.210417  0.000  0.061  0.000  0.061
   1.36704     -1.203565  0.000  0.095  0.000  0.095
   1.33882     -1.195374  0.000  0.163  0.000  0.164
   1.31059     -1.187954  0.000  0.256  0.000  0.256
   1.28237     -1.182355  0.000  0.315  0.000  0.315
   1.25414     -1.177671  0.000  0.338  0.000  0.338
   1.22592     -1.173055  0.000  0.346  0.000  0.346
   1.19769     -1.167786  0.000  0.345  0.000  0.345
   1.16947     -1.160065  0.000  0.325  0.000  0.325
   1.14125     -1.142192  0.000  0.245  0.000  0.245
   1.11302     -1.095202  0.000  0.132  0.000  0.132
   1.08480     -1.023878  0.000  0.100  0.000  0.100
   1.05657     -0.945149  0.000  0.096  0.000  0.096
   1.02835     -0.868397  0.000  0.098  0.000  0.098
   1.00013     -0.800144  0.000  0.098  0.000  0.098
   0.97190     -0.745852  0.000  0.098  0.000  0.098
   0.94368     -0.710607  0.000  0.098  0.000  0.098
   0.91545     -0.698356  0.000  0.098  0.000  0.098
   0.91545     -0.698356  0.000  0.098  0.000  0.098
   0.89550     -0.698094  0.000  0.098  0.000  0.098
   0.87554     -0.698295  0.000  0.096  0.000  0.096
   0.85558     -0.700331  0.000  0.094  0.000  0.094
   0.83562     -0.704743  0.000  0.090  0.000  0.090
   0.81567     -0.711536  0.000  0.085  0.000  0.085
   0.79571     -0.720515  0.000  0.079  0.000  0.079
   0.77575     -0.731414  0.000  0.073  0.000  0.073
   0.75579     -0.743933  0.000  0.066  0.000  0.066
   0.73584     -0.757721  0.000  0.060  0.000  0.060
   0.71588     -0.772384  0.000  0.054  0.000  0.054
   0.69592     -0.787480  0.000  0.048  0.000  0.048
   0.67596     -0.802532  0.000  0.044  0.000  0.044
   0.65600     -0.817037  0.000  0.038  0.000  0.038
   0.63605     -0.830482  0.000  0.034  0.000  0.034
   0.61609     -0.842358  0.000  0.031  0.000  0.031
   0.59613     -0.852189  0.000  0.028  0.000  0.028
   0.57617     -0.859555  0.000  0.026  0.000  0.026
   0.55622     -0.864121  0.000  0.025  0.000  0.025
   0.53626     -0.865669  0.000  0.024  0.000  0.024
   0.53626     -0.865669  0.000  0.024  0.000  0.024
   0.50804     -0.879216  0.000  0.024  0.000  0.024
   0.47981     -0.917604  0.000  0.024  0.000  0.024
   0.45159     -0.974393  0.000  0.024  0.000  0.024
   0.42336     -1.039655  0.000  0.032  0.000  0.032
   0.39514     -1.100921  0.000  0.062  0.000  0.062
   0.36691     -1.146264  0.000  0.141  0.000  0.141
   0.33869     -1.173030  0.000  0.235  0.000  0.235
   0.31047     -1.188186  0.000  0.299  0.000  0.299
   0.28224     -1.197696  0.000  0.332  0.000  0.332
   0.25402     -1.204251  0.000  0.350  0.000  0.350
   0.22579     -1.208988  0.000  0.361  0.000  0.361
   0.19757     -1.212434  0.000  0.366  0.000  0.366
   0.16935     -1.214891  0.000  0.370  0.000  0.370
   0.14112     -1.216556  0.000  0.371  0.000  0.371
   0.11290     -1.217595  0.000  0.371  0.000  0.371
   0.08467     -1.218173  0.000  0.370  0.000  0.370
   0.05645     -1.218445  0.000  0.369  0.000  0.369
   0.02822     -1.218545  0.000  0.368  0.000  0.368
   0.00000     -1.218565  0.000  0.368  0.000  0.368
 
# Band-Index:   83
   0.00000     -1.164325  0.000  0.252  0.000  0.252
   0.02822     -1.163660  0.000  0.250  0.000  0.250
   0.05645     -1.161669  0.000  0.250  0.000  0.250
   0.08467     -1.158385  0.000  0.248  0.000  0.248
   0.11290     -1.153829  0.000  0.245  0.000  0.245
   0.14112     -1.147969  0.000  0.242  0.000  0.242
   0.16935     -1.140659  0.000  0.238  0.000  0.238
   0.19757     -1.131563  0.000  0.232  0.000  0.232
   0.22579     -1.120033  0.000  0.226  0.000  0.226
   0.25402     -1.104911  0.000  0.215  0.000  0.215
   0.28224     -1.084312  0.000  0.200  0.000  0.200
   0.31047     -1.055534  0.000  0.180  0.000  0.180
   0.33869     -1.015703  0.000  0.158  0.000  0.158
   0.36691     -0.963510  0.000  0.137  0.000  0.137
   0.39514     -0.900923  0.000  0.122  0.000  0.122
   0.42336     -0.833243  0.000  0.111  0.000  0.111
   0.45159     -0.767897  0.000  0.104  0.000  0.104
   0.47981     -0.713089  0.000  0.100  0.000  0.100
   0.50804     -0.676467  0.000  0.098  0.000  0.098
   0.53626     -0.663582  0.000  0.096  0.000  0.097
   0.53626     -0.663582  0.000  0.096  0.000  0.097
   0.55622     -0.662646  0.000  0.097  0.000  0.097
   0.57617     -0.659922  0.000  0.098  0.000  0.098
   0.59613     -0.655619  0.000  0.099  0.000  0.100
   0.61609     -0.650053  0.000  0.101  0.000  0.102
   0.63605     -0.643601  0.000  0.103  0.000  0.104
   0.65600     -0.636652  0.000  0.106  0.000  0.106
   0.67596     -0.629580  0.000  0.108  0.000  0.108
   0.69592     -0.622691  0.000  0.110  0.000  0.110
   0.71588     -0.616222  0.000  0.110  0.000  0.112
   0.73584     -0.610313  0.000  0.112  0.000  0.112
   0.75579     -0.605014  0.000  0.112  0.000  0.112
   0.77575     -0.600277  0.000  0.112  0.000  0.112
   0.79571     -0.595952  0.000  0.110  0.000  0.110
   0.81567     -0.591773  0.000  0.108  0.000  0.108
   0.83562     -0.587360  0.000  0.104  0.000  0.104
   0.85558     -0.582202  0.000  0.099  0.000  0.099
   0.87554     -0.575750  0.000  0.094  0.000  0.095
   0.89550     -0.568003  0.000  0.096  0.000  0.096
   0.91545     -0.562916  0.000  0.106  0.000  0.106
   0.91545     -0.562916  0.000  0.106  0.000  0.106
   0.94368     -0.575432  0.000  0.108  0.000  0.108
   0.97190     -0.610541  0.000  0.116  0.000  0.116
   1.00013     -0.666369  0.000  0.000  0.000  0.000
   1.02835     -0.744020  0.000  0.002  0.000  0.002
   1.05657     -0.821822  0.000  0.006  0.000  0.006
   1.08480     -0.892605  0.000  0.012  0.000  0.012
   1.11302     -0.953471  0.000  0.018  0.000  0.018
   1.14125     -1.004329  0.000  0.024  0.000  0.024
   1.16947     -1.046273  0.000  0.030  0.000  0.030
   1.19769     -1.080762  0.000  0.036  0.000  0.036
   1.22592     -1.109206  0.000  0.044  0.000  0.044
   1.25414     -1.132711  0.000  0.054  0.000  0.054
   1.28237     -1.151859  0.000  0.073  0.000  0.073
   1.31059     -1.166406  0.000  0.124  0.000  0.124
   1.33882     -1.175661  0.000  0.207  0.000  0.207
   1.36704     -1.180642  0.000  0.265  0.000  0.265
   1.39526     -1.183334  0.000  0.289  0.000  0.289
   1.42349     -1.184731  0.000  0.297  0.000  0.297
   1.45171     -1.185175  0.000  0.299  0.000  0.299
   1.45171     -1.185175  0.000  0.299  0.000  0.299
   1.47167     -1.186302  0.000  0.310  0.000  0.310
   1.49163     -1.186783  0.000  0.332  0.000  0.332
   1.51159     -1.178136  0.000  0.220  0.000  0.220
   1.53154     -1.156595  0.000  0.123  0.000  0.123
   1.55150     -1.133117  0.000  0.181  0.000  0.181
   1.57146     -1.116815  0.000  0.228  0.000  0.228
   1.59142     -1.107618  0.000  0.249  0.000  0.249
   1.61137     -1.103379  0.000  0.255  0.000  0.255
   1.63133     -1.102746  0.000  0.256  0.000  0.256
   1.65129     -1.105022  0.000  0.254  0.000  0.254
   1.67125     -1.109726  0.000  0.253  0.000  0.253
   1.69120     -1.116393  0.000  0.251  0.000  0.251
   1.71116     -1.124510  0.000  0.250  0.000  0.250
   1.73112     -1.133480  0.000  0.250  0.000  0.250
   1.75108     -1.142609  0.000  0.250  0.000  0.250
   1.77103     -1.151102  0.000  0.250  0.000  0.250
   1.79099     -1.158085  0.000  0.251  0.000  0.251
   1.81095     -1.162708  0.000  0.252  0.000  0.252
   1.83091     -1.164325  0.000  0.252  0.000  0.252
 
# Band-Index:   84
   1.83091     -0.977569  0.000  0.162  0.000  0.162
   1.81095     -0.976928  0.000  0.162  0.000  0.162
   1.79099     -0.975138  0.000  0.161  0.000  0.161
   1.77103     -0.972552  0.000  0.159  0.000  0.159
   1.75108     -0.969656  0.000  0.156  0.000  0.156
   1.73112     -0.966957  0.000  0.153  0.000  0.153
   1.71116     -0.964904  0.000  0.150  0.000  0.150
   1.69120     -0.963867  0.000  0.145  0.000  0.145
   1.67125     -0.964150  0.000  0.139  0.000  0.139
   1.65129     -0.966120  0.000  0.133  0.000  0.133
   1.63133     -0.970493  0.000  0.124  0.000  0.125
   1.61137     -0.978859  0.000  0.114  0.000  0.114
   1.59142     -0.993842  0.000  0.102  0.000  0.102
   1.57146     -1.016307  0.000  0.102  0.000  0.102
   1.55150     -1.041037  0.000  0.128  0.000  0.128
   1.53154     -1.061086  0.000  0.176  0.000  0.176
   1.51159     -1.074894  0.000  0.216  0.000  0.216
   1.49163     -1.084160  0.000  0.241  0.000  0.241
   1.47167     -1.089850  0.000  0.255  0.000  0.255
   1.45171     -1.091829  0.000  0.259  0.000  0.259
   1.45171     -1.091829  0.000  0.259  0.000  0.259
   1.42349     -1.091395  0.000  0.259  0.000  0.259
   1.39526     -1.090044  0.000  0.257  0.000  0.257
   1.36704     -1.087602  0.000  0.254  0.000  0.254
   1.33882     -1.083748  0.000  0.249  0.000  0.249
   1.31059     -1.077982  0.000  0.243  0.000  0.243
   1.28237     -1.069573  0.000  0.235  0.000  0.235
   1.25414     -1.057528  0.000  0.225  0.000  0.225
   1.22592     -1.040624  0.000  0.214  0.000  0.214
   1.19769     -1.017532  0.000  0.202  0.000  0.202
   1.16947     -0.987050  0.000  0.191  0.000  0.191
   1.14125     -0.948372  0.000  0.180  0.000  0.180
   1.11302     -0.901311  0.000  0.170  0.000  0.170
   1.08480     -0.846556  0.000  0.160  0.000  0.160
   1.05657     -0.785949  0.000  0.149  0.000  0.150
   1.02835     -0.722796  0.000  0.138  0.000  0.138
   1.00013     -0.662118  0.000  0.126  0.000  0.126
   0.97190     -0.599304  0.000  0.001  0.000  0.001
   0.94368     -0.553601  0.000  0.002  0.000  0.002
   0.91545     -0.537354  0.000  0.002  0.000  0.002
   0.91545     -0.537354  0.000  0.002  0.000  0.002
   0.89550     -0.528858  0.000  0.014  0.000  0.014
   0.87554     -0.511800  0.000  0.020  0.000  0.021
   0.85558     -0.492570  0.000  0.026  0.000  0.026
   0.83562     -0.474350  0.000  0.034  0.000  0.034
   0.81567     -0.459522  0.000  0.044  0.000  0.045
   0.79571     -0.449187  0.000  0.056  0.000  0.056
   0.77575     -0.443002  0.000  0.066  0.000  0.066
   0.75579     -0.439981  0.000  0.075  0.000  0.076
   0.73584     -0.439188  0.000  0.082  0.000  0.083
   0.71588     -0.439966  0.000  0.089  0.000  0.090
   0.69592     -0.441865  0.000  0.094  0.000  0.095
   0.67596     -0.444566  0.000  0.099  0.000  0.100
   0.65600     -0.447794  0.000  0.102  0.000  0.103
   0.63605     -0.451279  0.000  0.106  0.000  0.106
   0.61609     -0.454732  0.000  0.108  0.000  0.108
   0.59613     -0.457851  0.000  0.110  0.000  0.110
   0.57617     -0.460342  0.000  0.110  0.000  0.111
   0.55622     -0.461953  0.000  0.111  0.000  0.112
   0.53626     -0.462512  0.000  0.112  0.000  0.112
   0.53626     -0.462512  0.000  0.112  0.000  0.112
   0.50804     -0.475553  0.000  0.114  0.000  0.114
   0.47981     -0.512063  0.000  0.119  0.000  0.119
   0.45159     -0.565339  0.000  0.127  0.000  0.128
   0.42336     -0.627180  0.000  0.137  0.000  0.138
   0.39514     -0.690172  0.000  0.148  0.000  0.148
   0.36691     -0.748899  0.000  0.158  0.000  0.158
   0.33869     -0.800183  0.000  0.166  0.000  0.167
   0.31047     -0.842810  0.000  0.173  0.000  0.173
   0.28224     -0.876956  0.000  0.176  0.000  0.176
   0.25402     -0.903610  0.000  0.178  0.000  0.178
   0.22579     -0.924084  0.000  0.177  0.000  0.177
   0.19757     -0.939673  0.000  0.175  0.000  0.175
   0.16935     -0.951486  0.000  0.173  0.000  0.173
   0.14112     -0.960388  0.000  0.170  0.000  0.170
   0.11290     -0.967015  0.000  0.168  0.000  0.168
   0.08467     -0.971810  0.000  0.165  0.000  0.165
   0.05645     -0.975062  0.000  0.164  0.000  0.164
   0.02822     -0.976950  0.000  0.162  0.000  0.162
   0.00000     -0.977569  0.000  0.162  0.000  0.162
 
# Band-Index:   85
   0.00000     -0.536386  0.000  0.054  0.000  0.055
   0.02822     -0.535630  0.000  0.055  0.000  0.056
   0.05645     -0.533325  0.000  0.056  0.000  0.056
   0.08467     -0.529382  0.000  0.056  0.000  0.056
   0.11290     -0.523640  0.000  0.056  0.000  0.057
   0.14112     -0.515861  0.000  0.058  0.000  0.058
   0.16935     -0.505695  0.000  0.059  0.000  0.059
   0.19757     -0.492677  0.000  0.060  0.000  0.060
   0.22579     -0.476185  0.000  0.061  0.000  0.061
   0.25402     -0.455417  0.000  0.062  0.000  0.062
   0.28224     -0.429391  0.000  0.062  0.000  0.062
   0.31047     -0.396975  0.000  0.062  0.000  0.062
   0.33869     -0.357021  0.000  0.060  0.000  0.060
   0.36691     -0.308690  0.000  0.058  0.000  0.058
   0.39514     -0.252028  0.000  0.054  0.000  0.054
   0.42336     -0.188863  0.000  0.050  0.000  0.051
   0.45159     -0.123826  0.000  0.046  0.000  0.048
   0.47981     -0.064969  0.000  0.044  0.000  0.044
   0.50804     -0.022916  0.000  0.042  0.000  0.042
   0.53626     -0.007519  0.000  0.041  0.000  0.042
   0.53626     -0.007519  0.000  0.041  0.000  0.042
   0.55622     -0.009751  0.000  0.040  0.000  0.042
   0.57617     -0.016430  0.000  0.040  0.000  0.040
   0.59613     -0.027483  0.000  0.038  0.000  0.040
   0.61609     -0.042777  0.000  0.038  0.000  0.038
   0.63605     -0.062100  0.000  0.036  0.000  0.036
   0.65600     -0.085138  0.000  0.034  0.000  0.034
   0.67596     -0.111464  0.000  0.031  0.000  0.032
   0.69592     -0.140513  0.000  0.028  0.000  0.030
   0.71588     -0.171575  0.000  0.028  0.000  0.028
   0.73584     -0.203774  0.000  0.026  0.000  0.026
   0.75579     -0.236016  0.000  0.026  0.000  0.026
   0.77575     -0.266928  0.000  0.026  0.000  0.027
   0.79571     -0.294829  0.000  0.030  0.000  0.030
   0.81567     -0.317939  0.000  0.034  0.000  0.034
   0.83562     -0.335085  0.000  0.038  0.000  0.039
   0.85558     -0.346423  0.000  0.042  0.000  0.042
   0.87554     -0.353165  0.000  0.044  0.000  0.044
   0.89550     -0.356634  0.000  0.044  0.000  0.045
   0.91545     -0.357695  0.000  0.045  0.000  0.045
   0.91545     -0.357695  0.000  0.045  0.000  0.045
   0.94368     -0.370441  0.000  0.046  0.000  0.046
   0.97190     -0.406101  0.000  0.050  0.000  0.050
   1.00013     -0.458183  0.000  0.055  0.000  0.055
   1.02835     -0.518895  0.000  0.061  0.000  0.061
   1.05657     -0.581391  0.000  0.068  0.000  0.068
   1.08480     -0.640822  0.000  0.073  0.000  0.074
   1.11302     -0.694390  0.000  0.079  0.000  0.079
   1.14125     -0.740896  0.000  0.083  0.000  0.083
   1.16947     -0.780201  0.000  0.087  0.000  0.087
   1.19769     -0.812753  0.000  0.090  0.000  0.090
   1.22592     -0.839271  0.000  0.093  0.000  0.093
   1.25414     -0.860565  0.000  0.096  0.000  0.096
   1.28237     -0.877422  0.000  0.099  0.000  0.099
   1.31059     -0.890540  0.000  0.101  0.000  0.101
   1.33882     -0.900509  0.000  0.103  0.000  0.103
   1.36704     -0.907802  0.000  0.105  0.000  0.105
   1.39526     -0.912769  0.000  0.107  0.000  0.107
   1.42349     -0.915657  0.000  0.107  0.000  0.107
   1.45171     -0.916607  0.000  0.107  0.000  0.108
   1.45171     -0.916607  0.000  0.107  0.000  0.108
   1.47167     -0.916644  0.000  0.107  0.000  0.107
   1.49163     -0.916630  0.000  0.106  0.000  0.107
   1.51159     -0.916144  0.000  0.104  0.000  0.105
   1.53154     -0.914329  0.000  0.101  0.000  0.101
   1.55150     -0.909565  0.000  0.094  0.000  0.094
   1.57146     -0.898870  0.000  0.082  0.000  0.082
   1.59142     -0.878229  0.000  0.066  0.000  0.066
   1.61137     -0.846340  0.000  0.052  0.000  0.052
   1.63133     -0.806918  0.000  0.046  0.000  0.046
   1.65129     -0.764601  0.000  0.044  0.000  0.044
   1.67125     -0.722506  0.000  0.045  0.000  0.045
   1.69120     -0.682550  0.000  0.046  0.000  0.046
   1.71116     -0.646007  0.000  0.048  0.000  0.048
   1.73112     -0.613788  0.000  0.050  0.000  0.050
   1.75108     -0.586579  0.000  0.052  0.000  0.052
   1.77103     -0.564904  0.000  0.053  0.000  0.054
   1.79099     -0.549152  0.000  0.054  0.000  0.054
   1.81095     -0.539595  0.000  0.054  0.000  0.054
   1.83091     -0.536386  0.000  0.054  0.000  0.055
 
# Band-Index:   86
   1.83091      2.467593  0.000  0.006  0.000  0.006
   1.81095      2.469427  0.000  0.006  0.000  0.006
   1.79099      2.474886  0.000  0.006  0.000  0.006
   1.77103      2.483872  0.000  0.006  0.000  0.006
   1.75108      2.496292  0.000  0.006  0.000  0.006
   1.73112      2.512134  0.000  0.006  0.000  0.008
   1.71116      2.531480  0.000  0.006  0.000  0.008
   1.69120      2.554466  0.000  0.006  0.000  0.008
   1.67125      2.581171  0.000  0.006  0.002  0.008
   1.65129      2.611462  0.000  0.006  0.002  0.008
   1.63133      2.644805  0.000  0.006  0.002  0.008
   1.61137      2.680020  0.000  0.006  0.002  0.008
   1.59142      2.714998  0.000  0.006  0.002  0.008
   1.57146      2.746730  0.000  0.006  0.002  0.008
   1.55150      2.772603  0.000  0.006  0.002  0.008
   1.53154      2.792249  0.000  0.006  0.002  0.008
   1.51159      2.806929  0.000  0.006  0.002  0.008
   1.49163      2.817561  0.000  0.008  0.002  0.008
   1.47167      2.824188  0.000  0.008  0.002  0.010
   1.45171      2.826460  0.000  0.008  0.002  0.010
   1.45171      2.826460  0.000  0.008  0.002  0.010
   1.42349      2.823861  0.000  0.008  0.002  0.010
   1.39526      2.816099  0.000  0.008  0.002  0.010
   1.36704      2.803292  0.000  0.008  0.002  0.009
   1.33882      2.785654  0.000  0.008  0.002  0.009
   1.31059      2.763519  0.000  0.008  0.002  0.008
   1.28237      2.737360  0.000  0.008  0.002  0.008
   1.25414      2.707806  0.000  0.008  0.002  0.008
   1.22592      2.675640  0.000  0.008  0.002  0.008
   1.19769      2.641781  0.000  0.008  0.002  0.008
   1.16947      2.607274  0.000  0.008  0.002  0.008
   1.14125      2.573252  0.000  0.008  0.001  0.008
   1.11302      2.540920  0.000  0.008  0.000  0.008
   1.08480      2.511536  0.000  0.007  0.000  0.008
   1.05657      2.486405  0.000  0.006  0.000  0.008
   1.02835      2.466841  0.000  0.006  0.000  0.008
   1.00013      2.453904  0.000  0.006  0.000  0.008
   0.97190      2.446764  0.000  0.005  0.000  0.006
   0.94368      2.433804  0.000  0.002  0.000  0.002
   0.91545      2.418644  0.000  0.000  0.000  0.000
   0.91545      2.418644  0.000  0.000  0.000  0.000
   0.89550      2.405643  0.000  0.000  0.000  0.000
   0.87554      2.380559  0.000  0.000  0.000  0.000
   0.85558      2.350615  0.000  0.000  0.000  0.000
   0.83562      2.318902  0.000  0.002  0.000  0.002
   0.81567      2.286772  0.000  0.002  0.000  0.002
   0.79571      2.254952  0.000  0.002  0.000  0.002
   0.77575      2.223926  0.000  0.002  0.000  0.002
   0.75579      2.194069  0.000  0.002  0.000  0.002
   0.73584      2.165698  0.000  0.002  0.000  0.002
   0.71588      2.139098  0.000  0.002  0.000  0.002
   0.69592      2.114528  0.000  0.002  0.000  0.002
   0.67596      2.092228  0.000  0.002  0.000  0.002
   0.65600      2.072418  0.000  0.002  0.000  0.002
   0.63605      2.055295  0.000  0.002  0.000  0.002
   0.61609      2.041033  0.000  0.002  0.000  0.002
   0.59613      2.029780  0.000  0.002  0.000  0.002
   0.57617      2.021654  0.000  0.002  0.000  0.002
   0.55622      2.016744  0.000  0.002  0.000  0.002
   0.53626      2.014384  0.000  0.004  0.000  0.004
   0.53626      2.014384  0.000  0.004  0.000  0.004
   0.50804      2.011783  0.000  0.004  0.000  0.004
   0.47981      2.009926  0.000  0.004  0.000  0.006
   0.45159      2.015738  0.000  0.004  0.000  0.006
   0.42336      2.030869  0.000  0.006  0.000  0.006
   0.39514      2.054463  0.000  0.006  0.000  0.006
   0.36691      2.084969  0.000  0.006  0.000  0.006
   0.33869      2.120713  0.000  0.006  0.000  0.006
   0.31047      2.160047  0.000  0.006  0.000  0.006
   0.28224      2.201393  0.000  0.006  0.000  0.006
   0.25402      2.243273  0.000  0.006  0.000  0.006
   0.22579      2.284323  0.000  0.006  0.000  0.006
   0.19757      2.323308  0.000  0.006  0.000  0.006
   0.16935      2.359142  0.000  0.006  0.000  0.006
   0.14112      2.390896  0.000  0.006  0.000  0.006
   0.11290      2.417809  0.000  0.006  0.000  0.006
   0.08467      2.439297  0.000  0.006  0.000  0.006
   0.05645      2.454927  0.000  0.006  0.000  0.006
   0.02822      2.464413  0.000  0.006  0.000  0.006
   0.00000      2.467593  0.000  0.006  0.000  0.006
 
# Band-Index:   87
   0.00000      2.849811  0.000  0.010  0.002  0.012
   0.02822      2.847767  0.000  0.010  0.002  0.012
   0.05645      2.841632  0.000  0.010  0.002  0.012
   0.08467      2.831409  0.000  0.010  0.002  0.012
   0.11290      2.817138  0.000  0.010  0.002  0.012
   0.14112      2.798935  0.000  0.010  0.002  0.012
   0.16935      2.769367  0.002  0.022  0.002  0.024
   0.19757      2.731184  0.002  0.022  0.002  0.024
   0.22579      2.690269  0.002  0.022  0.002  0.026
   0.25402      2.647761  0.002  0.023  0.002  0.026
   0.28224      2.604828  0.002  0.024  0.000  0.026
   0.31047      2.562629  0.002  0.024  0.000  0.026
   0.33869      2.522291  0.002  0.024  0.000  0.026
   0.36691      2.484880  0.002  0.024  0.000  0.028
   0.39514      2.451373  0.002  0.026  0.000  0.028
   0.42336      2.378516  0.000  0.006  0.000  0.006
   0.45159      2.247723  0.000  0.004  0.000  0.004
   0.47981      2.127298  0.000  0.002  0.000  0.002
   0.50804      2.044535  0.000  0.002  0.000  0.002
   0.53626      2.015101  0.000  0.002  0.000  0.002
   0.53626      2.015101  0.000  0.002  0.000  0.002
   0.55622      2.017043  0.000  0.004  0.000  0.004
   0.57617      2.024905  0.000  0.004  0.000  0.004
   0.59613      2.037660  0.000  0.004  0.000  0.004
   0.61609      2.054933  0.000  0.004  0.000  0.004
   0.63605      2.076408  0.000  0.004  0.000  0.004
   0.65600      2.101931  0.000  0.004  0.000  0.004
   0.67596      2.131498  0.000  0.004  0.000  0.006
   0.69592      2.165127  0.000  0.004  0.000  0.006
   0.71588      2.202665  0.000  0.004  0.000  0.006
   0.73584      2.243570  0.000  0.004  0.000  0.006
   0.75579      2.286687  0.000  0.004  0.000  0.006
   0.77575      2.330015  0.000  0.004  0.000  0.004
   0.79571      2.370682  0.000  0.004  0.000  0.004
   0.81567      2.385075  0.000  0.002  0.000  0.004
   0.83562      2.397447  0.000  0.002  0.000  0.002
   0.85558      2.408323  0.000  0.002  0.000  0.002
   0.87554      2.416856  0.000  0.000  0.000  0.000
   0.89550      2.421841  0.000  0.000  0.000  0.000
   0.91545      2.421414  0.000  0.000  0.000  0.000
   0.91545      2.421414  0.000  0.000  0.000  0.000
   0.94368      2.447576  0.000  0.000  0.000  0.000
   0.97190      2.520923  0.000  0.001  0.000  0.002
   1.00013      2.615424  0.000  0.006  0.000  0.006
   1.02835      2.675242  0.000  0.012  0.002  0.012
   1.05657      2.710454  0.000  0.012  0.002  0.014
   1.08480      2.740219  0.000  0.012  0.002  0.014
   1.11302      2.768843  0.000  0.012  0.002  0.014
   1.14125      2.797290  0.000  0.012  0.002  0.014
   1.16947      2.825537  0.000  0.012  0.002  0.014
   1.19769      2.853187  0.000  0.012  0.002  0.014
   1.22592      2.879693  0.000  0.012  0.002  0.014
   1.25414      2.904472  0.000  0.012  0.002  0.014
   1.28237      2.926973  0.000  0.012  0.002  0.014
   1.31059      2.946718  0.000  0.012  0.002  0.014
   1.33882      2.963320  0.000  0.012  0.002  0.014
   1.36704      2.976489  0.000  0.012  0.002  0.014
   1.39526      2.986021  0.000  0.012  0.002  0.014
   1.42349      2.991787  0.000  0.012  0.002  0.014
   1.45171      2.993715  0.000  0.012  0.002  0.014
   1.45171      2.993715  0.000  0.012  0.002  0.014
   1.47167      2.989721  0.000  0.012  0.002  0.014
   1.49163      2.977269  0.000  0.012  0.002  0.014
   1.51159      2.956140  0.000  0.012  0.002  0.014
   1.53154      2.928599  0.002  0.012  0.002  0.014
   1.55150      2.899824  0.002  0.011  0.002  0.014
   1.57146      2.875594  0.002  0.010  0.002  0.014
   1.59142      2.859060  0.002  0.010  0.002  0.014
   1.61137      2.849875  0.002  0.010  0.002  0.014
   1.63133      2.846245  0.002  0.010  0.002  0.012
   1.65129      2.846423  0.000  0.010  0.002  0.012
   1.67125      2.848911  0.000  0.010  0.002  0.012
   1.69120      2.852312  0.000  0.010  0.002  0.012
   1.71116      2.855249  0.000  0.010  0.002  0.012
   1.73112      2.856489  0.000  0.010  0.002  0.012
   1.75108      2.855473  0.000  0.010  0.002  0.012
   1.77103      2.853028  0.000  0.010  0.002  0.012
   1.79099      2.850888  0.000  0.010  0.002  0.012
   1.81095      2.849959  0.000  0.010  0.002  0.012
   1.83091      2.849811  0.000  0.010  0.002  0.012
 
# Band-Index:   88
   1.83091      2.889237  0.002  0.022  0.002  0.024
   1.81095      2.891240  0.002  0.022  0.002  0.024
   1.79099      2.896880  0.002  0.020  0.002  0.024
   1.77103      2.906061  0.002  0.020  0.002  0.024
   1.75108      2.920253  0.002  0.020  0.002  0.024
   1.73112      2.941911  0.002  0.018  0.002  0.022
   1.71116      2.972585  0.002  0.018  0.002  0.022
   1.69120      3.012248  0.002  0.018  0.002  0.022
   1.67125      3.059766  0.004  0.016  0.002  0.020
   1.65129      3.112974  0.002  0.016  0.002  0.020
   1.63133      3.167232  0.002  0.018  0.002  0.022
   1.61137      3.209686  0.002  0.020  0.002  0.024
   1.59142      3.221273  0.002  0.020  0.002  0.024
   1.57146      3.212743  0.004  0.020  0.002  0.024
   1.55150      3.201427  0.004  0.018  0.002  0.024
   1.53154      3.193913  0.004  0.018  0.002  0.024
   1.51159      3.192563  0.004  0.016  0.002  0.024
   1.49163      3.196777  0.004  0.016  0.002  0.024
   1.47167      3.202667  0.004  0.018  0.002  0.024
   1.45171      3.205339  0.004  0.018  0.002  0.024
   1.45171      3.205339  0.004  0.018  0.002  0.024
   1.42349      3.202317  0.004  0.018  0.002  0.024
   1.39526      3.193331  0.004  0.018  0.002  0.024
   1.36704      3.178619  0.004  0.018  0.002  0.024
   1.33882      3.158573  0.004  0.018  0.002  0.024
   1.31059      3.133734  0.004  0.018  0.002  0.024
   1.28237      3.104780  0.004  0.018  0.002  0.024
   1.25414      3.072509  0.004  0.018  0.002  0.024
   1.22592      3.037808  0.004  0.018  0.002  0.024
   1.19769      3.001627  0.004  0.019  0.002  0.024
   1.16947      2.964935  0.004  0.020  0.002  0.024
   1.14125      2.928676  0.004  0.020  0.002  0.024
   1.11302      2.893711  0.002  0.020  0.002  0.024
   1.08480      2.860683  0.002  0.020  0.002  0.024
   1.05657      2.829564  0.002  0.020  0.002  0.024
   1.02835      2.794349  0.002  0.018  0.002  0.022
   1.00013      2.671742  0.000  0.002  0.000  0.002
   0.97190      2.550645  0.000  0.002  0.000  0.002
   0.94368      2.487730  0.000  0.004  0.000  0.004
   0.91545      2.479428  0.000  0.004  0.000  0.006
   0.91545      2.479428  0.000  0.004  0.000  0.006
   0.89550      2.476575  0.000  0.004  0.000  0.006
   0.87554      2.468056  0.000  0.004  0.000  0.006
   0.85558      2.453805  0.000  0.004  0.000  0.004
   0.83562      2.433310  0.000  0.004  0.000  0.004
   0.81567      2.405673  0.000  0.004  0.000  0.004
   0.79571      2.371856  0.000  0.004  0.000  0.004
   0.77575      2.358291  0.000  0.004  0.000  0.004
   0.75579      2.344771  0.000  0.004  0.000  0.004
   0.73584      2.331604  0.000  0.004  0.000  0.004
   0.71588      2.319041  0.000  0.004  0.000  0.006
   0.69592      2.307291  0.000  0.004  0.000  0.006
   0.67596      2.296530  0.000  0.004  0.000  0.006
   0.65600      2.286908  0.000  0.006  0.000  0.006
   0.63605      2.278552  0.000  0.006  0.000  0.006
   0.61609      2.271572  0.000  0.006  0.000  0.006
   0.59613      2.266052  0.000  0.006  0.000  0.006
   0.57617      2.262060  0.000  0.006  0.000  0.006
   0.55622      2.259646  0.000  0.006  0.000  0.006
   0.53626      2.258837  0.000  0.006  0.000  0.006
   0.53626      2.258837  0.000  0.006  0.000  0.006
   0.50804      2.291605  0.000  0.006  0.000  0.006
   0.47981      2.376117  0.000  0.018  0.000  0.018
   0.45159      2.399306  0.002  0.026  0.000  0.028
   0.42336      2.422631  0.002  0.026  0.000  0.028
   0.39514      2.481073  0.000  0.008  0.002  0.010
   0.36691      2.544376  0.000  0.010  0.002  0.010
   0.33869      2.588557  0.000  0.010  0.002  0.012
   0.31047      2.625924  0.000  0.010  0.002  0.012
   0.28224      2.660425  0.000  0.010  0.002  0.012
   0.25402      2.693005  0.000  0.010  0.002  0.012
   0.22579      2.723592  0.000  0.010  0.002  0.012
   0.19757      2.751766  0.000  0.010  0.002  0.012
   0.16935      2.777032  0.000  0.010  0.002  0.012
   0.14112      2.803740  0.002  0.022  0.002  0.024
   0.11290      2.833314  0.002  0.022  0.002  0.024
   0.08467      2.857246  0.002  0.022  0.002  0.024
   0.05645      2.874847  0.002  0.022  0.002  0.024
   0.02822      2.885613  0.002  0.022  0.002  0.024
   0.00000      2.889237  0.002  0.022  0.002  0.024
 
# Band-Index:   89
   0.00000      3.549182  0.002  0.006  0.002  0.008
   0.02822      3.548018  0.002  0.006  0.002  0.008
   0.05645      3.544453  0.002  0.006  0.002  0.008
   0.08467      3.538289  0.002  0.006  0.002  0.008
   0.11290      3.529269  0.000  0.006  0.002  0.010
   0.14112      3.517162  0.000  0.008  0.002  0.010
   0.16935      3.501800  0.000  0.008  0.002  0.010
   0.19757      3.470212  0.006  0.052  0.004  0.061
   0.22579      3.426331  0.006  0.052  0.004  0.062
   0.25402      3.377659  0.006  0.052  0.004  0.060
   0.28224      3.320329  0.006  0.050  0.004  0.058
   0.31047      3.240766  0.004  0.042  0.002  0.048
   0.33869      3.111870  0.002  0.024  0.002  0.028
   0.36691      2.941641  0.000  0.012  0.000  0.014
   0.39514      2.779465  0.000  0.010  0.000  0.010
   0.42336      2.668870  0.000  0.010  0.002  0.010
   0.45159      2.515700  0.000  0.004  0.000  0.006
   0.47981      2.388741  0.000  0.014  0.000  0.016
   0.50804      2.372795  0.002  0.026  0.000  0.028
   0.53626      2.369177  0.002  0.026  0.000  0.028
   0.53626      2.369177  0.002  0.026  0.000  0.028
   0.55622      2.371214  0.002  0.026  0.000  0.028
   0.57617      2.377587  0.002  0.026  0.000  0.028
   0.59613      2.388913  0.002  0.024  0.000  0.028
   0.61609      2.405674  0.002  0.024  0.000  0.028
   0.63605      2.427535  0.002  0.024  0.000  0.026
   0.65600      2.452624  0.002  0.024  0.000  0.026
   0.67596      2.477263  0.002  0.022  0.000  0.026
   0.69592      2.497464  0.002  0.022  0.002  0.024
   0.71588      2.512099  0.002  0.020  0.002  0.022
   0.73584      2.523519  0.002  0.018  0.002  0.022
   0.75579      2.535274  0.002  0.018  0.002  0.020
   0.77575      2.550735  0.002  0.016  0.002  0.020
   0.79571      2.572871  0.002  0.016  0.002  0.018
   0.81567      2.578792  0.000  0.006  0.002  0.008
   0.83562      2.571435  0.000  0.004  0.000  0.004
   0.85558      2.558665  0.000  0.002  0.000  0.002
   0.87554      2.540477  0.000  0.000  0.000  0.000
   0.89550      2.521795  0.000  0.000  0.000  0.000
   0.91545      2.512887  0.000  0.000  0.000  0.000
   0.91545      2.512887  0.000  0.000  0.000  0.000
   0.94368      2.541712  0.000  0.000  0.000  0.000
   0.97190      2.625155  0.000  0.002  0.000  0.002
   1.00013      2.718740  0.000  0.010  0.002  0.012
   1.02835      2.846369  0.000  0.003  0.000  0.004
   1.05657      3.025864  0.000  0.004  0.000  0.006
   1.08480      3.182551  0.000  0.012  0.002  0.014
   1.11302      3.235792  0.002  0.012  0.002  0.016
   1.14125      3.270562  0.002  0.012  0.002  0.016
   1.16947      3.299551  0.002  0.012  0.002  0.016
   1.19769      3.326413  0.002  0.012  0.002  0.016
   1.22592      3.352057  0.002  0.012  0.002  0.016
   1.25414      3.376488  0.002  0.012  0.002  0.016
   1.28237      3.399345  0.002  0.010  0.002  0.014
   1.31059      3.420106  0.002  0.010  0.002  0.014
   1.33882      3.438181  0.002  0.010  0.002  0.014
   1.36704      3.452981  0.002  0.010  0.002  0.014
   1.39526      3.463978  0.002  0.010  0.002  0.013
   1.42349      3.470755  0.002  0.009  0.002  0.012
   1.45171      3.473045  0.002  0.008  0.002  0.012
   1.45171      3.473045  0.002  0.008  0.002  0.012
   1.47167      3.472941  0.002  0.010  0.002  0.016
   1.49163      3.478652  0.004  0.012  0.002  0.020
   1.51159      3.495383  0.004  0.014  0.002  0.020
   1.53154      3.513525  0.000  0.008  0.002  0.010
   1.55150      3.482230  0.004  0.012  0.002  0.016
   1.57146      3.424173  0.004  0.014  0.002  0.020
   1.59142      3.367473  0.004  0.014  0.002  0.020
   1.61137      3.334411  0.004  0.016  0.002  0.022
   1.63133      3.337909  0.004  0.018  0.002  0.026
   1.65129      3.360047  0.004  0.022  0.002  0.028
   1.67125      3.388603  0.002  0.024  0.002  0.028
   1.69120      3.419220  0.002  0.024  0.002  0.028
   1.71116      3.449680  0.002  0.024  0.002  0.028
   1.73112      3.478304  0.000  0.024  0.002  0.028
   1.75108      3.503548  0.000  0.022  0.002  0.026
   1.77103      3.523960  0.000  0.018  0.002  0.020
   1.79099      3.538417  0.000  0.014  0.002  0.016
   1.81095      3.546615  0.002  0.008  0.002  0.010
   1.83091      3.549182  0.002  0.006  0.002  0.008
 
# Band-Index:   90
   1.83091      3.633440  0.006  0.048  0.004  0.060
   1.81095      3.636453  0.006  0.046  0.004  0.058
   1.79099      3.646327  0.008  0.040  0.004  0.052
   1.77103      3.664576  0.008  0.034  0.004  0.046
   1.75108      3.691990  0.010  0.028  0.002  0.040
   1.73112      3.728301  0.010  0.024  0.002  0.037
   1.71116      3.772274  0.010  0.024  0.002  0.036
   1.69120      3.820689  0.010  0.024  0.002  0.038
   1.67125      3.853350  0.008  0.030  0.002  0.042
   1.65129      3.832523  0.006  0.032  0.002  0.040
   1.63133      3.786366  0.006  0.032  0.004  0.040
   1.61137      3.732595  0.006  0.030  0.004  0.040
   1.59142      3.677719  0.008  0.030  0.004  0.040
   1.57146      3.625439  0.008  0.028  0.004  0.040
   1.55150      3.579897  0.010  0.030  0.004  0.044
   1.53154      3.558971  0.014  0.034  0.004  0.052
   1.51159      3.576617  0.012  0.030  0.004  0.046
   1.49163      3.579206  0.012  0.032  0.004  0.048
   1.47167      3.567011  0.014  0.032  0.004  0.052
   1.45171      3.559044  0.016  0.034  0.004  0.054
   1.45171      3.559044  0.016  0.034  0.004  0.054
   1.42349      3.556593  0.016  0.034  0.004  0.054
   1.39526      3.549317  0.016  0.034  0.004  0.054
   1.36704      3.537433  0.014  0.036  0.004  0.055
   1.33882      3.521291  0.014  0.036  0.004  0.056
   1.31059      3.501346  0.014  0.038  0.004  0.056
   1.28237      3.478130  0.014  0.038  0.004  0.057
   1.25414      3.452205  0.014  0.040  0.004  0.058
   1.22592      3.424102  0.012  0.042  0.004  0.058
   1.19769      3.394209  0.012  0.042  0.004  0.060
   1.16947      3.362519  0.012  0.044  0.004  0.060
   1.14125      3.327909  0.010  0.044  0.004  0.060
   1.11302      3.285047  0.008  0.042  0.004  0.056
   1.08480      3.200752  0.004  0.020  0.002  0.026
   1.05657      3.031419  0.000  0.000  0.000  0.000
   1.02835      2.849022  0.000  0.004  0.000  0.005
   1.00013      2.757508  0.000  0.000  0.000  0.000
   0.97190      2.658979  0.000  0.014  0.002  0.016
   0.94368      2.626814  0.000  0.016  0.002  0.018
   0.91545      2.613020  0.000  0.016  0.003  0.019
   0.91545      2.613020  0.000  0.016  0.003  0.019
   0.89550      2.614853  0.000  0.016  0.003  0.018
   0.87554      2.620171  0.000  0.016  0.003  0.018
   0.85558      2.628773  0.000  0.015  0.003  0.017
   0.83562      2.639404  0.000  0.015  0.002  0.017
   0.81567      2.603604  0.002  0.014  0.002  0.018
   0.79571      2.582846  0.000  0.008  0.002  0.010
   0.77575      2.585178  0.000  0.008  0.002  0.010
   0.75579      2.586599  0.000  0.010  0.002  0.011
   0.73584      2.587507  0.000  0.010  0.002  0.012
   0.71588      2.588110  0.000  0.010  0.002  0.012
   0.69592      2.588520  0.000  0.010  0.002  0.012
   0.67596      2.588804  0.000  0.010  0.002  0.012
   0.65600      2.589002  0.000  0.010  0.002  0.012
   0.63605      2.589141  0.000  0.010  0.002  0.012
   0.61609      2.589237  0.000  0.010  0.002  0.012
   0.59613      2.589302  0.000  0.010  0.002  0.012
   0.57617      2.589343  0.000  0.010  0.002  0.012
   0.55622      2.589366  0.000  0.010  0.002  0.012
   0.53626      2.589373  0.000  0.010  0.002  0.012
   0.53626      2.589373  0.000  0.010  0.002  0.012
   0.50804      2.584894  0.000  0.010  0.002  0.012
   0.47981      2.590140  0.000  0.010  0.002  0.012
   0.45159      2.613901  0.000  0.010  0.002  0.012
   0.42336      2.680125  0.000  0.005  0.000  0.006
   0.39514      2.865402  0.000  0.006  0.002  0.006
   0.36691      3.058502  0.000  0.006  0.002  0.008
   0.33869      3.233536  0.000  0.008  0.002  0.010
   0.31047      3.343634  0.000  0.008  0.002  0.010
   0.28224      3.398495  0.000  0.008  0.002  0.010
   0.25402      3.433530  0.000  0.008  0.002  0.010
   0.22579      3.460619  0.000  0.008  0.002  0.010
   0.19757      3.483051  0.000  0.008  0.002  0.010
   0.16935      3.510044  0.006  0.050  0.004  0.060
   0.14112      3.545519  0.006  0.050  0.004  0.060
   0.11290      3.575959  0.006  0.050  0.004  0.060
   0.08467      3.600589  0.006  0.050  0.004  0.060
   0.05645      3.618695  0.006  0.050  0.004  0.060
   0.02822      3.629738  0.006  0.050  0.004  0.060
   0.00000      3.633440  0.006  0.048  0.004  0.060
 
# Band-Index:   91
   0.00000      3.721143  0.002  0.002  0.000  0.004
   0.02822      3.727251  0.002  0.002  0.000  0.004
   0.05645      3.745543  0.002  0.002  0.000  0.004
   0.08467      3.775813  0.002  0.002  0.000  0.004
   0.11290      3.817563  0.002  0.002  0.000  0.004
   0.14112      3.869954  0.002  0.002  0.000  0.004
   0.16935      3.931658  0.002  0.002  0.000  0.004
   0.19757      4.000379  0.002  0.004  0.000  0.004
   0.22579      4.067627  0.000  0.004  0.000  0.006
   0.25402      3.919792  0.000  0.002  0.000  0.004
   0.28224      3.711836  0.000  0.006  0.000  0.006
   0.31047      3.522020  0.002  0.014  0.000  0.018
   0.33869      3.383003  0.004  0.032  0.002  0.040
   0.36691      3.283231  0.004  0.040  0.002  0.046
   0.39514      3.150088  0.002  0.024  0.002  0.028
   0.42336      2.993589  0.000  0.016  0.002  0.020
   0.45159      2.851457  0.000  0.014  0.002  0.016
   0.47981      2.737607  0.000  0.012  0.002  0.014
   0.50804      2.659743  0.000  0.012  0.002  0.014
   0.53626      2.627355  0.000  0.012  0.002  0.014
   0.53626      2.627355  0.000  0.012  0.002  0.014
   0.55622      2.627716  0.000  0.012  0.002  0.014
   0.57617      2.628716  0.000  0.012  0.002  0.014
   0.59613      2.630280  0.000  0.012  0.002  0.014
   0.61609      2.632732  0.000  0.012  0.002  0.014
   0.63605      2.637311  0.000  0.012  0.002  0.014
   0.65600      2.646660  0.000  0.010  0.002  0.012
   0.67596      2.664895  0.002  0.010  0.002  0.012
   0.69592      2.695909  0.002  0.008  0.002  0.012
   0.71588      2.713176  0.000  0.012  0.002  0.014
   0.73584      2.701507  0.000  0.012  0.002  0.014
   0.75579      2.689226  0.000  0.012  0.002  0.014
   0.77575      2.676557  0.000  0.013  0.002  0.016
   0.79571      2.663778  0.000  0.014  0.002  0.016
   0.81567      2.651245  0.000  0.014  0.002  0.016
   0.83562      2.642317  0.002  0.014  0.002  0.017
   0.85558      2.632501  0.000  0.014  0.002  0.017
   0.87554      2.622233  0.000  0.015  0.003  0.018
   0.89550      2.617031  0.000  0.016  0.003  0.018
   0.91545      2.615489  0.000  0.016  0.003  0.019
   0.91545      2.615489  0.000  0.016  0.003  0.019
   0.94368      2.639384  0.000  0.016  0.002  0.018
   0.97190      2.704185  0.000  0.016  0.002  0.018
   1.00013      2.770777  0.002  0.018  0.002  0.022
   1.02835      2.926464  0.000  0.000  0.000  0.000
   1.05657      3.087880  0.000  0.012  0.002  0.014
   1.08480      3.241532  0.000  0.000  0.000  0.000
   1.11302      3.460760  0.001  0.003  0.000  0.005
   1.14125      3.647371  0.000  0.002  0.000  0.004
   1.16947      3.784148  0.006  0.020  0.004  0.032
   1.19769      3.867196  0.000  0.002  0.000  0.004
   1.22592      3.921423  0.000  0.002  0.000  0.004
   1.25414      3.964758  0.000  0.002  0.000  0.002
   1.28237      4.002481  0.000  0.002  0.000  0.002
   1.31059      4.035839  0.000  0.002  0.000  0.002
   1.33882      4.064665  0.000  0.002  0.000  0.002
   1.36704      4.088274  0.000  0.002  0.000  0.002
   1.39526      4.105865  0.000  0.002  0.000  0.002
   1.42349      4.116734  0.000  0.002  0.000  0.002
   1.45171      4.120412  0.000  0.002  0.000  0.002
   1.45171      4.120412  0.000  0.002  0.000  0.002
   1.47167      4.071793  0.008  0.006  0.002  0.016
   1.49163      4.028836  0.008  0.008  0.002  0.018
   1.51159      4.012105  0.010  0.008  0.002  0.020
   1.53154      4.027019  0.010  0.012  0.002  0.024
   1.55150      4.064686  0.010  0.014  0.002  0.026
   1.57146      4.108515  0.010  0.014  0.002  0.026
   1.59142      4.136554  0.012  0.014  0.002  0.028
   1.61137      4.079308  0.010  0.014  0.002  0.024
   1.63133      4.015182  0.010  0.012  0.002  0.024
   1.65129      3.952891  0.008  0.012  0.002  0.022
   1.67125      3.899999  0.006  0.006  0.000  0.014
   1.69120      3.872842  0.004  0.006  0.000  0.010
   1.71116      3.844362  0.002  0.004  0.000  0.006
   1.73112      3.812161  0.002  0.002  0.000  0.006
   1.75108      3.781909  0.002  0.002  0.000  0.004
   1.77103      3.756387  0.002  0.002  0.000  0.004
   1.79099      3.737145  0.002  0.002  0.000  0.004
   1.81095      3.725194  0.002  0.002  0.000  0.004
   1.83091      3.721143  0.002  0.002  0.000  0.004
 
# Band-Index:   92
   1.83091      4.126411  0.012  0.006  0.000  0.019
   1.81095      4.126364  0.010  0.006  0.000  0.018
   1.79099      4.127369  0.008  0.004  0.000  0.014
   1.77103      4.128776  0.006  0.006  0.000  0.012
   1.75108      4.124684  0.002  0.010  0.000  0.012
   1.73112      4.107583  0.000  0.016  0.002  0.018
   1.71116      4.078531  0.000  0.020  0.002  0.022
   1.69120      4.049362  0.000  0.018  0.002  0.020
   1.67125      4.040054  0.002  0.010  0.002  0.014
   1.65129      4.061003  0.002  0.006  0.002  0.008
   1.63133      4.097254  0.004  0.004  0.002  0.008
   1.61137      4.129870  0.006  0.006  0.002  0.012
   1.59142      4.142246  0.006  0.010  0.000  0.016
   1.57146      4.198793  0.008  0.014  0.000  0.024
   1.55150      4.243133  0.010  0.014  0.000  0.024
   1.53154      4.266653  0.010  0.014  0.000  0.024
   1.51159      4.263522  0.010  0.012  0.002  0.022
   1.49163      4.234617  0.010  0.012  0.002  0.022
   1.47167      4.186975  0.010  0.012  0.002  0.022
   1.45171      4.137423  0.016  0.016  0.002  0.036
   1.45171      4.137423  0.016  0.016  0.002  0.036
   1.42349      4.134495  0.016  0.016  0.002  0.036
   1.39526      4.125751  0.016  0.018  0.002  0.036
   1.36704      4.111292  0.016  0.018  0.002  0.036
   1.33882      4.091226  0.016  0.020  0.004  0.038
   1.31059      4.065527  0.014  0.020  0.004  0.038
   1.28237      4.033794  0.014  0.022  0.004  0.038
   1.25414      3.994723  0.012  0.022  0.004  0.038
   1.22592      3.945097  0.012  0.022  0.004  0.038
   1.19769      3.878224  0.010  0.022  0.004  0.036
   1.16947      3.785431  0.001  0.002  0.000  0.004
   1.14125      3.655581  0.004  0.016  0.004  0.022
   1.11302      3.462356  0.000  0.001  0.000  0.001
   1.08480      3.284070  0.004  0.020  0.002  0.026
   1.05657      3.122805  0.000  0.002  0.000  0.002
   1.02835      2.965087  0.000  0.012  0.002  0.014
   1.00013      2.855990  0.002  0.014  0.002  0.016
   0.97190      2.801695  0.002  0.018  0.002  0.022
   0.94368      2.784117  0.002  0.020  0.002  0.024
   0.91545      2.779412  0.002  0.020  0.002  0.024
   0.91545      2.779412  0.002  0.020  0.002  0.024
   0.89550      2.761803  0.002  0.016  0.002  0.020
   0.87554      2.727045  0.002  0.014  0.002  0.018
   0.85558      2.685293  0.002  0.014  0.002  0.016
   0.83562      2.649746  0.000  0.011  0.002  0.013
   0.81567      2.672640  0.000  0.009  0.002  0.011
   0.79571      2.698270  0.000  0.008  0.002  0.008
   0.77575      2.724592  0.000  0.006  0.002  0.008
   0.75579      2.750468  0.000  0.006  0.000  0.006
   0.73584      2.775241  0.000  0.006  0.000  0.006
   0.71588      2.739903  0.002  0.010  0.002  0.012
   0.69592      2.724049  0.000  0.012  0.002  0.014
   0.67596      2.733975  0.000  0.012  0.002  0.014
   0.65600      2.742826  0.000  0.012  0.002  0.014
   0.63605      2.750494  0.000  0.012  0.002  0.014
   0.61609      2.756890  0.000  0.012  0.002  0.014
   0.59613      2.761940  0.000  0.012  0.002  0.014
   0.57617      2.765587  0.000  0.012  0.002  0.014
   0.55622      2.767791  0.000  0.012  0.002  0.012
   0.53626      2.768528  0.000  0.012  0.002  0.012
   0.53626      2.768528  0.000  0.012  0.002  0.012
   0.50804      2.790612  0.000  0.012  0.002  0.012
   0.47981      2.854614  0.000  0.010  0.002  0.012
   0.45159      2.954160  0.000  0.010  0.002  0.012
   0.42336      3.078986  0.000  0.010  0.002  0.012
   0.39514      3.212893  0.000  0.008  0.002  0.010
   0.36691      3.332348  0.000  0.006  0.002  0.008
   0.33869      3.438617  0.000  0.008  0.002  0.008
   0.31047      3.586032  0.000  0.010  0.002  0.012
   0.28224      3.771387  0.002  0.014  0.002  0.018
   0.25402      3.950913  0.004  0.026  0.004  0.033
   0.22579      4.087141  0.010  0.042  0.006  0.056
   0.19757      4.131768  0.004  0.004  0.000  0.008
   0.16935      4.146292  0.004  0.004  0.000  0.008
   0.14112      4.155908  0.005  0.003  0.000  0.008
   0.11290      4.162683  0.006  0.003  0.000  0.009
   0.08467      4.147870  0.012  0.008  0.000  0.021
   0.05645      4.135998  0.012  0.008  0.000  0.020
   0.02822      4.128809  0.012  0.006  0.000  0.020
   0.00000      4.126411  0.012  0.006  0.000  0.019
 
# Band-Index:   93
   0.00000      4.173111  0.006  0.002  0.000  0.010
   0.02822      4.172516  0.006  0.002  0.000  0.010
   0.05645      4.170691  0.006  0.002  0.000  0.010
   0.08467      4.167504  0.006  0.002  0.000  0.009
   0.11290      4.163889  0.013  0.009  0.002  0.023
   0.14112      4.181760  0.016  0.013  0.002  0.030
   0.16935      4.191765  0.020  0.028  0.004  0.050
   0.19757      4.164177  0.016  0.046  0.006  0.068
   0.22579      4.099650  0.004  0.004  0.000  0.008
   0.25402      4.063033  0.000  0.008  0.002  0.010
   0.28224      3.935546  0.000  0.010  0.004  0.014
   0.31047      3.759462  0.000  0.010  0.002  0.012
   0.33869      3.574145  0.000  0.010  0.002  0.012
   0.36691      3.406833  0.002  0.014  0.002  0.018
   0.39514      3.308484  0.006  0.034  0.002  0.042
   0.42336      3.257889  0.004  0.034  0.002  0.042
   0.45159      3.118233  0.000  0.004  0.000  0.005
   0.47981      3.003315  0.000  0.004  0.000  0.004
   0.50804      2.930517  0.000  0.004  0.000  0.004
   0.53626      2.905498  0.000  0.004  0.000  0.004
   0.53626      2.905498  0.000  0.004  0.000  0.004
   0.55622      2.904102  0.000  0.004  0.000  0.004
   0.57617      2.899928  0.000  0.004  0.000  0.004
   0.59613      2.893007  0.000  0.004  0.000  0.004
   0.61609      2.883393  0.000  0.004  0.000  0.004
   0.63605      2.871166  0.000  0.004  0.000  0.004
   0.65600      2.856423  0.000  0.004  0.000  0.005
   0.67596      2.839290  0.000  0.004  0.000  0.006
   0.69592      2.819917  0.000  0.004  0.000  0.006
   0.71588      2.798492  0.000  0.004  0.000  0.006
   0.73584      2.791959  0.002  0.010  0.000  0.012
   0.75579      2.842134  0.000  0.012  0.002  0.014
   0.77575      2.875203  0.000  0.016  0.002  0.018
   0.79571      2.883478  0.002  0.020  0.002  0.024
   0.81567      2.876574  0.002  0.020  0.002  0.024
   0.83562      2.864187  0.002  0.020  0.002  0.024
   0.85558      2.850425  0.002  0.020  0.002  0.023
   0.87554      2.836291  0.002  0.018  0.002  0.020
   0.89550      2.821538  0.000  0.014  0.002  0.018
   0.91545      2.811258  0.000  0.010  0.002  0.012
   0.91545      2.811258  0.000  0.010  0.002  0.012
   0.94368      2.824694  0.000  0.012  0.002  0.012
   0.97190      2.868102  0.000  0.012  0.002  0.014
   1.00013      2.945810  0.000  0.014  0.002  0.016
   1.02835      3.053283  0.002  0.018  0.004  0.022
   1.05657      3.172566  0.004  0.024  0.004  0.030
   1.08480      3.340467  0.000  0.002  0.000  0.002
   1.11302      3.527111  0.002  0.018  0.004  0.024
   1.14125      3.704334  0.000  0.004  0.000  0.006
   1.16947      3.927325  0.000  0.002  0.000  0.002
   1.19769      4.146924  0.000  0.001  0.000  0.002
   1.22592      4.324703  0.000  0.008  0.004  0.013
   1.25414      4.476312  0.002  0.008  0.004  0.014
   1.28237      4.576252  0.006  0.008  0.002  0.016
   1.31059      4.618373  0.010  0.006  0.002  0.018
   1.33882      4.641473  0.010  0.006  0.000  0.016
   1.36704      4.657789  0.010  0.006  0.000  0.016
   1.39526      4.669411  0.010  0.004  0.000  0.014
   1.42349      4.676503  0.010  0.004  0.000  0.014
   1.45171      4.678896  0.010  0.004  0.000  0.014
   1.45171      4.678896  0.010  0.004  0.000  0.014
   1.47167      4.646881  0.006  0.004  0.000  0.010
   1.49163      4.589428  0.004  0.004  0.000  0.010
   1.51159      4.526567  0.004  0.004  0.000  0.008
   1.53154      4.464471  0.004  0.004  0.000  0.008
   1.55150      4.407402  0.004  0.004  0.000  0.008
   1.57146      4.360323  0.004  0.004  0.000  0.010
   1.59142      4.334170  0.004  0.008  0.002  0.016
   1.61137      4.340553  0.008  0.014  0.002  0.024
   1.63133      4.363520  0.010  0.016  0.002  0.030
   1.65129      4.378524  0.014  0.018  0.002  0.034
   1.67125      4.373244  0.017  0.022  0.002  0.042
   1.69120      4.342452  0.017  0.024  0.004  0.045
   1.71116      4.304084  0.016  0.024  0.004  0.042
   1.73112      4.271349  0.014  0.024  0.004  0.040
   1.75108      4.244150  0.010  0.018  0.002  0.032
   1.77103      4.218986  0.008  0.012  0.002  0.022
   1.79099      4.196307  0.008  0.008  0.000  0.016
   1.81095      4.179561  0.008  0.004  0.000  0.012
   1.83091      4.173111  0.006  0.002  0.000  0.010
 
# Band-Index:   94
   1.83091      4.374828  0.010  0.046  0.006  0.062
   1.81095      4.367804  0.010  0.044  0.006  0.060
   1.79099      4.350388  0.012  0.040  0.006  0.058
   1.77103      4.331147  0.014  0.034  0.006  0.054
   1.75108      4.321258  0.016  0.023  0.004  0.042
   1.73112      4.328967  0.014  0.012  0.002  0.028
   1.71116      4.349924  0.012  0.006  0.002  0.020
   1.69120      4.375291  0.008  0.004  0.000  0.014
   1.67125      4.408153  0.007  0.006  0.002  0.016
   1.65129      4.457397  0.008  0.012  0.002  0.022
   1.63133      4.513693  0.010  0.012  0.002  0.024
   1.61137      4.572141  0.010  0.012  0.002  0.024
   1.59142      4.629517  0.010  0.010  0.002  0.022
   1.57146      4.681743  0.010  0.008  0.002  0.020
   1.55150      4.723201  0.010  0.006  0.002  0.018
   1.53154      4.749518  0.010  0.004  0.000  0.014
   1.51159      4.762674  0.008  0.002  0.000  0.012
   1.49163      4.764957  0.006  0.002  0.000  0.010
   1.47167      4.752871  0.004  0.002  0.000  0.008
   1.45171      4.736895  0.000  0.002  0.000  0.004
   1.45171      4.736895  0.000  0.002  0.000  0.004
   1.42349      4.738239  0.000  0.002  0.000  0.004
   1.39526      4.741855  0.000  0.002  0.002  0.004
   1.36704      4.746176  0.000  0.004  0.002  0.004
   1.33882      4.746806  0.000  0.004  0.002  0.004
   1.31059      4.729665  0.000  0.004  0.002  0.006
   1.28237      4.661098  0.000  0.004  0.002  0.006
   1.25414      4.529258  0.000  0.002  0.000  0.004
   1.22592      4.351735  0.000  0.002  0.000  0.002
   1.19769      4.150661  0.000  0.008  0.004  0.012
   1.16947      3.963277  0.000  0.008  0.004  0.010
   1.14125      3.767409  0.000  0.006  0.002  0.010
   1.11302      3.559428  0.000  0.004  0.000  0.004
   1.08480      3.392533  0.002  0.018  0.004  0.025
   1.05657      3.305825  0.002  0.018  0.004  0.024
   1.02835      3.263536  0.002  0.018  0.002  0.024
   1.00013      3.240732  0.002  0.018  0.002  0.023
   0.97190      3.227098  0.002  0.018  0.002  0.023
   0.94368      3.219554  0.002  0.018  0.002  0.022
   0.91545      3.217118  0.002  0.018  0.002  0.022
   0.91545      3.217118  0.002  0.018  0.002  0.022
   0.89550      3.213501  0.004  0.024  0.004  0.031
   0.87554      3.215231  0.006  0.030  0.004  0.040
   0.85558      3.230193  0.006  0.036  0.004  0.046
   0.83562      3.234740  0.006  0.032  0.002  0.040
   0.81567      3.177304  0.004  0.022  0.002  0.028
   0.79571      3.115951  0.004  0.022  0.002  0.030
   0.77575      3.069179  0.004  0.026  0.002  0.034
   0.75579      3.051127  0.004  0.032  0.004  0.040
   0.73584      3.057200  0.004  0.036  0.004  0.044
   0.71588      3.074957  0.004  0.038  0.004  0.046
   0.69592      3.097197  0.004  0.040  0.004  0.048
   0.67596      3.120379  0.004  0.044  0.004  0.050
   0.65600      3.142398  0.004  0.046  0.002  0.052
   0.63605      3.161765  0.004  0.047  0.002  0.054
   0.61609      3.177402  0.006  0.048  0.002  0.056
   0.59613      3.188734  0.006  0.050  0.002  0.058
   0.57617      3.195860  0.006  0.050  0.002  0.058
   0.55622      3.199511  0.006  0.050  0.002  0.060
   0.53626      3.200593  0.008  0.050  0.002  0.060
   0.53626      3.200593  0.008  0.050  0.002  0.060
   0.50804      3.204214  0.008  0.050  0.002  0.058
   0.47981      3.215231  0.007  0.048  0.002  0.058
   0.45159      3.234333  0.006  0.046  0.002  0.056
   0.42336      3.273693  0.002  0.012  0.002  0.014
   0.39514      3.446710  0.000  0.002  0.000  0.004
   0.36691      3.585794  0.000  0.020  0.002  0.022
   0.33869      3.722136  0.000  0.020  0.004  0.024
   0.31047      3.881568  0.002  0.022  0.004  0.026
   0.28224      4.035032  0.002  0.026  0.004  0.030
   0.25402      4.147231  0.002  0.002  0.000  0.006
   0.22579      4.158853  0.000  0.000  0.000  0.002
   0.19757      4.257284  0.002  0.012  0.000  0.016
   0.16935      4.261565  0.000  0.032  0.004  0.036
   0.14112      4.288431  0.004  0.044  0.006  0.054
   0.11290      4.317475  0.008  0.046  0.006  0.060
   0.08467      4.341834  0.008  0.046  0.006  0.062
   0.05645      4.359940  0.010  0.046  0.006  0.062
   0.02822      4.371073  0.010  0.046  0.006  0.062
   0.00000      4.374828  0.010  0.046  0.006  0.062
 
# Band-Index:   95
   0.00000      4.581053  0.010  0.004  0.002  0.016
   0.02822      4.581833  0.010  0.006  0.002  0.016
   0.05645      4.582657  0.010  0.006  0.002  0.018
   0.08467      4.580053  0.010  0.006  0.002  0.018
   0.11290      4.571554  0.010  0.008  0.002  0.020
   0.14112      4.556207  0.010  0.008  0.002  0.018
   0.16935      4.519305  0.006  0.004  0.000  0.010
   0.19757      4.349379  0.000  0.000  0.000  0.002
   0.22579      4.260066  0.004  0.010  0.000  0.014
   0.25402      4.166528  0.004  0.024  0.002  0.030
   0.28224      4.124714  0.000  0.004  0.000  0.004
   0.31047      4.014903  0.000  0.002  0.000  0.002
   0.33869      3.840001  0.000  0.002  0.000  0.002
   0.36691      3.641405  0.000  0.002  0.000  0.002
   0.39514      3.498053  0.000  0.018  0.002  0.020
   0.42336      3.450739  0.000  0.016  0.002  0.018
   0.45159      3.423942  0.000  0.016  0.002  0.018
   0.47981      3.408007  0.000  0.014  0.002  0.016
   0.50804      3.399319  0.000  0.014  0.002  0.016
   0.53626      3.396538  0.000  0.014  0.002  0.016
   0.53626      3.396538  0.000  0.014  0.002  0.016
   0.55622      3.399959  0.000  0.014  0.002  0.016
   0.57617      3.410620  0.000  0.014  0.002  0.016
   0.59613      3.429348  0.002  0.012  0.002  0.016
   0.61609      3.456506  0.002  0.012  0.002  0.016
   0.63605      3.491103  0.002  0.012  0.002  0.016
   0.65600      3.529690  0.004  0.012  0.002  0.016
   0.67596      3.563069  0.004  0.016  0.002  0.022
   0.69592      3.571340  0.004  0.026  0.002  0.032
   0.71588      3.544728  0.004  0.034  0.002  0.040
   0.73584      3.499322  0.004  0.036  0.002  0.044
   0.75579      3.447521  0.004  0.036  0.004  0.044
   0.77575      3.394757  0.006  0.036  0.004  0.044
   0.79571      3.344159  0.006  0.034  0.004  0.044
   0.81567      3.298378  0.006  0.032  0.004  0.042
   0.83562      3.261158  0.004  0.024  0.002  0.030
   0.85558      3.277066  0.002  0.023  0.002  0.028
   0.87554      3.286155  0.006  0.032  0.002  0.040
   0.89550      3.273002  0.008  0.040  0.004  0.052
   0.91545      3.262015  0.010  0.048  0.004  0.061
   0.91545      3.262015  0.010  0.048  0.004  0.061
   0.94368      3.265067  0.010  0.047  0.004  0.060
   0.97190      3.274538  0.010  0.046  0.004  0.060
   1.00013      3.291740  0.010  0.044  0.004  0.058
   1.02835      3.320862  0.008  0.040  0.004  0.052
   1.05657      3.375646  0.006  0.030  0.002  0.040
   1.08480      3.484369  0.004  0.016  0.002  0.022
   1.11302      3.650583  0.000  0.008  0.002  0.010
   1.14125      3.856998  0.000  0.002  0.000  0.004
   1.16947      4.082847  0.000  0.000  0.000  0.000
   1.19769      4.281086  0.000  0.000  0.000  0.000
   1.22592      4.453105  0.004  0.012  0.004  0.020
   1.25414      4.598988  0.002  0.011  0.004  0.017
   1.28237      4.692271  0.002  0.007  0.004  0.014
   1.31059      4.802275  0.000  0.006  0.006  0.012
   1.33882      4.904157  0.000  0.006  0.006  0.010
   1.36704      4.976936  0.001  0.003  0.004  0.008
   1.39526      4.989187  0.002  0.000  0.000  0.002
   1.42349      4.990835  0.002  0.000  0.000  0.002
   1.45171      4.990977  0.000  0.000  0.000  0.002
   1.45171      4.990977  0.000  0.000  0.000  0.002
   1.47167      4.975741  0.002  0.002  0.000  0.004
   1.49163      4.953018  0.000  0.006  0.002  0.008
   1.51159      4.926687  0.000  0.010  0.002  0.012
   1.53154      4.897767  0.000  0.012  0.002  0.014
   1.55150      4.870815  0.000  0.012  0.002  0.015
   1.57146      4.846701  0.002  0.010  0.002  0.014
   1.59142      4.823988  0.002  0.010  0.002  0.014
   1.61137      4.805500  0.002  0.008  0.002  0.013
   1.63133      4.797681  0.002  0.010  0.002  0.014
   1.65129      4.806476  0.002  0.010  0.002  0.016
   1.67125      4.791717  0.000  0.000  0.000  0.002
   1.69120      4.756801  0.000  0.000  0.000  0.002
   1.71116      4.724933  0.002  0.002  0.000  0.004
   1.73112      4.695250  0.002  0.002  0.000  0.006
   1.75108      4.666003  0.004  0.004  0.002  0.010
   1.77103      4.636361  0.006  0.006  0.002  0.014
   1.79099      4.608955  0.008  0.006  0.002  0.016
   1.81095      4.588717  0.008  0.006  0.002  0.016
   1.83091      4.581053  0.010  0.004  0.002  0.016
 
# Band-Index:   96
   1.83091      4.665981  0.000  0.002  0.000  0.004
   1.81095      4.668842  0.002  0.002  0.002  0.004
   1.79099      4.677740  0.002  0.002  0.002  0.006
   1.77103      4.693782  0.002  0.004  0.002  0.008
   1.75108      4.718884  0.004  0.006  0.002  0.012
   1.73112      4.753890  0.006  0.010  0.002  0.018
   1.71116      4.796369  0.006  0.010  0.002  0.020
   1.69120      4.838871  0.008  0.008  0.002  0.018
   1.67125      4.832092  0.004  0.010  0.002  0.016
   1.65129      4.830590  0.000  0.000  0.000  0.002
   1.63133      4.871863  0.000  0.000  0.000  0.002
   1.61137      4.915599  0.000  0.000  0.000  0.002
   1.59142      4.959848  0.000  0.002  0.000  0.002
   1.57146      5.000788  0.000  0.002  0.000  0.002
   1.55150      5.033448  0.000  0.004  0.000  0.004
   1.53154      5.060182  0.000  0.004  0.000  0.006
   1.51159      5.086869  0.000  0.006  0.000  0.008
   1.49163      5.073648  0.002  0.002  0.000  0.004
   1.47167      5.038620  0.004  0.002  0.000  0.006
   1.45171      5.018980  0.004  0.004  0.000  0.008
   1.45171      5.018980  0.004  0.004  0.000  0.008
   1.42349      5.017024  0.004  0.002  0.000  0.008
   1.39526      5.008059  0.002  0.002  0.002  0.006
   1.36704      4.981051  0.002  0.002  0.002  0.006
   1.33882      4.946553  0.002  0.007  0.004  0.014
   1.31059      4.863729  0.002  0.010  0.006  0.018
   1.28237      4.743355  0.002  0.010  0.004  0.016
   1.25414      4.605748  0.006  0.006  0.001  0.012
   1.22592      4.470062  0.000  0.000  0.000  0.002
   1.19769      4.311671  0.000  0.000  0.000  0.002
   1.16947      4.110652  0.000  0.002  0.000  0.002
   1.14125      3.987281  0.000  0.002  0.000  0.004
   1.11302      3.917565  0.000  0.002  0.000  0.004
   1.08480      3.874710  0.000  0.002  0.000  0.004
   1.05657      3.844654  0.000  0.002  0.000  0.004
   1.02835      3.822367  0.002  0.004  0.000  0.004
   1.00013      3.805939  0.002  0.004  0.000  0.006
   0.97190      3.794555  0.002  0.004  0.000  0.006
   0.94368      3.787836  0.002  0.004  0.000  0.006
   0.91545      3.785613  0.002  0.004  0.000  0.006
   0.91545      3.785613  0.002  0.004  0.000  0.006
   0.89550      3.754382  0.004  0.010  0.002  0.014
   0.87554      3.713028  0.006  0.016  0.002  0.024
   0.85558      3.701237  0.008  0.020  0.002  0.030
   0.83562      3.727732  0.008  0.024  0.004  0.036
   0.81567      3.782099  0.008  0.028  0.004  0.040
   0.79571      3.851231  0.008  0.030  0.004  0.042
   0.77575      3.925928  0.010  0.036  0.004  0.048
   0.75579      3.908795  0.006  0.020  0.002  0.028
   0.73584      3.846168  0.006  0.018  0.002  0.028
   0.71588      3.790596  0.006  0.020  0.002  0.030
   0.69592      3.755691  0.008  0.028  0.004  0.038
   0.67596      3.758426  0.008  0.036  0.004  0.048
   0.65600      3.789893  0.008  0.042  0.004  0.052
   0.63605      3.831050  0.008  0.042  0.004  0.054
   0.61609      3.873420  0.008  0.044  0.004  0.056
   0.59613      3.913774  0.008  0.044  0.004  0.056
   0.57617      3.950185  0.010  0.046  0.004  0.060
   0.55622      3.979427  0.012  0.050  0.004  0.066
   0.53626      3.992314  0.014  0.054  0.004  0.072
   0.53626      3.992314  0.014  0.054  0.004  0.072
   0.50804      3.994863  0.014  0.054  0.004  0.072
   0.47981      4.002492  0.014  0.052  0.004  0.072
   0.45159      4.015161  0.014  0.052  0.004  0.072
   0.42336      4.032822  0.014  0.050  0.004  0.070
   0.39514      4.055453  0.014  0.050  0.004  0.068
   0.36691      4.083135  0.014  0.048  0.004  0.066
   0.33869      4.116204  0.015  0.044  0.004  0.064
   0.31047      4.155431  0.015  0.038  0.004  0.058
   0.28224      4.185602  0.002  0.006  0.000  0.008
   0.25402      4.217259  0.000  0.008  0.002  0.011
   0.22579      4.301798  0.006  0.016  0.002  0.024
   0.19757      4.456332  0.002  0.006  0.002  0.010
   0.16935      4.563986  0.004  0.006  0.002  0.012
   0.14112      4.726228  0.000  0.008  0.003  0.010
   0.11290      4.710077  0.000  0.002  0.000  0.002
   0.08467      4.687764  0.000  0.000  0.000  0.002
   0.05645      4.673945  0.000  0.002  0.000  0.002
   0.02822      4.667653  0.000  0.002  0.000  0.004
   0.00000      4.665981  0.000  0.002  0.000  0.004
 
# Band-Index:   97
   0.00000      4.780090  0.000  0.000  0.000  0.002
   0.02822      4.781333  0.000  0.000  0.000  0.002
   0.05645      4.785050  0.000  0.000  0.000  0.002
   0.08467      4.790008  0.000  0.000  0.000  0.002
   0.11290      4.788444  0.000  0.002  0.002  0.004
   0.14112      4.729351  0.000  0.002  0.000  0.004
   0.16935      4.618088  0.002  0.006  0.002  0.008
   0.19757      4.475947  0.002  0.010  0.002  0.016
   0.22579      4.350961  0.000  0.011  0.002  0.014
   0.25402      4.244945  0.012  0.019  0.002  0.033
   0.28224      4.201125  0.014  0.030  0.004  0.047
   0.31047      4.169807  0.002  0.006  0.000  0.008
   0.33869      4.144697  0.000  0.006  0.000  0.008
   0.36691      4.127267  0.000  0.006  0.002  0.008
   0.39514      4.114345  0.000  0.006  0.002  0.006
   0.42336      4.104360  0.000  0.006  0.002  0.006
   0.45159      4.096768  0.000  0.006  0.002  0.006
   0.47981      4.091388  0.000  0.006  0.002  0.006
   0.50804      4.088166  0.000  0.006  0.002  0.006
   0.53626      4.087092  0.000  0.006  0.002  0.006
   0.53626      4.087092  0.000  0.006  0.002  0.006
   0.55622      4.098557  0.002  0.010  0.002  0.012
   0.57617      4.123363  0.004  0.014  0.002  0.020
   0.59613      4.151776  0.006  0.016  0.002  0.024
   0.61609      4.179508  0.006  0.018  0.002  0.028
   0.63605      4.202808  0.008  0.022  0.002  0.030
   0.65600      4.216095  0.008  0.026  0.002  0.034
   0.67596      4.211819  0.008  0.030  0.002  0.038
   0.69592      4.184794  0.008  0.032  0.002  0.042
   0.71588      4.136920  0.008  0.032  0.002  0.042
   0.73584      4.074304  0.007  0.032  0.002  0.042
   0.75579      4.002944  0.006  0.030  0.002  0.038
   0.77575      3.973057  0.004  0.014  0.002  0.019
   0.79571      4.029142  0.004  0.020  0.002  0.026
   0.81567      4.070288  0.004  0.022  0.002  0.030
   0.83562      4.083098  0.006  0.026  0.002  0.032
   0.85558      4.059515  0.006  0.026  0.002  0.034
   0.87554      4.007455  0.006  0.026  0.002  0.036
   0.89550      3.944908  0.008  0.028  0.002  0.040
   0.91545      3.907587  0.010  0.034  0.004  0.048
   0.91545      3.907587  0.010  0.034  0.004  0.048
   0.94368      3.910021  0.010  0.034  0.004  0.048
   0.97190      3.917378  0.012  0.032  0.004  0.048
   1.00013      3.929847  0.012  0.032  0.004  0.046
   1.02835      3.947841  0.012  0.032  0.004  0.046
   1.05657      3.972188  0.012  0.030  0.004  0.044
   1.08480      4.004560  0.012  0.028  0.004  0.042
   1.11302      4.048342  0.010  0.026  0.002  0.040
   1.14125      4.109908  0.010  0.022  0.002  0.034
   1.16947      4.197961  0.008  0.018  0.002  0.028
   1.19769      4.315497  0.005  0.014  0.004  0.024
   1.22592      4.510750  0.002  0.002  0.000  0.004
   1.25414      4.669708  0.000  0.002  0.000  0.002
   1.28237      4.826587  0.000  0.002  0.000  0.002
   1.31059      4.925303  0.000  0.000  0.000  0.002
   1.33882      4.995122  0.000  0.002  0.002  0.004
   1.36704      5.052245  0.000  0.005  0.006  0.011
   1.39526      5.101413  0.001  0.009  0.006  0.015
   1.42349      5.126567  0.002  0.017  0.002  0.021
   1.45171      5.131864  0.002  0.020  0.002  0.024
   1.45171      5.131864  0.002  0.020  0.002  0.024
   1.47167      5.128807  0.002  0.018  0.002  0.020
   1.49163      5.114586  0.000  0.012  0.002  0.016
   1.51159      5.118478  0.002  0.003  0.000  0.006
   1.53154      5.146021  0.000  0.002  0.000  0.002
   1.55150      5.124731  0.000  0.004  0.002  0.006
   1.57146      5.100922  0.002  0.006  0.002  0.008
   1.59142      5.075765  0.002  0.004  0.000  0.008
   1.61137      5.041561  0.002  0.004  0.000  0.008
   1.63133      5.001192  0.002  0.008  0.002  0.012
   1.65129      4.954382  0.004  0.012  0.002  0.018
   1.67125      4.904869  0.004  0.016  0.002  0.022
   1.69120      4.880589  0.000  0.014  0.002  0.016
   1.71116      4.866758  0.000  0.002  0.000  0.002
   1.73112      4.841827  0.000  0.000  0.000  0.002
   1.75108      4.820000  0.000  0.000  0.000  0.001
   1.77103      4.802632  0.000  0.000  0.000  0.002
   1.79099      4.790118  0.000  0.000  0.000  0.002
   1.81095      4.782596  0.000  0.000  0.000  0.002
   1.83091      4.780090  0.000  0.000  0.000  0.002
 
# Band-Index:   98
   1.83091      4.976168  0.000  0.000  0.002  0.002
   1.81095      4.978021  0.002  0.000  0.002  0.002
   1.79099      4.983317  0.002  0.000  0.002  0.004
   1.77103      4.990690  0.002  0.002  0.002  0.004
   1.75108      4.993403  0.002  0.008  0.002  0.012
   1.73112      4.973188  0.002  0.016  0.002  0.022
   1.71116      4.935027  0.002  0.018  0.002  0.022
   1.69120      4.911962  0.000  0.008  0.002  0.010
   1.67125      4.938919  0.000  0.004  0.000  0.004
   1.65129      4.976286  0.000  0.004  0.000  0.006
   1.63133      5.020341  0.002  0.010  0.002  0.014
   1.61137      5.068801  0.002  0.012  0.002  0.018
   1.59142      5.114376  0.002  0.012  0.002  0.016
   1.57146      5.153535  0.002  0.010  0.002  0.012
   1.55150      5.164678  0.000  0.005  0.009  0.014
   1.53154      5.162643  0.000  0.005  0.009  0.014
   1.51159      5.161073  0.000  0.005  0.009  0.014
   1.49163      5.159976  0.000  0.006  0.009  0.014
   1.47167      5.159342  0.000  0.005  0.009  0.015
   1.45171      5.159137  0.000  0.005  0.009  0.014
   1.45171      5.159137  0.000  0.005  0.009  0.014
   1.42349      5.144182  0.000  0.006  0.009  0.015
   1.39526      5.102981  0.001  0.009  0.008  0.017
   1.36704      5.055139  0.002  0.008  0.005  0.015
   1.33882      5.013154  0.002  0.005  0.002  0.009
   1.31059      4.945295  0.000  0.002  0.000  0.004
   1.28237      4.870055  0.000  0.000  0.002  0.002
   1.25414      4.802435  0.004  0.006  0.000  0.012
   1.22592      4.675380  0.010  0.012  0.002  0.024
   1.19769      4.627982  0.012  0.016  0.002  0.028
   1.16947      4.605718  0.012  0.018  0.002  0.030
   1.14125      4.590714  0.012  0.018  0.002  0.032
   1.11302      4.579209  0.012  0.020  0.002  0.032
   1.08480      4.569987  0.012  0.022  0.002  0.034
   1.05657      4.562531  0.010  0.022  0.002  0.034
   1.02835      4.556587  0.010  0.022  0.002  0.036
   1.00013      4.552031  0.010  0.024  0.002  0.036
   0.97190      4.548801  0.010  0.024  0.002  0.036
   0.94368      4.546870  0.010  0.024  0.002  0.036
   0.91545      4.546227  0.010  0.024  0.002  0.036
   0.91545      4.546227  0.010  0.024  0.002  0.036
   0.89550      4.532936  0.010  0.022  0.002  0.034
   0.87554      4.503123  0.010  0.018  0.002  0.030
   0.85558      4.475263  0.010  0.016  0.002  0.028
   0.83562      4.466095  0.010  0.016  0.002  0.028
   0.81567      4.481594  0.010  0.018  0.002  0.032
   0.79571      4.509438  0.012  0.022  0.004  0.038
   0.77575      4.530937  0.012  0.026  0.004  0.042
   0.75579      4.535462  0.012  0.026  0.004  0.042
   0.73584      4.525221  0.012  0.024  0.004  0.040
   0.71588      4.508861  0.012  0.022  0.004  0.038
   0.69592      4.495381  0.012  0.022  0.004  0.038
   0.67596      4.492303  0.012  0.024  0.004  0.040
   0.65600      4.502075  0.012  0.028  0.004  0.044
   0.63605      4.519938  0.012  0.032  0.004  0.048
   0.61609      4.539123  0.012  0.034  0.004  0.050
   0.59613      4.555391  0.014  0.034  0.004  0.052
   0.57617      4.567110  0.014  0.034  0.004  0.052
   0.55622      4.574016  0.014  0.036  0.004  0.054
   0.53626      4.576282  0.014  0.036  0.004  0.054
   0.53626      4.576282  0.014  0.036  0.004  0.054
   0.50804      4.575173  0.014  0.034  0.004  0.053
   0.47981      4.571825  0.014  0.034  0.004  0.052
   0.45159      4.566168  0.014  0.032  0.004  0.050
   0.42336      4.557950  0.014  0.028  0.004  0.046
   0.39514      4.546270  0.014  0.025  0.004  0.042
   0.36691      4.528054  0.014  0.020  0.002  0.036
   0.33869      4.496851  0.010  0.012  0.002  0.026
   0.31047      4.461995  0.008  0.008  0.002  0.018
   0.28224      4.479307  0.008  0.010  0.002  0.020
   0.25402      4.530319  0.012  0.016  0.004  0.030
   0.22579      4.555879  0.012  0.016  0.004  0.030
   0.19757      4.589537  0.010  0.016  0.004  0.030
   0.16935      4.664259  0.004  0.016  0.006  0.024
   0.14112      4.767972  0.000  0.006  0.002  0.008
   0.11290      4.892745  0.002  0.006  0.001  0.008
   0.08467      4.973257  0.002  0.006  0.000  0.007
   0.05645      4.979950  0.000  0.000  0.002  0.002
   0.02822      4.977249  0.000  0.000  0.002  0.002
   0.00000      4.976168  0.000  0.000  0.002  0.002
 
# Band-Index:   99
   0.00000      5.027921  0.002  0.006  0.000  0.010
   0.02822      5.023843  0.002  0.006  0.000  0.010
   0.05645      5.009525  0.002  0.006  0.000  0.010
   0.08467      4.982474  0.002  0.002  0.002  0.006
   0.11290      4.909221  0.000  0.004  0.002  0.006
   0.14112      4.783038  0.002  0.006  0.002  0.008
   0.16935      4.799513  0.000  0.000  0.000  0.002
   0.19757      4.763067  0.000  0.004  0.004  0.008
   0.22579      4.663674  0.000  0.004  0.004  0.006
   0.25402      4.594520  0.000  0.002  0.002  0.006
   0.28224      4.580933  0.002  0.002  0.002  0.006
   0.31047      4.599690  0.006  0.012  0.002  0.020
   0.33869      4.622510  0.004  0.012  0.002  0.016
   0.36691      4.674290  0.002  0.008  0.000  0.010
   0.39514      4.740841  0.000  0.006  0.000  0.007
   0.42336      4.804897  0.000  0.006  0.000  0.006
   0.45159      4.856819  0.000  0.006  0.000  0.006
   0.47981      4.892756  0.000  0.006  0.000  0.006
   0.50804      4.912971  0.000  0.006  0.000  0.006
   0.53626      4.919381  0.000  0.006  0.000  0.006
   0.53626      4.919381  0.000  0.006  0.000  0.006
   0.55622      4.922201  0.000  0.006  0.000  0.006
   0.57617      4.930590  0.000  0.006  0.000  0.006
   0.59613      4.944345  0.000  0.006  0.000  0.006
   0.61609      4.955387  0.002  0.006  0.000  0.006
   0.63605      4.946641  0.002  0.006  0.000  0.008
   0.65600      4.935997  0.002  0.008  0.000  0.010
   0.67596      4.922317  0.002  0.008  0.000  0.010
   0.69592      4.903795  0.002  0.008  0.000  0.010
   0.71588      4.879046  0.000  0.008  0.000  0.008
   0.73584      4.849232  0.000  0.006  0.000  0.006
   0.75579      4.819914  0.000  0.002  0.000  0.004
   0.77575      4.800047  0.000  0.002  0.000  0.002
   0.79571      4.795256  0.000  0.004  0.000  0.006
   0.81567      4.801887  0.002  0.008  0.000  0.010
   0.83562      4.811025  0.002  0.010  0.000  0.014
   0.85558      4.812749  0.002  0.012  0.000  0.014
   0.87554      4.799899  0.002  0.008  0.000  0.010
   0.89550      4.779294  0.000  0.004  0.000  0.006
   0.91545      4.768925  0.000  0.002  0.000  0.002
   0.91545      4.768925  0.000  0.002  0.000  0.002
   0.94368      4.770065  0.000  0.002  0.000  0.002
   0.97190      4.773452  0.000  0.002  0.000  0.002
   1.00013      4.778976  0.000  0.002  0.000  0.002
   1.02835      4.786444  0.000  0.002  0.000  0.002
   1.05657      4.795557  0.000  0.002  0.000  0.002
   1.08480      4.805891  0.000  0.002  0.000  0.002
   1.11302      4.816864  0.000  0.002  0.000  0.002
   1.14125      4.827706  0.000  0.002  0.000  0.002
   1.16947      4.837407  0.000  0.000  0.000  0.002
   1.19769      4.844812  0.000  0.000  0.000  0.002
   1.22592      4.849401  0.000  0.000  0.000  0.002
   1.25414      4.853774  0.000  0.000  0.002  0.002
   1.28237      4.966170  0.002  0.004  0.002  0.008
   1.31059      5.002250  0.002  0.000  0.002  0.004
   1.33882      5.042814  0.001  0.004  0.002  0.008
   1.36704      5.101153  0.000  0.012  0.004  0.016
   1.39526      5.133702  0.000  0.014  0.004  0.020
   1.42349      5.151239  0.000  0.008  0.009  0.016
   1.45171      5.161127  0.000  0.005  0.009  0.014
   1.45171      5.161127  0.000  0.005  0.009  0.014
   1.47167      5.161516  0.000  0.005  0.009  0.015
   1.49163      5.162656  0.000  0.006  0.010  0.014
   1.51159      5.164505  0.000  0.006  0.009  0.015
   1.53154      5.167031  0.000  0.005  0.009  0.014
   1.55150      5.170214  0.000  0.005  0.009  0.015
   1.57146      5.167162  0.000  0.005  0.009  0.014
   1.59142      5.170072  0.000  0.005  0.009  0.014
   1.61137      5.173383  0.000  0.005  0.009  0.013
   1.63133      5.177064  0.000  0.004  0.008  0.013
   1.65129      5.145989  0.000  0.002  0.000  0.004
   1.67125      5.115118  0.000  0.002  0.000  0.002
   1.69120      5.086836  0.000  0.002  0.002  0.002
   1.71116      5.062529  0.000  0.002  0.002  0.002
   1.73112      5.044741  0.000  0.004  0.002  0.006
   1.75108      5.041246  0.002  0.010  0.002  0.014
   1.77103      5.046478  0.002  0.010  0.002  0.014
   1.79099      5.039968  0.002  0.008  0.000  0.012
   1.81095      5.031308  0.002  0.008  0.000  0.010
   1.83091      5.027921  0.002  0.006  0.000  0.010
 
# Band-Index:  100
   1.83091      5.116036  0.004  0.018  0.004  0.024
   1.81095      5.112810  0.004  0.018  0.004  0.024
   1.79099      5.104885  0.002  0.016  0.004  0.022
   1.77103      5.100071  0.002  0.014  0.004  0.018
   1.75108      5.112840  0.002  0.008  0.002  0.014
   1.73112      5.140254  0.002  0.008  0.002  0.012
   1.71116      5.174214  0.002  0.008  0.002  0.012
   1.69120      5.189889  0.000  0.004  0.008  0.011
   1.67125      5.185375  0.000  0.004  0.008  0.011
   1.65129      5.181078  0.000  0.004  0.008  0.012
   1.63133      5.177433  0.000  0.004  0.000  0.006
   1.61137      5.183452  0.000  0.005  0.009  0.014
   1.59142      5.178458  0.000  0.005  0.009  0.014
   1.57146      5.174033  0.000  0.005  0.009  0.014
   1.55150      5.189491  0.002  0.006  0.002  0.009
   1.53154      5.200476  0.002  0.012  0.002  0.016
   1.51159      5.216899  0.002  0.017  0.002  0.021
   1.49163      5.207213  0.000  0.020  0.002  0.022
   1.47167      5.213383  0.000  0.018  0.002  0.020
   1.45171      5.229637  0.000  0.004  0.000  0.005
   1.45171      5.229637  0.000  0.004  0.000  0.005
   1.42349      5.224369  0.000  0.004  0.000  0.004
   1.39526      5.209466  0.000  0.002  0.000  0.002
   1.36704      5.194653  0.000  0.002  0.000  0.002
   1.33882      5.195162  0.000  0.005  0.000  0.006
   1.31059      5.101062  0.002  0.006  0.002  0.010
   1.28237      4.983945  0.002  0.002  0.000  0.006
   1.25414      4.970904  0.004  0.004  0.000  0.008
   1.22592      4.961316  0.004  0.006  0.000  0.010
   1.19769      4.954428  0.004  0.007  0.000  0.012
   1.16947      4.948606  0.006  0.008  0.000  0.014
   1.14125      4.942532  0.006  0.008  0.000  0.016
   1.11302      4.936031  0.006  0.010  0.000  0.016
   1.08480      4.929601  0.006  0.010  0.000  0.016
   1.05657      4.923766  0.006  0.010  0.000  0.018
   1.02835      4.918851  0.006  0.010  0.000  0.018
   1.00013      4.914998  0.006  0.012  0.002  0.018
   0.97190      4.912251  0.006  0.012  0.002  0.018
   0.94368      4.910608  0.006  0.012  0.002  0.018
   0.91545      4.910062  0.006  0.012  0.002  0.019
   0.91545      4.910062  0.006  0.012  0.002  0.019
   0.89550      4.909948  0.006  0.012  0.002  0.018
   0.87554      4.912336  0.006  0.010  0.002  0.016
   0.85558      4.924248  0.006  0.008  0.002  0.014
   0.83562      4.947635  0.006  0.008  0.002  0.014
   0.81567      4.975594  0.006  0.008  0.000  0.016
   0.79571      5.002556  0.006  0.010  0.000  0.016
   0.77575      5.026729  0.006  0.008  0.000  0.016
   0.75579      5.048656  0.006  0.008  0.002  0.014
   0.73584      5.070165  0.006  0.006  0.002  0.012
   0.71588      5.093320  0.006  0.004  0.002  0.012
   0.69592      5.078011  0.000  0.007  0.000  0.008
   0.67596      5.044610  0.000  0.006  0.000  0.008
   0.65600      5.013867  0.000  0.006  0.000  0.008
   0.63605      4.986491  0.000  0.006  0.000  0.006
   0.61609      4.963131  0.000  0.006  0.000  0.006
   0.59613      4.962571  0.002  0.004  0.000  0.006
   0.57617      4.968031  0.002  0.004  0.000  0.006
   0.55622      4.971461  0.002  0.004  0.000  0.006
   0.53626      4.972630  0.002  0.004  0.000  0.006
   0.53626      4.972630  0.002  0.004  0.000  0.006
   0.50804      4.953608  0.002  0.004  0.000  0.006
   0.47981      4.916789  0.002  0.004  0.000  0.006
   0.45159      4.871381  0.002  0.004  0.000  0.008
   0.42336      4.819839  0.002  0.004  0.000  0.008
   0.39514      4.764444  0.002  0.004  0.000  0.008
   0.36691      4.707920  0.002  0.004  0.000  0.008
   0.33869      4.653844  0.002  0.004  0.000  0.006
   0.31047      4.607837  0.002  0.004  0.000  0.006
   0.28224      4.611057  0.006  0.008  0.002  0.014
   0.25402      4.694805  0.002  0.002  0.000  0.002
   0.22579      4.815722  0.000  0.000  0.000  0.000
   0.19757      4.838424  0.000  0.000  0.000  0.002
   0.16935      4.858191  0.000  0.004  0.004  0.008
   0.14112      4.906657  0.000  0.008  0.002  0.010
   0.11290      4.941711  0.002  0.014  0.004  0.020
   0.08467      4.999320  0.002  0.018  0.004  0.024
   0.05645      5.054757  0.002  0.018  0.004  0.025
   0.02822      5.097782  0.004  0.018  0.004  0.024
   0.00000      5.116036  0.004  0.018  0.004  0.024
 
# Band-Index:  101
   0.00000      5.186873  0.000  0.016  0.002  0.018
   0.02822      5.169567  0.000  0.014  0.004  0.018
   0.05645      5.131411  0.000  0.012  0.004  0.018
   0.08467      5.056789  0.000  0.004  0.002  0.004
   0.11290      4.972492  0.000  0.004  0.004  0.008
   0.14112      4.931030  0.000  0.004  0.004  0.008
   0.16935      4.907094  0.000  0.002  0.000  0.004
   0.19757      4.913402  0.000  0.000  0.000  0.002
   0.22579      4.924866  0.002  0.002  0.000  0.004
   0.25402      4.973746  0.002  0.002  0.000  0.004
   0.28224      5.026617  0.000  0.004  0.000  0.006
   0.31047      5.058064  0.000  0.000  0.000  0.002
   0.33869      5.061914  0.000  0.002  0.000  0.002
   0.36691      5.063284  0.000  0.002  0.000  0.002
   0.39514      5.061586  0.000  0.002  0.000  0.004
   0.42336      5.056592  0.000  0.004  0.000  0.004
   0.45159      5.048150  0.000  0.004  0.000  0.006
   0.47981      5.035985  0.000  0.006  0.000  0.006
   0.50804      5.020255  0.000  0.006  0.000  0.008
   0.53626      5.008473  0.000  0.008  0.000  0.008
   0.53626      5.008473  0.000  0.008  0.000  0.008
   0.55622      5.011110  0.000  0.008  0.000  0.008
   0.57617      5.018957  0.000  0.008  0.002  0.008
   0.59613      5.031824  0.000  0.008  0.002  0.008
   0.61609      5.049404  0.000  0.008  0.002  0.008
   0.63605      5.071287  0.000  0.008  0.002  0.008
   0.65600      5.096979  0.000  0.008  0.002  0.008
   0.67596      5.125920  0.000  0.008  0.002  0.009
   0.69592      5.119112  0.006  0.004  0.002  0.010
   0.71588      5.113318  0.000  0.008  0.000  0.008
   0.73584      5.149755  0.000  0.008  0.002  0.008
   0.75579      5.186530  0.000  0.008  0.002  0.009
   0.77575      5.222824  0.000  0.008  0.002  0.010
   0.79571      5.257774  0.000  0.008  0.002  0.010
   0.81567      5.290439  0.000  0.008  0.002  0.010
   0.83562      5.319770  0.000  0.008  0.002  0.010
   0.85558      5.344593  0.000  0.009  0.002  0.010
   0.87554      5.363646  0.000  0.009  0.002  0.010
   0.89550      5.375706  0.000  0.010  0.002  0.010
   0.91545      5.379843  0.000  0.010  0.002  0.010
   0.91545      5.379843  0.000  0.010  0.002  0.010
   0.94368      5.376822  0.000  0.010  0.002  0.011
   0.97190      5.367719  0.000  0.010  0.002  0.012
   1.00013      5.352520  0.000  0.012  0.002  0.012
   1.02835      5.331558  0.000  0.012  0.002  0.014
   1.05657      5.305970  0.000  0.012  0.002  0.014
   1.08480      5.277992  0.000  0.012  0.000  0.014
   1.11302      5.250820  0.000  0.012  0.000  0.012
   1.14125      5.228135  0.000  0.010  0.000  0.012
   1.16947      5.213515  0.002  0.009  0.000  0.010
   1.19769      5.209623  0.002  0.008  0.000  0.010
   1.22592      5.215259  0.002  0.005  0.000  0.007
   1.25414      5.205338  0.002  0.006  0.000  0.008
   1.28237      5.212203  0.002  0.006  0.000  0.009
   1.31059      5.210797  0.000  0.006  0.000  0.008
   1.33882      5.195479  0.002  0.011  0.002  0.015
   1.36704      5.244253  0.000  0.028  0.004  0.033
   1.39526      5.246548  0.000  0.032  0.004  0.036
   1.42349      5.240518  0.000  0.032  0.004  0.036
   1.45171      5.236574  0.000  0.034  0.004  0.038
   1.45171      5.236574  0.000  0.034  0.004  0.038
   1.47167      5.248221  0.000  0.021  0.002  0.024
   1.49163      5.244261  0.000  0.018  0.002  0.021
   1.51159      5.218994  0.000  0.015  0.002  0.018
   1.53154      5.224818  0.002  0.002  0.000  0.004
   1.55150      5.224128  0.002  0.012  0.002  0.016
   1.57146      5.217207  0.002  0.012  0.000  0.014
   1.59142      5.209731  0.000  0.014  0.000  0.016
   1.61137      5.204160  0.000  0.010  0.000  0.010
   1.63133      5.188957  0.000  0.005  0.009  0.013
   1.65129      5.194897  0.000  0.004  0.009  0.013
   1.67125      5.201169  0.000  0.004  0.008  0.013
   1.69120      5.207630  0.000  0.004  0.008  0.013
   1.71116      5.194527  0.000  0.004  0.007  0.011
   1.73112      5.199156  0.000  0.004  0.007  0.010
   1.75108      5.203594  0.000  0.003  0.007  0.010
   1.77103      5.204680  0.000  0.018  0.002  0.022
   1.79099      5.196427  0.000  0.018  0.002  0.020
   1.81095      5.189609  0.000  0.016  0.002  0.020
   1.83091      5.186873  0.000  0.016  0.002  0.018
 
# Band-Index:  102
   1.83091      5.213742  0.000  0.002  0.007  0.010
   1.81095      5.212986  0.000  0.002  0.007  0.010
   1.79099      5.210838  0.000  0.002  0.007  0.010
   1.77103      5.207592  0.000  0.003  0.007  0.010
   1.75108      5.212495  0.000  0.018  0.002  0.022
   1.73112      5.219604  0.000  0.018  0.002  0.022
   1.71116      5.214092  0.000  0.004  0.008  0.012
   1.69120      5.209977  0.002  0.010  0.002  0.014
   1.67125      5.236304  0.000  0.020  0.004  0.026
   1.65129      5.243668  0.000  0.018  0.004  0.022
   1.63133      5.241657  0.000  0.014  0.002  0.016
   1.61137      5.231191  0.000  0.006  0.002  0.008
   1.59142      5.234604  0.000  0.002  0.000  0.002
   1.57146      5.242566  0.000  0.004  0.000  0.004
   1.55150      5.244157  0.002  0.004  0.002  0.008
   1.53154      5.232936  0.002  0.022  0.002  0.025
   1.51159      5.258246  0.000  0.008  0.002  0.010
   1.49163      5.289242  0.000  0.006  0.002  0.008
   1.47167      5.315487  0.000  0.008  0.002  0.010
   1.45171      5.325702  0.000  0.008  0.002  0.011
   1.45171      5.325702  0.000  0.008  0.002  0.011
   1.42349      5.322280  0.000  0.010  0.002  0.012
   1.39526      5.314625  0.000  0.014  0.002  0.017
   1.36704      5.304220  0.002  0.007  0.000  0.009
   1.33882      5.277751  0.000  0.024  0.002  0.026
   1.31059      5.247989  0.002  0.012  0.000  0.014
   1.28237      5.237426  0.000  0.008  0.000  0.010
   1.25414      5.235344  0.002  0.008  0.000  0.010
   1.22592      5.217322  0.002  0.007  0.000  0.009
   1.19769      5.234496  0.002  0.004  0.000  0.008
   1.16947      5.259970  0.002  0.004  0.002  0.006
   1.14125      5.290169  0.000  0.006  0.002  0.008
   1.11302      5.323713  0.000  0.006  0.002  0.008
   1.08480      5.358302  0.000  0.008  0.002  0.010
   1.05657      5.389952  0.000  0.010  0.002  0.012
   1.02835      5.415018  0.000  0.011  0.002  0.012
   1.00013      5.433245  0.000  0.010  0.002  0.012
   0.97190      5.445754  0.000  0.010  0.002  0.011
   0.94368      5.453145  0.000  0.008  0.002  0.010
   0.91545      5.455599  0.000  0.008  0.002  0.010
   0.91545      5.455599  0.000  0.008  0.002  0.010
   0.89550      5.451320  0.000  0.008  0.002  0.010
   0.87554      5.438869  0.000  0.008  0.002  0.010
   0.85558      5.419279  0.000  0.008  0.002  0.010
   0.83562      5.393933  0.000  0.008  0.002  0.010
   0.81567      5.364274  0.000  0.008  0.002  0.010
   0.79571      5.331610  0.000  0.008  0.002  0.010
   0.77575      5.297066  0.000  0.008  0.002  0.010
   0.75579      5.261594  0.000  0.008  0.002  0.010
   0.73584      5.226021  0.000  0.008  0.002  0.010
   0.71588      5.191092  0.000  0.008  0.002  0.010
   0.69592      5.157504  0.000  0.008  0.002  0.009
   0.67596      5.146761  0.006  0.004  0.002  0.010
   0.65600      5.174427  0.006  0.004  0.002  0.010
   0.63605      5.200368  0.006  0.004  0.002  0.012
   0.61609      5.196880  0.000  0.000  0.000  0.000
   0.59613      5.176932  0.000  0.000  0.000  0.000
   0.57617      5.162245  0.000  0.000  0.000  0.000
   0.55622      5.153244  0.000  0.000  0.000  0.000
   0.53626      5.150210  0.000  0.000  0.000  0.000
   0.53626      5.150210  0.000  0.000  0.000  0.000
   0.50804      5.151029  0.000  0.000  0.000  0.000
   0.47981      5.150895  0.000  0.000  0.000  0.002
   0.45159      5.141658  0.000  0.004  0.002  0.006
   0.42336      5.129031  0.000  0.008  0.002  0.008
   0.39514      5.118552  0.000  0.010  0.002  0.012
   0.36691      5.109714  0.000  0.012  0.002  0.014
   0.33869      5.097050  0.000  0.010  0.002  0.012
   0.31047      5.070496  0.000  0.006  0.000  0.008
   0.28224      5.052654  0.000  0.002  0.000  0.002
   0.25402      5.046620  0.000  0.002  0.000  0.002
   0.22579      5.040635  0.000  0.002  0.000  0.002
   0.19757      5.034999  0.000  0.002  0.000  0.004
   0.16935      5.029964  0.000  0.002  0.000  0.004
   0.14112      5.027451  0.002  0.002  0.000  0.004
   0.11290      5.037904  0.002  0.002  0.002  0.006
   0.08467      5.078562  0.000  0.008  0.004  0.013
   0.05645      5.179099  0.000  0.004  0.000  0.005
   0.02822      5.224425  0.000  0.004  0.006  0.009
   0.00000      5.213742  0.000  0.002  0.007  0.010
 
# Band-Index:  103
   0.00000      5.237235  0.000  0.002  0.006  0.008
   0.02822      5.242974  0.000  0.002  0.004  0.004
   0.05645      5.237873  0.000  0.002  0.004  0.004
   0.08467      5.232692  0.002  0.006  0.000  0.008
   0.11290      5.212952  0.002  0.010  0.002  0.013
   0.14112      5.203945  0.002  0.010  0.002  0.014
   0.16935      5.209673  0.004  0.008  0.002  0.012
   0.19757      5.125002  0.000  0.002  0.000  0.004
   0.22579      5.076588  0.000  0.002  0.000  0.002
   0.25402      5.093028  0.000  0.000  0.000  0.002
   0.28224      5.130754  0.000  0.000  0.000  0.002
   0.31047      5.163516  0.000  0.004  0.000  0.004
   0.33869      5.181201  0.000  0.004  0.000  0.004
   0.36691      5.188656  0.000  0.002  0.000  0.002
   0.39514      5.186265  0.000  0.000  0.000  0.002
   0.42336      5.178223  0.000  0.000  0.000  0.002
   0.45159      5.169956  0.000  0.002  0.000  0.002
   0.47981      5.167865  0.000  0.002  0.000  0.002
   0.50804      5.174662  0.000  0.002  0.000  0.002
   0.53626      5.178348  0.000  0.002  0.000  0.002
   0.53626      5.178348  0.000  0.002  0.000  0.002
   0.55622      5.181546  0.000  0.002  0.000  0.002
   0.57617      5.191134  0.000  0.002  0.000  0.002
   0.59613      5.207078  0.000  0.002  0.000  0.002
   0.61609      5.223374  0.006  0.006  0.002  0.012
   0.63605      5.221581  0.000  0.000  0.000  0.002
   0.65600      5.250488  0.000  0.000  0.000  0.002
   0.67596      5.283012  0.000  0.000  0.000  0.002
   0.69592      5.318494  0.000  0.000  0.000  0.002
   0.71588      5.356182  0.000  0.002  0.000  0.002
   0.73584      5.395227  0.000  0.002  0.000  0.002
   0.75579      5.434690  0.000  0.002  0.000  0.002
   0.77575      5.473569  0.000  0.002  0.000  0.002
   0.79571      5.510805  0.000  0.002  0.000  0.002
   0.81567      5.545295  0.000  0.002  0.000  0.004
   0.83562      5.575885  0.000  0.002  0.000  0.004
   0.85558      5.601405  0.000  0.004  0.000  0.004
   0.87554      5.620722  0.000  0.004  0.000  0.004
   0.89550      5.632832  0.000  0.004  0.000  0.004
   0.91545      5.636972  0.000  0.004  0.000  0.004
   0.91545      5.636972  0.000  0.004  0.000  0.004
   0.94368      5.619248  0.000  0.004  0.000  0.004
   0.97190      5.581596  0.000  0.004  0.002  0.006
   1.00013      5.537700  0.000  0.004  0.002  0.006
   1.02835      5.494140  0.000  0.004  0.002  0.006
   1.05657      5.455850  0.000  0.008  0.002  0.010
   1.08480      5.425506  0.000  0.014  0.002  0.016
   1.11302      5.401765  0.000  0.018  0.002  0.021
   1.14125      5.382370  0.000  0.023  0.002  0.026
   1.16947      5.366164  0.000  0.027  0.002  0.030
   1.19769      5.352311  0.000  0.027  0.002  0.029
   1.22592      5.311674  0.000  0.012  0.002  0.014
   1.25414      5.272248  0.000  0.008  0.000  0.010
   1.28237      5.261376  0.002  0.006  0.000  0.010
   1.31059      5.291561  0.002  0.010  0.000  0.012
   1.33882      5.312389  0.000  0.028  0.002  0.031
   1.36704      5.309753  0.000  0.021  0.002  0.023
   1.39526      5.355933  0.000  0.004  0.002  0.006
   1.42349      5.397939  0.000  0.005  0.002  0.006
   1.45171      5.417620  0.000  0.006  0.002  0.008
   1.45171      5.417620  0.000  0.006  0.002  0.008
   1.47167      5.400424  0.000  0.004  0.000  0.006
   1.49163      5.367283  0.002  0.006  0.000  0.008
   1.51159      5.333198  0.002  0.008  0.000  0.010
   1.53154      5.299114  0.002  0.010  0.000  0.012
   1.55150      5.277466  0.000  0.018  0.002  0.020
   1.57146      5.303983  0.000  0.018  0.002  0.020
   1.59142      5.317470  0.000  0.016  0.004  0.020
   1.61137      5.304741  0.000  0.012  0.004  0.016
   1.63133      5.292393  0.001  0.006  0.002  0.010
   1.65129      5.276306  0.002  0.002  0.002  0.006
   1.67125      5.251212  0.002  0.000  0.002  0.004
   1.69120      5.235198  0.000  0.012  0.002  0.016
   1.71116      5.226833  0.000  0.016  0.002  0.020
   1.73112      5.220308  0.000  0.004  0.008  0.011
   1.75108      5.225973  0.000  0.003  0.008  0.011
   1.77103      5.230749  0.000  0.002  0.007  0.010
   1.79099      5.234325  0.000  0.002  0.007  0.009
   1.81095      5.236507  0.000  0.002  0.006  0.008
   1.83091      5.237235  0.000  0.002  0.006  0.008
 
# Band-Index:  104
   1.83091      5.316751  0.000  0.009  0.005  0.015
   1.81095      5.317065  0.000  0.009  0.005  0.015
   1.79099      5.318192  0.000  0.009  0.004  0.013
   1.77103      5.320456  0.000  0.009  0.004  0.013
   1.75108      5.324025  0.000  0.009  0.004  0.012
   1.73112      5.328870  0.000  0.008  0.004  0.012
   1.71116      5.334840  0.000  0.008  0.004  0.011
   1.69120      5.341739  0.000  0.008  0.003  0.011
   1.67125      5.349361  0.000  0.008  0.002  0.010
   1.65129      5.357499  0.000  0.007  0.002  0.010
   1.63133      5.365946  0.000  0.007  0.002  0.010
   1.61137      5.374485  0.000  0.007  0.002  0.009
   1.59142      5.382889  0.000  0.007  0.002  0.009
   1.57146      5.385552  0.000  0.002  0.002  0.006
   1.55150      5.398322  0.000  0.006  0.002  0.008
   1.53154      5.404843  0.000  0.006  0.002  0.008
   1.51159      5.410235  0.000  0.006  0.002  0.008
   1.49163      5.414272  0.000  0.006  0.002  0.008
   1.47167      5.416773  0.000  0.006  0.002  0.008
   1.45171      5.420463  0.000  0.004  0.000  0.006
   1.45171      5.420463  0.000  0.004  0.000  0.006
   1.42349      5.405962  0.000  0.006  0.002  0.008
   1.39526      5.382762  0.002  0.008  0.000  0.010
   1.36704      5.354959  0.002  0.006  0.000  0.008
   1.33882      5.325204  0.002  0.002  0.000  0.006
   1.31059      5.316109  0.000  0.022  0.002  0.024
   1.28237      5.318356  0.000  0.032  0.002  0.035
   1.25414      5.328857  0.000  0.034  0.002  0.037
   1.22592      5.340323  0.000  0.034  0.002  0.036
   1.19769      5.352879  0.000  0.019  0.002  0.021
   1.16947      5.392593  0.000  0.018  0.002  0.019
   1.14125      5.429930  0.000  0.018  0.002  0.019
   1.11302      5.465351  0.000  0.016  0.000  0.016
   1.08480      5.500321  0.000  0.012  0.000  0.014
   1.05657      5.536080  0.000  0.008  0.000  0.010
   1.02835      5.572759  0.000  0.006  0.002  0.006
   1.00013      5.608599  0.000  0.004  0.002  0.004
   0.97190      5.639692  0.000  0.002  0.002  0.002
   0.94368      5.654797  0.000  0.012  0.002  0.014
   0.91545      5.654820  0.000  0.012  0.002  0.014
   0.91545      5.654820  0.000  0.012  0.002  0.014
   0.89550      5.655817  0.000  0.012  0.002  0.014
   0.87554      5.658524  0.000  0.012  0.002  0.014
   0.85558      5.651762  0.000  0.000  0.000  0.002
   0.83562      5.635971  0.000  0.000  0.000  0.002
   0.81567      5.613305  0.000  0.000  0.000  0.002
   0.79571      5.583457  0.000  0.000  0.000  0.002
   0.77575      5.547097  0.000  0.000  0.000  0.002
   0.75579      5.505743  0.000  0.000  0.000  0.002
   0.73584      5.461368  0.000  0.000  0.000  0.002
   0.71588      5.416003  0.000  0.000  0.000  0.002
   0.69592      5.371495  0.000  0.000  0.000  0.002
   0.67596      5.329416  0.000  0.002  0.000  0.002
   0.65600      5.291053  0.000  0.002  0.000  0.002
   0.63605      5.257419  0.000  0.002  0.000  0.002
   0.61609      5.229263  0.000  0.002  0.000  0.002
   0.59613      5.242573  0.004  0.006  0.002  0.012
   0.57617      5.257159  0.004  0.006  0.002  0.012
   0.55622      5.266336  0.004  0.006  0.002  0.012
   0.53626      5.269474  0.004  0.006  0.002  0.012
   0.53626      5.269474  0.004  0.006  0.002  0.012
   0.50804      5.263075  0.004  0.006  0.002  0.010
   0.47981      5.250328  0.002  0.006  0.002  0.010
   0.45159      5.237009  0.002  0.006  0.002  0.008
   0.42336      5.225227  0.002  0.006  0.002  0.010
   0.39514      5.216225  0.000  0.008  0.002  0.010
   0.36691      5.211028  0.000  0.010  0.002  0.012
   0.33869      5.210348  0.000  0.010  0.002  0.012
   0.31047      5.214342  0.000  0.012  0.002  0.014
   0.28224      5.222585  0.000  0.011  0.002  0.013
   0.25402      5.234138  0.000  0.011  0.002  0.013
   0.22579      5.245090  0.002  0.006  0.002  0.008
   0.19757      5.228374  0.004  0.004  0.000  0.010
   0.16935      5.214953  0.000  0.004  0.000  0.005
   0.14112      5.280771  0.002  0.002  0.002  0.006
   0.11290      5.284492  0.000  0.008  0.005  0.014
   0.08467      5.274888  0.000  0.012  0.006  0.018
   0.05645      5.279397  0.002  0.004  0.006  0.012
   0.02822      5.281867  0.000  0.010  0.006  0.016
   0.00000      5.316751  0.000  0.009  0.005  0.015
 
# Band-Index:  105
   0.00000      5.318046  0.000  0.008  0.004  0.012
   0.02822      5.315037  0.000  0.010  0.002  0.013
   0.05645      5.288622  0.000  0.014  0.004  0.018
   0.08467      5.295262  0.002  0.002  0.004  0.008
   0.11290      5.300036  0.002  0.002  0.002  0.006
   0.14112      5.289199  0.000  0.008  0.004  0.013
   0.16935      5.281499  0.000  0.010  0.004  0.014
   0.19757      5.268070  0.000  0.012  0.002  0.015
   0.22579      5.265260  0.002  0.011  0.002  0.015
   0.25402      5.243019  0.000  0.023  0.004  0.026
   0.28224      5.229592  0.000  0.019  0.002  0.022
   0.31047      5.242486  0.000  0.012  0.002  0.014
   0.33869      5.286712  0.000  0.006  0.002  0.006
   0.36691      5.345606  0.000  0.004  0.000  0.004
   0.39514      5.368329  0.002  0.003  0.000  0.006
   0.42336      5.358653  0.002  0.004  0.002  0.006
   0.45159      5.345813  0.002  0.002  0.002  0.006
   0.47981      5.331395  0.002  0.002  0.002  0.006
   0.50804      5.317799  0.000  0.000  0.002  0.002
   0.53626      5.311075  0.000  0.000  0.002  0.002
   0.53626      5.311075  0.000  0.000  0.002  0.002
   0.55622      5.314434  0.000  0.000  0.002  0.002
   0.57617      5.324467  0.000  0.000  0.002  0.002
   0.59613      5.341041  0.000  0.000  0.002  0.002
   0.61609      5.363918  0.000  0.000  0.002  0.002
   0.63605      5.392742  0.000  0.000  0.002  0.002
   0.65600      5.427009  0.000  0.000  0.002  0.002
   0.67596      5.466041  0.000  0.000  0.002  0.002
   0.69592      5.508964  0.000  0.000  0.002  0.002
   0.71588      5.554712  0.000  0.002  0.002  0.002
   0.73584      5.602077  0.000  0.002  0.002  0.004
   0.75579      5.649807  0.000  0.002  0.002  0.004
   0.77575      5.682733  0.000  0.006  0.002  0.009
   0.79571      5.676706  0.000  0.008  0.002  0.010
   0.81567      5.671279  0.000  0.008  0.002  0.011
   0.83562      5.666540  0.000  0.010  0.002  0.012
   0.85558      5.662278  0.000  0.010  0.002  0.014
   0.87554      5.661679  0.000  0.000  0.000  0.002
   0.89550      5.666946  0.000  0.000  0.002  0.002
   0.91545      5.668566  0.000  0.000  0.002  0.002
   0.91545      5.668566  0.000  0.000  0.002  0.002
   0.94368      5.661003  0.000  0.000  0.002  0.002
   0.97190      5.653210  0.000  0.010  0.002  0.014
   1.00013      5.650057  0.000  0.010  0.002  0.012
   1.02835      5.645365  0.000  0.010  0.002  0.012
   1.05657      5.638958  0.000  0.010  0.002  0.012
   1.08480      5.623434  0.000  0.002  0.004  0.006
   1.11302      5.578930  0.000  0.002  0.004  0.006
   1.14125      5.532876  0.000  0.004  0.004  0.006
   1.16947      5.486959  0.000  0.008  0.002  0.010
   1.19769      5.444021  0.000  0.013  0.002  0.015
   1.22592      5.405963  0.000  0.019  0.002  0.021
   1.25414      5.373405  0.000  0.023  0.002  0.025
   1.28237      5.346703  0.000  0.025  0.002  0.027
   1.31059      5.326704  0.000  0.023  0.002  0.026
   1.33882      5.363405  0.000  0.003  0.000  0.004
   1.36704      5.440605  0.000  0.000  0.000  0.002
   1.39526      5.453409  0.000  0.008  0.000  0.008
   1.42349      5.445045  0.000  0.006  0.002  0.008
   1.45171      5.434206  0.000  0.007  0.002  0.008
   1.45171      5.434206  0.000  0.007  0.002  0.008
   1.47167      5.433425  0.000  0.007  0.002  0.008
   1.49163      5.431109  0.000  0.007  0.002  0.009
   1.51159      5.427338  0.000  0.007  0.002  0.009
   1.53154      5.422241  0.000  0.007  0.002  0.009
   1.55150      5.415987  0.000  0.007  0.002  0.009
   1.57146      5.390919  0.000  0.006  0.002  0.009
   1.59142      5.383987  0.000  0.002  0.002  0.004
   1.61137      5.392372  0.000  0.008  0.002  0.010
   1.63133      5.383624  0.000  0.008  0.002  0.010
   1.65129      5.374799  0.000  0.008  0.002  0.010
   1.67125      5.366102  0.000  0.008  0.002  0.010
   1.69120      5.357726  0.000  0.008  0.002  0.010
   1.71116      5.349865  0.000  0.008  0.002  0.011
   1.73112      5.342715  0.000  0.008  0.002  0.011
   1.75108      5.336469  0.000  0.008  0.002  0.011
   1.77103      5.329413  0.000  0.010  0.002  0.013
   1.79099      5.323138  0.000  0.010  0.004  0.014
   1.81095      5.319338  0.000  0.008  0.004  0.012
   1.83091      5.318046  0.000  0.008  0.004  0.012
 
# Band-Index:  106
   1.83091      5.324123  0.000  0.007  0.002  0.011
   1.81095      5.324970  0.000  0.008  0.002  0.011
   1.79099      5.327424  0.000  0.008  0.002  0.011
   1.77103      5.331313  0.000  0.008  0.002  0.011
   1.75108      5.338801  0.002  0.010  0.002  0.012
   1.73112      5.352365  0.002  0.008  0.002  0.012
   1.71116      5.369311  0.002  0.008  0.002  0.012
   1.69120      5.386447  0.002  0.008  0.002  0.012
   1.67125      5.399409  0.000  0.010  0.002  0.014
   1.65129      5.405611  0.000  0.010  0.002  0.014
   1.63133      5.410009  0.000  0.008  0.002  0.010
   1.61137      5.405371  0.000  0.006  0.002  0.008
   1.59142      5.400831  0.000  0.008  0.002  0.010
   1.57146      5.408778  0.000  0.008  0.002  0.010
   1.55150      5.418623  0.000  0.006  0.002  0.008
   1.53154      5.456765  0.000  0.006  0.002  0.010
   1.51159      5.481579  0.000  0.004  0.002  0.006
   1.49163      5.463191  0.002  0.006  0.002  0.010
   1.47167      5.450033  0.002  0.006  0.002  0.008
   1.45171      5.443604  0.002  0.004  0.000  0.008
   1.45171      5.443604  0.002  0.004  0.000  0.008
   1.42349      5.451126  0.002  0.004  0.000  0.006
   1.39526      5.463803  0.002  0.002  0.000  0.004
   1.36704      5.456491  0.000  0.008  0.000  0.010
   1.33882      5.456769  0.000  0.008  0.000  0.008
   1.31059      5.458564  0.000  0.006  0.000  0.006
   1.28237      5.466060  0.000  0.004  0.000  0.004
   1.25414      5.482065  0.000  0.000  0.000  0.002
   1.22592      5.507019  0.000  0.000  0.000  0.000
   1.19769      5.538518  0.000  0.000  0.000  0.002
   1.16947      5.571412  0.000  0.004  0.000  0.004
   1.14125      5.598996  0.000  0.006  0.000  0.008
   1.11302      5.617925  0.000  0.008  0.002  0.010
   1.08480      5.630298  0.000  0.010  0.002  0.012
   1.05657      5.666772  0.000  0.003  0.004  0.008
   1.02835      5.709671  0.000  0.006  0.004  0.010
   1.00013      5.743914  0.002  0.002  0.002  0.006
   0.97190      5.738391  0.002  0.002  0.002  0.004
   0.94368      5.726309  0.002  0.002  0.002  0.004
   0.91545      5.717937  0.002  0.000  0.002  0.004
   0.91545      5.717937  0.002  0.000  0.002  0.004
   0.89550      5.718103  0.002  0.002  0.002  0.004
   0.87554      5.719078  0.000  0.002  0.002  0.004
   0.85558      5.721923  0.000  0.004  0.002  0.006
   0.83562      5.727448  0.000  0.004  0.002  0.008
   0.81567      5.735564  0.000  0.006  0.002  0.009
   0.79571      5.741846  0.000  0.004  0.002  0.006
   0.77575      5.696732  0.000  0.004  0.002  0.006
   0.75579      5.688708  0.000  0.006  0.002  0.008
   0.73584      5.693621  0.000  0.006  0.002  0.008
   0.71588      5.696544  0.000  0.006  0.002  0.006
   0.69592      5.697056  0.000  0.004  0.002  0.006
   0.67596      5.695355  0.000  0.004  0.002  0.006
   0.65600      5.692045  0.000  0.004  0.002  0.005
   0.63605      5.687846  0.000  0.004  0.002  0.004
   0.61609      5.682226  0.000  0.006  0.000  0.006
   0.59613      5.668801  0.000  0.006  0.000  0.006
   0.57617      5.659029  0.000  0.006  0.000  0.006
   0.55622      5.653102  0.000  0.006  0.000  0.006
   0.53626      5.651116  0.000  0.006  0.000  0.006
   0.53626      5.651116  0.000  0.006  0.000  0.006
   0.50804      5.632722  0.000  0.004  0.000  0.006
   0.47981      5.590887  0.000  0.002  0.000  0.004
   0.45159      5.536179  0.000  0.002  0.000  0.004
   0.42336      5.474305  0.000  0.002  0.000  0.004
   0.39514      5.409559  0.000  0.002  0.000  0.004
   0.36691      5.373053  0.004  0.002  0.000  0.006
   0.33869      5.370246  0.004  0.002  0.000  0.006
   0.31047      5.356575  0.004  0.002  0.000  0.006
   0.28224      5.330571  0.004  0.002  0.000  0.008
   0.25402      5.296694  0.004  0.006  0.000  0.010
   0.22579      5.269334  0.001  0.022  0.004  0.027
   0.19757      5.300604  0.002  0.021  0.004  0.026
   0.16935      5.329330  0.002  0.020  0.004  0.026
   0.14112      5.336125  0.000  0.006  0.000  0.008
   0.11290      5.333248  0.000  0.006  0.000  0.006
   0.08467      5.340428  0.000  0.004  0.000  0.006
   0.05645      5.333379  0.000  0.010  0.006  0.016
   0.02822      5.327133  0.000  0.008  0.004  0.014
   0.00000      5.324123  0.000  0.007  0.002  0.011
 
# Band-Index:  107
   0.00000      5.380693  0.002  0.016  0.000  0.018
   0.02822      5.378100  0.000  0.002  0.000  0.002
   0.05645      5.354200  0.000  0.002  0.000  0.004
   0.08467      5.344259  0.000  0.012  0.006  0.018
   0.11290      5.357054  0.000  0.017  0.008  0.024
   0.14112      5.354387  0.000  0.024  0.006  0.032
   0.16935      5.351446  0.000  0.006  0.002  0.008
   0.19757      5.372916  0.000  0.006  0.002  0.008
   0.22579      5.386653  0.000  0.014  0.002  0.016
   0.25402      5.392323  0.000  0.012  0.002  0.014
   0.28224      5.396576  0.000  0.010  0.002  0.012
   0.31047      5.403413  0.000  0.008  0.002  0.010
   0.33869      5.420794  0.000  0.006  0.000  0.008
   0.36691      5.455057  0.000  0.006  0.000  0.006
   0.39514      5.503534  0.000  0.004  0.000  0.006
   0.42336      5.557499  0.000  0.004  0.000  0.004
   0.45159      5.608190  0.000  0.004  0.000  0.004
   0.47981      5.647759  0.000  0.003  0.000  0.004
   0.50804      5.669436  0.000  0.002  0.000  0.002
   0.53626      5.673498  0.000  0.000  0.000  0.002
   0.53626      5.673498  0.000  0.000  0.000  0.002
   0.55622      5.674184  0.000  0.000  0.000  0.002
   0.57617      5.676204  0.000  0.002  0.000  0.002
   0.59613      5.679396  0.000  0.002  0.000  0.004
   0.61609      5.683435  0.000  0.002  0.002  0.004
   0.63605      5.698954  0.000  0.006  0.000  0.006
   0.65600      5.718367  0.000  0.006  0.000  0.006
   0.67596      5.739443  0.000  0.006  0.000  0.006
   0.69592      5.760825  0.000  0.006  0.000  0.006
   0.71588      5.772000  0.000  0.000  0.000  0.002
   0.73584      5.773678  0.000  0.006  0.002  0.008
   0.75579      5.765693  0.000  0.008  0.002  0.012
   0.77575      5.755793  0.000  0.008  0.002  0.012
   0.79571      5.745393  0.000  0.008  0.002  0.010
   0.81567      5.784299  0.000  0.004  0.002  0.008
   0.83562      5.823250  0.000  0.006  0.002  0.008
   0.85558      5.838184  0.000  0.017  0.006  0.023
   0.87554      5.833240  0.000  0.020  0.006  0.027
   0.89550      5.829253  0.000  0.022  0.006  0.029
   0.91545      5.827783  0.000  0.022  0.007  0.030
   0.91545      5.827783  0.000  0.022  0.007  0.030
   0.94368      5.816263  0.000  0.019  0.006  0.026
   0.97190      5.788232  0.000  0.013  0.006  0.018
   1.00013      5.751202  0.000  0.008  0.004  0.013
   1.02835      5.742455  0.002  0.002  0.002  0.006
   1.05657      5.736336  0.002  0.002  0.004  0.006
   1.08480      5.727183  0.002  0.002  0.004  0.008
   1.11302      5.715003  0.002  0.002  0.004  0.008
   1.14125      5.680833  0.000  0.004  0.000  0.004
   1.16947      5.648087  0.000  0.002  0.000  0.004
   1.19769      5.621254  0.000  0.002  0.000  0.002
   1.22592      5.597345  0.000  0.002  0.000  0.002
   1.25414      5.571644  0.000  0.000  0.000  0.002
   1.28237      5.543235  0.000  0.000  0.000  0.002
   1.31059      5.517637  0.000  0.000  0.000  0.002
   1.33882      5.496149  0.000  0.000  0.000  0.002
   1.36704      5.478495  0.000  0.002  0.000  0.004
   1.39526      5.496963  0.000  0.002  0.000  0.002
   1.42349      5.503762  0.002  0.006  0.002  0.010
   1.45171      5.502816  0.002  0.006  0.002  0.010
   1.45171      5.502816  0.002  0.006  0.002  0.010
   1.47167      5.499929  0.002  0.007  0.000  0.010
   1.49163      5.498436  0.002  0.008  0.000  0.010
   1.51159      5.487028  0.002  0.012  0.002  0.014
   1.53154      5.502065  0.000  0.010  0.002  0.012
   1.55150      5.518625  0.002  0.008  0.000  0.010
   1.57146      5.527516  0.002  0.006  0.000  0.008
   1.59142      5.522755  0.000  0.004  0.002  0.006
   1.61137      5.500205  0.000  0.006  0.002  0.010
   1.63133      5.478537  0.000  0.006  0.002  0.010
   1.65129      5.460365  0.000  0.008  0.002  0.010
   1.67125      5.443194  0.000  0.008  0.002  0.010
   1.69120      5.418941  0.000  0.006  0.002  0.008
   1.71116      5.396069  0.000  0.004  0.002  0.006
   1.73112      5.378949  0.000  0.004  0.002  0.006
   1.75108      5.368678  0.000  0.004  0.002  0.006
   1.77103      5.366179  0.000  0.006  0.002  0.008
   1.79099      5.370605  0.000  0.010  0.000  0.012
   1.81095      5.377431  0.000  0.014  0.000  0.016
   1.83091      5.380693  0.002  0.016  0.000  0.018
 
# Band-Index:  108
   1.83091      5.397600  0.000  0.002  0.000  0.002
   1.81095      5.399756  0.000  0.002  0.000  0.002
   1.79099      5.405991  0.000  0.002  0.000  0.002
   1.77103      5.415733  0.000  0.002  0.000  0.002
   1.75108      5.428314  0.000  0.002  0.000  0.002
   1.73112      5.443101  0.000  0.002  0.000  0.002
   1.71116      5.459501  0.000  0.002  0.000  0.002
   1.69120      5.461398  0.000  0.012  0.002  0.014
   1.67125      5.464848  0.000  0.008  0.002  0.010
   1.65129      5.487497  0.000  0.006  0.002  0.008
   1.63133      5.518165  0.000  0.010  0.002  0.010
   1.61137      5.526247  0.002  0.008  0.000  0.010
   1.59142      5.532394  0.002  0.006  0.002  0.010
   1.57146      5.556561  0.000  0.004  0.002  0.008
   1.55150      5.575723  0.000  0.004  0.002  0.008
   1.53154      5.578926  0.002  0.004  0.002  0.006
   1.51159      5.574737  0.002  0.004  0.003  0.008
   1.49163      5.558287  0.002  0.004  0.004  0.008
   1.47167      5.534288  0.002  0.004  0.002  0.008
   1.45171      5.513244  0.002  0.004  0.000  0.006
   1.45171      5.513244  0.002  0.004  0.000  0.006
   1.42349      5.513961  0.001  0.004  0.000  0.006
   1.39526      5.507075  0.002  0.006  0.002  0.010
   1.36704      5.513838  0.002  0.004  0.002  0.008
   1.33882      5.524980  0.002  0.004  0.002  0.008
   1.31059      5.540542  0.002  0.002  0.002  0.006
   1.28237      5.559705  0.002  0.002  0.002  0.006
   1.25414      5.582351  0.000  0.002  0.000  0.004
   1.22592      5.613056  0.000  0.002  0.000  0.002
   1.19769      5.651594  0.000  0.000  0.000  0.002
   1.16947      5.681305  0.000  0.006  0.004  0.010
   1.14125      5.699041  0.000  0.004  0.004  0.008
   1.11302      5.721194  0.000  0.004  0.000  0.004
   1.08480      5.767279  0.000  0.004  0.002  0.006
   1.05657      5.808463  0.000  0.008  0.002  0.010
   1.02835      5.825195  0.000  0.010  0.004  0.012
   1.00013      5.839637  0.000  0.010  0.004  0.014
   0.97190      5.851517  0.000  0.011  0.004  0.016
   0.94368      5.860091  0.000  0.012  0.004  0.016
   0.91545      5.863411  0.000  0.012  0.004  0.016
   0.91545      5.863411  0.000  0.012  0.004  0.016
   0.89550      5.862266  0.000  0.012  0.004  0.016
   0.87554      5.859013  0.000  0.012  0.004  0.017
   0.85558      5.854670  0.000  0.015  0.004  0.020
   0.83562      5.838679  0.000  0.010  0.004  0.014
   0.81567      5.831405  0.000  0.008  0.004  0.012
   0.79571      5.821194  0.000  0.007  0.004  0.010
   0.77575      5.809928  0.000  0.006  0.004  0.010
   0.75579      5.798438  0.000  0.006  0.004  0.010
   0.73584      5.787819  0.000  0.008  0.004  0.012
   0.71588      5.781373  0.000  0.004  0.000  0.006
   0.69592      5.761275  0.000  0.000  0.002  0.002
   0.67596      5.749229  0.000  0.000  0.002  0.002
   0.65600      5.736689  0.000  0.000  0.002  0.002
   0.63605      5.724208  0.000  0.000  0.002  0.002
   0.61609      5.712513  0.000  0.000  0.002  0.002
   0.59613      5.702395  0.000  0.002  0.002  0.002
   0.57617      5.694568  0.000  0.002  0.002  0.002
   0.55622      5.689607  0.000  0.002  0.002  0.004
   0.53626      5.687905  0.000  0.002  0.002  0.004
   0.53626      5.687905  0.000  0.002  0.002  0.004
   0.50804      5.689158  0.000  0.002  0.002  0.004
   0.47981      5.692353  0.000  0.004  0.000  0.004
   0.45159      5.678355  0.000  0.010  0.004  0.014
   0.42336      5.653783  0.000  0.013  0.004  0.016
   0.39514      5.620320  0.000  0.014  0.002  0.018
   0.36691      5.577191  0.000  0.014  0.002  0.016
   0.33869      5.530298  0.000  0.012  0.002  0.016
   0.31047      5.487076  0.000  0.010  0.002  0.014
   0.28224      5.451742  0.000  0.008  0.002  0.010
   0.25402      5.422863  0.000  0.006  0.002  0.008
   0.22579      5.397008  0.000  0.006  0.002  0.008
   0.19757      5.379795  0.000  0.014  0.002  0.018
   0.16935      5.374698  0.000  0.014  0.004  0.018
   0.14112      5.376049  0.000  0.008  0.002  0.010
   0.11290      5.398460  0.000  0.016  0.002  0.018
   0.08467      5.394215  0.000  0.018  0.000  0.020
   0.05645      5.387560  0.002  0.018  0.000  0.020
   0.02822      5.382752  0.002  0.018  0.000  0.020
   0.00000      5.397600  0.000  0.002  0.000  0.002
 
# Band-Index:  109
   0.00000      5.445145  0.000  0.010  0.002  0.010
   0.02822      5.462600  0.000  0.008  0.002  0.008
   0.05645      5.492163  0.000  0.006  0.002  0.008
   0.08467      5.473523  0.000  0.006  0.000  0.008
   0.11290      5.428181  0.000  0.004  0.000  0.004
   0.14112      5.428097  0.000  0.006  0.000  0.006
   0.16935      5.449466  0.000  0.004  0.000  0.006
   0.19757      5.475629  0.000  0.002  0.002  0.004
   0.22579      5.504455  0.000  0.002  0.002  0.004
   0.25402      5.535373  0.000  0.004  0.002  0.004
   0.28224      5.567997  0.000  0.005  0.002  0.007
   0.31047      5.591138  0.000  0.012  0.002  0.012
   0.33869      5.617187  0.000  0.010  0.002  0.010
   0.36691      5.645133  0.000  0.006  0.000  0.007
   0.39514      5.674625  0.000  0.004  0.000  0.004
   0.42336      5.697802  0.000  0.002  0.000  0.004
   0.45159      5.697666  0.000  0.002  0.002  0.004
   0.47981      5.698042  0.000  0.006  0.004  0.010
   0.50804      5.712241  0.000  0.008  0.004  0.012
   0.53626      5.718837  0.000  0.008  0.004  0.012
   0.53626      5.718837  0.000  0.008  0.004  0.012
   0.55622      5.720573  0.000  0.008  0.004  0.012
   0.57617      5.725774  0.000  0.008  0.004  0.012
   0.59613      5.734420  0.000  0.008  0.004  0.012
   0.61609      5.746470  0.000  0.008  0.004  0.012
   0.63605      5.761860  0.000  0.008  0.004  0.012
   0.65600      5.780577  0.000  0.006  0.004  0.010
   0.67596      5.790921  0.000  0.008  0.002  0.010
   0.69592      5.789502  0.000  0.010  0.004  0.014
   0.71588      5.785353  0.000  0.013  0.004  0.018
   0.73584      5.800815  0.000  0.004  0.002  0.006
   0.75579      5.819652  0.000  0.004  0.002  0.006
   0.77575      5.838623  0.000  0.004  0.002  0.006
   0.79571      5.858266  0.000  0.004  0.002  0.006
   0.81567      5.860506  0.000  0.020  0.006  0.027
   0.83562      5.854136  0.000  0.020  0.006  0.027
   0.85558      5.857658  0.000  0.006  0.004  0.010
   0.87554      5.886138  0.000  0.006  0.004  0.010
   0.89550      5.907114  0.000  0.008  0.004  0.012
   0.91545      5.916902  0.000  0.008  0.006  0.014
   0.91545      5.916902  0.000  0.008  0.006  0.014
   0.94368      5.916814  0.000  0.008  0.006  0.014
   0.97190      5.905013  0.000  0.010  0.006  0.015
   1.00013      5.873847  0.000  0.009  0.006  0.014
   1.02835      5.845202  0.000  0.008  0.004  0.012
   1.05657      5.811230  0.000  0.006  0.002  0.009
   1.08480      5.788692  0.000  0.006  0.002  0.006
   1.11302      5.761074  0.000  0.000  0.000  0.002
   1.14125      5.727989  0.000  0.000  0.000  0.000
   1.16947      5.695255  0.000  0.000  0.000  0.002
   1.19769      5.665619  0.000  0.006  0.004  0.010
   1.22592      5.650083  0.000  0.003  0.002  0.006
   1.25414      5.633203  0.000  0.000  0.002  0.002
   1.28237      5.612446  0.000  0.000  0.002  0.002
   1.31059      5.588424  0.000  0.000  0.002  0.004
   1.33882      5.566680  0.000  0.002  0.002  0.006
   1.36704      5.549591  0.002  0.002  0.002  0.006
   1.39526      5.540582  0.002  0.004  0.003  0.008
   1.42349      5.552647  0.000  0.004  0.004  0.008
   1.45171      5.564156  0.000  0.004  0.004  0.008
   1.45171      5.564156  0.000  0.004  0.004  0.008
   1.47167      5.570812  0.000  0.004  0.002  0.008
   1.49163      5.593303  0.000  0.004  0.002  0.006
   1.51159      5.583241  0.000  0.004  0.002  0.006
   1.53154      5.588407  0.000  0.004  0.002  0.006
   1.55150      5.583222  0.000  0.000  0.000  0.000
   1.57146      5.571841  0.000  0.000  0.000  0.000
   1.59142      5.558928  0.000  0.000  0.000  0.002
   1.61137      5.544609  0.000  0.000  0.000  0.002
   1.63133      5.528991  0.000  0.002  0.000  0.002
   1.65129      5.512244  0.000  0.002  0.000  0.002
   1.67125      5.494709  0.000  0.002  0.000  0.002
   1.69120      5.476916  0.000  0.002  0.000  0.002
   1.71116      5.463650  0.000  0.016  0.002  0.018
   1.73112      5.464261  0.000  0.016  0.000  0.018
   1.75108      5.462111  0.000  0.016  0.000  0.018
   1.77103      5.457768  0.000  0.014  0.000  0.016
   1.79099      5.452301  0.000  0.012  0.002  0.014
   1.81095      5.447304  0.000  0.010  0.002  0.012
   1.83091      5.445145  0.000  0.010  0.002  0.010
 
# Band-Index:  110
   1.83091      5.551033  0.000  0.002  0.002  0.004
   1.81095      5.549415  0.000  0.002  0.002  0.004
   1.79099      5.548103  0.000  0.002  0.002  0.004
   1.77103      5.548605  0.000  0.002  0.002  0.004
   1.75108      5.551233  0.000  0.002  0.002  0.002
   1.73112      5.556217  0.000  0.002  0.000  0.002
   1.71116      5.563813  0.000  0.002  0.000  0.002
   1.69120      5.574326  0.000  0.000  0.000  0.002
   1.67125      5.588083  0.000  0.000  0.000  0.002
   1.65129      5.573180  0.002  0.006  0.000  0.008
   1.63133      5.543946  0.000  0.004  0.000  0.006
   1.61137      5.551546  0.000  0.006  0.000  0.006
   1.59142      5.578034  0.000  0.007  0.000  0.008
   1.57146      5.587599  0.000  0.004  0.000  0.006
   1.55150      5.588868  0.000  0.004  0.000  0.004
   1.53154      5.592907  0.000  0.000  0.000  0.000
   1.51159      5.600706  0.000  0.000  0.000  0.000
   1.49163      5.606432  0.000  0.000  0.000  0.000
   1.47167      5.609935  0.000  0.000  0.000  0.000
   1.45171      5.611113  0.000  0.000  0.000  0.000
   1.45171      5.611113  0.000  0.000  0.000  0.000
   1.42349      5.614012  0.000  0.000  0.000  0.002
   1.39526      5.616509  0.000  0.002  0.002  0.002
   1.36704      5.615938  0.000  0.002  0.002  0.004
   1.33882      5.615598  0.000  0.002  0.004  0.004
   1.31059      5.618958  0.000  0.002  0.004  0.006
   1.28237      5.628112  0.002  0.002  0.006  0.008
   1.25414      5.645108  0.000  0.002  0.004  0.008
   1.22592      5.663790  0.000  0.002  0.002  0.004
   1.19769      5.680909  0.000  0.002  0.000  0.002
   1.16947      5.701397  0.000  0.000  0.000  0.002
   1.14125      5.742949  0.000  0.000  0.000  0.002
   1.11302      5.792553  0.000  0.000  0.000  0.002
   1.08480      5.837184  0.000  0.003  0.002  0.004
   1.05657      5.876009  0.000  0.002  0.002  0.004
   1.02835      5.900775  0.000  0.004  0.002  0.008
   1.00013      5.911656  0.000  0.006  0.004  0.010
   0.97190      5.915706  0.000  0.008  0.006  0.013
   0.94368      5.930443  0.000  0.008  0.002  0.010
   0.91545      5.930129  0.000  0.002  0.000  0.002
   0.91545      5.930129  0.000  0.002  0.000  0.002
   0.89550      5.932389  0.000  0.002  0.002  0.004
   0.87554      5.928880  0.000  0.002  0.002  0.004
   0.85558      5.916454  0.000  0.002  0.002  0.004
   0.83562      5.898623  0.000  0.004  0.002  0.006
   0.81567      5.878567  0.000  0.004  0.002  0.006
   0.79571      5.869029  0.000  0.019  0.006  0.025
   0.77575      5.878087  0.000  0.018  0.006  0.024
   0.75579      5.886934  0.000  0.016  0.006  0.022
   0.73584      5.893791  0.000  0.014  0.004  0.018
   0.71588      5.861352  0.000  0.004  0.002  0.008
   0.69592      5.829501  0.000  0.006  0.002  0.008
   0.67596      5.802872  0.000  0.006  0.004  0.010
   0.65600      5.787314  0.000  0.004  0.002  0.006
   0.63605      5.779171  0.000  0.002  0.000  0.004
   0.61609      5.769265  0.000  0.002  0.000  0.002
   0.59613      5.760087  0.000  0.000  0.000  0.000
   0.57617      5.752993  0.000  0.000  0.000  0.000
   0.55622      5.748587  0.000  0.000  0.000  0.000
   0.53626      5.747099  0.000  0.000  0.000  0.000
   0.53626      5.747099  0.000  0.000  0.000  0.000
   0.50804      5.749835  0.000  0.002  0.000  0.002
   0.47981      5.750049  0.000  0.002  0.000  0.002
   0.45159      5.738649  0.000  0.002  0.000  0.002
   0.42336      5.718409  0.000  0.001  0.002  0.002
   0.39514      5.697401  0.000  0.008  0.004  0.012
   0.36691      5.667232  0.000  0.008  0.004  0.012
   0.33869      5.635092  0.000  0.008  0.002  0.010
   0.31047      5.601651  0.000  0.006  0.002  0.008
   0.28224      5.568546  0.000  0.012  0.001  0.013
   0.25402      5.550942  0.000  0.012  0.002  0.014
   0.22579      5.538912  0.000  0.012  0.002  0.012
   0.19757      5.532323  0.000  0.010  0.002  0.010
   0.16935      5.530877  0.000  0.008  0.000  0.008
   0.14112      5.533055  0.000  0.006  0.000  0.008
   0.11290      5.534113  0.000  0.004  0.002  0.006
   0.08467      5.521641  0.000  0.004  0.002  0.006
   0.05645      5.515571  0.000  0.006  0.000  0.008
   0.02822      5.544842  0.000  0.004  0.000  0.006
   0.00000      5.551033  0.000  0.002  0.002  0.004
 
# Band-Index:  111
   0.00000      5.556776  0.000  0.004  0.000  0.004
   0.02822      5.551911  0.000  0.004  0.002  0.005
   0.05645      5.554547  0.000  0.004  0.002  0.006
   0.08467      5.562200  0.000  0.006  0.002  0.008
   0.11290      5.589823  0.000  0.008  0.000  0.008
   0.14112      5.630520  0.000  0.008  0.000  0.008
   0.16935      5.658782  0.000  0.000  0.002  0.002
   0.19757      5.660863  0.000  0.000  0.002  0.002
   0.22579      5.665672  0.000  0.000  0.002  0.002
   0.25402      5.675645  0.000  0.002  0.002  0.004
   0.28224      5.689531  0.000  0.002  0.002  0.005
   0.31047      5.701583  0.000  0.005  0.003  0.009
   0.33869      5.708087  0.000  0.004  0.004  0.008
   0.36691      5.712803  0.000  0.002  0.004  0.006
   0.39514      5.713742  0.000  0.002  0.004  0.004
   0.42336      5.724444  0.000  0.006  0.004  0.010
   0.45159      5.744980  0.000  0.004  0.004  0.008
   0.47981      5.755586  0.000  0.002  0.004  0.006
   0.50804      5.759246  0.000  0.000  0.002  0.004
   0.53626      5.760228  0.000  0.000  0.002  0.002
   0.53626      5.760228  0.000  0.000  0.002  0.002
   0.55622      5.761646  0.000  0.000  0.002  0.002
   0.57617      5.765889  0.000  0.000  0.002  0.002
   0.59613      5.772951  0.000  0.000  0.002  0.002
   0.61609      5.782901  0.000  0.000  0.002  0.002
   0.63605      5.795977  0.000  0.002  0.002  0.004
   0.65600      5.812668  0.000  0.002  0.002  0.004
   0.67596      5.833604  0.000  0.002  0.002  0.004
   0.69592      5.859142  0.000  0.004  0.002  0.006
   0.71588      5.888795  0.000  0.004  0.004  0.008
   0.73584      5.898482  0.000  0.004  0.002  0.006
   0.75579      5.938504  0.000  0.002  0.002  0.004
   0.77575      5.965587  0.000  0.004  0.004  0.008
   0.79571      5.978657  0.000  0.006  0.006  0.012
   0.81567      5.984074  0.000  0.008  0.006  0.014
   0.83562      5.983174  0.000  0.010  0.008  0.016
   0.85558      5.978139  0.000  0.010  0.008  0.018
   0.87554      5.972601  0.000  0.012  0.008  0.020
   0.89550      5.970335  0.000  0.012  0.007  0.018
   0.91545      5.970436  0.000  0.010  0.006  0.017
   0.91545      5.970436  0.000  0.010  0.006  0.017
   0.94368      5.954376  0.000  0.006  0.004  0.010
   0.97190      5.951407  0.000  0.004  0.002  0.006
   1.00013      5.944913  0.000  0.004  0.002  0.006
   1.02835      5.917894  0.000  0.002  0.002  0.004
   1.05657      5.879449  0.000  0.002  0.002  0.004
   1.08480      5.839398  0.000  0.000  0.002  0.002
   1.11302      5.802494  0.000  0.007  0.002  0.010
   1.14125      5.782344  0.001  0.008  0.004  0.014
   1.16947      5.766283  0.002  0.010  0.006  0.018
   1.19769      5.742819  0.002  0.012  0.008  0.021
   1.22592      5.714947  0.002  0.012  0.006  0.021
   1.25414      5.695722  0.002  0.014  0.005  0.020
   1.28237      5.687275  0.000  0.014  0.004  0.019
   1.31059      5.683308  0.000  0.014  0.003  0.018
   1.33882      5.679420  0.000  0.014  0.002  0.017
   1.36704      5.673708  0.000  0.013  0.002  0.016
   1.39526      5.666482  0.000  0.010  0.002  0.013
   1.42349      5.659877  0.000  0.007  0.002  0.010
   1.45171      5.657027  0.000  0.006  0.002  0.008
   1.45171      5.657027  0.000  0.006  0.002  0.008
   1.47167      5.637902  0.000  0.006  0.001  0.008
   1.49163      5.610297  0.000  0.010  0.000  0.010
   1.51159      5.631324  0.000  0.014  0.000  0.014
   1.53154      5.628029  0.002  0.016  0.004  0.022
   1.55150      5.629088  0.000  0.020  0.002  0.022
   1.57146      5.611165  0.000  0.016  0.002  0.018
   1.59142      5.604282  0.000  0.012  0.002  0.014
   1.61137      5.617136  0.000  0.010  0.002  0.012
   1.63133      5.626312  0.000  0.000  0.000  0.000
   1.65129      5.605373  0.000  0.000  0.000  0.000
   1.67125      5.603783  0.002  0.006  0.000  0.008
   1.69120      5.626009  0.002  0.004  0.000  0.006
   1.71116      5.619842  0.000  0.004  0.000  0.004
   1.73112      5.603273  0.000  0.004  0.000  0.004
   1.75108      5.589093  0.000  0.004  0.000  0.004
   1.77103      5.577232  0.000  0.004  0.000  0.004
   1.79099      5.567630  0.000  0.004  0.000  0.004
   1.81095      5.560360  0.000  0.004  0.000  0.004
   1.83091      5.556776  0.000  0.004  0.000  0.004
 
# Band-Index:  112
   1.83091      5.596607  0.000  0.006  0.000  0.006
   1.81095      5.598081  0.000  0.006  0.000  0.006
   1.79099      5.602673  0.000  0.006  0.002  0.006
   1.77103      5.610516  0.000  0.006  0.002  0.006
   1.75108      5.620827  0.000  0.004  0.002  0.006
   1.73112      5.630391  0.000  0.002  0.002  0.004
   1.71116      5.633782  0.000  0.002  0.002  0.004
   1.69120      5.638856  0.000  0.004  0.000  0.004
   1.67125      5.660341  0.000  0.002  0.000  0.004
   1.65129      5.648568  0.000  0.006  0.002  0.008
   1.63133      5.633462  0.000  0.008  0.002  0.010
   1.61137      5.650751  0.000  0.000  0.000  0.000
   1.59142      5.678304  0.000  0.000  0.000  0.000
   1.57146      5.665768  0.002  0.008  0.004  0.014
   1.55150      5.640108  0.002  0.002  0.004  0.010
   1.53154      5.643005  0.000  0.008  0.002  0.010
   1.51159      5.639244  0.002  0.008  0.004  0.014
   1.49163      5.652396  0.002  0.014  0.004  0.020
   1.47167      5.663597  0.002  0.018  0.004  0.022
   1.45171      5.676419  0.002  0.013  0.002  0.017
   1.45171      5.676419  0.002  0.013  0.002  0.017
   1.42349      5.680391  0.002  0.011  0.002  0.014
   1.39526      5.686678  0.000  0.016  0.001  0.017
   1.36704      5.690944  0.000  0.012  0.001  0.014
   1.33882      5.694921  0.000  0.004  0.002  0.006
   1.31059      5.696060  0.000  0.000  0.006  0.007
   1.28237      5.701481  0.002  0.001  0.007  0.010
   1.25414      5.715035  0.002  0.002  0.008  0.010
   1.22592      5.736737  0.002  0.002  0.008  0.011
   1.19769      5.763758  0.002  0.002  0.006  0.011
   1.16947      5.792051  0.002  0.004  0.006  0.011
   1.14125      5.818684  0.002  0.006  0.006  0.012
   1.11302      5.843766  0.002  0.006  0.004  0.012
   1.08480      5.872615  0.002  0.007  0.004  0.012
   1.05657      5.912911  0.002  0.006  0.002  0.010
   1.02835      5.959115  0.002  0.006  0.002  0.010
   1.00013      6.001724  0.000  0.008  0.002  0.012
   0.97190      6.030663  0.000  0.008  0.002  0.010
   0.94368      6.038254  0.000  0.004  0.002  0.006
   0.91545      6.032077  0.000  0.002  0.002  0.002
   0.91545      6.032077  0.000  0.002  0.002  0.002
   0.89550      6.031255  0.000  0.002  0.002  0.002
   0.87554      6.028769  0.000  0.002  0.002  0.004
   0.85558      6.024563  0.000  0.002  0.002  0.004
   0.83562      6.018526  0.000  0.002  0.002  0.004
   0.81567      6.010477  0.000  0.004  0.002  0.004
   0.79571      6.000135  0.000  0.004  0.002  0.006
   0.77575      5.987176  0.000  0.004  0.002  0.006
   0.75579      5.950699  0.000  0.006  0.004  0.011
   0.73584      5.920497  0.000  0.004  0.004  0.008
   0.71588      5.893656  0.000  0.010  0.004  0.014
   0.69592      5.883481  0.000  0.008  0.002  0.012
   0.67596      5.870679  0.000  0.010  0.002  0.014
   0.65600      5.861661  0.000  0.012  0.004  0.016
   0.63605      5.857117  0.002  0.014  0.004  0.018
   0.61609      5.854467  0.002  0.014  0.002  0.018
   0.59613      5.847244  0.000  0.002  0.002  0.004
   0.57617      5.840074  0.000  0.002  0.002  0.004
   0.55622      5.835751  0.000  0.002  0.002  0.004
   0.53626      5.834308  0.000  0.002  0.002  0.004
   0.53626      5.834308  0.000  0.002  0.002  0.004
   0.50804      5.828270  0.000  0.004  0.002  0.006
   0.47981      5.815776  0.000  0.004  0.002  0.008
   0.45159      5.801592  0.000  0.004  0.002  0.008
   0.42336      5.785440  0.000  0.006  0.002  0.008
   0.39514      5.764840  0.000  0.004  0.002  0.008
   0.36691      5.742343  0.000  0.004  0.003  0.007
   0.33869      5.721757  0.000  0.002  0.004  0.006
   0.31047      5.704667  0.000  0.003  0.003  0.006
   0.28224      5.695698  0.000  0.007  0.003  0.010
   0.25402      5.690230  0.000  0.008  0.002  0.010
   0.22579      5.683814  0.000  0.008  0.002  0.010
   0.19757      5.674675  0.000  0.008  0.002  0.010
   0.16935      5.659954  0.000  0.008  0.001  0.008
   0.14112      5.656811  0.000  0.002  0.002  0.002
   0.11290      5.652665  0.000  0.004  0.001  0.006
   0.08467      5.635388  0.000  0.004  0.002  0.006
   0.05645      5.618271  0.000  0.004  0.002  0.006
   0.02822      5.603204  0.000  0.006  0.000  0.006
   0.00000      5.596607  0.000  0.006  0.000  0.006
 
# Band-Index:  113
   0.00000      5.625507  0.000  0.004  0.000  0.004
   0.02822      5.632666  0.000  0.004  0.000  0.004
   0.05645      5.642851  0.000  0.004  0.000  0.004
   0.08467      5.649550  0.000  0.004  0.000  0.004
   0.11290      5.653869  0.000  0.002  0.002  0.004
   0.14112      5.673696  0.000  0.004  0.000  0.006
   0.16935      5.712128  0.000  0.004  0.000  0.004
   0.19757      5.729854  0.000  0.002  0.002  0.004
   0.22579      5.721183  0.000  0.004  0.002  0.006
   0.25402      5.720211  0.000  0.006  0.002  0.008
   0.28224      5.728955  0.000  0.006  0.002  0.008
   0.31047      5.748654  0.000  0.006  0.002  0.008
   0.33869      5.775955  0.000  0.006  0.002  0.008
   0.36691      5.804776  0.000  0.004  0.002  0.006
   0.39514      5.827459  0.000  0.002  0.002  0.004
   0.42336      5.838052  0.000  0.002  0.002  0.002
   0.45159      5.843071  0.000  0.004  0.002  0.006
   0.47981      5.847128  0.000  0.008  0.002  0.010
   0.50804      5.847472  0.002  0.010  0.002  0.012
   0.53626      5.845681  0.002  0.012  0.002  0.016
   0.53626      5.845681  0.002  0.012  0.002  0.016
   0.55622      5.846560  0.002  0.012  0.002  0.016
   0.57617      5.848867  0.002  0.012  0.002  0.016
   0.59613      5.851769  0.002  0.014  0.002  0.018
   0.61609      5.857177  0.000  0.002  0.002  0.004
   0.63605      5.869708  0.000  0.002  0.002  0.004
   0.65600      5.884584  0.000  0.002  0.002  0.004
   0.67596      5.901492  0.000  0.002  0.002  0.004
   0.69592      5.920173  0.000  0.002  0.002  0.006
   0.71588      5.940693  0.000  0.002  0.002  0.006
   0.73584      5.956093  0.000  0.008  0.002  0.010
   0.75579      5.971731  0.000  0.006  0.002  0.008
   0.77575      5.989062  0.000  0.006  0.002  0.008
   0.79571      6.034738  0.000  0.004  0.002  0.006
   0.81567      6.079688  0.000  0.004  0.000  0.004
   0.83562      6.118758  0.000  0.004  0.002  0.004
   0.85558      6.140971  0.000  0.002  0.002  0.006
   0.87554      6.146851  0.000  0.002  0.002  0.006
   0.89550      6.150548  0.000  0.002  0.002  0.004
   0.91545      6.155256  0.000  0.000  0.002  0.002
   0.91545      6.155256  0.000  0.000  0.002  0.002
   0.94368      6.141476  0.000  0.000  0.000  0.002
   0.97190      6.101291  0.000  0.000  0.000  0.000
   1.00013      6.054664  0.000  0.002  0.000  0.004
   1.02835      6.003216  0.000  0.009  0.004  0.012
   1.05657      5.955612  0.000  0.012  0.004  0.016
   1.08480      5.917974  0.000  0.012  0.004  0.018
   1.11302      5.882820  0.000  0.010  0.004  0.016
   1.14125      5.846109  0.000  0.008  0.004  0.012
   1.16947      5.811811  0.000  0.006  0.002  0.008
   1.19769      5.789393  0.000  0.004  0.000  0.004
   1.22592      5.761071  0.000  0.014  0.002  0.016
   1.25414      5.737815  0.000  0.016  0.002  0.018
   1.28237      5.720814  0.000  0.017  0.002  0.019
   1.31059      5.708973  0.000  0.019  0.002  0.022
   1.33882      5.703199  0.000  0.018  0.004  0.023
   1.36704      5.706777  0.001  0.006  0.002  0.009
   1.39526      5.691420  0.000  0.008  0.002  0.010
   1.42349      5.683664  0.000  0.018  0.001  0.018
   1.45171      5.682524  0.000  0.018  0.002  0.019
   1.45171      5.682524  0.000  0.018  0.002  0.019
   1.47167      5.705606  0.000  0.008  0.000  0.009
   1.49163      5.718231  0.000  0.002  0.002  0.004
   1.51159      5.721630  0.000  0.004  0.002  0.006
   1.53154      5.739077  0.000  0.006  0.004  0.010
   1.55150      5.740610  0.000  0.000  0.000  0.000
   1.57146      5.708449  0.000  0.000  0.000  0.000
   1.59142      5.695324  0.002  0.008  0.004  0.014
   1.61137      5.717251  0.002  0.008  0.004  0.012
   1.63133      5.710585  0.000  0.002  0.000  0.002
   1.65129      5.684277  0.000  0.002  0.000  0.004
   1.67125      5.660598  0.000  0.004  0.002  0.006
   1.69120      5.671492  0.000  0.006  0.002  0.008
   1.71116      5.663815  0.000  0.004  0.000  0.006
   1.73112      5.649559  0.000  0.004  0.000  0.004
   1.75108      5.640338  0.000  0.004  0.000  0.004
   1.77103      5.634278  0.000  0.004  0.000  0.004
   1.79099      5.629715  0.000  0.004  0.000  0.004
   1.81095      5.626628  0.000  0.004  0.000  0.004
   1.83091      5.625507  0.000  0.004  0.000  0.004
 
# Band-Index:  114
   1.83091      5.704109  0.000  0.004  0.000  0.004
   1.81095      5.706189  0.000  0.004  0.000  0.004
   1.79099      5.712162  0.000  0.004  0.000  0.006
   1.77103      5.720957  0.000  0.004  0.000  0.006
   1.75108      5.725324  0.000  0.008  0.000  0.008
   1.73112      5.710525  0.002  0.008  0.002  0.012
   1.71116      5.691213  0.000  0.006  0.002  0.010
   1.69120      5.683931  0.000  0.004  0.000  0.006
   1.67125      5.700409  0.002  0.004  0.002  0.006
   1.65129      5.714633  0.002  0.004  0.002  0.008
   1.63133      5.722291  0.002  0.006  0.002  0.010
   1.61137      5.739104  0.000  0.002  0.000  0.002
   1.59142      5.769566  0.000  0.002  0.000  0.002
   1.57146      5.773106  0.000  0.010  0.002  0.014
   1.55150      5.771236  0.000  0.006  0.004  0.010
   1.53154      5.771867  0.000  0.014  0.002  0.015
   1.51159      5.761745  0.000  0.014  0.002  0.016
   1.49163      5.742426  0.000  0.016  0.002  0.020
   1.47167      5.728687  0.000  0.010  0.004  0.016
   1.45171      5.725995  0.000  0.006  0.004  0.012
   1.45171      5.725995  0.000  0.006  0.004  0.012
   1.42349      5.722822  0.000  0.006  0.006  0.012
   1.39526      5.715306  0.000  0.007  0.006  0.013
   1.36704      5.707326  0.001  0.009  0.005  0.015
   1.33882      5.724080  0.000  0.004  0.002  0.006
   1.31059      5.740889  0.000  0.004  0.002  0.006
   1.28237      5.755669  0.000  0.004  0.002  0.006
   1.25414      5.767668  0.000  0.004  0.002  0.006
   1.22592      5.777651  0.000  0.004  0.002  0.004
   1.19769      5.791455  0.002  0.014  0.002  0.016
   1.16947      5.828347  0.002  0.012  0.002  0.016
   1.14125      5.869556  0.002  0.012  0.002  0.015
   1.11302      5.912035  0.002  0.011  0.002  0.014
   1.08480      5.952173  0.000  0.010  0.002  0.014
   1.05657      5.987138  0.000  0.010  0.002  0.012
   1.02835      6.018230  0.000  0.008  0.002  0.010
   1.00013      6.056657  0.000  0.007  0.002  0.010
   0.97190      6.106218  0.000  0.006  0.002  0.008
   0.94368      6.142897  0.000  0.004  0.002  0.006
   0.91545      6.156940  0.000  0.004  0.002  0.006
   0.91545      6.156940  0.000  0.004  0.002  0.006
   0.89550      6.161176  0.000  0.002  0.000  0.002
   0.87554      6.163118  0.000  0.000  0.000  0.002
   0.85558      6.161574  0.000  0.000  0.000  0.002
   0.83562      6.148995  0.000  0.003  0.004  0.006
   0.81567      6.118687  0.000  0.004  0.004  0.008
   0.79571      6.077301  0.000  0.004  0.002  0.008
   0.77575      6.033509  0.000  0.004  0.002  0.008
   0.75579      5.994483  0.000  0.004  0.002  0.007
   0.73584      5.964272  0.000  0.004  0.002  0.006
   0.71588      5.947262  0.002  0.012  0.002  0.014
   0.69592      5.951140  0.002  0.014  0.004  0.018
   0.67596      5.963198  0.002  0.014  0.004  0.020
   0.65600      5.978793  0.002  0.016  0.004  0.020
   0.63605      5.986989  0.000  0.000  0.004  0.004
   0.61609      5.962032  0.000  0.000  0.004  0.004
   0.59613      5.942206  0.000  0.000  0.004  0.004
   0.57617      5.927847  0.000  0.000  0.004  0.004
   0.55622      5.919157  0.000  0.000  0.004  0.004
   0.53626      5.916248  0.000  0.000  0.004  0.004
   0.53626      5.916248  0.000  0.000  0.004  0.004
   0.50804      5.912836  0.000  0.000  0.004  0.004
   0.47981      5.904667  0.000  0.000  0.004  0.004
   0.45159      5.895246  0.000  0.002  0.004  0.004
   0.42336      5.882341  0.000  0.002  0.002  0.006
   0.39514      5.864056  0.000  0.002  0.002  0.006
   0.36691      5.849895  0.000  0.004  0.002  0.005
   0.33869      5.846790  0.000  0.002  0.002  0.004
   0.31047      5.852872  0.000  0.002  0.002  0.004
   0.28224      5.860905  0.000  0.002  0.002  0.004
   0.25402      5.856039  0.000  0.002  0.002  0.004
   0.22579      5.820369  0.000  0.003  0.002  0.004
   0.19757      5.766374  0.000  0.004  0.000  0.004
   0.16935      5.738726  0.000  0.000  0.000  0.002
   0.14112      5.736835  0.000  0.000  0.000  0.002
   0.11290      5.729674  0.000  0.002  0.000  0.004
   0.08467      5.722259  0.000  0.002  0.000  0.004
   0.05645      5.714721  0.000  0.004  0.000  0.004
   0.02822      5.707435  0.000  0.004  0.000  0.004
   0.00000      5.704109  0.000  0.004  0.000  0.004
 
# Band-Index:  115
   0.00000      5.709963  0.000  0.000  0.000  0.000
   0.02822      5.715753  0.000  0.000  0.000  0.000
   0.05645      5.732295  0.000  0.000  0.000  0.000
   0.08467      5.756777  0.000  0.000  0.002  0.002
   0.11290      5.781276  0.000  0.002  0.002  0.004
   0.14112      5.793950  0.000  0.006  0.002  0.008
   0.16935      5.795727  0.000  0.008  0.002  0.012
   0.19757      5.806297  0.002  0.008  0.002  0.010
   0.22579      5.829472  0.002  0.006  0.002  0.008
   0.25402      5.859021  0.002  0.006  0.002  0.008
   0.28224      5.888985  0.002  0.004  0.002  0.008
   0.31047      5.911796  0.000  0.004  0.002  0.006
   0.33869      5.919750  0.000  0.004  0.002  0.004
   0.36691      5.915389  0.000  0.006  0.000  0.006
   0.39514      5.914310  0.000  0.009  0.000  0.010
   0.42336      5.929367  0.002  0.010  0.000  0.012
   0.45159      5.957313  0.002  0.010  0.002  0.012
   0.47981      5.989332  0.000  0.006  0.002  0.010
   0.50804      6.018221  0.000  0.002  0.002  0.006
   0.53626      6.031542  0.000  0.000  0.002  0.002
   0.53626      6.031542  0.000  0.000  0.002  0.002
   0.55622      6.033317  0.000  0.000  0.002  0.002
   0.57617      6.024421  0.004  0.018  0.002  0.022
   0.59613      6.014213  0.004  0.016  0.002  0.020
   0.61609      6.005453  0.004  0.016  0.002  0.020
   0.63605      5.994885  0.002  0.018  0.002  0.023
   0.65600      6.004556  0.000  0.002  0.002  0.004
   0.67596      6.007262  0.000  0.002  0.002  0.004
   0.69592      6.013542  0.000  0.002  0.002  0.004
   0.71588      6.023399  0.000  0.000  0.002  0.002
   0.73584      6.037641  0.000  0.000  0.002  0.002
   0.75579      6.057359  0.000  0.000  0.002  0.002
   0.77575      6.082905  0.000  0.000  0.002  0.002
   0.79571      6.113222  0.000  0.000  0.000  0.002
   0.81567      6.146421  0.000  0.002  0.000  0.002
   0.83562      6.180500  0.000  0.002  0.000  0.002
   0.85558      6.194171  0.000  0.002  0.000  0.002
   0.87554      6.223052  0.000  0.002  0.000  0.002
   0.89550      6.239621  0.000  0.000  0.000  0.000
   0.91545      6.237950  0.000  0.000  0.000  0.000
   0.91545      6.237950  0.000  0.000  0.000  0.000
   0.94368      6.222702  0.000  0.002  0.000  0.004
   0.97190      6.202131  0.000  0.002  0.002  0.004
   1.00013      6.174696  0.000  0.004  0.002  0.005
   1.02835      6.137694  0.000  0.004  0.002  0.006
   1.05657      6.094069  0.000  0.004  0.002  0.006
   1.08480      6.048595  0.000  0.002  0.002  0.006
   1.11302      6.005520  0.000  0.002  0.002  0.004
   1.14125      5.967563  0.000  0.002  0.002  0.004
   1.16947      5.936352  0.000  0.002  0.002  0.002
   1.19769      5.912030  0.000  0.002  0.000  0.002
   1.22592      5.892609  0.000  0.002  0.000  0.002
   1.25414      5.874819  0.000  0.002  0.000  0.002
   1.28237      5.855449  0.000  0.002  0.000  0.002
   1.31059      5.832551  0.000  0.002  0.000  0.002
   1.33882      5.806501  0.000  0.002  0.000  0.002
   1.36704      5.780087  0.000  0.002  0.000  0.002
   1.39526      5.757379  0.000  0.002  0.000  0.002
   1.42349      5.742191  0.000  0.002  0.000  0.002
   1.45171      5.736892  0.000  0.002  0.000  0.002
   1.45171      5.736892  0.000  0.002  0.000  0.002
   1.47167      5.743020  0.000  0.002  0.000  0.002
   1.49163      5.760506  0.000  0.003  0.002  0.004
   1.51159      5.786679  0.000  0.004  0.002  0.006
   1.53154      5.774171  0.000  0.000  0.000  0.000
   1.55150      5.774319  0.000  0.014  0.002  0.016
   1.57146      5.801561  0.000  0.002  0.000  0.002
   1.59142      5.772468  0.000  0.010  0.002  0.012
   1.61137      5.777985  0.000  0.011  0.002  0.014
   1.63133      5.791807  0.000  0.018  0.002  0.018
   1.65129      5.787414  0.000  0.016  0.000  0.018
   1.67125      5.778841  0.000  0.014  0.002  0.014
   1.69120      5.771895  0.000  0.012  0.002  0.014
   1.71116      5.762391  0.000  0.010  0.002  0.012
   1.73112      5.750330  0.000  0.008  0.002  0.010
   1.75108      5.740816  0.000  0.010  0.002  0.012
   1.77103      5.732349  0.000  0.000  0.000  0.000
   1.79099      5.720026  0.000  0.000  0.000  0.000
   1.81095      5.712496  0.000  0.000  0.000  0.000
   1.83091      5.709963  0.000  0.000  0.000  0.000
 
# Band-Index:  116
   1.83091      5.770448  0.000  0.014  0.004  0.018
   1.81095      5.767777  0.000  0.014  0.004  0.018
   1.79099      5.760147  0.000  0.014  0.004  0.016
   1.77103      5.748792  0.000  0.012  0.004  0.016
   1.75108      5.749156  0.000  0.000  0.000  0.000
   1.73112      5.770062  0.000  0.000  0.000  0.002
   1.71116      5.794610  0.000  0.000  0.000  0.002
   1.69120      5.822280  0.000  0.000  0.000  0.002
   1.67125      5.840520  0.000  0.006  0.000  0.006
   1.65129      5.822735  0.000  0.006  0.002  0.006
   1.63133      5.811106  0.000  0.006  0.000  0.006
   1.61137      5.823329  0.000  0.012  0.002  0.014
   1.59142      5.826752  0.000  0.014  0.004  0.018
   1.57146      5.804575  0.002  0.010  0.004  0.016
   1.55150      5.834463  0.000  0.002  0.000  0.002
   1.53154      5.820428  0.000  0.006  0.002  0.008
   1.51159      5.808399  0.000  0.000  0.000  0.000
   1.49163      5.842216  0.000  0.000  0.000  0.000
   1.47167      5.873145  0.000  0.000  0.000  0.000
   1.45171      5.890013  0.000  0.000  0.000  0.000
   1.45171      5.890013  0.000  0.000  0.000  0.000
   1.42349      5.891194  0.000  0.000  0.000  0.000
   1.39526      5.897095  0.000  0.000  0.000  0.000
   1.36704      5.911832  0.000  0.000  0.000  0.000
   1.33882      5.935828  0.000  0.000  0.000  0.000
   1.31059      5.965146  0.000  0.002  0.000  0.002
   1.28237      5.995132  0.000  0.002  0.000  0.002
   1.25414      6.023059  0.000  0.004  0.002  0.004
   1.22592      6.048682  0.000  0.004  0.002  0.006
   1.19769      6.073277  0.000  0.004  0.002  0.006
   1.16947      6.097900  0.000  0.004  0.002  0.008
   1.14125      6.122689  0.000  0.004  0.004  0.008
   1.11302      6.147627  0.000  0.004  0.004  0.008
   1.08480      6.173132  0.000  0.004  0.002  0.006
   1.05657      6.199516  0.000  0.004  0.002  0.006
   1.02835      6.226330  0.000  0.004  0.002  0.004
   1.00013      6.252209  0.000  0.002  0.002  0.004
   0.97190      6.274783  0.000  0.002  0.000  0.002
   0.94368      6.254773  0.000  0.000  0.000  0.000
   0.91545      6.259807  0.000  0.002  0.000  0.002
   0.91545      6.259807  0.000  0.002  0.000  0.002
   0.89550      6.250679  0.000  0.002  0.000  0.002
   0.87554      6.242615  0.002  0.002  0.000  0.004
   0.85558      6.213405  0.002  0.002  0.000  0.004
   0.83562      6.183188  0.000  0.000  0.000  0.000
   0.81567      6.192997  0.000  0.000  0.002  0.002
   0.79571      6.196003  0.000  0.000  0.002  0.004
   0.77575      6.187816  0.000  0.002  0.002  0.004
   0.75579      6.174467  0.000  0.002  0.004  0.004
   0.73584      6.152106  0.000  0.002  0.004  0.004
   0.71588      6.120933  0.000  0.000  0.004  0.004
   0.69592      6.085462  0.000  0.000  0.004  0.004
   0.67596      6.049842  0.000  0.000  0.004  0.004
   0.65600      6.016544  0.000  0.000  0.004  0.004
   0.63605      6.007039  0.000  0.000  0.002  0.004
   0.61609      6.020050  0.000  0.005  0.004  0.008
   0.59613      6.038427  0.000  0.008  0.004  0.012
   0.57617      6.038675  0.000  0.000  0.002  0.002
   0.55622      6.034497  0.004  0.022  0.000  0.026
   0.53626      6.039584  0.006  0.025  0.000  0.030
   0.53626      6.039584  0.006  0.025  0.000  0.030
   0.50804      6.038004  0.004  0.024  0.000  0.029
   0.47981      6.027354  0.002  0.006  0.002  0.010
   0.45159      5.992473  0.000  0.002  0.004  0.004
   0.42336      5.967287  0.000  0.002  0.002  0.004
   0.39514      5.957739  0.000  0.002  0.002  0.004
   0.36691      5.953612  0.000  0.002  0.002  0.004
   0.33869      5.947579  0.000  0.002  0.002  0.004
   0.31047      5.938311  0.000  0.000  0.002  0.004
   0.28224      5.926351  0.000  0.000  0.002  0.004
   0.25402      5.915015  0.000  0.002  0.002  0.004
   0.22579      5.911907  0.000  0.002  0.002  0.006
   0.19757      5.912117  0.000  0.004  0.004  0.006
   0.16935      5.912498  0.000  0.004  0.004  0.008
   0.14112      5.891847  0.000  0.008  0.002  0.010
   0.11290      5.855170  0.000  0.008  0.002  0.012
   0.08467      5.823747  0.000  0.010  0.002  0.014
   0.05645      5.796864  0.000  0.012  0.002  0.016
   0.02822      5.777404  0.000  0.014  0.004  0.018
   0.00000      5.770448  0.000  0.014  0.004  0.018
 
# Band-Index:  117
   0.00000      5.916919  0.000  0.002  0.004  0.006
   0.02822      5.919515  0.000  0.002  0.004  0.006
   0.05645      5.926612  0.000  0.002  0.004  0.006
   0.08467      5.922258  0.002  0.004  0.004  0.008
   0.11290      5.916907  0.000  0.004  0.004  0.008
   0.14112      5.913768  0.000  0.004  0.004  0.008
   0.16935      5.926696  0.000  0.008  0.002  0.012
   0.19757      5.946736  0.000  0.010  0.002  0.013
   0.22579      5.958183  0.000  0.009  0.002  0.012
   0.25402      5.971238  0.000  0.008  0.002  0.010
   0.28224      5.991683  0.000  0.006  0.004  0.008
   0.31047      6.000248  0.002  0.004  0.002  0.008
   0.33869      6.000542  0.002  0.004  0.002  0.008
   0.36691      6.013235  0.002  0.004  0.004  0.008
   0.39514      6.031107  0.000  0.002  0.004  0.006
   0.42336      6.030135  0.004  0.016  0.002  0.022
   0.45159      6.032619  0.004  0.020  0.002  0.026
   0.47981      6.039105  0.004  0.018  0.002  0.022
   0.50804      6.066575  0.000  0.003  0.003  0.006
   0.53626      6.069901  0.000  0.004  0.002  0.008
   0.53626      6.069901  0.000  0.004  0.002  0.008
   0.55622      6.068196  0.000  0.008  0.002  0.012
   0.57617      6.055941  0.000  0.008  0.002  0.012
   0.59613      6.047715  0.000  0.000  0.002  0.004
   0.61609      6.060583  0.000  0.000  0.002  0.004
   0.63605      6.077429  0.000  0.000  0.002  0.004
   0.65600      6.098331  0.000  0.000  0.003  0.004
   0.67596      6.123181  0.000  0.000  0.004  0.004
   0.69592      6.151445  0.000  0.000  0.004  0.004
   0.71588      6.181609  0.000  0.000  0.004  0.004
   0.73584      6.209668  0.000  0.000  0.004  0.004
   0.75579      6.227564  0.000  0.000  0.004  0.004
   0.77575      6.225029  0.000  0.000  0.002  0.004
   0.79571      6.210052  0.000  0.000  0.002  0.002
   0.81567      6.205806  0.000  0.000  0.001  0.002
   0.83562      6.220084  0.000  0.000  0.000  0.000
   0.85558      6.236823  0.000  0.000  0.000  0.002
   0.87554      6.244667  0.000  0.000  0.000  0.002
   0.89550      6.264318  0.002  0.002  0.000  0.006
   0.91545      6.272791  0.002  0.004  0.000  0.006
   0.91545      6.272791  0.002  0.004  0.000  0.006
   0.94368      6.291693  0.000  0.000  0.000  0.002
   0.97190      6.277769  0.000  0.000  0.000  0.002
   1.00013      6.312959  0.000  0.002  0.000  0.002
   1.02835      6.319243  0.002  0.002  0.002  0.006
   1.05657      6.281612  0.002  0.002  0.004  0.008
   1.08480      6.244002  0.002  0.002  0.004  0.008
   1.11302      6.209619  0.002  0.004  0.004  0.010
   1.14125      6.179549  0.002  0.006  0.004  0.012
   1.16947      6.153696  0.002  0.006  0.004  0.012
   1.19769      6.131131  0.000  0.006  0.004  0.012
   1.22592      6.110702  0.000  0.006  0.004  0.011
   1.25414      6.091517  0.000  0.004  0.004  0.009
   1.28237      6.072109  0.000  0.002  0.002  0.006
   1.31059      6.049320  0.000  0.000  0.002  0.002
   1.33882      6.022872  0.000  0.000  0.000  0.002
   1.36704      5.998410  0.000  0.001  0.000  0.002
   1.39526      5.969673  0.000  0.003  0.000  0.004
   1.42349      5.944315  0.000  0.002  0.000  0.002
   1.45171      5.934705  0.000  0.002  0.000  0.002
   1.45171      5.934705  0.000  0.002  0.000  0.002
   1.47167      5.938903  0.000  0.002  0.000  0.002
   1.49163      5.924980  0.000  0.002  0.000  0.002
   1.51159      5.898490  0.000  0.002  0.000  0.002
   1.53154      5.867308  0.000  0.002  0.000  0.002
   1.55150      5.854682  0.000  0.006  0.002  0.008
   1.57146      5.877245  0.000  0.006  0.000  0.008
   1.59142      5.880393  0.000  0.004  0.002  0.004
   1.61137      5.895360  0.002  0.004  0.004  0.008
   1.63133      5.917147  0.000  0.002  0.000  0.002
   1.65129      5.884406  0.000  0.002  0.000  0.002
   1.67125      5.852461  0.000  0.000  0.000  0.002
   1.69120      5.857618  0.000  0.004  0.000  0.004
   1.71116      5.878077  0.002  0.002  0.000  0.004
   1.73112      5.899063  0.002  0.000  0.000  0.004
   1.75108      5.909913  0.002  0.002  0.000  0.006
   1.77103      5.910656  0.002  0.004  0.002  0.008
   1.79099      5.910764  0.002  0.004  0.002  0.008
   1.81095      5.913732  0.000  0.002  0.004  0.008
   1.83091      5.916919  0.000  0.002  0.004  0.006
 
# Band-Index:  118
   1.83091      5.934826  0.004  0.002  0.002  0.008
   1.81095      5.941744  0.002  0.002  0.004  0.008
   1.79099      5.954931  0.002  0.002  0.004  0.008
   1.77103      5.968822  0.002  0.002  0.005  0.008
   1.75108      5.954837  0.000  0.008  0.002  0.010
   1.73112      5.943578  0.000  0.012  0.002  0.014
   1.71116      5.941519  0.000  0.012  0.002  0.016
   1.69120      5.939457  0.002  0.012  0.002  0.016
   1.67125      5.935629  0.002  0.010  0.002  0.014
   1.65129      5.930649  0.002  0.008  0.004  0.012
   1.63133      5.917345  0.002  0.006  0.004  0.011
   1.61137      5.944636  0.002  0.007  0.002  0.012
   1.59142      5.932144  0.002  0.006  0.002  0.010
   1.57146      5.920538  0.002  0.002  0.002  0.006
   1.55150      5.930662  0.002  0.002  0.002  0.006
   1.53154      5.954176  0.000  0.002  0.002  0.006
   1.51159      5.985001  0.000  0.002  0.002  0.006
   1.49163      5.985970  0.000  0.002  0.000  0.002
   1.47167      5.968565  0.000  0.002  0.000  0.002
   1.45171      5.965774  0.000  0.000  0.000  0.002
   1.45171      5.965774  0.000  0.000  0.000  0.002
   1.42349      5.969311  0.000  0.000  0.000  0.002
   1.39526      5.980157  0.000  0.001  0.000  0.002
   1.36704      6.003338  0.000  0.004  0.000  0.006
   1.33882      6.037387  0.000  0.006  0.002  0.009
   1.31059      6.065657  0.000  0.010  0.004  0.014
   1.28237      6.087231  0.000  0.010  0.005  0.016
   1.25414      6.104835  0.002  0.010  0.006  0.018
   1.22592      6.121715  0.002  0.010  0.006  0.017
   1.19769      6.141465  0.002  0.008  0.006  0.016
   1.16947      6.167110  0.002  0.006  0.006  0.014
   1.14125      6.200198  0.002  0.004  0.006  0.012
   1.11302      6.239823  0.002  0.004  0.006  0.010
   1.08480      6.281145  0.002  0.002  0.004  0.008
   1.05657      6.314471  0.000  0.002  0.004  0.006
   1.02835      6.328380  0.000  0.002  0.002  0.005
   1.00013      6.350010  0.000  0.002  0.002  0.004
   0.97190      6.343703  0.002  0.000  0.000  0.004
   0.94368      6.307456  0.002  0.002  0.000  0.006
   0.91545      6.299517  0.000  0.000  0.000  0.000
   0.91545      6.299517  0.000  0.000  0.000  0.000
   0.89550      6.301274  0.000  0.000  0.000  0.000
   0.87554      6.307796  0.000  0.000  0.000  0.002
   0.85558      6.321934  0.000  0.002  0.000  0.002
   0.83562      6.326298  0.004  0.008  0.002  0.014
   0.81567      6.309959  0.004  0.009  0.002  0.015
   0.79571      6.291191  0.004  0.010  0.002  0.016
   0.77575      6.271277  0.004  0.010  0.002  0.016
   0.75579      6.251056  0.004  0.010  0.002  0.015
   0.73584      6.231017  0.004  0.010  0.002  0.014
   0.71588      6.211431  0.002  0.010  0.002  0.014
   0.69592      6.192448  0.002  0.009  0.002  0.014
   0.67596      6.174135  0.002  0.009  0.002  0.014
   0.65600      6.156503  0.002  0.008  0.002  0.012
   0.63605      6.139544  0.002  0.008  0.002  0.012
   0.61609      6.123284  0.002  0.008  0.002  0.012
   0.59613      6.107847  0.002  0.006  0.002  0.010
   0.57617      6.093716  0.000  0.004  0.002  0.008
   0.55622      6.083111  0.000  0.002  0.004  0.005
   0.53626      6.081217  0.000  0.002  0.004  0.006
   0.53626      6.081217  0.000  0.002  0.004  0.006
   0.50804      6.069103  0.000  0.004  0.003  0.007
   0.47981      6.066178  0.000  0.002  0.003  0.006
   0.45159      6.059678  0.000  0.002  0.004  0.006
   0.42336      6.047756  0.000  0.002  0.004  0.006
   0.39514      6.031611  0.002  0.014  0.002  0.018
   0.36691      6.036782  0.002  0.010  0.004  0.016
   0.33869      6.041514  0.002  0.010  0.004  0.016
   0.31047      6.025614  0.000  0.006  0.002  0.008
   0.28224      6.010518  0.002  0.004  0.002  0.007
   0.25402      5.993488  0.000  0.004  0.006  0.010
   0.22579      5.982158  0.000  0.002  0.006  0.008
   0.19757      5.988407  0.002  0.000  0.006  0.008
   0.16935      5.974309  0.000  0.004  0.002  0.006
   0.14112      5.958305  0.000  0.006  0.002  0.006
   0.11290      5.947047  0.000  0.004  0.002  0.006
   0.08467      5.936410  0.000  0.004  0.002  0.006
   0.05645      5.928616  0.002  0.004  0.002  0.008
   0.02822      5.933314  0.004  0.004  0.002  0.008
   0.00000      5.934826  0.004  0.002  0.002  0.008
 
# Band-Index:  119
   0.00000      6.006320  0.000  0.004  0.002  0.006
   0.02822      6.000696  0.002  0.002  0.002  0.006
   0.05645      5.996218  0.002  0.000  0.002  0.004
   0.08467      5.996747  0.002  0.000  0.002  0.006
   0.11290      5.999452  0.004  0.000  0.002  0.006
   0.14112      6.001681  0.004  0.000  0.004  0.006
   0.16935      5.998826  0.004  0.000  0.004  0.008
   0.19757      5.998931  0.001  0.004  0.002  0.006
   0.22579      6.015667  0.002  0.004  0.002  0.008
   0.25402      6.017619  0.002  0.004  0.002  0.008
   0.28224      6.020574  0.000  0.006  0.006  0.013
   0.31047      6.038825  0.002  0.008  0.004  0.014
   0.33869      6.069676  0.000  0.004  0.002  0.006
   0.36691      6.120269  0.000  0.004  0.002  0.006
   0.39514      6.166067  0.000  0.004  0.002  0.006
   0.42336      6.188101  0.000  0.006  0.004  0.008
   0.45159      6.190557  0.000  0.004  0.004  0.008
   0.47981      6.188519  0.000  0.002  0.004  0.006
   0.50804      6.169667  0.004  0.014  0.004  0.022
   0.53626      6.156562  0.006  0.016  0.002  0.024
   0.53626      6.156562  0.006  0.016  0.002  0.024
   0.55622      6.160581  0.006  0.016  0.002  0.024
   0.57617      6.170235  0.006  0.016  0.002  0.024
   0.59613      6.182177  0.006  0.017  0.002  0.024
   0.61609      6.190205  0.000  0.002  0.004  0.006
   0.63605      6.192505  0.000  0.002  0.004  0.006
   0.65600      6.196102  0.000  0.002  0.004  0.006
   0.67596      6.201417  0.000  0.004  0.004  0.006
   0.69592      6.209175  0.000  0.004  0.004  0.006
   0.71588      6.221019  0.000  0.004  0.002  0.008
   0.73584      6.240486  0.000  0.004  0.002  0.008
   0.75579      6.269061  0.000  0.004  0.002  0.006
   0.77575      6.301040  0.000  0.002  0.002  0.004
   0.79571      6.332614  0.000  0.002  0.002  0.004
   0.81567      6.351543  0.000  0.004  0.002  0.004
   0.83562      6.340372  0.000  0.002  0.000  0.002
   0.85558      6.338591  0.004  0.008  0.002  0.012
   0.87554      6.345437  0.002  0.006  0.002  0.010
   0.89550      6.347036  0.002  0.006  0.002  0.008
   0.91545      6.346619  0.000  0.006  0.002  0.008
   0.91545      6.346619  0.000  0.006  0.002  0.008
   0.94368      6.355740  0.000  0.004  0.000  0.006
   0.97190      6.363429  0.000  0.004  0.002  0.004
   1.00013      6.366361  0.002  0.000  0.000  0.002
   1.02835      6.386826  0.000  0.002  0.002  0.004
   1.05657      6.405023  0.000  0.004  0.002  0.006
   1.08480      6.414220  0.000  0.006  0.004  0.010
   1.11302      6.411639  0.000  0.008  0.004  0.012
   1.14125      6.379602  0.000  0.002  0.002  0.004
   1.16947      6.329863  0.000  0.002  0.004  0.004
   1.19769      6.281125  0.000  0.002  0.004  0.006
   1.22592      6.233983  0.000  0.004  0.004  0.008
   1.25414      6.188578  0.000  0.006  0.004  0.010
   1.28237      6.147414  0.000  0.010  0.006  0.015
   1.31059      6.117060  0.000  0.012  0.006  0.018
   1.33882      6.101717  0.000  0.012  0.006  0.018
   1.36704      6.097646  0.000  0.010  0.006  0.016
   1.39526      6.099368  0.000  0.008  0.006  0.014
   1.42349      6.102327  0.000  0.008  0.004  0.012
   1.45171      6.103606  0.000  0.006  0.004  0.012
   1.45171      6.103606  0.000  0.006  0.004  0.012
   1.47167      6.063967  0.000  0.004  0.002  0.006
   1.49163      6.022146  0.000  0.002  0.002  0.006
   1.51159      6.004845  0.000  0.002  0.000  0.002
   1.53154      6.016308  0.000  0.002  0.000  0.002
   1.55150      6.015919  0.000  0.002  0.000  0.002
   1.57146      6.002456  0.000  0.002  0.000  0.002
   1.59142      5.978834  0.000  0.002  0.000  0.002
   1.61137      5.949317  0.000  0.002  0.000  0.002
   1.63133      5.951749  0.002  0.008  0.004  0.012
   1.65129      5.962739  0.002  0.006  0.006  0.014
   1.67125      5.979004  0.002  0.006  0.006  0.014
   1.69120      5.991115  0.000  0.004  0.006  0.012
   1.71116      5.994576  0.000  0.002  0.006  0.010
   1.73112      5.990297  0.000  0.002  0.006  0.008
   1.75108      5.981118  0.000  0.001  0.006  0.008
   1.77103      5.974412  0.000  0.004  0.002  0.008
   1.79099      5.991857  0.000  0.004  0.002  0.006
   1.81095      6.002743  0.000  0.004  0.002  0.006
   1.83091      6.006320  0.000  0.004  0.002  0.006
 
# Band-Index:  120
   1.83091      6.035474  0.000  0.000  0.002  0.002
   1.81095      6.037360  0.000  0.000  0.002  0.002
   1.79099      6.042937  0.000  0.000  0.002  0.002
   1.77103      6.051959  0.000  0.000  0.002  0.002
   1.75108      6.064012  0.000  0.000  0.002  0.002
   1.73112      6.078509  0.000  0.000  0.002  0.002
   1.71116      6.085884  0.002  0.012  0.002  0.016
   1.69120      6.083673  0.002  0.008  0.002  0.012
   1.67125      6.085670  0.000  0.006  0.002  0.008
   1.65129      6.087069  0.000  0.004  0.004  0.008
   1.63133      6.085309  0.000  0.004  0.004  0.008
   1.61137      6.082481  0.000  0.002  0.006  0.008
   1.59142      6.082838  0.000  0.002  0.006  0.009
   1.57146      6.089511  0.000  0.004  0.006  0.010
   1.55150      6.102346  0.000  0.004  0.006  0.012
   1.53154      6.118277  0.000  0.006  0.006  0.014
   1.51159      6.133297  0.000  0.009  0.008  0.018
   1.49163      6.144404  0.000  0.011  0.010  0.020
   1.47167      6.143098  0.000  0.008  0.008  0.016
   1.45171      6.112125  0.000  0.002  0.003  0.005
   1.45171      6.112125  0.000  0.002  0.003  0.005
   1.42349      6.113673  0.000  0.002  0.003  0.005
   1.39526      6.116829  0.000  0.002  0.004  0.007
   1.36704      6.119151  0.000  0.004  0.006  0.010
   1.33882      6.127143  0.000  0.002  0.006  0.008
   1.31059      6.147229  0.000  0.002  0.004  0.006
   1.28237      6.178557  0.000  0.002  0.004  0.004
   1.25414      6.217748  0.000  0.002  0.002  0.006
   1.22592      6.262863  0.000  0.004  0.004  0.008
   1.19769      6.309423  0.000  0.006  0.004  0.008
   1.16947      6.353071  0.000  0.006  0.004  0.010
   1.14125      6.390361  0.000  0.007  0.004  0.012
   1.11302      6.427851  0.000  0.002  0.002  0.004
   1.08480      6.468633  0.000  0.004  0.002  0.008
   1.05657      6.491769  0.002  0.008  0.002  0.012
   1.02835      6.496815  0.002  0.010  0.002  0.014
   1.00013      6.489479  0.000  0.006  0.002  0.008
   0.97190      6.469183  0.000  0.002  0.000  0.002
   0.94368      6.459766  0.000  0.002  0.000  0.002
   0.91545      6.459663  0.000  0.002  0.000  0.002
   0.91545      6.459663  0.000  0.002  0.000  0.002
   0.89550      6.462148  0.000  0.002  0.000  0.002
   0.87554      6.450056  0.000  0.002  0.000  0.002
   0.85558      6.425459  0.000  0.002  0.000  0.002
   0.83562      6.399364  0.000  0.002  0.002  0.002
   0.81567      6.375241  0.000  0.000  0.002  0.002
   0.79571      6.348722  0.000  0.000  0.000  0.002
   0.77575      6.317652  0.000  0.002  0.002  0.002
   0.75579      6.301041  0.000  0.000  0.002  0.002
   0.73584      6.304395  0.006  0.016  0.002  0.026
   0.71588      6.279749  0.006  0.016  0.002  0.026
   0.69592      6.257982  0.006  0.016  0.002  0.025
   0.67596      6.239120  0.006  0.018  0.002  0.025
   0.65600      6.222787  0.006  0.018  0.002  0.024
   0.63605      6.208301  0.006  0.018  0.002  0.024
   0.61609      6.194923  0.006  0.018  0.002  0.024
   0.59613      6.188874  0.000  0.002  0.004  0.006
   0.57617      6.188208  0.000  0.002  0.004  0.006
   0.55622      6.187940  0.000  0.002  0.004  0.004
   0.53626      6.187873  0.000  0.000  0.004  0.004
   0.53626      6.187873  0.000  0.000  0.004  0.004
   0.50804      6.188153  0.000  0.002  0.004  0.006
   0.47981      6.197890  0.004  0.012  0.002  0.018
   0.45159      6.223083  0.004  0.008  0.004  0.014
   0.42336      6.230990  0.002  0.006  0.002  0.010
   0.39514      6.220288  0.000  0.008  0.002  0.010
   0.36691      6.210665  0.000  0.008  0.004  0.012
   0.33869      6.199030  0.000  0.008  0.004  0.012
   0.31047      6.147203  0.002  0.002  0.002  0.006
   0.28224      6.103924  0.002  0.002  0.002  0.006
   0.25402      6.078968  0.002  0.002  0.002  0.008
   0.22579      6.062378  0.002  0.002  0.002  0.006
   0.19757      6.050653  0.002  0.002  0.002  0.006
   0.16935      6.049574  0.000  0.004  0.002  0.006
   0.14112      6.065023  0.000  0.006  0.002  0.008
   0.11290      6.086396  0.000  0.008  0.002  0.010
   0.08467      6.092329  0.000  0.006  0.002  0.008
   0.05645      6.072174  0.000  0.002  0.002  0.004
   0.02822      6.048216  0.000  0.002  0.002  0.004
   0.00000      6.035474  0.000  0.000  0.002  0.002
 
# Band-Index:  121
   0.00000      6.140161  0.000  0.018  0.004  0.020
   0.02822      6.139682  0.000  0.016  0.004  0.020
   0.05645      6.137592  0.000  0.014  0.003  0.018
   0.08467      6.137138  0.000  0.008  0.002  0.010
   0.11290      6.133039  0.000  0.006  0.002  0.008
   0.14112      6.090646  0.000  0.004  0.002  0.006
   0.16935      6.062805  0.000  0.002  0.002  0.004
   0.19757      6.063683  0.000  0.000  0.000  0.002
   0.22579      6.088450  0.000  0.000  0.000  0.000
   0.25402      6.122896  0.000  0.002  0.002  0.004
   0.28224      6.155335  0.000  0.004  0.002  0.006
   0.31047      6.181067  0.000  0.006  0.004  0.010
   0.33869      6.200901  0.000  0.004  0.002  0.008
   0.36691      6.248233  0.000  0.004  0.002  0.008
   0.39514      6.280344  0.000  0.004  0.004  0.008
   0.42336      6.299495  0.000  0.004  0.004  0.010
   0.45159      6.312132  0.000  0.004  0.006  0.010
   0.47981      6.322809  0.002  0.006  0.006  0.012
   0.50804      6.330280  0.000  0.008  0.004  0.012
   0.53626      6.327164  0.000  0.008  0.000  0.008
   0.53626      6.327164  0.000  0.008  0.000  0.008
   0.55622      6.328628  0.000  0.008  0.000  0.008
   0.57617      6.332853  0.000  0.008  0.000  0.008
   0.59613      6.339316  0.000  0.006  0.002  0.008
   0.61609      6.344996  0.002  0.004  0.006  0.014
   0.63605      6.347752  0.002  0.006  0.006  0.014
   0.65600      6.352939  0.002  0.006  0.006  0.014
   0.67596      6.354474  0.000  0.002  0.004  0.004
   0.69592      6.342708  0.000  0.000  0.004  0.004
   0.71588      6.325798  0.000  0.000  0.004  0.004
   0.73584      6.308607  0.000  0.000  0.002  0.004
   0.75579      6.331535  0.006  0.016  0.002  0.026
   0.77575      6.360545  0.006  0.016  0.002  0.026
   0.79571      6.390673  0.008  0.016  0.002  0.026
   0.81567      6.403190  0.000  0.000  0.002  0.002
   0.83562      6.441246  0.000  0.000  0.002  0.002
   0.85558      6.478674  0.008  0.012  0.004  0.024
   0.87554      6.484836  0.000  0.002  0.000  0.002
   0.89550      6.478327  0.000  0.002  0.000  0.002
   0.91545      6.481924  0.000  0.002  0.000  0.002
   0.91545      6.481924  0.000  0.002  0.000  0.002
   0.94368      6.481366  0.000  0.002  0.000  0.002
   0.97190      6.487163  0.000  0.002  0.000  0.002
   1.00013      6.510176  0.000  0.002  0.000  0.002
   1.02835      6.533012  0.000  0.000  0.002  0.002
   1.05657      6.533815  0.000  0.002  0.002  0.002
   1.08480      6.524419  0.000  0.004  0.002  0.006
   1.11302      6.481053  0.000  0.004  0.002  0.006
   1.14125      6.426393  0.000  0.002  0.002  0.006
   1.16947      6.370768  0.000  0.002  0.004  0.005
   1.19769      6.317286  0.000  0.000  0.002  0.004
   1.22592      6.271335  0.000  0.002  0.002  0.004
   1.25414      6.233796  0.000  0.002  0.002  0.004
   1.28237      6.203095  0.000  0.002  0.002  0.004
   1.31059      6.178490  0.000  0.002  0.002  0.004
   1.33882      6.158678  0.000  0.002  0.002  0.004
   1.36704      6.144413  0.000  0.004  0.002  0.006
   1.39526      6.140264  0.000  0.006  0.003  0.010
   1.42349      6.149545  0.000  0.009  0.004  0.014
   1.45171      6.164021  0.000  0.016  0.009  0.024
   1.45171      6.164021  0.000  0.016  0.009  0.024
   1.47167      6.167273  0.000  0.013  0.006  0.020
   1.49163      6.185447  0.000  0.014  0.008  0.024
   1.51159      6.191803  0.000  0.016  0.010  0.028
   1.53154      6.187757  0.000  0.002  0.000  0.002
   1.55150      6.175376  0.000  0.000  0.000  0.002
   1.57146      6.168618  0.000  0.000  0.000  0.002
   1.59142      6.165038  0.000  0.000  0.000  0.000
   1.61137      6.160447  0.000  0.006  0.004  0.010
   1.63133      6.153339  0.000  0.000  0.002  0.002
   1.65129      6.142120  0.000  0.000  0.002  0.002
   1.67125      6.127751  0.000  0.000  0.002  0.002
   1.69120      6.111481  0.000  0.000  0.002  0.002
   1.71116      6.094663  0.000  0.000  0.002  0.002
   1.73112      6.092551  0.000  0.016  0.002  0.018
   1.75108      6.100744  0.000  0.016  0.002  0.020
   1.77103      6.109378  0.000  0.018  0.002  0.020
   1.79099      6.119333  0.000  0.016  0.002  0.018
   1.81095      6.131007  0.000  0.016  0.002  0.018
   1.83091      6.140161  0.000  0.018  0.004  0.020
 
# Band-Index:  122
   1.83091      6.148854  0.000  0.006  0.000  0.007
   1.81095      6.156607  0.000  0.008  0.002  0.010
   1.79099      6.164658  0.000  0.008  0.002  0.010
   1.77103      6.169442  0.000  0.008  0.004  0.010
   1.75108      6.170753  0.000  0.008  0.004  0.012
   1.73112      6.168562  0.000  0.008  0.004  0.014
   1.71116      6.163433  0.000  0.009  0.004  0.014
   1.69120      6.157397  0.000  0.008  0.004  0.014
   1.67125      6.153224  0.002  0.008  0.004  0.012
   1.65129      6.152463  0.002  0.006  0.004  0.010
   1.63133      6.154953  0.000  0.006  0.004  0.010
   1.61137      6.160765  0.000  0.000  0.000  0.002
   1.59142      6.168381  0.000  0.006  0.006  0.012
   1.57146      6.176806  0.000  0.008  0.008  0.016
   1.55150      6.183945  0.000  0.012  0.010  0.022
   1.53154      6.189417  0.000  0.014  0.010  0.026
   1.51159      6.201573  0.000  0.002  0.000  0.002
   1.49163      6.191948  0.000  0.002  0.000  0.002
   1.47167      6.176394  0.000  0.002  0.000  0.002
   1.45171      6.170151  0.000  0.002  0.000  0.002
   1.45171      6.170151  0.000  0.002  0.000  0.002
   1.42349      6.187763  0.000  0.008  0.004  0.012
   1.39526      6.206798  0.002  0.008  0.006  0.015
   1.36704      6.210065  0.002  0.006  0.004  0.012
   1.33882      6.221532  0.002  0.006  0.004  0.010
   1.31059      6.241179  0.002  0.004  0.003  0.008
   1.28237      6.268256  0.002  0.004  0.002  0.008
   1.25414      6.301571  0.002  0.002  0.002  0.006
   1.22592      6.339996  0.002  0.000  0.002  0.004
   1.19769      6.382613  0.002  0.000  0.002  0.004
   1.16947      6.428176  0.002  0.000  0.002  0.004
   1.14125      6.474769  0.002  0.002  0.000  0.004
   1.11302      6.512149  0.002  0.004  0.002  0.006
   1.08480      6.527827  0.000  0.004  0.002  0.006
   1.05657      6.549555  0.000  0.002  0.000  0.002
   1.02835      6.541734  0.000  0.000  0.000  0.000
   1.00013      6.518049  0.004  0.005  0.002  0.012
   0.97190      6.517722  0.008  0.010  0.004  0.020
   0.94368      6.523778  0.008  0.008  0.004  0.021
   0.91545      6.525665  0.008  0.008  0.004  0.020
   0.91545      6.525665  0.008  0.008  0.004  0.020
   0.89550      6.519417  0.008  0.010  0.004  0.022
   0.87554      6.502540  0.008  0.010  0.004  0.022
   0.85558      6.482416  0.000  0.000  0.002  0.002
   0.83562      6.450862  0.008  0.014  0.004  0.024
   0.81567      6.421097  0.008  0.014  0.004  0.026
   0.79571      6.397039  0.000  0.000  0.002  0.002
   0.77575      6.412046  0.000  0.000  0.002  0.002
   0.75579      6.431507  0.000  0.000  0.002  0.002
   0.73584      6.410080  0.002  0.006  0.004  0.013
   0.71588      6.389681  0.002  0.006  0.004  0.014
   0.69592      6.373454  0.002  0.006  0.004  0.014
   0.67596      6.361316  0.002  0.006  0.004  0.014
   0.65600      6.358034  0.000  0.002  0.002  0.006
   0.63605      6.354299  0.000  0.004  0.002  0.006
   0.61609      6.347045  0.000  0.006  0.002  0.008
   0.59613      6.343852  0.002  0.004  0.006  0.014
   0.57617      6.343582  0.002  0.004  0.008  0.014
   0.55622      6.343638  0.002  0.004  0.008  0.014
   0.53626      6.343692  0.002  0.004  0.008  0.014
   0.53626      6.343692  0.002  0.004  0.008  0.014
   0.50804      6.346598  0.002  0.004  0.006  0.010
   0.47981      6.369115  0.000  0.006  0.004  0.010
   0.45159      6.397239  0.000  0.006  0.004  0.010
   0.42336      6.365724  0.004  0.004  0.002  0.010
   0.39514      6.359000  0.004  0.002  0.004  0.012
   0.36691      6.365772  0.004  0.000  0.006  0.010
   0.33869      6.357134  0.002  0.002  0.004  0.008
   0.31047      6.313212  0.002  0.002  0.002  0.006
   0.28224      6.265216  0.002  0.002  0.002  0.006
   0.25402      6.230669  0.002  0.002  0.002  0.006
   0.22579      6.212229  0.002  0.004  0.002  0.006
   0.19757      6.206687  0.000  0.004  0.002  0.006
   0.16935      6.202376  0.000  0.002  0.002  0.006
   0.14112      6.183898  0.000  0.002  0.002  0.004
   0.11290      6.155824  0.000  0.002  0.002  0.004
   0.08467      6.156675  0.000  0.006  0.000  0.008
   0.05645      6.156699  0.000  0.006  0.000  0.008
   0.02822      6.151288  0.000  0.006  0.000  0.008
   0.00000      6.148854  0.000  0.006  0.000  0.007
 
# Band-Index:  123
   0.00000      6.327950  0.003  0.004  0.010  0.016
   0.02822      6.319617  0.002  0.004  0.008  0.014
   0.05645      6.298960  0.002  0.004  0.006  0.012
   0.08467      6.267677  0.000  0.000  0.004  0.006
   0.11290      6.250941  0.000  0.002  0.002  0.004
   0.14112      6.255628  0.000  0.002  0.002  0.004
   0.16935      6.260441  0.000  0.011  0.002  0.012
   0.19757      6.274895  0.000  0.010  0.002  0.012
   0.22579      6.292610  0.000  0.008  0.002  0.010
   0.25402      6.309789  0.000  0.008  0.002  0.010
   0.28224      6.325726  0.000  0.008  0.002  0.008
   0.31047      6.341618  0.000  0.006  0.002  0.008
   0.33869      6.369483  0.002  0.000  0.006  0.008
   0.36691      6.384301  0.002  0.004  0.004  0.010
   0.39514      6.415579  0.002  0.006  0.004  0.012
   0.42336      6.420169  0.000  0.008  0.004  0.012
   0.45159      6.405476  0.002  0.004  0.000  0.008
   0.47981      6.465691  0.000  0.004  0.000  0.004
   0.50804      6.490881  0.000  0.002  0.004  0.006
   0.53626      6.483551  0.000  0.002  0.006  0.006
   0.53626      6.483551  0.000  0.002  0.006  0.006
   0.55622      6.481924  0.000  0.002  0.006  0.006
   0.57617      6.477165  0.000  0.002  0.004  0.008
   0.59613      6.469682  0.000  0.002  0.004  0.008
   0.61609      6.460285  0.000  0.002  0.004  0.008
   0.63605      6.450540  0.000  0.004  0.004  0.008
   0.65600      6.443322  0.000  0.004  0.004  0.008
   0.67596      6.442247  0.000  0.006  0.002  0.008
   0.69592      6.448037  0.000  0.006  0.002  0.008
   0.71588      6.456617  0.000  0.006  0.002  0.007
   0.73584      6.452156  0.000  0.002  0.002  0.004
   0.75579      6.434482  0.004  0.006  0.004  0.012
   0.77575      6.462450  0.004  0.006  0.004  0.012
   0.79571      6.493228  0.004  0.006  0.004  0.013
   0.81567      6.517310  0.000  0.002  0.002  0.002
   0.83562      6.514071  0.000  0.002  0.000  0.002
   0.85558      6.505847  0.000  0.002  0.000  0.002
   0.87554      6.529811  0.000  0.000  0.002  0.002
   0.89550      6.560523  0.000  0.000  0.002  0.002
   0.91545      6.573078  0.000  0.000  0.002  0.002
   0.91545      6.573078  0.000  0.000  0.002  0.002
   0.94368      6.572806  0.000  0.000  0.002  0.002
   0.97190      6.572035  0.000  0.000  0.002  0.002
   1.00013      6.571352  0.000  0.000  0.002  0.004
   1.02835      6.575830  0.000  0.000  0.002  0.004
   1.05657      6.582746  0.002  0.006  0.004  0.014
   1.08480      6.554227  0.000  0.002  0.002  0.004
   1.11302      6.535696  0.000  0.000  0.001  0.002
   1.14125      6.501682  0.000  0.000  0.002  0.002
   1.16947      6.460105  0.000  0.000  0.002  0.003
   1.19769      6.418359  0.000  0.001  0.002  0.004
   1.22592      6.376548  0.000  0.002  0.002  0.004
   1.25414      6.336311  0.000  0.002  0.003  0.005
   1.28237      6.300277  0.000  0.004  0.004  0.007
   1.31059      6.270910  0.000  0.005  0.004  0.010
   1.33882      6.248060  0.000  0.006  0.004  0.012
   1.36704      6.228335  0.000  0.008  0.004  0.012
   1.39526      6.208479  0.000  0.008  0.004  0.013
   1.42349      6.209994  0.002  0.010  0.008  0.018
   1.45171      6.213298  0.000  0.012  0.008  0.022
   1.45171      6.213298  0.000  0.012  0.008  0.022
   1.47167      6.217933  0.000  0.010  0.008  0.018
   1.49163      6.226383  0.000  0.002  0.000  0.002
   1.51159      6.220929  0.000  0.002  0.000  0.002
   1.53154      6.239916  0.000  0.000  0.000  0.002
   1.55150      6.256065  0.002  0.008  0.008  0.018
   1.57146      6.258274  0.002  0.010  0.008  0.020
   1.59142      6.264489  0.002  0.012  0.010  0.022
   1.61137      6.275209  0.002  0.012  0.010  0.024
   1.63133      6.288357  0.002  0.014  0.010  0.026
   1.65129      6.276291  0.002  0.004  0.000  0.008
   1.67125      6.267929  0.002  0.004  0.002  0.008
   1.69120      6.269435  0.002  0.002  0.002  0.008
   1.71116      6.276483  0.002  0.000  0.002  0.006
   1.73112      6.284127  0.002  0.000  0.004  0.008
   1.75108      6.292802  0.002  0.002  0.006  0.010
   1.77103      6.303467  0.002  0.004  0.008  0.014
   1.79099      6.314808  0.002  0.004  0.008  0.016
   1.81095      6.324149  0.002  0.004  0.010  0.016
   1.83091      6.327950  0.003  0.004  0.010  0.016
 
# Band-Index:  124
   1.83091      6.359759  0.000  0.000  0.004  0.004
   1.81095      6.356872  0.000  0.000  0.002  0.002
   1.79099      6.351206  0.000  0.000  0.002  0.002
   1.77103      6.345036  0.000  0.000  0.002  0.002
   1.75108      6.338902  0.000  0.000  0.002  0.002
   1.73112      6.331283  0.004  0.012  0.008  0.024
   1.71116      6.314786  0.004  0.012  0.008  0.026
   1.69120      6.307595  0.004  0.013  0.008  0.024
   1.67125      6.304714  0.002  0.013  0.008  0.024
   1.65129      6.299374  0.002  0.013  0.010  0.024
   1.63133      6.292308  0.002  0.004  0.002  0.006
   1.61137      6.299431  0.000  0.000  0.002  0.002
   1.59142      6.290218  0.000  0.000  0.002  0.002
   1.57146      6.277225  0.000  0.000  0.002  0.002
   1.55150      6.260137  0.000  0.000  0.002  0.002
   1.53154      6.256069  0.002  0.006  0.006  0.014
   1.51159      6.253014  0.000  0.004  0.004  0.010
   1.49163      6.234814  0.000  0.004  0.004  0.010
   1.47167      6.238279  0.000  0.002  0.000  0.004
   1.45171      6.242885  0.000  0.004  0.000  0.004
   1.45171      6.242885  0.000  0.004  0.000  0.004
   1.42349      6.247383  0.000  0.004  0.002  0.004
   1.39526      6.255860  0.000  0.004  0.002  0.006
   1.36704      6.265290  0.000  0.002  0.004  0.006
   1.33882      6.276120  0.000  0.002  0.004  0.006
   1.31059      6.289628  0.000  0.002  0.004  0.006
   1.28237      6.308791  0.000  0.002  0.004  0.006
   1.25414      6.338043  0.000  0.004  0.003  0.007
   1.22592      6.379598  0.000  0.004  0.002  0.008
   1.19769      6.430588  0.000  0.004  0.002  0.008
   1.16947      6.482674  0.000  0.004  0.002  0.008
   1.14125      6.515643  0.000  0.002  0.002  0.004
   1.11302      6.537179  0.000  0.000  0.001  0.002
   1.08480      6.581903  0.000  0.002  0.000  0.002
   1.05657      6.599211  0.000  0.000  0.002  0.004
   1.02835      6.610294  0.006  0.010  0.006  0.020
   1.00013      6.627738  0.008  0.008  0.006  0.022
   0.97190      6.628078  0.008  0.008  0.006  0.022
   0.94368      6.617895  0.010  0.006  0.008  0.024
   0.91545      6.611766  0.010  0.006  0.008  0.024
   0.91545      6.611766  0.010  0.006  0.008  0.024
   0.89550      6.610899  0.010  0.006  0.008  0.022
   0.87554      6.604302  0.008  0.006  0.006  0.020
   0.85558      6.585792  0.006  0.006  0.006  0.016
   0.83562      6.557664  0.004  0.006  0.004  0.014
   0.81567      6.525622  0.004  0.006  0.004  0.014
   0.79571      6.512854  0.000  0.002  0.002  0.004
   0.77575      6.503117  0.000  0.002  0.002  0.004
   0.75579      6.491247  0.000  0.004  0.002  0.006
   0.73584      6.481405  0.000  0.002  0.002  0.006
   0.71588      6.491864  0.000  0.000  0.004  0.004
   0.69592      6.520146  0.000  0.000  0.004  0.004
   0.67596      6.551683  0.000  0.000  0.004  0.004
   0.65600      6.583219  0.000  0.000  0.004  0.004
   0.63605      6.582430  0.000  0.004  0.002  0.006
   0.61609      6.572783  0.000  0.004  0.002  0.006
   0.59613      6.565001  0.000  0.004  0.002  0.006
   0.57617      6.559219  0.000  0.004  0.002  0.006
   0.55622      6.555630  0.000  0.004  0.002  0.006
   0.53626      6.554410  0.000  0.004  0.002  0.006
   0.53626      6.554410  0.000  0.004  0.002  0.006
   0.50804      6.525193  0.000  0.004  0.002  0.004
   0.47981      6.500830  0.000  0.002  0.004  0.006
   0.45159      6.494676  0.000  0.002  0.002  0.006
   0.42336      6.471049  0.002  0.002  0.002  0.006
   0.39514      6.452466  0.002  0.002  0.002  0.006
   0.36691      6.425169  0.002  0.002  0.000  0.004
   0.33869      6.372589  0.002  0.004  0.000  0.004
   0.31047      6.367946  0.002  0.000  0.006  0.009
   0.28224      6.364761  0.002  0.002  0.006  0.010
   0.25402      6.352483  0.002  0.002  0.004  0.006
   0.22579      6.316163  0.000  0.002  0.002  0.004
   0.19757      6.288540  0.000  0.002  0.000  0.004
   0.16935      6.269333  0.000  0.002  0.000  0.004
   0.14112      6.256947  0.000  0.012  0.002  0.014
   0.11290      6.262918  0.002  0.010  0.002  0.014
   0.08467      6.277219  0.002  0.006  0.004  0.012
   0.05645      6.301580  0.000  0.000  0.006  0.006
   0.02822      6.337217  0.000  0.000  0.004  0.006
   0.00000      6.359759  0.000  0.000  0.004  0.004
 
# Band-Index:  125
   0.00000      6.375881  0.000  0.000  0.000  0.002
   0.02822      6.377942  0.000  0.002  0.002  0.004
   0.05645      6.384022  0.000  0.002  0.004  0.008
   0.08467      6.382908  0.004  0.000  0.004  0.008
   0.11290      6.355511  0.003  0.000  0.006  0.010
   0.14112      6.336581  0.002  0.000  0.008  0.010
   0.16935      6.330736  0.002  0.000  0.008  0.012
   0.19757      6.337440  0.002  0.002  0.008  0.012
   0.22579      6.352574  0.004  0.004  0.006  0.014
   0.25402      6.365176  0.002  0.004  0.006  0.010
   0.28224      6.401237  0.000  0.000  0.004  0.006
   0.31047      6.451656  0.000  0.002  0.006  0.008
   0.33869      6.505779  0.000  0.002  0.006  0.008
   0.36691      6.532113  0.002  0.004  0.006  0.010
   0.39514      6.540442  0.002  0.004  0.004  0.010
   0.42336      6.573467  0.002  0.006  0.002  0.010
   0.45159      6.601825  0.002  0.008  0.002  0.012
   0.47981      6.616184  0.002  0.002  0.006  0.008
   0.50804      6.637573  0.000  0.002  0.002  0.004
   0.53626      6.643970  0.000  0.000  0.002  0.002
   0.53626      6.643970  0.000  0.000  0.002  0.002
   0.55622      6.643767  0.000  0.000  0.002  0.002
   0.57617      6.643088  0.000  0.000  0.002  0.002
   0.59613      6.641374  0.000  0.000  0.002  0.002
   0.61609      6.633886  0.000  0.000  0.002  0.002
   0.63605      6.612220  0.000  0.000  0.002  0.004
   0.65600      6.593859  0.000  0.004  0.002  0.006
   0.67596      6.606983  0.000  0.002  0.002  0.006
   0.69592      6.621623  0.000  0.002  0.002  0.006
   0.71588      6.637419  0.000  0.002  0.002  0.004
   0.73584      6.636291  0.000  0.002  0.002  0.004
   0.75579      6.633226  0.000  0.002  0.002  0.004
   0.77575      6.630203  0.000  0.002  0.002  0.004
   0.79571      6.628524  0.000  0.002  0.002  0.004
   0.81567      6.629963  0.000  0.002  0.002  0.002
   0.83562      6.635588  0.000  0.000  0.002  0.002
   0.85558      6.644796  0.000  0.000  0.002  0.002
   0.87554      6.655148  0.000  0.000  0.000  0.002
   0.89550      6.661908  0.000  0.000  0.001  0.002
   0.91545      6.663324  0.000  0.000  0.002  0.002
   0.91545      6.663324  0.000  0.000  0.002  0.002
   0.94368      6.653034  0.000  0.000  0.002  0.002
   0.97190      6.648571  0.000  0.000  0.002  0.002
   1.00013      6.651543  0.000  0.000  0.002  0.002
   1.02835      6.662250  0.002  0.000  0.002  0.004
   1.05657      6.629715  0.000  0.000  0.000  0.002
   1.08480      6.588595  0.000  0.000  0.000  0.002
   1.11302      6.544744  0.000  0.000  0.000  0.002
   1.14125      6.527860  0.000  0.002  0.000  0.002
   1.16947      6.528272  0.000  0.002  0.002  0.004
   1.19769      6.530293  0.000  0.002  0.002  0.004
   1.22592      6.526905  0.000  0.002  0.002  0.004
   1.25414      6.498645  0.002  0.006  0.002  0.010
   1.28237      6.455871  0.002  0.006  0.002  0.010
   1.31059      6.418213  0.002  0.008  0.004  0.012
   1.33882      6.385205  0.002  0.008  0.004  0.014
   1.36704      6.356857  0.002  0.009  0.004  0.014
   1.39526      6.333923  0.002  0.009  0.004  0.014
   1.42349      6.318327  0.002  0.008  0.004  0.014
   1.45171      6.312712  0.002  0.008  0.004  0.014
   1.45171      6.312712  0.002  0.008  0.004  0.014
   1.47167      6.309088  0.002  0.008  0.004  0.014
   1.49163      6.303980  0.002  0.008  0.004  0.014
   1.51159      6.316207  0.002  0.006  0.002  0.012
   1.53154      6.352615  0.002  0.006  0.002  0.012
   1.55150      6.339251  0.002  0.014  0.004  0.020
   1.57146      6.323176  0.002  0.014  0.004  0.020
   1.59142      6.313933  0.002  0.012  0.003  0.016
   1.61137      6.306033  0.002  0.008  0.002  0.010
   1.63133      6.306058  0.000  0.000  0.002  0.002
   1.65129      6.311451  0.000  0.002  0.002  0.002
   1.67125      6.316542  0.000  0.002  0.002  0.002
   1.69120      6.321758  0.000  0.002  0.002  0.002
   1.71116      6.327225  0.000  0.002  0.002  0.002
   1.73112      6.332949  0.000  0.000  0.002  0.002
   1.75108      6.353847  0.006  0.008  0.008  0.022
   1.77103      6.375031  0.006  0.006  0.008  0.020
   1.79099      6.385840  0.000  0.000  0.002  0.002
   1.81095      6.379125  0.000  0.000  0.001  0.002
   1.83091      6.375881  0.000  0.000  0.000  0.002
 
# Band-Index:  126
   1.83091      6.391887  0.004  0.002  0.008  0.014
   1.81095      6.391875  0.006  0.002  0.008  0.014
   1.79099      6.388089  0.006  0.003  0.008  0.016
   1.77103      6.393689  0.000  0.000  0.002  0.002
   1.75108      6.402040  0.000  0.000  0.002  0.002
   1.73112      6.410642  0.000  0.000  0.002  0.002
   1.71116      6.419326  0.000  0.000  0.002  0.002
   1.69120      6.412958  0.002  0.016  0.008  0.026
   1.67125      6.382980  0.002  0.018  0.008  0.028
   1.65129      6.361604  0.002  0.019  0.008  0.029
   1.63133      6.354150  0.003  0.021  0.006  0.030
   1.61137      6.364634  0.004  0.020  0.006  0.028
   1.59142      6.389275  0.004  0.017  0.004  0.024
   1.57146      6.416972  0.004  0.014  0.004  0.022
   1.55150      6.399673  0.000  0.004  0.002  0.006
   1.53154      6.365060  0.002  0.012  0.002  0.014
   1.51159      6.390562  0.002  0.014  0.004  0.020
   1.49163      6.407463  0.004  0.014  0.004  0.023
   1.47167      6.407620  0.004  0.014  0.004  0.024
   1.45171      6.405561  0.006  0.014  0.004  0.024
   1.45171      6.405561  0.006  0.014  0.004  0.024
   1.42349      6.406478  0.005  0.014  0.004  0.024
   1.39526      6.409962  0.004  0.014  0.004  0.023
   1.36704      6.417722  0.004  0.012  0.004  0.022
   1.33882      6.431529  0.004  0.010  0.004  0.019
   1.31059      6.452268  0.004  0.008  0.004  0.016
   1.28237      6.479088  0.003  0.006  0.004  0.012
   1.25414      6.507981  0.002  0.002  0.004  0.008
   1.22592      6.537677  0.000  0.004  0.002  0.006
   1.19769      6.540256  0.000  0.000  0.002  0.002
   1.16947      6.543924  0.000  0.000  0.002  0.002
   1.14125      6.570765  0.000  0.002  0.002  0.004
   1.11302      6.618394  0.000  0.002  0.002  0.004
   1.08480      6.615831  0.000  0.000  0.002  0.004
   1.05657      6.631959  0.001  0.002  0.000  0.004
   1.02835      6.667001  0.000  0.002  0.002  0.003
   1.00013      6.708198  0.000  0.006  0.002  0.009
   0.97190      6.742088  0.001  0.011  0.002  0.014
   0.94368      6.718756  0.004  0.002  0.004  0.010
   0.91545      6.696257  0.004  0.000  0.006  0.010
   0.91545      6.696257  0.004  0.000  0.006  0.010
   0.89550      6.691245  0.004  0.002  0.004  0.009
   0.87554      6.683972  0.002  0.002  0.004  0.008
   0.85558      6.684614  0.002  0.002  0.002  0.006
   0.83562      6.691210  0.002  0.002  0.002  0.004
   0.81567      6.695656  0.000  0.002  0.002  0.004
   0.79571      6.692978  0.000  0.002  0.002  0.004
   0.77575      6.683457  0.000  0.002  0.002  0.004
   0.75579      6.669620  0.000  0.002  0.002  0.004
   0.73584      6.653751  0.000  0.002  0.002  0.004
   0.71588      6.638816  0.000  0.002  0.002  0.004
   0.69592      6.640720  0.000  0.002  0.002  0.002
   0.67596      6.642153  0.000  0.002  0.002  0.002
   0.65600      6.643371  0.000  0.002  0.002  0.002
   0.63605      6.644823  0.000  0.000  0.002  0.002
   0.61609      6.648327  0.000  0.001  0.002  0.004
   0.59613      6.655658  0.000  0.000  0.002  0.002
   0.57617      6.657328  0.000  0.000  0.002  0.002
   0.55622      6.655920  0.000  0.000  0.000  0.002
   0.53626      6.655166  0.000  0.000  0.000  0.002
   0.53626      6.655166  0.000  0.000  0.000  0.002
   0.50804      6.639210  0.002  0.002  0.004  0.006
   0.47981      6.622180  0.002  0.006  0.002  0.010
   0.45159      6.602578  0.002  0.000  0.004  0.006
   0.42336      6.598945  0.000  0.000  0.004  0.004
   0.39514      6.591720  0.000  0.002  0.002  0.004
   0.36691      6.558076  0.000  0.002  0.004  0.008
   0.33869      6.541696  0.000  0.004  0.000  0.004
   0.31047      6.491600  0.000  0.004  0.002  0.006
   0.28224      6.444607  0.000  0.004  0.004  0.008
   0.25402      6.409700  0.000  0.002  0.006  0.008
   0.22579      6.402078  0.000  0.004  0.006  0.010
   0.19757      6.399947  0.002  0.002  0.004  0.008
   0.16935      6.371426  0.002  0.002  0.006  0.008
   0.14112      6.366908  0.002  0.002  0.006  0.010
   0.11290      6.379067  0.002  0.002  0.008  0.012
   0.08467      6.387693  0.002  0.002  0.006  0.010
   0.05645      6.404644  0.004  0.002  0.004  0.010
   0.02822      6.404388  0.004  0.002  0.006  0.010
   0.00000      6.391887  0.004  0.002  0.008  0.014
 
# Band-Index:  127
   0.00000      6.518400  0.000  0.000  0.000  0.000
   0.02822      6.519706  0.000  0.000  0.002  0.002
   0.05645      6.526506  0.002  0.010  0.002  0.014
   0.08467      6.500743  0.002  0.006  0.002  0.008
   0.11290      6.491596  0.000  0.004  0.002  0.006
   0.14112      6.488454  0.002  0.008  0.006  0.016
   0.16935      6.450279  0.002  0.008  0.006  0.014
   0.19757      6.419626  0.000  0.006  0.006  0.013
   0.22579      6.447050  0.002  0.002  0.004  0.006
   0.25402      6.505133  0.002  0.002  0.004  0.006
   0.28224      6.562282  0.002  0.000  0.006  0.008
   0.31047      6.576229  0.000  0.004  0.004  0.008
   0.33869      6.552264  0.000  0.004  0.006  0.010
   0.36691      6.589914  0.000  0.004  0.000  0.004
   0.39514      6.634618  0.000  0.002  0.000  0.004
   0.42336      6.671933  0.000  0.002  0.002  0.004
   0.45159      6.696434  0.000  0.002  0.002  0.004
   0.47981      6.708231  0.000  0.002  0.004  0.006
   0.50804      6.711970  0.000  0.004  0.004  0.008
   0.53626      6.712850  0.000  0.004  0.004  0.008
   0.53626      6.712850  0.000  0.004  0.004  0.008
   0.55622      6.710143  0.000  0.004  0.004  0.008
   0.57617      6.702860  0.000  0.004  0.004  0.008
   0.59613      6.695405  0.000  0.002  0.004  0.006
   0.61609      6.695859  0.000  0.000  0.002  0.003
   0.63605      6.694242  0.000  0.004  0.004  0.008
   0.65600      6.690420  0.000  0.004  0.004  0.008
   0.67596      6.692454  0.000  0.004  0.004  0.008
   0.69592      6.700422  0.000  0.004  0.005  0.008
   0.71588      6.713873  0.000  0.004  0.006  0.008
   0.73584      6.731819  0.000  0.003  0.006  0.010
   0.75579      6.749825  0.000  0.002  0.002  0.004
   0.77575      6.754906  0.000  0.002  0.002  0.004
   0.79571      6.764465  0.000  0.002  0.002  0.004
   0.81567      6.771339  0.000  0.000  0.002  0.004
   0.83562      6.767913  0.000  0.000  0.004  0.004
   0.85558      6.765462  0.000  0.000  0.004  0.004
   0.87554      6.767183  0.000  0.000  0.004  0.004
   0.89550      6.768459  0.002  0.014  0.003  0.019
   0.91545      6.760824  0.002  0.015  0.002  0.017
   0.91545      6.760824  0.002  0.015  0.002  0.017
   0.94368      6.756839  0.002  0.013  0.002  0.017
   0.97190      6.748524  0.004  0.007  0.002  0.013
   1.00013      6.720204  0.002  0.006  0.000  0.008
   1.02835      6.679836  0.000  0.004  0.000  0.004
   1.05657      6.685696  0.000  0.000  0.000  0.002
   1.08480      6.664492  0.000  0.002  0.002  0.004
   1.11302      6.620272  0.000  0.000  0.002  0.002
   1.14125      6.618509  0.000  0.000  0.002  0.002
   1.16947      6.609153  0.000  0.002  0.002  0.004
   1.19769      6.589460  0.002  0.004  0.003  0.008
   1.22592      6.555289  0.000  0.002  0.002  0.006
   1.25414      6.524546  0.000  0.002  0.002  0.004
   1.28237      6.493826  0.000  0.004  0.002  0.006
   1.31059      6.473361  0.000  0.004  0.002  0.006
   1.33882      6.465775  0.000  0.006  0.002  0.008
   1.36704      6.469394  0.000  0.006  0.002  0.010
   1.39526      6.480965  0.000  0.006  0.002  0.010
   1.42349      6.496715  0.000  0.004  0.002  0.008
   1.45171      6.506688  0.000  0.002  0.004  0.006
   1.45171      6.506688  0.000  0.002  0.004  0.006
   1.47167      6.492172  0.000  0.004  0.000  0.004
   1.49163      6.467525  0.000  0.002  0.002  0.004
   1.51159      6.459281  0.000  0.004  0.002  0.008
   1.53154      6.455334  0.002  0.010  0.002  0.014
   1.55150      6.440572  0.004  0.014  0.002  0.020
   1.57146      6.443302  0.000  0.004  0.002  0.006
   1.59142      6.467258  0.000  0.002  0.002  0.004
   1.61137      6.459869  0.000  0.002  0.002  0.004
   1.63133      6.452352  0.000  0.002  0.002  0.004
   1.65129      6.444542  0.000  0.002  0.002  0.004
   1.67125      6.436392  0.000  0.000  0.002  0.004
   1.69120      6.427952  0.000  0.000  0.002  0.004
   1.71116      6.447363  0.002  0.016  0.008  0.026
   1.73112      6.483014  0.002  0.016  0.008  0.026
   1.75108      6.512935  0.004  0.016  0.004  0.024
   1.77103      6.520282  0.000  0.000  0.000  0.000
   1.79099      6.519255  0.000  0.000  0.000  0.000
   1.81095      6.518616  0.000  0.000  0.000  0.000
   1.83091      6.518400  0.000  0.000  0.000  0.000
 
# Band-Index:  128
   1.83091      6.550342  0.004  0.018  0.002  0.026
   1.81095      6.540766  0.004  0.018  0.002  0.024
   1.79099      6.527162  0.004  0.016  0.002  0.022
   1.77103      6.521230  0.004  0.016  0.002  0.020
   1.75108      6.521627  0.000  0.000  0.000  0.000
   1.73112      6.523174  0.000  0.000  0.000  0.000
   1.71116      6.524761  0.000  0.000  0.000  0.000
   1.69120      6.526209  0.000  0.000  0.000  0.002
   1.67125      6.527435  0.000  0.000  0.002  0.002
   1.65129      6.528642  0.000  0.000  0.002  0.002
   1.63133      6.530528  0.000  0.002  0.002  0.004
   1.61137      6.521136  0.000  0.004  0.002  0.006
   1.59142      6.483517  0.000  0.004  0.002  0.006
   1.57146      6.474686  0.000  0.002  0.002  0.004
   1.55150      6.482139  0.000  0.002  0.002  0.004
   1.53154      6.489379  0.000  0.002  0.002  0.004
   1.51159      6.496008  0.000  0.002  0.003  0.004
   1.49163      6.501515  0.000  0.002  0.004  0.005
   1.47167      6.505298  0.000  0.002  0.004  0.006
   1.45171      6.508797  0.000  0.004  0.000  0.006
   1.45171      6.508797  0.000  0.004  0.000  0.006
   1.42349      6.505483  0.000  0.004  0.000  0.004
   1.39526      6.502176  0.000  0.002  0.000  0.002
   1.36704      6.505082  0.000  0.002  0.000  0.002
   1.33882      6.514275  0.000  0.002  0.000  0.002
   1.31059      6.525998  0.000  0.002  0.000  0.002
   1.28237      6.536601  0.000  0.004  0.002  0.004
   1.25414      6.546256  0.002  0.006  0.002  0.008
   1.22592      6.563509  0.002  0.006  0.004  0.012
   1.19769      6.606545  0.000  0.004  0.002  0.006
   1.16947      6.658698  0.000  0.002  0.002  0.004
   1.14125      6.692323  0.004  0.005  0.004  0.012
   1.11302      6.712780  0.004  0.004  0.002  0.012
   1.08480      6.701438  0.000  0.002  0.000  0.002
   1.05657      6.689167  0.000  0.002  0.002  0.006
   1.02835      6.705457  0.000  0.000  0.001  0.002
   1.00013      6.738562  0.000  0.002  0.002  0.002
   0.97190      6.755412  0.000  0.003  0.003  0.007
   0.94368      6.768945  0.002  0.012  0.002  0.015
   0.91545      6.774869  0.002  0.013  0.002  0.017
   0.91545      6.774869  0.002  0.013  0.002  0.017
   0.89550      6.772308  0.002  0.012  0.003  0.017
   0.87554      6.768956  0.002  0.011  0.004  0.017
   0.85558      6.769620  0.003  0.008  0.006  0.017
   0.83562      6.774648  0.004  0.006  0.007  0.017
   0.81567      6.783894  0.004  0.004  0.008  0.015
   0.79571      6.784969  0.000  0.000  0.002  0.002
   0.77575      6.773345  0.002  0.002  0.006  0.010
   0.75579      6.752575  0.000  0.002  0.006  0.010
   0.73584      6.748844  0.000  0.002  0.000  0.004
   0.71588      6.749102  0.000  0.002  0.000  0.004
   0.69592      6.744190  0.000  0.000  0.002  0.002
   0.67596      6.731663  0.000  0.000  0.002  0.002
   0.65600      6.717179  0.000  0.000  0.002  0.002
   0.63605      6.704405  0.000  0.000  0.002  0.002
   0.61609      6.703115  0.002  0.004  0.004  0.010
   0.59613      6.715111  0.002  0.004  0.006  0.010
   0.57617      6.726820  0.002  0.004  0.006  0.012
   0.55622      6.734505  0.004  0.002  0.006  0.012
   0.53626      6.736948  0.004  0.002  0.008  0.012
   0.53626      6.736948  0.004  0.002  0.008  0.012
   0.50804      6.771069  0.002  0.004  0.004  0.010
   0.47981      6.791701  0.002  0.004  0.004  0.008
   0.45159      6.761849  0.002  0.002  0.006  0.011
   0.42336      6.704241  0.004  0.002  0.006  0.012
   0.39514      6.655204  0.004  0.002  0.006  0.012
   0.36691      6.620853  0.004  0.002  0.006  0.013
   0.33869      6.597971  0.004  0.002  0.006  0.012
   0.31047      6.587678  0.004  0.002  0.008  0.014
   0.28224      6.578789  0.000  0.002  0.002  0.004
   0.25402      6.560906  0.000  0.002  0.004  0.006
   0.22579      6.548767  0.000  0.002  0.004  0.006
   0.19757      6.534443  0.000  0.002  0.004  0.006
   0.16935      6.517838  0.000  0.004  0.002  0.006
   0.14112      6.501300  0.000  0.004  0.002  0.006
   0.11290      6.528026  0.002  0.010  0.006  0.018
   0.08467      6.545252  0.004  0.008  0.006  0.016
   0.05645      6.529083  0.002  0.004  0.002  0.008
   0.02822      6.545832  0.004  0.016  0.002  0.022
   0.00000      6.550342  0.004  0.018  0.002  0.026
 
# Band-Index:  129
   0.00000      6.604075  0.002  0.020  0.002  0.024
   0.02822      6.611092  0.002  0.018  0.002  0.022
   0.05645      6.611089  0.000  0.010  0.004  0.014
   0.08467      6.583803  0.000  0.010  0.002  0.012
   0.11290      6.589656  0.002  0.010  0.002  0.014
   0.14112      6.621257  0.004  0.012  0.002  0.018
   0.16935      6.659683  0.004  0.012  0.004  0.020
   0.19757      6.692612  0.001  0.009  0.006  0.015
   0.22579      6.685671  0.002  0.008  0.006  0.018
   0.25402      6.656528  0.004  0.006  0.006  0.016
   0.28224      6.621134  0.004  0.006  0.008  0.016
   0.31047      6.644885  0.000  0.004  0.002  0.008
   0.33869      6.715349  0.000  0.004  0.002  0.006
   0.36691      6.703403  0.006  0.002  0.010  0.018
   0.39514      6.708298  0.006  0.004  0.012  0.022
   0.42336      6.746419  0.004  0.006  0.010  0.022
   0.45159      6.794665  0.004  0.006  0.010  0.020
   0.47981      6.822894  0.002  0.010  0.004  0.016
   0.50804      6.795621  0.002  0.008  0.002  0.010
   0.53626      6.798288  0.002  0.010  0.000  0.012
   0.53626      6.798288  0.002  0.010  0.000  0.012
   0.55622      6.795924  0.002  0.008  0.000  0.010
   0.57617      6.792968  0.002  0.006  0.002  0.008
   0.59613      6.794635  0.002  0.004  0.002  0.008
   0.61609      6.801693  0.002  0.002  0.002  0.008
   0.63605      6.800662  0.000  0.012  0.000  0.012
   0.65600      6.791969  0.000  0.010  0.000  0.012
   0.67596      6.784451  0.000  0.010  0.000  0.010
   0.69592      6.781094  0.000  0.008  0.000  0.008
   0.71588      6.786402  0.000  0.004  0.000  0.006
   0.73584      6.794505  0.000  0.004  0.002  0.004
   0.75579      6.795945  0.000  0.002  0.002  0.004
   0.77575      6.791335  0.000  0.000  0.002  0.002
   0.79571      6.788111  0.002  0.002  0.007  0.011
   0.81567      6.785989  0.000  0.001  0.004  0.004
   0.83562      6.800661  0.000  0.002  0.004  0.006
   0.85558      6.802504  0.004  0.009  0.006  0.019
   0.87554      6.785585  0.004  0.011  0.004  0.019
   0.89550      6.774275  0.000  0.000  0.004  0.004
   0.91545      6.779896  0.000  0.000  0.004  0.006
   0.91545      6.779896  0.000  0.000  0.004  0.006
   0.94368      6.777931  0.000  0.001  0.004  0.006
   0.97190      6.775978  0.002  0.002  0.006  0.010
   1.00013      6.759564  0.000  0.002  0.002  0.004
   1.02835      6.740477  0.000  0.002  0.002  0.004
   1.05657      6.710670  0.000  0.002  0.002  0.002
   1.08480      6.731270  0.000  0.002  0.002  0.004
   1.11302      6.740083  0.000  0.002  0.002  0.004
   1.14125      6.704312  0.000  0.002  0.002  0.004
   1.16947      6.663468  0.000  0.004  0.002  0.006
   1.19769      6.614316  0.000  0.002  0.002  0.004
   1.22592      6.573889  0.000  0.002  0.002  0.004
   1.25414      6.561541  0.000  0.002  0.000  0.002
   1.28237      6.567459  0.000  0.002  0.000  0.004
   1.31059      6.573942  0.000  0.002  0.000  0.004
   1.33882      6.578400  0.000  0.004  0.000  0.004
   1.36704      6.572994  0.002  0.008  0.002  0.012
   1.39526      6.558802  0.000  0.008  0.002  0.010
   1.42349      6.547792  0.000  0.004  0.000  0.006
   1.45171      6.542386  0.000  0.004  0.000  0.004
   1.45171      6.542386  0.000  0.004  0.000  0.004
   1.47167      6.546366  0.000  0.002  0.000  0.004
   1.49163      6.536180  0.005  0.018  0.002  0.026
   1.51159      6.526664  0.006  0.016  0.002  0.024
   1.53154      6.531560  0.004  0.012  0.002  0.020
   1.55150      6.553707  0.004  0.010  0.002  0.016
   1.57146      6.550788  0.000  0.002  0.002  0.006
   1.59142      6.540978  0.000  0.002  0.002  0.005
   1.61137      6.534265  0.000  0.002  0.002  0.004
   1.63133      6.553998  0.000  0.004  0.002  0.006
   1.65129      6.570532  0.000  0.008  0.002  0.010
   1.67125      6.574316  0.000  0.010  0.002  0.012
   1.69120      6.573467  0.002  0.010  0.002  0.014
   1.71116      6.565496  0.002  0.010  0.002  0.014
   1.73112      6.553391  0.002  0.010  0.002  0.014
   1.75108      6.548127  0.000  0.012  0.004  0.016
   1.77103      6.569030  0.002  0.014  0.006  0.022
   1.79099      6.598291  0.004  0.016  0.006  0.026
   1.81095      6.611181  0.004  0.022  0.004  0.028
   1.83091      6.604075  0.002  0.020  0.002  0.024
 
# Band-Index:  130
   1.83091      6.643526  0.002  0.012  0.006  0.018
   1.81095      6.636299  0.002  0.010  0.004  0.014
   1.79099      6.641680  0.002  0.014  0.002  0.016
   1.77103      6.648703  0.002  0.014  0.000  0.014
   1.75108      6.644034  0.000  0.010  0.000  0.012
   1.73112      6.633620  0.000  0.010  0.000  0.010
   1.71116      6.624047  0.000  0.008  0.000  0.010
   1.69120      6.621103  0.002  0.008  0.000  0.010
   1.67125      6.623869  0.002  0.008  0.002  0.012
   1.65129      6.618014  0.004  0.010  0.002  0.014
   1.63133      6.607785  0.004  0.013  0.000  0.018
   1.61137      6.611295  0.004  0.014  0.002  0.018
   1.59142      6.612078  0.004  0.012  0.002  0.018
   1.57146      6.585278  0.004  0.008  0.002  0.014
   1.55150      6.561674  0.000  0.002  0.002  0.004
   1.53154      6.568559  0.000  0.002  0.002  0.004
   1.51159      6.566021  0.000  0.002  0.000  0.002
   1.49163      6.556159  0.000  0.002  0.000  0.002
   1.47167      6.550244  0.004  0.018  0.002  0.024
   1.45171      6.557932  0.004  0.018  0.002  0.026
   1.45171      6.557932  0.004  0.018  0.002  0.026
   1.42349      6.571266  0.004  0.016  0.002  0.021
   1.39526      6.580351  0.000  0.006  0.000  0.006
   1.36704      6.580427  0.000  0.004  0.000  0.004
   1.33882      6.593274  0.002  0.010  0.004  0.014
   1.31059      6.622554  0.002  0.008  0.004  0.012
   1.28237      6.639604  0.000  0.000  0.002  0.002
   1.25414      6.638611  0.000  0.002  0.000  0.002
   1.22592      6.641425  0.002  0.002  0.002  0.004
   1.19769      6.650707  0.002  0.004  0.002  0.007
   1.16947      6.668886  0.004  0.004  0.002  0.010
   1.14125      6.713671  0.000  0.004  0.002  0.004
   1.11302      6.743034  0.002  0.005  0.002  0.008
   1.08480      6.742910  0.006  0.008  0.004  0.019
   1.05657      6.769244  0.006  0.008  0.006  0.019
   1.02835      6.803646  0.005  0.006  0.006  0.017
   1.00013      6.798605  0.004  0.002  0.008  0.014
   0.97190      6.780983  0.000  0.002  0.002  0.004
   0.94368      6.823741  0.000  0.002  0.004  0.006
   0.91545      6.838692  0.000  0.000  0.004  0.004
   0.91545      6.838692  0.000  0.000  0.004  0.004
   0.89550      6.838026  0.000  0.000  0.004  0.005
   0.87554      6.830283  0.000  0.000  0.004  0.006
   0.85558      6.816152  0.000  0.002  0.004  0.006
   0.83562      6.812112  0.004  0.007  0.008  0.018
   0.81567      6.808463  0.000  0.002  0.002  0.004
   0.79571      6.812592  0.004  0.006  0.009  0.020
   0.77575      6.829825  0.004  0.004  0.010  0.018
   0.75579      6.848438  0.000  0.002  0.000  0.002
   0.73584      6.845015  0.000  0.000  0.000  0.002
   0.71588      6.840385  0.000  0.002  0.002  0.002
   0.69592      6.840416  0.000  0.002  0.002  0.004
   0.67596      6.842324  0.000  0.004  0.000  0.004
   0.65600      6.828290  0.004  0.002  0.004  0.010
   0.63605      6.813200  0.004  0.002  0.002  0.008
   0.61609      6.809785  0.000  0.014  0.000  0.014
   0.59613      6.819498  0.000  0.014  0.002  0.014
   0.57617      6.829750  0.000  0.014  0.002  0.016
   0.55622      6.838598  0.000  0.014  0.002  0.016
   0.53626      6.842123  0.000  0.014  0.002  0.016
   0.53626      6.842123  0.000  0.014  0.002  0.016
   0.50804      6.846527  0.000  0.008  0.004  0.014
   0.47981      6.834546  0.000  0.004  0.006  0.012
   0.45159      6.828120  0.000  0.002  0.004  0.008
   0.42336      6.825144  0.000  0.004  0.002  0.006
   0.39514      6.825938  0.000  0.004  0.004  0.007
   0.36691      6.784607  0.000  0.002  0.002  0.006
   0.33869      6.722938  0.006  0.004  0.008  0.017
   0.31047      6.749623  0.004  0.006  0.006  0.016
   0.28224      6.733729  0.000  0.000  0.006  0.006
   0.25402      6.718724  0.000  0.000  0.006  0.008
   0.22579      6.718295  0.002  0.000  0.006  0.008
   0.19757      6.702792  0.004  0.012  0.004  0.020
   0.16935      6.692887  0.000  0.010  0.004  0.016
   0.14112      6.693252  0.000  0.012  0.004  0.016
   0.11290      6.694309  0.002  0.012  0.004  0.016
   0.08467      6.671842  0.000  0.012  0.004  0.016
   0.05645      6.636527  0.002  0.016  0.004  0.022
   0.02822      6.636067  0.002  0.012  0.006  0.020
   0.00000      6.643526  0.002  0.012  0.006  0.018
 
# Band-Index:  131
   0.00000      6.688119  0.000  0.000  0.002  0.002
   0.02822      6.690617  0.000  0.000  0.000  0.002
   0.05645      6.701552  0.002  0.012  0.002  0.016
   0.08467      6.696798  0.002  0.014  0.002  0.017
   0.11290      6.716519  0.000  0.008  0.004  0.012
   0.14112      6.761131  0.000  0.004  0.004  0.008
   0.16935      6.768713  0.006  0.004  0.004  0.014
   0.19757      6.742354  0.004  0.004  0.004  0.012
   0.22579      6.748012  0.004  0.011  0.004  0.020
   0.25402      6.785939  0.000  0.008  0.006  0.014
   0.28224      6.774708  0.004  0.006  0.006  0.014
   0.31047      6.758112  0.000  0.000  0.006  0.006
   0.33869      6.790493  0.000  0.000  0.006  0.006
   0.36691      6.827358  0.000  0.002  0.004  0.006
   0.39514      6.846205  0.000  0.002  0.002  0.004
   0.42336      6.849195  0.000  0.006  0.002  0.008
   0.45159      6.831590  0.000  0.005  0.002  0.006
   0.47981      6.845288  0.002  0.000  0.006  0.009
   0.50804      6.872836  0.000  0.000  0.002  0.002
   0.53626      6.873077  0.000  0.000  0.003  0.003
   0.53626      6.873077  0.000  0.000  0.003  0.003
   0.55622      6.864751  0.000  0.000  0.002  0.002
   0.57617      6.858871  0.000  0.002  0.000  0.002
   0.59613      6.854907  0.000  0.002  0.000  0.002
   0.61609      6.851377  0.000  0.004  0.000  0.004
   0.63605      6.848018  0.000  0.004  0.000  0.004
   0.65600      6.844953  0.000  0.004  0.000  0.004
   0.67596      6.846104  0.004  0.004  0.004  0.010
   0.69592      6.864863  0.004  0.004  0.004  0.012
   0.71588      6.877232  0.006  0.004  0.006  0.016
   0.73584      6.869865  0.006  0.004  0.008  0.018
   0.75579      6.851115  0.004  0.004  0.010  0.018
   0.77575      6.832456  0.000  0.002  0.002  0.004
   0.79571      6.815533  0.000  0.002  0.002  0.004
   0.81567      6.811831  0.004  0.006  0.008  0.018
   0.83562      6.815469  0.000  0.002  0.002  0.004
   0.85558      6.834316  0.000  0.002  0.003  0.004
   0.87554      6.855491  0.000  0.000  0.004  0.004
   0.89550      6.873133  0.000  0.000  0.004  0.004
   0.91545      6.883558  0.000  0.002  0.004  0.006
   0.91545      6.883558  0.000  0.002  0.004  0.006
   0.94368      6.878000  0.000  0.004  0.004  0.008
   0.97190      6.862904  0.002  0.004  0.004  0.008
   1.00013      6.837486  0.004  0.004  0.006  0.012
   1.02835      6.819671  0.000  0.004  0.006  0.010
   1.05657      6.809007  0.000  0.005  0.005  0.010
   1.08480      6.792347  0.000  0.006  0.002  0.007
   1.11302      6.752061  0.000  0.004  0.000  0.005
   1.14125      6.767380  0.000  0.004  0.002  0.006
   1.16947      6.784785  0.000  0.004  0.002  0.006
   1.19769      6.783556  0.006  0.012  0.004  0.022
   1.22592      6.763445  0.004  0.010  0.004  0.020
   1.25414      6.718568  0.002  0.008  0.004  0.014
   1.28237      6.668329  0.002  0.010  0.004  0.014
   1.31059      6.647596  0.000  0.002  0.002  0.004
   1.33882      6.645732  0.000  0.002  0.002  0.002
   1.36704      6.633052  0.004  0.009  0.004  0.017
   1.39526      6.602685  0.004  0.010  0.004  0.018
   1.42349      6.583049  0.002  0.002  0.002  0.006
   1.45171      6.581722  0.000  0.002  0.002  0.004
   1.45171      6.581722  0.000  0.002  0.002  0.004
   1.47167      6.591860  0.000  0.002  0.002  0.004
   1.49163      6.607437  0.000  0.002  0.002  0.004
   1.51159      6.620934  0.000  0.002  0.002  0.004
   1.53154      6.633529  0.000  0.002  0.002  0.004
   1.55150      6.646356  0.000  0.004  0.000  0.006
   1.57146      6.652124  0.002  0.006  0.000  0.008
   1.59142      6.654198  0.000  0.002  0.002  0.004
   1.61137      6.684422  0.000  0.002  0.002  0.004
   1.63133      6.702066  0.000  0.004  0.002  0.006
   1.65129      6.702451  0.000  0.004  0.002  0.008
   1.67125      6.709786  0.000  0.000  0.000  0.002
   1.69120      6.713724  0.000  0.000  0.002  0.002
   1.71116      6.718185  0.000  0.000  0.002  0.002
   1.73112      6.722586  0.000  0.000  0.002  0.002
   1.75108      6.726463  0.000  0.000  0.002  0.002
   1.77103      6.718260  0.002  0.004  0.002  0.008
   1.79099      6.702739  0.002  0.002  0.002  0.006
   1.81095      6.693126  0.000  0.000  0.002  0.004
   1.83091      6.688119  0.000  0.000  0.002  0.002
 
# Band-Index:  132
   1.83091      6.733462  0.000  0.000  0.002  0.002
   1.81095      6.733035  0.000  0.000  0.002  0.002
   1.79099      6.731740  0.000  0.000  0.002  0.002
   1.77103      6.729549  0.000  0.000  0.002  0.002
   1.75108      6.741270  0.002  0.006  0.002  0.012
   1.73112      6.765794  0.004  0.008  0.002  0.014
   1.71116      6.781701  0.004  0.008  0.002  0.014
   1.69120      6.766041  0.004  0.006  0.002  0.010
   1.67125      6.726823  0.002  0.006  0.002  0.008
   1.65129      6.706827  0.000  0.000  0.000  0.002
   1.63133      6.704757  0.000  0.000  0.000  0.002
   1.61137      6.702486  0.000  0.002  0.000  0.002
   1.59142      6.697891  0.000  0.002  0.000  0.004
   1.57146      6.689128  0.000  0.004  0.002  0.006
   1.55150      6.677483  0.000  0.006  0.002  0.008
   1.53154      6.668858  0.000  0.008  0.004  0.012
   1.51159      6.665998  0.002  0.006  0.002  0.010
   1.49163      6.640836  0.002  0.006  0.002  0.010
   1.47167      6.613490  0.000  0.004  0.004  0.008
   1.45171      6.599554  0.002  0.002  0.004  0.008
   1.45171      6.599554  0.002  0.002  0.004  0.008
   1.42349      6.604444  0.000  0.002  0.004  0.006
   1.39526      6.617925  0.000  0.001  0.002  0.004
   1.36704      6.634625  0.000  0.001  0.002  0.003
   1.33882      6.662419  0.004  0.010  0.004  0.016
   1.31059      6.689644  0.004  0.010  0.004  0.016
   1.28237      6.715520  0.004  0.010  0.004  0.018
   1.25414      6.740386  0.004  0.010  0.004  0.018
   1.22592      6.773638  0.002  0.008  0.004  0.014
   1.19769      6.796228  0.000  0.004  0.002  0.006
   1.16947      6.800820  0.006  0.012  0.006  0.022
   1.14125      6.817776  0.006  0.010  0.008  0.024
   1.11302      6.829163  0.004  0.008  0.008  0.020
   1.08480      6.827193  0.000  0.002  0.006  0.010
   1.05657      6.846578  0.006  0.002  0.008  0.016
   1.02835      6.827721  0.005  0.002  0.008  0.015
   1.00013      6.842982  0.000  0.004  0.006  0.010
   0.97190      6.872541  0.000  0.004  0.006  0.010
   0.94368      6.882918  0.000  0.002  0.004  0.006
   0.91545      6.888763  0.000  0.004  0.008  0.012
   0.91545      6.888763  0.000  0.004  0.008  0.012
   0.89550      6.899806  0.000  0.006  0.006  0.012
   0.87554      6.924970  0.000  0.006  0.006  0.014
   0.85558      6.944336  0.000  0.009  0.006  0.015
   0.83562      6.953448  0.002  0.011  0.004  0.018
   0.81567      6.961962  0.004  0.011  0.004  0.018
   0.79571      6.930746  0.000  0.000  0.002  0.002
   0.77575      6.901285  0.000  0.000  0.002  0.002
   0.75579      6.884278  0.000  0.000  0.002  0.002
   0.73584      6.896529  0.000  0.002  0.002  0.004
   0.71588      6.916923  0.000  0.002  0.002  0.002
   0.69592      6.919551  0.004  0.004  0.010  0.020
   0.67596      6.925240  0.006  0.006  0.010  0.022
   0.65600      6.926973  0.006  0.006  0.010  0.023
   0.63605      6.924250  0.006  0.008  0.010  0.024
   0.61609      6.918305  0.006  0.008  0.010  0.023
   0.59613      6.910707  0.004  0.008  0.008  0.022
   0.57617      6.902207  0.000  0.000  0.002  0.002
   0.55622      6.888558  0.000  0.000  0.002  0.002
   0.53626      6.877114  0.000  0.000  0.000  0.002
   0.53626      6.877114  0.000  0.000  0.000  0.002
   0.50804      6.873883  0.000  0.000  0.004  0.004
   0.47981      6.867533  0.000  0.000  0.002  0.002
   0.45159      6.902707  0.000  0.010  0.002  0.014
   0.42336      6.892118  0.000  0.002  0.002  0.004
   0.39514      6.855976  0.000  0.004  0.002  0.008
   0.36691      6.832300  0.000  0.004  0.004  0.008
   0.33869      6.839738  0.002  0.004  0.004  0.010
   0.31047      6.841018  0.002  0.006  0.004  0.014
   0.28224      6.826942  0.004  0.008  0.004  0.018
   0.25402      6.803034  0.008  0.008  0.005  0.020
   0.22579      6.809760  0.002  0.004  0.006  0.014
   0.19757      6.810273  0.002  0.004  0.006  0.010
   0.16935      6.794814  0.000  0.004  0.006  0.008
   0.14112      6.779518  0.006  0.004  0.004  0.014
   0.11290      6.763206  0.004  0.004  0.002  0.012
   0.08467      6.731879  0.004  0.004  0.002  0.008
   0.05645      6.705958  0.000  0.002  0.002  0.004
   0.02822      6.719229  0.000  0.006  0.002  0.008
   0.00000      6.733462  0.000  0.000  0.002  0.002
 
# Band-Index:  133
   0.00000      6.865312  0.000  0.014  0.004  0.016
   0.02822      6.891930  0.000  0.010  0.004  0.014
   0.05645      6.924686  0.000  0.005  0.002  0.007
   0.08467      6.925436  0.000  0.006  0.003  0.010
   0.11290      6.906983  0.000  0.012  0.006  0.019
   0.14112      6.901256  0.000  0.012  0.006  0.018
   0.16935      6.918729  0.000  0.012  0.006  0.018
   0.19757      6.943875  0.000  0.010  0.006  0.016
   0.22579      6.965727  0.000  0.010  0.006  0.016
   0.25402      6.982915  0.000  0.012  0.006  0.016
   0.28224      6.995593  0.000  0.012  0.004  0.016
   0.31047      7.001954  0.002  0.012  0.004  0.018
   0.33869      6.997725  0.002  0.013  0.004  0.020
   0.36691      6.978497  0.002  0.012  0.006  0.020
   0.39514      6.956514  0.002  0.006  0.006  0.014
   0.42336      6.945988  0.000  0.016  0.002  0.018
   0.45159      6.912474  0.000  0.002  0.002  0.004
   0.47981      6.911744  0.002  0.002  0.004  0.008
   0.50804      6.901258  0.000  0.010  0.002  0.012
   0.53626      6.892794  0.000  0.004  0.006  0.009
   0.53626      6.892794  0.000  0.004  0.006  0.009
   0.55622      6.895857  0.002  0.006  0.006  0.012
   0.57617      6.902766  0.004  0.007  0.008  0.018
   0.59613      6.914791  0.000  0.000  0.002  0.002
   0.61609      6.925492  0.000  0.000  0.002  0.002
   0.63605      6.933710  0.000  0.000  0.002  0.002
   0.65600      6.938574  0.000  0.000  0.002  0.002
   0.67596      6.938576  0.000  0.000  0.002  0.002
   0.69592      6.931732  0.000  0.000  0.002  0.002
   0.71588      6.916955  0.004  0.004  0.008  0.016
   0.73584      6.930876  0.004  0.005  0.006  0.014
   0.75579      6.951300  0.004  0.006  0.006  0.018
   0.77575      6.963592  0.006  0.008  0.006  0.020
   0.79571      6.966013  0.004  0.010  0.006  0.020
   0.81567      6.964332  0.000  0.000  0.002  0.002
   0.83562      6.991771  0.000  0.006  0.003  0.010
   0.85558      6.967885  0.000  0.008  0.002  0.010
   0.87554      6.935937  0.000  0.006  0.002  0.008
   0.89550      6.908913  0.000  0.004  0.002  0.006
   0.91545      6.894761  0.000  0.002  0.002  0.004
   0.91545      6.894761  0.000  0.002  0.002  0.004
   0.94368      6.896342  0.000  0.002  0.006  0.006
   0.97190      6.898867  0.000  0.000  0.008  0.008
   1.00013      6.908936  0.000  0.001  0.006  0.007
   1.02835      6.894600  0.000  0.001  0.004  0.006
   1.05657      6.860080  0.000  0.002  0.004  0.004
   1.08480      6.852504  0.006  0.002  0.008  0.016
   1.11302      6.844368  0.004  0.002  0.004  0.010
   1.14125      6.834284  0.000  0.006  0.004  0.012
   1.16947      6.821162  0.000  0.008  0.004  0.012
   1.19769      6.807780  0.002  0.010  0.004  0.016
   1.22592      6.799685  0.000  0.006  0.002  0.006
   1.25414      6.785515  0.000  0.004  0.002  0.008
   1.28237      6.770633  0.000  0.004  0.002  0.006
   1.31059      6.758570  0.000  0.002  0.002  0.006
   1.33882      6.755122  0.000  0.002  0.002  0.004
   1.36704      6.740393  0.000  0.006  0.004  0.010
   1.39526      6.716059  0.000  0.006  0.006  0.012
   1.42349      6.695404  0.000  0.006  0.006  0.014
   1.45171      6.687115  0.000  0.006  0.008  0.014
   1.45171      6.687115  0.000  0.006  0.008  0.014
   1.47167      6.684380  0.000  0.006  0.008  0.014
   1.49163      6.677085  0.000  0.008  0.006  0.014
   1.51159      6.669463  0.000  0.008  0.006  0.014
   1.53154      6.681696  0.002  0.008  0.002  0.012
   1.55150      6.687124  0.000  0.006  0.002  0.010
   1.57146      6.696635  0.000  0.004  0.002  0.006
   1.59142      6.722822  0.000  0.004  0.000  0.004
   1.61137      6.731446  0.002  0.006  0.002  0.008
   1.63133      6.748440  0.002  0.004  0.002  0.008
   1.65129      6.795925  0.002  0.004  0.002  0.008
   1.67125      6.842094  0.002  0.006  0.002  0.010
   1.69120      6.861508  0.002  0.010  0.002  0.014
   1.71116      6.881459  0.000  0.008  0.002  0.010
   1.73112      6.878141  0.002  0.008  0.000  0.010
   1.75108      6.865412  0.000  0.008  0.002  0.010
   1.77103      6.855324  0.000  0.008  0.002  0.010
   1.79099      6.852597  0.000  0.010  0.002  0.012
   1.81095      6.858825  0.000  0.012  0.002  0.014
   1.83091      6.865312  0.000  0.014  0.004  0.016
 
# Band-Index:  134
   1.83091      6.921952  0.000  0.004  0.000  0.006
   1.81095      6.935627  0.000  0.006  0.002  0.008
   1.79099      6.960672  0.000  0.010  0.002  0.012
   1.77103      6.977544  0.000  0.010  0.002  0.014
   1.75108      6.968071  0.002  0.010  0.002  0.012
   1.73112      6.928924  0.002  0.008  0.002  0.010
   1.71116      6.888986  0.000  0.007  0.000  0.008
   1.69120      6.886547  0.000  0.006  0.000  0.006
   1.67125      6.883550  0.000  0.008  0.002  0.010
   1.65129      6.872868  0.002  0.004  0.004  0.010
   1.63133      6.828754  0.000  0.002  0.002  0.006
   1.61137      6.781715  0.000  0.000  0.004  0.004
   1.59142      6.763511  0.002  0.002  0.004  0.008
   1.57146      6.781727  0.002  0.004  0.002  0.008
   1.55150      6.808028  0.000  0.004  0.002  0.008
   1.53154      6.824754  0.000  0.004  0.002  0.006
   1.51159      6.825093  0.000  0.002  0.002  0.004
   1.49163      6.830181  0.000  0.002  0.000  0.002
   1.47167      6.840954  0.000  0.002  0.000  0.002
   1.45171      6.840589  0.002  0.008  0.004  0.012
   1.45171      6.840589  0.002  0.008  0.004  0.012
   1.42349      6.822467  0.000  0.002  0.002  0.004
   1.39526      6.793043  0.000  0.002  0.002  0.004
   1.36704      6.768346  0.000  0.002  0.002  0.004
   1.33882      6.763659  0.000  0.006  0.002  0.008
   1.31059      6.781939  0.000  0.006  0.002  0.008
   1.28237      6.796709  0.000  0.006  0.002  0.008
   1.25414      6.805681  0.000  0.006  0.002  0.007
   1.22592      6.810588  0.000  0.004  0.002  0.006
   1.19769      6.849317  0.000  0.002  0.002  0.004
   1.16947      6.878957  0.000  0.002  0.004  0.006
   1.14125      6.858360  0.000  0.002  0.004  0.006
   1.11302      6.853234  0.000  0.006  0.004  0.010
   1.08480      6.877983  0.000  0.004  0.006  0.010
   1.05657      6.900682  0.000  0.004  0.006  0.012
   1.02835      6.913593  0.000  0.004  0.008  0.010
   1.00013      6.910012  0.000  0.001  0.007  0.009
   0.97190      6.919455  0.000  0.002  0.007  0.009
   0.94368      6.943615  0.000  0.004  0.008  0.012
   0.91545      6.957432  0.000  0.006  0.008  0.014
   0.91545      6.957432  0.000  0.006  0.008  0.014
   0.89550      6.956972  0.000  0.006  0.008  0.014
   0.87554      6.958207  0.000  0.006  0.008  0.014
   0.85558      6.974178  0.002  0.008  0.006  0.014
   0.83562      7.003716  0.002  0.008  0.004  0.014
   0.81567      7.024856  0.002  0.008  0.002  0.013
   0.79571      7.023891  0.000  0.006  0.000  0.008
   0.77575      7.003618  0.000  0.002  0.000  0.004
   0.75579      6.988398  0.000  0.002  0.004  0.006
   0.73584      6.984206  0.002  0.004  0.006  0.010
   0.71588      6.983747  0.002  0.004  0.006  0.012
   0.69592      6.983497  0.002  0.004  0.008  0.014
   0.67596      6.982125  0.002  0.004  0.008  0.014
   0.65600      6.978909  0.002  0.004  0.008  0.014
   0.63605      6.973376  0.002  0.004  0.008  0.014
   0.61609      6.965278  0.002  0.004  0.008  0.014
   0.59613      6.954859  0.002  0.003  0.008  0.014
   0.57617      6.943493  0.004  0.002  0.008  0.015
   0.55622      6.934241  0.004  0.002  0.010  0.018
   0.53626      6.930657  0.006  0.004  0.010  0.018
   0.53626      6.930657  0.006  0.004  0.010  0.018
   0.50804      6.916832  0.004  0.004  0.008  0.016
   0.47981      6.938232  0.000  0.012  0.000  0.012
   0.45159      6.993690  0.000  0.008  0.000  0.008
   0.42336      6.968071  0.000  0.000  0.004  0.006
   0.39514      6.985070  0.000  0.018  0.002  0.020
   0.36691      7.023262  0.000  0.018  0.002  0.022
   0.33869      7.058649  0.000  0.018  0.002  0.020
   0.31047      7.074098  0.000  0.008  0.002  0.010
   0.28224      7.059458  0.000  0.004  0.002  0.006
   0.25402      7.051017  0.000  0.008  0.000  0.008
   0.22579      7.021424  0.000  0.006  0.000  0.008
   0.19757      6.984089  0.000  0.006  0.002  0.008
   0.16935      6.952521  0.000  0.006  0.002  0.009
   0.14112      6.934186  0.000  0.006  0.002  0.010
   0.11290      6.927136  0.000  0.006  0.003  0.010
   0.08467      6.925924  0.000  0.010  0.006  0.015
   0.05645      6.927688  0.000  0.008  0.006  0.014
   0.02822      6.922949  0.000  0.004  0.002  0.006
   0.00000      6.921952  0.000  0.004  0.000  0.006
 
# Band-Index:  135
   0.00000      7.051825  0.000  0.015  0.007  0.023
   0.02822      7.051507  0.000  0.015  0.007  0.022
   0.05645      7.053242  0.000  0.015  0.006  0.021
   0.08467      7.061276  0.000  0.014  0.006  0.019
   0.11290      7.074869  0.000  0.012  0.004  0.016
   0.14112      7.088178  0.002  0.010  0.002  0.014
   0.16935      7.095016  0.002  0.008  0.002  0.012
   0.19757      7.092389  0.002  0.006  0.002  0.008
   0.22579      7.082206  0.002  0.004  0.002  0.006
   0.25402      7.074363  0.000  0.000  0.002  0.002
   0.28224      7.084567  0.000  0.006  0.002  0.006
   0.31047      7.087476  0.000  0.006  0.002  0.008
   0.33869      7.115560  0.000  0.002  0.002  0.004
   0.36691      7.091110  0.000  0.010  0.004  0.014
   0.39514      7.081820  0.000  0.010  0.004  0.014
   0.42336      7.053593  0.000  0.004  0.000  0.006
   0.45159      7.009024  0.000  0.000  0.004  0.004
   0.47981      7.059245  0.000  0.002  0.004  0.006
   0.50804      7.062814  0.000  0.002  0.001  0.002
   0.53626      7.048782  0.000  0.002  0.002  0.002
   0.53626      7.048782  0.000  0.002  0.002  0.002
   0.55622      7.049446  0.000  0.002  0.002  0.002
   0.57617      7.051830  0.000  0.000  0.002  0.002
   0.59613      7.056786  0.000  0.000  0.002  0.002
   0.61609      7.065018  0.000  0.000  0.002  0.002
   0.63605      7.076725  0.000  0.000  0.002  0.002
   0.65600      7.091593  0.000  0.000  0.002  0.002
   0.67596      7.108910  0.000  0.000  0.002  0.002
   0.69592      7.123098  0.000  0.012  0.004  0.016
   0.71588      7.115818  0.000  0.014  0.004  0.018
   0.73584      7.109570  0.000  0.016  0.004  0.020
   0.75579      7.102037  0.000  0.017  0.004  0.021
   0.77575      7.088634  0.000  0.016  0.004  0.020
   0.79571      7.066520  0.000  0.014  0.003  0.016
   0.81567      7.038371  0.000  0.010  0.002  0.014
   0.83562      7.015831  0.000  0.004  0.000  0.004
   0.85558      7.045147  0.000  0.000  0.002  0.002
   0.87554      7.081747  0.000  0.004  0.002  0.006
   0.89550      7.097701  0.000  0.019  0.005  0.024
   0.91545      7.096124  0.000  0.025  0.006  0.030
   0.91545      7.096124  0.000  0.025  0.006  0.030
   0.94368      7.090889  0.000  0.019  0.004  0.024
   0.97190      7.041266  0.000  0.012  0.000  0.012
   1.00013      6.994396  0.000  0.008  0.000  0.010
   1.02835      6.971741  0.000  0.004  0.004  0.008
   1.05657      6.963551  0.002  0.000  0.005  0.006
   1.08480      6.962466  0.000  0.000  0.004  0.006
   1.11302      6.977242  0.000  0.002  0.002  0.002
   1.14125      6.960317  0.000  0.002  0.002  0.002
   1.16947      6.909038  0.000  0.002  0.002  0.004
   1.19769      6.896628  0.000  0.004  0.004  0.006
   1.22592      6.911345  0.000  0.004  0.002  0.006
   1.25414      6.922362  0.000  0.006  0.002  0.006
   1.28237      6.929027  0.000  0.006  0.000  0.006
   1.31059      6.931032  0.000  0.006  0.000  0.006
   1.33882      6.926252  0.000  0.004  0.000  0.004
   1.36704      6.913778  0.000  0.002  0.000  0.002
   1.39526      6.879610  0.002  0.008  0.004  0.014
   1.42349      6.858284  0.002  0.006  0.002  0.010
   1.45171      6.849582  0.000  0.000  0.000  0.000
   1.45171      6.849582  0.000  0.000  0.000  0.000
   1.47167      6.843822  0.002  0.008  0.004  0.012
   1.49163      6.852058  0.002  0.008  0.003  0.012
   1.51159      6.862054  0.002  0.008  0.002  0.012
   1.53154      6.840604  0.000  0.004  0.002  0.006
   1.55150      6.827908  0.000  0.004  0.003  0.008
   1.57146      6.835735  0.000  0.006  0.004  0.010
   1.59142      6.850310  0.000  0.008  0.004  0.012
   1.61137      6.871591  0.000  0.010  0.006  0.014
   1.63133      6.897204  0.000  0.010  0.006  0.016
   1.65129      6.910030  0.000  0.006  0.002  0.008
   1.67125      6.921886  0.000  0.002  0.002  0.004
   1.69120      6.952020  0.000  0.002  0.004  0.006
   1.71116      6.996424  0.000  0.014  0.006  0.020
   1.73112      7.014148  0.000  0.014  0.006  0.021
   1.75108      7.028212  0.000  0.014  0.007  0.022
   1.77103      7.038760  0.000  0.015  0.007  0.022
   1.79099      7.046068  0.000  0.015  0.007  0.023
   1.81095      7.050387  0.000  0.015  0.007  0.023
   1.83091      7.051825  0.000  0.015  0.007  0.023
 
# Band-Index:  136
   1.83091      7.066121  0.000  0.017  0.008  0.025
   1.81095      7.065911  0.000  0.017  0.008  0.025
   1.79099      7.065266  0.000  0.017  0.008  0.025
   1.77103      7.064220  0.000  0.017  0.008  0.025
   1.75108      7.062905  0.000  0.017  0.008  0.025
   1.73112      7.049950  0.000  0.002  0.002  0.006
   1.71116      6.997698  0.000  0.002  0.004  0.006
   1.69120      6.975157  0.000  0.013  0.006  0.020
   1.67125      6.950824  0.000  0.012  0.006  0.018
   1.65129      6.924344  0.000  0.012  0.006  0.018
   1.63133      6.914619  0.002  0.010  0.002  0.014
   1.61137      6.911082  0.002  0.010  0.002  0.014
   1.59142      6.901027  0.002  0.010  0.002  0.014
   1.57146      6.890018  0.002  0.008  0.002  0.012
   1.55150      6.880400  0.002  0.008  0.002  0.012
   1.53154      6.871627  0.002  0.006  0.002  0.012
   1.51159      6.877388  0.000  0.004  0.002  0.006
   1.49163      6.912706  0.000  0.004  0.000  0.006
   1.47167      6.896555  0.000  0.000  0.002  0.002
   1.45171      6.885107  0.000  0.000  0.000  0.002
   1.45171      6.885107  0.000  0.000  0.000  0.002
   1.42349      6.888789  0.000  0.000  0.000  0.002
   1.39526      6.899239  0.000  0.000  0.000  0.002
   1.36704      6.916949  0.002  0.010  0.006  0.016
   1.33882      6.967115  0.002  0.010  0.006  0.018
   1.31059      7.007398  0.002  0.006  0.006  0.014
   1.28237      7.014031  0.000  0.004  0.004  0.008
   1.25414      7.014548  0.000  0.004  0.002  0.006
   1.22592      7.022811  0.000  0.004  0.002  0.006
   1.19769      7.037354  0.000  0.004  0.002  0.006
   1.16947      7.048142  0.000  0.006  0.002  0.008
   1.14125      7.017357  0.000  0.006  0.004  0.011
   1.11302      6.983947  0.000  0.006  0.006  0.010
   1.08480      6.977715  0.000  0.004  0.006  0.010
   1.05657      6.990016  0.000  0.002  0.006  0.010
   1.02835      7.011650  0.000  0.002  0.006  0.008
   1.00013      7.052667  0.000  0.010  0.002  0.014
   0.97190      7.092885  0.000  0.015  0.004  0.019
   0.94368      7.099671  0.000  0.025  0.005  0.031
   0.91545      7.109247  0.000  0.022  0.007  0.029
   0.91545      7.109247  0.000  0.022  0.007  0.029
   0.89550      7.111825  0.000  0.025  0.007  0.033
   0.87554      7.115100  0.000  0.024  0.008  0.032
   0.85558      7.113201  0.000  0.026  0.008  0.034
   0.83562      7.100390  0.002  0.002  0.002  0.004
   0.81567      7.083031  0.002  0.002  0.004  0.008
   0.79571      7.076510  0.002  0.006  0.006  0.014
   0.77575      7.092913  0.004  0.008  0.006  0.018
   0.75579      7.113810  0.004  0.010  0.006  0.020
   0.73584      7.128921  0.004  0.010  0.006  0.020
   0.71588      7.135533  0.004  0.010  0.004  0.018
   0.69592      7.128373  0.000  0.002  0.002  0.004
   0.67596      7.132465  0.000  0.012  0.004  0.016
   0.65600      7.138706  0.002  0.006  0.002  0.010
   0.63605      7.143109  0.000  0.006  0.002  0.008
   0.61609      7.144513  0.000  0.010  0.002  0.012
   0.59613      7.141953  0.000  0.008  0.002  0.012
   0.57617      7.137928  0.000  0.008  0.002  0.010
   0.55622      7.134357  0.000  0.006  0.002  0.010
   0.53626      7.132935  0.000  0.006  0.002  0.008
   0.53626      7.132935  0.000  0.006  0.002  0.008
   0.50804      7.106885  0.000  0.004  0.002  0.006
   0.47981      7.105910  0.000  0.002  0.001  0.002
   0.45159      7.123013  0.000  0.012  0.004  0.016
   0.42336      7.093965  0.000  0.012  0.004  0.016
   0.39514      7.106559  0.000  0.004  0.002  0.006
   0.36691      7.144572  0.000  0.004  0.002  0.006
   0.33869      7.122705  0.000  0.012  0.004  0.016
   0.31047      7.169465  0.002  0.016  0.004  0.021
   0.28224      7.216718  0.004  0.018  0.004  0.024
   0.25402      7.249023  0.004  0.019  0.002  0.025
   0.22579      7.250289  0.004  0.016  0.000  0.021
   0.19757      7.229967  0.002  0.010  0.002  0.014
   0.16935      7.214454  0.002  0.006  0.002  0.010
   0.14112      7.209116  0.000  0.006  0.002  0.008
   0.11290      7.177142  0.000  0.010  0.002  0.012
   0.08467      7.111493  0.000  0.012  0.002  0.014
   0.05645      7.064979  0.000  0.015  0.005  0.019
   0.02822      7.060640  0.000  0.016  0.007  0.024
   0.00000      7.066121  0.000  0.017  0.008  0.025
 
# Band-Index:  137
   0.00000      7.229792  0.000  0.000  0.002  0.002
   0.02822      7.232394  0.000  0.000  0.002  0.002
   0.05645      7.235228  0.000  0.000  0.002  0.002
   0.08467      7.233336  0.000  0.000  0.002  0.002
   0.11290      7.229899  0.000  0.000  0.002  0.004
   0.14112      7.258502  0.000  0.006  0.002  0.008
   0.16935      7.306560  0.000  0.009  0.002  0.012
   0.19757      7.302985  0.002  0.006  0.004  0.012
   0.22579      7.289827  0.002  0.008  0.004  0.013
   0.25402      7.268263  0.002  0.009  0.004  0.014
   0.28224      7.238902  0.002  0.010  0.004  0.015
   0.31047      7.207725  0.002  0.008  0.002  0.014
   0.33869      7.180391  0.002  0.006  0.002  0.010
   0.36691      7.165856  0.002  0.004  0.002  0.006
   0.39514      7.209662  0.002  0.004  0.002  0.006
   0.42336      7.250227  0.002  0.006  0.000  0.010
   0.45159      7.175088  0.000  0.002  0.002  0.004
   0.47981      7.153669  0.000  0.010  0.004  0.014
   0.50804      7.168602  0.000  0.006  0.004  0.010
   0.53626      7.166155  0.000  0.002  0.004  0.006
   0.53626      7.166155  0.000  0.002  0.004  0.006
   0.55622      7.164848  0.000  0.002  0.004  0.006
   0.57617      7.161131  0.000  0.004  0.004  0.006
   0.59613      7.155593  0.000  0.004  0.004  0.008
   0.61609      7.149174  0.000  0.004  0.002  0.008
   0.63605      7.144069  0.000  0.010  0.004  0.014
   0.65600      7.139879  0.000  0.012  0.004  0.014
   0.67596      7.136761  0.002  0.008  0.002  0.012
   0.69592      7.136642  0.004  0.008  0.004  0.016
   0.71588      7.146563  0.000  0.000  0.002  0.004
   0.73584      7.157660  0.000  0.010  0.006  0.014
   0.75579      7.146177  0.000  0.020  0.006  0.027
   0.77575      7.130620  0.000  0.024  0.008  0.030
   0.79571      7.120149  0.000  0.026  0.008  0.034
   0.81567      7.114741  0.000  0.027  0.008  0.034
   0.83562      7.112809  0.000  0.027  0.008  0.035
   0.85558      7.121524  0.000  0.002  0.002  0.004
   0.87554      7.139938  0.000  0.023  0.004  0.026
   0.89550      7.152776  0.000  0.006  0.002  0.007
   0.91545      7.177176  0.000  0.002  0.002  0.004
   0.91545      7.177176  0.000  0.002  0.002  0.004
   0.94368      7.139393  0.000  0.008  0.004  0.012
   0.97190      7.106523  0.000  0.022  0.004  0.025
   1.00013      7.055014  0.000  0.002  0.004  0.006
   1.02835      7.018596  0.000  0.006  0.000  0.006
   1.05657      7.004165  0.000  0.004  0.000  0.004
   1.08480      7.005956  0.000  0.000  0.002  0.004
   1.11302      7.007032  0.002  0.000  0.004  0.006
   1.14125      7.034276  0.002  0.002  0.002  0.006
   1.16947      7.064265  0.000  0.006  0.002  0.008
   1.19769      7.049261  0.002  0.002  0.002  0.006
   1.22592      7.031340  0.002  0.002  0.002  0.006
   1.25414      7.020497  0.002  0.002  0.003  0.007
   1.28237      7.017367  0.002  0.002  0.004  0.007
   1.31059      7.019364  0.002  0.002  0.004  0.006
   1.33882      7.023510  0.000  0.002  0.003  0.006
   1.36704      7.028328  0.000  0.002  0.002  0.004
   1.39526      7.022876  0.000  0.002  0.000  0.003
   1.42349      6.973918  0.000  0.004  0.000  0.004
   1.45171      6.951246  0.000  0.004  0.000  0.004
   1.45171      6.951246  0.000  0.004  0.000  0.004
   1.47167      6.940167  0.000  0.004  0.000  0.006
   1.49163      6.915545  0.000  0.000  0.002  0.002
   1.51159      6.933417  0.000  0.002  0.002  0.006
   1.53154      6.950476  0.000  0.006  0.004  0.008
   1.55150      6.968644  0.000  0.008  0.004  0.012
   1.57146      6.988279  0.000  0.012  0.004  0.016
   1.59142      7.006564  0.000  0.002  0.000  0.002
   1.61137      6.998804  0.000  0.002  0.000  0.002
   1.63133      6.997900  0.000  0.002  0.000  0.004
   1.65129      7.011866  0.000  0.004  0.000  0.004
   1.67125      7.047110  0.000  0.004  0.000  0.004
   1.69120      7.057516  0.000  0.018  0.008  0.024
   1.71116      7.059768  0.000  0.017  0.008  0.025
   1.73112      7.061442  0.000  0.017  0.008  0.025
   1.75108      7.103075  0.000  0.002  0.002  0.006
   1.77103      7.158780  0.002  0.002  0.002  0.006
   1.79099      7.204582  0.000  0.000  0.002  0.004
   1.81095      7.224015  0.000  0.000  0.002  0.002
   1.83091      7.229792  0.000  0.000  0.002  0.002
 
# Band-Index:  138
   1.83091      7.321927  0.002  0.002  0.002  0.008
   1.81095      7.290606  0.002  0.002  0.002  0.006
   1.79099      7.234609  0.002  0.000  0.002  0.004
   1.77103      7.195391  0.000  0.002  0.002  0.004
   1.75108      7.178341  0.000  0.004  0.002  0.006
   1.73112      7.174943  0.000  0.006  0.002  0.008
   1.71116      7.153996  0.000  0.004  0.002  0.006
   1.69120      7.100757  0.000  0.004  0.000  0.004
   1.67125      7.053947  0.000  0.018  0.008  0.024
   1.65129      7.048015  0.000  0.016  0.006  0.024
   1.63133      7.038626  0.000  0.016  0.006  0.022
   1.61137      7.025118  0.000  0.016  0.006  0.022
   1.59142      7.007827  0.000  0.014  0.006  0.018
   1.57146      7.015667  0.000  0.002  0.000  0.002
   1.55150      7.024011  0.000  0.002  0.000  0.002
   1.53154      7.030513  0.000  0.002  0.000  0.002
   1.51159      7.034117  0.000  0.002  0.000  0.002
   1.49163      7.034485  0.000  0.002  0.000  0.002
   1.47167      7.032429  0.000  0.002  0.000  0.002
   1.45171      7.030723  0.000  0.002  0.000  0.002
   1.45171      7.030723  0.000  0.002  0.000  0.002
   1.42349      7.031050  0.000  0.002  0.000  0.002
   1.39526      7.031013  0.000  0.002  0.002  0.003
   1.36704      7.067203  0.000  0.010  0.006  0.017
   1.33882      7.072300  0.000  0.010  0.006  0.014
   1.31059      7.089821  0.000  0.008  0.004  0.012
   1.28237      7.111847  0.000  0.008  0.004  0.011
   1.25414      7.128888  0.000  0.008  0.002  0.010
   1.22592      7.109863  0.000  0.004  0.004  0.006
   1.19769      7.087950  0.000  0.002  0.002  0.004
   1.16947      7.072944  0.001  0.004  0.004  0.008
   1.14125      7.067466  0.000  0.008  0.004  0.012
   1.11302      7.089032  0.000  0.014  0.004  0.018
   1.08480      7.117682  0.000  0.021  0.004  0.025
   1.05657      7.123260  0.000  0.023  0.002  0.024
   1.02835      7.119088  0.000  0.029  0.002  0.029
   1.00013      7.114748  0.000  0.029  0.002  0.032
   0.97190      7.115479  0.000  0.008  0.002  0.012
   0.94368      7.174289  0.000  0.003  0.002  0.005
   0.91545      7.187012  0.000  0.002  0.002  0.004
   0.91545      7.187012  0.000  0.002  0.002  0.004
   0.89550      7.168629  0.000  0.002  0.002  0.004
   0.87554      7.147112  0.000  0.002  0.002  0.004
   0.85558      7.161001  0.000  0.024  0.004  0.028
   0.83562      7.139765  0.000  0.002  0.004  0.006
   0.81567      7.132006  0.000  0.002  0.004  0.006
   0.79571      7.157180  0.002  0.004  0.004  0.010
   0.77575      7.195490  0.002  0.006  0.004  0.012
   0.75579      7.192244  0.000  0.004  0.002  0.006
   0.73584      7.183014  0.000  0.014  0.002  0.018
   0.71588      7.196284  0.000  0.024  0.006  0.028
   0.69592      7.216687  0.000  0.024  0.006  0.030
   0.67596      7.235927  0.000  0.024  0.006  0.030
   0.65600      7.250215  0.000  0.022  0.006  0.028
   0.63605      7.257504  0.000  0.022  0.004  0.026
   0.61609      7.258901  0.000  0.022  0.004  0.026
   0.59613      7.257088  0.000  0.022  0.004  0.026
   0.57617      7.254423  0.000  0.024  0.004  0.026
   0.55622      7.252367  0.000  0.024  0.004  0.028
   0.53626      7.251616  0.000  0.024  0.004  0.028
   0.53626      7.251616  0.000  0.024  0.004  0.028
   0.50804      7.266459  0.000  0.024  0.004  0.028
   0.47981      7.276866  0.006  0.008  0.000  0.014
   0.45159      7.277518  0.004  0.006  0.000  0.010
   0.42336      7.264098  0.000  0.002  0.002  0.003
   0.39514      7.356911  0.000  0.004  0.002  0.006
   0.36691      7.434857  0.000  0.008  0.002  0.011
   0.33869      7.455481  0.002  0.016  0.002  0.019
   0.31047      7.430942  0.002  0.016  0.002  0.018
   0.28224      7.397737  0.002  0.012  0.002  0.016
   0.25402      7.363159  0.000  0.010  0.004  0.014
   0.22579      7.343523  0.000  0.009  0.004  0.013
   0.19757      7.333373  0.000  0.010  0.004  0.014
   0.16935      7.309632  0.002  0.005  0.003  0.011
   0.14112      7.312610  0.004  0.004  0.004  0.010
   0.11290      7.314559  0.004  0.004  0.002  0.010
   0.08467      7.316714  0.004  0.002  0.002  0.008
   0.05645      7.319105  0.002  0.002  0.002  0.008
   0.02822      7.321118  0.002  0.002  0.002  0.008
   0.00000      7.321927  0.002  0.002  0.002  0.008
 
# Band-Index:  139
   0.00000      7.367884  0.004  0.000  0.002  0.006
   0.02822      7.379293  0.002  0.000  0.002  0.006
   0.05645      7.408584  0.002  0.002  0.002  0.006
   0.08467      7.429025  0.000  0.006  0.002  0.008
   0.11290      7.425434  0.000  0.006  0.002  0.008
   0.14112      7.421017  0.001  0.006  0.002  0.008
   0.16935      7.423200  0.002  0.004  0.002  0.008
   0.19757      7.436110  0.000  0.004  0.000  0.006
   0.22579      7.457019  0.000  0.004  0.002  0.006
   0.25402      7.478908  0.000  0.004  0.002  0.006
   0.28224      7.490133  0.000  0.008  0.004  0.014
   0.31047      7.482526  0.000  0.006  0.004  0.012
   0.33869      7.473768  0.000  0.010  0.004  0.015
   0.36691      7.469214  0.000  0.016  0.002  0.019
   0.39514      7.453641  0.000  0.018  0.003  0.020
   0.42336      7.401305  0.000  0.022  0.004  0.026
   0.45159      7.347534  0.000  0.024  0.004  0.028
   0.47981      7.301550  0.000  0.024  0.004  0.028
   0.50804      7.271493  0.006  0.010  0.002  0.018
   0.53626      7.271792  0.008  0.012  0.002  0.020
   0.53626      7.271792  0.008  0.012  0.002  0.020
   0.55622      7.276452  0.008  0.012  0.002  0.020
   0.57617      7.289300  0.008  0.012  0.002  0.020
   0.59613      7.306870  0.006  0.012  0.002  0.020
   0.61609      7.323536  0.006  0.012  0.002  0.020
   0.63605      7.311164  0.000  0.018  0.004  0.023
   0.65600      7.294694  0.000  0.017  0.004  0.020
   0.67596      7.280632  0.000  0.016  0.002  0.018
   0.69592      7.269263  0.000  0.014  0.002  0.017
   0.71588      7.260365  0.000  0.014  0.002  0.016
   0.73584      7.254105  0.000  0.012  0.002  0.014
   0.75579      7.233801  0.002  0.007  0.004  0.014
   0.77575      7.206224  0.000  0.004  0.002  0.006
   0.79571      7.212194  0.000  0.010  0.004  0.014
   0.81567      7.203017  0.000  0.017  0.004  0.021
   0.83562      7.184388  0.000  0.021  0.004  0.025
   0.85558      7.171474  0.000  0.002  0.003  0.006
   0.87554      7.208557  0.000  0.004  0.002  0.006
   0.89550      7.208330  0.000  0.008  0.002  0.010
   0.91545      7.206235  0.000  0.004  0.001  0.005
   0.91545      7.206235  0.000  0.004  0.001  0.005
   0.94368      7.176117  0.000  0.002  0.002  0.005
   0.97190      7.161224  0.000  0.009  0.004  0.013
   1.00013      7.142757  0.000  0.020  0.004  0.024
   1.02835      7.134091  0.000  0.029  0.002  0.031
   1.05657      7.132208  0.000  0.029  0.003  0.032
   1.08480      7.125405  0.000  0.013  0.002  0.015
   1.11302      7.114484  0.000  0.004  0.002  0.007
   1.14125      7.094514  0.000  0.002  0.002  0.004
   1.16947      7.076934  0.000  0.000  0.000  0.002
   1.19769      7.111864  0.000  0.010  0.004  0.014
   1.22592      7.133579  0.000  0.010  0.002  0.012
   1.25414      7.140746  0.000  0.004  0.004  0.008
   1.28237      7.157198  0.000  0.016  0.004  0.020
   1.31059      7.101858  0.000  0.010  0.004  0.014
   1.33882      7.092434  0.000  0.006  0.002  0.006
   1.36704      7.078178  0.000  0.002  0.000  0.002
   1.39526      7.073812  0.000  0.010  0.006  0.018
   1.42349      7.084582  0.000  0.006  0.006  0.014
   1.45171      7.090085  0.000  0.004  0.006  0.010
   1.45171      7.090085  0.000  0.004  0.006  0.010
   1.47167      7.095666  0.000  0.004  0.006  0.010
   1.49163      7.109387  0.000  0.002  0.006  0.008
   1.51159      7.124709  0.000  0.002  0.006  0.008
   1.53154      7.139050  0.000  0.002  0.006  0.008
   1.55150      7.154808  0.000  0.002  0.006  0.008
   1.57146      7.170694  0.002  0.002  0.006  0.008
   1.59142      7.183241  0.002  0.002  0.006  0.008
   1.61137      7.192551  0.002  0.002  0.004  0.008
   1.63133      7.202404  0.002  0.002  0.004  0.008
   1.65129      7.216293  0.002  0.002  0.004  0.006
   1.67125      7.233951  0.000  0.002  0.004  0.006
   1.69120      7.246536  0.000  0.004  0.002  0.008
   1.71116      7.252120  0.000  0.004  0.002  0.008
   1.73112      7.286950  0.000  0.002  0.002  0.006
   1.75108      7.339166  0.002  0.002  0.004  0.006
   1.77103      7.362386  0.002  0.002  0.004  0.008
   1.79099      7.371239  0.002  0.002  0.004  0.008
   1.81095      7.373455  0.004  0.002  0.002  0.008
   1.83091      7.367884  0.004  0.000  0.002  0.006
 
# Band-Index:  140
   1.83091      7.482055  0.000  0.008  0.002  0.010
   1.81095      7.461657  0.000  0.008  0.002  0.008
   1.79099      7.434677  0.000  0.006  0.002  0.008
   1.77103      7.403516  0.000  0.006  0.002  0.008
   1.75108      7.369554  0.000  0.006  0.002  0.006
   1.73112      7.346036  0.000  0.006  0.002  0.008
   1.71116      7.319672  0.002  0.006  0.002  0.010
   1.69120      7.299428  0.002  0.010  0.002  0.014
   1.67125      7.298133  0.002  0.012  0.002  0.016
   1.65129      7.305206  0.002  0.012  0.002  0.016
   1.63133      7.308393  0.000  0.010  0.004  0.014
   1.61137      7.302256  0.000  0.006  0.004  0.010
   1.59142      7.290152  0.000  0.002  0.004  0.006
   1.57146      7.255846  0.000  0.008  0.004  0.012
   1.55150      7.219617  0.000  0.010  0.004  0.014
   1.53154      7.185963  0.000  0.014  0.004  0.018
   1.51159      7.156352  0.000  0.016  0.006  0.022
   1.49163      7.133286  0.000  0.018  0.006  0.024
   1.47167      7.118936  0.000  0.018  0.006  0.026
   1.45171      7.114134  0.000  0.020  0.006  0.026
   1.45171      7.114134  0.000  0.020  0.006  0.026
   1.42349      7.117507  0.000  0.016  0.006  0.024
   1.39526      7.125678  0.000  0.014  0.006  0.020
   1.36704      7.125231  0.000  0.004  0.002  0.004
   1.33882      7.146471  0.000  0.002  0.002  0.002
   1.31059      7.179045  0.000  0.002  0.002  0.004
   1.28237      7.172104  0.000  0.003  0.004  0.008
   1.25414      7.228021  0.000  0.020  0.006  0.026
   1.22592      7.211106  0.000  0.002  0.004  0.006
   1.19769      7.188315  0.000  0.000  0.004  0.004
   1.16947      7.140562  0.002  0.006  0.006  0.014
   1.14125      7.137815  0.000  0.004  0.004  0.008
   1.11302      7.166668  0.000  0.002  0.004  0.006
   1.08480      7.189652  0.000  0.006  0.002  0.008
   1.05657      7.209032  0.000  0.006  0.002  0.008
   1.02835      7.218900  0.000  0.000  0.004  0.004
   1.00013      7.222714  0.000  0.004  0.004  0.008
   0.97190      7.221367  0.000  0.008  0.003  0.010
   0.94368      7.214449  0.000  0.010  0.002  0.012
   0.91545      7.209616  0.000  0.008  0.002  0.010
   0.91545      7.209616  0.000  0.008  0.002  0.010
   0.89550      7.243824  0.000  0.004  0.002  0.006
   0.87554      7.228657  0.000  0.004  0.002  0.008
   0.85558      7.256961  0.000  0.002  0.002  0.004
   0.83562      7.274822  0.000  0.002  0.002  0.004
   0.81567      7.265655  0.000  0.002  0.002  0.004
   0.79571      7.251870  0.000  0.006  0.002  0.006
   0.77575      7.248592  0.000  0.010  0.002  0.011
   0.75579      7.250539  0.000  0.010  0.002  0.012
   0.73584      7.264378  0.002  0.008  0.002  0.014
   0.71588      7.287536  0.002  0.008  0.002  0.014
   0.69592      7.307255  0.002  0.010  0.004  0.014
   0.67596      7.323092  0.002  0.010  0.004  0.016
   0.65600      7.332604  0.004  0.012  0.002  0.018
   0.63605      7.333142  0.004  0.012  0.002  0.020
   0.61609      7.328361  0.000  0.019  0.006  0.024
   0.59613      7.344183  0.000  0.019  0.006  0.026
   0.57617      7.356863  0.000  0.019  0.008  0.026
   0.55622      7.365054  0.000  0.018  0.008  0.026
   0.53626      7.367885  0.000  0.018  0.008  0.026
   0.53626      7.367885  0.000  0.018  0.008  0.026
   0.50804      7.378703  0.000  0.016  0.008  0.024
   0.47981      7.398559  0.000  0.008  0.006  0.014
   0.45159      7.421104  0.000  0.000  0.004  0.004
   0.42336      7.453357  0.000  0.004  0.004  0.008
   0.39514      7.479314  0.000  0.007  0.006  0.015
   0.36691      7.503816  0.000  0.009  0.006  0.015
   0.33869      7.517912  0.000  0.006  0.003  0.010
   0.31047      7.514166  0.002  0.004  0.002  0.008
   0.28224      7.499010  0.002  0.004  0.002  0.006
   0.25402      7.506462  0.000  0.012  0.004  0.016
   0.22579      7.520243  0.000  0.016  0.004  0.020
   0.19757      7.520428  0.000  0.017  0.002  0.020
   0.16935      7.516451  0.000  0.014  0.002  0.016
   0.14112      7.515620  0.000  0.012  0.002  0.014
   0.11290      7.517904  0.000  0.012  0.002  0.012
   0.08467      7.488993  0.002  0.004  0.002  0.010
   0.05645      7.471995  0.002  0.006  0.002  0.010
   0.02822      7.478332  0.000  0.008  0.002  0.010
   0.00000      7.482055  0.000  0.008  0.002  0.010
 
# Band-Index:  141
   0.00000      7.527993  0.000  0.008  0.000  0.008
   0.02822      7.527097  0.000  0.008  0.000  0.010
   0.05645      7.524719  0.000  0.008  0.000  0.010
   0.08467      7.521412  0.000  0.010  0.000  0.010
   0.11290      7.543638  0.002  0.004  0.002  0.008
   0.14112      7.611235  0.002  0.006  0.002  0.008
   0.16935      7.666779  0.000  0.002  0.004  0.006
   0.19757      7.633150  0.000  0.002  0.004  0.006
   0.22579      7.611514  0.000  0.004  0.002  0.008
   0.25402      7.615446  0.000  0.010  0.004  0.012
   0.28224      7.594061  0.000  0.014  0.002  0.016
   0.31047      7.546780  0.000  0.010  0.002  0.012
   0.33869      7.520026  0.000  0.002  0.004  0.006
   0.36691      7.510082  0.000  0.004  0.008  0.011
   0.39514      7.486269  0.000  0.010  0.008  0.018
   0.42336      7.485583  0.000  0.006  0.008  0.014
   0.45159      7.480541  0.000  0.002  0.006  0.008
   0.47981      7.462566  0.000  0.004  0.004  0.008
   0.50804      7.440656  0.000  0.010  0.002  0.010
   0.53626      7.431628  0.000  0.012  0.002  0.012
   0.53626      7.431628  0.000  0.012  0.002  0.012
   0.55622      7.431055  0.000  0.012  0.002  0.012
   0.57617      7.429679  0.000  0.010  0.002  0.012
   0.59613      7.428561  0.000  0.010  0.002  0.012
   0.61609      7.429465  0.002  0.008  0.002  0.012
   0.63605      7.433934  0.002  0.006  0.002  0.012
   0.65600      7.434601  0.000  0.002  0.002  0.004
   0.67596      7.405036  0.000  0.002  0.002  0.004
   0.69592      7.375588  0.000  0.004  0.002  0.004
   0.71588      7.347673  0.000  0.004  0.002  0.006
   0.73584      7.323583  0.000  0.004  0.002  0.006
   0.75579      7.306661  0.000  0.004  0.002  0.006
   0.77575      7.300505  0.000  0.004  0.002  0.006
   0.79571      7.304744  0.000  0.002  0.002  0.004
   0.81567      7.312318  0.000  0.002  0.002  0.002
   0.83562      7.318448  0.000  0.000  0.002  0.002
   0.85558      7.335517  0.000  0.000  0.000  0.000
   0.87554      7.316718  0.000  0.002  0.000  0.002
   0.89550      7.257492  0.000  0.002  0.000  0.002
   0.91545      7.263189  0.002  0.004  0.002  0.008
   0.91545      7.263189  0.002  0.004  0.002  0.008
   0.94368      7.322652  0.000  0.002  0.002  0.004
   0.97190      7.312927  0.000  0.004  0.002  0.008
   1.00013      7.272913  0.000  0.006  0.002  0.010
   1.02835      7.238817  0.000  0.006  0.002  0.010
   1.05657      7.214371  0.000  0.002  0.002  0.004
   1.08480      7.199746  0.000  0.004  0.002  0.006
   1.11302      7.185551  0.000  0.006  0.002  0.008
   1.14125      7.185140  0.000  0.004  0.002  0.006
   1.16947      7.184277  0.000  0.002  0.002  0.006
   1.19769      7.193632  0.002  0.006  0.004  0.013
   1.22592      7.251838  0.000  0.012  0.002  0.014
   1.25414      7.244208  0.000  0.004  0.006  0.010
   1.28237      7.231340  0.000  0.016  0.008  0.024
   1.31059      7.192174  0.000  0.016  0.008  0.024
   1.33882      7.160846  0.000  0.014  0.006  0.022
   1.36704      7.139289  0.000  0.014  0.006  0.020
   1.39526      7.150484  0.000  0.002  0.002  0.004
   1.42349      7.175368  0.000  0.002  0.002  0.004
   1.45171      7.185983  0.000  0.002  0.000  0.002
   1.45171      7.185983  0.000  0.002  0.000  0.002
   1.47167      7.182596  0.000  0.002  0.002  0.004
   1.49163      7.177845  0.000  0.004  0.002  0.004
   1.51159      7.183287  0.000  0.006  0.002  0.008
   1.53154      7.204958  0.000  0.008  0.002  0.008
   1.55150      7.238859  0.000  0.008  0.002  0.010
   1.57146      7.280035  0.000  0.010  0.000  0.010
   1.59142      7.294510  0.000  0.006  0.002  0.008
   1.61137      7.336259  0.000  0.004  0.002  0.006
   1.63133      7.381735  0.000  0.002  0.002  0.004
   1.65129      7.427135  0.000  0.004  0.006  0.010
   1.67125      7.434261  0.000  0.004  0.004  0.008
   1.69120      7.425879  0.000  0.002  0.004  0.006
   1.71116      7.417827  0.002  0.002  0.004  0.006
   1.73112      7.418941  0.002  0.002  0.002  0.006
   1.75108      7.441851  0.002  0.002  0.002  0.006
   1.77103      7.493721  0.002  0.002  0.000  0.004
   1.79099      7.559254  0.002  0.002  0.002  0.006
   1.81095      7.562112  0.000  0.008  0.002  0.010
   1.83091      7.527993  0.000  0.008  0.000  0.008
 
# Band-Index:  142
   1.83091      7.652152  0.002  0.002  0.004  0.010
   1.81095      7.624794  0.002  0.000  0.002  0.004
   1.79099      7.620359  0.002  0.006  0.002  0.010
   1.77103      7.635136  0.002  0.006  0.006  0.014
   1.75108      7.623519  0.002  0.006  0.006  0.014
   1.73112      7.598618  0.002  0.004  0.008  0.012
   1.71116      7.564714  0.000  0.004  0.008  0.012
   1.69120      7.525529  0.000  0.004  0.006  0.010
   1.67125      7.483042  0.000  0.000  0.002  0.002
   1.65129      7.430945  0.000  0.000  0.002  0.002
   1.63133      7.397341  0.000  0.008  0.004  0.012
   1.61137      7.364667  0.000  0.012  0.002  0.014
   1.59142      7.324339  0.000  0.012  0.000  0.012
   1.57146      7.284664  0.000  0.002  0.002  0.004
   1.55150      7.294565  0.000  0.002  0.002  0.002
   1.53154      7.321947  0.000  0.000  0.002  0.002
   1.51159      7.361847  0.000  0.000  0.000  0.002
   1.49163      7.359469  0.000  0.004  0.002  0.006
   1.47167      7.366425  0.000  0.004  0.002  0.006
   1.45171      7.378431  0.000  0.000  0.002  0.002
   1.45171      7.378431  0.000  0.000  0.002  0.002
   1.42349      7.372560  0.000  0.002  0.002  0.004
   1.39526      7.359547  0.000  0.004  0.002  0.006
   1.36704      7.343765  0.000  0.004  0.002  0.008
   1.33882      7.327938  0.000  0.006  0.002  0.008
   1.31059      7.311731  0.000  0.006  0.004  0.010
   1.28237      7.291752  0.000  0.008  0.004  0.012
   1.25414      7.291869  0.000  0.020  0.006  0.026
   1.22592      7.310391  0.000  0.017  0.009  0.026
   1.19769      7.341425  0.000  0.025  0.007  0.032
   1.16947      7.351623  0.000  0.027  0.006  0.033
   1.14125      7.340377  0.000  0.025  0.006  0.031
   1.11302      7.313192  0.000  0.018  0.004  0.024
   1.08480      7.287552  0.000  0.008  0.004  0.014
   1.05657      7.301278  0.000  0.002  0.004  0.006
   1.02835      7.347382  0.003  0.004  0.002  0.009
   1.00013      7.392728  0.002  0.002  0.002  0.005
   0.97190      7.404729  0.000  0.000  0.002  0.002
   0.94368      7.341323  0.000  0.002  0.002  0.004
   0.91545      7.323325  0.000  0.002  0.002  0.002
   0.91545      7.323325  0.000  0.002  0.002  0.002
   0.89550      7.338416  0.000  0.002  0.002  0.004
   0.87554      7.358508  0.000  0.002  0.004  0.006
   0.85558      7.368438  0.000  0.003  0.004  0.008
   0.83562      7.367758  0.002  0.004  0.004  0.010
   0.81567      7.358754  0.002  0.004  0.004  0.010
   0.79571      7.345730  0.002  0.005  0.004  0.010
   0.77575      7.335015  0.000  0.004  0.004  0.010
   0.75579      7.334715  0.000  0.004  0.004  0.008
   0.73584      7.352620  0.000  0.002  0.006  0.008
   0.71588      7.385593  0.002  0.002  0.006  0.010
   0.69592      7.419640  0.002  0.002  0.006  0.012
   0.67596      7.439108  0.004  0.004  0.004  0.012
   0.65600      7.440015  0.004  0.006  0.002  0.012
   0.63605      7.462688  0.000  0.002  0.002  0.002
   0.61609      7.487295  0.000  0.000  0.002  0.002
   0.59613      7.507687  0.000  0.000  0.002  0.002
   0.57617      7.524068  0.000  0.000  0.002  0.002
   0.55622      7.535533  0.000  0.000  0.000  0.002
   0.53626      7.539816  0.000  0.000  0.000  0.002
   0.53626      7.539816  0.000  0.000  0.000  0.002
   0.50804      7.528835  0.000  0.002  0.002  0.004
   0.47981      7.514473  0.000  0.008  0.006  0.014
   0.45159      7.520324  0.000  0.010  0.010  0.022
   0.42336      7.543918  0.000  0.010  0.006  0.017
   0.39514      7.576275  0.000  0.002  0.006  0.008
   0.36691      7.567252  0.002  0.004  0.004  0.010
   0.33869      7.619349  0.002  0.008  0.004  0.014
   0.31047      7.677765  0.002  0.004  0.004  0.010
   0.28224      7.649296  0.000  0.008  0.002  0.010
   0.25402      7.662643  0.000  0.012  0.002  0.014
   0.22579      7.722348  0.000  0.014  0.004  0.018
   0.19757      7.748999  0.000  0.007  0.000  0.008
   0.16935      7.682172  0.002  0.006  0.000  0.008
   0.14112      7.682540  0.002  0.002  0.004  0.008
   0.11290      7.666618  0.002  0.002  0.004  0.008
   0.08467      7.650334  0.002  0.002  0.004  0.010
   0.05645      7.642816  0.002  0.002  0.004  0.010
   0.02822      7.645735  0.002  0.002  0.004  0.010
   0.00000      7.652152  0.002  0.002  0.004  0.010
 
# Band-Index:  143
   0.00000      7.659214  0.000  0.004  0.002  0.006
   0.02822      7.660168  0.000  0.003  0.002  0.006
   0.05645      7.664356  0.000  0.002  0.002  0.006
   0.08467      7.674157  0.000  0.002  0.002  0.006
   0.11290      7.691520  0.000  0.002  0.004  0.006
   0.14112      7.717946  0.000  0.000  0.004  0.004
   0.16935      7.739238  0.000  0.008  0.004  0.012
   0.19757      7.750948  0.000  0.010  0.006  0.016
   0.22579      7.784125  0.000  0.006  0.002  0.008
   0.25402      7.740408  0.000  0.006  0.000  0.008
   0.28224      7.711559  0.000  0.004  0.002  0.006
   0.31047      7.700850  0.000  0.015  0.005  0.020
   0.33869      7.717068  0.000  0.004  0.006  0.010
   0.36691      7.663918  0.002  0.010  0.002  0.012
   0.39514      7.600845  0.002  0.008  0.002  0.014
   0.42336      7.586534  0.000  0.002  0.010  0.012
   0.45159      7.562128  0.000  0.008  0.006  0.014
   0.47981      7.560189  0.000  0.008  0.006  0.016
   0.50804      7.573255  0.000  0.008  0.008  0.016
   0.53626      7.582125  0.000  0.008  0.008  0.016
   0.53626      7.582125  0.000  0.008  0.008  0.016
   0.55622      7.585726  0.000  0.008  0.008  0.016
   0.57617      7.596476  0.000  0.008  0.008  0.016
   0.59613      7.613844  0.000  0.008  0.008  0.016
   0.61609      7.583081  0.000  0.002  0.004  0.006
   0.63605      7.556494  0.000  0.002  0.004  0.006
   0.65600      7.539776  0.000  0.004  0.004  0.006
   0.67596      7.532188  0.000  0.004  0.004  0.008
   0.69592      7.530938  0.000  0.006  0.002  0.008
   0.71588      7.531860  0.000  0.006  0.002  0.008
   0.73584      7.529600  0.000  0.008  0.002  0.009
   0.75579      7.518499  0.000  0.008  0.000  0.008
   0.77575      7.495148  0.000  0.008  0.000  0.008
   0.79571      7.461550  0.000  0.006  0.000  0.006
   0.81567      7.426411  0.000  0.004  0.000  0.006
   0.83562      7.405693  0.000  0.004  0.000  0.004
   0.85558      7.380875  0.000  0.000  0.000  0.002
   0.87554      7.361002  0.000  0.000  0.000  0.000
   0.89550      7.381787  0.000  0.000  0.000  0.000
   0.91545      7.390717  0.000  0.000  0.000  0.000
   0.91545      7.390717  0.000  0.000  0.000  0.000
   0.94368      7.377070  0.000  0.002  0.002  0.004
   0.97190      7.406868  0.000  0.002  0.002  0.004
   1.00013      7.400942  0.000  0.002  0.002  0.004
   1.02835      7.349358  0.000  0.002  0.003  0.004
   1.05657      7.321522  0.004  0.010  0.002  0.016
   1.08480      7.321854  0.002  0.018  0.002  0.023
   1.11302      7.341468  0.002  0.024  0.002  0.028
   1.14125      7.365273  0.002  0.027  0.004  0.031
   1.16947      7.372730  0.000  0.025  0.006  0.032
   1.19769      7.356712  0.000  0.021  0.009  0.030
   1.22592      7.327471  0.000  0.021  0.008  0.029
   1.25414      7.334920  0.000  0.004  0.006  0.010
   1.28237      7.378336  0.000  0.002  0.002  0.004
   1.31059      7.363201  0.000  0.008  0.004  0.012
   1.33882      7.371756  0.000  0.008  0.004  0.014
   1.36704      7.391506  0.000  0.002  0.002  0.006
   1.39526      7.392457  0.000  0.004  0.002  0.006
   1.42349      7.391418  0.000  0.006  0.002  0.008
   1.45171      7.388522  0.000  0.010  0.004  0.012
   1.45171      7.388522  0.000  0.010  0.004  0.012
   1.47167      7.391912  0.000  0.006  0.002  0.010
   1.49163      7.390500  0.000  0.004  0.002  0.006
   1.51159      7.362980  0.000  0.004  0.002  0.006
   1.53154      7.377157  0.000  0.004  0.002  0.006
   1.55150      7.400487  0.000  0.004  0.002  0.008
   1.57146      7.410743  0.000  0.006  0.002  0.010
   1.59142      7.403776  0.000  0.004  0.002  0.008
   1.61137      7.411510  0.000  0.002  0.004  0.006
   1.63133      7.435770  0.000  0.004  0.002  0.008
   1.65129      7.455885  0.000  0.006  0.002  0.008
   1.67125      7.485573  0.000  0.004  0.004  0.008
   1.69120      7.536445  0.000  0.000  0.002  0.002
   1.71116      7.588933  0.000  0.000  0.000  0.002
   1.73112      7.637095  0.000  0.000  0.000  0.000
   1.75108      7.672206  0.000  0.000  0.000  0.000
   1.77103      7.684880  0.000  0.000  0.000  0.000
   1.79099      7.682464  0.000  0.002  0.006  0.008
   1.81095      7.667669  0.000  0.004  0.004  0.010
   1.83091      7.659214  0.000  0.004  0.002  0.006
 
# Band-Index:  144
   1.83091      7.690366  0.000  0.000  0.000  0.000
   1.81095      7.689955  0.000  0.000  0.000  0.000
   1.79099      7.688528  0.000  0.000  0.000  0.000
   1.77103      7.731398  0.002  0.002  0.004  0.008
   1.75108      7.708367  0.000  0.000  0.000  0.000
   1.73112      7.693315  0.000  0.002  0.000  0.002
   1.71116      7.681150  0.000  0.002  0.000  0.002
   1.69120      7.659979  0.000  0.004  0.000  0.004
   1.67125      7.610814  0.000  0.002  0.004  0.006
   1.65129      7.564683  0.000  0.002  0.004  0.006
   1.63133      7.538151  0.000  0.002  0.006  0.008
   1.61137      7.502869  0.000  0.004  0.002  0.006
   1.59142      7.464999  0.000  0.004  0.002  0.008
   1.57146      7.430498  0.000  0.004  0.002  0.008
   1.55150      7.422363  0.000  0.008  0.002  0.010
   1.53154      7.430816  0.000  0.008  0.004  0.012
   1.51159      7.434228  0.000  0.008  0.004  0.012
   1.49163      7.435220  0.000  0.006  0.004  0.010
   1.47167      7.407434  0.000  0.006  0.004  0.010
   1.45171      7.389960  0.000  0.006  0.002  0.010
   1.45171      7.389960  0.000  0.006  0.002  0.010
   1.42349      7.398057  0.000  0.010  0.004  0.012
   1.39526      7.416663  0.000  0.010  0.004  0.014
   1.36704      7.405070  0.000  0.010  0.006  0.016
   1.33882      7.387875  0.000  0.002  0.002  0.004
   1.31059      7.381952  0.000  0.002  0.002  0.004
   1.28237      7.380066  0.000  0.006  0.004  0.011
   1.25414      7.383670  0.000  0.004  0.002  0.006
   1.22592      7.399651  0.000  0.006  0.002  0.008
   1.19769      7.420368  0.000  0.008  0.002  0.010
   1.16947      7.441213  0.000  0.006  0.004  0.010
   1.14125      7.443486  0.002  0.006  0.004  0.010
   1.11302      7.429854  0.002  0.008  0.004  0.014
   1.08480      7.436403  0.002  0.010  0.004  0.016
   1.05657      7.462837  0.002  0.008  0.004  0.014
   1.02835      7.499379  0.002  0.006  0.004  0.010
   1.00013      7.501427  0.000  0.002  0.001  0.002
   0.97190      7.434211  0.000  0.000  0.002  0.002
   0.94368      7.424040  0.000  0.000  0.002  0.004
   0.91545      7.434066  0.000  0.000  0.004  0.004
   0.91545      7.434066  0.000  0.000  0.004  0.004
   0.89550      7.435668  0.000  0.002  0.002  0.006
   0.87554      7.430903  0.000  0.002  0.002  0.002
   0.85558      7.411790  0.000  0.004  0.002  0.004
   0.83562      7.448983  0.000  0.002  0.000  0.002
   0.81567      7.494564  0.002  0.006  0.002  0.010
   0.79571      7.508305  0.000  0.006  0.002  0.010
   0.77575      7.523066  0.000  0.006  0.004  0.010
   0.75579      7.538592  0.000  0.006  0.004  0.010
   0.73584      7.545673  0.002  0.009  0.002  0.014
   0.71588      7.538030  0.002  0.011  0.002  0.016
   0.69592      7.534457  0.000  0.012  0.003  0.016
   0.67596      7.547526  0.000  0.010  0.006  0.016
   0.65600      7.579401  0.000  0.009  0.008  0.016
   0.63605      7.617273  0.000  0.008  0.008  0.017
   0.61609      7.633221  0.000  0.008  0.007  0.016
   0.59613      7.616932  0.000  0.002  0.004  0.006
   0.57617      7.652564  0.000  0.002  0.004  0.006
   0.55622      7.674883  0.000  0.000  0.006  0.006
   0.53626      7.674407  0.000  0.000  0.008  0.008
   0.53626      7.674407  0.000  0.000  0.008  0.008
   0.50804      7.660909  0.000  0.004  0.010  0.016
   0.47981      7.621815  0.000  0.008  0.008  0.016
   0.45159      7.610402  0.000  0.008  0.005  0.012
   0.42336      7.621784  0.000  0.004  0.002  0.008
   0.39514      7.640994  0.000  0.002  0.002  0.006
   0.36691      7.673799  0.000  0.004  0.005  0.010
   0.33869      7.723833  0.000  0.014  0.003  0.017
   0.31047      7.707335  0.002  0.004  0.002  0.007
   0.28224      7.759573  0.000  0.006  0.008  0.016
   0.25402      7.809838  0.000  0.004  0.009  0.012
   0.22579      7.800259  0.000  0.006  0.002  0.008
   0.19757      7.791116  0.000  0.002  0.004  0.006
   0.16935      7.753438  0.000  0.000  0.004  0.004
   0.14112      7.736821  0.000  0.006  0.004  0.010
   0.11290      7.763724  0.000  0.004  0.002  0.006
   0.08467      7.778392  0.000  0.002  0.002  0.004
   0.05645      7.747343  0.000  0.000  0.000  0.002
   0.02822      7.709494  0.000  0.000  0.000  0.002
   0.00000      7.690366  0.000  0.000  0.000  0.000
 
# Band-Index:  145
   0.00000      7.788395  0.000  0.000  0.000  0.000
   0.02822      7.794504  0.000  0.000  0.000  0.000
   0.05645      7.810509  0.000  0.000  0.000  0.002
   0.08467      7.820866  0.000  0.000  0.002  0.002
   0.11290      7.854212  0.000  0.000  0.002  0.002
   0.14112      7.875729  0.000  0.002  0.002  0.004
   0.16935      7.889763  0.000  0.002  0.004  0.006
   0.19757      7.869468  0.000  0.005  0.002  0.008
   0.22579      7.839096  0.000  0.000  0.006  0.008
   0.25402      7.823575  0.000  0.004  0.004  0.009
   0.28224      7.818018  0.000  0.002  0.006  0.010
   0.31047      7.783924  0.000  0.002  0.008  0.012
   0.33869      7.740666  0.004  0.002  0.006  0.012
   0.36691      7.766292  0.004  0.003  0.005  0.013
   0.39514      7.752036  0.000  0.002  0.008  0.010
   0.42336      7.706457  0.002  0.008  0.004  0.012
   0.45159      7.722605  0.002  0.006  0.002  0.010
   0.47981      7.735049  0.000  0.002  0.006  0.010
   0.50804      7.696335  0.000  0.002  0.006  0.008
   0.53626      7.717537  0.000  0.000  0.007  0.007
   0.53626      7.717537  0.000  0.000  0.007  0.007
   0.55622      7.696818  0.000  0.000  0.008  0.008
   0.57617      7.694695  0.000  0.002  0.010  0.010
   0.59613      7.693141  0.000  0.008  0.014  0.022
   0.61609      7.665240  0.000  0.008  0.012  0.022
   0.63605      7.663598  0.000  0.010  0.010  0.020
   0.65600      7.661838  0.002  0.010  0.008  0.020
   0.67596      7.640476  0.002  0.010  0.006  0.018
   0.69592      7.613294  0.002  0.010  0.006  0.016
   0.71588      7.587571  0.002  0.009  0.004  0.016
   0.73584      7.567735  0.002  0.010  0.004  0.016
   0.75579      7.567311  0.004  0.010  0.004  0.018
   0.77575      7.576933  0.004  0.010  0.004  0.016
   0.79571      7.585162  0.000  0.002  0.000  0.002
   0.81567      7.517132  0.000  0.002  0.000  0.002
   0.83562      7.480280  0.002  0.006  0.002  0.010
   0.85558      7.463149  0.002  0.006  0.002  0.008
   0.87554      7.445592  0.002  0.004  0.002  0.008
   0.89550      7.458088  0.000  0.000  0.002  0.002
   0.91545      7.480670  0.000  0.000  0.002  0.002
   0.91545      7.480670  0.000  0.000  0.002  0.002
   0.94368      7.468789  0.000  0.002  0.002  0.004
   0.97190      7.472818  0.000  0.000  0.002  0.002
   1.00013      7.504667  0.000  0.002  0.002  0.005
   1.02835      7.559131  0.000  0.006  0.004  0.008
   1.05657      7.584647  0.000  0.008  0.004  0.014
   1.08480      7.559006  0.000  0.008  0.006  0.014
   1.11302      7.513678  0.000  0.006  0.008  0.012
   1.14125      7.471499  0.000  0.004  0.006  0.010
   1.16947      7.465139  0.002  0.004  0.002  0.008
   1.19769      7.478491  0.002  0.002  0.002  0.006
   1.22592      7.480068  0.002  0.002  0.002  0.004
   1.25414      7.460429  0.000  0.000  0.002  0.002
   1.28237      7.416378  0.000  0.000  0.000  0.002
   1.31059      7.435479  0.000  0.002  0.002  0.004
   1.33882      7.452898  0.000  0.004  0.002  0.006
   1.36704      7.450518  0.000  0.004  0.002  0.006
   1.39526      7.461074  0.000  0.002  0.004  0.006
   1.42349      7.492768  0.000  0.002  0.004  0.006
   1.45171      7.506794  0.000  0.002  0.004  0.006
   1.45171      7.506794  0.000  0.002  0.004  0.006
   1.47167      7.491078  0.000  0.002  0.004  0.005
   1.49163      7.452635  0.000  0.004  0.004  0.008
   1.51159      7.466586  0.000  0.006  0.004  0.010
   1.53154      7.500976  0.000  0.006  0.004  0.010
   1.55150      7.526274  0.000  0.006  0.008  0.014
   1.57146      7.528341  0.000  0.006  0.008  0.014
   1.59142      7.530328  0.000  0.006  0.006  0.012
   1.61137      7.531365  0.000  0.004  0.006  0.010
   1.63133      7.543548  0.000  0.004  0.002  0.006
   1.65129      7.585817  0.000  0.004  0.002  0.006
   1.67125      7.626556  0.000  0.004  0.000  0.006
   1.69120      7.664894  0.000  0.004  0.002  0.006
   1.71116      7.720157  0.000  0.004  0.002  0.006
   1.73112      7.771203  0.000  0.002  0.002  0.006
   1.75108      7.789751  0.002  0.002  0.004  0.008
   1.77103      7.736728  0.000  0.000  0.000  0.000
   1.79099      7.764099  0.000  0.000  0.000  0.000
   1.81095      7.782149  0.000  0.000  0.000  0.000
   1.83091      7.788394  0.000  0.000  0.000  0.000
 
# Band-Index:  146
   1.83091      7.819708  0.000  0.000  0.002  0.002
   1.81095      7.812077  0.000  0.002  0.002  0.004
   1.79099      7.810776  0.000  0.004  0.004  0.008
   1.77103      7.813554  0.000  0.004  0.002  0.008
   1.75108      7.807215  0.000  0.004  0.002  0.006
   1.73112      7.818053  0.002  0.004  0.004  0.008
   1.71116      7.822153  0.000  0.004  0.002  0.008
   1.69120      7.792210  0.000  0.002  0.000  0.004
   1.67125      7.772338  0.000  0.002  0.000  0.002
   1.65129      7.753946  0.000  0.002  0.002  0.004
   1.63133      7.722050  0.000  0.002  0.004  0.006
   1.61137      7.676142  0.000  0.004  0.004  0.008
   1.59142      7.627017  0.000  0.004  0.004  0.008
   1.57146      7.580662  0.000  0.004  0.004  0.008
   1.55150      7.538745  0.000  0.004  0.004  0.010
   1.53154      7.529777  0.000  0.006  0.006  0.012
   1.51159      7.543793  0.000  0.006  0.006  0.012
   1.49163      7.566176  0.000  0.004  0.006  0.010
   1.47167      7.596386  0.000  0.002  0.006  0.008
   1.45171      7.632076  0.000  0.002  0.006  0.006
   1.45171      7.632076  0.000  0.002  0.006  0.006
   1.42349      7.617083  0.000  0.002  0.004  0.004
   1.39526      7.600050  0.000  0.000  0.004  0.004
   1.36704      7.581513  0.000  0.002  0.004  0.006
   1.33882      7.560733  0.000  0.004  0.004  0.010
   1.31059      7.542156  0.002  0.006  0.004  0.012
   1.28237      7.532284  0.002  0.008  0.004  0.014
   1.25414      7.541688  0.002  0.008  0.002  0.014
   1.22592      7.592017  0.002  0.006  0.002  0.008
   1.19769      7.658822  0.002  0.004  0.002  0.006
   1.16947      7.665066  0.000  0.006  0.002  0.008
   1.14125      7.659764  0.000  0.006  0.002  0.008
   1.11302      7.658806  0.000  0.006  0.002  0.008
   1.08480      7.658683  0.000  0.006  0.002  0.008
   1.05657      7.656291  0.000  0.006  0.002  0.008
   1.02835      7.580899  0.000  0.004  0.000  0.004
   1.00013      7.518907  0.000  0.000  0.002  0.004
   0.97190      7.529985  0.000  0.000  0.002  0.002
   0.94368      7.538703  0.000  0.002  0.004  0.006
   0.91545      7.482013  0.002  0.004  0.004  0.010
   0.91545      7.482013  0.002  0.004  0.004  0.010
   0.89550      7.494336  0.000  0.004  0.004  0.008
   0.87554      7.523804  0.000  0.004  0.004  0.008
   0.85558      7.562652  0.000  0.002  0.004  0.006
   0.83562      7.596094  0.002  0.002  0.004  0.008
   0.81567      7.591743  0.002  0.004  0.004  0.011
   0.79571      7.585400  0.004  0.008  0.004  0.014
   0.77575      7.632140  0.000  0.000  0.000  0.002
   0.75579      7.635777  0.000  0.000  0.002  0.002
   0.73584      7.633552  0.000  0.002  0.002  0.002
   0.71588      7.633973  0.000  0.002  0.002  0.004
   0.69592      7.639272  0.000  0.002  0.002  0.004
   0.67596      7.650188  0.000  0.003  0.002  0.004
   0.65600      7.666147  0.000  0.004  0.002  0.006
   0.63605      7.684713  0.000  0.004  0.002  0.006
   0.61609      7.700236  0.000  0.004  0.004  0.008
   0.59613      7.703042  0.000  0.004  0.008  0.010
   0.57617      7.715173  0.002  0.008  0.016  0.024
   0.55622      7.727923  0.002  0.006  0.016  0.025
   0.53626      7.725994  0.000  0.000  0.004  0.004
   0.53626      7.725994  0.000  0.000  0.004  0.004
   0.50804      7.734342  0.000  0.002  0.006  0.006
   0.47981      7.744571  0.000  0.004  0.004  0.008
   0.45159      7.792394  0.000  0.004  0.006  0.010
   0.42336      7.812027  0.002  0.004  0.004  0.010
   0.39514      7.798543  0.004  0.004  0.004  0.012
   0.36691      7.766976  0.001  0.007  0.003  0.011
   0.33869      7.756625  0.000  0.002  0.000  0.004
   0.31047      7.867641  0.000  0.002  0.002  0.002
   0.28224      7.980895  0.000  0.002  0.002  0.004
   0.25402      7.926153  0.000  0.002  0.002  0.004
   0.22579      7.872694  0.000  0.002  0.002  0.004
   0.19757      7.870879  0.000  0.005  0.003  0.008
   0.16935      7.907428  0.000  0.006  0.002  0.008
   0.14112      7.896377  0.000  0.002  0.002  0.004
   0.11290      7.857617  0.000  0.000  0.000  0.002
   0.08467      7.831721  0.000  0.000  0.000  0.002
   0.05645      7.818106  0.000  0.000  0.002  0.002
   0.02822      7.819759  0.000  0.000  0.002  0.002
   0.00000      7.819708  0.000  0.000  0.002  0.002
 
# Band-Index:  147
   0.00000      7.916098  0.000  0.002  0.002  0.004
   0.02822      7.918377  0.000  0.002  0.002  0.004
   0.05645      7.918925  0.000  0.004  0.004  0.008
   0.08467      7.923764  0.000  0.004  0.004  0.008
   0.11290      7.942720  0.000  0.004  0.004  0.006
   0.14112      7.957166  0.000  0.004  0.002  0.008
   0.16935      7.952775  0.000  0.006  0.002  0.008
   0.19757      7.968092  0.000  0.004  0.003  0.007
   0.22579      7.979127  0.002  0.002  0.004  0.008
   0.25402      7.984738  0.002  0.002  0.002  0.006
   0.28224      7.988405  0.000  0.000  0.003  0.004
   0.31047      8.008309  0.000  0.002  0.006  0.008
   0.33869      7.990728  0.000  0.002  0.006  0.008
   0.36691      7.888175  0.000  0.006  0.008  0.015
   0.39514      7.835091  0.000  0.014  0.004  0.018
   0.42336      7.857097  0.000  0.006  0.006  0.012
   0.45159      7.816626  0.002  0.004  0.002  0.008
   0.47981      7.823274  0.002  0.002  0.002  0.006
   0.50804      7.799584  0.002  0.002  0.012  0.015
   0.53626      7.731989  0.002  0.006  0.017  0.026
   0.53626      7.731989  0.002  0.006  0.017  0.026
   0.55622      7.741034  0.000  0.000  0.004  0.004
   0.57617      7.749193  0.000  0.000  0.004  0.004
   0.59613      7.749625  0.000  0.000  0.004  0.004
   0.61609      7.754627  0.000  0.000  0.004  0.006
   0.63605      7.768899  0.000  0.002  0.006  0.008
   0.65600      7.783859  0.000  0.002  0.006  0.010
   0.67596      7.800870  0.000  0.004  0.006  0.008
   0.69592      7.808030  0.000  0.002  0.004  0.008
   0.71588      7.799844  0.000  0.002  0.004  0.006
   0.73584      7.780060  0.000  0.000  0.004  0.006
   0.75579      7.740564  0.000  0.002  0.002  0.004
   0.77575      7.678198  0.000  0.000  0.002  0.002
   0.79571      7.657255  0.000  0.000  0.002  0.002
   0.81567      7.656071  0.000  0.000  0.002  0.002
   0.83562      7.616162  0.000  0.002  0.004  0.006
   0.85558      7.616488  0.002  0.002  0.004  0.006
   0.87554      7.577393  0.000  0.000  0.002  0.002
   0.89550      7.534689  0.000  0.000  0.000  0.000
   0.91545      7.507108  0.000  0.000  0.000  0.000
   0.91545      7.507108  0.000  0.000  0.000  0.000
   0.94368      7.547790  0.000  0.000  0.000  0.002
   0.97190      7.607445  0.002  0.004  0.002  0.010
   1.00013      7.627226  0.002  0.006  0.002  0.010
   1.02835      7.650063  0.000  0.006  0.002  0.010
   1.05657      7.657288  0.000  0.006  0.002  0.008
   1.08480      7.722799  0.002  0.008  0.002  0.012
   1.11302      7.765071  0.002  0.008  0.002  0.012
   1.14125      7.762188  0.002  0.006  0.002  0.010
   1.16947      7.719530  0.002  0.004  0.002  0.008
   1.19769      7.672354  0.000  0.004  0.002  0.007
   1.22592      7.671552  0.000  0.004  0.004  0.006
   1.25414      7.658457  0.000  0.004  0.004  0.008
   1.28237      7.641636  0.000  0.004  0.006  0.008
   1.31059      7.629880  0.000  0.004  0.006  0.010
   1.33882      7.626414  0.000  0.004  0.006  0.010
   1.36704      7.630216  0.000  0.002  0.006  0.008
   1.39526      7.638599  0.000  0.002  0.006  0.008
   1.42349      7.647991  0.000  0.002  0.004  0.006
   1.45171      7.637566  0.000  0.004  0.002  0.006
   1.45171      7.637566  0.000  0.004  0.002  0.006
   1.47167      7.644661  0.000  0.004  0.002  0.006
   1.49163      7.665278  0.000  0.004  0.002  0.006
   1.51159      7.696834  0.000  0.004  0.002  0.006
   1.53154      7.725175  0.000  0.002  0.002  0.006
   1.55150      7.736235  0.000  0.002  0.002  0.004
   1.57146      7.750373  0.000  0.002  0.002  0.004
   1.59142      7.769531  0.000  0.002  0.002  0.004
   1.61137      7.791073  0.000  0.002  0.002  0.004
   1.63133      7.808161  0.000  0.004  0.008  0.012
   1.65129      7.814480  0.000  0.004  0.006  0.010
   1.67125      7.819064  0.000  0.004  0.004  0.010
   1.69120      7.821769  0.000  0.004  0.004  0.009
   1.71116      7.824127  0.000  0.004  0.000  0.004
   1.73112      7.867202  0.000  0.004  0.000  0.004
   1.75108      7.882573  0.000  0.008  0.002  0.010
   1.77103      7.900157  0.000  0.004  0.002  0.008
   1.79099      7.904608  0.000  0.004  0.002  0.006
   1.81095      7.901812  0.000  0.004  0.002  0.006
   1.83091      7.916098  0.000  0.002  0.002  0.004
 
# Band-Index:  148
   1.83091      7.924358  0.000  0.005  0.004  0.008
   1.81095      7.981128  0.000  0.002  0.002  0.004
   1.79099      8.001935  0.000  0.002  0.002  0.004
   1.77103      7.961543  0.000  0.004  0.002  0.004
   1.75108      7.914939  0.000  0.004  0.002  0.004
   1.73112      7.910296  0.000  0.007  0.002  0.010
   1.71116      7.959738  0.000  0.004  0.006  0.010
   1.69120      7.961943  0.000  0.002  0.008  0.010
   1.67125      7.903305  0.000  0.002  0.008  0.010
   1.65129      7.851696  0.000  0.002  0.006  0.008
   1.63133      7.815395  0.000  0.002  0.004  0.006
   1.61137      7.800003  0.000  0.002  0.010  0.012
   1.59142      7.789578  0.000  0.002  0.010  0.012
   1.57146      7.775810  0.000  0.000  0.012  0.012
   1.55150      7.756614  0.000  0.000  0.012  0.012
   1.53154      7.730107  0.000  0.000  0.010  0.012
   1.51159      7.699006  0.000  0.002  0.008  0.010
   1.49163      7.673356  0.000  0.004  0.006  0.010
   1.47167      7.663967  0.000  0.005  0.004  0.008
   1.45171      7.652491  0.000  0.002  0.004  0.006
   1.45171      7.652491  0.000  0.002  0.004  0.006
   1.42349      7.649728  0.000  0.004  0.004  0.008
   1.39526      7.659432  0.000  0.006  0.002  0.008
   1.36704      7.670850  0.000  0.004  0.002  0.008
   1.33882      7.693556  0.000  0.004  0.002  0.006
   1.31059      7.733584  0.000  0.004  0.002  0.004
   1.28237      7.766093  0.000  0.002  0.002  0.006
   1.25414      7.781725  0.000  0.002  0.004  0.006
   1.22592      7.802952  0.000  0.002  0.004  0.008
   1.19769      7.833590  0.000  0.002  0.006  0.008
   1.16947      7.867472  0.000  0.002  0.004  0.008
   1.14125      7.871764  0.000  0.008  0.002  0.012
   1.11302      7.835508  0.000  0.008  0.002  0.012
   1.08480      7.793319  0.000  0.006  0.002  0.008
   1.05657      7.765848  0.000  0.002  0.002  0.004
   1.02835      7.700031  0.002  0.002  0.004  0.008
   1.00013      7.662641  0.004  0.006  0.004  0.012
   0.97190      7.620608  0.000  0.002  0.002  0.004
   0.94368      7.579470  0.000  0.000  0.000  0.002
   0.91545      7.611188  0.000  0.000  0.000  0.000
   0.91545      7.611188  0.000  0.000  0.000  0.000
   0.89550      7.625601  0.000  0.000  0.000  0.000
   0.87554      7.640722  0.002  0.002  0.002  0.006
   0.85558      7.622289  0.000  0.000  0.002  0.002
   0.83562      7.651038  0.000  0.000  0.002  0.002
   0.81567      7.667897  0.000  0.002  0.002  0.004
   0.79571      7.728936  0.000  0.002  0.002  0.004
   0.77575      7.750952  0.000  0.002  0.004  0.006
   0.75579      7.762558  0.000  0.000  0.006  0.006
   0.73584      7.805083  0.000  0.002  0.004  0.006
   0.71588      7.842632  0.000  0.004  0.008  0.010
   0.69592      7.854536  0.000  0.002  0.008  0.010
   0.67596      7.818930  0.000  0.004  0.006  0.010
   0.65600      7.785883  0.000  0.002  0.006  0.008
   0.63605      7.772819  0.000  0.002  0.008  0.012
   0.61609      7.786561  0.002  0.002  0.010  0.014
   0.59613      7.806493  0.002  0.002  0.012  0.016
   0.57617      7.823064  0.002  0.002  0.014  0.018
   0.55622      7.833020  0.000  0.002  0.000  0.004
   0.53626      7.833949  0.000  0.002  0.002  0.004
   0.53626      7.833949  0.000  0.002  0.002  0.004
   0.50804      7.833011  0.000  0.002  0.002  0.004
   0.47981      7.861447  0.003  0.002  0.016  0.021
   0.45159      7.880968  0.002  0.006  0.010  0.018
   0.42336      7.862569  0.002  0.010  0.004  0.016
   0.39514      7.914033  0.000  0.004  0.006  0.010
   0.36691      7.953211  0.000  0.002  0.004  0.006
   0.33869      7.999729  0.000  0.004  0.010  0.014
   0.31047      8.044557  0.002  0.000  0.006  0.008
   0.28224      8.023061  0.000  0.000  0.000  0.002
   0.25402      8.074410  0.000  0.008  0.002  0.010
   0.22579      8.014781  0.000  0.004  0.004  0.008
   0.19757      7.985065  0.000  0.002  0.004  0.008
   0.16935      7.983583  0.000  0.002  0.004  0.006
   0.14112      7.971113  0.000  0.004  0.002  0.006
   0.11290      7.949522  0.000  0.004  0.002  0.006
   0.08467      7.936459  0.000  0.002  0.002  0.006
   0.05645      7.925304  0.000  0.002  0.002  0.004
   0.02822      7.922148  0.000  0.005  0.004  0.008
   0.00000      7.924358  0.000  0.005  0.004  0.008
 
# Band-Index:  149
   0.00000      8.041108  0.000  0.000  0.004  0.004
   0.02822      8.046386  0.000  0.000  0.004  0.004
   0.05645      8.060886  0.000  0.002  0.003  0.004
   0.08467      8.078922  0.000  0.004  0.002  0.007
   0.11290      8.077740  0.000  0.004  0.004  0.009
   0.14112      8.051386  0.000  0.004  0.006  0.010
   0.16935      8.049844  0.000  0.000  0.007  0.008
   0.19757      8.075784  0.002  0.000  0.004  0.004
   0.22579      8.085071  0.000  0.000  0.002  0.002
   0.25402      8.085747  0.000  0.000  0.002  0.002
   0.28224      8.090586  0.000  0.006  0.004  0.010
   0.31047      8.094598  0.000  0.006  0.002  0.008
   0.33869      8.072845  0.000  0.004  0.002  0.008
   0.36691      8.010383  0.000  0.004  0.004  0.008
   0.39514      7.957663  0.002  0.002  0.006  0.008
   0.42336      7.956719  0.004  0.002  0.006  0.012
   0.45159      7.945905  0.002  0.002  0.012  0.014
   0.47981      7.877912  0.000  0.002  0.010  0.013
   0.50804      7.839947  0.002  0.002  0.016  0.020
   0.53626      7.836714  0.002  0.002  0.016  0.020
   0.53626      7.836714  0.002  0.002  0.016  0.020
   0.55622      7.833316  0.002  0.002  0.016  0.020
   0.57617      7.832095  0.000  0.002  0.000  0.004
   0.59613      7.834793  0.000  0.002  0.000  0.002
   0.61609      7.841601  0.000  0.002  0.000  0.002
   0.63605      7.849946  0.000  0.002  0.002  0.004
   0.65600      7.856731  0.000  0.002  0.002  0.004
   0.67596      7.858824  0.000  0.002  0.004  0.006
   0.69592      7.860311  0.000  0.004  0.006  0.008
   0.71588      7.897679  0.000  0.002  0.006  0.008
   0.73584      7.883550  0.000  0.002  0.002  0.006
   0.75579      7.858110  0.000  0.002  0.002  0.006
   0.77575      7.795058  0.000  0.002  0.002  0.004
   0.79571      7.749065  0.000  0.002  0.004  0.006
   0.81567      7.740018  0.000  0.002  0.002  0.002
   0.83562      7.696927  0.000  0.000  0.000  0.000
   0.85558      7.678007  0.000  0.000  0.000  0.000
   0.87554      7.660372  0.000  0.000  0.000  0.000
   0.89550      7.673885  0.004  0.002  0.002  0.008
   0.91545      7.699691  0.004  0.004  0.002  0.010
   0.91545      7.699691  0.004  0.004  0.002  0.010
   0.94368      7.644559  0.004  0.004  0.002  0.010
   0.97190      7.622834  0.000  0.000  0.000  0.002
   1.00013      7.707141  0.000  0.001  0.001  0.003
   1.02835      7.768425  0.000  0.000  0.002  0.004
   1.05657      7.775645  0.000  0.002  0.002  0.006
   1.08480      7.854213  0.000  0.004  0.002  0.006
   1.11302      7.922720  0.000  0.009  0.001  0.011
   1.14125      7.916305  0.000  0.008  0.002  0.010
   1.16947      7.916820  0.000  0.012  0.000  0.014
   1.19769      7.921254  0.000  0.010  0.002  0.012
   1.22592      7.917153  0.000  0.007  0.001  0.008
   1.25414      7.853757  0.000  0.004  0.002  0.006
   1.28237      7.788902  0.000  0.004  0.002  0.006
   1.31059      7.754078  0.000  0.002  0.002  0.004
   1.33882      7.745164  0.000  0.002  0.002  0.004
   1.36704      7.738937  0.000  0.000  0.002  0.004
   1.39526      7.735868  0.000  0.000  0.002  0.004
   1.42349      7.723953  0.000  0.008  0.002  0.010
   1.45171      7.712881  0.000  0.009  0.002  0.010
   1.45171      7.712881  0.000  0.009  0.002  0.010
   1.47167      7.736712  0.000  0.002  0.006  0.008
   1.49163      7.739434  0.000  0.000  0.002  0.002
   1.51159      7.737381  0.000  0.000  0.002  0.002
   1.53154      7.752556  0.000  0.000  0.002  0.002
   1.55150      7.799365  0.000  0.002  0.002  0.004
   1.57146      7.856247  0.000  0.002  0.002  0.004
   1.59142      7.917970  0.000  0.000  0.002  0.002
   1.61137      7.974721  0.000  0.004  0.007  0.010
   1.63133      7.989087  0.000  0.006  0.010  0.014
   1.65129      8.005894  0.000  0.000  0.008  0.010
   1.67125      8.002021  0.000  0.002  0.008  0.010
   1.69120      7.990221  0.000  0.002  0.008  0.010
   1.71116      8.021556  0.000  0.002  0.009  0.011
   1.73112      8.078589  0.000  0.002  0.008  0.011
   1.75108      8.033060  0.000  0.006  0.002  0.008
   1.77103      8.000371  0.000  0.006  0.002  0.008
   1.79099      8.015650  0.000  0.006  0.002  0.008
   1.81095      8.030511  0.000  0.000  0.002  0.004
   1.83091      8.041108  0.000  0.000  0.004  0.004
 
# Band-Index:  150
   1.83091      8.094507  0.000  0.008  0.006  0.016
   1.81095      8.063217  0.000  0.006  0.004  0.012
   1.79099      8.071127  0.000  0.002  0.002  0.004
   1.77103      8.159442  0.000  0.002  0.002  0.004
   1.75108      8.129037  0.000  0.002  0.008  0.010
   1.73112      8.088050  0.000  0.006  0.002  0.008
   1.71116      8.112660  0.000  0.004  0.006  0.010
   1.69120      8.091371  0.000  0.004  0.014  0.018
   1.67125      8.052286  0.000  0.004  0.012  0.016
   1.65129      8.016314  0.000  0.006  0.010  0.016
   1.63133      8.004728  0.000  0.000  0.008  0.008
   1.61137      7.984219  0.000  0.002  0.004  0.006
   1.59142      7.977013  0.000  0.006  0.008  0.014
   1.57146      7.955337  0.000  0.002  0.004  0.006
   1.55150      7.917794  0.000  0.004  0.002  0.008
   1.53154      7.877173  0.000  0.004  0.004  0.008
   1.51159      7.833813  0.000  0.002  0.004  0.008
   1.49163      7.785017  0.000  0.002  0.006  0.008
   1.47167      7.743331  0.000  0.000  0.002  0.004
   1.45171      7.745070  0.000  0.000  0.004  0.004
   1.45171      7.745070  0.000  0.000  0.004  0.004
   1.42349      7.738064  0.000  0.000  0.004  0.004
   1.39526      7.747580  0.000  0.006  0.002  0.010
   1.36704      7.769096  0.000  0.004  0.004  0.010
   1.33882      7.788506  0.000  0.004  0.006  0.010
   1.31059      7.812791  0.000  0.002  0.006  0.010
   1.28237      7.844285  0.000  0.002  0.006  0.008
   1.25414      7.881405  0.000  0.002  0.006  0.008
   1.22592      7.917982  0.000  0.005  0.006  0.011
   1.19769      7.943923  0.000  0.006  0.004  0.010
   1.16947      7.952371  0.000  0.006  0.004  0.010
   1.14125      7.950079  0.000  0.008  0.002  0.010
   1.11302      7.930277  0.000  0.005  0.002  0.007
   1.08480      7.935258  0.000  0.004  0.002  0.008
   1.05657      7.880547  0.000  0.000  0.000  0.002
   1.02835      7.795593  0.000  0.002  0.000  0.002
   1.00013      7.708012  0.000  0.001  0.001  0.003
   0.97190      7.688727  0.002  0.004  0.004  0.010
   0.94368      7.706204  0.000  0.000  0.002  0.002
   0.91545      7.701233  0.000  0.000  0.002  0.002
   0.91545      7.701233  0.000  0.000  0.002  0.002
   0.89550      7.695130  0.000  0.000  0.000  0.002
   0.87554      7.686514  0.000  0.000  0.000  0.000
   0.85558      7.711144  0.000  0.000  0.000  0.002
   0.83562      7.749429  0.000  0.002  0.002  0.004
   0.81567      7.752976  0.000  0.004  0.004  0.006
   0.79571      7.785550  0.000  0.002  0.002  0.004
   0.77575      7.825621  0.000  0.002  0.002  0.004
   0.75579      7.864779  0.000  0.002  0.002  0.004
   0.73584      7.926854  0.000  0.002  0.004  0.006
   0.71588      7.904257  0.000  0.000  0.000  0.002
   0.69592      7.917789  0.000  0.000  0.000  0.000
   0.67596      7.931320  0.000  0.000  0.002  0.004
   0.65600      7.944869  0.000  0.000  0.004  0.006
   0.63605      7.953743  0.000  0.002  0.006  0.008
   0.61609      7.954581  0.000  0.002  0.006  0.008
   0.59613      7.947473  0.000  0.002  0.006  0.008
   0.57617      7.935977  0.000  0.002  0.006  0.008
   0.55622      7.925651  0.000  0.004  0.004  0.008
   0.53626      7.921546  0.000  0.004  0.004  0.008
   0.53626      7.921546  0.000  0.004  0.004  0.008
   0.50804      7.923165  0.000  0.004  0.004  0.008
   0.47981      7.935995  0.000  0.006  0.004  0.010
   0.45159      7.977497  0.000  0.006  0.008  0.014
   0.42336      8.035503  0.000  0.002  0.006  0.008
   0.39514      8.095619  0.000  0.002  0.007  0.008
   0.36691      8.116477  0.000  0.000  0.006  0.008
   0.33869      8.101344  0.000  0.002  0.002  0.006
   0.31047      8.132024  0.000  0.006  0.002  0.010
   0.28224      8.137938  0.000  0.008  0.002  0.010
   0.25402      8.105956  0.000  0.002  0.006  0.006
   0.22579      8.113097  0.000  0.002  0.006  0.008
   0.19757      8.112938  0.000  0.004  0.006  0.008
   0.16935      8.106700  0.000  0.004  0.004  0.010
   0.14112      8.099289  0.002  0.006  0.004  0.010
   0.11290      8.091342  0.000  0.006  0.004  0.010
   0.08467      8.101530  0.000  0.004  0.004  0.008
   0.05645      8.100588  0.000  0.006  0.006  0.014
   0.02822      8.095875  0.000  0.008  0.006  0.014
   0.00000      8.094507  0.000  0.008  0.006  0.016
 
# Band-Index:  151
   0.00000      8.160494  0.000  0.002  0.002  0.002
   0.02822      8.146424  0.000  0.002  0.004  0.006
   0.05645      8.124231  0.000  0.002  0.004  0.008
   0.08467      8.112383  0.000  0.004  0.006  0.012
   0.11290      8.137710  0.000  0.002  0.006  0.008
   0.14112      8.171704  0.000  0.002  0.006  0.008
   0.16935      8.153107  0.000  0.006  0.002  0.008
   0.19757      8.129162  0.000  0.004  0.006  0.010
   0.22579      8.164099  0.000  0.004  0.007  0.010
   0.25402      8.189301  0.000  0.000  0.002  0.004
   0.28224      8.167955  0.000  0.000  0.002  0.002
   0.31047      8.146460  0.000  0.006  0.000  0.006
   0.33869      8.137047  0.000  0.002  0.000  0.002
   0.36691      8.140293  0.000  0.002  0.004  0.006
   0.39514      8.123981  0.000  0.000  0.012  0.012
   0.42336      8.056641  0.000  0.006  0.011  0.018
   0.45159      8.018700  0.004  0.004  0.002  0.008
   0.47981      8.048815  0.000  0.006  0.000  0.008
   0.50804      8.018034  0.000  0.006  0.000  0.008
   0.53626      8.004590  0.000  0.008  0.000  0.008
   0.53626      8.004590  0.000  0.008  0.000  0.008
   0.55622      7.999639  0.002  0.008  0.000  0.008
   0.57617      7.991077  0.002  0.006  0.000  0.010
   0.59613      7.987196  0.002  0.006  0.002  0.010
   0.61609      7.991405  0.002  0.006  0.002  0.010
   0.63605      8.003266  0.002  0.006  0.004  0.012
   0.65600      8.019331  0.002  0.006  0.002  0.010
   0.67596      8.030954  0.000  0.006  0.002  0.009
   0.69592      8.016094  0.000  0.000  0.002  0.002
   0.71588      7.954648  0.000  0.000  0.000  0.002
   0.73584      7.929333  0.000  0.000  0.000  0.002
   0.75579      7.927242  0.000  0.002  0.002  0.002
   0.77575      7.916893  0.000  0.002  0.002  0.004
   0.79571      7.879877  0.000  0.000  0.002  0.002
   0.81567      7.829164  0.000  0.000  0.002  0.002
   0.83562      7.784411  0.000  0.002  0.002  0.006
   0.85558      7.774051  0.000  0.004  0.002  0.008
   0.87554      7.769064  0.000  0.004  0.002  0.006
   0.89550      7.758810  0.000  0.002  0.002  0.006
   0.91545      7.744250  0.000  0.000  0.004  0.004
   0.91545      7.744250  0.000  0.000  0.004  0.004
   0.94368      7.758249  0.002  0.000  0.004  0.006
   0.97190      7.785669  0.000  0.002  0.004  0.006
   1.00013      7.856321  0.000  0.004  0.002  0.006
   1.02835      7.858583  0.000  0.000  0.004  0.004
   1.05657      7.927437  0.000  0.004  0.002  0.006
   1.08480      7.950045  0.000  0.000  0.000  0.002
   1.11302      7.979780  0.000  0.002  0.002  0.004
   1.14125      8.003047  0.000  0.012  0.002  0.014
   1.16947      8.016756  0.000  0.010  0.004  0.014
   1.19769      7.981793  0.000  0.006  0.006  0.014
   1.22592      7.921830  0.000  0.002  0.004  0.006
   1.25414      7.914721  0.000  0.004  0.000  0.006
   1.28237      7.916900  0.000  0.002  0.000  0.004
   1.31059      7.918972  0.000  0.002  0.000  0.002
   1.33882      7.905295  0.000  0.000  0.002  0.002
   1.36704      7.863722  0.000  0.000  0.004  0.004
   1.39526      7.818851  0.000  0.000  0.004  0.004
   1.42349      7.781091  0.000  0.000  0.004  0.006
   1.45171      7.760433  0.000  0.002  0.006  0.008
   1.45171      7.760433  0.000  0.002  0.006  0.008
   1.47167      7.797898  0.000  0.004  0.002  0.006
   1.49163      7.872809  0.000  0.000  0.002  0.002
   1.51159      7.886288  0.000  0.002  0.002  0.004
   1.53154      7.911412  0.000  0.002  0.000  0.004
   1.55150      7.945406  0.000  0.004  0.002  0.004
   1.57146      7.984725  0.000  0.006  0.002  0.008
   1.59142      7.981105  0.000  0.000  0.005  0.006
   1.61137      7.997024  0.000  0.000  0.008  0.008
   1.63133      8.050184  0.000  0.000  0.002  0.002
   1.65129      8.101599  0.000  0.004  0.004  0.008
   1.67125      8.126077  0.000  0.004  0.006  0.010
   1.69120      8.142079  0.002  0.006  0.004  0.010
   1.71116      8.129042  0.000  0.004  0.016  0.020
   1.73112      8.112846  0.000  0.004  0.006  0.010
   1.75108      8.135087  0.000  0.002  0.008  0.010
   1.77103      8.164315  0.000  0.000  0.006  0.008
   1.79099      8.177789  0.000  0.000  0.008  0.008
   1.81095      8.179309  0.000  0.000  0.010  0.010
   1.83091      8.160494  0.000  0.002  0.002  0.002
 
# Band-Index:  152
   1.83091      8.178595  0.000  0.000  0.010  0.012
   1.81095      8.187071  0.000  0.004  0.004  0.008
   1.79099      8.216622  0.000  0.006  0.008  0.014
   1.77103      8.176676  0.000  0.003  0.010  0.012
   1.75108      8.189317  0.000  0.004  0.018  0.022
   1.73112      8.162027  0.000  0.004  0.016  0.020
   1.71116      8.149369  0.000  0.006  0.002  0.010
   1.69120      8.152260  0.000  0.004  0.006  0.010
   1.67125      8.185723  0.002  0.006  0.004  0.010
   1.65129      8.118165  0.000  0.000  0.002  0.002
   1.63133      8.079740  0.000  0.004  0.002  0.006
   1.61137      8.059256  0.000  0.004  0.002  0.004
   1.59142      8.028805  0.000  0.006  0.002  0.006
   1.57146      7.988255  0.000  0.006  0.008  0.014
   1.55150      8.004517  0.000  0.006  0.008  0.012
   1.53154      8.014200  0.000  0.000  0.002  0.004
   1.51159      7.956164  0.000  0.002  0.000  0.004
   1.49163      7.874847  0.000  0.005  0.002  0.008
   1.47167      7.869395  0.000  0.002  0.004  0.006
   1.45171      7.868439  0.000  0.002  0.004  0.006
   1.45171      7.868439  0.000  0.002  0.004  0.006
   1.42349      7.868351  0.000  0.002  0.006  0.006
   1.39526      7.874433  0.000  0.002  0.006  0.008
   1.36704      7.898864  0.000  0.002  0.004  0.006
   1.33882      7.942389  0.000  0.002  0.004  0.006
   1.31059      7.984343  0.000  0.000  0.004  0.005
   1.28237      8.028219  0.000  0.000  0.004  0.005
   1.25414      8.065988  0.000  0.002  0.004  0.006
   1.22592      8.075164  0.000  0.002  0.005  0.008
   1.19769      8.077685  0.000  0.004  0.004  0.008
   1.16947      8.062763  0.004  0.000  0.004  0.008
   1.14125      8.035841  0.000  0.000  0.002  0.002
   1.11302      8.014135  0.000  0.000  0.002  0.004
   1.08480      8.030232  0.001  0.000  0.002  0.002
   1.05657      7.955646  0.000  0.000  0.002  0.002
   1.02835      7.913826  0.000  0.002  0.002  0.006
   1.00013      7.872662  0.000  0.000  0.004  0.006
   0.97190      7.881812  0.000  0.000  0.002  0.002
   0.94368      7.817114  0.002  0.002  0.002  0.005
   0.91545      7.752128  0.000  0.002  0.002  0.004
   0.91545      7.752128  0.000  0.002  0.002  0.004
   0.89550      7.774398  0.002  0.002  0.004  0.006
   0.87554      7.820319  0.002  0.004  0.002  0.008
   0.85558      7.863441  0.002  0.006  0.002  0.010
   0.83562      7.894106  0.002  0.008  0.000  0.012
   0.81567      7.915095  0.002  0.008  0.002  0.010
   0.79571      7.934841  0.002  0.006  0.002  0.008
   0.77575      7.953060  0.000  0.004  0.002  0.008
   0.75579      7.946920  0.000  0.002  0.004  0.006
   0.73584      7.936184  0.000  0.002  0.002  0.004
   0.71588      8.000095  0.000  0.004  0.000  0.004
   0.69592      8.026825  0.000  0.006  0.000  0.008
   0.67596      8.087426  0.000  0.000  0.002  0.002
   0.65600      8.112921  0.002  0.006  0.004  0.012
   0.63605      8.117060  0.002  0.008  0.004  0.012
   0.61609      8.112553  0.000  0.002  0.000  0.002
   0.59613      8.107331  0.002  0.008  0.002  0.014
   0.57617      8.094232  0.004  0.008  0.002  0.014
   0.55622      8.081140  0.006  0.006  0.002  0.012
   0.53626      8.075004  0.006  0.006  0.000  0.012
   0.53626      8.075004  0.006  0.006  0.000  0.012
   0.50804      8.080433  0.006  0.006  0.000  0.012
   0.47981      8.060674  0.004  0.004  0.002  0.010
   0.45159      8.093437  0.000  0.004  0.000  0.006
   0.42336      8.135292  0.000  0.004  0.002  0.006
   0.39514      8.157813  0.000  0.008  0.002  0.010
   0.36691      8.222302  0.000  0.004  0.004  0.009
   0.33869      8.223538  0.000  0.000  0.002  0.002
   0.31047      8.193611  0.000  0.000  0.002  0.004
   0.28224      8.202389  0.000  0.010  0.004  0.014
   0.25402      8.205574  0.000  0.006  0.004  0.010
   0.22579      8.183748  0.000  0.008  0.004  0.013
   0.19757      8.172738  0.000  0.012  0.004  0.016
   0.16935      8.182111  0.000  0.014  0.006  0.020
   0.14112      8.188335  0.000  0.004  0.004  0.006
   0.11290      8.204499  0.000  0.002  0.008  0.010
   0.08467      8.213030  0.000  0.002  0.010  0.010
   0.05645      8.204197  0.000  0.000  0.008  0.008
   0.02822      8.189448  0.000  0.000  0.008  0.008
   0.00000      8.178595  0.000  0.000  0.010  0.012
 
# Band-Index:  153
   0.00000      8.299024  0.000  0.024  0.002  0.027
   0.02822      8.301770  0.000  0.023  0.002  0.025
   0.05645      8.300312  0.000  0.018  0.002  0.019
   0.08467      8.284748  0.000  0.012  0.002  0.014
   0.11290      8.261529  0.000  0.009  0.006  0.015
   0.14112      8.219915  0.002  0.006  0.010  0.016
   0.16935      8.206966  0.002  0.000  0.008  0.010
   0.19757      8.235861  0.000  0.000  0.004  0.006
   0.22579      8.258774  0.000  0.002  0.004  0.006
   0.25402      8.228063  0.000  0.008  0.002  0.010
   0.28224      8.231215  0.000  0.002  0.004  0.006
   0.31047      8.222425  0.000  0.002  0.000  0.004
   0.33869      8.228748  0.000  0.002  0.006  0.009
   0.36691      8.236799  0.000  0.005  0.004  0.009
   0.39514      8.216482  0.002  0.006  0.002  0.009
   0.42336      8.177807  0.002  0.006  0.002  0.009
   0.45159      8.136311  0.002  0.006  0.002  0.010
   0.47981      8.101977  0.004  0.006  0.002  0.010
   0.50804      8.092365  0.000  0.002  0.002  0.004
   0.53626      8.101101  0.000  0.002  0.000  0.002
   0.53626      8.101101  0.000  0.002  0.000  0.002
   0.55622      8.102152  0.000  0.002  0.000  0.002
   0.57617      8.104817  0.000  0.002  0.000  0.002
   0.59613      8.108329  0.000  0.002  0.000  0.002
   0.61609      8.115894  0.002  0.008  0.004  0.014
   0.63605      8.117428  0.000  0.002  0.000  0.002
   0.65600      8.120720  0.000  0.002  0.002  0.002
   0.67596      8.109995  0.002  0.002  0.004  0.010
   0.69592      8.084642  0.000  0.002  0.004  0.004
   0.71588      8.030307  0.000  0.002  0.002  0.004
   0.73584      8.001553  0.002  0.004  0.002  0.006
   0.75579      7.979459  0.002  0.004  0.000  0.004
   0.77575      7.963529  0.002  0.002  0.002  0.004
   0.79571      7.963879  0.002  0.002  0.002  0.006
   0.81567      7.941906  0.000  0.000  0.004  0.004
   0.83562      7.919254  0.000  0.000  0.004  0.004
   0.85558      7.904739  0.000  0.000  0.004  0.004
   0.87554      7.898302  0.000  0.000  0.002  0.004
   0.89550      7.894529  0.006  0.012  0.006  0.024
   0.91545      7.893001  0.006  0.012  0.006  0.024
   0.91545      7.893001  0.006  0.012  0.006  0.024
   0.94368      7.861732  0.002  0.010  0.002  0.014
   0.97190      7.904625  0.000  0.006  0.001  0.008
   1.00013      7.902289  0.000  0.002  0.002  0.005
   1.02835      7.947959  0.000  0.004  0.002  0.006
   1.05657      8.038721  0.000  0.002  0.000  0.002
   1.08480      8.037728  0.000  0.002  0.004  0.006
   1.11302      8.033318  0.002  0.000  0.002  0.004
   1.14125      8.040122  0.002  0.000  0.004  0.006
   1.16947      8.071508  0.000  0.006  0.000  0.008
   1.19769      8.101036  0.004  0.002  0.006  0.011
   1.22592      8.098319  0.000  0.002  0.004  0.006
   1.25414      8.074743  0.000  0.003  0.004  0.007
   1.28237      8.044160  0.000  0.004  0.002  0.006
   1.31059      7.994805  0.000  0.002  0.003  0.006
   1.33882      7.952544  0.000  0.000  0.004  0.004
   1.36704      7.949346  0.000  0.000  0.002  0.004
   1.39526      7.953500  0.000  0.000  0.002  0.004
   1.42349      7.957376  0.000  0.000  0.002  0.004
   1.45171      7.958871  0.000  0.000  0.002  0.004
   1.45171      7.958871  0.000  0.000  0.002  0.004
   1.47167      7.963355  0.000  0.000  0.002  0.004
   1.49163      7.976098  0.000  0.000  0.004  0.004
   1.51159      7.996314  0.000  0.000  0.004  0.006
   1.53154      8.020489  0.000  0.004  0.008  0.012
   1.55150      8.041031  0.000  0.002  0.002  0.004
   1.57146      8.062445  0.000  0.002  0.002  0.004
   1.59142      8.084039  0.002  0.002  0.004  0.006
   1.61137      8.122543  0.002  0.004  0.004  0.010
   1.63133      8.170815  0.002  0.004  0.004  0.010
   1.65129      8.202515  0.002  0.004  0.004  0.010
   1.67125      8.186485  0.000  0.000  0.002  0.002
   1.69120      8.210458  0.002  0.006  0.002  0.008
   1.71116      8.179197  0.000  0.004  0.006  0.012
   1.73112      8.199844  0.000  0.006  0.008  0.014
   1.75108      8.209079  0.000  0.006  0.008  0.014
   1.77103      8.216588  0.000  0.008  0.018  0.026
   1.79099      8.224886  0.000  0.002  0.004  0.006
   1.81095      8.273907  0.000  0.004  0.008  0.010
   1.83091      8.299024  0.000  0.024  0.002  0.027
 
# Band-Index:  154
   1.83091      8.310537  0.000  0.004  0.008  0.012
   1.81095      8.283168  0.000  0.019  0.008  0.026
   1.79099      8.250658  0.000  0.014  0.014  0.026
   1.77103      8.243084  0.000  0.006  0.004  0.010
   1.75108      8.298097  0.000  0.002  0.002  0.004
   1.73112      8.315555  0.000  0.006  0.004  0.010
   1.71116      8.307390  0.000  0.004  0.002  0.006
   1.69120      8.254045  0.000  0.000  0.002  0.002
   1.67125      8.250858  0.002  0.004  0.000  0.006
   1.65129      8.262577  0.000  0.002  0.000  0.004
   1.63133      8.263202  0.000  0.000  0.002  0.002
   1.61137      8.242302  0.000  0.000  0.002  0.002
   1.59142      8.205985  0.000  0.002  0.002  0.002
   1.57146      8.160460  0.000  0.002  0.002  0.002
   1.55150      8.105847  0.000  0.002  0.000  0.004
   1.53154      8.040554  0.000  0.002  0.002  0.004
   1.51159      8.030769  0.000  0.004  0.006  0.010
   1.49163      8.032254  0.000  0.002  0.004  0.008
   1.47167      8.028701  0.000  0.002  0.004  0.006
   1.45171      8.026618  0.000  0.002  0.004  0.004
   1.45171      8.026618  0.000  0.002  0.004  0.004
   1.42349      8.031421  0.000  0.002  0.004  0.004
   1.39526      8.044649  0.000  0.002  0.004  0.004
   1.36704      8.063269  0.000  0.002  0.002  0.004
   1.33882      8.083301  0.000  0.002  0.002  0.004
   1.31059      8.100217  0.000  0.002  0.002  0.004
   1.28237      8.109243  0.000  0.000  0.002  0.002
   1.25414      8.108123  0.000  0.000  0.002  0.002
   1.22592      8.104393  0.000  0.000  0.000  0.002
   1.19769      8.101794  0.000  0.000  0.001  0.002
   1.16947      8.108167  0.000  0.000  0.004  0.006
   1.14125      8.152825  0.000  0.002  0.004  0.006
   1.11302      8.133624  0.000  0.002  0.002  0.004
   1.08480      8.078634  0.000  0.002  0.000  0.002
   1.05657      8.049013  0.000  0.006  0.002  0.008
   1.02835      8.019182  0.000  0.004  0.000  0.004
   1.00013      7.971023  0.000  0.005  0.002  0.006
   0.97190      7.935954  0.000  0.008  0.002  0.010
   0.94368      7.921557  0.000  0.008  0.000  0.008
   0.91545      7.901316  0.000  0.000  0.002  0.004
   0.91545      7.901316  0.000  0.000  0.002  0.004
   0.89550      7.899020  0.000  0.002  0.002  0.004
   0.87554      7.899816  0.006  0.010  0.006  0.022
   0.85558      7.911635  0.004  0.008  0.006  0.018
   0.83562      7.933601  0.004  0.002  0.005  0.012
   0.81567      7.955071  0.002  0.002  0.004  0.008
   0.79571      7.971912  0.000  0.000  0.002  0.004
   0.77575      7.998289  0.000  0.002  0.000  0.002
   0.75579      8.031775  0.000  0.002  0.000  0.002
   0.73584      8.071011  0.000  0.002  0.002  0.002
   0.71588      8.101806  0.000  0.002  0.002  0.002
   0.69592      8.119641  0.000  0.002  0.002  0.004
   0.67596      8.127232  0.000  0.002  0.002  0.004
   0.65600      8.160888  0.000  0.002  0.004  0.006
   0.63605      8.208008  0.000  0.005  0.004  0.010
   0.61609      8.232258  0.000  0.008  0.004  0.010
   0.59613      8.243501  0.000  0.008  0.002  0.011
   0.57617      8.249079  0.000  0.010  0.002  0.010
   0.55622      8.251893  0.000  0.010  0.000  0.010
   0.53626      8.252790  0.000  0.010  0.000  0.010
   0.53626      8.252790  0.000  0.010  0.000  0.010
   0.50804      8.216346  0.000  0.008  0.002  0.010
   0.47981      8.182203  0.000  0.006  0.004  0.010
   0.45159      8.169399  0.000  0.004  0.005  0.008
   0.42336      8.178769  0.000  0.002  0.004  0.005
   0.39514      8.225655  0.000  0.000  0.002  0.002
   0.36691      8.250165  0.000  0.002  0.002  0.004
   0.33869      8.264352  0.000  0.004  0.002  0.008
   0.31047      8.251141  0.000  0.002  0.006  0.006
   0.28224      8.249441  0.000  0.004  0.000  0.004
   0.25402      8.265321  0.000  0.002  0.004  0.008
   0.22579      8.277007  0.002  0.000  0.002  0.004
   0.19757      8.241995  0.000  0.002  0.004  0.004
   0.16935      8.213900  0.000  0.002  0.002  0.005
   0.14112      8.227757  0.000  0.018  0.002  0.021
   0.11290      8.275974  0.000  0.017  0.004  0.022
   0.08467      8.303191  0.000  0.008  0.008  0.016
   0.05645      8.309854  0.000  0.006  0.008  0.014
   0.02822      8.310652  0.000  0.004  0.008  0.012
   0.00000      8.310537  0.000  0.004  0.008  0.012
 
# Band-Index:  155
   0.00000      8.369548  0.000  0.002  0.006  0.008
   0.02822      8.364832  0.000  0.002  0.006  0.008
   0.05645      8.351884  0.000  0.004  0.006  0.010
   0.08467      8.333308  0.000  0.005  0.004  0.010
   0.11290      8.315986  0.000  0.004  0.006  0.010
   0.14112      8.307870  0.000  0.002  0.007  0.010
   0.16935      8.307830  0.000  0.002  0.008  0.010
   0.19757      8.317569  0.000  0.002  0.008  0.012
   0.22579      8.330779  0.000  0.002  0.004  0.006
   0.25402      8.296937  0.002  0.002  0.006  0.008
   0.28224      8.277252  0.000  0.002  0.010  0.011
   0.31047      8.286615  0.000  0.002  0.008  0.010
   0.33869      8.311141  0.000  0.004  0.004  0.008
   0.36691      8.287469  0.002  0.004  0.002  0.006
   0.39514      8.282765  0.000  0.004  0.002  0.006
   0.42336      8.302295  0.000  0.002  0.002  0.004
   0.45159      8.293279  0.000  0.002  0.002  0.004
   0.47981      8.279618  0.000  0.004  0.002  0.006
   0.50804      8.279415  0.002  0.006  0.004  0.012
   0.53626      8.273708  0.002  0.005  0.004  0.012
   0.53626      8.273708  0.002  0.005  0.004  0.012
   0.55622      8.270825  0.002  0.006  0.004  0.012
   0.57617      8.262757  0.002  0.006  0.004  0.012
   0.59613      8.249909  0.002  0.004  0.006  0.012
   0.61609      8.235459  0.002  0.002  0.008  0.012
   0.63605      8.224337  0.002  0.002  0.008  0.012
   0.65600      8.210969  0.000  0.002  0.008  0.010
   0.67596      8.180382  0.000  0.000  0.006  0.006
   0.69592      8.165267  0.000  0.004  0.006  0.010
   0.71588      8.145308  0.000  0.002  0.004  0.006
   0.73584      8.101380  0.000  0.000  0.004  0.006
   0.75579      8.056686  0.000  0.000  0.004  0.006
   0.77575      8.015060  0.000  0.000  0.006  0.006
   0.79571      7.992280  0.000  0.002  0.004  0.006
   0.81567      7.985770  0.000  0.002  0.002  0.006
   0.83562      7.972625  0.000  0.004  0.002  0.006
   0.85558      7.954715  0.000  0.004  0.000  0.006
   0.87554      7.938693  0.000  0.006  0.000  0.006
   0.89550      7.927014  0.000  0.008  0.000  0.008
   0.91545      7.921818  0.000  0.008  0.000  0.008
   0.91545      7.921818  0.000  0.008  0.000  0.008
   0.94368      7.970729  0.002  0.004  0.004  0.012
   0.97190      7.950933  0.000  0.004  0.004  0.008
   1.00013      7.990865  0.000  0.006  0.000  0.007
   1.02835      8.033853  0.000  0.004  0.002  0.005
   1.05657      8.061065  0.000  0.000  0.000  0.002
   1.08480      8.097148  0.000  0.002  0.002  0.002
   1.11302      8.169903  0.000  0.004  0.002  0.004
   1.14125      8.183400  0.000  0.002  0.002  0.004
   1.16947      8.177736  0.000  0.002  0.002  0.004
   1.19769      8.135148  0.000  0.002  0.004  0.006
   1.22592      8.134180  0.002  0.002  0.006  0.010
   1.25414      8.151565  0.002  0.002  0.008  0.010
   1.28237      8.168542  0.000  0.002  0.010  0.012
   1.31059      8.194219  0.000  0.004  0.003  0.007
   1.33882      8.180045  0.000  0.004  0.004  0.008
   1.36704      8.164462  0.000  0.004  0.006  0.010
   1.39526      8.150319  0.000  0.004  0.008  0.014
   1.42349      8.140133  0.000  0.004  0.010  0.016
   1.45171      8.136345  0.000  0.006  0.012  0.016
   1.45171      8.136345  0.000  0.006  0.012  0.016
   1.47167      8.134819  0.000  0.004  0.012  0.016
   1.49163      8.132919  0.000  0.004  0.010  0.014
   1.51159      8.137158  0.000  0.002  0.008  0.010
   1.53154      8.151474  0.000  0.000  0.006  0.006
   1.55150      8.173323  0.000  0.000  0.004  0.006
   1.57146      8.198546  0.000  0.000  0.004  0.004
   1.59142      8.224151  0.000  0.000  0.004  0.004
   1.61137      8.248110  0.000  0.000  0.002  0.002
   1.63133      8.268935  0.000  0.000  0.002  0.002
   1.65129      8.285583  0.000  0.000  0.002  0.002
   1.67125      8.297681  0.000  0.002  0.002  0.004
   1.69120      8.306029  0.000  0.002  0.002  0.006
   1.71116      8.324600  0.000  0.000  0.002  0.003
   1.73112      8.385016  0.000  0.000  0.002  0.002
   1.75108      8.324799  0.000  0.008  0.006  0.014
   1.77103      8.339390  0.000  0.008  0.006  0.014
   1.79099      8.358270  0.000  0.010  0.004  0.014
   1.81095      8.372045  0.000  0.008  0.002  0.010
   1.83091      8.369548  0.000  0.002  0.006  0.008
 
# Band-Index:  156
   1.83091      8.375595  0.000  0.002  0.004  0.006
   1.81095      8.411382  0.000  0.002  0.006  0.006
   1.79099      8.428143  0.000  0.013  0.010  0.023
   1.77103      8.445932  0.000  0.000  0.002  0.004
   1.75108      8.432654  0.000  0.002  0.002  0.004
   1.73112      8.387619  0.000  0.002  0.002  0.004
   1.71116      8.385602  0.000  0.002  0.002  0.004
   1.69120      8.364546  0.000  0.004  0.002  0.006
   1.67125      8.354977  0.000  0.006  0.004  0.010
   1.65129      8.371690  0.000  0.008  0.002  0.012
   1.63133      8.366231  0.000  0.006  0.002  0.009
   1.61137      8.331593  0.000  0.004  0.006  0.010
   1.59142      8.291472  0.000  0.002  0.008  0.010
   1.57146      8.252577  0.000  0.002  0.008  0.010
   1.55150      8.224149  0.000  0.002  0.010  0.010
   1.53154      8.212114  0.000  0.002  0.008  0.010
   1.51159      8.212999  0.000  0.000  0.008  0.008
   1.49163      8.220168  0.000  0.000  0.006  0.008
   1.47167      8.227798  0.000  0.000  0.006  0.006
   1.45171      8.231057  0.000  0.000  0.005  0.006
   1.45171      8.231057  0.000  0.000  0.005  0.006
   1.42349      8.236555  0.000  0.000  0.006  0.006
   1.39526      8.251169  0.000  0.000  0.008  0.008
   1.36704      8.269662  0.000  0.000  0.008  0.009
   1.33882      8.236684  0.000  0.000  0.012  0.012
   1.31059      8.197170  0.000  0.001  0.012  0.013
   1.28237      8.198389  0.000  0.004  0.002  0.006
   1.25414      8.178290  0.000  0.006  0.004  0.010
   1.22592      8.162540  0.000  0.010  0.002  0.012
   1.19769      8.155546  0.000  0.008  0.004  0.010
   1.16947      8.187626  0.000  0.000  0.004  0.004
   1.14125      8.250395  0.000  0.000  0.004  0.006
   1.11302      8.217877  0.000  0.002  0.002  0.002
   1.08480      8.138518  0.000  0.004  0.000  0.004
   1.05657      8.089390  0.000  0.002  0.000  0.002
   1.02835      8.070229  0.000  0.000  0.000  0.002
   1.00013      8.080596  0.000  0.002  0.002  0.004
   0.97190      8.052362  0.002  0.002  0.004  0.010
   0.94368      8.026448  0.000  0.002  0.006  0.008
   0.91545      8.087886  0.000  0.004  0.008  0.012
   0.91545      8.087886  0.000  0.004  0.008  0.012
   0.89550      8.085714  0.000  0.004  0.008  0.012
   0.87554      8.080915  0.000  0.004  0.006  0.010
   0.85558      8.077803  0.000  0.002  0.006  0.008
   0.83562      8.082560  0.000  0.002  0.006  0.008
   0.81567      8.097382  0.000  0.004  0.000  0.004
   0.79571      8.119045  0.000  0.004  0.000  0.004
   0.77575      8.150050  0.000  0.004  0.000  0.004
   0.75579      8.184374  0.004  0.012  0.006  0.024
   0.73584      8.189790  0.004  0.012  0.006  0.022
   0.71588      8.187577  0.002  0.010  0.004  0.016
   0.69592      8.185931  0.000  0.002  0.004  0.006
   0.67596      8.216263  0.004  0.012  0.004  0.020
   0.65600      8.230295  0.004  0.012  0.002  0.018
   0.63605      8.239109  0.006  0.010  0.002  0.018
   0.61609      8.247118  0.006  0.008  0.002  0.018
   0.59613      8.260192  0.006  0.008  0.004  0.018
   0.57617      8.281662  0.006  0.006  0.006  0.018
   0.55622      8.307184  0.004  0.008  0.006  0.018
   0.53626      8.321261  0.004  0.008  0.006  0.018
   0.53626      8.321261  0.004  0.008  0.006  0.018
   0.50804      8.333037  0.000  0.006  0.002  0.010
   0.47981      8.346094  0.000  0.006  0.002  0.008
   0.45159      8.365554  0.000  0.004  0.001  0.006
   0.42336      8.364414  0.000  0.002  0.002  0.004
   0.39514      8.356569  0.000  0.002  0.002  0.006
   0.36691      8.325110  0.000  0.006  0.002  0.008
   0.33869      8.338387  0.000  0.002  0.006  0.008
   0.31047      8.339043  0.000  0.002  0.006  0.010
   0.28224      8.318256  0.000  0.000  0.010  0.012
   0.25402      8.327874  0.000  0.004  0.006  0.011
   0.22579      8.339935  0.000  0.002  0.008  0.010
   0.19757      8.380585  0.000  0.008  0.008  0.018
   0.16935      8.389533  0.000  0.003  0.008  0.010
   0.14112      8.373016  0.000  0.004  0.000  0.004
   0.11290      8.363261  0.000  0.004  0.000  0.004
   0.08467      8.371886  0.000  0.004  0.004  0.006
   0.05645      8.376674  0.000  0.002  0.004  0.006
   0.02822      8.376228  0.000  0.002  0.005  0.006
   0.00000      8.375595  0.000  0.002  0.004  0.006
 
# Band-Index:  157
   0.00000      8.420340  0.000  0.024  0.014  0.038
   0.02822      8.417574  0.000  0.024  0.013  0.037
   0.05645      8.408047  0.000  0.024  0.009  0.032
   0.08467      8.392410  0.000  0.018  0.006  0.025
   0.11290      8.381002  0.000  0.010  0.006  0.016
   0.14112      8.381452  0.000  0.006  0.006  0.012
   0.16935      8.398561  0.000  0.006  0.004  0.010
   0.19757      8.396180  0.000  0.002  0.010  0.012
   0.22579      8.360323  0.000  0.008  0.006  0.012
   0.25402      8.341202  0.000  0.002  0.008  0.012
   0.28224      8.364500  0.002  0.002  0.004  0.006
   0.31047      8.395790  0.002  0.001  0.004  0.006
   0.33869      8.352837  0.000  0.006  0.002  0.009
   0.36691      8.403459  0.000  0.002  0.006  0.008
   0.39514      8.414262  0.000  0.002  0.004  0.006
   0.42336      8.454058  0.000  0.004  0.002  0.006
   0.45159      8.421222  0.000  0.002  0.002  0.006
   0.47981      8.415124  0.000  0.000  0.002  0.002
   0.50804      8.373341  0.004  0.010  0.004  0.016
   0.53626      8.372076  0.000  0.014  0.002  0.014
   0.53626      8.372076  0.000  0.014  0.002  0.014
   0.55622      8.372552  0.000  0.012  0.002  0.014
   0.57617      8.372525  0.000  0.010  0.002  0.012
   0.59613      8.366786  0.000  0.006  0.002  0.008
   0.61609      8.344842  0.000  0.004  0.002  0.004
   0.63605      8.302465  0.000  0.002  0.002  0.004
   0.65600      8.259173  0.000  0.002  0.004  0.006
   0.67596      8.222813  0.000  0.002  0.004  0.006
   0.69592      8.208890  0.005  0.010  0.006  0.022
   0.71588      8.217994  0.004  0.004  0.008  0.018
   0.73584      8.221723  0.000  0.004  0.000  0.004
   0.75579      8.184958  0.000  0.004  0.000  0.004
   0.77575      8.167486  0.004  0.008  0.006  0.018
   0.79571      8.135002  0.002  0.004  0.006  0.012
   0.81567      8.101941  0.000  0.002  0.006  0.010
   0.83562      8.089191  0.000  0.004  0.000  0.004
   0.85558      8.090292  0.000  0.002  0.000  0.004
   0.87554      8.093801  0.000  0.002  0.000  0.002
   0.89550      8.096290  0.000  0.000  0.000  0.000
   0.91545      8.097094  0.000  0.000  0.000  0.000
   0.91545      8.097094  0.000  0.000  0.000  0.000
   0.94368      8.109886  0.000  0.002  0.002  0.004
   0.97190      8.096846  0.000  0.002  0.002  0.004
   1.00013      8.132912  0.002  0.002  0.004  0.008
   1.02835      8.155208  0.002  0.002  0.004  0.006
   1.05657      8.098825  0.000  0.002  0.004  0.008
   1.08480      8.156778  0.000  0.006  0.002  0.008
   1.11302      8.254634  0.000  0.008  0.002  0.008
   1.14125      8.269421  0.000  0.006  0.004  0.010
   1.16947      8.275944  0.000  0.010  0.002  0.012
   1.19769      8.318820  0.001  0.007  0.005  0.012
   1.22592      8.288791  0.000  0.004  0.008  0.012
   1.25414      8.263334  0.000  0.004  0.008  0.014
   1.28237      8.259001  0.000  0.005  0.011  0.016
   1.31059      8.280009  0.000  0.002  0.011  0.014
   1.33882      8.283721  0.000  0.000  0.010  0.010
   1.36704      8.280575  0.000  0.000  0.012  0.012
   1.39526      8.319934  0.000  0.000  0.010  0.010
   1.42349      8.346329  0.000  0.000  0.008  0.008
   1.45171      8.355412  0.000  0.000  0.008  0.008
   1.45171      8.355412  0.000  0.000  0.008  0.008
   1.47167      8.358230  0.000  0.000  0.008  0.008
   1.49163      8.366089  0.000  0.000  0.008  0.010
   1.51159      8.377668  0.000  0.002  0.010  0.010
   1.53154      8.391671  0.000  0.002  0.010  0.012
   1.55150      8.407150  0.000  0.004  0.010  0.012
   1.57146      8.423438  0.000  0.004  0.010  0.014
   1.59142      8.425256  0.000  0.004  0.004  0.008
   1.61137      8.412381  0.002  0.006  0.002  0.010
   1.63133      8.395812  0.002  0.008  0.002  0.012
   1.65129      8.401047  0.000  0.008  0.002  0.010
   1.67125      8.443553  0.000  0.008  0.002  0.012
   1.69120      8.482359  0.000  0.019  0.004  0.024
   1.71116      8.484494  0.000  0.004  0.004  0.008
   1.73112      8.418863  0.000  0.002  0.002  0.004
   1.75108      8.438387  0.000  0.002  0.002  0.004
   1.77103      8.449808  0.000  0.014  0.004  0.018
   1.79099      8.444911  0.000  0.000  0.004  0.004
   1.81095      8.412408  0.000  0.013  0.016  0.030
   1.83091      8.420340  0.000  0.024  0.014  0.038
 
# Band-Index:  158
   1.83091      8.430278  0.000  0.002  0.010  0.011
   1.81095      8.447593  0.000  0.012  0.008  0.020
   1.79099      8.466066  0.000  0.014  0.006  0.020
   1.77103      8.476462  0.000  0.013  0.004  0.018
   1.75108      8.480630  0.000  0.015  0.002  0.018
   1.73112      8.489218  0.000  0.017  0.002  0.019
   1.71116      8.488026  0.000  0.019  0.002  0.021
   1.69120      8.491741  0.000  0.010  0.004  0.014
   1.67125      8.475908  0.000  0.019  0.006  0.025
   1.65129      8.470513  0.000  0.017  0.008  0.025
   1.63133      8.465731  0.000  0.013  0.010  0.023
   1.61137      8.455348  0.000  0.007  0.010  0.017
   1.59142      8.439894  0.000  0.006  0.010  0.015
   1.57146      8.436313  0.000  0.002  0.004  0.006
   1.55150      8.447318  0.000  0.002  0.004  0.006
   1.53154      8.457548  0.000  0.002  0.004  0.006
   1.51159      8.462676  0.000  0.004  0.004  0.008
   1.49163      8.458252  0.000  0.004  0.004  0.010
   1.47167      8.448691  0.000  0.006  0.004  0.012
   1.45171      8.443986  0.000  0.006  0.006  0.012
   1.45171      8.443986  0.000  0.006  0.006  0.012
   1.42349      8.442117  0.000  0.006  0.006  0.012
   1.39526      8.437365  0.000  0.008  0.006  0.014
   1.36704      8.432971  0.000  0.010  0.004  0.016
   1.33882      8.431507  0.000  0.012  0.004  0.016
   1.31059      8.400568  0.000  0.008  0.004  0.010
   1.28237      8.397264  0.000  0.006  0.004  0.010
   1.25414      8.414831  0.000  0.006  0.004  0.008
   1.22592      8.374597  0.002  0.018  0.002  0.022
   1.19769      8.319070  0.001  0.009  0.004  0.014
   1.16947      8.339457  0.000  0.002  0.004  0.008
   1.14125      8.319283  0.000  0.002  0.002  0.006
   1.11302      8.310351  0.000  0.004  0.006  0.010
   1.08480      8.323133  0.002  0.002  0.008  0.012
   1.05657      8.293862  0.004  0.006  0.008  0.016
   1.02835      8.233403  0.004  0.006  0.006  0.015
   1.00013      8.196635  0.002  0.004  0.004  0.010
   0.97190      8.202021  0.002  0.002  0.004  0.006
   0.94368      8.207797  0.000  0.000  0.002  0.002
   0.91545      8.171089  0.000  0.000  0.000  0.000
   0.91545      8.171089  0.000  0.000  0.000  0.000
   0.89550      8.174078  0.000  0.000  0.000  0.000
   0.87554      8.182198  0.000  0.000  0.000  0.002
   0.85558      8.193726  0.000  0.000  0.000  0.002
   0.83562      8.207298  0.000  0.000  0.002  0.002
   0.81567      8.222107  0.000  0.000  0.002  0.002
   0.79571      8.237729  0.000  0.000  0.002  0.002
   0.77575      8.250612  0.002  0.004  0.010  0.016
   0.75579      8.267378  0.000  0.002  0.010  0.012
   0.73584      8.257018  0.002  0.002  0.010  0.014
   0.71588      8.261436  0.000  0.002  0.000  0.002
   0.69592      8.303346  0.000  0.002  0.000  0.002
   0.67596      8.330158  0.004  0.004  0.008  0.016
   0.65600      8.354309  0.004  0.002  0.004  0.010
   0.63605      8.383378  0.000  0.002  0.000  0.004
   0.61609      8.405720  0.000  0.004  0.000  0.004
   0.59613      8.426378  0.000  0.004  0.002  0.006
   0.57617      8.408224  0.002  0.000  0.008  0.012
   0.55622      8.389493  0.004  0.000  0.008  0.012
   0.53626      8.378817  0.004  0.000  0.006  0.012
   0.53626      8.378817  0.004  0.000  0.006  0.012
   0.50804      8.417704  0.002  0.002  0.004  0.006
   0.47981      8.447154  0.004  0.006  0.002  0.012
   0.45159      8.460295  0.000  0.002  0.002  0.006
   0.42336      8.462432  0.000  0.002  0.002  0.004
   0.39514      8.465512  0.000  0.002  0.004  0.004
   0.36691      8.404124  0.000  0.002  0.006  0.006
   0.33869      8.424696  0.000  0.000  0.010  0.010
   0.31047      8.395929  0.001  0.006  0.004  0.010
   0.28224      8.399738  0.000  0.004  0.006  0.012
   0.25402      8.371569  0.000  0.004  0.009  0.012
   0.22579      8.380314  0.000  0.004  0.011  0.016
   0.19757      8.428948  0.000  0.003  0.002  0.006
   0.16935      8.410671  0.000  0.006  0.007  0.014
   0.14112      8.421662  0.000  0.008  0.010  0.018
   0.11290      8.417061  0.000  0.010  0.010  0.020
   0.08467      8.409561  0.000  0.010  0.012  0.022
   0.05645      8.410473  0.000  0.007  0.012  0.020
   0.02822      8.422471  0.000  0.003  0.011  0.013
   0.00000      8.430278  0.000  0.002  0.010  0.011
 
# Band-Index:  159
   0.00000      8.479257  0.000  0.004  0.004  0.006
   0.02822      8.477969  0.000  0.003  0.004  0.008
   0.05645      8.475988  0.000  0.002  0.008  0.010
   0.08467      8.475823  0.000  0.002  0.010  0.012
   0.11290      8.478091  0.000  0.004  0.010  0.014
   0.14112      8.482583  0.000  0.004  0.010  0.016
   0.16935      8.488671  0.000  0.006  0.010  0.016
   0.19757      8.489158  0.000  0.005  0.000  0.005
   0.22579      8.456937  0.000  0.004  0.004  0.008
   0.25402      8.481948  0.000  0.004  0.004  0.006
   0.28224      8.477709  0.000  0.004  0.006  0.010
   0.31047      8.460557  0.000  0.010  0.006  0.016
   0.33869      8.467011  0.001  0.009  0.003  0.013
   0.36691      8.485423  0.000  0.012  0.002  0.014
   0.39514      8.480852  0.000  0.004  0.002  0.006
   0.42336      8.477883  0.000  0.002  0.002  0.006
   0.45159      8.498172  0.000  0.002  0.003  0.006
   0.47981      8.478719  0.000  0.004  0.004  0.008
   0.50804      8.479568  0.002  0.010  0.004  0.014
   0.53626      8.459822  0.000  0.004  0.002  0.006
   0.53626      8.459822  0.000  0.004  0.002  0.006
   0.55622      8.455376  0.000  0.004  0.002  0.006
   0.57617      8.443429  0.000  0.006  0.002  0.006
   0.59613      8.427037  0.002  0.000  0.008  0.010
   0.61609      8.444226  0.002  0.002  0.006  0.010
   0.63605      8.415891  0.002  0.002  0.002  0.006
   0.65600      8.361506  0.000  0.002  0.002  0.004
   0.67596      8.337688  0.000  0.002  0.002  0.004
   0.69592      8.331886  0.004  0.006  0.008  0.016
   0.71588      8.316410  0.000  0.002  0.004  0.006
   0.73584      8.293581  0.000  0.002  0.004  0.006
   0.75579      8.272678  0.000  0.000  0.002  0.004
   0.77575      8.254313  0.000  0.000  0.002  0.004
   0.79571      8.243371  0.002  0.008  0.010  0.020
   0.81567      8.244838  0.002  0.004  0.010  0.018
   0.83562      8.236988  0.001  0.002  0.004  0.008
   0.85558      8.225432  0.002  0.004  0.004  0.010
   0.87554      8.217063  0.002  0.004  0.004  0.010
   0.89550      8.211759  0.002  0.004  0.004  0.010
   0.91545      8.209865  0.002  0.004  0.004  0.009
   0.91545      8.209865  0.002  0.004  0.004  0.009
   0.94368      8.219340  0.002  0.004  0.004  0.009
   0.97190      8.241680  0.002  0.004  0.004  0.009
   1.00013      8.245801  0.000  0.002  0.004  0.007
   1.02835      8.261829  0.000  0.000  0.002  0.004
   1.05657      8.342553  0.000  0.000  0.002  0.002
   1.08480      8.351631  0.000  0.006  0.006  0.013
   1.11302      8.320728  0.000  0.002  0.004  0.004
   1.14125      8.340466  0.000  0.000  0.002  0.002
   1.16947      8.357489  0.000  0.004  0.002  0.006
   1.19769      8.387473  0.000  0.004  0.002  0.006
   1.22592      8.427951  0.000  0.006  0.002  0.008
   1.25414      8.421552  0.002  0.020  0.002  0.024
   1.28237      8.432373  0.002  0.016  0.004  0.020
   1.31059      8.432429  0.000  0.014  0.004  0.018
   1.33882      8.433851  0.000  0.008  0.004  0.012
   1.36704      8.479836  0.000  0.008  0.002  0.010
   1.39526      8.522715  0.000  0.006  0.002  0.010
   1.42349      8.555506  0.000  0.014  0.009  0.023
   1.45171      8.558823  0.000  0.014  0.010  0.024
   1.45171      8.558823  0.000  0.014  0.010  0.024
   1.47167      8.542347  0.000  0.012  0.008  0.020
   1.49163      8.524253  0.000  0.012  0.008  0.020
   1.51159      8.509083  0.000  0.012  0.008  0.020
   1.53154      8.496758  0.000  0.014  0.008  0.022
   1.55150      8.487019  0.000  0.016  0.006  0.022
   1.57146      8.479674  0.000  0.016  0.006  0.023
   1.59142      8.474758  0.000  0.018  0.006  0.024
   1.61137      8.472983  0.000  0.019  0.004  0.023
   1.63133      8.477942  0.000  0.017  0.002  0.019
   1.65129      8.489389  0.000  0.015  0.002  0.017
   1.67125      8.499608  0.000  0.016  0.002  0.017
   1.69120      8.505623  0.000  0.018  0.000  0.019
   1.71116      8.505983  0.000  0.019  0.001  0.021
   1.73112      8.501578  0.000  0.021  0.002  0.023
   1.75108      8.499293  0.000  0.019  0.002  0.021
   1.77103      8.514860  0.000  0.006  0.002  0.008
   1.79099      8.509725  0.000  0.006  0.006  0.010
   1.81095      8.483028  0.000  0.004  0.004  0.008
   1.83091      8.479257  0.000  0.004  0.004  0.006
 
# Band-Index:  160
   1.83091      8.564446  0.000  0.006  0.006  0.014
   1.81095      8.562593  0.000  0.006  0.006  0.014
   1.79099      8.549591  0.000  0.002  0.000  0.004
   1.77103      8.551621  0.000  0.006  0.006  0.012
   1.75108      8.575788  0.000  0.006  0.006  0.011
   1.73112      8.598681  0.000  0.006  0.004  0.010
   1.71116      8.582593  0.000  0.006  0.004  0.008
   1.69120      8.581674  0.000  0.002  0.003  0.006
   1.67125      8.585384  0.000  0.003  0.008  0.010
   1.65129      8.574692  0.000  0.004  0.008  0.013
   1.63133      8.581719  0.000  0.008  0.008  0.016
   1.61137      8.613011  0.000  0.010  0.008  0.018
   1.59142      8.655360  0.000  0.010  0.008  0.018
   1.57146      8.686766  0.000  0.006  0.004  0.008
   1.55150      8.659401  0.000  0.006  0.004  0.010
   1.53154      8.627086  0.000  0.004  0.004  0.008
   1.51159      8.601762  0.000  0.004  0.004  0.008
   1.49163      8.591339  0.000  0.002  0.004  0.006
   1.47167      8.590530  0.000  0.008  0.006  0.014
   1.45171      8.570931  0.000  0.006  0.004  0.008
   1.45171      8.570931  0.000  0.006  0.004  0.008
   1.42349      8.555789  0.000  0.006  0.003  0.009
   1.39526      8.551380  0.000  0.012  0.008  0.020
   1.36704      8.552129  0.000  0.010  0.006  0.016
   1.33882      8.556667  0.000  0.008  0.006  0.014
   1.31059      8.548928  0.000  0.004  0.004  0.008
   1.28237      8.527167  0.000  0.006  0.004  0.010
   1.25414      8.494447  0.000  0.008  0.004  0.013
   1.22592      8.454258  0.000  0.006  0.004  0.010
   1.19769      8.423845  0.000  0.008  0.004  0.010
   1.16947      8.387566  0.000  0.004  0.002  0.006
   1.14125      8.371675  0.000  0.004  0.004  0.010
   1.11302      8.363660  0.000  0.002  0.010  0.012
   1.08480      8.381301  0.000  0.000  0.006  0.006
   1.05657      8.367494  0.000  0.010  0.007  0.018
   1.02835      8.372126  0.000  0.002  0.006  0.008
   1.00013      8.331531  0.000  0.002  0.002  0.006
   0.97190      8.269683  0.000  0.002  0.002  0.004
   0.94368      8.233621  0.002  0.002  0.006  0.008
   0.91545      8.265233  0.004  0.008  0.010  0.022
   0.91545      8.265233  0.004  0.008  0.010  0.022
   0.89550      8.264975  0.004  0.008  0.010  0.024
   0.87554      8.263536  0.004  0.012  0.010  0.026
   0.85558      8.259934  0.004  0.014  0.010  0.030
   0.83562      8.254772  0.004  0.016  0.010  0.032
   0.81567      8.257564  0.002  0.014  0.006  0.022
   0.79571      8.277776  0.002  0.008  0.004  0.014
   0.77575      8.303488  0.002  0.008  0.004  0.014
   0.75579      8.331636  0.002  0.006  0.004  0.014
   0.73584      8.338654  0.002  0.004  0.004  0.010
   0.71588      8.336501  0.002  0.006  0.006  0.014
   0.69592      8.341016  0.000  0.002  0.002  0.006
   0.67596      8.373647  0.000  0.002  0.002  0.004
   0.65600      8.411896  0.000  0.004  0.002  0.004
   0.63605      8.443775  0.000  0.004  0.002  0.006
   0.61609      8.473949  0.000  0.004  0.002  0.004
   0.59613      8.498775  0.000  0.002  0.002  0.004
   0.57617      8.507564  0.000  0.002  0.002  0.005
   0.55622      8.509107  0.000  0.002  0.002  0.006
   0.53626      8.508942  0.000  0.004  0.003  0.006
   0.53626      8.508942  0.000  0.004  0.003  0.006
   0.50804      8.495252  0.000  0.002  0.004  0.006
   0.47981      8.532122  0.000  0.004  0.006  0.010
   0.45159      8.550396  0.000  0.006  0.002  0.008
   0.42336      8.499830  0.000  0.004  0.000  0.006
   0.39514      8.504353  0.000  0.004  0.002  0.006
   0.36691      8.491271  0.000  0.004  0.002  0.008
   0.33869      8.467663  0.001  0.008  0.003  0.011
   0.31047      8.501969  0.000  0.002  0.002  0.004
   0.28224      8.503088  0.000  0.002  0.002  0.004
   0.25402      8.485761  0.000  0.000  0.004  0.004
   0.22579      8.491224  0.000  0.000  0.002  0.004
   0.19757      8.497542  0.000  0.008  0.006  0.014
   0.16935      8.515684  0.000  0.002  0.002  0.002
   0.14112      8.532201  0.000  0.002  0.000  0.004
   0.11290      8.548061  0.000  0.002  0.000  0.004
   0.08467      8.558773  0.000  0.004  0.004  0.008
   0.05645      8.565406  0.000  0.005  0.004  0.010
   0.02822      8.565948  0.000  0.006  0.006  0.012
   0.00000      8.564446  0.000  0.006  0.006  0.014
 
# Band-Index:  161
   0.00000      8.584305  0.000  0.002  0.000  0.002
   0.02822      8.582127  0.000  0.002  0.000  0.002
   0.05645      8.574822  0.000  0.002  0.000  0.002
   0.08467      8.562670  0.000  0.002  0.000  0.002
   0.11290      8.550110  0.000  0.004  0.002  0.007
   0.14112      8.545188  0.000  0.004  0.002  0.006
   0.16935      8.554208  0.000  0.002  0.004  0.006
   0.19757      8.501138  0.000  0.002  0.002  0.004
   0.22579      8.515997  0.000  0.008  0.004  0.012
   0.25402      8.527954  0.000  0.006  0.004  0.010
   0.28224      8.510669  0.000  0.006  0.004  0.010
   0.31047      8.526929  0.000  0.002  0.004  0.006
   0.33869      8.532079  0.000  0.004  0.002  0.006
   0.36691      8.521850  0.002  0.002  0.002  0.006
   0.39514      8.509051  0.000  0.008  0.003  0.011
   0.42336      8.539406  0.002  0.002  0.002  0.008
   0.45159      8.565406  0.000  0.010  0.004  0.014
   0.47981      8.539021  0.002  0.012  0.007  0.020
   0.50804      8.523642  0.000  0.002  0.004  0.008
   0.53626      8.518186  0.000  0.002  0.004  0.006
   0.53626      8.518186  0.000  0.002  0.004  0.006
   0.55622      8.525443  0.000  0.002  0.004  0.006
   0.57617      8.543261  0.002  0.002  0.004  0.006
   0.59613      8.564641  0.002  0.002  0.004  0.008
   0.61609      8.501255  0.002  0.000  0.002  0.004
   0.63605      8.465333  0.002  0.002  0.006  0.010
   0.65600      8.473975  0.000  0.002  0.002  0.006
   0.67596      8.447339  0.000  0.002  0.002  0.004
   0.69592      8.420913  0.000  0.002  0.002  0.002
   0.71588      8.398313  0.000  0.002  0.000  0.002
   0.73584      8.381446  0.000  0.002  0.002  0.002
   0.75579      8.369092  0.000  0.002  0.002  0.004
   0.77575      8.358728  0.000  0.002  0.002  0.004
   0.79571      8.348079  0.000  0.002  0.002  0.004
   0.81567      8.335688  0.000  0.000  0.002  0.002
   0.83562      8.321698  0.000  0.000  0.002  0.002
   0.85558      8.308746  0.000  0.000  0.002  0.002
   0.87554      8.300960  0.000  0.000  0.002  0.002
   0.89550      8.300324  0.000  0.000  0.002  0.002
   0.91545      8.302265  0.000  0.000  0.002  0.002
   0.91545      8.302265  0.000  0.000  0.002  0.002
   0.94368      8.325034  0.002  0.016  0.006  0.024
   0.97190      8.345874  0.000  0.002  0.000  0.004
   1.00013      8.353459  0.000  0.000  0.000  0.002
   1.02835      8.373710  0.000  0.010  0.004  0.012
   1.05657      8.377396  0.000  0.007  0.005  0.012
   1.08480      8.390972  0.002  0.010  0.004  0.014
   1.11302      8.390851  0.002  0.006  0.004  0.012
   1.14125      8.403341  0.000  0.006  0.004  0.010
   1.16947      8.456274  0.000  0.002  0.006  0.008
   1.19769      8.466919  0.000  0.004  0.004  0.008
   1.22592      8.459817  0.000  0.006  0.004  0.012
   1.25414      8.505408  0.000  0.006  0.004  0.010
   1.28237      8.568277  0.000  0.006  0.006  0.012
   1.31059      8.562569  0.000  0.008  0.006  0.012
   1.33882      8.566620  0.000  0.002  0.004  0.006
   1.36704      8.582343  0.000  0.002  0.004  0.004
   1.39526      8.593400  0.000  0.000  0.004  0.004
   1.42349      8.596487  0.000  0.002  0.002  0.004
   1.45171      8.594057  0.000  0.002  0.002  0.004
   1.45171      8.594057  0.000  0.002  0.002  0.004
   1.47167      8.592184  0.000  0.002  0.002  0.004
   1.49163      8.617662  0.000  0.008  0.006  0.014
   1.51159      8.646877  0.000  0.008  0.006  0.014
   1.53154      8.676959  0.000  0.008  0.006  0.014
   1.55150      8.706730  0.000  0.008  0.006  0.014
   1.57146      8.696589  0.000  0.010  0.006  0.016
   1.59142      8.700114  0.000  0.004  0.004  0.008
   1.61137      8.697291  0.000  0.004  0.006  0.010
   1.63133      8.671032  0.000  0.008  0.008  0.016
   1.65129      8.642557  0.000  0.007  0.008  0.016
   1.67125      8.623934  0.000  0.006  0.006  0.012
   1.69120      8.610575  0.000  0.002  0.006  0.008
   1.71116      8.611675  0.000  0.004  0.004  0.008
   1.73112      8.633642  0.000  0.006  0.008  0.014
   1.75108      8.639115  0.000  0.006  0.004  0.010
   1.77103      8.585394  0.000  0.006  0.002  0.008
   1.79099      8.561913  0.000  0.006  0.004  0.012
   1.81095      8.575193  0.000  0.002  0.000  0.002
   1.83091      8.584305  0.000  0.002  0.000  0.002
 
# Band-Index:  162
   1.83091      8.730637  0.000  0.000  0.000  0.002
   1.81095      8.720739  0.000  0.000  0.004  0.004
   1.79099      8.713455  0.000  0.000  0.006  0.006
   1.77103      8.710252  0.000  0.000  0.010  0.010
   1.75108      8.688269  0.000  0.002  0.012  0.014
   1.73112      8.687160  0.000  0.004  0.008  0.010
   1.71116      8.684851  0.000  0.002  0.012  0.014
   1.69120      8.687252  0.000  0.002  0.010  0.012
   1.67125      8.684447  0.000  0.002  0.008  0.010
   1.65129      8.689771  0.000  0.004  0.006  0.010
   1.63133      8.702669  0.000  0.006  0.006  0.012
   1.61137      8.733831  0.000  0.014  0.008  0.022
   1.59142      8.760865  0.000  0.008  0.008  0.016
   1.57146      8.735040  0.000  0.008  0.008  0.016
   1.55150      8.729797  0.000  0.008  0.004  0.014
   1.53154      8.749607  0.000  0.005  0.002  0.008
   1.51159      8.746921  0.000  0.002  0.002  0.002
   1.49163      8.737011  0.000  0.000  0.002  0.002
   1.47167      8.730053  0.000  0.000  0.002  0.002
   1.45171      8.727590  0.000  0.000  0.002  0.002
   1.45171      8.727590  0.000  0.000  0.002  0.002
   1.42349      8.731520  0.000  0.000  0.002  0.002
   1.39526      8.740218  0.000  0.000  0.002  0.002
   1.36704      8.749778  0.000  0.000  0.002  0.002
   1.33882      8.757177  0.000  0.002  0.002  0.004
   1.31059      8.709418  0.000  0.008  0.004  0.014
   1.28237      8.605820  0.000  0.008  0.004  0.014
   1.25414      8.572735  0.000  0.006  0.006  0.012
   1.22592      8.555574  0.000  0.006  0.006  0.012
   1.19769      8.521933  0.000  0.004  0.006  0.010
   1.16947      8.481211  0.000  0.006  0.004  0.010
   1.14125      8.440504  0.000  0.002  0.012  0.014
   1.11302      8.451264  0.000  0.004  0.004  0.010
   1.08480      8.462334  0.000  0.006  0.002  0.008
   1.05657      8.459613  0.000  0.002  0.010  0.014
   1.02835      8.405948  0.000  0.008  0.008  0.016
   1.00013      8.381169  0.000  0.016  0.006  0.022
   0.97190      8.362986  0.002  0.018  0.006  0.026
   0.94368      8.343071  0.000  0.004  0.000  0.004
   0.91545      8.341369  0.000  0.004  0.000  0.004
   0.91545      8.341369  0.000  0.004  0.000  0.004
   0.89550      8.349988  0.000  0.004  0.000  0.004
   0.87554      8.362317  0.000  0.014  0.002  0.016
   0.85558      8.373289  0.000  0.013  0.002  0.016
   0.83562      8.388442  0.000  0.014  0.002  0.016
   0.81567      8.405933  0.000  0.014  0.004  0.018
   0.79571      8.422989  0.000  0.016  0.004  0.020
   0.77575      8.428074  0.000  0.010  0.004  0.014
   0.75579      8.390685  0.002  0.002  0.002  0.004
   0.73584      8.395027  0.002  0.002  0.002  0.006
   0.71588      8.444489  0.002  0.002  0.004  0.006
   0.69592      8.484586  0.000  0.006  0.004  0.010
   0.67596      8.489961  0.002  0.006  0.004  0.012
   0.65600      8.479390  0.002  0.004  0.006  0.010
   0.63605      8.498560  0.000  0.004  0.002  0.006
   0.61609      8.524333  0.000  0.006  0.002  0.008
   0.59613      8.572564  0.000  0.006  0.000  0.006
   0.57617      8.650536  0.000  0.004  0.000  0.004
   0.55622      8.684429  0.000  0.002  0.004  0.006
   0.53626      8.683383  0.000  0.002  0.004  0.006
   0.53626      8.683384  0.000  0.002  0.004  0.006
   0.50804      8.666471  0.000  0.002  0.004  0.004
   0.47981      8.618812  0.000  0.002  0.002  0.002
   0.45159      8.575011  0.002  0.004  0.004  0.010
   0.42336      8.555149  0.000  0.002  0.008  0.009
   0.39514      8.527509  0.002  0.002  0.002  0.008
   0.36691      8.525236  0.000  0.000  0.003  0.003
   0.33869      8.552248  0.000  0.000  0.004  0.004
   0.31047      8.565364  0.000  0.006  0.002  0.008
   0.28224      8.603280  0.000  0.008  0.002  0.010
   0.25402      8.602807  0.000  0.004  0.002  0.008
   0.22579      8.612655  0.000  0.004  0.002  0.006
   0.19757      8.590100  0.000  0.000  0.004  0.006
   0.16935      8.609812  0.000  0.010  0.002  0.010
   0.14112      8.668417  0.000  0.014  0.003  0.018
   0.11290      8.707951  0.000  0.014  0.004  0.018
   0.08467      8.742811  0.000  0.010  0.004  0.016
   0.05645      8.738007  0.000  0.002  0.002  0.004
   0.02822      8.732608  0.000  0.000  0.000  0.002
   0.00000      8.730637  0.000  0.000  0.000  0.002
 
# Band-Index:  163
   0.00000      8.761382  0.000  0.002  0.010  0.012
   0.02822      8.759898  0.000  0.002  0.010  0.012
   0.05645      8.756044  0.000  0.006  0.008  0.012
   0.08467      8.743434  0.000  0.003  0.004  0.006
   0.11290      8.730575  0.000  0.002  0.006  0.008
   0.14112      8.697957  0.000  0.002  0.004  0.006
   0.16935      8.670974  0.000  0.004  0.002  0.008
   0.19757      8.644612  0.000  0.004  0.002  0.008
   0.22579      8.631940  0.000  0.001  0.006  0.008
   0.25402      8.641875  0.000  0.010  0.002  0.012
   0.28224      8.627510  0.000  0.002  0.002  0.004
   0.31047      8.587384  0.000  0.010  0.008  0.018
   0.33869      8.579023  0.000  0.008  0.002  0.010
   0.36691      8.573586  0.000  0.004  0.002  0.007
   0.39514      8.571521  0.000  0.002  0.004  0.006
   0.42336      8.604008  0.000  0.006  0.006  0.012
   0.45159      8.585475  0.000  0.002  0.008  0.012
   0.47981      8.638149  0.002  0.002  0.000  0.004
   0.50804      8.702897  0.002  0.002  0.000  0.004
   0.53626      8.728664  0.002  0.000  0.000  0.004
   0.53626      8.728666  0.002  0.000  0.000  0.004
   0.55622      8.732237  0.002  0.000  0.000  0.004
   0.57617      8.660922  0.000  0.002  0.002  0.004
   0.59613      8.586373  0.002  0.000  0.002  0.004
   0.61609      8.585967  0.002  0.004  0.002  0.008
   0.63605      8.602542  0.000  0.005  0.000  0.006
   0.65600      8.565697  0.000  0.008  0.000  0.008
   0.67596      8.542897  0.000  0.008  0.002  0.010
   0.69592      8.526398  0.000  0.008  0.002  0.008
   0.71588      8.510233  0.000  0.006  0.002  0.008
   0.73584      8.493036  0.000  0.006  0.002  0.008
   0.75579      8.475529  0.000  0.006  0.002  0.006
   0.77575      8.458323  0.000  0.006  0.002  0.006
   0.79571      8.441300  0.000  0.006  0.002  0.006
   0.81567      8.424100  0.000  0.006  0.000  0.006
   0.83562      8.406532  0.000  0.004  0.000  0.004
   0.85558      8.388013  0.000  0.004  0.000  0.004
   0.87554      8.368240  0.000  0.002  0.000  0.004
   0.89550      8.356233  0.000  0.016  0.002  0.018
   0.91545      8.354398  0.000  0.016  0.002  0.018
   0.91545      8.354398  0.000  0.016  0.002  0.018
   0.94368      8.390972  0.000  0.006  0.002  0.008
   0.97190      8.401695  0.000  0.010  0.004  0.014
   1.00013      8.403847  0.000  0.012  0.006  0.018
   1.02835      8.437940  0.000  0.008  0.002  0.010
   1.05657      8.466598  0.000  0.004  0.004  0.008
   1.08480      8.486022  0.000  0.004  0.014  0.018
   1.11302      8.463524  0.000  0.004  0.010  0.016
   1.14125      8.475493  0.000  0.002  0.000  0.004
   1.16947      8.564715  0.000  0.004  0.004  0.010
   1.19769      8.587201  0.000  0.002  0.008  0.010
   1.22592      8.615272  0.000  0.002  0.006  0.006
   1.25414      8.653091  0.000  0.004  0.002  0.006
   1.28237      8.717081  0.000  0.006  0.004  0.010
   1.31059      8.756196  0.000  0.002  0.004  0.006
   1.33882      8.770281  0.000  0.008  0.004  0.012
   1.36704      8.785145  0.000  0.006  0.004  0.010
   1.39526      8.784709  0.000  0.006  0.004  0.008
   1.42349      8.780271  0.000  0.004  0.004  0.008
   1.45171      8.777908  0.000  0.004  0.004  0.008
   1.45171      8.777908  0.000  0.004  0.004  0.008
   1.47167      8.778784  0.000  0.004  0.004  0.008
   1.49163      8.779393  0.000  0.006  0.004  0.008
   1.51159      8.776393  0.000  0.006  0.004  0.010
   1.53154      8.776232  0.000  0.004  0.004  0.008
   1.55150      8.792994  0.000  0.002  0.002  0.004
   1.57146      8.819580  0.000  0.002  0.004  0.004
   1.59142      8.793348  0.002  0.017  0.008  0.026
   1.61137      8.783447  0.000  0.008  0.010  0.018
   1.63133      8.802459  0.000  0.006  0.012  0.018
   1.65129      8.805990  0.000  0.002  0.002  0.004
   1.67125      8.780260  0.000  0.002  0.002  0.004
   1.69120      8.764703  0.000  0.002  0.004  0.008
   1.71116      8.740929  0.000  0.006  0.004  0.012
   1.73112      8.712180  0.000  0.002  0.008  0.012
   1.75108      8.737986  0.000  0.002  0.006  0.010
   1.77103      8.757878  0.000  0.004  0.006  0.012
   1.79099      8.774517  0.000  0.004  0.012  0.016
   1.81095      8.776331  0.000  0.002  0.008  0.010
   1.83091      8.761382  0.000  0.002  0.010  0.012
 
# Band-Index:  164
   1.83091      8.803838  0.000  0.004  0.012  0.014
   1.81095      8.800641  0.000  0.004  0.010  0.014
   1.79099      8.807808  0.000  0.002  0.004  0.006
   1.77103      8.789474  0.000  0.000  0.008  0.008
   1.75108      8.773800  0.000  0.000  0.006  0.006
   1.73112      8.800826  0.000  0.000  0.004  0.006
   1.71116      8.784548  0.000  0.002  0.002  0.004
   1.69120      8.799081  0.000  0.006  0.004  0.010
   1.67125      8.831762  0.000  0.004  0.014  0.018
   1.65129      8.818205  0.000  0.006  0.014  0.018
   1.63133      8.833574  0.000  0.004  0.002  0.006
   1.61137      8.858410  0.000  0.002  0.004  0.006
   1.59142      8.852167  0.000  0.000  0.004  0.004
   1.57146      8.859774  0.002  0.020  0.008  0.028
   1.55150      8.921439  0.002  0.020  0.008  0.030
   1.53154      8.952517  0.000  0.004  0.006  0.012
   1.51159      8.964556  0.000  0.004  0.006  0.010
   1.49163      8.976662  0.000  0.004  0.004  0.008
   1.47167      8.987993  0.000  0.004  0.002  0.006
   1.45171      8.993235  0.000  0.002  0.002  0.004
   1.45171      8.993236  0.000  0.002  0.002  0.004
   1.42349      9.001824  0.000  0.004  0.002  0.006
   1.39526      9.009409  0.000  0.024  0.008  0.032
   1.36704      8.984257  0.000  0.009  0.008  0.016
   1.33882      8.928764  0.000  0.010  0.010  0.019
   1.31059      8.846193  0.000  0.010  0.008  0.018
   1.28237      8.766578  0.002  0.006  0.006  0.014
   1.25414      8.677005  0.002  0.004  0.004  0.008
   1.22592      8.618326  0.000  0.002  0.002  0.004
   1.19769      8.623020  0.000  0.002  0.004  0.006
   1.16947      8.594175  0.000  0.004  0.004  0.007
   1.14125      8.549627  0.000  0.008  0.004  0.013
   1.11302      8.517376  0.000  0.010  0.004  0.014
   1.08480      8.495731  0.000  0.006  0.002  0.008
   1.05657      8.485446  0.000  0.006  0.000  0.006
   1.02835      8.476569  0.002  0.012  0.006  0.020
   1.00013      8.446146  0.000  0.010  0.008  0.018
   0.97190      8.438990  0.000  0.004  0.006  0.010
   0.94368      8.451229  0.000  0.004  0.002  0.008
   0.91545      8.478072  0.000  0.002  0.002  0.006
   0.91545      8.478074  0.000  0.002  0.002  0.006
   0.89550      8.479318  0.000  0.004  0.006  0.010
   0.87554      8.481341  0.000  0.004  0.006  0.010
   0.85558      8.491037  0.000  0.004  0.006  0.010
   0.83562      8.509284  0.000  0.002  0.006  0.008
   0.81567      8.534275  0.000  0.002  0.006  0.008
   0.79571      8.533372  0.002  0.008  0.002  0.014
   0.77575      8.486232  0.004  0.016  0.002  0.020
   0.75579      8.483330  0.002  0.024  0.002  0.028
   0.73584      8.503243  0.002  0.024  0.002  0.028
   0.71588      8.526599  0.002  0.020  0.002  0.026
   0.69592      8.555973  0.004  0.012  0.004  0.018
   0.67596      8.606053  0.004  0.012  0.004  0.020
   0.65600      8.616586  0.002  0.012  0.002  0.016
   0.63605      8.604914  0.002  0.006  0.002  0.012
   0.61609      8.653008  0.000  0.002  0.000  0.003
   0.59613      8.707816  0.000  0.000  0.000  0.002
   0.57617      8.734264  0.002  0.002  0.006  0.008
   0.55622      8.738723  0.000  0.002  0.000  0.002
   0.53626      8.768645  0.000  0.014  0.004  0.018
   0.53626      8.768650  0.000  0.014  0.004  0.018
   0.50804      8.750477  0.000  0.006  0.002  0.008
   0.47981      8.722840  0.000  0.000  0.000  0.002
   0.45159      8.678065  0.000  0.000  0.000  0.002
   0.42336      8.653209  0.000  0.008  0.002  0.010
   0.39514      8.656835  0.000  0.002  0.004  0.006
   0.36691      8.651936  0.000  0.004  0.002  0.006
   0.33869      8.614600  0.000  0.002  0.002  0.004
   0.31047      8.615430  0.000  0.000  0.002  0.004
   0.28224      8.667610  0.000  0.002  0.002  0.005
   0.25402      8.683870  0.000  0.000  0.008  0.010
   0.22579      8.689520  0.000  0.012  0.002  0.014
   0.19757      8.733958  0.000  0.012  0.002  0.014
   0.16935      8.776563  0.000  0.008  0.004  0.012
   0.14112      8.775822  0.000  0.006  0.002  0.008
   0.11290      8.772507  0.000  0.004  0.000  0.004
   0.08467      8.786332  0.000  0.000  0.004  0.004
   0.05645      8.798991  0.000  0.002  0.008  0.012
   0.02822      8.802903  0.000  0.003  0.010  0.014
   0.00000      8.803838  0.000  0.004  0.012  0.014
 
# Band-Index:  165
   0.00000      8.940327  0.002  0.005  0.008  0.014
   0.02822      8.931703  0.002  0.006  0.010  0.016
   0.05645      8.896509  0.002  0.006  0.012  0.020
   0.08467      8.849474  0.002  0.004  0.013  0.018
   0.11290      8.838644  0.000  0.002  0.013  0.015
   0.14112      8.838097  0.000  0.006  0.010  0.017
   0.16935      8.795543  0.000  0.006  0.002  0.010
   0.19757      8.758507  0.000  0.006  0.004  0.010
   0.22579      8.728209  0.000  0.002  0.002  0.004
   0.25402      8.692075  0.000  0.000  0.002  0.002
   0.28224      8.669519  0.000  0.004  0.012  0.016
   0.31047      8.680241  0.000  0.004  0.002  0.006
   0.33869      8.673222  0.000  0.004  0.002  0.006
   0.36691      8.677416  0.000  0.000  0.004  0.005
   0.39514      8.672714  0.000  0.008  0.004  0.014
   0.42336      8.669865  0.002  0.003  0.004  0.008
   0.45159      8.690919  0.002  0.010  0.002  0.012
   0.47981      8.728293  0.000  0.002  0.002  0.004
   0.50804      8.760499  0.000  0.000  0.002  0.002
   0.53626      8.771361  0.000  0.000  0.002  0.002
   0.53626      8.771423  0.000  0.000  0.002  0.002
   0.55622      8.761928  0.000  0.011  0.004  0.014
   0.57617      8.751642  0.000  0.000  0.000  0.000
   0.59613      8.751683  0.000  0.000  0.008  0.010
   0.61609      8.741291  0.000  0.008  0.006  0.016
   0.63605      8.719073  0.000  0.008  0.008  0.016
   0.65600      8.675701  0.002  0.002  0.006  0.010
   0.67596      8.617811  0.000  0.004  0.004  0.008
   0.69592      8.598806  0.000  0.010  0.004  0.014
   0.71588      8.595288  0.002  0.006  0.006  0.014
   0.73584      8.611757  0.002  0.004  0.008  0.014
   0.75579      8.631111  0.000  0.002  0.004  0.006
   0.77575      8.597152  0.000  0.002  0.004  0.006
   0.79571      8.564073  0.000  0.002  0.004  0.006
   0.81567      8.550570  0.002  0.006  0.002  0.011
   0.83562      8.534969  0.002  0.006  0.002  0.010
   0.85558      8.513809  0.002  0.004  0.002  0.008
   0.87554      8.495166  0.002  0.004  0.002  0.006
   0.89550      8.482544  0.000  0.002  0.002  0.006
   0.91545      8.480079  0.000  0.004  0.006  0.010
   0.91545      8.480080  0.000  0.004  0.006  0.010
   0.94368      8.478419  0.000  0.004  0.006  0.010
   0.97190      8.498885  0.000  0.004  0.004  0.008
   1.00013      8.528544  0.000  0.006  0.006  0.012
   1.02835      8.494869  0.000  0.004  0.006  0.010
   1.05657      8.522650  0.002  0.008  0.006  0.016
   1.08480      8.547729  0.000  0.010  0.006  0.016
   1.11302      8.576373  0.000  0.002  0.002  0.004
   1.14125      8.621271  0.000  0.006  0.004  0.010
   1.16947      8.639932  0.000  0.004  0.004  0.010
   1.19769      8.724858  0.000  0.001  0.002  0.004
   1.22592      8.799458  0.000  0.000  0.011  0.011
   1.25414      8.805686  0.000  0.000  0.008  0.009
   1.28237      8.810215  0.000  0.002  0.006  0.010
   1.31059      8.874099  0.002  0.010  0.008  0.018
   1.33882      8.940829  0.000  0.008  0.006  0.014
   1.36704      8.989400  0.000  0.024  0.008  0.032
   1.39526      9.010003  0.000  0.010  0.006  0.017
   1.42349      9.020069  0.000  0.027  0.008  0.035
   1.45171      9.023288  0.000  0.028  0.008  0.036
   1.45171      9.023288  0.000  0.028  0.008  0.036
   1.47167      9.023385  0.000  0.026  0.008  0.034
   1.49163      9.019974  0.000  0.026  0.006  0.032
   1.51159      9.006458  0.000  0.026  0.006  0.033
   1.53154      8.975890  0.000  0.024  0.006  0.032
   1.55150      8.943914  0.000  0.008  0.004  0.012
   1.57146      8.925367  0.000  0.006  0.004  0.012
   1.59142      8.904723  0.000  0.006  0.004  0.010
   1.61137      8.912056  0.000  0.004  0.004  0.008
   1.63133      8.946692  0.000  0.002  0.004  0.008
   1.65129      8.969189  0.000  0.005  0.004  0.010
   1.67125      8.880831  0.000  0.006  0.004  0.010
   1.69120      8.844957  0.000  0.002  0.016  0.018
   1.71116      8.859985  0.000  0.002  0.016  0.018
   1.73112      8.845892  0.000  0.002  0.002  0.006
   1.75108      8.847357  0.000  0.004  0.002  0.008
   1.77103      8.852519  0.000  0.006  0.004  0.010
   1.79099      8.872243  0.000  0.006  0.008  0.014
   1.81095      8.918790  0.000  0.004  0.008  0.014
   1.83091      8.940328  0.002  0.005  0.008  0.014
 
# Band-Index:  166
   1.83091      8.950400  0.000  0.004  0.006  0.010
   1.81095      8.940270  0.002  0.006  0.006  0.012
   1.79099      8.941107  0.002  0.004  0.006  0.010
   1.77103      8.926527  0.000  0.000  0.010  0.012
   1.75108      8.901319  0.000  0.000  0.012  0.014
   1.73112      8.878627  0.000  0.002  0.014  0.016
   1.71116      8.904235  0.000  0.002  0.004  0.006
   1.69120      8.972135  0.000  0.002  0.004  0.008
   1.67125      8.989318  0.000  0.002  0.006  0.008
   1.65129      8.995920  0.000  0.002  0.004  0.006
   1.63133      9.105414  0.000  0.004  0.004  0.008
   1.61137      9.126628  0.000  0.010  0.004  0.016
   1.59142      9.130436  0.000  0.012  0.006  0.016
   1.57146      9.115955  0.000  0.002  0.008  0.010
   1.55150      9.097495  0.000  0.004  0.008  0.012
   1.53154      9.089018  0.000  0.006  0.008  0.015
   1.51159      9.079461  0.000  0.012  0.008  0.020
   1.49163      9.064641  0.000  0.012  0.006  0.020
   1.47167      9.052714  0.000  0.012  0.006  0.019
   1.45171      9.048311  0.000  0.012  0.006  0.019
   1.45171      9.048312  0.000  0.012  0.006  0.019
   1.42349      9.048180  0.000  0.012  0.006  0.018
   1.39526      9.056184  0.000  0.006  0.004  0.010
   1.36704      9.034938  0.002  0.008  0.006  0.016
   1.33882      8.956497  0.000  0.019  0.008  0.026
   1.31059      8.890959  0.000  0.002  0.004  0.006
   1.28237      8.871470  0.000  0.004  0.004  0.006
   1.25414      8.850884  0.000  0.008  0.006  0.014
   1.22592      8.809155  0.000  0.004  0.004  0.009
   1.19769      8.731843  0.000  0.002  0.002  0.004
   1.16947      8.656679  0.000  0.002  0.002  0.006
   1.14125      8.666384  0.000  0.002  0.004  0.006
   1.11302      8.649177  0.000  0.002  0.006  0.008
   1.08480      8.591228  0.000  0.006  0.006  0.012
   1.05657      8.549287  0.000  0.012  0.012  0.024
   1.02835      8.561853  0.000  0.008  0.012  0.022
   1.00013      8.575232  0.000  0.002  0.003  0.005
   0.97190      8.543062  0.002  0.006  0.004  0.010
   0.94368      8.531831  0.000  0.008  0.002  0.010
   0.91545      8.526045  0.000  0.010  0.000  0.010
   0.91545      8.526045  0.000  0.010  0.000  0.010
   0.89550      8.534615  0.000  0.010  0.000  0.010
   0.87554      8.556111  0.000  0.008  0.000  0.008
   0.85558      8.584929  0.000  0.008  0.000  0.008
   0.83562      8.615820  0.000  0.006  0.000  0.006
   0.81567      8.641641  0.000  0.004  0.002  0.006
   0.79571      8.642555  0.000  0.002  0.004  0.006
   0.77575      8.652298  0.000  0.002  0.002  0.004
   0.75579      8.638881  0.002  0.004  0.006  0.012
   0.73584      8.660944  0.000  0.002  0.005  0.007
   0.71588      8.681074  0.000  0.002  0.006  0.008
   0.69592      8.696211  0.000  0.002  0.006  0.008
   0.67596      8.712266  0.000  0.001  0.004  0.006
   0.65600      8.712293  0.000  0.004  0.004  0.008
   0.63605      8.744597  0.000  0.004  0.002  0.006
   0.61609      8.762663  0.000  0.000  0.002  0.002
   0.59613      8.767717  0.002  0.008  0.004  0.012
   0.57617      8.760856  0.000  0.004  0.002  0.006
   0.55622      8.771336  0.000  0.000  0.002  0.002
   0.53626      8.806817  0.000  0.002  0.002  0.002
   0.53626      8.806826  0.000  0.002  0.002  0.002
   0.50804      8.805439  0.000  0.002  0.004  0.005
   0.47981      8.752666  0.000  0.000  0.004  0.006
   0.45159      8.708917  0.000  0.000  0.004  0.004
   0.42336      8.699120  0.000  0.008  0.004  0.014
   0.39514      8.720287  0.000  0.006  0.006  0.012
   0.36691      8.678733  0.000  0.004  0.007  0.011
   0.33869      8.701303  0.000  0.002  0.010  0.010
   0.31047      8.736383  0.000  0.000  0.010  0.012
   0.28224      8.714408  0.000  0.008  0.002  0.010
   0.25402      8.731656  0.000  0.008  0.002  0.010
   0.22579      8.773182  0.000  0.008  0.002  0.010
   0.19757      8.805629  0.000  0.004  0.002  0.008
   0.16935      8.823051  0.000  0.004  0.006  0.010
   0.14112      8.841943  0.000  0.002  0.011  0.013
   0.11290      8.851049  0.002  0.006  0.012  0.020
   0.08467      8.879499  0.002  0.006  0.010  0.018
   0.05645      8.924927  0.002  0.006  0.006  0.014
   0.02822      8.946559  0.002  0.004  0.006  0.011
   0.00000      8.950400  0.000  0.004  0.006  0.010
 
# Band-Index:  167
   0.00000      8.975351  0.000  0.000  0.006  0.006
   0.02822      8.971016  0.000  0.002  0.006  0.008
   0.05645      8.959080  0.000  0.002  0.006  0.008
   0.08467      8.945813  0.000  0.002  0.006  0.008
   0.11290      8.931473  0.000  0.000  0.008  0.008
   0.14112      8.915149  0.000  0.000  0.008  0.008
   0.16935      8.870076  0.000  0.002  0.014  0.016
   0.19757      8.834243  0.000  0.000  0.013  0.014
   0.22579      8.812030  0.000  0.000  0.010  0.012
   0.25402      8.794680  0.000  0.000  0.008  0.010
   0.28224      8.750820  0.000  0.000  0.010  0.010
   0.31047      8.740060  0.000  0.006  0.004  0.010
   0.33869      8.781620  0.000  0.002  0.006  0.008
   0.36691      8.752361  0.000  0.002  0.007  0.010
   0.39514      8.730601  0.000  0.000  0.002  0.004
   0.42336      8.777757  0.000  0.000  0.002  0.002
   0.45159      8.792820  0.000  0.008  0.004  0.012
   0.47981      8.792428  0.000  0.010  0.004  0.014
   0.50804      8.814656  0.000  0.006  0.002  0.008
   0.53626      8.844444  0.000  0.001  0.000  0.002
   0.53626      8.844446  0.000  0.001  0.000  0.002
   0.55622      8.817971  0.000  0.002  0.000  0.002
   0.57617      8.792020  0.000  0.012  0.006  0.018
   0.59613      8.776439  0.000  0.000  0.002  0.002
   0.61609      8.779457  0.000  0.006  0.002  0.008
   0.63605      8.747502  0.000  0.000  0.002  0.004
   0.65600      8.730116  0.000  0.000  0.004  0.004
   0.67596      8.714911  0.002  0.002  0.006  0.008
   0.69592      8.737826  0.002  0.004  0.006  0.010
   0.71588      8.724320  0.000  0.004  0.002  0.004
   0.73584      8.699701  0.000  0.004  0.004  0.006
   0.75579      8.684270  0.000  0.002  0.004  0.008
   0.77575      8.672420  0.000  0.004  0.004  0.008
   0.79571      8.659386  0.000  0.004  0.004  0.008
   0.81567      8.674311  0.001  0.002  0.008  0.010
   0.83562      8.667380  0.000  0.002  0.012  0.012
   0.85558      8.656814  0.000  0.000  0.014  0.014
   0.87554      8.652202  0.000  0.000  0.016  0.018
   0.89550      8.650504  0.000  0.002  0.018  0.019
   0.91545      8.650080  0.000  0.002  0.018  0.020
   0.91545      8.650077  0.000  0.002  0.018  0.020
   0.94368      8.620083  0.000  0.010  0.014  0.024
   0.97190      8.589257  0.000  0.010  0.015  0.024
   1.00013      8.575776  0.000  0.008  0.013  0.021
   1.02835      8.641630  0.000  0.002  0.004  0.006
   1.05657      8.655607  0.000  0.004  0.008  0.012
   1.08480      8.640462  0.002  0.002  0.004  0.008
   1.11302      8.707015  0.002  0.006  0.006  0.014
   1.14125      8.734581  0.000  0.002  0.020  0.024
   1.16947      8.765165  0.000  0.000  0.020  0.020
   1.19769      8.796921  0.000  0.002  0.014  0.016
   1.22592      8.846468  0.000  0.004  0.002  0.006
   1.25414      8.863494  0.000  0.004  0.002  0.007
   1.28237      8.889512  0.000  0.014  0.006  0.020
   1.31059      8.930946  0.000  0.018  0.006  0.026
   1.33882      9.007072  0.002  0.014  0.010  0.026
   1.36704      9.117985  0.000  0.006  0.006  0.012
   1.39526      9.137136  0.000  0.006  0.008  0.014
   1.42349      9.177008  0.000  0.004  0.006  0.010
   1.45171      9.189798  0.000  0.004  0.006  0.010
   1.45171      9.189807  0.000  0.004  0.006  0.010
   1.47167      9.181535  0.000  0.002  0.006  0.008
   1.49163      9.163162  0.000  0.002  0.004  0.006
   1.51159      9.146953  0.000  0.002  0.004  0.004
   1.53154      9.148979  0.000  0.006  0.004  0.010
   1.55150      9.153767  0.000  0.018  0.006  0.024
   1.57146      9.138795  0.000  0.014  0.006  0.018
   1.59142      9.147544  0.000  0.002  0.008  0.009
   1.61137      9.175178  0.000  0.004  0.008  0.012
   1.63133      9.120868  0.000  0.008  0.006  0.014
   1.65129      9.103296  0.000  0.006  0.006  0.012
   1.67125      9.060940  0.000  0.004  0.006  0.008
   1.69120      9.009239  0.000  0.002  0.006  0.008
   1.71116      8.991667  0.000  0.002  0.006  0.008
   1.73112      8.977084  0.000  0.004  0.006  0.010
   1.75108      8.961701  0.002  0.004  0.006  0.010
   1.77103      8.948551  0.002  0.004  0.006  0.010
   1.79099      8.950667  0.000  0.000  0.008  0.008
   1.81095      8.968628  0.000  0.000  0.006  0.006
   1.83091      8.975352  0.000  0.000  0.006  0.006
 
# Band-Index:  168
   1.83091      9.014262  0.000  0.006  0.010  0.016
   1.81095      9.041434  0.000  0.006  0.010  0.016
   1.79099      9.078317  0.000  0.008  0.010  0.018
   1.77103      9.104733  0.000  0.008  0.012  0.022
   1.75108      9.123499  0.000  0.010  0.012  0.022
   1.73112      9.139153  0.000  0.010  0.010  0.022
   1.71116      9.154123  0.000  0.010  0.010  0.020
   1.69120      9.169569  0.000  0.008  0.008  0.016
   1.67125      9.188521  0.000  0.006  0.006  0.012
   1.65129      9.213643  0.000  0.004  0.006  0.008
   1.63133      9.225415  0.000  0.002  0.006  0.008
   1.61137      9.240232  0.000  0.002  0.004  0.006
   1.59142      9.231405  0.000  0.004  0.004  0.008
   1.57146      9.205311  0.000  0.002  0.004  0.006
   1.55150      9.180667  0.000  0.000  0.002  0.002
   1.53154      9.192548  0.000  0.012  0.004  0.016
   1.51159      9.224067  0.000  0.016  0.006  0.022
   1.49163      9.250849  0.000  0.016  0.006  0.024
   1.47167      9.261083  0.000  0.006  0.010  0.016
   1.45171      9.253659  0.002  0.000  0.010  0.012
   1.45171      9.253665  0.002  0.000  0.010  0.012
   1.42349      9.257458  0.002  0.002  0.010  0.012
   1.39526      9.251204  0.002  0.012  0.014  0.030
   1.36704      9.131410  0.002  0.014  0.012  0.028
   1.33882      9.160086  0.000  0.004  0.006  0.010
   1.31059      9.168428  0.000  0.004  0.016  0.020
   1.28237      9.135328  0.000  0.004  0.017  0.022
   1.25414      9.044301  0.000  0.000  0.002  0.004
   1.22592      8.903938  0.000  0.002  0.002  0.004
   1.19769      8.848325  0.000  0.005  0.003  0.009
   1.16947      8.811254  0.000  0.004  0.002  0.006
   1.14125      8.777001  0.000  0.008  0.002  0.010
   1.11302      8.713489  0.000  0.006  0.012  0.020
   1.08480      8.675139  0.000  0.006  0.010  0.016
   1.05657      8.692173  0.000  0.004  0.004  0.010
   1.02835      8.723677  0.000  0.004  0.002  0.006
   1.00013      8.688885  0.000  0.004  0.002  0.004
   0.97190      8.694114  0.000  0.002  0.004  0.006
   0.94368      8.690122  0.000  0.008  0.012  0.018
   0.91545      8.656152  0.000  0.018  0.010  0.028
   0.91545      8.656152  0.000  0.018  0.010  0.028
   0.89550      8.658099  0.000  0.017  0.010  0.028
   0.87554      8.664328  0.000  0.016  0.010  0.026
   0.85558      8.675860  0.000  0.014  0.010  0.024
   0.83562      8.693927  0.000  0.012  0.010  0.022
   0.81567      8.687877  0.000  0.002  0.010  0.010
   0.79571      8.713997  0.002  0.010  0.012  0.024
   0.77575      8.681850  0.002  0.008  0.014  0.024
   0.75579      8.690136  0.002  0.002  0.010  0.014
   0.73584      8.723316  0.000  0.002  0.010  0.012
   0.71588      8.761162  0.000  0.002  0.009  0.012
   0.69592      8.753090  0.000  0.004  0.000  0.004
   0.67596      8.778068  0.000  0.003  0.000  0.004
   0.65600      8.795851  0.000  0.004  0.000  0.004
   0.63605      8.808638  0.000  0.004  0.000  0.004
   0.61609      8.797110  0.000  0.006  0.010  0.016
   0.59613      8.783259  0.000  0.010  0.004  0.014
   0.57617      8.794532  0.000  0.000  0.002  0.002
   0.55622      8.839066  0.000  0.004  0.004  0.010
   0.53626      8.852125  0.000  0.002  0.000  0.004
   0.53626      8.852123  0.000  0.002  0.000  0.004
   0.50804      8.832842  0.000  0.004  0.002  0.006
   0.47981      8.820997  0.000  0.006  0.002  0.008
   0.45159      8.797460  0.000  0.002  0.002  0.006
   0.42336      8.799464  0.000  0.006  0.006  0.012
   0.39514      8.811038  0.000  0.004  0.008  0.012
   0.36691      8.826081  0.000  0.004  0.008  0.012
   0.33869      8.832529  0.000  0.006  0.006  0.012
   0.31047      8.819949  0.000  0.000  0.004  0.004
   0.28224      8.785975  0.000  0.000  0.002  0.002
   0.25402      8.827333  0.000  0.000  0.006  0.006
   0.22579      8.900360  0.000  0.002  0.008  0.008
   0.19757      8.906891  0.000  0.002  0.006  0.008
   0.16935      8.914361  0.000  0.002  0.004  0.006
   0.14112      8.944196  0.000  0.004  0.004  0.008
   0.11290      8.981586  0.000  0.002  0.006  0.008
   0.08467      9.013429  0.000  0.002  0.008  0.010
   0.05645      9.034204  0.000  0.002  0.012  0.014
   0.02822      9.021506  0.000  0.004  0.011  0.016
   0.00000      9.014262  0.000  0.006  0.010  0.016
 
# Band-Index:  169
   0.00000      9.098665  0.000  0.006  0.010  0.016
   0.02822      9.091225  0.000  0.004  0.010  0.016
   0.05645      9.045725  0.000  0.002  0.010  0.014
   0.08467      9.019594  0.000  0.002  0.008  0.010
   0.11290      9.016618  0.000  0.002  0.006  0.008
   0.14112      8.999410  0.000  0.002  0.006  0.007
   0.16935      8.968150  0.000  0.004  0.006  0.010
   0.19757      8.960656  0.000  0.002  0.006  0.008
   0.22579      8.937633  0.000  0.002  0.010  0.010
   0.25402      8.931091  0.000  0.004  0.006  0.008
   0.28224      8.908187  0.000  0.000  0.011  0.011
   0.31047      8.862301  0.000  0.000  0.010  0.010
   0.33869      8.844938  0.000  0.002  0.008  0.010
   0.36691      8.855163  0.000  0.010  0.006  0.014
   0.39514      8.850742  0.000  0.010  0.006  0.016
   0.42336      8.850853  0.000  0.008  0.004  0.012
   0.45159      8.845139  0.000  0.004  0.002  0.006
   0.47981      8.844584  0.000  0.004  0.002  0.006
   0.50804      8.863624  0.000  0.006  0.002  0.006
   0.53626      8.893130  0.000  0.000  0.002  0.002
   0.53626      8.893143  0.000  0.000  0.002  0.002
   0.55622      8.873024  0.000  0.002  0.002  0.004
   0.57617      8.851438  0.000  0.004  0.002  0.006
   0.59613      8.835195  0.000  0.004  0.002  0.006
   0.61609      8.821132  0.000  0.004  0.002  0.006
   0.63605      8.828550  0.000  0.004  0.010  0.014
   0.65600      8.850942  0.000  0.002  0.008  0.012
   0.67596      8.839057  0.002  0.000  0.008  0.010
   0.69592      8.801355  0.002  0.000  0.010  0.011
   0.71588      8.770335  0.002  0.006  0.005  0.012
   0.73584      8.806248  0.002  0.008  0.006  0.016
   0.75579      8.789354  0.000  0.000  0.008  0.008
   0.77575      8.751985  0.000  0.000  0.008  0.008
   0.79571      8.717448  0.000  0.002  0.008  0.010
   0.81567      8.718960  0.000  0.010  0.008  0.020
   0.83562      8.731095  0.002  0.002  0.014  0.018
   0.85558      8.746621  0.000  0.004  0.006  0.008
   0.87554      8.753832  0.000  0.002  0.002  0.006
   0.89550      8.764034  0.000  0.002  0.000  0.003
   0.91545      8.769614  0.000  0.002  0.000  0.002
   0.91545      8.769609  0.000  0.002  0.000  0.002
   0.94368      8.760286  0.000  0.004  0.002  0.006
   0.97190      8.768220  0.000  0.004  0.014  0.018
   1.00013      8.744401  0.000  0.004  0.013  0.016
   1.02835      8.734345  0.000  0.004  0.012  0.016
   1.05657      8.736868  0.000  0.004  0.012  0.016
   1.08480      8.751256  0.000  0.002  0.010  0.014
   1.11302      8.749690  0.000  0.004  0.006  0.010
   1.14125      8.795119  0.002  0.006  0.004  0.012
   1.16947      8.818462  0.000  0.006  0.002  0.010
   1.19769      8.848749  0.000  0.006  0.003  0.009
   1.22592      8.947654  0.000  0.006  0.002  0.008
   1.25414      9.091447  0.000  0.004  0.006  0.010
   1.28237      9.157504  0.000  0.002  0.004  0.006
   1.31059      9.175252  0.000  0.004  0.008  0.013
   1.33882      9.208619  0.000  0.004  0.014  0.018
   1.36704      9.249547  0.000  0.002  0.012  0.016
   1.39526      9.271508  0.000  0.004  0.012  0.014
   1.42349      9.279636  0.000  0.018  0.004  0.022
   1.45171      9.277988  0.000  0.018  0.004  0.022
   1.45171      9.277972  0.000  0.018  0.004  0.022
   1.47167      9.276315  0.000  0.012  0.004  0.017
   1.49163      9.296753  0.000  0.002  0.006  0.010
   1.51159      9.331115  0.000  0.002  0.006  0.010
   1.53154      9.358861  0.000  0.006  0.004  0.010
   1.55150      9.365563  0.000  0.006  0.002  0.010
   1.57146      9.357021  0.000  0.011  0.023  0.034
   1.59142      9.331387  0.000  0.012  0.024  0.035
   1.61137      9.266479  0.000  0.002  0.002  0.004
   1.63133      9.274754  0.000  0.001  0.002  0.002
   1.65129      9.262742  0.000  0.011  0.024  0.035
   1.67125      9.243853  0.000  0.010  0.023  0.034
   1.69120      9.228003  0.000  0.010  0.023  0.033
   1.71116      9.215837  0.000  0.010  0.022  0.031
   1.73112      9.186206  0.000  0.008  0.010  0.018
   1.75108      9.156636  0.000  0.006  0.010  0.016
   1.77103      9.135141  0.000  0.004  0.010  0.014
   1.79099      9.117570  0.000  0.004  0.010  0.016
   1.81095      9.103896  0.000  0.006  0.010  0.016
   1.83091      9.098719  0.000  0.006  0.010  0.016
 
# Band-Index:  170
   1.83091      9.217658  0.000  0.007  0.018  0.024
   1.81095      9.213605  0.000  0.008  0.019  0.026
   1.79099      9.207896  0.000  0.008  0.019  0.027
   1.77103      9.204206  0.000  0.008  0.020  0.028
   1.75108      9.203898  0.000  0.008  0.020  0.029
   1.73112      9.207672  0.000  0.008  0.021  0.030
   1.71116      9.218115  0.000  0.010  0.008  0.018
   1.69120      9.246761  0.002  0.010  0.006  0.018
   1.67125      9.273062  0.002  0.012  0.006  0.018
   1.65129      9.291725  0.000  0.002  0.003  0.006
   1.63133      9.284020  0.000  0.012  0.024  0.035
   1.61137      9.307174  0.000  0.012  0.024  0.035
   1.59142      9.335038  0.000  0.006  0.002  0.008
   1.57146      9.361230  0.000  0.006  0.002  0.009
   1.55150      9.383479  0.000  0.010  0.022  0.032
   1.53154      9.399619  0.000  0.002  0.004  0.008
   1.51159      9.389202  0.000  0.006  0.004  0.008
   1.49163      9.389785  0.000  0.006  0.004  0.010
   1.47167      9.392120  0.000  0.006  0.004  0.010
   1.45171      9.393278  0.000  0.006  0.004  0.010
   1.45171      9.393213  0.000  0.006  0.004  0.010
   1.42349      9.361848  0.000  0.013  0.012  0.024
   1.39526      9.285594  0.000  0.018  0.006  0.023
   1.36704      9.261882  0.002  0.008  0.004  0.014
   1.33882      9.221190  0.002  0.008  0.002  0.012
   1.31059      9.218194  0.000  0.010  0.004  0.014
   1.28237      9.165692  0.000  0.004  0.014  0.018
   1.25414      9.116808  0.000  0.006  0.013  0.020
   1.22592      9.044027  0.000  0.000  0.009  0.010
   1.19769      8.981582  0.000  0.000  0.006  0.006
   1.16947      8.933004  0.000  0.002  0.004  0.006
   1.14125      8.831711  0.000  0.004  0.004  0.008
   1.11302      8.797005  0.000  0.006  0.008  0.014
   1.08480      8.774324  0.000  0.008  0.009  0.018
   1.05657      8.772307  0.000  0.008  0.010  0.017
   1.02835      8.744019  0.000  0.006  0.012  0.018
   1.00013      8.756256  0.000  0.004  0.010  0.014
   0.97190      8.775792  0.000  0.010  0.006  0.018
   0.94368      8.799035  0.000  0.002  0.006  0.008
   0.91545      8.805179  0.000  0.002  0.004  0.006
   0.91545      8.805479  0.000  0.002  0.004  0.006
   0.89550      8.805767  0.000  0.006  0.021  0.028
   0.87554      8.793937  0.000  0.006  0.021  0.028
   0.85558      8.771204  0.000  0.004  0.020  0.025
   0.83562      8.746874  0.000  0.004  0.007  0.010
   0.81567      8.754197  0.002  0.006  0.012  0.020
   0.79571      8.754702  0.000  0.006  0.010  0.016
   0.77575      8.793021  0.000  0.006  0.008  0.014
   0.75579      8.830039  0.002  0.010  0.006  0.016
   0.73584      8.826742  0.000  0.000  0.008  0.008
   0.71588      8.856693  0.000  0.002  0.006  0.008
   0.69592      8.872483  0.000  0.004  0.004  0.008
   0.67596      8.887972  0.000  0.004  0.002  0.006
   0.65600      8.910250  0.000  0.007  0.008  0.016
   0.63605      8.929872  0.002  0.004  0.006  0.012
   0.61609      8.910661  0.004  0.002  0.004  0.010
   0.59613      8.925741  0.002  0.008  0.004  0.014
   0.57617      8.935176  0.000  0.000  0.000  0.002
   0.55622      8.911048  0.000  0.000  0.000  0.000
   0.53626      8.906606  0.000  0.006  0.004  0.010
   0.53626      8.906599  0.000  0.006  0.004  0.010
   0.50804      8.919314  0.000  0.000  0.002  0.002
   0.47981      8.920610  0.000  0.004  0.000  0.006
   0.45159      8.883269  0.000  0.004  0.002  0.006
   0.42336      8.863584  0.002  0.004  0.002  0.008
   0.39514      8.919981  0.002  0.006  0.004  0.014
   0.36691      8.952539  0.000  0.002  0.006  0.009
   0.33869      8.889400  0.000  0.000  0.006  0.008
   0.31047      8.880554  0.000  0.000  0.010  0.010
   0.28224      8.910435  0.000  0.002  0.007  0.009
   0.25402      8.935499  0.000  0.002  0.012  0.014
   0.22579      8.988056  0.000  0.008  0.009  0.018
   0.19757      8.995288  0.000  0.004  0.006  0.010
   0.16935      8.997274  0.000  0.002  0.004  0.006
   0.14112      9.015271  0.000  0.002  0.004  0.006
   0.11290      9.134767  0.000  0.000  0.010  0.010
   0.08467      9.101850  0.000  0.002  0.010  0.012
   0.05645      9.081498  0.000  0.006  0.004  0.010
   0.02822      9.142874  0.000  0.009  0.008  0.018
   0.00000      9.217714  0.000  0.007  0.017  0.024
 
# Band-Index:  171
   0.00000      9.227607  0.000  0.013  0.019  0.032
   0.02822      9.154848  0.000  0.006  0.013  0.019
   0.05645      9.125087  0.000  0.006  0.012  0.018
   0.08467      9.131441  0.000  0.006  0.012  0.018
   0.11290      9.145617  0.000  0.004  0.012  0.017
   0.14112      9.131117  0.000  0.000  0.004  0.006
   0.16935      9.082313  0.000  0.000  0.004  0.006
   0.19757      9.033790  0.000  0.004  0.008  0.014
   0.22579      9.005260  0.000  0.000  0.006  0.006
   0.25402      8.974609  0.000  0.008  0.009  0.016
   0.28224      8.990245  0.000  0.008  0.011  0.020
   0.31047      8.992679  0.000  0.009  0.010  0.018
   0.33869      8.976600  0.000  0.007  0.006  0.014
   0.36691      8.983857  0.000  0.006  0.004  0.010
   0.39514      9.005867  0.000  0.003  0.004  0.008
   0.42336      9.022484  0.002  0.002  0.002  0.006
   0.45159      8.998978  0.002  0.002  0.002  0.008
   0.47981      8.951386  0.002  0.002  0.002  0.006
   0.50804      8.930491  0.000  0.008  0.002  0.010
   0.53626      8.934099  0.000  0.002  0.002  0.004
   0.53626      8.934099  0.000  0.002  0.002  0.004
   0.55622      8.954121  0.000  0.022  0.002  0.024
   0.57617      8.946883  0.001  0.018  0.002  0.022
   0.59613      8.945933  0.000  0.000  0.000  0.002
   0.61609      8.948495  0.000  0.000  0.000  0.000
   0.63605      8.936776  0.000  0.000  0.000  0.002
   0.65600      8.910786  0.000  0.004  0.002  0.008
   0.67596      8.895239  0.000  0.010  0.010  0.020
   0.69592      8.898840  0.000  0.010  0.010  0.020
   0.71588      8.880619  0.000  0.006  0.000  0.006
   0.73584      8.859585  0.000  0.006  0.002  0.007
   0.75579      8.837425  0.000  0.004  0.002  0.008
   0.77575      8.809690  0.000  0.004  0.004  0.008
   0.79571      8.780179  0.000  0.004  0.006  0.010
   0.81567      8.757596  0.000  0.004  0.008  0.011
   0.83562      8.797622  0.000  0.008  0.008  0.018
   0.85558      8.819364  0.000  0.002  0.006  0.008
   0.87554      8.812775  0.000  0.002  0.006  0.008
   0.89550      8.808690  0.000  0.002  0.008  0.009
   0.91545      8.809038  0.000  0.008  0.022  0.030
   0.91545      8.808761  0.000  0.008  0.022  0.030
   0.94368      8.807586  0.000  0.004  0.016  0.020
   0.97190      8.781566  0.000  0.004  0.006  0.010
   1.00013      8.804162  0.000  0.012  0.006  0.018
   1.02835      8.780624  0.000  0.008  0.006  0.014
   1.05657      8.783115  0.000  0.004  0.002  0.006
   1.08480      8.839077  0.002  0.006  0.002  0.008
   1.11302      8.840214  0.002  0.008  0.002  0.012
   1.14125      8.867313  0.000  0.004  0.006  0.010
   1.16947      8.935910  0.000  0.004  0.007  0.011
   1.19769      9.033963  0.000  0.004  0.010  0.014
   1.22592      9.083014  0.000  0.004  0.014  0.020
   1.25414      9.119049  0.000  0.003  0.013  0.016
   1.28237      9.254118  0.000  0.006  0.005  0.011
   1.31059      9.279925  0.000  0.001  0.013  0.013
   1.33882      9.309961  0.000  0.014  0.008  0.020
   1.36704      9.297318  0.000  0.016  0.006  0.022
   1.39526      9.341441  0.002  0.014  0.008  0.022
   1.42349      9.416946  0.000  0.008  0.011  0.020
   1.45171      9.457066  0.000  0.021  0.025  0.046
   1.45171      9.456988  0.000  0.021  0.025  0.046
   1.47167      9.455973  0.000  0.022  0.025  0.047
   1.49163      9.447682  0.000  0.020  0.024  0.044
   1.51159      9.437241  0.000  0.018  0.023  0.041
   1.53154      9.411679  0.000  0.009  0.022  0.031
   1.55150      9.411566  0.000  0.013  0.023  0.036
   1.57146      9.397054  0.000  0.016  0.027  0.043
   1.59142      9.375008  0.000  0.017  0.027  0.044
   1.61137      9.352277  0.000  0.016  0.026  0.042
   1.63133      9.330822  0.000  0.014  0.025  0.039
   1.65129      9.302562  0.002  0.014  0.006  0.020
   1.67125      9.293626  0.000  0.012  0.022  0.034
   1.69120      9.278122  0.000  0.010  0.022  0.032
   1.71116      9.264658  0.000  0.010  0.020  0.030
   1.73112      9.253172  0.000  0.009  0.020  0.028
   1.75108      9.243880  0.000  0.008  0.018  0.027
   1.77103      9.237013  0.000  0.008  0.018  0.026
   1.79099      9.232866  0.000  0.009  0.017  0.026
   1.81095      9.229984  0.000  0.011  0.017  0.029
   1.83091      9.227625  0.000  0.013  0.019  0.032
 
# Band-Index:  172
   1.83091      9.266139  0.000  0.000  0.006  0.007
   1.81095      9.263148  0.000  0.000  0.006  0.008
   1.79099      9.259929  0.000  0.002  0.006  0.008
   1.77103      9.258410  0.002  0.004  0.004  0.010
   1.75108      9.262377  0.002  0.004  0.002  0.008
   1.73112      9.275936  0.002  0.002  0.004  0.008
   1.71116      9.300036  0.002  0.002  0.006  0.010
   1.69120      9.319052  0.000  0.004  0.008  0.013
   1.67125      9.310825  0.000  0.004  0.006  0.012
   1.65129      9.311242  0.000  0.013  0.024  0.037
   1.63133      9.338659  0.002  0.010  0.004  0.016
   1.61137      9.370172  0.000  0.006  0.002  0.009
   1.59142      9.389384  0.000  0.006  0.021  0.027
   1.57146      9.400645  0.000  0.011  0.023  0.034
   1.55150      9.422126  0.000  0.017  0.028  0.046
   1.53154      9.425199  0.000  0.015  0.023  0.037
   1.51159      9.441428  0.000  0.007  0.021  0.029
   1.49163      9.474507  0.000  0.018  0.024  0.042
   1.47167      9.485060  0.000  0.023  0.030  0.053
   1.45171      9.488357  0.000  0.023  0.030  0.053
   1.45171      9.489048  0.000  0.023  0.030  0.053
   1.42349      9.438434  0.000  0.019  0.018  0.039
   1.39526      9.366350  0.000  0.002  0.006  0.010
   1.36704      9.344099  0.000  0.002  0.006  0.010
   1.33882      9.350307  0.000  0.000  0.011  0.012
   1.31059      9.337480  0.000  0.009  0.004  0.013
   1.28237      9.260368  0.000  0.005  0.003  0.009
   1.25414      9.168423  0.000  0.000  0.004  0.006
   1.22592      9.133124  0.000  0.001  0.008  0.009
   1.19769      9.085891  0.000  0.002  0.004  0.006
   1.16947      9.014302  0.000  0.002  0.002  0.004
   1.14125      8.968144  0.000  0.002  0.002  0.004
   1.11302      8.924983  0.000  0.004  0.003  0.006
   1.08480      8.915505  0.000  0.009  0.004  0.014
   1.05657      8.903501  0.000  0.010  0.006  0.014
   1.02835      8.899497  0.000  0.010  0.008  0.018
   1.00013      8.901235  0.000  0.006  0.017  0.023
   0.97190      8.858839  0.000  0.006  0.019  0.025
   0.94368      8.823950  0.000  0.008  0.021  0.028
   0.91545      8.858724  0.000  0.004  0.024  0.029
   0.91545      8.861232  0.000  0.004  0.023  0.028
   0.89550      8.859783  0.000  0.005  0.023  0.029
   0.87554      8.860304  0.000  0.006  0.021  0.027
   0.85558      8.843666  0.000  0.008  0.012  0.020
   0.83562      8.829650  0.000  0.002  0.004  0.006
   0.81567      8.842630  0.000  0.002  0.002  0.004
   0.79571      8.859780  0.000  0.003  0.001  0.004
   0.77575      8.871096  0.000  0.010  0.010  0.020
   0.75579      8.847204  0.000  0.006  0.010  0.016
   0.73584      8.873065  0.000  0.006  0.010  0.016
   0.71588      8.894553  0.000  0.010  0.010  0.018
   0.69592      8.909749  0.000  0.004  0.002  0.007
   0.67596      8.937120  0.000  0.004  0.002  0.008
   0.65600      8.958955  0.000  0.006  0.002  0.008
   0.63605      8.951392  0.002  0.008  0.008  0.018
   0.61609      8.995485  0.002  0.008  0.008  0.018
   0.59613      9.036499  0.000  0.004  0.002  0.004
   0.57617      9.048880  0.000  0.002  0.002  0.004
   0.55622      8.974511  0.000  0.002  0.002  0.004
   0.53626      8.934800  0.000  0.000  0.002  0.002
   0.53626      8.934909  0.000  0.000  0.002  0.002
   0.50804      9.005798  0.000  0.000  0.002  0.002
   0.47981      9.073158  0.000  0.008  0.004  0.012
   0.45159      9.069849  0.001  0.009  0.004  0.013
   0.42336      9.058757  0.002  0.004  0.005  0.010
   0.39514      9.034674  0.000  0.008  0.002  0.010
   0.36691      8.995637  0.002  0.008  0.006  0.017
   0.33869      9.018640  0.000  0.010  0.004  0.014
   0.31047      9.024222  0.000  0.008  0.004  0.012
   0.28224      9.040402  0.000  0.005  0.006  0.010
   0.25402      9.044354  0.000  0.002  0.006  0.009
   0.22579      9.028181  0.000  0.004  0.004  0.008
   0.19757      9.098887  0.000  0.000  0.006  0.006
   0.16935      9.151459  0.000  0.000  0.008  0.008
   0.14112      9.181304  0.000  0.004  0.013  0.016
   0.11290      9.172183  0.000  0.002  0.004  0.006
   0.08467      9.258708  0.000  0.000  0.004  0.004
   0.05645      9.280633  0.000  0.000  0.004  0.004
   0.02822      9.278723  0.000  0.000  0.006  0.006
   0.00000      9.266149  0.000  0.000  0.006  0.007
 
# Band-Index:  173
   0.00000      9.275742  0.000  0.004  0.006  0.012
   0.02822      9.291152  0.000  0.004  0.008  0.010
   0.05645      9.303838  0.000  0.004  0.008  0.010
   0.08467      9.313721  0.000  0.004  0.008  0.010
   0.11290      9.211032  0.000  0.000  0.004  0.006
   0.14112      9.206720  0.000  0.002  0.012  0.014
   0.16935      9.202793  0.000  0.002  0.014  0.014
   0.19757      9.149716  0.000  0.000  0.005  0.006
   0.22579      9.101363  0.000  0.000  0.004  0.004
   0.25402      9.111901  0.000  0.002  0.002  0.004
   0.28224      9.127849  0.000  0.003  0.004  0.007
   0.31047      9.134123  0.000  0.003  0.008  0.011
   0.33869      9.112499  0.000  0.004  0.010  0.014
   0.36691      9.089983  0.001  0.004  0.008  0.012
   0.39514      9.071238  0.000  0.000  0.010  0.012
   0.42336      9.091914  0.000  0.008  0.006  0.014
   0.45159      9.108784  0.000  0.011  0.004  0.016
   0.47981      9.086871  0.000  0.012  0.003  0.016
   0.50804      9.014790  0.000  0.010  0.002  0.012
   0.53626      8.973390  0.000  0.018  0.002  0.022
   0.53626      8.973385  0.000  0.018  0.002  0.022
   0.55622      9.027077  0.000  0.002  0.004  0.006
   0.57617      9.079513  0.001  0.002  0.006  0.009
   0.59613      9.042452  0.002  0.005  0.008  0.015
   0.61609      9.005083  0.000  0.007  0.000  0.008
   0.63605      8.975436  0.000  0.008  0.000  0.010
   0.65600      8.974794  0.002  0.006  0.006  0.015
   0.67596      8.990028  0.000  0.003  0.003  0.006
   0.69592      8.968448  0.000  0.004  0.002  0.006
   0.71588      8.944307  0.000  0.004  0.002  0.005
   0.73584      8.922504  0.000  0.004  0.002  0.004
   0.75579      8.900789  0.000  0.004  0.001  0.004
   0.77575      8.878880  0.000  0.003  0.000  0.004
   0.79571      8.889763  0.000  0.011  0.012  0.024
   0.81567      8.897341  0.000  0.010  0.016  0.025
   0.83562      8.898339  0.000  0.008  0.017  0.026
   0.85558      8.910063  0.000  0.008  0.011  0.019
   0.87554      8.896098  0.000  0.004  0.006  0.010
   0.89550      8.873802  0.000  0.004  0.008  0.012
   0.91545      8.864749  0.000  0.004  0.010  0.014
   0.91545      8.864491  0.000  0.004  0.010  0.014
   0.94368      8.925333  0.000  0.006  0.017  0.022
   0.97190      8.981261  0.000  0.008  0.012  0.020
   1.00013      8.999095  0.000  0.008  0.004  0.014
   1.02835      8.977704  0.000  0.007  0.003  0.010
   1.05657      8.947737  0.000  0.004  0.000  0.005
   1.08480      8.949882  0.000  0.004  0.000  0.004
   1.11302      8.960205  0.000  0.004  0.000  0.004
   1.14125      8.972674  0.000  0.002  0.000  0.003
   1.16947      9.025279  0.000  0.002  0.004  0.006
   1.19769      9.100067  0.000  0.004  0.004  0.007
   1.22592      9.205878  0.000  0.006  0.004  0.010
   1.25414      9.277527  0.000  0.010  0.003  0.012
   1.28237      9.294171  0.000  0.004  0.003  0.008
   1.31059      9.358903  0.002  0.003  0.005  0.010
   1.33882      9.350902  0.001  0.002  0.007  0.010
   1.36704      9.412482  0.000  0.000  0.016  0.016
   1.39526      9.469972  0.000  0.000  0.019  0.019
   1.42349      9.499545  0.000  0.004  0.016  0.020
   1.45171      9.535150  0.002  0.000  0.006  0.007
   1.45171      9.536813  0.001  0.000  0.006  0.008
   1.47167      9.517167  0.000  0.003  0.018  0.021
   1.49163      9.478830  0.000  0.008  0.028  0.036
   1.51159      9.462188  0.000  0.019  0.030  0.050
   1.53154      9.443433  0.000  0.019  0.029  0.048
   1.55150      9.425983  0.000  0.002  0.004  0.006
   1.57146      9.435700  0.000  0.002  0.004  0.006
   1.59142      9.398289  0.000  0.002  0.004  0.006
   1.61137      9.383205  0.000  0.004  0.022  0.026
   1.63133      9.377398  0.000  0.004  0.021  0.024
   1.65129      9.373795  0.000  0.002  0.020  0.024
   1.67125      9.370942  0.000  0.002  0.020  0.022
   1.69120      9.366776  0.000  0.002  0.020  0.022
   1.71116      9.360328  0.000  0.002  0.018  0.020
   1.73112      9.347127  0.000  0.004  0.008  0.012
   1.75108      9.311632  0.000  0.002  0.008  0.012
   1.77103      9.279376  0.000  0.002  0.008  0.010
   1.79099      9.267784  0.002  0.006  0.004  0.011
   1.81095      9.273898  0.002  0.008  0.002  0.010
   1.83091      9.275667  0.000  0.004  0.008  0.012
 
# Band-Index:  174
   1.83091      9.275972  0.002  0.008  0.002  0.012
   1.81095      9.282817  0.000  0.004  0.010  0.013
   1.79099      9.296667  0.000  0.004  0.012  0.016
   1.77103      9.315701  0.000  0.004  0.014  0.018
   1.75108      9.334848  0.000  0.004  0.015  0.019
   1.73112      9.349901  0.000  0.004  0.016  0.020
   1.71116      9.368598  0.000  0.004  0.006  0.012
   1.69120      9.385398  0.000  0.002  0.004  0.008
   1.67125      9.423332  0.000  0.002  0.004  0.006
   1.65129      9.453088  0.000  0.004  0.004  0.010
   1.63133      9.437663  0.000  0.006  0.006  0.014
   1.61137      9.445835  0.000  0.006  0.006  0.014
   1.59142      9.485504  0.000  0.004  0.006  0.010
   1.57146      9.519618  0.002  0.004  0.006  0.012
   1.55150      9.548419  0.001  0.002  0.009  0.012
   1.53154      9.562152  0.000  0.000  0.005  0.007
   1.51159      9.546456  0.000  0.000  0.005  0.006
   1.49163      9.542451  0.001  0.000  0.006  0.007
   1.47167      9.538068  0.001  0.000  0.006  0.007
   1.45171      9.547102  0.000  0.002  0.012  0.014
   1.45171      9.544917  0.000  0.002  0.012  0.014
   1.42349      9.517119  0.000  0.000  0.018  0.018
   1.39526      9.487602  0.000  0.006  0.013  0.019
   1.36704      9.479119  0.000  0.005  0.010  0.015
   1.33882      9.466967  0.000  0.004  0.009  0.014
   1.31059      9.430390  0.000  0.002  0.005  0.007
   1.28237      9.366729  0.001  0.004  0.004  0.008
   1.25414      9.305604  0.000  0.006  0.004  0.010
   1.22592      9.232818  0.000  0.003  0.007  0.010
   1.19769      9.163189  0.000  0.001  0.013  0.015
   1.16947      9.108006  0.000  0.002  0.011  0.014
   1.14125      9.073011  0.000  0.004  0.006  0.010
   1.11302      9.020185  0.000  0.002  0.002  0.004
   1.08480      8.969702  0.000  0.000  0.002  0.004
   1.05657      9.003045  0.002  0.003  0.004  0.008
   1.02835      8.995897  0.000  0.002  0.009  0.011
   1.00013      9.026122  0.000  0.006  0.004  0.011
   0.97190      9.085063  0.000  0.007  0.004  0.010
   0.94368      9.048799  0.000  0.007  0.002  0.009
   0.91545      9.024200  0.000  0.006  0.002  0.009
   0.91545      9.024609  0.000  0.007  0.002  0.009
   0.89550      9.019995  0.000  0.006  0.002  0.008
   0.87554      8.957543  0.000  0.008  0.002  0.010
   0.85558      8.924008  0.000  0.004  0.005  0.008
   0.83562      8.962590  0.000  0.005  0.004  0.010
   0.81567      8.990594  0.000  0.004  0.005  0.008
   0.79571      9.015976  0.000  0.006  0.004  0.009
   0.77575      9.020670  0.002  0.006  0.014  0.022
   0.75579      9.010172  0.003  0.006  0.014  0.023
   0.73584      9.012140  0.003  0.004  0.013  0.021
   0.71588      9.032597  0.002  0.002  0.013  0.017
   0.69592      9.064125  0.002  0.005  0.010  0.017
   0.67596      9.025778  0.002  0.007  0.008  0.016
   0.65600      9.010938  0.000  0.003  0.004  0.007
   0.63605      9.028765  0.000  0.002  0.004  0.006
   0.61609      9.054537  0.000  0.004  0.004  0.008
   0.59613      9.088815  0.000  0.006  0.004  0.010
   0.57617      9.089140  0.000  0.002  0.000  0.003
   0.55622      9.091155  0.000  0.002  0.002  0.002
   0.53626      9.098843  0.000  0.000  0.002  0.002
   0.53626      9.099174  0.000  0.000  0.002  0.002
   0.50804      9.084700  0.000  0.006  0.002  0.008
   0.47981      9.090954  0.000  0.000  0.002  0.002
   0.45159      9.141627  0.000  0.001  0.002  0.003
   0.42336      9.115307  0.000  0.008  0.002  0.010
   0.39514      9.093885  0.000  0.008  0.000  0.008
   0.36691      9.096564  0.000  0.005  0.004  0.009
   0.33869      9.161179  0.000  0.003  0.003  0.007
   0.31047      9.146247  0.000  0.002  0.006  0.008
   0.28224      9.140223  0.000  0.002  0.006  0.007
   0.25402      9.154643  0.000  0.002  0.005  0.007
   0.22579      9.194307  0.000  0.002  0.005  0.008
   0.19757      9.215160  0.000  0.004  0.006  0.009
   0.16935      9.215854  0.000  0.005  0.004  0.010
   0.14112      9.244403  0.000  0.000  0.004  0.006
   0.11290      9.290852  0.000  0.006  0.004  0.010
   0.08467      9.327431  0.000  0.000  0.002  0.002
   0.05645      9.407927  0.000  0.001  0.011  0.011
   0.02822      9.362287  0.000  0.010  0.012  0.023
   0.00000      9.276113  0.000  0.006  0.004  0.012
 
# Band-Index:  175
   0.00000      9.385430  0.000  0.002  0.000  0.004
   0.02822      9.452730  0.000  0.002  0.005  0.007
   0.05645      9.444514  0.000  0.011  0.008  0.018
   0.08467      9.360523  0.000  0.006  0.004  0.010
   0.11290      9.299950  0.000  0.002  0.006  0.008
   0.14112      9.255769  0.000  0.007  0.004  0.010
   0.16935      9.254471  0.000  0.003  0.010  0.013
   0.19757      9.220074  0.000  0.002  0.011  0.012
   0.22579      9.221288  0.000  0.002  0.011  0.012
   0.25402      9.210890  0.000  0.003  0.008  0.011
   0.28224      9.195389  0.000  0.004  0.003  0.007
   0.31047      9.198941  0.000  0.006  0.002  0.007
   0.33869      9.176787  0.002  0.007  0.004  0.013
   0.36691      9.254688  0.001  0.004  0.004  0.009
   0.39514      9.182142  0.000  0.005  0.002  0.007
   0.42336      9.165900  0.000  0.003  0.002  0.005
   0.45159      9.149774  0.000  0.006  0.002  0.009
   0.47981      9.150498  0.001  0.008  0.004  0.012
   0.50804      9.135932  0.001  0.001  0.006  0.008
   0.53626      9.116016  0.002  0.000  0.008  0.010
   0.53626      9.120538  0.002  0.001  0.006  0.010
   0.55622      9.112732  0.002  0.000  0.007  0.009
   0.57617      9.138669  0.000  0.006  0.004  0.010
   0.59613      9.111379  0.000  0.010  0.002  0.012
   0.61609      9.111728  0.000  0.014  0.002  0.016
   0.63605      9.117904  0.000  0.016  0.004  0.020
   0.65600      9.125953  0.000  0.011  0.009  0.020
   0.67596      9.113941  0.002  0.003  0.013  0.017
   0.69592      9.074115  0.002  0.004  0.011  0.017
   0.71588      9.087440  0.000  0.010  0.007  0.018
   0.73584      9.087013  0.000  0.005  0.002  0.008
   0.75579      9.062822  0.000  0.007  0.002  0.009
   0.77575      9.041481  0.000  0.005  0.002  0.007
   0.79571      9.040815  0.002  0.005  0.014  0.021
   0.81567      9.042483  0.002  0.005  0.012  0.018
   0.83562      9.043760  0.001  0.005  0.008  0.015
   0.85558      9.041257  0.002  0.004  0.006  0.012
   0.87554      9.044674  0.002  0.002  0.005  0.008
   0.89550      9.103686  0.001  0.003  0.005  0.009
   0.91545      9.099985  0.000  0.003  0.002  0.006
   0.91545      9.101057  0.001  0.004  0.005  0.010
   0.94368      9.099835  0.000  0.005  0.003  0.008
   0.97190      9.091964  0.000  0.008  0.002  0.011
   1.00013      9.069222  0.000  0.007  0.002  0.009
   1.02835      9.040767  0.000  0.007  0.002  0.009
   1.05657      9.060385  0.000  0.007  0.004  0.011
   1.08480      9.047823  0.000  0.006  0.004  0.009
   1.11302      9.048463  0.000  0.005  0.004  0.008
   1.14125      9.130654  0.002  0.005  0.004  0.009
   1.16947      9.202811  0.002  0.007  0.003  0.012
   1.19769      9.269442  0.000  0.004  0.009  0.014
   1.22592      9.310625  0.000  0.008  0.006  0.015
   1.25414      9.360735  0.000  0.005  0.007  0.013
   1.28237      9.394120  0.000  0.004  0.005  0.010
   1.31059      9.438682  0.000  0.004  0.005  0.008
   1.33882      9.566406  0.000  0.002  0.009  0.011
   1.36704      9.663161  0.000  0.003  0.018  0.021
   1.39526      9.657244  0.000  0.005  0.010  0.015
   1.42349      9.630249  0.000  0.005  0.017  0.022
   1.45171      9.560888  0.000  0.002  0.026  0.029
   1.45171      9.556462  0.000  0.002  0.026  0.030
   1.47167      9.608597  0.000  0.002  0.014  0.016
   1.49163      9.609349  0.000  0.000  0.011  0.013
   1.51159      9.599680  0.000  0.000  0.010  0.011
   1.53154      9.594531  0.001  0.002  0.010  0.012
   1.55150      9.562872  0.001  0.000  0.005  0.007
   1.57146      9.547240  0.000  0.002  0.003  0.005
   1.59142      9.506533  0.000  0.002  0.006  0.010
   1.61137      9.507572  0.000  0.002  0.009  0.011
   1.63133      9.507309  0.000  0.000  0.010  0.011
   1.65129      9.511200  0.000  0.002  0.007  0.010
   1.67125      9.501772  0.000  0.002  0.008  0.011
   1.69120      9.495263  0.000  0.002  0.007  0.010
   1.71116      9.479287  0.000  0.002  0.004  0.006
   1.73112      9.478293  0.000  0.002  0.003  0.005
   1.75108      9.459650  0.002  0.002  0.002  0.004
   1.77103      9.439375  0.002  0.002  0.000  0.004
   1.79099      9.414205  0.002  0.002  0.000  0.003
   1.81095      9.393494  0.001  0.002  0.000  0.003
   1.83091      9.385793  0.000  0.002  0.000  0.004
 
# Band-Index:  176
   1.83091      9.524482  0.000  0.002  0.006  0.008
   1.81095      9.591338  0.000  0.003  0.006  0.009
   1.79099      9.579749  0.000  0.003  0.007  0.010
   1.77103      9.613365  0.000  0.004  0.008  0.012
   1.75108      9.637679  0.000  0.003  0.005  0.008
   1.73112      9.646817  0.000  0.004  0.005  0.009
   1.71116      9.658643  0.000  0.002  0.002  0.005
   1.69120      9.595879  0.001  0.004  0.005  0.010
   1.67125      9.550862  0.000  0.003  0.008  0.011
   1.65129      9.528053  0.000  0.002  0.009  0.012
   1.63133      9.550764  0.000  0.002  0.007  0.009
   1.61137      9.582341  0.000  0.002  0.004  0.006
   1.59142      9.573969  0.001  0.000  0.006  0.008
   1.57146      9.615483  0.000  0.003  0.003  0.006
   1.55150      9.630068  0.000  0.003  0.002  0.005
   1.53154      9.657715  0.000  0.002  0.004  0.007
   1.51159      9.673083  0.000  0.002  0.006  0.008
   1.49163      9.698275  0.001  0.003  0.007  0.010
   1.47167      9.639274  0.000  0.002  0.010  0.012
   1.45171      9.621363  0.000  0.001  0.010  0.011
   1.45171      9.627706  0.000  0.002  0.008  0.010
   1.42349      9.672911  0.000  0.006  0.013  0.019
   1.39526      9.683548  0.000  0.003  0.016  0.019
   1.36704      9.684237  0.000  0.005  0.005  0.010
   1.33882      9.581292  0.000  0.003  0.008  0.012
   1.31059      9.535248  0.000  0.003  0.007  0.010
   1.28237      9.419104  0.000  0.003  0.008  0.011
   1.25414      9.373987  0.000  0.003  0.008  0.013
   1.22592      9.324469  0.000  0.007  0.006  0.015
   1.19769      9.284261  0.001  0.013  0.002  0.016
   1.16947      9.272196  0.001  0.007  0.006  0.013
   1.14125      9.219336  0.001  0.005  0.006  0.013
   1.11302      9.178946  0.001  0.002  0.004  0.008
   1.08480      9.146180  0.001  0.001  0.005  0.007
   1.05657      9.102961  0.000  0.002  0.009  0.011
   1.02835      9.163700  0.000  0.004  0.008  0.012
   1.00013      9.171919  0.000  0.002  0.010  0.012
   0.97190      9.125175  0.000  0.007  0.005  0.011
   0.94368      9.126686  0.000  0.010  0.008  0.018
   0.91545      9.128357  0.000  0.008  0.008  0.016
   0.91545      9.126792  0.001  0.007  0.010  0.019
   0.89550      9.158131  0.000  0.010  0.008  0.019
   0.87554      9.143285  0.000  0.008  0.007  0.015
   0.85558      9.127110  0.000  0.009  0.008  0.017
   0.83562      9.125760  0.001  0.010  0.008  0.020
   0.81567      9.102544  0.001  0.013  0.004  0.018
   0.79571      9.098324  0.000  0.014  0.004  0.018
   0.77575      9.087543  0.000  0.016  0.003  0.019
   0.75579      9.092388  0.000  0.014  0.005  0.019
   0.73584      9.092191  0.000  0.012  0.006  0.018
   0.71588      9.129180  0.000  0.004  0.003  0.007
   0.69592      9.170397  0.000  0.005  0.003  0.010
   0.67596      9.205723  0.001  0.006  0.006  0.014
   0.65600      9.214213  0.002  0.003  0.006  0.010
   0.63605      9.190510  0.001  0.003  0.009  0.013
   0.61609      9.187076  0.000  0.002  0.007  0.010
   0.59613      9.174715  0.000  0.001  0.002  0.002
   0.57617      9.160318  0.000  0.006  0.007  0.014
   0.55622      9.179565  0.000  0.008  0.004  0.013
   0.53626      9.200638  0.000  0.009  0.003  0.011
   0.53626      9.200670  0.000  0.009  0.002  0.012
   0.50804      9.181018  0.000  0.008  0.004  0.013
   0.47981      9.168842  0.000  0.002  0.006  0.008
   0.45159      9.238979  0.000  0.004  0.002  0.006
   0.42336      9.260611  0.001  0.003  0.006  0.011
   0.39514      9.286495  0.001  0.008  0.005  0.013
   0.36691      9.315907  0.001  0.004  0.008  0.013
   0.33869      9.279068  0.001  0.005  0.006  0.013
   0.31047      9.285234  0.002  0.001  0.007  0.011
   0.28224      9.282896  0.001  0.002  0.009  0.012
   0.25402      9.287803  0.001  0.006  0.004  0.010
   0.22579      9.342815  0.000  0.005  0.008  0.013
   0.19757      9.381793  0.000  0.006  0.004  0.011
   0.16935      9.402087  0.000  0.006  0.006  0.013
   0.14112      9.459767  0.000  0.004  0.009  0.013
   0.11290      9.515113  0.000  0.005  0.012  0.018
   0.08467      9.498703  0.000  0.007  0.014  0.021
   0.05645      9.494121  0.000  0.003  0.008  0.011
   0.02822      9.486569  0.000  0.002  0.005  0.008
   0.00000      9.537476  0.000  0.002  0.006  0.008
