#K-Path          Energy     s    p    d    tot
# NKPTS & NBANDS:  80 192
# Band-Index:    1
   0.00000    -23.343455  0.917  0.000  0.000  0.917
   0.02822    -23.343442  0.917  0.000  0.000  0.917
   0.05645    -23.343400  0.917  0.000  0.000  0.917
   0.08467    -23.343332  0.917  0.000  0.000  0.917
   0.11290    -23.343239  0.917  0.000  0.000  0.917
   0.14112    -23.343124  0.917  0.000  0.000  0.917
   0.16935    -23.342990  0.917  0.000  0.000  0.917
   0.19757    -23.342840  0.917  0.000  0.000  0.917
   0.22579    -23.342680  0.917  0.000  0.000  0.917
   0.25402    -23.342512  0.917  0.000  0.000  0.917
   0.28224    -23.342343  0.917  0.000  0.000  0.917
   0.31047    -23.342175  0.917  0.000  0.000  0.917
   0.33869    -23.342015  0.917  0.000  0.000  0.917
   0.36691    -23.341866  0.917  0.000  0.000  0.917
   0.39514    -23.341730  0.917  0.000  0.000  0.918
   0.42336    -23.341614  0.918  0.000  0.000  0.918
   0.45159    -23.341521  0.918  0.000  0.000  0.918
   0.47981    -23.341452  0.918  0.000  0.000  0.918
   0.50804    -23.341412  0.917  0.000  0.000  0.917
   0.53626    -23.341401  0.918  0.000  0.000  0.918
   0.53626    -23.341401  0.918  0.000  0.000  0.918
   0.55622    -23.341399  0.918  0.000  0.000  0.918
   0.57617    -23.341397  0.918  0.000  0.000  0.918
   0.59613    -23.341395  0.918  0.000  0.000  0.918
   0.61609    -23.341395  0.918  0.000  0.000  0.918
   0.63605    -23.341393  0.918  0.000  0.000  0.918
   0.65600    -23.341392  0.918  0.000  0.000  0.918
   0.67596    -23.341391  0.918  0.000  0.000  0.918
   0.69592    -23.341389  0.918  0.000  0.000  0.918
   0.71588    -23.341387  0.918  0.000  0.000  0.918
   0.73584    -23.341385  0.918  0.000  0.000  0.918
   0.75579    -23.341382  0.918  0.000  0.000  0.918
   0.77575    -23.341380  0.918  0.000  0.000  0.918
   0.79571    -23.341378  0.918  0.000  0.000  0.918
   0.81567    -23.341374  0.918  0.000  0.000  0.918
   0.83562    -23.341373  0.918  0.000  0.000  0.918
   0.85558    -23.341372  0.918  0.000  0.000  0.918
   0.87554    -23.341371  0.918  0.000  0.000  0.918
   0.89550    -23.341371  0.917  0.000  0.000  0.917
   0.91545    -23.341370  0.918  0.000  0.000  0.918
   0.91545    -23.341370  0.918  0.000  0.000  0.918
   0.94368    -23.341385  0.918  0.000  0.000  0.918
   0.97190    -23.341426  0.918  0.000  0.000  0.918
   1.00013    -23.341494  0.918  0.000  0.000  0.918
   1.02835    -23.341587  0.918  0.000  0.000  0.918
   1.05657    -23.341702  0.918  0.000  0.000  0.918
   1.08480    -23.341835  0.918  0.000  0.000  0.918
   1.11302    -23.341985  0.917  0.000  0.000  0.918
   1.14125    -23.342144  0.917  0.000  0.000  0.917
   1.16947    -23.342310  0.917  0.000  0.000  0.917
   1.19769    -23.342479  0.917  0.000  0.000  0.917
   1.22592    -23.342646  0.917  0.000  0.000  0.917
   1.25414    -23.342805  0.917  0.000  0.000  0.917
   1.28237    -23.342954  0.917  0.000  0.000  0.917
   1.31059    -23.343086  0.917  0.000  0.000  0.917
   1.33882    -23.343201  0.917  0.000  0.000  0.917
   1.36704    -23.343293  0.917  0.000  0.000  0.917
   1.39526    -23.343359  0.917  0.000  0.000  0.917
   1.42349    -23.343400  0.917  0.000  0.000  0.917
   1.45171    -23.343415  0.917  0.000  0.000  0.917
   1.45171    -23.343415  0.917  0.000  0.000  0.917
   1.47167    -23.343415  0.917  0.000  0.000  0.917
   1.49163    -23.343416  0.917  0.000  0.000  0.917
   1.51159    -23.343418  0.917  0.000  0.000  0.917
   1.53154    -23.343420  0.918  0.000  0.000  0.918
   1.55150    -23.343422  0.917  0.000  0.000  0.917
   1.57146    -23.343424  0.917  0.000  0.000  0.917
   1.59142    -23.343428  0.917  0.000  0.000  0.917
   1.61137    -23.343431  0.917  0.000  0.000  0.917
   1.63133    -23.343434  0.917  0.000  0.000  0.917
   1.65129    -23.343438  0.917  0.000  0.000  0.917
   1.67125    -23.343441  0.917  0.000  0.000  0.917
   1.69120    -23.343444  0.917  0.000  0.000  0.917
   1.71116    -23.343447  0.917  0.000  0.000  0.917
   1.73112    -23.343450  0.917  0.000  0.000  0.917
   1.75108    -23.343452  0.917  0.000  0.000  0.917
   1.77103    -23.343453  0.917  0.000  0.000  0.917
   1.79099    -23.343454  0.917  0.000  0.000  0.917
   1.81095    -23.343456  0.917  0.000  0.000  0.917
   1.83091    -23.343455  0.917  0.000  0.000  0.917
 
# Band-Index:    2
   1.83091    -23.343405  0.916  0.000  0.000  0.916
   1.81095    -23.343405  0.916  0.000  0.000  0.916
   1.79099    -23.343404  0.916  0.000  0.000  0.916
   1.77103    -23.343403  0.916  0.000  0.000  0.916
   1.75108    -23.343401  0.916  0.000  0.000  0.916
   1.73112    -23.343399  0.916  0.000  0.000  0.916
   1.71116    -23.343397  0.916  0.000  0.000  0.916
   1.69120    -23.343394  0.916  0.000  0.000  0.916
   1.67125    -23.343390  0.916  0.000  0.000  0.916
   1.65129    -23.343387  0.916  0.000  0.000  0.916
   1.63133    -23.343384  0.916  0.000  0.000  0.916
   1.61137    -23.343381  0.916  0.000  0.000  0.916
   1.59142    -23.343378  0.916  0.000  0.000  0.916
   1.57146    -23.343374  0.916  0.000  0.000  0.916
   1.55150    -23.343372  0.916  0.000  0.000  0.916
   1.53154    -23.343370  0.917  0.000  0.000  0.917
   1.51159    -23.343368  0.916  0.000  0.000  0.916
   1.49163    -23.343366  0.916  0.000  0.000  0.916
   1.47167    -23.343365  0.916  0.000  0.000  0.916
   1.45171    -23.343365  0.916  0.000  0.000  0.916
   1.45171    -23.343365  0.916  0.000  0.000  0.916
   1.42349    -23.343350  0.916  0.000  0.000  0.916
   1.39526    -23.343309  0.916  0.000  0.000  0.916
   1.36704    -23.343243  0.916  0.000  0.000  0.916
   1.33882    -23.343151  0.916  0.000  0.000  0.916
   1.31059    -23.343036  0.916  0.000  0.000  0.916
   1.28237    -23.342904  0.916  0.000  0.000  0.916
   1.25414    -23.342755  0.916  0.000  0.000  0.917
   1.22592    -23.342596  0.917  0.000  0.000  0.917
   1.19769    -23.342430  0.917  0.000  0.000  0.917
   1.16947    -23.342261  0.917  0.000  0.000  0.917
   1.14125    -23.342095  0.917  0.000  0.000  0.917
   1.11302    -23.341935  0.917  0.000  0.000  0.917
   1.08480    -23.341785  0.917  0.000  0.000  0.917
   1.05657    -23.341653  0.917  0.000  0.000  0.917
   1.02835    -23.341538  0.917  0.000  0.000  0.917
   1.00013    -23.341445  0.917  0.000  0.000  0.917
   0.97190    -23.341376  0.917  0.000  0.000  0.917
   0.94368    -23.341336  0.917  0.000  0.000  0.917
   0.91545    -23.341321  0.917  0.000  0.000  0.917
   0.91545    -23.341321  0.917  0.000  0.000  0.917
   0.89550    -23.341322  0.917  0.000  0.000  0.917
   0.87554    -23.341322  0.917  0.000  0.000  0.917
   0.85558    -23.341322  0.917  0.000  0.000  0.917
   0.83562    -23.341323  0.917  0.000  0.000  0.917
   0.81567    -23.341325  0.917  0.000  0.000  0.917
   0.79571    -23.341328  0.917  0.000  0.000  0.917
   0.77575    -23.341330  0.917  0.000  0.000  0.917
   0.75579    -23.341333  0.917  0.000  0.000  0.917
   0.73584    -23.341335  0.917  0.000  0.000  0.917
   0.71588    -23.341338  0.917  0.000  0.000  0.917
   0.69592    -23.341340  0.917  0.000  0.000  0.917
   0.67596    -23.341341  0.917  0.000  0.000  0.917
   0.65600    -23.341343  0.917  0.000  0.000  0.917
   0.63605    -23.341344  0.917  0.000  0.000  0.917
   0.61609    -23.341345  0.917  0.000  0.000  0.917
   0.59613    -23.341346  0.917  0.000  0.000  0.917
   0.57617    -23.341347  0.917  0.000  0.000  0.917
   0.55622    -23.341349  0.917  0.000  0.000  0.917
   0.53626    -23.341351  0.917  0.000  0.000  0.917
   0.53626    -23.341351  0.917  0.000  0.000  0.917
   0.50804    -23.341363  0.917  0.000  0.000  0.917
   0.47981    -23.341403  0.917  0.000  0.000  0.917
   0.45159    -23.341471  0.917  0.000  0.000  0.917
   0.42336    -23.341564  0.917  0.000  0.000  0.917
   0.39514    -23.341680  0.917  0.000  0.000  0.917
   0.36691    -23.341816  0.917  0.000  0.000  0.917
   0.33869    -23.341965  0.917  0.000  0.000  0.917
   0.31047    -23.342125  0.917  0.000  0.000  0.917
   0.28224    -23.342293  0.917  0.000  0.000  0.917
   0.25402    -23.342462  0.916  0.000  0.000  0.917
   0.22579    -23.342630  0.916  0.000  0.000  0.916
   0.19757    -23.342790  0.916  0.000  0.000  0.916
   0.16935    -23.342939  0.916  0.000  0.000  0.916
   0.14112    -23.343074  0.916  0.000  0.000  0.916
   0.11290    -23.343189  0.916  0.000  0.000  0.916
   0.08467    -23.343281  0.916  0.000  0.000  0.916
   0.05645    -23.343350  0.916  0.000  0.000  0.916
   0.02822    -23.343392  0.916  0.000  0.000  0.916
   0.00000    -23.343405  0.916  0.000  0.000  0.916
 
# Band-Index:    3
   0.00000    -23.220999  0.000  0.000  0.000  0.000
   0.02822    -23.220993  0.000  0.000  0.000  0.000
   0.05645    -23.220973  0.000  0.000  0.000  0.000
   0.08467    -23.220940  0.000  0.000  0.000  0.000
   0.11290    -23.220896  0.000  0.000  0.000  0.000
   0.14112    -23.220840  0.000  0.000  0.000  0.000
   0.16935    -23.220776  0.000  0.000  0.000  0.000
   0.19757    -23.220705  0.000  0.000  0.000  0.000
   0.22579    -23.220629  0.000  0.000  0.000  0.000
   0.25402    -23.220549  0.000  0.000  0.000  0.000
   0.28224    -23.220469  0.000  0.000  0.000  0.000
   0.31047    -23.220388  0.000  0.000  0.000  0.000
   0.33869    -23.220313  0.000  0.000  0.000  0.000
   0.36691    -23.220242  0.000  0.000  0.000  0.000
   0.39514    -23.220178  0.000  0.000  0.000  0.000
   0.42336    -23.220122  0.000  0.000  0.000  0.000
   0.45159    -23.220079  0.000  0.000  0.000  0.000
   0.47981    -23.220047  0.000  0.000  0.000  0.000
   0.50804    -23.220027  0.000  0.000  0.000  0.000
   0.53626    -23.220024  0.000  0.000  0.000  0.000
   0.53626    -23.220024  0.000  0.000  0.000  0.000
   0.55622    -23.220020  0.000  0.000  0.000  0.000
   0.57617    -23.220014  0.000  0.000  0.000  0.000
   0.59613    -23.220005  0.000  0.000  0.000  0.000
   0.61609    -23.219994  0.000  0.000  0.000  0.000
   0.63605    -23.219979  0.000  0.000  0.000  0.000
   0.65600    -23.219961  0.000  0.000  0.000  0.000
   0.67596    -23.219942  0.000  0.000  0.000  0.000
   0.69592    -23.219920  0.000  0.000  0.000  0.000
   0.71588    -23.219897  0.000  0.000  0.000  0.000
   0.73584    -23.219872  0.000  0.000  0.000  0.000
   0.75579    -23.219848  0.000  0.000  0.000  0.000
   0.77575    -23.219823  0.000  0.000  0.000  0.000
   0.79571    -23.219799  0.000  0.000  0.000  0.000
   0.81567    -23.219775  0.000  0.000  0.000  0.000
   0.83562    -23.219755  0.000  0.000  0.000  0.000
   0.85558    -23.219739  0.000  0.000  0.000  0.000
   0.87554    -23.219727  0.000  0.000  0.000  0.000
   0.89550    -23.219720  0.000  0.000  0.000  0.000
   0.91545    -23.219716  0.000  0.000  0.000  0.000
   0.91545    -23.219716  0.000  0.000  0.000  0.000
   0.94368    -23.219723  0.000  0.000  0.000  0.000
   0.97190    -23.219740  0.000  0.000  0.000  0.000
   1.00013    -23.219771  0.000  0.000  0.000  0.000
   1.02835    -23.219811  0.000  0.000  0.000  0.000
   1.05657    -23.219862  0.000  0.000  0.000  0.000
   1.08480    -23.219920  0.000  0.000  0.000  0.000
   1.11302    -23.219985  0.000  0.000  0.000  0.000
   1.14125    -23.220055  0.000  0.000  0.000  0.000
   1.16947    -23.220127  0.000  0.000  0.000  0.000
   1.19769    -23.220201  0.000  0.000  0.000  0.000
   1.22592    -23.220274  0.000  0.000  0.000  0.000
   1.25414    -23.220343  0.000  0.000  0.000  0.000
   1.28237    -23.220408  0.000  0.000  0.000  0.000
   1.31059    -23.220466  0.000  0.000  0.000  0.000
   1.33882    -23.220516  0.000  0.000  0.000  0.000
   1.36704    -23.220556  0.000  0.000  0.000  0.000
   1.39526    -23.220584  0.000  0.000  0.000  0.000
   1.42349    -23.220602  0.000  0.000  0.000  0.000
   1.45171    -23.220609  0.000  0.000  0.000  0.000
   1.45171    -23.220609  0.000  0.000  0.000  0.000
   1.47167    -23.220612  0.000  0.000  0.000  0.000
   1.49163    -23.220623  0.000  0.000  0.000  0.000
   1.51159    -23.220640  0.000  0.000  0.000  0.000
   1.53154    -23.220662  0.000  0.000  0.000  0.000
   1.55150    -23.220688  0.000  0.000  0.000  0.000
   1.57146    -23.220717  0.000  0.000  0.000  0.000
   1.59142    -23.220748  0.000  0.000  0.000  0.000
   1.61137    -23.220779  0.000  0.000  0.000  0.000
   1.63133    -23.220811  0.000  0.000  0.000  0.000
   1.65129    -23.220842  0.000  0.000  0.000  0.000
   1.67125    -23.220871  0.000  0.000  0.000  0.000
   1.69120    -23.220899  0.000  0.000  0.000  0.000
   1.71116    -23.220924  0.000  0.000  0.000  0.000
   1.73112    -23.220947  0.000  0.000  0.000  0.000
   1.75108    -23.220966  0.000  0.000  0.000  0.000
   1.77103    -23.220980  0.000  0.000  0.000  0.000
   1.79099    -23.220990  0.000  0.000  0.000  0.000
   1.81095    -23.220998  0.000  0.000  0.000  0.000
   1.83091    -23.220999  0.000  0.000  0.000  0.000
 
# Band-Index:    4
   1.83091    -23.219794  0.000  0.000  0.000  0.000
   1.81095    -23.219796  0.000  0.000  0.000  0.000
   1.79099    -23.219798  0.000  0.000  0.000  0.000
   1.77103    -23.219802  0.000  0.000  0.000  0.000
   1.75108    -23.219809  0.000  0.000  0.000  0.000
   1.73112    -23.219817  0.000  0.000  0.000  0.000
   1.71116    -23.219826  0.000  0.000  0.000  0.000
   1.69120    -23.219838  0.000  0.000  0.000  0.000
   1.67125    -23.219850  0.000  0.000  0.000  0.000
   1.65129    -23.219864  0.000  0.000  0.000  0.000
   1.63133    -23.219878  0.000  0.000  0.000  0.000
   1.61137    -23.219895  0.000  0.000  0.000  0.000
   1.59142    -23.219911  0.000  0.000  0.000  0.000
   1.57146    -23.219927  0.000  0.000  0.000  0.000
   1.55150    -23.219945  0.000  0.000  0.000  0.000
   1.53154    -23.219959  0.000  0.000  0.000  0.000
   1.51159    -23.219972  0.000  0.000  0.000  0.000
   1.49163    -23.219982  0.000  0.000  0.000  0.000
   1.47167    -23.219988  0.000  0.000  0.000  0.000
   1.45171    -23.219991  0.000  0.000  0.000  0.000
   1.45171    -23.219991  0.000  0.000  0.000  0.000
   1.42349    -23.219984  0.000  0.000  0.000  0.000
   1.39526    -23.219966  0.000  0.000  0.000  0.000
   1.36704    -23.219938  0.000  0.000  0.000  0.000
   1.33882    -23.219898  0.000  0.000  0.000  0.000
   1.31059    -23.219848  0.000  0.000  0.000  0.000
   1.28237    -23.219790  0.000  0.000  0.000  0.000
   1.25414    -23.219725  0.000  0.000  0.000  0.000
   1.22592    -23.219656  0.000  0.000  0.000  0.000
   1.19769    -23.219583  0.000  0.000  0.000  0.000
   1.16947    -23.219509  0.000  0.000  0.000  0.000
   1.14125    -23.219437  0.000  0.000  0.000  0.000
   1.11302    -23.219368  0.000  0.000  0.000  0.000
   1.08480    -23.219302  0.000  0.000  0.000  0.000
   1.05657    -23.219244  0.000  0.000  0.000  0.000
   1.02835    -23.219194  0.000  0.000  0.000  0.000
   1.00013    -23.219153  0.000  0.000  0.000  0.000
   0.97190    -23.219122  0.000  0.000  0.000  0.000
   0.94368    -23.219105  0.000  0.000  0.000  0.000
   0.91545    -23.219098  0.000  0.000  0.000  0.000
   0.91545    -23.219098  0.000  0.000  0.000  0.000
   0.89550    -23.219097  0.000  0.000  0.000  0.000
   0.87554    -23.219093  0.000  0.000  0.000  0.000
   0.85558    -23.219085  0.000  0.000  0.000  0.000
   0.83562    -23.219075  0.000  0.000  0.000  0.000
   0.81567    -23.219064  0.000  0.000  0.000  0.000
   0.79571    -23.219054  0.000  0.000  0.000  0.000
   0.77575    -23.219041  0.000  0.000  0.000  0.000
   0.75579    -23.219029  0.000  0.000  0.000  0.000
   0.73584    -23.219018  0.000  0.000  0.000  0.000
   0.71588    -23.219007  0.000  0.000  0.000  0.000
   0.69592    -23.218996  0.000  0.000  0.000  0.000
   0.67596    -23.218986  0.000  0.000  0.000  0.000
   0.65600    -23.218976  0.000  0.000  0.000  0.000
   0.63605    -23.218968  0.000  0.000  0.000  0.000
   0.61609    -23.218961  0.000  0.000  0.000  0.000
   0.59613    -23.218957  0.000  0.000  0.000  0.000
   0.57617    -23.218954  0.000  0.000  0.000  0.000
   0.55622    -23.218954  0.000  0.000  0.000  0.000
   0.53626    -23.218954  0.000  0.000  0.000  0.000
   0.53626    -23.218954  0.000  0.000  0.000  0.000
   0.50804    -23.218958  0.000  0.000  0.000  0.000
   0.47981    -23.218973  0.000  0.000  0.000  0.000
   0.45159    -23.219001  0.000  0.000  0.000  0.000
   0.42336    -23.219039  0.000  0.000  0.000  0.000
   0.39514    -23.219088  0.000  0.000  0.000  0.000
   0.36691    -23.219145  0.000  0.000  0.000  0.000
   0.33869    -23.219206  0.000  0.000  0.000  0.000
   0.31047    -23.219273  0.000  0.000  0.000  0.000
   0.28224    -23.219340  0.000  0.000  0.000  0.000
   0.25402    -23.219409  0.000  0.000  0.000  0.000
   0.22579    -23.219477  0.000  0.000  0.000  0.000
   0.19757    -23.219543  0.000  0.000  0.000  0.000
   0.16935    -23.219605  0.000  0.000  0.000  0.000
   0.14112    -23.219660  0.000  0.000  0.000  0.000
   0.11290    -23.219706  0.000  0.000  0.000  0.000
   0.08467    -23.219744  0.000  0.000  0.000  0.000
   0.05645    -23.219772  0.000  0.000  0.000  0.000
   0.02822    -23.219789  0.000  0.000  0.000  0.000
   0.00000    -23.219794  0.000  0.000  0.000  0.000
 
# Band-Index:    5
   0.00000    -23.193347  0.000  0.000  0.000  0.000
   0.02822    -23.193339  0.000  0.000  0.000  0.000
   0.05645    -23.193313  0.000  0.000  0.000  0.000
   0.08467    -23.193271  0.000  0.000  0.000  0.000
   0.11290    -23.193213  0.000  0.000  0.000  0.000
   0.14112    -23.193143  0.000  0.000  0.000  0.000
   0.16935    -23.193060  0.000  0.000  0.000  0.000
   0.19757    -23.192967  0.000  0.000  0.000  0.000
   0.22579    -23.192868  0.000  0.000  0.000  0.000
   0.25402    -23.192765  0.000  0.000  0.000  0.000
   0.28224    -23.192661  0.000  0.000  0.000  0.000
   0.31047    -23.192557  0.000  0.000  0.000  0.000
   0.33869    -23.192458  0.000  0.000  0.000  0.000
   0.36691    -23.192367  0.000  0.000  0.000  0.000
   0.39514    -23.192282  0.000  0.000  0.000  0.000
   0.42336    -23.192210  0.000  0.000  0.000  0.000
   0.45159    -23.192153  0.000  0.000  0.000  0.000
   0.47981    -23.192111  0.000  0.000  0.000  0.000
   0.50804    -23.192086  0.000  0.000  0.000  0.000
   0.53626    -23.192080  0.000  0.000  0.000  0.000
   0.53626    -23.192080  0.000  0.000  0.000  0.000
   0.55622    -23.192079  0.000  0.000  0.000  0.000
   0.57617    -23.192077  0.000  0.000  0.000  0.000
   0.59613    -23.192077  0.000  0.000  0.000  0.000
   0.61609    -23.192078  0.000  0.000  0.000  0.000
   0.63605    -23.192079  0.000  0.000  0.000  0.000
   0.65600    -23.192079  0.000  0.000  0.000  0.000
   0.67596    -23.192081  0.000  0.000  0.000  0.000
   0.69592    -23.192081  0.000  0.000  0.000  0.000
   0.71588    -23.192082  0.000  0.000  0.000  0.000
   0.73584    -23.192082  0.000  0.000  0.000  0.000
   0.75579    -23.192082  0.000  0.000  0.000  0.000
   0.77575    -23.192083  0.000  0.000  0.000  0.000
   0.79571    -23.192083  0.000  0.000  0.000  0.000
   0.81567    -23.192082  0.000  0.000  0.000  0.000
   0.83562    -23.192082  0.000  0.000  0.000  0.000
   0.85558    -23.192083  0.000  0.000  0.000  0.000
   0.87554    -23.192083  0.000  0.000  0.000  0.000
   0.89550    -23.192084  0.000  0.000  0.000  0.000
   0.91545    -23.192083  0.000  0.000  0.000  0.000
   0.91545    -23.192083  0.000  0.000  0.000  0.000
   0.94368    -23.192093  0.000  0.000  0.000  0.000
   0.97190    -23.192118  0.000  0.000  0.000  0.000
   1.00013    -23.192161  0.000  0.000  0.000  0.000
   1.02835    -23.192219  0.000  0.000  0.000  0.000
   1.05657    -23.192291  0.000  0.000  0.000  0.000
   1.08480    -23.192373  0.000  0.000  0.000  0.000
   1.11302    -23.192466  0.000  0.000  0.000  0.000
   1.14125    -23.192566  0.000  0.000  0.000  0.000
   1.16947    -23.192669  0.000  0.000  0.000  0.000
   1.19769    -23.192774  0.000  0.000  0.000  0.000
   1.22592    -23.192878  0.000  0.000  0.000  0.000
   1.25414    -23.192977  0.000  0.000  0.000  0.000
   1.28237    -23.193070  0.000  0.000  0.000  0.000
   1.31059    -23.193152  0.000  0.000  0.000  0.000
   1.33882    -23.193223  0.000  0.000  0.000  0.000
   1.36704    -23.193280  0.000  0.000  0.000  0.000
   1.39526    -23.193322  0.000  0.000  0.000  0.000
   1.42349    -23.193347  0.000  0.000  0.000  0.000
   1.45171    -23.193356  0.000  0.000  0.000  0.000
   1.45171    -23.193356  0.000  0.000  0.000  0.000
   1.47167    -23.193356  0.000  0.000  0.000  0.000
   1.49163    -23.193356  0.000  0.000  0.000  0.000
   1.51159    -23.193356  0.000  0.000  0.000  0.000
   1.53154    -23.193356  0.000  0.000  0.000  0.000
   1.55150    -23.193356  0.000  0.000  0.000  0.000
   1.57146    -23.193355  0.000  0.000  0.000  0.000
   1.59142    -23.193354  0.000  0.000  0.000  0.000
   1.61137    -23.193354  0.000  0.000  0.000  0.000
   1.63133    -23.193353  0.000  0.000  0.000  0.000
   1.65129    -23.193352  0.000  0.000  0.000  0.000
   1.67125    -23.193351  0.000  0.000  0.000  0.000
   1.69120    -23.193351  0.000  0.000  0.000  0.000
   1.71116    -23.193350  0.000  0.000  0.000  0.000
   1.73112    -23.193349  0.000  0.000  0.000  0.000
   1.75108    -23.193349  0.000  0.000  0.000  0.000
   1.77103    -23.193348  0.000  0.000  0.000  0.000
   1.79099    -23.193347  0.000  0.000  0.000  0.000
   1.81095    -23.193348  0.000  0.000  0.000  0.000
   1.83091    -23.193347  0.000  0.000  0.000  0.000
 
# Band-Index:    6
   1.83091    -23.191679  0.000  0.000  0.000  0.000
   1.81095    -23.191680  0.000  0.000  0.000  0.000
   1.79099    -23.191680  0.000  0.000  0.000  0.000
   1.77103    -23.191680  0.000  0.000  0.000  0.000
   1.75108    -23.191681  0.000  0.000  0.000  0.000
   1.73112    -23.191681  0.000  0.000  0.000  0.000
   1.71116    -23.191682  0.000  0.000  0.000  0.000
   1.69120    -23.191682  0.000  0.000  0.000  0.000
   1.67125    -23.191682  0.000  0.000  0.000  0.000
   1.65129    -23.191683  0.000  0.000  0.000  0.000
   1.63133    -23.191684  0.000  0.000  0.000  0.000
   1.61137    -23.191685  0.000  0.000  0.000  0.000
   1.59142    -23.191685  0.000  0.000  0.000  0.000
   1.57146    -23.191685  0.000  0.000  0.000  0.000
   1.55150    -23.191686  0.000  0.000  0.000  0.000
   1.53154    -23.191686  0.000  0.000  0.000  0.000
   1.51159    -23.191687  0.000  0.000  0.000  0.000
   1.49163    -23.191686  0.000  0.000  0.000  0.000
   1.47167    -23.191686  0.000  0.000  0.000  0.000
   1.45171    -23.191687  0.000  0.000  0.000  0.000
   1.45171    -23.191687  0.000  0.000  0.000  0.000
   1.42349    -23.191677  0.000  0.000  0.000  0.000
   1.39526    -23.191652  0.000  0.000  0.000  0.000
   1.36704    -23.191611  0.000  0.000  0.000  0.000
   1.33882    -23.191553  0.000  0.000  0.000  0.000
   1.31059    -23.191482  0.000  0.000  0.000  0.000
   1.28237    -23.191400  0.000  0.000  0.000  0.000
   1.25414    -23.191307  0.000  0.000  0.000  0.000
   1.22592    -23.191208  0.000  0.000  0.000  0.000
   1.19769    -23.191105  0.000  0.000  0.000  0.000
   1.16947    -23.190999  0.000  0.000  0.000  0.000
   1.14125    -23.190896  0.000  0.000  0.000  0.000
   1.11302    -23.190796  0.000  0.000  0.000  0.000
   1.08480    -23.190703  0.000  0.000  0.000  0.000
   1.05657    -23.190621  0.000  0.000  0.000  0.000
   1.02835    -23.190549  0.000  0.000  0.000  0.000
   1.00013    -23.190491  0.000  0.000  0.000  0.000
   0.97190    -23.190448  0.000  0.000  0.000  0.000
   0.94368    -23.190423  0.000  0.000  0.000  0.000
   0.91545    -23.190413  0.000  0.000  0.000  0.000
   0.91545    -23.190413  0.000  0.000  0.000  0.000
   0.89550    -23.190414  0.000  0.000  0.000  0.000
   0.87554    -23.190413  0.000  0.000  0.000  0.000
   0.85558    -23.190413  0.000  0.000  0.000  0.000
   0.83562    -23.190412  0.000  0.000  0.000  0.000
   0.81567    -23.190412  0.000  0.000  0.000  0.000
   0.79571    -23.190414  0.000  0.000  0.000  0.000
   0.77575    -23.190413  0.000  0.000  0.000  0.000
   0.75579    -23.190413  0.000  0.000  0.000  0.000
   0.73584    -23.190413  0.000  0.000  0.000  0.000
   0.71588    -23.190413  0.000  0.000  0.000  0.000
   0.69592    -23.190412  0.000  0.000  0.000  0.000
   0.67596    -23.190412  0.000  0.000  0.000  0.000
   0.65600    -23.190411  0.000  0.000  0.000  0.000
   0.63605    -23.190410  0.000  0.000  0.000  0.000
   0.61609    -23.190409  0.000  0.000  0.000  0.000
   0.59613    -23.190409  0.000  0.000  0.000  0.000
   0.57617    -23.190409  0.000  0.000  0.000  0.000
   0.55622    -23.190410  0.000  0.000  0.000  0.000
   0.53626    -23.190412  0.000  0.000  0.000  0.000
   0.53626    -23.190412  0.000  0.000  0.000  0.000
   0.50804    -23.190418  0.000  0.000  0.000  0.000
   0.47981    -23.190443  0.000  0.000  0.000  0.000
   0.45159    -23.190485  0.000  0.000  0.000  0.000
   0.42336    -23.190542  0.000  0.000  0.000  0.000
   0.39514    -23.190614  0.000  0.000  0.000  0.000
   0.36691    -23.190698  0.000  0.000  0.000  0.000
   0.33869    -23.190790  0.000  0.000  0.000  0.000
   0.31047    -23.190889  0.000  0.000  0.000  0.000
   0.28224    -23.190993  0.000  0.000  0.000  0.000
   0.25402    -23.191097  0.000  0.000  0.000  0.000
   0.22579    -23.191200  0.000  0.000  0.000  0.000
   0.19757    -23.191299  0.000  0.000  0.000  0.000
   0.16935    -23.191392  0.000  0.000  0.000  0.000
   0.14112    -23.191475  0.000  0.000  0.000  0.000
   0.11290    -23.191546  0.000  0.000  0.000  0.000
   0.08467    -23.191603  0.000  0.000  0.000  0.000
   0.05645    -23.191645  0.000  0.000  0.000  0.000
   0.02822    -23.191671  0.000  0.000  0.000  0.000
   0.00000    -23.191679  0.000  0.000  0.000  0.000
 
# Band-Index:    7
   0.00000    -16.572489  0.054  0.002  0.000  0.057
   0.02822    -16.571862  0.054  0.002  0.000  0.057
   0.05645    -16.569983  0.054  0.002  0.000  0.057
   0.08467    -16.566874  0.054  0.002  0.000  0.057
   0.11290    -16.562574  0.054  0.002  0.000  0.057
   0.14112    -16.557136  0.054  0.002  0.000  0.058
   0.16935    -16.550625  0.054  0.002  0.000  0.056
   0.19757    -16.543131  0.053  0.002  0.000  0.055
   0.22579    -16.534756  0.052  0.003  0.000  0.054
   0.25402    -16.525620  0.049  0.004  0.000  0.053
   0.28224    -16.515871  0.048  0.004  0.000  0.052
   0.31047    -16.505681  0.046  0.004  0.000  0.049
   0.33869    -16.495260  0.042  0.004  0.000  0.046
   0.36691    -16.484853  0.038  0.004  0.000  0.042
   0.39514    -16.474757  0.034  0.004  0.000  0.039
   0.42336    -16.465334  0.029  0.004  0.000  0.033
   0.45159    -16.457041  0.025  0.004  0.000  0.030
   0.47981    -16.450429  0.019  0.005  0.000  0.025
   0.50804    -16.446105  0.015  0.005  0.000  0.022
   0.53626    -16.444592  0.014  0.005  0.000  0.021
   0.53626    -16.444592  0.014  0.005  0.000  0.021
   0.55622    -16.444264  0.014  0.005  0.000  0.021
   0.57617    -16.443283  0.014  0.005  0.000  0.020
   0.59613    -16.441653  0.014  0.005  0.000  0.020
   0.61609    -16.439384  0.014  0.005  0.000  0.020
   0.63605    -16.436490  0.014  0.005  0.000  0.019
   0.65600    -16.432985  0.013  0.005  0.000  0.019
   0.67596    -16.428890  0.013  0.005  0.000  0.019
   0.69592    -16.424230  0.013  0.005  0.001  0.019
   0.71588    -16.419030  0.013  0.005  0.001  0.018
   0.73584    -16.413322  0.012  0.005  0.001  0.018
   0.75579    -16.407140  0.012  0.005  0.001  0.018
   0.77575    -16.400520  0.011  0.005  0.001  0.017
   0.79571    -16.393502  0.011  0.005  0.001  0.017
   0.81567    -16.386128  0.010  0.005  0.001  0.016
   0.83562    -16.378446  0.010  0.005  0.001  0.016
   0.85558    -16.371489  0.000  0.001  0.000  0.001
   0.87554    -16.371529  0.000  0.001  0.000  0.001
   0.89550    -16.371554  0.000  0.001  0.000  0.001
   0.91545    -16.371562  0.000  0.001  0.000  0.001
   0.91545    -16.371562  0.000  0.001  0.000  0.001
   0.94368    -16.375221  0.000  0.001  0.000  0.002
   0.97190    -16.383328  0.000  0.002  0.000  0.002
   1.00013    -16.393094  0.000  0.002  0.000  0.002
   1.02835    -16.403530  0.000  0.002  0.000  0.003
   1.05657    -16.414226  0.000  0.002  0.000  0.003
   1.08480    -16.424937  0.000  0.002  0.000  0.003
   1.11302    -16.435481  0.000  0.002  0.000  0.003
   1.14125    -16.445702  0.001  0.002  0.000  0.002
   1.16947    -16.455468  0.001  0.002  0.000  0.002
   1.19769    -16.464657  0.001  0.002  0.000  0.002
   1.22592    -16.473160  0.001  0.002  0.000  0.002
   1.25414    -16.480886  0.001  0.002  0.000  0.002
   1.28237    -16.487749  0.001  0.002  0.000  0.002
   1.31059    -16.493676  0.001  0.002  0.000  0.003
   1.33882    -16.498608  0.001  0.002  0.000  0.003
   1.36704    -16.502493  0.001  0.002  0.000  0.003
   1.39526    -16.505296  0.001  0.002  0.000  0.003
   1.42349    -16.506989  0.001  0.002  0.000  0.003
   1.45171    -16.507556  0.001  0.002  0.000  0.003
   1.45171    -16.507556  0.001  0.002  0.000  0.003
   1.47167    -16.508462  0.003  0.002  0.000  0.005
   1.49163    -16.511021  0.010  0.002  0.000  0.012
   1.51159    -16.514851  0.018  0.002  0.000  0.020
   1.53154    -16.519527  0.026  0.002  0.000  0.027
   1.55150    -16.524693  0.032  0.002  0.000  0.035
   1.57146    -16.530078  0.038  0.001  0.000  0.039
   1.59142    -16.535486  0.040  0.001  0.000  0.043
   1.61137    -16.540774  0.045  0.001  0.000  0.046
   1.63133    -16.545836  0.047  0.001  0.000  0.048
   1.65129    -16.550590  0.049  0.002  0.000  0.051
   1.67125    -16.554977  0.051  0.002  0.000  0.053
   1.69120    -16.558945  0.052  0.002  0.000  0.054
   1.71116    -16.562454  0.053  0.002  0.000  0.055
   1.73112    -16.565472  0.053  0.002  0.000  0.056
   1.75108    -16.567974  0.053  0.002  0.000  0.056
   1.77103    -16.569940  0.054  0.002  0.000  0.057
   1.79099    -16.571355  0.054  0.002  0.000  0.057
   1.81095    -16.572206  0.054  0.002  0.000  0.057
   1.83091    -16.572489  0.054  0.002  0.000  0.057
 
# Band-Index:    8
   1.83091    -16.567049  0.063  0.002  0.000  0.066
   1.81095    -16.566780  0.063  0.002  0.000  0.066
   1.79099    -16.565973  0.063  0.002  0.000  0.066
   1.77103    -16.564634  0.063  0.002  0.000  0.066
   1.75108    -16.562774  0.063  0.002  0.000  0.066
   1.73112    -16.560408  0.062  0.002  0.000  0.064
   1.71116    -16.557558  0.062  0.002  0.000  0.064
   1.69120    -16.554245  0.058  0.002  0.000  0.062
   1.67125    -16.550502  0.057  0.002  0.000  0.060
   1.65129    -16.546366  0.056  0.002  0.000  0.058
   1.63133    -16.541883  0.053  0.002  0.000  0.056
   1.61137    -16.537117  0.050  0.002  0.000  0.052
   1.59142    -16.532143  0.045  0.001  0.000  0.047
   1.57146    -16.527060  0.040  0.002  0.000  0.041
   1.55150    -16.522003  0.034  0.002  0.000  0.036
   1.53154    -16.517155  0.027  0.002  0.000  0.028
   1.51159    -16.512770  0.019  0.002  0.000  0.021
   1.49163    -16.509184  0.010  0.002  0.000  0.012
   1.47167    -16.506789  0.003  0.002  0.000  0.005
   1.45171    -16.505943  0.001  0.002  0.000  0.003
   1.45171    -16.505943  0.001  0.002  0.000  0.003
   1.42349    -16.505375  0.001  0.002  0.000  0.003
   1.39526    -16.503683  0.001  0.002  0.000  0.003
   1.36704    -16.500881  0.001  0.002  0.000  0.003
   1.33882    -16.496996  0.001  0.002  0.000  0.003
   1.31059    -16.492065  0.001  0.002  0.000  0.003
   1.28237    -16.486138  0.001  0.002  0.000  0.003
   1.25414    -16.479276  0.001  0.002  0.000  0.002
   1.22592    -16.471552  0.001  0.002  0.000  0.002
   1.19769    -16.463050  0.001  0.002  0.000  0.002
   1.16947    -16.453862  0.001  0.002  0.000  0.002
   1.14125    -16.444097  0.001  0.002  0.000  0.002
   1.11302    -16.433876  0.000  0.002  0.000  0.003
   1.08480    -16.423330  0.000  0.002  0.000  0.003
   1.05657    -16.412615  0.000  0.002  0.000  0.003
   1.02835    -16.401910  0.000  0.002  0.000  0.003
   1.00013    -16.391456  0.000  0.002  0.000  0.002
   0.97190    -16.381653  0.000  0.002  0.000  0.002
   0.94368    -16.373471  0.000  0.001  0.000  0.002
   0.91545    -16.369743  0.000  0.001  0.000  0.001
   0.91545    -16.369743  0.000  0.001  0.000  0.001
   0.89550    -16.369735  0.000  0.001  0.000  0.001
   0.87554    -16.369711  0.000  0.001  0.000  0.001
   0.85558    -16.370503  0.009  0.005  0.001  0.016
   0.83562    -16.377342  0.010  0.005  0.001  0.016
   0.81567    -16.385022  0.010  0.005  0.001  0.016
   0.79571    -16.392393  0.011  0.005  0.001  0.017
   0.77575    -16.399409  0.011  0.005  0.001  0.017
   0.75579    -16.406027  0.012  0.005  0.001  0.018
   0.73584    -16.412207  0.012  0.005  0.001  0.018
   0.71588    -16.417913  0.013  0.005  0.001  0.018
   0.69592    -16.423111  0.013  0.005  0.001  0.019
   0.67596    -16.427770  0.013  0.005  0.000  0.019
   0.65600    -16.431863  0.014  0.005  0.000  0.019
   0.63605    -16.435366  0.014  0.005  0.000  0.020
   0.61609    -16.438259  0.014  0.005  0.000  0.020
   0.59613    -16.440526  0.014  0.005  0.000  0.020
   0.57617    -16.442155  0.014  0.005  0.000  0.021
   0.55622    -16.443136  0.014  0.005  0.000  0.021
   0.53626    -16.443464  0.014  0.005  0.000  0.021
   0.53626    -16.443464  0.014  0.005  0.000  0.021
   0.50804    -16.444959  0.015  0.005  0.000  0.022
   0.47981    -16.449233  0.020  0.005  0.000  0.025
   0.45159    -16.455764  0.025  0.005  0.000  0.030
   0.42336    -16.463940  0.029  0.004  0.000  0.034
   0.39514    -16.473200  0.036  0.004  0.000  0.041
   0.36691    -16.483082  0.040  0.005  0.000  0.044
   0.33869    -16.493219  0.044  0.004  0.000  0.049
   0.31047    -16.503321  0.049  0.004  0.000  0.053
   0.28224    -16.513152  0.051  0.004  0.000  0.055
   0.25402    -16.522518  0.056  0.004  0.000  0.059
   0.22579    -16.531262  0.057  0.004  0.000  0.060
   0.19757    -16.539249  0.059  0.002  0.000  0.063
   0.16935    -16.546375  0.061  0.002  0.000  0.064
   0.14112    -16.552548  0.062  0.002  0.000  0.066
   0.11290    -16.557694  0.062  0.002  0.000  0.065
   0.08467    -16.561755  0.063  0.002  0.000  0.066
   0.05645    -16.564687  0.063  0.002  0.000  0.066
   0.02822    -16.566458  0.063  0.002  0.000  0.066
   0.00000    -16.567049  0.063  0.002  0.000  0.066
 
# Band-Index:    9
   0.00000    -16.465447  0.069  0.002  0.000  0.071
   0.02822    -16.464825  0.069  0.002  0.000  0.071
   0.05645    -16.462965  0.067  0.002  0.000  0.069
   0.08467    -16.459880  0.067  0.002  0.000  0.069
   0.11290    -16.455597  0.065  0.002  0.000  0.066
   0.14112    -16.450157  0.064  0.002  0.000  0.065
   0.16935    -16.443614  0.062  0.002  0.000  0.063
   0.19757    -16.436049  0.059  0.002  0.000  0.060
   0.22579    -16.427574  0.056  0.002  0.000  0.058
   0.25402    -16.418355  0.054  0.002  0.000  0.056
   0.28224    -16.408647  0.050  0.002  0.000  0.051
   0.31047    -16.398848  0.045  0.002  0.000  0.047
   0.33869    -16.389565  0.040  0.002  0.000  0.042
   0.36691    -16.381586  0.031  0.002  0.000  0.032
   0.39514    -16.375639  0.022  0.001  0.000  0.023
   0.42336    -16.372007  0.013  0.002  0.000  0.015
   0.45159    -16.370379  0.005  0.002  0.000  0.007
   0.47981    -16.370026  0.002  0.001  0.000  0.003
   0.50804    -16.370193  0.000  0.001  0.000  0.001
   0.53626    -16.370322  0.000  0.001  0.000  0.001
   0.53626    -16.370322  0.000  0.001  0.000  0.001
   0.55622    -16.370329  0.000  0.001  0.000  0.001
   0.57617    -16.370353  0.000  0.001  0.000  0.001
   0.59613    -16.370394  0.000  0.001  0.000  0.001
   0.61609    -16.370451  0.000  0.001  0.000  0.001
   0.63605    -16.370521  0.000  0.001  0.000  0.001
   0.65600    -16.370603  0.000  0.001  0.000  0.001
   0.67596    -16.370693  0.000  0.001  0.000  0.001
   0.69592    -16.370790  0.000  0.001  0.000  0.001
   0.71588    -16.370891  0.000  0.001  0.000  0.001
   0.73584    -16.370994  0.000  0.001  0.000  0.001
   0.75579    -16.371096  0.000  0.001  0.000  0.001
   0.77575    -16.371193  0.000  0.001  0.000  0.001
   0.79571    -16.371284  0.000  0.001  0.000  0.001
   0.81567    -16.371364  0.000  0.001  0.000  0.001
   0.83562    -16.371433  0.000  0.001  0.000  0.001
   0.85558    -16.369670  0.000  0.001  0.000  0.001
   0.87554    -16.362351  0.009  0.005  0.001  0.015
   0.89550    -16.354046  0.008  0.006  0.001  0.014
   0.91545    -16.346027  0.000  0.007  0.001  0.008
   0.91545    -16.346027  0.000  0.007  0.001  0.008
   0.94368    -16.346196  0.020  0.004  0.000  0.025
   0.97190    -16.349085  0.032  0.005  0.000  0.037
   1.00013    -16.353648  0.050  0.005  0.000  0.055
   1.02835    -16.359568  0.071  0.005  0.000  0.076
   1.05657    -16.366502  0.093  0.005  0.000  0.098
   1.08480    -16.374116  0.114  0.005  0.000  0.119
   1.11302    -16.382114  0.134  0.005  0.000  0.140
   1.14125    -16.390235  0.153  0.005  0.000  0.158
   1.16947    -16.398259  0.168  0.005  0.000  0.173
   1.19769    -16.406000  0.182  0.005  0.000  0.188
   1.22592    -16.413300  0.195  0.006  0.000  0.200
   1.25414    -16.420025  0.205  0.005  0.000  0.210
   1.28237    -16.426064  0.213  0.005  0.000  0.218
   1.31059    -16.431323  0.220  0.005  0.000  0.226
   1.33882    -16.435726  0.226  0.005  0.000  0.230
   1.36704    -16.439211  0.230  0.004  0.000  0.235
   1.39526    -16.441734  0.234  0.004  0.000  0.238
   1.42349    -16.443261  0.235  0.004  0.000  0.239
   1.45171    -16.443773  0.236  0.004  0.000  0.241
   1.45171    -16.443773  0.236  0.004  0.000  0.241
   1.47167    -16.443017  0.234  0.004  0.000  0.238
   1.49163    -16.440929  0.228  0.004  0.000  0.233
   1.51159    -16.437954  0.220  0.004  0.000  0.224
   1.53154    -16.434710  0.214  0.004  0.000  0.219
   1.55150    -16.432383  0.201  0.003  0.000  0.204
   1.57146    -16.432391  0.169  0.002  0.000  0.172
   1.59142    -16.434662  0.135  0.002  0.000  0.137
   1.61137    -16.438156  0.111  0.002  0.000  0.113
   1.63133    -16.442078  0.097  0.002  0.000  0.099
   1.65129    -16.446027  0.088  0.002  0.000  0.090
   1.67125    -16.449799  0.082  0.002  0.000  0.083
   1.69120    -16.453278  0.077  0.002  0.000  0.078
   1.71116    -16.456394  0.075  0.002  0.000  0.076
   1.73112    -16.459096  0.072  0.002  0.000  0.074
   1.75108    -16.461350  0.071  0.002  0.000  0.073
   1.77103    -16.463128  0.069  0.002  0.000  0.071
   1.79099    -16.464411  0.069  0.002  0.000  0.071
   1.81095    -16.465187  0.069  0.002  0.000  0.071
   1.83091    -16.465447  0.069  0.002  0.000  0.071
 
# Band-Index:   10
   1.83091    -16.421303  0.128  0.002  0.000  0.130
   1.81095    -16.421247  0.128  0.002  0.000  0.130
   1.79099    -16.421084  0.129  0.002  0.000  0.131
   1.77103    -16.420834  0.131  0.002  0.000  0.133
   1.75108    -16.420533  0.134  0.002  0.000  0.135
   1.73112    -16.420230  0.139  0.002  0.000  0.141
   1.71116    -16.419987  0.143  0.002  0.000  0.145
   1.69120    -16.419886  0.148  0.002  0.000  0.150
   1.67125    -16.420018  0.155  0.002  0.000  0.158
   1.65129    -16.420490  0.162  0.002  0.000  0.164
   1.63133    -16.421406  0.171  0.002  0.000  0.173
   1.61137    -16.422862  0.179  0.002  0.000  0.181
   1.59142    -16.424912  0.188  0.002  0.000  0.191
   1.57146    -16.427538  0.196  0.002  0.000  0.198
   1.55150    -16.430601  0.204  0.003  0.000  0.206
   1.53154    -16.433794  0.214  0.004  0.000  0.218
   1.51159    -16.437060  0.221  0.004  0.000  0.225
   1.49163    -16.440074  0.228  0.004  0.000  0.233
   1.47167    -16.442211  0.235  0.004  0.000  0.239
   1.45171    -16.442987  0.236  0.004  0.000  0.241
   1.45171    -16.442987  0.236  0.004  0.000  0.241
   1.42349    -16.442474  0.236  0.004  0.000  0.241
   1.39526    -16.440945  0.234  0.004  0.000  0.238
   1.36704    -16.438419  0.231  0.004  0.000  0.236
   1.33882    -16.434928  0.227  0.005  0.000  0.231
   1.31059    -16.430519  0.221  0.005  0.000  0.226
   1.28237    -16.425251  0.214  0.005  0.000  0.219
   1.25414    -16.419202  0.206  0.005  0.000  0.211
   1.22592    -16.412465  0.195  0.006  0.000  0.201
   1.19769    -16.405151  0.183  0.005  0.000  0.188
   1.16947    -16.397393  0.169  0.005  0.000  0.174
   1.14125    -16.389350  0.153  0.005  0.000  0.158
   1.11302    -16.381208  0.135  0.005  0.000  0.141
   1.08480    -16.373188  0.115  0.005  0.000  0.120
   1.05657    -16.365548  0.094  0.005  0.000  0.099
   1.02835    -16.358589  0.072  0.005  0.000  0.077
   1.00013    -16.352645  0.050  0.005  0.000  0.056
   0.97190    -16.348061  0.032  0.005  0.000  0.037
   0.94368    -16.345161  0.020  0.004  0.000  0.025
   0.91545    -16.345248  0.014  0.005  0.000  0.019
   0.91545    -16.345248  0.014  0.005  0.000  0.019
   0.89550    -16.352948  0.008  0.006  0.001  0.014
   0.87554    -16.361251  0.009  0.005  0.001  0.015
   0.85558    -16.369401  0.009  0.005  0.001  0.016
   0.83562    -16.369614  0.000  0.001  0.000  0.001
   0.81567    -16.369545  0.000  0.001  0.000  0.001
   0.79571    -16.369465  0.000  0.001  0.000  0.001
   0.77575    -16.369375  0.000  0.001  0.000  0.001
   0.75579    -16.369277  0.000  0.001  0.000  0.001
   0.73584    -16.369175  0.000  0.001  0.000  0.001
   0.71588    -16.369073  0.000  0.001  0.000  0.001
   0.69592    -16.368972  0.000  0.001  0.000  0.001
   0.67596    -16.368875  0.000  0.001  0.000  0.001
   0.65600    -16.368784  0.000  0.001  0.000  0.001
   0.63605    -16.368703  0.000  0.001  0.000  0.001
   0.61609    -16.368633  0.000  0.001  0.000  0.001
   0.59613    -16.368576  0.000  0.001  0.000  0.001
   0.57617    -16.368535  0.000  0.001  0.000  0.001
   0.55622    -16.368511  0.000  0.001  0.000  0.001
   0.53626    -16.368503  0.000  0.001  0.000  0.001
   0.53626    -16.368503  0.000  0.001  0.000  0.001
   0.50804    -16.368389  0.000  0.001  0.000  0.001
   0.47981    -16.368245  0.002  0.001  0.000  0.003
   0.45159    -16.368502  0.005  0.002  0.000  0.007
   0.42336    -16.369518  0.012  0.002  0.000  0.013
   0.39514    -16.371447  0.020  0.001  0.000  0.023
   0.36691    -16.374351  0.032  0.002  0.000  0.034
   0.33869    -16.378157  0.044  0.002  0.000  0.046
   0.31047    -16.382671  0.057  0.002  0.000  0.059
   0.28224    -16.387644  0.070  0.002  0.000  0.072
   0.25402    -16.392821  0.079  0.002  0.000  0.081
   0.22579    -16.397973  0.091  0.002  0.000  0.093
   0.19757    -16.402905  0.098  0.002  0.000  0.101
   0.16935    -16.407457  0.108  0.002  0.000  0.110
   0.14112    -16.411500  0.113  0.002  0.000  0.116
   0.11290    -16.414933  0.120  0.002  0.000  0.120
   0.08467    -16.417680  0.123  0.002  0.000  0.125
   0.05645    -16.419679  0.126  0.002  0.000  0.128
   0.02822    -16.420895  0.127  0.002  0.000  0.129
   0.00000    -16.421303  0.128  0.002  0.000  0.130
 
# Band-Index:   11
   0.00000    -16.376217  0.086  0.000  0.000  0.087
   0.02822    -16.375918  0.086  0.000  0.000  0.087
   0.05645    -16.375025  0.083  0.000  0.000  0.085
   0.08467    -16.373557  0.080  0.000  0.000  0.081
   0.11290    -16.371545  0.076  0.000  0.000  0.076
   0.14112    -16.369027  0.071  0.000  0.000  0.071
   0.16935    -16.366051  0.063  0.000  0.000  0.065
   0.19757    -16.362666  0.055  0.000  0.000  0.055
   0.22579    -16.358914  0.045  0.000  0.000  0.047
   0.25402    -16.354808  0.037  0.000  0.000  0.037
   0.28224    -16.350300  0.025  0.000  0.000  0.027
   0.31047    -16.345227  0.016  0.000  0.000  0.016
   0.33869    -16.339237  0.006  0.000  0.000  0.008
   0.36691    -16.331802  0.002  0.000  0.000  0.002
   0.39514    -16.322455  0.000  0.000  0.000  0.000
   0.42336    -16.311172  0.000  0.000  0.000  0.000
   0.45159    -16.298493  0.000  0.000  0.000  0.000
   0.47981    -16.285463  0.000  0.000  0.000  0.000
   0.50804    -16.274135  0.000  0.000  0.000  0.000
   0.53626    -16.269049  0.000  0.000  0.000  0.000
   0.53626    -16.269049  0.000  0.000  0.000  0.000
   0.55622    -16.268712  0.000  0.000  0.000  0.000
   0.57617    -16.267702  0.000  0.000  0.000  0.000
   0.59613    -16.266026  0.000  0.000  0.000  0.000
   0.61609    -16.263699  0.000  0.000  0.000  0.000
   0.63605    -16.260743  0.000  0.000  0.000  0.000
   0.65600    -16.257281  0.000  0.000  0.000  0.001
   0.67596    -16.257783  0.002  0.005  0.001  0.008
   0.69592    -16.262889  0.002  0.005  0.001  0.008
   0.71588    -16.268621  0.002  0.005  0.001  0.009
   0.73584    -16.274877  0.003  0.005  0.001  0.009
   0.75579    -16.281603  0.003  0.005  0.001  0.009
   0.77575    -16.288744  0.004  0.005  0.001  0.010
   0.79571    -16.296247  0.004  0.005  0.001  0.011
   0.81567    -16.304052  0.005  0.005  0.001  0.012
   0.83562    -16.312106  0.006  0.006  0.001  0.012
   0.85558    -16.320348  0.006  0.006  0.001  0.013
   0.87554    -16.328719  0.007  0.006  0.001  0.013
   0.89550    -16.337158  0.008  0.006  0.001  0.014
   0.91545    -16.344880  0.002  0.006  0.001  0.009
   0.91545    -16.344880  0.002  0.006  0.001  0.009
   0.94368    -16.342870  0.000  0.006  0.001  0.008
   0.97190    -16.336287  0.000  0.005  0.001  0.006
   1.00013    -16.328989  0.000  0.005  0.001  0.006
   1.02835    -16.321866  0.000  0.005  0.001  0.006
   1.05657    -16.315203  0.000  0.005  0.001  0.006
   1.08480    -16.309102  0.000  0.005  0.001  0.006
   1.11302    -16.303663  0.000  0.005  0.001  0.006
   1.14125    -16.313396  0.005  0.000  0.000  0.006
   1.16947    -16.325415  0.005  0.000  0.000  0.006
   1.19769    -16.336612  0.007  0.000  0.000  0.007
   1.22592    -16.346880  0.007  0.000  0.000  0.007
   1.25414    -16.356135  0.007  0.000  0.000  0.007
   1.28237    -16.364302  0.007  0.000  0.000  0.007
   1.31059    -16.371317  0.008  0.000  0.000  0.008
   1.33882    -16.377127  0.008  0.000  0.000  0.008
   1.36704    -16.381690  0.008  0.000  0.000  0.008
   1.39526    -16.384973  0.008  0.000  0.000  0.008
   1.42349    -16.386952  0.008  0.000  0.000  0.008
   1.45171    -16.387615  0.008  0.000  0.000  0.008
   1.45171    -16.387615  0.008  0.000  0.000  0.008
   1.47167    -16.392533  0.007  0.000  0.000  0.007
   1.49163    -16.397645  0.005  0.000  0.000  0.005
   1.51159    -16.402452  0.002  0.000  0.000  0.002
   1.53154    -16.406530  0.000  0.000  0.000  0.000
   1.55150    -16.409074  0.006  0.000  0.000  0.008
   1.57146    -16.409123  0.030  0.000  0.000  0.030
   1.59142    -16.406788  0.058  0.000  0.000  0.059
   1.61137    -16.403162  0.076  0.001  0.000  0.077
   1.63133    -16.399093  0.085  0.002  0.000  0.086
   1.65129    -16.395028  0.089  0.002  0.000  0.090
   1.67125    -16.391193  0.091  0.001  0.000  0.092
   1.69120    -16.387712  0.091  0.000  0.000  0.092
   1.71116    -16.384657  0.090  0.000  0.000  0.091
   1.73112    -16.382061  0.090  0.000  0.000  0.090
   1.75108    -16.379943  0.089  0.000  0.000  0.089
   1.77103    -16.378305  0.088  0.000  0.000  0.088
   1.79099    -16.377142  0.087  0.000  0.000  0.088
   1.81095    -16.376448  0.086  0.000  0.000  0.087
   1.83091    -16.376217  0.086  0.000  0.000  0.087
 
# Band-Index:   12
   1.83091    -16.291278  0.021  0.000  0.000  0.021
   1.81095    -16.292017  0.021  0.000  0.000  0.021
   1.79099    -16.294167  0.021  0.000  0.000  0.021
   1.77103    -16.297556  0.020  0.000  0.000  0.020
   1.75108    -16.301961  0.020  0.000  0.000  0.020
   1.73112    -16.307154  0.018  0.000  0.000  0.018
   1.71116    -16.312927  0.016  0.000  0.000  0.016
   1.69120    -16.319090  0.014  0.000  0.000  0.014
   1.67125    -16.325477  0.010  0.000  0.000  0.012
   1.65129    -16.331930  0.008  0.000  0.000  0.010
   1.63133    -16.338316  0.005  0.000  0.000  0.007
   1.61137    -16.344523  0.002  0.000  0.000  0.002
   1.59142    -16.350473  0.000  0.000  0.000  0.000
   1.57146    -16.356138  0.000  0.000  0.000  0.000
   1.55150    -16.361541  0.000  0.000  0.000  0.000
   1.53154    -16.366751  0.002  0.000  0.000  0.002
   1.51159    -16.371864  0.004  0.000  0.000  0.004
   1.49163    -16.376963  0.005  0.000  0.000  0.005
   1.47167    -16.382103  0.006  0.000  0.000  0.006
   1.45171    -16.387010  0.008  0.000  0.000  0.008
   1.45171    -16.387010  0.008  0.000  0.000  0.008
   1.42349    -16.386347  0.008  0.000  0.000  0.008
   1.39526    -16.384368  0.008  0.000  0.000  0.008
   1.36704    -16.381084  0.008  0.000  0.000  0.008
   1.33882    -16.376521  0.008  0.000  0.000  0.008
   1.31059    -16.370711  0.008  0.000  0.000  0.008
   1.28237    -16.363695  0.007  0.000  0.000  0.007
   1.25414    -16.355528  0.007  0.000  0.000  0.007
   1.22592    -16.346273  0.007  0.000  0.000  0.007
   1.19769    -16.336004  0.007  0.000  0.000  0.007
   1.16947    -16.324808  0.005  0.000  0.000  0.006
   1.14125    -16.312792  0.005  0.000  0.000  0.006
   1.11302    -16.302494  0.000  0.005  0.001  0.006
   1.08480    -16.307835  0.000  0.005  0.001  0.006
   1.05657    -16.313931  0.000  0.005  0.001  0.006
   1.02835    -16.320594  0.000  0.005  0.001  0.006
   1.00013    -16.327728  0.000  0.005  0.001  0.006
   0.97190    -16.335058  0.000  0.005  0.001  0.006
   0.94368    -16.341714  0.000  0.006  0.001  0.008
   0.91545    -16.344150  0.016  0.004  0.000  0.021
   0.91545    -16.344150  0.016  0.004  0.000  0.021
   0.89550    -16.336066  0.008  0.006  0.001  0.014
   0.87554    -16.327628  0.007  0.006  0.001  0.013
   0.85558    -16.319259  0.006  0.006  0.001  0.013
   0.83562    -16.311018  0.006  0.006  0.001  0.012
   0.81567    -16.302966  0.005  0.005  0.001  0.012
   0.79571    -16.295162  0.004  0.005  0.001  0.011
   0.77575    -16.287661  0.004  0.005  0.001  0.010
   0.75579    -16.280521  0.003  0.005  0.001  0.009
   0.73584    -16.273797  0.003  0.005  0.001  0.009
   0.71588    -16.267544  0.002  0.005  0.001  0.009
   0.69592    -16.261818  0.002  0.005  0.001  0.008
   0.67596    -16.256737  0.002  0.005  0.001  0.008
   0.65600    -16.252967  0.001  0.005  0.001  0.007
   0.63605    -16.249084  0.001  0.005  0.001  0.007
   0.61609    -16.245820  0.000  0.005  0.001  0.007
   0.59613    -16.243245  0.000  0.005  0.001  0.007
   0.57617    -16.241387  0.000  0.005  0.001  0.007
   0.55622    -16.240268  0.000  0.005  0.001  0.007
   0.53626    -16.239894  0.000  0.005  0.001  0.007
   0.53626    -16.239894  0.000  0.005  0.001  0.007
   0.50804    -16.239937  0.000  0.005  0.001  0.007
   0.47981    -16.240067  0.000  0.005  0.001  0.007
   0.45159    -16.242223  0.002  0.000  0.000  0.002
   0.42336    -16.249680  0.002  0.000  0.000  0.002
   0.39514    -16.256139  0.000  0.000  0.000  0.000
   0.36691    -16.261673  0.000  0.000  0.000  0.000
   0.33869    -16.266407  0.000  0.000  0.000  0.000
   0.31047    -16.270490  0.000  0.000  0.000  0.000
   0.28224    -16.274059  0.002  0.000  0.000  0.002
   0.25402    -16.277219  0.004  0.000  0.000  0.004
   0.22579    -16.280038  0.006  0.000  0.000  0.006
   0.19757    -16.282553  0.008  0.000  0.000  0.008
   0.16935    -16.284776  0.011  0.000  0.000  0.011
   0.14112    -16.286701  0.014  0.000  0.000  0.015
   0.11290    -16.288312  0.018  0.000  0.000  0.018
   0.08467    -16.289592  0.019  0.000  0.000  0.019
   0.05645    -16.290523  0.020  0.000  0.000  0.020
   0.02822    -16.291089  0.021  0.000  0.000  0.021
   0.00000    -16.291278  0.021  0.000  0.000  0.021
 
# Band-Index:   13
   0.00000    -16.246335  0.000  0.006  0.001  0.008
   0.02822    -16.246292  0.000  0.006  0.001  0.008
   0.05645    -16.246161  0.000  0.006  0.001  0.008
   0.08467    -16.245946  0.000  0.006  0.001  0.008
   0.11290    -16.245656  0.000  0.006  0.001  0.008
   0.14112    -16.245297  0.000  0.006  0.001  0.008
   0.16935    -16.244880  0.000  0.006  0.001  0.008
   0.19757    -16.244414  0.000  0.006  0.001  0.008
   0.22579    -16.243912  0.000  0.005  0.001  0.008
   0.25402    -16.243387  0.000  0.005  0.001  0.007
   0.28224    -16.242854  0.000  0.005  0.001  0.007
   0.31047    -16.242328  0.000  0.005  0.001  0.007
   0.33869    -16.241824  0.000  0.005  0.001  0.007
   0.36691    -16.241355  0.000  0.005  0.001  0.007
   0.39514    -16.240935  0.000  0.005  0.001  0.007
   0.42336    -16.240573  0.000  0.005  0.001  0.007
   0.45159    -16.240281  0.000  0.005  0.001  0.007
   0.47981    -16.238987  0.000  0.005  0.001  0.007
   0.50804    -16.238857  0.000  0.005  0.001  0.007
   0.53626    -16.238814  0.000  0.005  0.001  0.007
   0.53626    -16.238814  0.000  0.005  0.001  0.007
   0.55622    -16.239187  0.000  0.005  0.001  0.007
   0.57617    -16.240306  0.000  0.005  0.001  0.007
   0.59613    -16.242161  0.000  0.005  0.001  0.007
   0.61609    -16.244732  0.000  0.005  0.001  0.007
   0.63605    -16.247991  0.001  0.005  0.001  0.007
   0.65600    -16.251849  0.001  0.005  0.001  0.007
   0.67596    -16.252524  0.000  0.000  0.000  0.000
   0.69592    -16.247901  0.000  0.000  0.000  0.000
   0.71588    -16.242571  0.000  0.000  0.000  0.000
   0.73584    -16.236699  0.000  0.000  0.000  0.000
   0.75579    -16.230336  0.000  0.000  0.000  0.000
   0.77575    -16.223524  0.000  0.000  0.000  0.000
   0.79571    -16.218042  0.000  0.000  0.000  0.000
   0.81567    -16.218085  0.000  0.000  0.000  0.000
   0.83562    -16.218118  0.000  0.000  0.000  0.000
   0.85558    -16.218141  0.000  0.000  0.000  0.000
   0.87554    -16.218154  0.000  0.000  0.000  0.000
   0.89550    -16.218160  0.000  0.000  0.000  0.000
   0.91545    -16.218161  0.000  0.000  0.000  0.000
   0.91545    -16.218161  0.000  0.000  0.000  0.000
   0.94368    -16.222573  0.000  0.000  0.000  0.000
   0.97190    -16.232974  0.001  0.000  0.000  0.001
   1.00013    -16.245854  0.002  0.000  0.000  0.002
   1.02835    -16.259604  0.002  0.000  0.000  0.002
   1.05657    -16.273532  0.003  0.000  0.000  0.003
   1.08480    -16.287270  0.004  0.000  0.000  0.004
   1.11302    -16.300419  0.004  0.000  0.000  0.004
   1.14125    -16.298553  0.000  0.005  0.001  0.006
   1.16947    -16.294142  0.000  0.005  0.001  0.006
   1.19769    -16.290232  0.000  0.005  0.001  0.006
   1.22592    -16.286800  0.000  0.005  0.001  0.006
   1.25414    -16.283819  0.000  0.004  0.001  0.006
   1.28237    -16.281268  0.000  0.004  0.001  0.006
   1.31059    -16.279131  0.000  0.004  0.001  0.006
   1.33882    -16.277395  0.000  0.004  0.001  0.006
   1.36704    -16.276053  0.000  0.004  0.001  0.006
   1.39526    -16.275098  0.000  0.004  0.001  0.006
   1.42349    -16.274526  0.000  0.004  0.001  0.006
   1.45171    -16.274337  0.000  0.004  0.001  0.006
   1.45171    -16.274337  0.000  0.004  0.001  0.006
   1.47167    -16.274146  0.000  0.004  0.001  0.006
   1.49163    -16.273539  0.000  0.004  0.001  0.005
   1.51159    -16.272461  0.001  0.004  0.001  0.006
   1.53154    -16.270918  0.002  0.004  0.001  0.008
   1.55150    -16.269011  0.002  0.004  0.001  0.009
   1.57146    -16.266968  0.003  0.004  0.001  0.009
   1.59142    -16.264952  0.004  0.004  0.001  0.010
   1.61137    -16.262932  0.004  0.004  0.001  0.010
   1.63133    -16.260877  0.004  0.005  0.001  0.010
   1.65129    -16.258791  0.005  0.005  0.001  0.011
   1.67125    -16.256696  0.004  0.005  0.002  0.010
   1.69120    -16.254626  0.004  0.005  0.002  0.011
   1.71116    -16.252631  0.003  0.005  0.002  0.010
   1.73112    -16.250776  0.003  0.005  0.002  0.009
   1.75108    -16.249135  0.002  0.005  0.001  0.009
   1.77103    -16.247793  0.001  0.006  0.001  0.009
   1.79099    -16.246860  0.000  0.007  0.001  0.008
   1.81095    -16.246426  0.000  0.006  0.001  0.008
   1.83091    -16.246335  0.000  0.006  0.001  0.008
 
# Band-Index:   14
   1.83091    -16.245254  0.000  0.006  0.001  0.008
   1.81095    -16.245353  0.000  0.006  0.001  0.008
   1.79099    -16.245528  0.000  0.007  0.001  0.008
   1.77103    -16.245722  0.000  0.006  0.001  0.008
   1.75108    -16.246121  0.001  0.005  0.001  0.007
   1.73112    -16.246893  0.001  0.005  0.001  0.007
   1.71116    -16.248125  0.002  0.005  0.001  0.008
   1.69120    -16.249839  0.003  0.005  0.001  0.009
   1.67125    -16.251999  0.003  0.005  0.001  0.009
   1.65129    -16.254526  0.003  0.005  0.001  0.009
   1.63133    -16.257309  0.004  0.004  0.001  0.010
   1.61137    -16.260209  0.004  0.004  0.001  0.010
   1.59142    -16.263063  0.004  0.004  0.001  0.010
   1.57146    -16.265671  0.003  0.004  0.001  0.009
   1.55150    -16.267843  0.002  0.004  0.001  0.009
   1.53154    -16.269594  0.002  0.004  0.001  0.008
   1.51159    -16.271028  0.001  0.004  0.001  0.006
   1.49163    -16.272146  0.000  0.004  0.001  0.005
   1.47167    -16.272881  0.000  0.004  0.001  0.006
   1.45171    -16.273143  0.000  0.004  0.001  0.006
   1.45171    -16.273143  0.000  0.004  0.001  0.006
   1.42349    -16.273332  0.000  0.004  0.001  0.006
   1.39526    -16.273902  0.000  0.004  0.001  0.006
   1.36704    -16.274855  0.000  0.004  0.001  0.006
   1.33882    -16.276195  0.000  0.004  0.001  0.006
   1.31059    -16.277926  0.000  0.004  0.001  0.006
   1.28237    -16.280058  0.000  0.004  0.001  0.006
   1.25414    -16.282603  0.000  0.004  0.001  0.006
   1.22592    -16.285577  0.000  0.005  0.001  0.006
   1.19769    -16.289001  0.000  0.005  0.001  0.006
   1.16947    -16.292903  0.000  0.005  0.001  0.006
   1.14125    -16.297309  0.000  0.005  0.001  0.006
   1.11302    -16.299900  0.004  0.000  0.000  0.004
   1.08480    -16.286661  0.004  0.000  0.000  0.004
   1.05657    -16.272923  0.003  0.000  0.000  0.003
   1.02835    -16.258998  0.002  0.000  0.000  0.002
   1.00013    -16.245251  0.002  0.000  0.000  0.002
   0.97190    -16.232376  0.001  0.000  0.000  0.001
   0.94368    -16.221980  0.000  0.000  0.000  0.000
   0.91545    -16.217570  0.000  0.000  0.000  0.000
   0.91545    -16.217570  0.000  0.000  0.000  0.000
   0.89550    -16.217554  0.000  0.000  0.000  0.000
   0.87554    -16.217506  0.000  0.000  0.000  0.000
   0.85558    -16.217429  0.000  0.000  0.000  0.000
   0.83562    -16.217328  0.000  0.000  0.000  0.000
   0.81567    -16.217207  0.000  0.000  0.000  0.000
   0.79571    -16.217073  0.000  0.000  0.000  0.000
   0.77575    -16.217987  0.000  0.000  0.000  0.000
   0.75579    -16.217924  0.000  0.000  0.000  0.000
   0.73584    -16.217855  0.000  0.000  0.000  0.000
   0.71588    -16.217784  0.000  0.000  0.000  0.000
   0.69592    -16.217711  0.000  0.000  0.000  0.000
   0.67596    -16.217639  0.000  0.000  0.000  0.000
   0.65600    -16.217571  0.000  0.000  0.000  0.000
   0.63605    -16.217508  0.000  0.000  0.000  0.000
   0.61609    -16.217453  0.000  0.000  0.000  0.000
   0.59613    -16.217408  0.000  0.000  0.000  0.000
   0.57617    -16.217376  0.000  0.000  0.000  0.000
   0.55622    -16.217356  0.000  0.000  0.000  0.000
   0.53626    -16.217351  0.000  0.000  0.000  0.000
   0.53626    -16.217351  0.000  0.000  0.000  0.000
   0.50804    -16.224427  0.000  0.000  0.000  0.000
   0.47981    -16.233772  0.002  0.000  0.000  0.002
   0.45159    -16.239201  0.000  0.005  0.001  0.007
   0.42336    -16.239493  0.000  0.005  0.001  0.007
   0.39514    -16.239854  0.000  0.005  0.001  0.007
   0.36691    -16.240274  0.000  0.005  0.001  0.007
   0.33869    -16.240743  0.000  0.005  0.001  0.007
   0.31047    -16.241247  0.000  0.005  0.001  0.007
   0.28224    -16.241773  0.000  0.005  0.001  0.007
   0.25402    -16.242306  0.000  0.005  0.001  0.007
   0.22579    -16.242831  0.000  0.005  0.001  0.008
   0.19757    -16.243333  0.000  0.006  0.001  0.008
   0.16935    -16.243799  0.000  0.006  0.001  0.008
   0.14112    -16.244217  0.000  0.006  0.001  0.008
   0.11290    -16.244575  0.000  0.006  0.001  0.008
   0.08467    -16.244866  0.000  0.006  0.001  0.008
   0.05645    -16.245080  0.000  0.006  0.001  0.008
   0.02822    -16.245210  0.000  0.006  0.001  0.008
   0.00000    -16.245254  0.000  0.006  0.001  0.008
 
# Band-Index:   15
   0.00000    -16.105684  0.571  0.001  0.003  0.576
   0.02822    -16.106006  0.573  0.001  0.003  0.578
   0.05645    -16.106975  0.580  0.001  0.003  0.585
   0.08467    -16.108599  0.590  0.001  0.003  0.594
   0.11290    -16.110890  0.604  0.003  0.003  0.610
   0.14112    -16.113857  0.620  0.002  0.002  0.626
   0.16935    -16.117504  0.635  0.003  0.003  0.642
   0.19757    -16.121784  0.647  0.005  0.003  0.654
   0.22579    -16.126589  0.657  0.006  0.002  0.666
   0.25402    -16.131796  0.666  0.007  0.002  0.674
   0.28224    -16.137294  0.669  0.008  0.002  0.679
   0.31047    -16.142942  0.666  0.008  0.001  0.677
   0.33869    -16.148580  0.654  0.009  0.001  0.665
   0.36691    -16.154197  0.604  0.009  0.001  0.615
   0.39514    -16.160678  0.393  0.006  0.000  0.399
   0.42336    -16.171157  0.078  0.001  0.000  0.079
   0.45159    -16.185217  0.011  0.000  0.000  0.011
   0.47981    -16.199664  0.002  0.000  0.000  0.002
   0.50804    -16.211908  0.000  0.000  0.000  0.000
   0.53626    -16.215630  0.000  0.000  0.000  0.000
   0.53626    -16.215630  0.000  0.000  0.000  0.000
   0.55622    -16.215641  0.000  0.000  0.000  0.000
   0.57617    -16.215675  0.000  0.000  0.000  0.000
   0.59613    -16.215734  0.000  0.000  0.000  0.000
   0.61609    -16.215815  0.000  0.000  0.000  0.000
   0.63605    -16.215915  0.000  0.000  0.000  0.000
   0.65600    -16.216033  0.000  0.000  0.000  0.000
   0.67596    -16.216166  0.000  0.000  0.000  0.000
   0.69592    -16.216309  0.000  0.000  0.000  0.000
   0.71588    -16.216461  0.000  0.000  0.000  0.000
   0.73584    -16.216616  0.000  0.000  0.000  0.000
   0.75579    -16.216773  0.000  0.000  0.000  0.000
   0.77575    -16.216927  0.000  0.000  0.000  0.000
   0.79571    -16.216312  0.000  0.000  0.000  0.000
   0.81567    -16.208750  0.000  0.000  0.000  0.000
   0.83562    -16.200898  0.000  0.000  0.000  0.000
   0.85558    -16.192823  0.000  0.000  0.000  0.000
   0.87554    -16.184610  0.000  0.000  0.000  0.000
   0.89550    -16.176374  0.000  0.000  0.000  0.000
   0.91545    -16.168522  0.000  0.000  0.000  0.000
   0.91545    -16.168522  0.000  0.000  0.000  0.000
   0.94368    -16.167537  0.662  0.013  0.000  0.675
   0.97190    -16.165050  0.733  0.014  0.000  0.747
   1.00013    -16.161176  0.731  0.014  0.000  0.746
   1.02835    -16.156200  0.716  0.013  0.001  0.730
   1.05657    -16.150448  0.695  0.012  0.001  0.708
   1.08480    -16.144223  0.674  0.011  0.001  0.686
   1.11302    -16.137798  0.653  0.010  0.001  0.664
   1.14125    -16.131395  0.631  0.008  0.002  0.642
   1.16947    -16.125203  0.612  0.007  0.002  0.621
   1.19769    -16.119372  0.591  0.006  0.002  0.599
   1.22592    -16.114015  0.570  0.005  0.002  0.579
   1.25414    -16.109218  0.551  0.004  0.002  0.557
   1.28237    -16.105040  0.530  0.003  0.002  0.536
   1.31059    -16.101518  0.510  0.003  0.003  0.516
   1.33882    -16.098664  0.491  0.002  0.003  0.495
   1.36704    -16.096474  0.475  0.001  0.003  0.479
   1.39526    -16.094932  0.462  0.001  0.003  0.466
   1.42349    -16.094018  0.454  0.001  0.003  0.458
   1.45171    -16.093716  0.451  0.001  0.003  0.455
   1.45171    -16.093716  0.451  0.001  0.003  0.455
   1.47167    -16.094223  0.440  0.001  0.003  0.443
   1.49163    -16.094900  0.433  0.000  0.003  0.436
   1.51159    -16.095534  0.431  0.000  0.002  0.434
   1.53154    -16.096090  0.433  0.000  0.002  0.436
   1.55150    -16.096556  0.439  0.000  0.002  0.443
   1.57146    -16.096936  0.450  0.000  0.002  0.453
   1.59142    -16.097252  0.466  0.000  0.003  0.469
   1.61137    -16.097543  0.487  0.001  0.003  0.490
   1.63133    -16.097869  0.511  0.001  0.003  0.515
   1.65129    -16.098323  0.540  0.001  0.004  0.545
   1.67125    -16.099140  0.566  0.001  0.003  0.571
   1.69120    -16.100290  0.574  0.001  0.004  0.578
   1.71116    -16.101371  0.579  0.001  0.004  0.583
   1.73112    -16.102310  0.586  0.001  0.003  0.590
   1.75108    -16.103175  0.589  0.001  0.003  0.593
   1.77103    -16.104123  0.583  0.001  0.004  0.587
   1.79099    -16.104952  0.576  0.001  0.003  0.580
   1.81095    -16.105496  0.572  0.001  0.003  0.577
   1.83091    -16.105684  0.571  0.001  0.003  0.576
 
# Band-Index:   16
   1.83091    -16.104102  0.603  0.001  0.003  0.608
   1.81095    -16.104030  0.601  0.001  0.003  0.607
   1.79099    -16.103808  0.598  0.001  0.003  0.602
   1.77103    -16.103408  0.594  0.001  0.004  0.598
   1.75108    -16.102734  0.588  0.001  0.003  0.592
   1.73112    -16.101691  0.590  0.001  0.003  0.594
   1.71116    -16.100562  0.589  0.001  0.004  0.593
   1.69120    -16.099544  0.580  0.001  0.004  0.584
   1.67125    -16.098660  0.563  0.001  0.003  0.568
   1.65129    -16.097557  0.562  0.001  0.004  0.567
   1.63133    -16.096219  0.563  0.001  0.003  0.568
   1.61137    -16.094890  0.563  0.001  0.003  0.568
   1.59142    -16.093688  0.562  0.001  0.003  0.567
   1.57146    -16.092718  0.558  0.001  0.003  0.562
   1.55150    -16.092069  0.549  0.001  0.003  0.553
   1.53154    -16.091786  0.531  0.001  0.003  0.535
   1.51159    -16.091855  0.509  0.001  0.003  0.513
   1.49163    -16.092209  0.487  0.001  0.003  0.490
   1.47167    -16.092747  0.466  0.001  0.003  0.470
   1.45171    -16.093216  0.450  0.001  0.003  0.454
   1.45171    -16.093216  0.450  0.001  0.003  0.454
   1.42349    -16.093519  0.453  0.001  0.003  0.457
   1.39526    -16.094436  0.461  0.001  0.003  0.465
   1.36704    -16.095982  0.474  0.001  0.003  0.478
   1.33882    -16.098178  0.491  0.002  0.003  0.495
   1.31059    -16.101040  0.509  0.003  0.003  0.515
   1.28237    -16.104573  0.529  0.003  0.002  0.536
   1.25414    -16.108762  0.550  0.004  0.002  0.556
   1.22592    -16.113574  0.570  0.005  0.002  0.578
   1.19769    -16.118947  0.591  0.006  0.002  0.599
   1.16947    -16.124797  0.611  0.007  0.002  0.620
   1.14125    -16.131009  0.631  0.008  0.002  0.641
   1.11302    -16.137434  0.653  0.010  0.001  0.664
   1.08480    -16.143885  0.674  0.011  0.001  0.685
   1.05657    -16.150135  0.695  0.012  0.001  0.708
   1.02835    -16.155913  0.716  0.013  0.001  0.730
   1.00013    -16.160912  0.732  0.014  0.000  0.746
   0.97190    -16.164804  0.735  0.014  0.000  0.749
   0.94368    -16.167281  0.675  0.013  0.000  0.688
   0.91545    -16.168064  0.000  0.000  0.000  0.000
   0.91545    -16.168064  0.000  0.000  0.000  0.000
   0.89550    -16.167763  0.791  0.016  0.000  0.807
   0.87554    -16.167746  0.791  0.015  0.000  0.807
   0.85558    -16.167719  0.791  0.015  0.000  0.807
   0.83562    -16.167680  0.791  0.015  0.000  0.807
   0.81567    -16.167632  0.791  0.016  0.000  0.807
   0.79571    -16.167578  0.791  0.016  0.000  0.807
   0.77575    -16.171275  0.000  0.000  0.000  0.000
   0.75579    -16.177249  0.000  0.000  0.000  0.000
   0.73584    -16.182938  0.000  0.000  0.000  0.000
   0.71588    -16.188250  0.000  0.000  0.000  0.000
   0.69592    -16.193127  0.000  0.000  0.000  0.000
   0.67596    -16.197522  0.000  0.000  0.000  0.000
   0.65600    -16.201400  0.000  0.000  0.000  0.000
   0.63605    -16.204732  0.000  0.000  0.000  0.000
   0.61609    -16.207492  0.000  0.000  0.000  0.000
   0.59613    -16.209661  0.000  0.000  0.000  0.000
   0.57617    -16.211225  0.000  0.000  0.000  0.000
   0.55622    -16.212168  0.000  0.000  0.000  0.000
   0.53626    -16.212484  0.000  0.000  0.000  0.000
   0.53626    -16.212484  0.000  0.000  0.000  0.000
   0.50804    -16.203072  0.002  0.000  0.000  0.002
   0.47981    -16.191787  0.008  0.000  0.000  0.008
   0.45159    -16.180279  0.034  0.000  0.000  0.035
   0.42336    -16.169150  0.135  0.003  0.000  0.138
   0.39514    -16.159980  0.432  0.007  0.000  0.440
   0.36691    -16.153595  0.627  0.010  0.001  0.638
   0.33869    -16.147973  0.676  0.010  0.001  0.687
   0.31047    -16.142419  0.682  0.008  0.001  0.693
   0.28224    -16.136873  0.676  0.008  0.002  0.687
   0.25402    -16.131422  0.667  0.007  0.002  0.675
   0.22579    -16.126211  0.657  0.006  0.002  0.665
   0.19757    -16.121394  0.646  0.005  0.003  0.653
   0.16935    -16.117063  0.634  0.003  0.003  0.641
   0.14112    -16.113262  0.625  0.002  0.003  0.630
   0.11290    -16.110046  0.617  0.003  0.003  0.622
   0.08467    -16.107480  0.611  0.002  0.003  0.615
   0.05645    -16.105615  0.606  0.001  0.003  0.611
   0.02822    -16.104483  0.604  0.001  0.003  0.609
   0.00000    -16.104102  0.603  0.001  0.003  0.608
 
# Band-Index:   17
   0.00000    -16.085790  0.037  0.000  0.000  0.037
   0.02822    -16.086181  0.036  0.000  0.000  0.036
   0.05645    -16.087341  0.031  0.000  0.000  0.031
   0.08467    -16.089233  0.025  0.000  0.000  0.025
   0.11290    -16.091804  0.017  0.000  0.000  0.017
   0.14112    -16.094983  0.009  0.000  0.000  0.009
   0.16935    -16.098691  0.002  0.000  0.000  0.002
   0.19757    -16.102865  0.000  0.000  0.000  0.000
   0.22579    -16.107462  0.002  0.000  0.000  0.002
   0.25402    -16.112492  0.009  0.000  0.000  0.009
   0.28224    -16.118050  0.022  0.000  0.000  0.022
   0.31047    -16.124377  0.039  0.000  0.000  0.039
   0.33869    -16.131948  0.067  0.001  0.000  0.068
   0.36691    -16.141331  0.131  0.002  0.000  0.133
   0.39514    -16.151549  0.356  0.006  0.000  0.362
   0.42336    -16.158823  0.682  0.012  0.000  0.695
   0.45159    -16.162718  0.759  0.014  0.000  0.773
   0.47981    -16.165093  0.779  0.015  0.000  0.795
   0.50804    -16.166448  0.788  0.016  0.000  0.804
   0.53626    -16.166912  0.791  0.016  0.000  0.807
   0.53626    -16.166912  0.791  0.016  0.000  0.807
   0.55622    -16.166917  0.791  0.016  0.000  0.807
   0.57617    -16.166933  0.791  0.016  0.000  0.807
   0.59613    -16.166962  0.791  0.016  0.000  0.807
   0.61609    -16.167001  0.791  0.016  0.000  0.807
   0.63605    -16.167050  0.791  0.016  0.000  0.807
   0.65600    -16.167106  0.791  0.016  0.000  0.807
   0.67596    -16.167169  0.791  0.016  0.000  0.807
   0.69592    -16.167236  0.791  0.016  0.000  0.807
   0.71588    -16.167306  0.791  0.016  0.000  0.807
   0.73584    -16.167376  0.791  0.016  0.000  0.807
   0.75579    -16.167447  0.791  0.016  0.000  0.807
   0.77575    -16.167515  0.791  0.016  0.000  0.807
   0.79571    -16.167372  0.791  0.016  0.000  0.807
   0.81567    -16.167427  0.791  0.016  0.000  0.807
   0.83562    -16.167474  0.791  0.015  0.000  0.807
   0.85558    -16.167513  0.791  0.015  0.000  0.807
   0.87554    -16.167541  0.791  0.016  0.000  0.807
   0.89550    -16.167558  0.791  0.016  0.000  0.807
   0.91545    -16.167769  0.791  0.016  0.000  0.807
   0.91545    -16.167769  0.791  0.016  0.000  0.807
   0.94368    -16.163730  0.125  0.003  0.000  0.128
   0.97190    -16.154075  0.040  0.001  0.000  0.041
   1.00013    -16.142513  0.021  0.000  0.000  0.022
   1.02835    -16.130830  0.013  0.000  0.000  0.013
   1.05657    -16.120294  0.006  0.000  0.000  0.006
   1.08480    -16.111300  0.002  0.000  0.000  0.002
   1.11302    -16.103882  0.000  0.000  0.000  0.000
   1.14125    -16.097676  0.001  0.000  0.000  0.001
   1.16947    -16.092334  0.005  0.000  0.000  0.005
   1.19769    -16.087682  0.012  0.000  0.000  0.012
   1.22592    -16.083646  0.021  0.000  0.000  0.021
   1.25414    -16.080182  0.032  0.000  0.000  0.033
   1.28237    -16.077250  0.045  0.000  0.000  0.046
   1.31059    -16.074810  0.059  0.000  0.000  0.060
   1.33882    -16.072829  0.073  0.000  0.000  0.074
   1.36704    -16.071290  0.086  0.000  0.001  0.087
   1.39526    -16.070187  0.098  0.000  0.001  0.098
   1.42349    -16.069544  0.106  0.000  0.001  0.107
   1.45171    -16.069330  0.108  0.000  0.001  0.109
   1.45171    -16.069330  0.108  0.000  0.001  0.109
   1.47167    -16.070283  0.088  0.000  0.000  0.090
   1.49163    -16.071277  0.067  0.000  0.000  0.068
   1.51159    -16.072164  0.044  0.000  0.000  0.044
   1.53154    -16.072821  0.023  0.000  0.000  0.023
   1.55150    -16.073157  0.009  0.000  0.000  0.009
   1.57146    -16.073134  0.002  0.000  0.000  0.002
   1.59142    -16.073231  0.090  0.000  0.000  0.092
   1.61137    -16.075290  0.088  0.000  0.000  0.090
   1.63133    -16.077468  0.066  0.000  0.000  0.068
   1.65129    -16.079547  0.042  0.000  0.000  0.042
   1.67125    -16.081392  0.021  0.000  0.000  0.021
   1.69120    -16.082900  0.006  0.000  0.000  0.006
   1.71116    -16.084028  0.000  0.000  0.000  0.000
   1.73112    -16.084798  0.004  0.000  0.000  0.004
   1.75108    -16.085280  0.012  0.000  0.000  0.012
   1.77103    -16.085558  0.022  0.000  0.000  0.022
   1.79099    -16.085704  0.030  0.000  0.000  0.030
   1.81095    -16.085771  0.035  0.000  0.000  0.035
   1.83091    -16.085790  0.037  0.000  0.000  0.037
 
# Band-Index:   18
   1.83091    -16.058104  0.000  0.000  0.000  0.000
   1.81095    -16.058558  0.002  0.000  0.000  0.002
   1.79099    -16.059703  0.004  0.000  0.000  0.004
   1.77103    -16.061189  0.006  0.000  0.000  0.006
   1.75108    -16.062788  0.010  0.000  0.000  0.010
   1.73112    -16.064386  0.012  0.000  0.000  0.012
   1.71116    -16.065931  0.014  0.000  0.000  0.014
   1.69120    -16.067395  0.015  0.000  0.000  0.015
   1.67125    -16.068761  0.015  0.000  0.000  0.015
   1.65129    -16.070009  0.012  0.000  0.000  0.012
   1.63133    -16.071110  0.008  0.000  0.000  0.008
   1.61137    -16.072024  0.004  0.000  0.000  0.004
   1.59142    -16.072626  0.018  0.000  0.000  0.018
   1.57146    -16.071167  0.122  0.000  0.000  0.124
   1.55150    -16.069597  0.134  0.000  0.000  0.136
   1.53154    -16.068512  0.140  0.000  0.000  0.142
   1.51159    -16.067995  0.139  0.000  0.000  0.141
   1.49163    -16.068028  0.132  0.000  0.000  0.135
   1.47167    -16.068513  0.122  0.000  0.000  0.124
   1.45171    -16.069299  0.107  0.000  0.001  0.108
   1.45171    -16.069299  0.107  0.000  0.001  0.108
   1.42349    -16.069521  0.105  0.000  0.001  0.106
   1.39526    -16.070185  0.099  0.000  0.001  0.099
   1.36704    -16.071246  0.088  0.000  0.001  0.089
   1.33882    -16.072723  0.075  0.000  0.000  0.076
   1.31059    -16.074620  0.060  0.000  0.000  0.061
   1.28237    -16.076953  0.046  0.000  0.000  0.047
   1.25414    -16.079758  0.033  0.000  0.000  0.034
   1.22592    -16.083081  0.022  0.000  0.000  0.022
   1.19769    -16.086975  0.012  0.000  0.000  0.012
   1.16947    -16.091503  0.006  0.000  0.000  0.006
   1.14125    -16.096776  0.001  0.000  0.000  0.001
   1.11302    -16.103025  0.000  0.000  0.000  0.000
   1.08480    -16.110659  0.002  0.000  0.000  0.002
   1.05657    -16.119995  0.007  0.000  0.000  0.007
   1.02835    -16.130814  0.012  0.000  0.000  0.012
   1.00013    -16.142286  0.020  0.000  0.000  0.021
   0.97190    -16.153726  0.038  0.001  0.000  0.039
   0.94368    -16.163338  0.111  0.002  0.000  0.113
   0.91545    -16.167563  0.791  0.016  0.000  0.807
   0.91545    -16.167563  0.791  0.016  0.000  0.807
   0.89550    -16.160740  0.000  0.000  0.000  0.000
   0.87554    -16.154620  0.000  0.000  0.000  0.000
   0.85558    -16.151986  0.000  0.000  0.000  0.000
   0.83562    -16.154192  0.000  0.000  0.000  0.000
   0.81567    -16.159216  0.000  0.000  0.000  0.000
   0.79571    -16.165163  0.000  0.000  0.000  0.000
   0.77575    -16.167309  0.791  0.016  0.000  0.807
   0.75579    -16.167241  0.791  0.016  0.000  0.807
   0.73584    -16.167171  0.791  0.016  0.000  0.807
   0.71588    -16.167100  0.791  0.016  0.000  0.807
   0.69592    -16.167030  0.791  0.016  0.000  0.807
   0.67596    -16.166963  0.791  0.016  0.000  0.807
   0.65600    -16.166900  0.791  0.016  0.000  0.807
   0.63605    -16.166844  0.791  0.016  0.000  0.807
   0.61609    -16.166795  0.791  0.016  0.000  0.807
   0.59613    -16.166756  0.791  0.016  0.000  0.807
   0.57617    -16.166728  0.791  0.016  0.000  0.807
   0.55622    -16.166711  0.791  0.016  0.000  0.807
   0.53626    -16.166706  0.791  0.016  0.000  0.807
   0.53626    -16.166706  0.791  0.016  0.000  0.807
   0.50804    -16.166216  0.788  0.016  0.000  0.804
   0.47981    -16.164655  0.775  0.015  0.000  0.790
   0.45159    -16.161922  0.741  0.014  0.000  0.755
   0.42336    -16.157650  0.627  0.011  0.000  0.639
   0.39514    -16.150468  0.318  0.005  0.000  0.324
   0.36691    -16.140119  0.109  0.002  0.000  0.111
   0.33869    -16.128935  0.042  0.000  0.000  0.043
   0.31047    -16.117640  0.019  0.000  0.000  0.019
   0.28224    -16.106665  0.009  0.000  0.000  0.009
   0.25402    -16.096242  0.004  0.000  0.000  0.004
   0.22579    -16.086530  0.002  0.000  0.000  0.002
   0.19757    -16.077664  0.000  0.000  0.000  0.000
   0.16935    -16.069756  0.000  0.000  0.000  0.000
   0.14112    -16.062900  0.000  0.000  0.000  0.000
   0.11290    -16.057581  0.000  0.000  0.000  0.000
   0.08467    -16.057804  0.000  0.000  0.000  0.000
   0.05645    -16.057970  0.000  0.000  0.000  0.000
   0.02822    -16.058070  0.000  0.000  0.000  0.000
   0.00000    -16.058104  0.000  0.000  0.000  0.000
 
# Band-Index:   19
   0.00000    -16.046765  0.002  0.000  0.000  0.002
   0.02822    -16.047426  0.001  0.000  0.000  0.001
   0.05645    -16.049399  0.000  0.000  0.000  0.000
   0.08467    -16.052663  0.000  0.000  0.000  0.000
   0.11290    -16.057181  0.000  0.000  0.000  0.000
   0.14112    -16.057308  0.000  0.000  0.000  0.000
   0.16935    -16.056989  0.000  0.000  0.000  0.000
   0.19757    -16.056633  0.000  0.000  0.000  0.000
   0.22579    -16.056249  0.000  0.000  0.000  0.000
   0.25402    -16.058313  0.000  0.000  0.000  0.000
   0.28224    -16.071255  0.000  0.000  0.000  0.000
   0.31047    -16.084403  0.000  0.000  0.000  0.000
   0.33869    -16.097016  0.000  0.000  0.000  0.000
   0.36691    -16.108099  0.002  0.000  0.000  0.002
   0.39514    -16.116920  0.004  0.000  0.000  0.004
   0.42336    -16.123543  0.005  0.000  0.000  0.005
   0.45159    -16.128412  0.005  0.000  0.000  0.005
   0.47981    -16.131828  0.004  0.000  0.000  0.004
   0.50804    -16.133887  0.000  0.000  0.000  0.000
   0.53626    -16.134577  0.000  0.000  0.000  0.000
   0.53626    -16.134577  0.000  0.000  0.000  0.000
   0.55622    -16.134270  0.000  0.000  0.000  0.000
   0.57617    -16.133350  0.000  0.000  0.000  0.000
   0.59613    -16.131823  0.000  0.000  0.000  0.000
   0.61609    -16.129699  0.000  0.000  0.000  0.000
   0.63605    -16.126991  0.000  0.000  0.000  0.000
   0.65600    -16.123714  0.000  0.000  0.000  0.000
   0.67596    -16.119888  0.000  0.000  0.000  0.000
   0.69592    -16.115535  0.000  0.000  0.000  0.000
   0.71588    -16.110683  0.000  0.000  0.000  0.000
   0.73584    -16.105358  0.000  0.000  0.000  0.000
   0.75579    -16.099596  0.000  0.000  0.000  0.000
   0.77575    -16.103147  0.000  0.000  0.000  0.000
   0.79571    -16.110376  0.000  0.000  0.000  0.000
   0.81567    -16.117411  0.000  0.000  0.000  0.000
   0.83562    -16.123484  0.000  0.000  0.000  0.000
   0.85558    -16.126682  0.000  0.000  0.000  0.000
   0.87554    -16.124969  0.000  0.000  0.000  0.000
   0.89550    -16.119688  0.000  0.000  0.000  0.000
   0.91545    -16.113123  0.000  0.000  0.000  0.000
   0.91545    -16.113123  0.000  0.000  0.000  0.000
   0.94368    -16.112533  0.000  0.000  0.000  0.000
   0.97190    -16.110760  0.001  0.000  0.000  0.001
   1.00013    -16.107799  0.003  0.000  0.000  0.003
   1.02835    -16.103635  0.005  0.000  0.000  0.005
   1.05657    -16.098506  0.009  0.000  0.000  0.009
   1.08480    -16.092146  0.014  0.000  0.000  0.014
   1.11302    -16.084835  0.018  0.000  0.000  0.018
   1.14125    -16.077256  0.020  0.000  0.000  0.020
   1.16947    -16.070047  0.021  0.000  0.000  0.021
   1.19769    -16.063509  0.020  0.000  0.000  0.020
   1.22592    -16.057694  0.020  0.000  0.000  0.020
   1.25414    -16.052556  0.019  0.000  0.000  0.019
   1.28237    -16.048053  0.017  0.000  0.000  0.017
   1.31059    -16.044174  0.016  0.000  0.000  0.016
   1.33882    -16.040955  0.016  0.000  0.000  0.016
   1.36704    -16.038482  0.016  0.000  0.000  0.016
   1.39526    -16.036685  0.015  0.000  0.000  0.015
   1.42349    -16.035594  0.015  0.000  0.000  0.015
   1.45171    -16.035229  0.015  0.000  0.000  0.015
   1.45171    -16.035229  0.015  0.000  0.000  0.015
   1.47167    -16.036891  0.010  0.000  0.000  0.010
   1.49163    -16.038424  0.005  0.000  0.000  0.006
   1.51159    -16.039545  0.002  0.000  0.000  0.002
   1.53154    -16.040119  0.000  0.000  0.000  0.000
   1.55150    -16.040087  0.000  0.000  0.000  0.000
   1.57146    -16.039483  0.002  0.000  0.000  0.002
   1.59142    -16.038397  0.004  0.000  0.000  0.004
   1.61137    -16.036935  0.006  0.000  0.000  0.006
   1.63133    -16.035192  0.007  0.000  0.000  0.007
   1.65129    -16.033255  0.007  0.000  0.000  0.007
   1.67125    -16.032276  0.007  0.000  0.000  0.007
   1.69120    -16.034154  0.005  0.000  0.000  0.005
   1.71116    -16.036237  0.003  0.000  0.000  0.003
   1.73112    -16.038441  0.002  0.000  0.000  0.002
   1.75108    -16.040681  0.000  0.000  0.000  0.000
   1.77103    -16.042849  0.000  0.000  0.000  0.000
   1.79099    -16.044782  0.000  0.000  0.000  0.000
   1.81095    -16.046214  0.000  0.000  0.000  0.000
   1.83091    -16.046765  0.002  0.000  0.000  0.002
 
# Band-Index:   20
   1.83091    -16.018417  0.000  0.000  0.000  0.000
   1.81095    -16.018737  0.000  0.000  0.000  0.000
   1.79099    -16.019649  0.000  0.000  0.000  0.000
   1.77103    -16.021041  0.002  0.000  0.000  0.002
   1.75108    -16.022780  0.002  0.000  0.000  0.002
   1.73112    -16.024751  0.004  0.000  0.000  0.004
   1.71116    -16.026855  0.004  0.000  0.000  0.004
   1.69120    -16.029014  0.006  0.000  0.000  0.006
   1.67125    -16.031144  0.006  0.000  0.000  0.006
   1.65129    -16.030598  0.009  0.000  0.000  0.009
   1.63133    -16.029273  0.011  0.000  0.000  0.011
   1.61137    -16.028309  0.014  0.000  0.000  0.014
   1.59142    -16.027756  0.016  0.000  0.000  0.016
   1.57146    -16.027649  0.018  0.000  0.000  0.018
   1.55150    -16.028001  0.019  0.000  0.000  0.019
   1.53154    -16.028798  0.020  0.000  0.000  0.020
   1.51159    -16.029998  0.020  0.000  0.000  0.020
   1.49163    -16.031524  0.019  0.000  0.000  0.019
   1.47167    -16.033272  0.017  0.000  0.000  0.017
   1.45171    -16.035001  0.014  0.000  0.000  0.014
   1.45171    -16.035001  0.014  0.000  0.000  0.014
   1.42349    -16.035378  0.014  0.000  0.000  0.014
   1.39526    -16.036507  0.014  0.000  0.000  0.014
   1.36704    -16.038369  0.015  0.000  0.000  0.015
   1.33882    -16.040936  0.015  0.000  0.000  0.015
   1.31059    -16.044068  0.017  0.000  0.000  0.017
   1.28237    -16.047790  0.018  0.000  0.000  0.018
   1.25414    -16.052107  0.019  0.000  0.000  0.019
   1.22592    -16.057040  0.020  0.000  0.000  0.020
   1.19769    -16.062655  0.021  0.000  0.000  0.021
   1.16947    -16.069030  0.020  0.000  0.000  0.020
   1.14125    -16.076159  0.020  0.000  0.000  0.020
   1.11302    -16.083801  0.018  0.000  0.000  0.018
   1.08480    -16.091371  0.014  0.000  0.000  0.014
   1.05657    -16.098122  0.010  0.000  0.000  0.010
   1.02835    -16.103611  0.006  0.000  0.000  0.006
   1.00013    -16.107572  0.003  0.000  0.000  0.003
   0.97190    -16.110382  0.001  0.000  0.000  0.001
   0.94368    -16.112077  0.000  0.000  0.000  0.000
   0.91545    -16.112643  0.000  0.000  0.000  0.000
   0.91545    -16.112643  0.000  0.000  0.000  0.000
   0.89550    -16.105457  0.000  0.000  0.000  0.000
   0.87554    -16.097779  0.000  0.000  0.000  0.000
   0.85558    -16.090025  0.000  0.000  0.000  0.000
   0.83562    -16.082321  0.000  0.000  0.000  0.000
   0.81567    -16.080074  0.000  0.000  0.000  0.000
   0.79571    -16.086902  0.000  0.000  0.000  0.000
   0.77575    -16.093430  0.000  0.000  0.000  0.000
   0.75579    -16.096046  0.000  0.000  0.000  0.000
   0.73584    -16.089246  0.000  0.000  0.000  0.000
   0.71588    -16.082850  0.000  0.000  0.000  0.000
   0.69592    -16.076942  0.000  0.000  0.000  0.000
   0.67596    -16.071587  0.000  0.000  0.000  0.000
   0.65600    -16.066837  0.000  0.000  0.000  0.000
   0.63605    -16.062740  0.000  0.000  0.000  0.000
   0.61609    -16.059335  0.000  0.000  0.000  0.000
   0.59613    -16.056653  0.000  0.000  0.000  0.000
   0.57617    -16.054720  0.000  0.000  0.000  0.000
   0.55622    -16.053556  0.000  0.000  0.000  0.000
   0.53626    -16.053167  0.000  0.000  0.000  0.000
   0.53626    -16.053167  0.000  0.000  0.000  0.000
   0.50804    -16.053200  0.000  0.000  0.000  0.000
   0.47981    -16.053299  0.000  0.000  0.000  0.000
   0.45159    -16.053464  0.000  0.000  0.000  0.000
   0.42336    -16.053688  0.000  0.000  0.000  0.000
   0.39514    -16.053965  0.000  0.000  0.000  0.000
   0.36691    -16.054286  0.000  0.000  0.000  0.000
   0.33869    -16.054645  0.000  0.000  0.000  0.000
   0.31047    -16.055033  0.000  0.000  0.000  0.000
   0.28224    -16.055437  0.000  0.000  0.000  0.000
   0.25402    -16.055846  0.000  0.000  0.000  0.000
   0.22579    -16.046044  0.000  0.000  0.000  0.000
   0.19757    -16.034749  0.000  0.000  0.000  0.000
   0.16935    -16.024638  0.000  0.000  0.000  0.000
   0.14112    -16.017649  0.000  0.000  0.000  0.000
   0.11290    -16.017915  0.000  0.000  0.000  0.000
   0.08467    -16.018130  0.000  0.000  0.000  0.000
   0.05645    -16.018288  0.000  0.000  0.000  0.000
   0.02822    -16.018384  0.000  0.000  0.000  0.000
   0.00000    -16.018417  0.000  0.000  0.000  0.000
 
# Band-Index:   21
   0.00000    -15.995210  0.000  0.000  0.000  0.000
   0.02822    -15.996056  0.000  0.000  0.000  0.000
   0.05645    -15.998582  0.000  0.000  0.000  0.000
   0.08467    -16.002760  0.000  0.000  0.000  0.000
   0.11290    -16.008543  0.000  0.000  0.000  0.000
   0.14112    -16.015865  0.000  0.000  0.000  0.000
   0.16935    -16.017340  0.000  0.000  0.000  0.000
   0.19757    -16.016996  0.000  0.000  0.000  0.000
   0.22579    -16.016626  0.000  0.000  0.000  0.000
   0.25402    -16.016239  0.000  0.000  0.000  0.000
   0.28224    -16.015845  0.000  0.000  0.000  0.000
   0.31047    -16.015458  0.000  0.000  0.000  0.000
   0.33869    -16.015085  0.000  0.000  0.000  0.000
   0.36691    -16.014739  0.000  0.000  0.000  0.000
   0.39514    -16.014430  0.000  0.000  0.000  0.000
   0.42336    -16.014164  0.000  0.000  0.000  0.000
   0.45159    -16.013949  0.000  0.000  0.000  0.000
   0.47981    -16.013792  0.000  0.000  0.000  0.000
   0.50804    -16.013696  0.000  0.000  0.000  0.000
   0.53626    -16.013665  0.000  0.000  0.000  0.000
   0.53626    -16.013665  0.000  0.000  0.000  0.000
   0.55622    -16.014021  0.000  0.000  0.000  0.000
   0.57617    -16.015088  0.000  0.000  0.000  0.000
   0.59613    -16.016858  0.000  0.000  0.000  0.000
   0.61609    -16.019317  0.000  0.000  0.000  0.000
   0.63605    -16.022443  0.000  0.000  0.000  0.000
   0.65600    -16.026210  0.000  0.000  0.000  0.000
   0.67596    -16.030588  0.000  0.000  0.000  0.000
   0.69592    -16.035538  0.000  0.000  0.000  0.000
   0.71588    -16.041020  0.000  0.000  0.000  0.000
   0.73584    -16.046987  0.000  0.000  0.000  0.000
   0.75579    -16.053395  0.000  0.000  0.000  0.000
   0.77575    -16.060187  0.000  0.000  0.000  0.000
   0.79571    -16.067305  0.000  0.000  0.000  0.000
   0.81567    -16.074663  0.000  0.000  0.000  0.000
   0.83562    -16.072868  0.000  0.000  0.000  0.000
   0.85558    -16.065507  0.000  0.000  0.000  0.000
   0.87554    -16.057944  0.000  0.000  0.000  0.000
   0.89550    -16.050242  0.000  0.000  0.000  0.000
   0.91545    -16.042458  0.000  0.000  0.000  0.000
   0.91545    -16.042458  0.000  0.000  0.000  0.000
   0.94368    -16.042251  0.000  0.000  0.000  0.000
   0.97190    -16.041630  0.000  0.000  0.000  0.000
   1.00013    -16.040571  0.000  0.000  0.000  0.000
   1.02835    -16.039001  0.000  0.000  0.000  0.000
   1.05657    -16.036836  0.000  0.000  0.000  0.000
   1.08480    -16.033969  0.000  0.000  0.000  0.000
   1.11302    -16.030297  0.000  0.000  0.000  0.000
   1.14125    -16.025769  0.000  0.000  0.000  0.000
   1.16947    -16.020448  0.000  0.000  0.000  0.000
   1.19769    -16.014535  0.000  0.000  0.000  0.000
   1.22592    -16.008332  0.000  0.000  0.000  0.000
   1.25414    -16.002171  0.000  0.000  0.000  0.000
   1.28237    -15.996351  0.000  0.000  0.000  0.000
   1.31059    -15.991111  0.000  0.000  0.000  0.000
   1.33882    -15.986625  0.000  0.000  0.000  0.000
   1.36704    -15.983034  0.001  0.000  0.000  0.001
   1.39526    -15.980425  0.001  0.000  0.000  0.001
   1.42349    -15.978839  0.001  0.000  0.000  0.001
   1.45171    -15.978308  0.001  0.000  0.000  0.001
   1.45171    -15.978308  0.001  0.000  0.000  0.001
   1.47167    -15.978940  0.000  0.000  0.000  0.000
   1.49163    -15.979529  0.002  0.000  0.000  0.002
   1.51159    -15.980095  0.002  0.000  0.000  0.002
   1.53154    -15.980675  0.002  0.000  0.000  0.002
   1.55150    -15.981298  0.002  0.000  0.000  0.002
   1.57146    -15.981989  0.002  0.000  0.000  0.002
   1.59142    -15.982765  0.002  0.000  0.000  0.002
   1.61137    -15.983636  0.002  0.000  0.000  0.002
   1.63133    -15.984609  0.002  0.000  0.000  0.002
   1.65129    -15.985684  0.002  0.000  0.000  0.002
   1.67125    -15.986856  0.000  0.000  0.000  0.000
   1.69120    -15.988112  0.000  0.000  0.000  0.000
   1.71116    -15.989429  0.000  0.000  0.000  0.000
   1.73112    -15.990771  0.000  0.000  0.000  0.000
   1.75108    -15.992086  0.000  0.000  0.000  0.000
   1.77103    -15.993296  0.000  0.000  0.000  0.000
   1.79099    -15.994298  0.000  0.000  0.000  0.000
   1.81095    -15.994971  0.000  0.000  0.000  0.000
   1.83091    -15.995210  0.000  0.000  0.000  0.000
 
# Band-Index:   22
   1.83091    -15.948193  0.000  0.000  0.000  0.000
   1.81095    -15.948384  0.000  0.000  0.000  0.000
   1.79099    -15.948951  0.000  0.000  0.000  0.000
   1.77103    -15.949881  0.000  0.000  0.000  0.000
   1.75108    -15.951153  0.000  0.000  0.000  0.000
   1.73112    -15.952738  0.000  0.000  0.000  0.000
   1.71116    -15.954598  0.000  0.000  0.000  0.000
   1.69120    -15.956688  0.000  0.000  0.000  0.000
   1.67125    -15.958951  0.000  0.000  0.000  0.000
   1.65129    -15.961326  0.000  0.000  0.000  0.000
   1.63133    -15.963745  0.000  0.000  0.000  0.000
   1.61137    -15.966133  0.000  0.000  0.000  0.000
   1.59142    -15.968418  0.000  0.000  0.000  0.000
   1.57146    -15.970533  0.000  0.000  0.000  0.000
   1.55150    -15.972427  0.000  0.000  0.000  0.000
   1.53154    -15.974068  0.000  0.000  0.000  0.000
   1.51159    -15.975450  0.000  0.000  0.000  0.000
   1.49163    -15.976587  0.000  0.000  0.000  0.000
   1.47167    -15.977517  0.000  0.000  0.000  0.000
   1.45171    -15.978263  0.001  0.000  0.000  0.001
   1.45171    -15.978263  0.001  0.000  0.000  0.001
   1.42349    -15.978799  0.001  0.000  0.000  0.001
   1.39526    -15.980397  0.001  0.000  0.000  0.001
   1.36704    -15.983025  0.001  0.000  0.000  0.001
   1.33882    -15.986606  0.000  0.000  0.000  0.000
   1.31059    -15.991054  0.000  0.000  0.000  0.000
   1.28237    -15.996248  0.000  0.000  0.000  0.000
   1.25414    -16.002015  0.000  0.000  0.000  0.000
   1.22592    -16.008119  0.000  0.000  0.000  0.000
   1.19769    -16.014272  0.000  0.000  0.000  0.000
   1.16947    -16.020155  0.000  0.000  0.000  0.000
   1.14125    -16.025474  0.000  0.000  0.000  0.000
   1.11302    -16.030033  0.000  0.000  0.000  0.000
   1.08480    -16.033757  0.000  0.000  0.000  0.000
   1.05657    -16.036684  0.000  0.000  0.000  0.000
   1.02835    -16.038907  0.000  0.000  0.000  0.000
   1.00013    -16.040525  0.000  0.000  0.000  0.000
   0.97190    -16.041619  0.000  0.000  0.000  0.000
   0.94368    -16.042241  0.000  0.000  0.000  0.000
   0.91545    -16.042440  0.000  0.000  0.000  0.000
   0.91545    -16.042440  0.000  0.000  0.000  0.000
   0.89550    -16.034621  0.000  0.000  0.000  0.000
   0.87554    -16.026809  0.000  0.000  0.000  0.000
   0.85558    -16.019070  0.000  0.000  0.000  0.000
   0.83562    -16.011456  0.000  0.000  0.000  0.000
   0.81567    -16.004021  0.000  0.000  0.000  0.000
   0.79571    -15.996819  0.000  0.000  0.000  0.000
   0.77575    -15.989902  0.000  0.000  0.000  0.000
   0.75579    -15.983320  0.000  0.000  0.000  0.000
   0.73584    -15.977125  0.000  0.000  0.000  0.000
   0.71588    -15.971367  0.000  0.000  0.000  0.000
   0.69592    -15.966084  0.000  0.000  0.000  0.000
   0.67596    -15.961320  0.000  0.000  0.000  0.000
   0.65600    -15.957110  0.000  0.000  0.000  0.000
   0.63605    -15.953489  0.000  0.000  0.000  0.000
   0.61609    -15.950486  0.000  0.000  0.000  0.000
   0.59613    -15.948125  0.000  0.000  0.000  0.000
   0.57617    -15.946426  0.000  0.000  0.000  0.000
   0.55622    -15.945402  0.000  0.000  0.000  0.000
   0.53626    -15.945061  0.000  0.000  0.000  0.000
   0.53626    -15.945061  0.000  0.000  0.000  0.000
   0.50804    -15.945080  0.000  0.000  0.000  0.000
   0.47981    -15.945142  0.000  0.000  0.000  0.000
   0.45159    -15.945244  0.000  0.000  0.000  0.000
   0.42336    -15.945385  0.000  0.000  0.000  0.000
   0.39514    -15.945562  0.000  0.000  0.000  0.000
   0.36691    -15.945767  0.000  0.000  0.000  0.000
   0.33869    -15.945997  0.000  0.000  0.000  0.000
   0.31047    -15.946242  0.000  0.000  0.000  0.000
   0.28224    -15.946496  0.000  0.000  0.000  0.000
   0.25402    -15.946756  0.000  0.000  0.000  0.000
   0.22579    -15.947011  0.000  0.000  0.000  0.000
   0.19757    -15.947256  0.000  0.000  0.000  0.000
   0.16935    -15.947483  0.000  0.000  0.000  0.000
   0.14112    -15.947687  0.000  0.000  0.000  0.000
   0.11290    -15.947862  0.000  0.000  0.000  0.000
   0.08467    -15.948005  0.000  0.000  0.000  0.000
   0.05645    -15.948110  0.000  0.000  0.000  0.000
   0.02822    -15.948172  0.000  0.000  0.000  0.000
   0.00000    -15.948193  0.000  0.000  0.000  0.000
 
# Band-Index:   23
   0.00000    -10.255948  0.011  0.727  0.000  0.740
   0.02822    -10.256016  0.011  0.727  0.000  0.739
   0.05645    -10.256217  0.012  0.726  0.000  0.738
   0.08467    -10.256554  0.012  0.725  0.000  0.738
   0.11290    -10.257039  0.013  0.721  0.000  0.735
   0.14112    -10.257718  0.015  0.716  0.000  0.731
   0.16935    -10.258724  0.018  0.707  0.000  0.725
   0.19757    -10.260449  0.023  0.686  0.000  0.709
   0.22579    -10.264057  0.034  0.638  0.000  0.673
   0.25402    -10.273013  0.058  0.511  0.000  0.570
   0.28224    -10.293880  0.083  0.310  0.000  0.392
   0.31047    -10.326306  0.094  0.174  0.000  0.267
   0.33869    -10.362833  0.095  0.109  0.000  0.203
   0.36691    -10.398564  0.093  0.078  0.000  0.172
   0.39514    -10.431043  0.092  0.062  0.000  0.154
   0.42336    -10.458901  0.092  0.051  0.000  0.144
   0.45159    -10.481281  0.091  0.044  0.000  0.136
   0.47981    -10.497621  0.091  0.041  0.000  0.133
   0.50804    -10.507566  0.091  0.039  0.000  0.130
   0.53626    -10.510904  0.091  0.038  0.000  0.129
   0.53626    -10.510904  0.091  0.038  0.000  0.129
   0.55622    -10.509431  0.091  0.038  0.000  0.129
   0.57617    -10.505021  0.091  0.039  0.000  0.131
   0.59613    -10.497705  0.091  0.040  0.000  0.133
   0.61609    -10.487526  0.092  0.042  0.000  0.135
   0.63605    -10.474549  0.093  0.044  0.000  0.138
   0.65600    -10.458861  0.094  0.047  0.000  0.142
   0.67596    -10.440575  0.095  0.051  0.000  0.147
   0.69592    -10.419836  0.096  0.058  0.000  0.155
   0.71588    -10.396834  0.098  0.067  0.000  0.165
   0.73584    -10.371828  0.098  0.080  0.000  0.180
   0.75579    -10.345176  0.100  0.097  0.000  0.199
   0.77575    -10.317415  0.101  0.126  0.000  0.227
   0.79571    -10.289392  0.098  0.172  0.000  0.272
   0.81567    -10.262459  0.091  0.243  0.000  0.335
   0.83562    -10.244472  0.000  0.757  0.000  0.757
   0.85558    -10.244440  0.000  0.758  0.000  0.758
   0.87554    -10.244416  0.000  0.758  0.000  0.758
   0.89550    -10.244402  0.000  0.758  0.000  0.758
   0.91545    -10.244397  0.000  0.758  0.000  0.758
   0.91545    -10.244397  0.000  0.758  0.000  0.758
   0.94368    -10.244466  0.000  0.758  0.000  0.758
   0.97190    -10.244663  0.000  0.757  0.000  0.757
   1.00013    -10.244957  0.000  0.756  0.000  0.756
   1.02835    -10.245313  0.000  0.756  0.000  0.756
   1.05657    -10.245694  0.000  0.755  0.000  0.755
   1.08480    -10.246069  0.000  0.755  0.000  0.755
   1.11302    -10.246411  0.000  0.754  0.000  0.754
   1.14125    -10.246696  0.000  0.754  0.000  0.754
   1.16947    -10.246906  0.000  0.753  0.000  0.753
   1.19769    -10.247029  0.000  0.753  0.000  0.753
   1.22592    -10.247061  0.000  0.753  0.000  0.753
   1.25414    -10.247005  0.000  0.752  0.000  0.752
   1.28237    -10.246872  0.000  0.752  0.000  0.752
   1.31059    -10.246683  0.000  0.752  0.000  0.752
   1.33882    -10.246465  0.000  0.752  0.000  0.752
   1.36704    -10.246248  0.000  0.751  0.000  0.751
   1.39526    -10.246065  0.000  0.751  0.000  0.751
   1.42349    -10.245943  0.000  0.751  0.000  0.751
   1.45171    -10.245900  0.000  0.751  0.000  0.751
   1.45171    -10.245900  0.000  0.751  0.000  0.751
   1.47167    -10.245964  0.000  0.751  0.000  0.751
   1.49163    -10.246155  0.000  0.750  0.000  0.751
   1.51159    -10.246469  0.001  0.750  0.000  0.751
   1.53154    -10.246898  0.001  0.749  0.000  0.750
   1.55150    -10.247433  0.001  0.748  0.000  0.750
   1.57146    -10.248060  0.002  0.747  0.000  0.749
   1.59142    -10.248765  0.003  0.745  0.000  0.748
   1.61137    -10.249530  0.004  0.743  0.000  0.747
   1.63133    -10.250336  0.004  0.741  0.000  0.746
   1.65129    -10.251162  0.005  0.740  0.000  0.745
   1.67125    -10.251987  0.006  0.738  0.000  0.745
   1.69120    -10.252787  0.008  0.736  0.000  0.744
   1.71116    -10.253539  0.009  0.733  0.000  0.742
   1.73112    -10.254223  0.009  0.732  0.000  0.742
   1.75108    -10.254815  0.010  0.730  0.000  0.741
   1.77103    -10.255298  0.011  0.729  0.000  0.740
   1.79099    -10.255655  0.011  0.728  0.000  0.739
   1.81095    -10.255874  0.011  0.728  0.000  0.740
   1.83091    -10.255948  0.011  0.727  0.000  0.740
 
# Band-Index:   24
   1.83091    -10.254536  0.011  0.727  0.000  0.739
   1.81095    -10.254462  0.011  0.728  0.000  0.740
   1.79099    -10.254242  0.011  0.728  0.000  0.739
   1.77103    -10.253884  0.011  0.729  0.000  0.740
   1.75108    -10.253401  0.010  0.730  0.000  0.740
   1.73112    -10.252807  0.010  0.732  0.000  0.742
   1.71116    -10.252121  0.009  0.733  0.000  0.742
   1.69120    -10.251366  0.008  0.736  0.000  0.744
   1.67125    -10.250564  0.006  0.738  0.000  0.745
   1.65129    -10.249738  0.005  0.740  0.000  0.745
   1.63133    -10.248910  0.004  0.741  0.000  0.746
   1.61137    -10.248102  0.004  0.743  0.000  0.747
   1.59142    -10.247337  0.003  0.745  0.000  0.748
   1.57146    -10.246631  0.002  0.747  0.000  0.749
   1.55150    -10.246004  0.001  0.748  0.000  0.750
   1.53154    -10.245469  0.001  0.749  0.000  0.750
   1.51159    -10.245040  0.001  0.750  0.000  0.751
   1.49163    -10.244726  0.000  0.750  0.000  0.750
   1.47167    -10.244534  0.000  0.751  0.000  0.751
   1.45171    -10.244470  0.000  0.751  0.000  0.751
   1.45171    -10.244470  0.000  0.751  0.000  0.751
   1.42349    -10.244513  0.000  0.751  0.000  0.751
   1.39526    -10.244636  0.000  0.751  0.000  0.751
   1.36704    -10.244819  0.000  0.751  0.000  0.751
   1.33882    -10.245036  0.000  0.752  0.000  0.752
   1.31059    -10.245255  0.000  0.752  0.000  0.752
   1.28237    -10.245444  0.000  0.752  0.000  0.752
   1.25414    -10.245577  0.000  0.752  0.000  0.752
   1.22592    -10.245633  0.000  0.753  0.000  0.753
   1.19769    -10.245602  0.000  0.753  0.000  0.753
   1.16947    -10.245478  0.000  0.753  0.000  0.753
   1.14125    -10.245268  0.000  0.754  0.000  0.754
   1.11302    -10.244983  0.000  0.754  0.000  0.754
   1.08480    -10.244641  0.000  0.754  0.000  0.755
   1.05657    -10.244266  0.000  0.755  0.000  0.755
   1.02835    -10.243884  0.000  0.756  0.000  0.756
   1.00013    -10.243529  0.000  0.756  0.000  0.756
   0.97190    -10.243234  0.000  0.757  0.000  0.757
   0.94368    -10.243038  0.000  0.758  0.000  0.758
   0.91545    -10.242968  0.000  0.758  0.000  0.758
   0.91545    -10.242968  0.000  0.758  0.000  0.758
   0.89550    -10.242973  0.000  0.758  0.000  0.758
   0.87554    -10.242987  0.000  0.758  0.000  0.758
   0.85558    -10.243010  0.000  0.758  0.000  0.758
   0.83562    -10.243040  0.000  0.757  0.000  0.757
   0.81567    -10.244511  0.000  0.757  0.000  0.757
   0.79571    -10.255764  0.140  0.343  0.000  0.483
   0.77575    -10.273401  0.163  0.294  0.000  0.456
   0.75579    -10.291428  0.180  0.257  0.000  0.436
   0.73584    -10.309243  0.192  0.226  0.000  0.418
   0.71588    -10.326371  0.202  0.202  0.000  0.404
   0.69592    -10.342443  0.210  0.186  0.000  0.395
   0.67596    -10.357171  0.215  0.172  0.000  0.386
   0.65600    -10.370325  0.219  0.162  0.000  0.381
   0.63605    -10.381728  0.222  0.152  0.000  0.373
   0.61609    -10.391236  0.224  0.146  0.000  0.369
   0.59613    -10.398739  0.225  0.142  0.000  0.367
   0.57617    -10.404154  0.227  0.138  0.000  0.365
   0.55622    -10.407426  0.227  0.138  0.000  0.365
   0.53626    -10.408522  0.227  0.136  0.000  0.363
   0.53626    -10.408522  0.227  0.136  0.000  0.363
   0.50804    -10.405600  0.227  0.140  0.000  0.366
   0.47981    -10.396958  0.223  0.147  0.000  0.371
   0.45159    -10.382975  0.219  0.161  0.000  0.380
   0.42336    -10.364353  0.209  0.184  0.000  0.394
   0.39514    -10.342256  0.199  0.220  0.000  0.418
   0.36691    -10.318557  0.177  0.280  0.000  0.456
   0.33869    -10.296144  0.145  0.370  0.000  0.515
   0.31047    -10.278719  0.102  0.489  0.000  0.591
   0.28224    -10.268270  0.063  0.594  0.000  0.658
   0.25402    -10.262932  0.040  0.657  0.000  0.695
   0.22579    -10.260088  0.027  0.687  0.000  0.714
   0.19757    -10.258341  0.021  0.702  0.000  0.723
   0.16935    -10.257134  0.017  0.711  0.000  0.729
   0.14112    -10.256261  0.015  0.718  0.000  0.733
   0.11290    -10.255617  0.013  0.722  0.000  0.736
   0.08467    -10.255140  0.012  0.725  0.000  0.738
   0.05645    -10.254805  0.012  0.726  0.000  0.738
   0.02822    -10.254604  0.012  0.727  0.000  0.739
   0.00000    -10.254536  0.011  0.727  0.000  0.739
 
# Band-Index:   25
   0.00000    -10.189892  0.000  0.760  0.000  0.760
   0.02822    -10.189952  0.000  0.760  0.000  0.760
   0.05645    -10.190163  0.001  0.758  0.000  0.759
   0.08467    -10.190621  0.001  0.756  0.000  0.758
   0.11290    -10.191509  0.003  0.751  0.000  0.754
   0.14112    -10.193159  0.005  0.741  0.000  0.746
   0.16935    -10.196185  0.009  0.724  0.000  0.733
   0.19757    -10.201687  0.015  0.690  0.000  0.705
   0.22579    -10.211262  0.021  0.634  0.000  0.657
   0.25402    -10.225037  0.018  0.602  0.000  0.621
   0.28224    -10.236918  0.005  0.662  0.000  0.667
   0.31047    -10.242779  0.000  0.710  0.000  0.710
   0.33869    -10.245300  0.001  0.725  0.000  0.726
   0.36691    -10.246439  0.003  0.729  0.000  0.732
   0.39514    -10.246948  0.006  0.725  0.000  0.731
   0.42336    -10.247149  0.011  0.715  0.000  0.726
   0.45159    -10.247204  0.019  0.696  0.000  0.715
   0.47981    -10.247222  0.040  0.643  0.000  0.684
   0.50804    -10.247309  0.095  0.499  0.000  0.596
   0.53626    -10.247449  0.161  0.332  0.000  0.493
   0.53626    -10.247449  0.161  0.332  0.000  0.493
   0.55622    -10.246826  0.159  0.334  0.000  0.495
   0.57617    -10.244969  0.157  0.337  0.000  0.495
   0.59613    -10.244930  0.000  0.753  0.000  0.754
   0.61609    -10.244913  0.000  0.754  0.000  0.754
   0.63605    -10.244890  0.000  0.754  0.000  0.754
   0.65600    -10.244862  0.000  0.754  0.000  0.754
   0.67596    -10.244828  0.000  0.754  0.000  0.754
   0.69592    -10.244789  0.000  0.755  0.000  0.755
   0.71588    -10.244746  0.000  0.755  0.000  0.755
   0.73584    -10.244699  0.000  0.755  0.000  0.756
   0.75579    -10.244651  0.000  0.756  0.000  0.756
   0.77575    -10.244602  0.000  0.756  0.000  0.756
   0.79571    -10.244555  0.000  0.757  0.000  0.757
   0.81567    -10.243076  0.000  0.757  0.000  0.757
   0.83562    -10.238578  0.075  0.343  0.000  0.419
   0.85558    -10.219827  0.051  0.454  0.000  0.506
   0.87554    -10.207198  0.024  0.549  0.000  0.575
   0.89550    -10.200271  0.007  0.606  0.000  0.612
   0.91545    -10.198120  0.000  0.624  0.000  0.624
   0.91545    -10.198120  0.000  0.624  0.000  0.624
   0.94368    -10.197603  0.000  0.628  0.000  0.628
   0.97190    -10.196160  0.000  0.639  0.000  0.639
   1.00013    -10.194083  0.000  0.654  0.000  0.655
   1.02835    -10.191739  0.000  0.671  0.000  0.672
   1.05657    -10.189469  0.000  0.689  0.000  0.690
   1.08480    -10.187517  0.000  0.704  0.000  0.704
   1.11302    -10.186017  0.000  0.717  0.000  0.717
   1.14125    -10.185010  0.000  0.727  0.000  0.727
   1.16947    -10.184475  0.000  0.736  0.000  0.736
   1.19769    -10.184355  0.000  0.742  0.000  0.742
   1.22592    -10.184576  0.000  0.747  0.000  0.747
   1.25414    -10.185054  0.000  0.751  0.000  0.751
   1.28237    -10.185706  0.000  0.754  0.000  0.754
   1.31059    -10.186444  0.000  0.757  0.000  0.757
   1.33882    -10.187187  0.000  0.759  0.000  0.759
   1.36704    -10.187859  0.000  0.760  0.000  0.760
   1.39526    -10.188393  0.000  0.761  0.000  0.761
   1.42349    -10.188737  0.000  0.762  0.000  0.762
   1.45171    -10.188855  0.000  0.762  0.000  0.762
   1.45171    -10.188855  0.000  0.762  0.000  0.762
   1.47167    -10.188862  0.000  0.762  0.000  0.762
   1.49163    -10.188883  0.000  0.762  0.000  0.762
   1.51159    -10.188917  0.000  0.762  0.000  0.762
   1.53154    -10.188964  0.000  0.762  0.000  0.762
   1.55150    -10.189022  0.000  0.762  0.000  0.762
   1.57146    -10.189090  0.000  0.762  0.000  0.762
   1.59142    -10.189165  0.000  0.762  0.000  0.762
   1.61137    -10.189246  0.000  0.761  0.000  0.761
   1.63133    -10.189331  0.000  0.761  0.000  0.761
   1.65129    -10.189417  0.000  0.761  0.000  0.761
   1.67125    -10.189501  0.000  0.761  0.000  0.761
   1.69120    -10.189582  0.000  0.761  0.000  0.761
   1.71116    -10.189657  0.000  0.761  0.000  0.761
   1.73112    -10.189725  0.000  0.761  0.000  0.761
   1.75108    -10.189783  0.000  0.761  0.000  0.761
   1.77103    -10.189829  0.000  0.761  0.000  0.761
   1.79099    -10.189864  0.000  0.760  0.000  0.760
   1.81095    -10.189885  0.000  0.760  0.000  0.760
   1.83091    -10.189892  0.000  0.760  0.000  0.760
 
# Band-Index:   26
   1.83091    -10.188551  0.000  0.760  0.000  0.760
   1.81095    -10.188544  0.000  0.760  0.000  0.760
   1.79099    -10.188523  0.000  0.760  0.000  0.760
   1.77103    -10.188488  0.000  0.760  0.000  0.761
   1.75108    -10.188441  0.000  0.761  0.000  0.761
   1.73112    -10.188384  0.000  0.761  0.000  0.761
   1.71116    -10.188316  0.000  0.761  0.000  0.761
   1.69120    -10.188241  0.000  0.761  0.000  0.761
   1.67125    -10.188160  0.000  0.761  0.000  0.761
   1.65129    -10.188075  0.000  0.761  0.000  0.761
   1.63133    -10.187989  0.000  0.761  0.000  0.761
   1.61137    -10.187905  0.000  0.761  0.000  0.761
   1.59142    -10.187824  0.000  0.762  0.000  0.762
   1.57146    -10.187748  0.000  0.762  0.000  0.762
   1.55150    -10.187681  0.000  0.762  0.000  0.762
   1.53154    -10.187623  0.000  0.762  0.000  0.762
   1.51159    -10.187576  0.000  0.762  0.000  0.762
   1.49163    -10.187541  0.000  0.762  0.000  0.762
   1.47167    -10.187520  0.000  0.762  0.000  0.762
   1.45171    -10.187513  0.000  0.762  0.000  0.762
   1.45171    -10.187513  0.000  0.762  0.000  0.762
   1.42349    -10.187395  0.000  0.762  0.000  0.762
   1.39526    -10.187051  0.000  0.761  0.000  0.761
   1.36704    -10.186516  0.000  0.760  0.000  0.760
   1.33882    -10.185844  0.000  0.759  0.000  0.759
   1.31059    -10.185099  0.000  0.757  0.000  0.757
   1.28237    -10.184360  0.000  0.754  0.000  0.754
   1.25414    -10.183707  0.000  0.751  0.000  0.751
   1.22592    -10.183226  0.000  0.747  0.000  0.747
   1.19769    -10.183003  0.000  0.742  0.000  0.742
   1.16947    -10.183119  0.000  0.736  0.000  0.736
   1.14125    -10.183650  0.000  0.727  0.000  0.727
   1.11302    -10.184651  0.000  0.717  0.000  0.717
   1.08480    -10.186142  0.000  0.704  0.000  0.704
   1.05657    -10.188084  0.000  0.689  0.000  0.690
   1.02835    -10.190344  0.000  0.672  0.000  0.673
   1.00013    -10.192676  0.000  0.654  0.000  0.655
   0.97190    -10.194743  0.000  0.640  0.000  0.640
   0.94368    -10.196179  0.000  0.629  0.000  0.629
   0.91545    -10.196693  0.000  0.625  0.000  0.625
   0.91545    -10.196693  0.000  0.625  0.000  0.625
   0.89550    -10.198531  0.007  0.613  0.000  0.619
   0.87554    -10.203919  0.024  0.578  0.000  0.603
   0.85558    -10.212698  0.050  0.526  0.000  0.578
   0.83562    -10.224643  0.082  0.464  0.000  0.546
   0.81567    -10.239244  0.113  0.401  0.000  0.514
   0.79571    -10.243118  0.000  0.757  0.000  0.757
   0.77575    -10.243161  0.000  0.757  0.000  0.757
   0.75579    -10.243207  0.000  0.756  0.000  0.756
   0.73584    -10.243251  0.000  0.756  0.000  0.756
   0.71588    -10.243294  0.000  0.755  0.000  0.755
   0.69592    -10.243333  0.000  0.755  0.000  0.755
   0.67596    -10.243368  0.000  0.755  0.000  0.755
   0.65600    -10.243398  0.000  0.754  0.000  0.754
   0.63605    -10.243423  0.000  0.754  0.000  0.754
   0.61609    -10.243443  0.000  0.755  0.000  0.755
   0.59613    -10.243459  0.000  0.754  0.000  0.754
   0.57617    -10.244942  0.000  0.754  0.000  0.754
   0.55622    -10.244950  0.000  0.754  0.000  0.754
   0.53626    -10.244952  0.000  0.753  0.000  0.753
   0.53626    -10.244952  0.000  0.753  0.000  0.753
   0.50804    -10.244459  0.011  0.723  0.000  0.734
   0.47981    -10.244197  0.003  0.742  0.000  0.745
   0.45159    -10.243971  0.001  0.747  0.000  0.748
   0.42336    -10.243534  0.001  0.747  0.000  0.748
   0.39514    -10.242636  0.003  0.743  0.000  0.746
   0.36691    -10.240817  0.005  0.734  0.000  0.739
   0.33869    -10.237178  0.013  0.711  0.000  0.724
   0.31047    -10.230441  0.026  0.678  0.000  0.704
   0.28224    -10.220768  0.033  0.661  0.000  0.695
   0.25402    -10.210953  0.029  0.673  0.000  0.705
   0.22579    -10.203154  0.021  0.699  0.000  0.721
   0.19757    -10.197658  0.013  0.720  0.000  0.733
   0.16935    -10.193980  0.009  0.734  0.000  0.743
   0.14112    -10.191592  0.005  0.745  0.000  0.750
   0.11290    -10.190118  0.003  0.751  0.000  0.754
   0.08467    -10.189270  0.001  0.756  0.000  0.758
   0.05645    -10.188820  0.001  0.758  0.000  0.759
   0.02822    -10.188611  0.000  0.760  0.000  0.760
   0.00000    -10.188551  0.000  0.760  0.000  0.760
 
# Band-Index:   27
   0.00000    -10.136053  0.000  0.768  0.000  0.768
   0.02822    -10.136361  0.000  0.768  0.000  0.768
   0.05645    -10.137279  0.000  0.768  0.000  0.768
   0.08467    -10.138780  0.000  0.768  0.000  0.768
   0.11290    -10.140824  0.000  0.767  0.000  0.767
   0.14112    -10.143354  0.000  0.766  0.000  0.766
   0.16935    -10.146302  0.000  0.765  0.000  0.765
   0.19757    -10.149586  0.000  0.764  0.000  0.764
   0.22579    -10.153117  0.000  0.763  0.000  0.763
   0.25402    -10.156797  0.000  0.762  0.000  0.762
   0.28224    -10.160526  0.000  0.761  0.000  0.761
   0.31047    -10.169736  0.005  0.545  0.000  0.550
   0.33869    -10.181086  0.018  0.557  0.000  0.576
   0.36691    -10.192373  0.037  0.539  0.000  0.578
   0.39514    -10.204249  0.063  0.505  0.000  0.568
   0.42336    -10.216315  0.087  0.470  0.000  0.558
   0.45159    -10.227491  0.103  0.452  0.000  0.557
   0.47981    -10.236488  0.101  0.479  0.000  0.580
   0.50804    -10.242069  0.050  0.624  0.000  0.674
   0.53626    -10.243478  0.000  0.754  0.000  0.754
   0.53626    -10.243478  0.000  0.754  0.000  0.754
   0.55622    -10.243475  0.000  0.754  0.000  0.754
   0.57617    -10.243469  0.000  0.754  0.000  0.754
   0.59613    -10.241908  0.153  0.342  0.000  0.495
   0.61609    -10.237693  0.147  0.349  0.000  0.496
   0.63605    -10.232394  0.139  0.358  0.000  0.497
   0.65600    -10.226098  0.129  0.369  0.000  0.498
   0.67596    -10.218907  0.117  0.383  0.000  0.500
   0.69592    -10.210930  0.103  0.396  0.000  0.499
   0.71588    -10.202271  0.085  0.413  0.000  0.500
   0.73584    -10.193013  0.067  0.427  0.000  0.494
   0.75579    -10.183167  0.047  0.439  0.000  0.486
   0.77575    -10.173863  0.000  0.756  0.000  0.757
   0.79571    -10.173126  0.001  0.756  0.000  0.757
   0.81567    -10.172467  0.001  0.756  0.000  0.757
   0.83562    -10.171905  0.001  0.756  0.000  0.757
   0.85558    -10.171452  0.001  0.756  0.000  0.757
   0.87554    -10.171121  0.001  0.756  0.000  0.757
   0.89550    -10.170919  0.001  0.756  0.000  0.757
   0.91545    -10.170851  0.001  0.756  0.000  0.757
   0.91545    -10.170851  0.001  0.756  0.000  0.757
   0.94368    -10.170692  0.002  0.755  0.000  0.758
   0.97190    -10.170182  0.003  0.754  0.000  0.757
   1.00013    -10.169248  0.005  0.753  0.000  0.758
   1.02835    -10.167826  0.005  0.752  0.000  0.759
   1.05657    -10.165893  0.006  0.752  0.000  0.759
   1.08480    -10.163477  0.007  0.753  0.000  0.761
   1.11302    -10.160640  0.006  0.754  0.000  0.762
   1.14125    -10.157472  0.006  0.756  0.000  0.763
   1.16947    -10.154076  0.006  0.757  0.000  0.764
   1.19769    -10.150563  0.005  0.759  0.000  0.765
   1.22592    -10.147044  0.005  0.761  0.000  0.766
   1.25414    -10.143630  0.004  0.763  0.000  0.767
   1.28237    -10.140427  0.004  0.764  0.000  0.768
   1.31059    -10.137533  0.004  0.766  0.000  0.770
   1.33882    -10.135036  0.003  0.767  0.000  0.770
   1.36704    -10.133011  0.003  0.768  0.000  0.771
   1.39526    -10.131520  0.003  0.769  0.000  0.772
   1.42349    -10.130607  0.003  0.769  0.000  0.772
   1.45171    -10.130299  0.003  0.769  0.000  0.772
   1.45171    -10.130299  0.003  0.769  0.000  0.772
   1.47167    -10.130338  0.003  0.769  0.000  0.772
   1.49163    -10.130452  0.003  0.769  0.000  0.772
   1.51159    -10.130639  0.003  0.769  0.000  0.772
   1.53154    -10.130894  0.003  0.769  0.000  0.772
   1.55150    -10.131211  0.002  0.769  0.000  0.772
   1.57146    -10.131582  0.002  0.769  0.000  0.771
   1.59142    -10.131996  0.002  0.769  0.000  0.771
   1.61137    -10.132443  0.002  0.769  0.000  0.771
   1.63133    -10.132911  0.002  0.768  0.000  0.770
   1.65129    -10.133386  0.001  0.768  0.000  0.769
   1.67125    -10.133857  0.001  0.768  0.000  0.770
   1.69120    -10.134309  0.001  0.768  0.000  0.770
   1.71116    -10.134731  0.001  0.769  0.000  0.770
   1.73112    -10.135111  0.000  0.769  0.000  0.770
   1.75108    -10.135437  0.000  0.769  0.000  0.769
   1.77103    -10.135700  0.000  0.769  0.000  0.769
   1.79099    -10.135894  0.000  0.768  0.000  0.768
   1.81095    -10.136013  0.000  0.768  0.000  0.768
   1.83091    -10.136053  0.000  0.768  0.000  0.768
 
# Band-Index:   28
   1.83091    -10.134694  0.000  0.768  0.000  0.768
   1.81095    -10.134654  0.000  0.768  0.000  0.768
   1.79099    -10.134536  0.000  0.768  0.000  0.768
   1.77103    -10.134342  0.000  0.768  0.000  0.769
   1.75108    -10.134078  0.000  0.769  0.000  0.769
   1.73112    -10.133752  0.000  0.769  0.000  0.770
   1.71116    -10.133373  0.001  0.769  0.000  0.770
   1.69120    -10.132951  0.001  0.768  0.000  0.770
   1.67125    -10.132498  0.001  0.768  0.000  0.770
   1.65129    -10.132028  0.001  0.768  0.000  0.769
   1.63133    -10.131552  0.002  0.768  0.000  0.770
   1.61137    -10.131085  0.002  0.769  0.000  0.771
   1.59142    -10.130638  0.002  0.769  0.000  0.771
   1.57146    -10.130224  0.002  0.769  0.000  0.771
   1.55150    -10.129853  0.002  0.769  0.000  0.772
   1.53154    -10.129536  0.003  0.769  0.000  0.772
   1.51159    -10.129281  0.003  0.769  0.000  0.772
   1.49163    -10.129094  0.003  0.769  0.000  0.772
   1.47167    -10.128980  0.003  0.769  0.000  0.772
   1.45171    -10.128942  0.003  0.769  0.000  0.772
   1.45171    -10.128942  0.003  0.769  0.000  0.772
   1.42349    -10.129249  0.003  0.769  0.000  0.772
   1.39526    -10.130163  0.003  0.769  0.000  0.772
   1.36704    -10.131654  0.003  0.768  0.000  0.771
   1.33882    -10.133680  0.003  0.767  0.000  0.770
   1.31059    -10.136178  0.004  0.766  0.000  0.770
   1.28237    -10.139073  0.004  0.764  0.000  0.768
   1.25414    -10.142277  0.004  0.763  0.000  0.767
   1.22592    -10.145692  0.005  0.761  0.000  0.766
   1.19769    -10.149212  0.005  0.759  0.000  0.765
   1.16947    -10.152727  0.006  0.757  0.000  0.764
   1.14125    -10.156124  0.006  0.756  0.000  0.763
   1.11302    -10.159293  0.006  0.754  0.000  0.762
   1.08480    -10.162130  0.007  0.753  0.000  0.761
   1.05657    -10.164547  0.006  0.752  0.000  0.759
   1.02835    -10.166478  0.006  0.752  0.000  0.759
   1.00013    -10.167899  0.005  0.753  0.000  0.758
   0.97190    -10.168830  0.003  0.754  0.000  0.757
   0.94368    -10.169337  0.002  0.755  0.000  0.757
   0.91545    -10.169495  0.001  0.756  0.000  0.757
   0.91545    -10.169495  0.001  0.756  0.000  0.757
   0.89550    -10.169562  0.001  0.756  0.000  0.757
   0.87554    -10.169765  0.001  0.756  0.000  0.757
   0.85558    -10.170096  0.001  0.756  0.000  0.757
   0.83562    -10.170549  0.001  0.756  0.000  0.757
   0.81567    -10.171111  0.001  0.756  0.000  0.757
   0.79571    -10.171770  0.001  0.756  0.000  0.757
   0.77575    -10.172605  0.027  0.443  0.000  0.470
   0.75579    -10.174661  0.000  0.755  0.000  0.756
   0.73584    -10.175499  0.000  0.755  0.000  0.756
   0.71588    -10.176353  0.000  0.755  0.000  0.756
   0.69592    -10.177200  0.000  0.755  0.000  0.756
   0.67596    -10.178018  0.000  0.755  0.000  0.755
   0.65600    -10.178783  0.000  0.755  0.000  0.755
   0.63605    -10.179473  0.000  0.755  0.000  0.755
   0.61609    -10.180069  0.000  0.754  0.000  0.754
   0.59613    -10.180552  0.000  0.754  0.000  0.754
   0.57617    -10.180908  0.000  0.754  0.000  0.754
   0.55622    -10.181126  0.000  0.754  0.000  0.754
   0.53626    -10.181200  0.000  0.754  0.000  0.754
   0.53626    -10.181200  0.000  0.754  0.000  0.754
   0.50804    -10.180893  0.000  0.754  0.000  0.754
   0.47981    -10.179980  0.000  0.754  0.000  0.754
   0.45159    -10.178488  0.000  0.755  0.000  0.755
   0.42336    -10.176454  0.000  0.755  0.000  0.755
   0.39514    -10.173935  0.000  0.756  0.000  0.756
   0.36691    -10.170999  0.000  0.757  0.000  0.757
   0.33869    -10.167725  0.000  0.758  0.000  0.758
   0.31047    -10.164202  0.000  0.759  0.000  0.759
   0.28224    -10.159171  0.000  0.760  0.000  0.761
   0.25402    -10.155441  0.000  0.762  0.000  0.762
   0.22579    -10.151760  0.000  0.763  0.000  0.763
   0.19757    -10.148229  0.000  0.764  0.000  0.764
   0.16935    -10.144945  0.000  0.765  0.000  0.765
   0.14112    -10.141996  0.000  0.766  0.000  0.766
   0.11290    -10.139466  0.000  0.767  0.000  0.767
   0.08467    -10.137421  0.000  0.768  0.000  0.768
   0.05645    -10.135920  0.000  0.768  0.000  0.768
   0.02822    -10.135003  0.000  0.768  0.000  0.768
   0.00000    -10.134694  0.000  0.768  0.000  0.768
 
# Band-Index:   29
   0.00000    -10.040076  0.000  0.011  0.000  0.011
   0.02822    -10.040325  0.000  0.011  0.000  0.011
   0.05645    -10.041050  0.000  0.011  0.000  0.011
   0.08467    -10.042201  0.000  0.011  0.000  0.011
   0.11290    -10.043714  0.001  0.013  0.000  0.014
   0.14112    -10.045532  0.002  0.014  0.000  0.016
   0.16935    -10.047700  0.003  0.017  0.000  0.020
   0.19757    -10.073866  0.031  0.109  0.000  0.142
   0.22579    -10.108105  0.021  0.208  0.000  0.231
   0.25402    -10.136684  0.006  0.355  0.000  0.361
   0.28224    -10.156213  0.000  0.483  0.000  0.483
   0.31047    -10.162847  0.000  0.759  0.000  0.759
   0.33869    -10.166371  0.000  0.758  0.000  0.758
   0.36691    -10.169645  0.000  0.757  0.000  0.757
   0.39514    -10.172582  0.000  0.756  0.000  0.756
   0.42336    -10.175101  0.000  0.755  0.000  0.755
   0.45159    -10.177135  0.000  0.755  0.000  0.755
   0.47981    -10.178628  0.000  0.754  0.000  0.754
   0.50804    -10.179540  0.000  0.754  0.000  0.754
   0.53626    -10.179847  0.000  0.754  0.000  0.754
   0.53626    -10.179847  0.000  0.754  0.000  0.754
   0.55622    -10.179774  0.000  0.754  0.000  0.754
   0.57617    -10.179555  0.000  0.754  0.000  0.754
   0.59613    -10.179199  0.000  0.754  0.000  0.754
   0.61609    -10.178716  0.000  0.754  0.000  0.754
   0.63605    -10.178120  0.000  0.755  0.000  0.755
   0.65600    -10.177430  0.000  0.755  0.000  0.755
   0.67596    -10.176664  0.000  0.755  0.000  0.755
   0.69592    -10.175846  0.000  0.755  0.000  0.756
   0.71588    -10.174998  0.000  0.755  0.000  0.756
   0.73584    -10.174144  0.000  0.755  0.000  0.756
   0.75579    -10.173306  0.000  0.755  0.000  0.756
   0.77575    -10.172508  0.000  0.756  0.000  0.757
   0.79571    -10.160917  0.010  0.430  0.000  0.440
   0.81567    -10.147213  0.000  0.391  0.000  0.391
   0.83562    -10.130022  0.005  0.319  0.000  0.324
   0.85558    -10.107837  0.027  0.225  0.000  0.252
   0.87554    -10.080498  0.067  0.142  0.000  0.210
   0.89550    -10.050296  0.145  0.078  0.000  0.223
   0.91545    -10.038545  0.000  0.007  0.000  0.007
   0.91545    -10.038545  0.000  0.007  0.000  0.007
   0.94368    -10.038494  0.000  0.008  0.000  0.008
   0.97190    -10.038389  0.000  0.008  0.000  0.008
   1.00013    -10.038218  0.000  0.008  0.000  0.008
   1.02835    -10.037992  0.000  0.008  0.000  0.008
   1.05657    -10.037711  0.000  0.007  0.000  0.007
   1.08480    -10.037356  0.000  0.007  0.000  0.007
   1.11302    -10.036899  0.000  0.006  0.000  0.006
   1.14125    -10.036318  0.000  0.006  0.000  0.006
   1.16947    -10.035605  0.000  0.006  0.000  0.006
   1.19769    -10.034772  0.000  0.005  0.000  0.005
   1.22592    -10.033852  0.000  0.005  0.000  0.005
   1.25414    -10.032888  0.000  0.005  0.000  0.005
   1.28237    -10.031933  0.000  0.005  0.000  0.005
   1.31059    -10.031040  0.000  0.004  0.000  0.004
   1.33882    -10.030254  0.000  0.004  0.000  0.004
   1.36704    -10.029610  0.000  0.004  0.000  0.004
   1.39526    -10.029135  0.000  0.004  0.000  0.004
   1.42349    -10.028845  0.000  0.004  0.000  0.004
   1.45171    -10.028747  0.000  0.004  0.000  0.004
   1.45171    -10.028747  0.000  0.004  0.000  0.004
   1.47167    -10.029176  0.000  0.004  0.000  0.004
   1.49163    -10.029877  0.000  0.004  0.000  0.004
   1.51159    -10.030641  0.000  0.005  0.000  0.005
   1.53154    -10.031440  0.000  0.006  0.000  0.006
   1.55150    -10.032259  0.000  0.006  0.000  0.006
   1.57146    -10.033087  0.000  0.006  0.000  0.006
   1.59142    -10.033913  0.000  0.007  0.000  0.007
   1.61137    -10.034729  0.000  0.008  0.000  0.008
   1.63133    -10.035523  0.000  0.008  0.000  0.008
   1.65129    -10.036285  0.000  0.008  0.000  0.008
   1.67125    -10.037004  0.000  0.009  0.000  0.009
   1.69120    -10.037670  0.000  0.009  0.000  0.009
   1.71116    -10.038273  0.000  0.009  0.000  0.010
   1.73112    -10.038802  0.000  0.010  0.000  0.010
   1.75108    -10.039249  0.000  0.010  0.000  0.010
   1.77103    -10.039606  0.000  0.010  0.000  0.010
   1.79099    -10.039866  0.000  0.011  0.000  0.011
   1.81095    -10.040023  0.000  0.011  0.000  0.011
   1.83091    -10.040076  0.000  0.011  0.000  0.011
 
# Band-Index:   30
   1.83091    -10.032886  0.000  0.001  0.000  0.001
   1.81095    -10.032748  0.000  0.001  0.000  0.001
   1.79099    -10.032336  0.000  0.001  0.000  0.001
   1.77103    -10.031660  0.000  0.001  0.000  0.001
   1.75108    -10.030740  0.000  0.000  0.000  0.000
   1.73112    -10.029607  0.000  0.000  0.000  0.000
   1.71116    -10.028317  0.000  0.000  0.000  0.000
   1.69120    -10.027024  0.000  0.000  0.000  0.000
   1.67125    -10.026091  0.000  0.000  0.000  0.000
   1.65129    -10.025641  0.000  0.000  0.000  0.000
   1.63133    -10.025438  0.000  0.001  0.000  0.001
   1.61137    -10.025376  0.000  0.002  0.000  0.002
   1.59142    -10.025428  0.000  0.002  0.000  0.002
   1.57146    -10.025584  0.000  0.002  0.000  0.002
   1.55150    -10.025837  0.000  0.002  0.000  0.002
   1.53154    -10.026182  0.000  0.002  0.000  0.002
   1.51159    -10.026609  0.000  0.002  0.000  0.002
   1.49163    -10.027106  0.000  0.004  0.000  0.004
   1.47167    -10.027647  0.000  0.004  0.000  0.004
   1.45171    -10.028022  0.000  0.004  0.000  0.004
   1.45171    -10.028022  0.000  0.004  0.000  0.004
   1.42349    -10.028117  0.000  0.004  0.000  0.004
   1.39526    -10.028400  0.000  0.004  0.000  0.004
   1.36704    -10.028862  0.000  0.004  0.000  0.004
   1.33882    -10.029490  0.000  0.004  0.000  0.004
   1.31059    -10.030262  0.000  0.004  0.000  0.004
   1.28237    -10.031144  0.000  0.004  0.000  0.004
   1.25414    -10.032095  0.000  0.005  0.000  0.005
   1.22592    -10.033067  0.000  0.005  0.000  0.005
   1.19769    -10.034008  0.000  0.005  0.000  0.005
   1.16947    -10.034878  0.000  0.005  0.000  0.005
   1.14125    -10.035647  0.000  0.006  0.000  0.006
   1.11302    -10.036305  0.000  0.006  0.000  0.006
   1.08480    -10.036859  0.000  0.007  0.000  0.007
   1.05657    -10.037330  0.000  0.007  0.000  0.007
   1.02835    -10.037735  0.000  0.007  0.000  0.007
   1.00013    -10.038074  0.000  0.007  0.000  0.007
   0.97190    -10.038333  0.000  0.007  0.000  0.007
   0.94368    -10.038492  0.000  0.007  0.000  0.007
   0.91545    -10.038528  0.000  0.008  0.000  0.008
   0.91545    -10.038528  0.000  0.008  0.000  0.008
   0.89550    -10.040084  0.000  0.008  0.000  0.008
   0.87554    -10.045651  0.422  0.154  0.000  0.578
   0.85558    -10.060054  0.318  0.227  0.000  0.546
   0.83562    -10.072651  0.243  0.301  0.000  0.546
   0.81567    -10.082943  0.185  0.372  0.000  0.557
   0.79571    -10.091105  0.141  0.431  0.000  0.572
   0.77575    -10.097537  0.107  0.481  0.000  0.588
   0.75579    -10.102651  0.081  0.518  0.000  0.599
   0.73584    -10.106786  0.063  0.545  0.000  0.609
   0.71588    -10.110184  0.048  0.568  0.000  0.617
   0.69592    -10.113014  0.038  0.583  0.000  0.621
   0.67596    -10.115387  0.030  0.594  0.000  0.624
   0.65600    -10.117373  0.025  0.603  0.000  0.628
   0.63605    -10.119016  0.021  0.610  0.000  0.631
   0.61609    -10.120341  0.018  0.615  0.000  0.633
   0.59613    -10.121363  0.016  0.618  0.000  0.634
   0.57617    -10.122091  0.015  0.620  0.000  0.635
   0.55622    -10.122527  0.013  0.622  0.000  0.635
   0.53626    -10.122672  0.013  0.622  0.000  0.635
   0.53626    -10.122672  0.013  0.622  0.000  0.635
   0.50804    -10.122217  0.014  0.620  0.000  0.635
   0.47981    -10.120827  0.017  0.613  0.000  0.630
   0.45159    -10.118399  0.021  0.599  0.000  0.621
   0.42336    -10.114699  0.028  0.577  0.000  0.606
   0.39514    -10.109294  0.039  0.542  0.000  0.581
   0.36691    -10.101504  0.052  0.489  0.000  0.541
   0.33869    -10.090566  0.067  0.405  0.000  0.472
   0.31047    -10.076736  0.070  0.283  0.000  0.353
   0.28224    -10.064083  0.042  0.135  0.000  0.178
   0.25402    -10.056885  0.016  0.054  0.000  0.070
   0.22579    -10.052873  0.007  0.029  0.000  0.036
   0.19757    -10.049990  0.004  0.021  0.000  0.025
   0.16935    -10.045672  0.022  0.045  0.000  0.069
   0.14112    -10.036966  0.000  0.002  0.000  0.002
   0.11290    -10.035531  0.000  0.002  0.000  0.002
   0.08467    -10.034388  0.000  0.002  0.000  0.002
   0.05645    -10.033558  0.000  0.001  0.000  0.001
   0.02822    -10.033055  0.000  0.001  0.000  0.001
   0.00000    -10.032886  0.000  0.001  0.000  0.001
 
# Band-Index:   31
   0.00000    -10.028192  0.000  0.002  0.000  0.002
   0.02822    -10.028266  0.000  0.002  0.000  0.002
   0.05645    -10.028493  0.000  0.002  0.000  0.002
   0.08467    -10.029057  0.002  0.006  0.000  0.008
   0.11290    -10.030904  0.004  0.009  0.000  0.013
   0.14112    -10.034621  0.008  0.016  0.000  0.024
   0.16935    -10.038661  0.000  0.002  0.000  0.002
   0.19757    -10.040575  0.000  0.002  0.000  0.002
   0.22579    -10.042659  0.000  0.002  0.000  0.002
   0.25402    -10.044856  0.000  0.003  0.000  0.003
   0.28224    -10.047104  0.000  0.003  0.000  0.003
   0.31047    -10.049338  0.000  0.004  0.000  0.004
   0.33869    -10.051494  0.000  0.004  0.000  0.004
   0.36691    -10.053509  0.000  0.004  0.000  0.004
   0.39514    -10.055323  0.000  0.005  0.000  0.005
   0.42336    -10.056886  0.000  0.005  0.000  0.005
   0.45159    -10.058150  0.000  0.005  0.000  0.005
   0.47981    -10.062645  0.223  0.370  0.000  0.593
   0.50804    -10.066827  0.216  0.397  0.000  0.614
   0.53626    -10.068185  0.214  0.405  0.000  0.619
   0.53626    -10.068185  0.214  0.405  0.000  0.619
   0.55622    -10.068099  0.215  0.404  0.000  0.619
   0.57617    -10.067838  0.218  0.400  0.000  0.619
   0.59613    -10.067396  0.222  0.394  0.000  0.616
   0.61609    -10.066760  0.229  0.386  0.000  0.615
   0.63605    -10.065910  0.237  0.376  0.000  0.613
   0.65600    -10.064820  0.248  0.362  0.000  0.611
   0.67596    -10.063457  0.261  0.345  0.000  0.606
   0.69592    -10.061779  0.277  0.323  0.000  0.600
   0.71588    -10.059732  0.295  0.300  0.000  0.595
   0.73584    -10.057264  0.315  0.271  0.000  0.586
   0.75579    -10.054315  0.337  0.239  0.000  0.577
   0.77575    -10.050840  0.360  0.206  0.000  0.568
   0.79571    -10.047871  0.000  0.012  0.000  0.012
   0.81567    -10.046403  0.000  0.011  0.000  0.011
   0.83562    -10.044870  0.000  0.011  0.000  0.011
   0.85558    -10.043290  0.000  0.010  0.000  0.010
   0.87554    -10.041684  0.000  0.009  0.000  0.009
   0.89550    -10.037121  0.000  0.006  0.000  0.006
   0.91545    -10.029969  0.000  0.004  0.000  0.004
   0.91545    -10.029969  0.000  0.004  0.000  0.004
   0.94368    -10.030024  0.000  0.004  0.000  0.004
   0.97190    -10.030046  0.000  0.004  0.000  0.004
   1.00013    -10.029874  0.000  0.004  0.000  0.004
   1.02835    -10.029431  0.000  0.003  0.000  0.003
   1.05657    -10.028686  0.000  0.004  0.000  0.004
   1.08480    -10.027650  0.000  0.003  0.000  0.003
   1.11302    -10.026382  0.000  0.003  0.000  0.003
   1.14125    -10.024969  0.000  0.003  0.000  0.003
   1.16947    -10.023493  0.000  0.003  0.000  0.003
   1.19769    -10.022028  0.000  0.002  0.000  0.002
   1.22592    -10.020548  0.000  0.002  0.000  0.002
   1.25414    -10.019015  0.000  0.002  0.000  0.002
   1.28237    -10.017415  0.000  0.001  0.000  0.001
   1.31059    -10.015767  0.000  0.001  0.000  0.001
   1.33882    -10.014123  0.000  0.001  0.000  0.001
   1.36704    -10.012576  0.000  0.001  0.000  0.001
   1.39526    -10.011262  0.000  0.001  0.000  0.001
   1.42349    -10.010356  0.000  0.001  0.000  0.001
   1.45171    -10.010029  0.000  0.001  0.000  0.001
   1.45171    -10.010029  0.000  0.001  0.000  0.001
   1.47167    -10.010169  0.000  0.001  0.000  0.001
   1.49163    -10.010600  0.000  0.000  0.000  0.000
   1.51159    -10.011349  0.000  0.000  0.000  0.000
   1.53154    -10.012429  0.000  0.000  0.000  0.000
   1.55150    -10.013801  0.000  0.000  0.000  0.000
   1.57146    -10.015393  0.000  0.000  0.000  0.000
   1.59142    -10.017134  0.000  0.000  0.000  0.000
   1.61137    -10.018957  0.000  0.000  0.000  0.000
   1.63133    -10.020797  0.000  0.001  0.000  0.001
   1.65129    -10.022570  0.000  0.002  0.000  0.002
   1.67125    -10.024115  0.000  0.002  0.000  0.002
   1.69120    -10.025140  0.000  0.002  0.000  0.002
   1.71116    -10.025709  0.000  0.002  0.000  0.002
   1.73112    -10.026131  0.000  0.003  0.000  0.003
   1.75108    -10.026498  0.002  0.003  0.000  0.005
   1.77103    -10.027052  0.000  0.001  0.000  0.001
   1.79099    -10.027679  0.000  0.002  0.000  0.002
   1.81095    -10.028063  0.000  0.002  0.000  0.002
   1.83091    -10.028192  0.000  0.002  0.000  0.002
 
# Band-Index:   32
   1.83091    -10.027279  0.002  0.003  0.000  0.005
   1.81095    -10.027223  0.002  0.003  0.000  0.005
   1.79099    -10.027063  0.002  0.003  0.000  0.005
   1.77103    -10.026814  0.002  0.003  0.000  0.005
   1.75108    -10.026198  0.000  0.001  0.000  0.001
   1.73112    -10.025138  0.000  0.001  0.000  0.001
   1.71116    -10.023902  0.000  0.000  0.000  0.000
   1.69120    -10.022522  0.000  0.000  0.000  0.000
   1.67125    -10.021036  0.000  0.000  0.000  0.000
   1.65129    -10.019484  0.000  0.000  0.000  0.000
   1.63133    -10.017910  0.000  0.000  0.000  0.000
   1.61137    -10.016361  0.000  0.000  0.000  0.000
   1.59142    -10.014883  0.000  0.000  0.000  0.000
   1.57146    -10.013523  0.000  0.000  0.000  0.000
   1.55150    -10.012324  0.000  0.000  0.000  0.000
   1.53154    -10.011321  0.000  0.000  0.000  0.000
   1.51159    -10.010541  0.000  0.000  0.000  0.000
   1.49163    -10.010000  0.000  0.001  0.000  0.001
   1.47167    -10.009690  0.000  0.001  0.000  0.001
   1.45171    -10.009591  0.000  0.001  0.000  0.001
   1.45171    -10.009591  0.000  0.001  0.000  0.001
   1.42349    -10.009924  0.000  0.001  0.000  0.001
   1.39526    -10.010852  0.000  0.001  0.000  0.001
   1.36704    -10.012202  0.000  0.001  0.000  0.001
   1.33882    -10.013797  0.000  0.001  0.000  0.001
   1.31059    -10.015497  0.000  0.001  0.000  0.001
   1.28237    -10.017203  0.000  0.001  0.000  0.001
   1.25414    -10.018857  0.000  0.002  0.000  0.002
   1.22592    -10.020440  0.000  0.002  0.000  0.002
   1.19769    -10.021966  0.000  0.002  0.000  0.002
   1.16947    -10.023473  0.000  0.003  0.000  0.003
   1.14125    -10.024959  0.000  0.003  0.000  0.003
   1.11302    -10.026377  0.000  0.003  0.000  0.003
   1.08480    -10.027605  0.000  0.004  0.000  0.004
   1.05657    -10.028556  0.000  0.003  0.000  0.003
   1.02835    -10.029193  0.000  0.004  0.000  0.004
   1.00013    -10.029528  0.000  0.004  0.000  0.004
   0.97190    -10.029616  0.000  0.005  0.000  0.005
   0.94368    -10.029547  0.000  0.005  0.000  0.005
   0.91545    -10.029480  0.000  0.005  0.000  0.005
   0.91545    -10.029480  0.000  0.005  0.000  0.005
   0.89550    -10.031825  0.580  0.087  0.000  0.668
   0.87554    -10.035985  0.000  0.005  0.000  0.005
   0.85558    -10.035371  0.000  0.004  0.000  0.004
   0.83562    -10.037401  0.420  0.102  0.000  0.523
   0.81567    -10.042300  0.404  0.136  0.000  0.542
   0.79571    -10.046823  0.384  0.171  0.000  0.555
   0.77575    -10.049256  0.000  0.012  0.000  0.012
   0.75579    -10.050545  0.000  0.013  0.000  0.013
   0.73584    -10.051727  0.000  0.013  0.000  0.013
   0.71588    -10.052790  0.000  0.013  0.000  0.013
   0.69592    -10.053726  0.000  0.013  0.000  0.013
   0.67596    -10.054529  0.000  0.013  0.000  0.013
   0.65600    -10.055198  0.000  0.013  0.000  0.013
   0.63605    -10.055738  0.000  0.013  0.000  0.013
   0.61609    -10.056817  0.000  0.005  0.000  0.005
   0.59613    -10.058116  0.000  0.005  0.000  0.005
   0.57617    -10.059067  0.000  0.005  0.000  0.005
   0.55622    -10.059647  0.000  0.005  0.000  0.005
   0.53626    -10.059841  0.000  0.005  0.000  0.005
   0.53626    -10.059841  0.000  0.005  0.000  0.005
   0.50804    -10.059650  0.000  0.005  0.000  0.005
   0.47981    -10.059081  0.000  0.005  0.000  0.005
   0.45159    -10.055922  0.009  0.026  0.000  0.035
   0.42336    -10.055137  0.001  0.014  0.000  0.015
   0.39514    -10.054000  0.003  0.016  0.000  0.019
   0.36691    -10.052313  0.006  0.021  0.000  0.027
   0.33869    -10.049638  0.012  0.031  0.000  0.043
   0.31047    -10.044630  0.028  0.058  0.000  0.087
   0.28224    -10.036756  0.000  0.004  0.000  0.004
   0.25402    -10.035191  0.000  0.004  0.000  0.004
   0.22579    -10.033713  0.000  0.004  0.000  0.004
   0.19757    -10.032372  0.000  0.003  0.000  0.003
   0.16935    -10.031204  0.000  0.002  0.000  0.002
   0.14112    -10.030232  0.000  0.002  0.000  0.002
   0.11290    -10.029461  0.000  0.002  0.000  0.002
   0.08467    -10.028886  0.000  0.002  0.000  0.002
   0.05645    -10.028004  0.002  0.004  0.000  0.006
   0.02822    -10.027451  0.002  0.003  0.000  0.005
   0.00000    -10.027279  0.002  0.003  0.000  0.005
 
# Band-Index:   33
   0.00000    -10.013841  0.000  0.000  0.000  0.000
   0.02822    -10.013797  0.000  0.000  0.000  0.000
   0.05645    -10.013703  0.000  0.000  0.000  0.000
   0.08467    -10.013738  0.000  0.002  0.000  0.002
   0.11290    -10.014591  0.000  0.003  0.000  0.003
   0.14112    -10.015586  0.000  0.002  0.000  0.002
   0.16935    -10.019038  0.004  0.002  0.000  0.006
   0.19757    -10.025415  0.001  0.004  0.000  0.006
   0.22579    -10.028706  0.000  0.004  0.000  0.004
   0.25402    -10.030675  0.000  0.004  0.000  0.004
   0.28224    -10.034177  0.056  0.084  0.000  0.143
   0.31047    -10.038355  0.000  0.005  0.000  0.005
   0.33869    -10.039931  0.000  0.006  0.000  0.006
   0.36691    -10.041427  0.000  0.006  0.000  0.006
   0.39514    -10.042792  0.000  0.006  0.000  0.006
   0.42336    -10.045632  0.198  0.231  0.000  0.430
   0.45159    -10.055403  0.217  0.309  0.000  0.527
   0.47981    -10.056390  0.000  0.012  0.000  0.012
   0.50804    -10.056662  0.000  0.011  0.000  0.011
   0.53626    -10.056749  0.000  0.011  0.000  0.011
   0.53626    -10.056749  0.000  0.011  0.000  0.011
   0.55622    -10.056716  0.000  0.011  0.000  0.011
   0.57617    -10.056611  0.000  0.012  0.000  0.012
   0.59613    -10.056422  0.000  0.012  0.000  0.012
   0.61609    -10.056129  0.000  0.012  0.000  0.012
   0.63605    -10.055178  0.000  0.004  0.000  0.004
   0.65600    -10.053275  0.000  0.002  0.000  0.002
   0.67596    -10.051132  0.000  0.002  0.000  0.002
   0.69592    -10.048814  0.000  0.002  0.000  0.002
   0.71588    -10.046392  0.000  0.000  0.000  0.000
   0.73584    -10.043954  0.000  0.000  0.000  0.000
   0.75579    -10.041605  0.000  0.000  0.000  0.000
   0.77575    -10.039463  0.000  0.000  0.000  0.000
   0.79571    -10.037650  0.000  0.001  0.000  0.001
   0.81567    -10.036282  0.000  0.002  0.000  0.002
   0.83562    -10.035478  0.000  0.003  0.000  0.003
   0.85558    -10.032376  0.427  0.072  0.000  0.500
   0.87554    -10.029974  0.000  0.004  0.000  0.004
   0.89550    -10.029982  0.000  0.004  0.000  0.004
   0.91545    -10.028083  0.237  0.019  0.000  0.256
   0.91545    -10.028083  0.237  0.019  0.000  0.256
   0.94368    -10.027139  0.034  0.003  0.000  0.037
   0.97190    -10.026495  0.001  0.000  0.000  0.001
   1.00013    -10.026043  0.000  0.000  0.000  0.000
   1.02835    -10.025580  0.000  0.000  0.000  0.000
   1.05657    -10.025031  0.000  0.001  0.000  0.001
   1.08480    -10.024347  0.000  0.001  0.000  0.001
   1.11302    -10.023482  0.000  0.001  0.000  0.001
   1.14125    -10.022378  0.000  0.001  0.000  0.001
   1.16947    -10.020976  0.000  0.002  0.000  0.002
   1.19769    -10.019260  0.000  0.002  0.000  0.002
   1.22592    -10.017300  0.000  0.001  0.000  0.001
   1.25414    -10.015206  0.000  0.001  0.000  0.001
   1.28237    -10.013085  0.000  0.001  0.000  0.001
   1.31059    -10.011038  0.000  0.002  0.000  0.002
   1.33882    -10.009180  0.000  0.002  0.000  0.002
   1.36704    -10.007642  0.000  0.003  0.000  0.003
   1.39526    -10.006558  0.000  0.003  0.000  0.003
   1.42349    -10.006078  0.000  0.004  0.000  0.004
   1.45171    -10.005952  0.000  0.004  0.000  0.004
   1.45171    -10.005952  0.000  0.004  0.000  0.004
   1.47167    -10.006573  0.000  0.004  0.000  0.004
   1.49163    -10.007299  0.000  0.004  0.000  0.004
   1.51159    -10.007987  0.000  0.005  0.000  0.005
   1.53154    -10.008579  0.000  0.006  0.000  0.006
   1.55150    -10.009068  0.000  0.006  0.000  0.006
   1.57146    -10.009475  0.000  0.006  0.000  0.006
   1.59142    -10.009819  0.000  0.006  0.000  0.006
   1.61137    -10.010109  0.000  0.006  0.000  0.006
   1.63133    -10.010350  0.000  0.006  0.000  0.006
   1.65129    -10.010542  0.000  0.006  0.000  0.006
   1.67125    -10.010958  0.000  0.000  0.000  0.000
   1.69120    -10.011605  0.000  0.000  0.000  0.000
   1.71116    -10.012181  0.000  0.000  0.000  0.000
   1.73112    -10.012677  0.000  0.000  0.000  0.000
   1.75108    -10.013091  0.000  0.000  0.000  0.000
   1.77103    -10.013416  0.000  0.000  0.000  0.000
   1.79099    -10.013652  0.000  0.000  0.000  0.000
   1.81095    -10.013793  0.000  0.000  0.000  0.000
   1.83091    -10.013841  0.000  0.000  0.000  0.000
 
# Band-Index:   34
   1.83091    -10.010850  0.000  0.008  0.000  0.008
   1.81095    -10.010857  0.000  0.008  0.000  0.008
   1.79099    -10.010873  0.000  0.008  0.000  0.008
   1.77103    -10.010892  0.000  0.008  0.000  0.008
   1.75108    -10.010902  0.000  0.008  0.000  0.008
   1.73112    -10.010894  0.000  0.007  0.000  0.007
   1.71116    -10.010860  0.000  0.007  0.000  0.007
   1.69120    -10.010793  0.000  0.007  0.000  0.007
   1.67125    -10.010688  0.000  0.007  0.000  0.007
   1.65129    -10.010244  0.000  0.000  0.000  0.000
   1.63133    -10.009472  0.000  0.000  0.000  0.000
   1.61137    -10.008651  0.000  0.000  0.000  0.000
   1.59142    -10.007790  0.000  0.000  0.000  0.000
   1.57146    -10.006901  0.000  0.000  0.000  0.000
   1.55150    -10.005999  0.000  0.000  0.000  0.000
   1.53154    -10.005100  0.000  0.000  0.000  0.000
   1.51159    -10.004281  0.000  0.002  0.000  0.002
   1.49163    -10.004730  0.000  0.002  0.000  0.002
   1.47167    -10.005256  0.000  0.002  0.000  0.002
   1.45171    -10.005798  0.000  0.003  0.000  0.003
   1.45171    -10.005798  0.000  0.003  0.000  0.003
   1.42349    -10.005973  0.000  0.003  0.000  0.003
   1.39526    -10.006518  0.000  0.003  0.000  0.003
   1.36704    -10.007406  0.000  0.003  0.000  0.003
   1.33882    -10.008788  0.000  0.002  0.000  0.002
   1.31059    -10.010553  0.000  0.002  0.000  0.002
   1.28237    -10.012553  0.000  0.002  0.000  0.002
   1.25414    -10.014654  0.000  0.002  0.000  0.002
   1.22592    -10.016746  0.000  0.001  0.000  0.001
   1.19769    -10.018719  0.000  0.002  0.000  0.002
   1.16947    -10.020464  0.000  0.002  0.000  0.002
   1.14125    -10.021901  0.000  0.002  0.000  0.002
   1.11302    -10.023025  0.000  0.001  0.000  0.001
   1.08480    -10.023889  0.000  0.001  0.000  0.001
   1.05657    -10.024554  0.000  0.001  0.000  0.001
   1.02835    -10.025071  0.000  0.000  0.000  0.000
   1.00013    -10.025501  0.000  0.000  0.000  0.000
   0.97190    -10.025943  0.001  0.000  0.000  0.001
   0.94368    -10.026702  0.049  0.005  0.000  0.054
   0.91545    -10.027982  0.312  0.025  0.000  0.337
   0.91545    -10.027982  0.312  0.025  0.000  0.337
   0.89550    -10.029518  0.000  0.005  0.000  0.005
   0.87554    -10.029625  0.000  0.005  0.000  0.005
   0.85558    -10.030059  0.000  0.002  0.000  0.002
   0.83562    -10.030962  0.006  0.002  0.000  0.008
   0.81567    -10.032381  0.004  0.002  0.000  0.006
   0.79571    -10.033815  0.004  0.002  0.000  0.006
   0.77575    -10.035240  0.003  0.002  0.000  0.005
   0.75579    -10.036630  0.002  0.002  0.000  0.004
   0.73584    -10.037965  0.002  0.004  0.000  0.006
   0.71588    -10.039226  0.002  0.004  0.000  0.006
   0.69592    -10.040396  0.002  0.004  0.000  0.006
   0.67596    -10.041462  0.002  0.004  0.000  0.006
   0.65600    -10.042409  0.002  0.006  0.000  0.008
   0.63605    -10.043228  0.002  0.006  0.000  0.008
   0.61609    -10.043910  0.002  0.006  0.000  0.008
   0.59613    -10.044834  0.000  0.006  0.000  0.006
   0.57617    -10.045600  0.000  0.007  0.000  0.007
   0.55622    -10.046078  0.000  0.008  0.000  0.008
   0.53626    -10.046241  0.000  0.008  0.000  0.008
   0.53626    -10.046241  0.000  0.008  0.000  0.008
   0.50804    -10.046094  0.000  0.008  0.000  0.008
   0.47981    -10.045656  0.000  0.008  0.000  0.008
   0.45159    -10.044943  0.000  0.007  0.000  0.007
   0.42336    -10.043977  0.000  0.007  0.000  0.007
   0.39514    -10.038199  0.034  0.041  0.000  0.075
   0.36691    -10.036069  0.010  0.013  0.000  0.023
   0.33869    -10.034553  0.005  0.008  0.000  0.014
   0.31047    -10.033330  0.002  0.006  0.000  0.008
   0.28224    -10.032108  0.001  0.006  0.000  0.007
   0.25402    -10.022066  0.028  0.031  0.000  0.059
   0.22579    -10.017343  0.005  0.003  0.000  0.008
   0.19757    -10.015564  0.002  0.000  0.000  0.002
   0.16935    -10.014575  0.000  0.000  0.000  0.000
   0.14112    -10.013978  0.000  0.000  0.000  0.000
   0.11290    -10.013674  0.000  0.000  0.000  0.000
   0.08467    -10.013498  0.000  0.002  0.000  0.002
   0.05645    -10.012471  0.000  0.006  0.000  0.006
   0.02822    -10.011373  0.000  0.006  0.000  0.006
   0.00000    -10.010850  0.000  0.008  0.000  0.008
 
# Band-Index:   35
   0.00000    -10.005421  0.000  0.000  0.000  0.000
   0.02822    -10.004927  0.000  0.002  0.000  0.002
   0.05645    -10.004447  0.000  0.003  0.000  0.003
   0.08467    -10.004605  0.000  0.003  0.000  0.003
   0.11290    -10.004816  0.000  0.003  0.000  0.003
   0.14112    -10.005112  0.004  0.008  0.000  0.012
   0.16935    -10.011043  0.004  0.012  0.000  0.016
   0.19757    -10.013174  0.000  0.006  0.000  0.006
   0.22579    -10.013406  0.000  0.002  0.000  0.002
   0.25402    -10.015166  0.000  0.000  0.000  0.000
   0.28224    -10.019243  0.000  0.000  0.000  0.000
   0.31047    -10.023481  0.002  0.002  0.000  0.004
   0.33869    -10.027556  0.005  0.004  0.000  0.009
   0.36691    -10.031508  0.019  0.016  0.000  0.035
   0.39514    -10.036432  0.061  0.053  0.000  0.114
   0.42336    -10.040120  0.000  0.002  0.000  0.002
   0.45159    -10.042212  0.002  0.006  0.000  0.008
   0.47981    -10.043812  0.002  0.006  0.000  0.008
   0.50804    -10.044810  0.002  0.007  0.000  0.009
   0.53626    -10.045150  0.002  0.007  0.000  0.009
   0.53626    -10.045150  0.002  0.007  0.000  0.009
   0.55622    -10.045071  0.002  0.007  0.000  0.009
   0.57617    -10.044836  0.002  0.007  0.000  0.009
   0.59613    -10.044448  0.002  0.006  0.000  0.008
   0.61609    -10.043820  0.000  0.005  0.000  0.005
   0.63605    -10.042606  0.000  0.004  0.000  0.004
   0.65600    -10.041243  0.000  0.003  0.000  0.004
   0.67596    -10.039786  0.000  0.002  0.000  0.002
   0.69592    -10.038288  0.000  0.002  0.000  0.002
   0.71588    -10.036801  0.000  0.000  0.000  0.000
   0.73584    -10.035378  0.000  0.000  0.000  0.000
   0.75579    -10.034062  0.000  0.000  0.000  0.000
   0.77575    -10.032891  0.000  0.000  0.000  0.000
   0.79571    -10.031892  0.000  0.000  0.000  0.000
   0.81567    -10.031080  0.000  0.001  0.000  0.001
   0.83562    -10.030464  0.000  0.002  0.000  0.002
   0.85558    -10.029588  0.009  0.002  0.000  0.011
   0.87554    -10.028298  0.000  0.000  0.000  0.000
   0.89550    -10.027066  0.018  0.002  0.000  0.020
   0.91545    -10.025494  0.400  0.029  0.000  0.430
   0.91545    -10.025494  0.400  0.029  0.000  0.430
   0.94368    -10.022663  0.541  0.042  0.001  0.583
   0.97190    -10.015749  0.017  0.006  0.000  0.023
   1.00013    -10.011690  0.000  0.004  0.000  0.004
   1.02835    -10.008832  0.000  0.003  0.000  0.003
   1.05657    -10.007086  0.000  0.003  0.000  0.003
   1.08480    -10.005809  0.000  0.003  0.000  0.003
   1.11302    -10.004768  0.000  0.003  0.000  0.003
   1.14125    -10.003938  0.000  0.003  0.000  0.003
   1.16947    -10.003334  0.000  0.003  0.000  0.003
   1.19769    -10.002954  0.000  0.003  0.000  0.003
   1.22592    -10.002770  0.000  0.002  0.000  0.002
   1.25414    -10.002726  0.000  0.002  0.000  0.002
   1.28237    -10.002760  0.000  0.002  0.000  0.002
   1.31059    -10.002797  0.000  0.002  0.000  0.002
   1.33882    -10.002790  0.000  0.001  0.000  0.001
   1.36704    -10.002778  0.000  0.001  0.000  0.001
   1.39526    -10.002623  0.000  0.000  0.000  0.000
   1.42349    -10.002394  0.000  0.000  0.000  0.000
   1.45171    -10.002283  0.000  0.000  0.000  0.000
   1.45171    -10.002283  0.000  0.000  0.000  0.000
   1.47167    -10.002689  0.000  0.000  0.000  0.000
   1.49163    -10.003405  0.000  0.000  0.000  0.000
   1.51159    -10.004226  0.000  0.000  0.000  0.000
   1.53154    -10.003893  0.000  0.002  0.000  0.002
   1.55150    -10.003556  0.000  0.002  0.000  0.002
   1.57146    -10.003263  0.000  0.002  0.000  0.002
   1.59142    -10.003009  0.000  0.002  0.000  0.002
   1.61137    -10.002792  0.000  0.002  0.000  0.002
   1.63133    -10.003006  0.000  0.000  0.000  0.000
   1.65129    -10.003408  0.000  0.000  0.000  0.000
   1.67125    -10.003792  0.000  0.000  0.000  0.000
   1.69120    -10.004148  0.000  0.000  0.000  0.000
   1.71116    -10.004470  0.000  0.000  0.000  0.000
   1.73112    -10.004751  0.000  0.000  0.000  0.000
   1.75108    -10.004987  0.000  0.000  0.000  0.000
   1.77103    -10.005175  0.000  0.000  0.000  0.000
   1.79099    -10.005311  0.000  0.000  0.000  0.000
   1.81095    -10.005393  0.000  0.000  0.000  0.000
   1.83091    -10.005421  0.000  0.000  0.000  0.000
 
# Band-Index:   36
   1.83091    -10.004314  0.000  0.003  0.000  0.003
   1.81095    -10.004218  0.000  0.003  0.000  0.003
   1.79099    -10.003934  0.000  0.003  0.000  0.003
   1.77103    -10.003484  0.000  0.003  0.000  0.003
   1.75108    -10.002908  0.000  0.003  0.000  0.003
   1.73112    -10.002380  0.000  0.001  0.000  0.001
   1.71116    -10.002263  0.000  0.000  0.000  0.000
   1.69120    -10.002290  0.000  0.000  0.000  0.000
   1.67125    -10.002362  0.000  0.001  0.000  0.001
   1.65129    -10.002469  0.000  0.001  0.000  0.001
   1.63133    -10.002612  0.000  0.002  0.000  0.002
   1.61137    -10.002596  0.000  0.000  0.000  0.000
   1.59142    -10.002193  0.000  0.000  0.000  0.000
   1.57146    -10.001817  0.000  0.000  0.000  0.000
   1.55150    -10.001493  0.000  0.000  0.000  0.000
   1.53154    -10.001256  0.000  0.000  0.000  0.000
   1.51159    -10.001147  0.000  0.000  0.000  0.000
   1.49163    -10.001205  0.000  0.000  0.000  0.000
   1.47167    -10.001439  0.000  0.000  0.000  0.000
   1.45171    -10.001680  0.000  0.000  0.000  0.000
   1.45171    -10.001680  0.000  0.000  0.000  0.000
   1.42349    -10.001835  0.000  0.000  0.000  0.000
   1.39526    -10.002204  0.000  0.000  0.000  0.000
   1.36704    -10.002564  0.000  0.001  0.000  0.001
   1.33882    -10.002759  0.000  0.001  0.000  0.001
   1.31059    -10.002699  0.000  0.002  0.000  0.002
   1.28237    -10.002570  0.000  0.002  0.000  0.002
   1.25414    -10.002470  0.000  0.002  0.000  0.002
   1.22592    -10.002464  0.000  0.002  0.000  0.002
   1.19769    -10.002617  0.000  0.003  0.000  0.003
   1.16947    -10.002983  0.000  0.003  0.000  0.003
   1.14125    -10.003588  0.000  0.003  0.000  0.003
   1.11302    -10.004420  0.000  0.003  0.000  0.003
   1.08480    -10.005443  0.000  0.003  0.000  0.003
   1.05657    -10.006641  0.000  0.003  0.000  0.003
   1.02835    -10.008145  0.000  0.003  0.000  0.003
   1.00013    -10.010642  0.000  0.004  0.000  0.004
   0.97190    -10.014727  0.034  0.007  0.000  0.041
   0.94368    -10.022545  0.570  0.044  0.001  0.616
   0.91545    -10.025288  0.324  0.024  0.000  0.348
   0.91545    -10.025288  0.324  0.024  0.000  0.348
   0.89550    -10.025484  0.011  0.001  0.000  0.012
   0.87554    -10.027613  0.439  0.051  0.000  0.490
   0.85558    -10.029535  0.000  0.005  0.000  0.005
   0.83562    -10.028929  0.000  0.005  0.000  0.005
   0.81567    -10.028083  0.000  0.006  0.000  0.006
   0.79571    -10.027326  0.000  0.007  0.000  0.007
   0.77575    -10.026957  0.000  0.009  0.000  0.009
   0.75579    -10.027042  0.000  0.011  0.000  0.011
   0.73584    -10.027382  0.000  0.012  0.000  0.012
   0.71588    -10.027778  0.000  0.011  0.000  0.011
   0.69592    -10.028142  0.000  0.011  0.000  0.011
   0.67596    -10.028444  0.000  0.010  0.000  0.010
   0.65600    -10.028681  0.000  0.009  0.000  0.009
   0.63605    -10.028859  0.000  0.008  0.000  0.008
   0.61609    -10.028987  0.000  0.008  0.000  0.008
   0.59613    -10.029073  0.000  0.007  0.000  0.007
   0.57617    -10.029128  0.000  0.006  0.000  0.006
   0.55622    -10.029157  0.000  0.006  0.000  0.006
   0.53626    -10.029167  0.000  0.006  0.000  0.006
   0.53626    -10.029167  0.000  0.006  0.000  0.006
   0.50804    -10.029051  0.002  0.007  0.000  0.009
   0.47981    -10.028624  0.006  0.012  0.000  0.018
   0.45159    -10.027534  0.020  0.027  0.000  0.047
   0.42336    -10.024506  0.060  0.061  0.000  0.121
   0.39514    -10.022444  0.005  0.002  0.000  0.007
   0.36691    -10.020503  0.005  0.004  0.000  0.009
   0.33869    -10.018574  0.006  0.005  0.000  0.011
   0.31047    -10.016593  0.008  0.008  0.000  0.016
   0.28224    -10.014106  0.014  0.018  0.000  0.032
   0.25402    -10.012086  0.000  0.003  0.000  0.003
   0.22579    -10.010027  0.000  0.002  0.000  0.002
   0.19757    -10.006199  0.000  0.000  0.000  0.000
   0.16935    -10.005375  0.000  0.004  0.000  0.004
   0.14112    -10.005076  0.000  0.004  0.000  0.004
   0.11290    -10.003221  0.000  0.003  0.000  0.003
   0.08467    -10.003173  0.000  0.003  0.000  0.003
   0.05645    -10.003946  0.000  0.002  0.000  0.002
   0.02822    -10.004348  0.000  0.003  0.000  0.003
   0.00000    -10.004314  0.000  0.003  0.000  0.003
 
# Band-Index:   37
   0.00000    -10.002943  0.000  0.003  0.000  0.003
   0.02822    -10.002970  0.000  0.003  0.000  0.003
   0.05645    -10.003044  0.000  0.003  0.000  0.003
   0.08467    -10.003141  0.000  0.003  0.000  0.003
   0.11290    -10.003193  0.001  0.004  0.000  0.005
   0.14112    -10.003241  0.000  0.003  0.000  0.003
   0.16935    -10.003164  0.000  0.004  0.000  0.004
   0.19757    -10.005701  0.000  0.004  0.000  0.004
   0.22579    -10.006039  0.000  0.005  0.000  0.005
   0.25402    -10.009618  0.026  0.029  0.000  0.055
   0.28224    -10.011716  0.000  0.002  0.000  0.002
   0.31047    -10.010980  0.000  0.002  0.000  0.002
   0.33869    -10.010112  0.000  0.002  0.000  0.002
   0.36691    -10.009201  0.002  0.002  0.000  0.004
   0.39514    -10.015294  0.181  0.138  0.000  0.318
   0.42336    -10.024312  0.015  0.011  0.000  0.026
   0.45159    -10.026067  0.009  0.001  0.000  0.010
   0.47981    -10.027481  0.010  0.001  0.000  0.011
   0.50804    -10.028418  0.012  0.001  0.000  0.013
   0.53626    -10.028747  0.012  0.001  0.000  0.013
   0.53626    -10.028747  0.012  0.001  0.000  0.013
   0.55622    -10.028705  0.012  0.001  0.000  0.013
   0.57617    -10.028581  0.012  0.001  0.000  0.013
   0.59613    -10.028377  0.012  0.000  0.000  0.012
   0.61609    -10.028100  0.012  0.000  0.000  0.012
   0.63605    -10.027757  0.012  0.000  0.000  0.012
   0.65600    -10.027359  0.012  0.000  0.000  0.012
   0.67596    -10.026917  0.011  0.000  0.000  0.011
   0.69592    -10.026446  0.011  0.000  0.000  0.011
   0.71588    -10.025965  0.010  0.000  0.000  0.011
   0.73584    -10.025494  0.010  0.000  0.000  0.010
   0.75579    -10.025058  0.010  0.000  0.000  0.010
   0.77575    -10.024683  0.009  0.000  0.000  0.009
   0.79571    -10.024400  0.009  0.000  0.000  0.009
   0.81567    -10.024242  0.008  0.000  0.000  0.008
   0.83562    -10.024244  0.007  0.000  0.000  0.007
   0.85558    -10.024436  0.005  0.000  0.000  0.005
   0.87554    -10.024841  0.005  0.000  0.000  0.005
   0.89550    -10.023701  0.410  0.032  0.000  0.443
   0.91545    -10.019801  0.052  0.008  0.000  0.060
   0.91545    -10.019801  0.052  0.008  0.000  0.060
   0.94368    -10.018421  0.093  0.010  0.000  0.104
   0.97190    -10.011114  0.656  0.049  0.001  0.707
   1.00013    -10.006531  0.001  0.001  0.000  0.002
   1.02835    -10.004451  0.001  0.000  0.000  0.001
   1.05657    -10.001895  0.001  0.000  0.000  0.001
   1.08480     -9.999501  0.000  0.000  0.000  0.000
   1.11302     -9.997465  0.000  0.001  0.000  0.001
   1.14125     -9.995817  0.000  0.001  0.000  0.001
   1.16947     -9.994561  0.000  0.001  0.000  0.001
   1.19769     -9.993672  0.000  0.001  0.000  0.001
   1.22592     -9.993088  0.000  0.001  0.000  0.001
   1.25414     -9.992754  0.000  0.001  0.000  0.001
   1.28237     -9.992646  0.000  0.001  0.000  0.001
   1.31059     -9.992757  0.000  0.001  0.000  0.001
   1.33882     -9.993065  0.000  0.001  0.000  0.001
   1.36704     -9.993507  0.000  0.000  0.000  0.000
   1.39526     -9.993974  0.000  0.000  0.000  0.000
   1.42349     -9.994329  0.000  0.000  0.000  0.000
   1.45171     -9.994459  0.000  0.000  0.000  0.000
   1.45171     -9.994459  0.000  0.000  0.000  0.000
   1.47167     -9.994387  0.000  0.000  0.000  0.000
   1.49163     -9.994170  0.000  0.000  0.000  0.000
   1.51159     -9.993814  0.000  0.000  0.000  0.000
   1.53154     -9.993700  0.000  0.000  0.000  0.000
   1.55150     -9.994286  0.000  0.001  0.000  0.001
   1.57146     -9.994976  0.000  0.001  0.000  0.001
   1.59142     -9.995759  0.000  0.001  0.000  0.001
   1.61137     -9.996616  0.000  0.001  0.000  0.001
   1.63133     -9.997527  0.000  0.002  0.000  0.002
   1.65129     -9.998470  0.000  0.002  0.000  0.002
   1.67125     -9.999419  0.000  0.002  0.000  0.002
   1.69120    -10.000347  0.000  0.002  0.000  0.002
   1.71116    -10.001215  0.000  0.003  0.000  0.003
   1.73112    -10.001897  0.000  0.002  0.000  0.002
   1.75108    -10.002100  0.000  0.001  0.000  0.001
   1.77103    -10.002250  0.000  0.002  0.000  0.002
   1.79099    -10.002600  0.000  0.003  0.000  0.003
   1.81095    -10.002855  0.000  0.003  0.000  0.003
   1.83091    -10.002943  0.000  0.003  0.000  0.003
 
# Band-Index:   38
   1.83091    -10.002081  0.000  0.000  0.000  0.000
   1.81095    -10.002076  0.000  0.000  0.000  0.000
   1.79099    -10.002057  0.000  0.000  0.000  0.000
   1.77103    -10.001959  0.000  0.002  0.000  0.002
   1.75108    -10.001491  0.000  0.003  0.000  0.003
   1.73112    -10.000783  0.000  0.003  0.000  0.003
   1.71116     -9.999952  0.000  0.003  0.000  0.003
   1.69120     -9.999036  0.000  0.002  0.000  0.002
   1.67125     -9.998069  0.000  0.002  0.000  0.002
   1.65129     -9.997081  0.000  0.002  0.000  0.002
   1.63133     -9.996103  0.000  0.001  0.000  0.001
   1.61137     -9.995163  0.000  0.001  0.000  0.001
   1.59142     -9.994286  0.000  0.001  0.000  0.001
   1.57146     -9.993496  0.000  0.001  0.000  0.001
   1.55150     -9.992822  0.000  0.000  0.000  0.000
   1.53154     -9.993349  0.000  0.000  0.000  0.000
   1.51159     -9.993232  0.000  0.000  0.000  0.000
   1.49163     -9.992889  0.000  0.000  0.000  0.000
   1.47167     -9.992914  0.000  0.000  0.000  0.000
   1.45171     -9.992990  0.000  0.000  0.000  0.000
   1.45171     -9.992990  0.000  0.000  0.000  0.000
   1.42349     -9.992866  0.000  0.000  0.000  0.000
   1.39526     -9.992551  0.000  0.000  0.000  0.000
   1.36704     -9.992194  0.000  0.000  0.000  0.000
   1.33882     -9.991928  0.000  0.000  0.000  0.000
   1.31059     -9.991805  0.000  0.000  0.000  0.000
   1.28237     -9.991835  0.000  0.000  0.000  0.000
   1.25414     -9.992000  0.000  0.000  0.000  0.000
   1.22592     -9.992278  0.000  0.000  0.000  0.000
   1.19769     -9.992677  0.000  0.000  0.000  0.000
   1.16947     -9.993368  0.000  0.001  0.000  0.001
   1.14125     -9.994574  0.000  0.001  0.000  0.001
   1.11302     -9.996262  0.000  0.001  0.000  0.001
   1.08480     -9.998371  0.000  0.000  0.000  0.000
   1.05657    -10.000896  0.001  0.000  0.000  0.001
   1.02835    -10.003751  0.001  0.000  0.000  0.001
   1.00013    -10.006278  0.001  0.000  0.000  0.001
   0.97190    -10.010840  0.641  0.048  0.001  0.690
   0.94368    -10.017444  0.081  0.010  0.000  0.091
   0.91545    -10.018874  0.051  0.009  0.000  0.060
   0.91545    -10.018874  0.051  0.009  0.000  0.060
   0.89550    -10.012970  0.011  0.003  0.000  0.014
   0.87554    -10.012949  0.000  0.004  0.000  0.004
   0.85558    -10.015116  0.000  0.004  0.000  0.004
   0.83562    -10.017128  0.000  0.006  0.000  0.006
   0.81567    -10.018814  0.000  0.006  0.000  0.006
   0.79571    -10.019951  0.000  0.006  0.000  0.006
   0.77575    -10.020314  0.000  0.004  0.000  0.004
   0.75579    -10.019902  0.000  0.002  0.000  0.002
   0.73584    -10.018987  0.000  0.002  0.000  0.002
   0.71588    -10.017833  0.000  0.000  0.000  0.000
   0.69592    -10.016586  0.000  0.000  0.000  0.000
   0.67596    -10.015316  0.000  0.000  0.000  0.000
   0.65600    -10.014056  0.000  0.002  0.000  0.002
   0.63605    -10.012824  0.000  0.002  0.000  0.002
   0.61609    -10.011632  0.000  0.002  0.000  0.002
   0.59613    -10.010493  0.000  0.004  0.000  0.004
   0.57617    -10.009444  0.000  0.004  0.000  0.004
   0.55622    -10.008596  0.000  0.005  0.000  0.005
   0.53626    -10.008230  0.000  0.006  0.000  0.006
   0.53626    -10.008230  0.000  0.006  0.000  0.006
   0.50804    -10.008210  0.000  0.006  0.000  0.006
   0.47981    -10.008150  0.000  0.006  0.000  0.006
   0.45159    -10.008050  0.000  0.006  0.000  0.006
   0.42336    -10.007912  0.000  0.005  0.000  0.005
   0.39514    -10.007977  0.002  0.004  0.000  0.006
   0.36691    -10.007524  0.000  0.005  0.000  0.005
   0.33869    -10.007279  0.000  0.005  0.000  0.005
   0.31047    -10.007003  0.000  0.005  0.000  0.005
   0.28224    -10.006700  0.000  0.005  0.000  0.005
   0.25402    -10.006376  0.000  0.005  0.000  0.005
   0.22579    -10.005173  0.014  0.010  0.000  0.024
   0.19757    -10.003359  0.006  0.002  0.000  0.008
   0.16935    -10.002758  0.002  0.000  0.000  0.002
   0.14112    -10.002564  0.002  0.000  0.000  0.002
   0.11290    -10.002460  0.001  0.000  0.000  0.001
   0.08467    -10.002361  0.000  0.000  0.000  0.000
   0.05645    -10.002239  0.000  0.000  0.000  0.000
   0.02822    -10.002126  0.000  0.000  0.000  0.000
   0.00000    -10.002081  0.000  0.000  0.000  0.000
 
# Band-Index:   39
   0.00000     -9.988696  0.000  0.000  0.000  0.000
   0.02822     -9.988777  0.000  0.000  0.000  0.000
   0.05645     -9.989054  0.000  0.000  0.000  0.000
   0.08467     -9.989782  0.000  0.001  0.000  0.001
   0.11290     -9.991979  0.000  0.000  0.000  0.000
   0.14112     -9.996287  0.002  0.002  0.000  0.004
   0.16935    -10.002080  0.001  0.000  0.000  0.001
   0.19757    -10.002968  0.000  0.004  0.000  0.004
   0.22579    -10.002650  0.000  0.003  0.000  0.003
   0.25402    -10.002224  0.000  0.003  0.000  0.003
   0.28224    -10.001711  0.000  0.003  0.000  0.003
   0.31047    -10.001140  0.000  0.003  0.000  0.003
   0.33869    -10.000544  0.000  0.003  0.000  0.003
   0.36691     -9.999952  0.000  0.003  0.000  0.003
   0.39514    -10.007736  0.000  0.005  0.000  0.005
   0.42336    -10.007017  0.000  0.002  0.000  0.002
   0.45159    -10.006030  0.000  0.002  0.000  0.002
   0.47981    -10.005161  0.000  0.002  0.000  0.002
   0.50804    -10.004544  0.000  0.002  0.000  0.002
   0.53626    -10.004316  0.000  0.002  0.000  0.002
   0.53626    -10.004316  0.000  0.002  0.000  0.002
   0.55622    -10.003932  0.000  0.003  0.000  0.003
   0.57617    -10.003032  0.000  0.004  0.000  0.004
   0.59613    -10.001917  0.000  0.004  0.000  0.004
   0.61609    -10.000753  0.000  0.004  0.000  0.004
   0.63605     -9.999989  0.000  0.003  0.000  0.003
   0.65600     -9.999744  0.000  0.003  0.000  0.003
   0.67596     -9.999509  0.000  0.003  0.000  0.003
   0.69592    -10.000151  0.029  0.003  0.000  0.032
   0.71588    -10.001049  0.031  0.003  0.000  0.034
   0.73584    -10.002031  0.032  0.003  0.000  0.035
   0.75579    -10.003092  0.034  0.002  0.000  0.036
   0.77575    -10.004222  0.038  0.002  0.000  0.040
   0.79571    -10.005419  0.041  0.003  0.000  0.044
   0.81567    -10.006682  0.045  0.003  0.000  0.048
   0.83562    -10.008023  0.048  0.004  0.000  0.052
   0.85558    -10.009466  0.049  0.004  0.000  0.054
   0.87554    -10.011043  0.040  0.005  0.000  0.045
   0.89550    -10.010753  0.000  0.002  0.000  0.002
   0.91545    -10.008631  0.000  0.001  0.000  0.001
   0.91545    -10.008631  0.000  0.001  0.000  0.001
   0.94368    -10.008422  0.000  0.001  0.000  0.001
   0.97190    -10.007766  0.000  0.001  0.000  0.001
   1.00013     -9.992883  0.661  0.052  0.001  0.714
   1.02835     -9.991678  0.000  0.003  0.000  0.003
   1.05657     -9.991881  0.000  0.003  0.000  0.003
   1.08480     -9.992056  0.000  0.002  0.000  0.002
   1.11302     -9.992155  0.000  0.002  0.000  0.002
   1.14125     -9.992113  0.000  0.001  0.000  0.001
   1.16947     -9.991833  0.000  0.001  0.000  0.001
   1.19769     -9.991285  0.000  0.002  0.000  0.002
   1.22592     -9.990738  0.000  0.001  0.000  0.001
   1.25414     -9.990415  0.000  0.001  0.000  0.001
   1.28237     -9.990372  0.000  0.001  0.000  0.001
   1.31059     -9.990593  0.000  0.000  0.000  0.000
   1.33882     -9.991021  0.000  0.000  0.000  0.000
   1.36704     -9.991561  0.000  0.000  0.000  0.000
   1.39526     -9.992083  0.000  0.000  0.000  0.000
   1.42349     -9.992465  0.000  0.000  0.000  0.000
   1.45171     -9.992610  0.000  0.000  0.000  0.000
   1.45171     -9.992610  0.000  0.000  0.000  0.000
   1.47167     -9.992680  0.000  0.000  0.000  0.000
   1.49163     -9.992697  0.000  0.000  0.000  0.000
   1.51159     -9.992368  0.000  0.000  0.000  0.000
   1.53154     -9.992240  0.000  0.000  0.000  0.000
   1.55150     -9.992809  0.000  0.001  0.000  0.001
   1.57146     -9.992278  0.000  0.000  0.000  0.000
   1.59142     -9.991752  0.000  0.000  0.000  0.000
   1.61137     -9.991263  0.000  0.000  0.000  0.000
   1.63133     -9.990818  0.000  0.000  0.000  0.000
   1.65129     -9.990416  0.000  0.000  0.000  0.000
   1.67125     -9.990057  0.000  0.000  0.000  0.000
   1.69120     -9.989740  0.000  0.000  0.000  0.000
   1.71116     -9.989465  0.000  0.000  0.000  0.000
   1.73112     -9.989231  0.000  0.000  0.000  0.000
   1.75108     -9.989039  0.000  0.000  0.000  0.000
   1.77103     -9.988889  0.000  0.000  0.000  0.000
   1.79099     -9.988782  0.000  0.000  0.000  0.000
   1.81095     -9.988717  0.000  0.000  0.000  0.000
   1.83091     -9.988696  0.000  0.000  0.000  0.000
 
# Band-Index:   40
   1.83091     -9.985822  0.000  0.000  0.000  0.000
   1.81095     -9.985860  0.000  0.000  0.000  0.000
   1.79099     -9.985971  0.000  0.000  0.000  0.000
   1.77103     -9.986156  0.000  0.000  0.000  0.000
   1.75108     -9.986413  0.000  0.000  0.000  0.000
   1.73112     -9.986738  0.000  0.000  0.000  0.000
   1.71116     -9.987128  0.000  0.000  0.000  0.000
   1.69120     -9.987578  0.000  0.000  0.000  0.000
   1.67125     -9.988080  0.000  0.000  0.000  0.000
   1.65129     -9.988626  0.000  0.000  0.000  0.000
   1.63133     -9.989203  0.000  0.000  0.000  0.000
   1.61137     -9.989796  0.000  0.000  0.000  0.000
   1.59142     -9.990385  0.000  0.000  0.000  0.000
   1.57146     -9.990951  0.000  0.000  0.000  0.000
   1.55150     -9.991479  0.000  0.000  0.000  0.000
   1.53154     -9.991956  0.000  0.000  0.000  0.000
   1.51159     -9.991796  0.000  0.000  0.000  0.000
   1.49163     -9.991480  0.000  0.000  0.000  0.000
   1.47167     -9.991292  0.000  0.000  0.000  0.000
   1.45171     -9.991229  0.000  0.000  0.000  0.000
   1.45171     -9.991229  0.000  0.000  0.000  0.000
   1.42349     -9.991101  0.000  0.000  0.000  0.000
   1.39526     -9.990775  0.000  0.000  0.000  0.000
   1.36704     -9.990378  0.000  0.000  0.000  0.000
   1.33882     -9.990022  0.000  0.000  0.000  0.000
   1.31059     -9.989781  0.000  0.000  0.000  0.000
   1.28237     -9.989703  0.000  0.001  0.000  0.001
   1.25414     -9.989808  0.000  0.001  0.000  0.001
   1.22592     -9.990083  0.000  0.001  0.000  0.001
   1.19769     -9.990467  0.000  0.001  0.000  0.001
   1.16947     -9.990850  0.000  0.001  0.000  0.001
   1.14125     -9.991128  0.000  0.001  0.000  0.001
   1.11302     -9.991255  0.000  0.002  0.000  0.002
   1.08480     -9.991251  0.000  0.002  0.000  0.002
   1.05657     -9.991156  0.000  0.002  0.000  0.002
   1.02835     -9.991015  0.000  0.002  0.000  0.002
   1.00013     -9.992695  0.660  0.053  0.001  0.714
   0.97190    -10.007702  0.000  0.001  0.000  0.001
   0.94368    -10.008391  0.000  0.001  0.000  0.001
   0.91545    -10.008604  0.000  0.001  0.000  0.001
   0.91545    -10.008604  0.000  0.001  0.000  0.001
   0.89550    -10.006609  0.000  0.000  0.000  0.000
   0.87554    -10.004771  0.000  0.000  0.000  0.000
   0.85558    -10.003133  0.000  0.000  0.000  0.000
   0.83562    -10.001713  0.000  0.000  0.000  0.000
   0.81567    -10.000520  0.000  0.000  0.000  0.000
   0.79571     -9.999559  0.000  0.000  0.000  0.000
   0.77575     -9.998836  0.000  0.000  0.000  0.000
   0.75579     -9.998411  0.000  0.002  0.000  0.002
   0.73584     -9.998477  0.000  0.005  0.000  0.005
   0.71588     -9.998846  0.000  0.005  0.000  0.005
   0.69592     -9.999211  0.000  0.004  0.000  0.004
   0.67596     -9.999344  0.027  0.003  0.000  0.031
   0.65600     -9.998635  0.027  0.003  0.000  0.030
   0.63605     -9.999188  0.000  0.004  0.000  0.004
   0.61609     -9.999787  0.000  0.002  0.000  0.002
   0.59613     -9.999905  0.000  0.001  0.000  0.001
   0.57617     -9.999944  0.000  0.000  0.000  0.000
   0.55622     -9.999956  0.000  0.000  0.000  0.000
   0.53626     -9.999959  0.000  0.000  0.000  0.000
   0.53626     -9.999959  0.000  0.000  0.000  0.000
   0.50804    -10.000048  0.000  0.000  0.000  0.000
   0.47981    -10.000211  0.002  0.000  0.000  0.002
   0.45159    -10.000300  0.002  0.000  0.000  0.002
   0.42336    -10.000234  0.002  0.000  0.000  0.002
   0.39514     -9.999970  0.002  0.000  0.000  0.002
   0.36691     -9.999632  0.074  0.043  0.000  0.117
   0.33869     -9.998722  0.002  0.000  0.000  0.002
   0.31047     -9.997691  0.002  0.000  0.000  0.002
   0.28224     -9.996422  0.002  0.000  0.000  0.002
   0.25402     -9.995071  0.000  0.000  0.000  0.000
   0.22579     -9.993781  0.000  0.000  0.000  0.000
   0.19757     -9.992569  0.000  0.000  0.000  0.000
   0.16935     -9.991457  0.000  0.000  0.000  0.000
   0.14112     -9.990477  0.000  0.000  0.000  0.000
   0.11290     -9.989624  0.000  0.000  0.000  0.000
   0.08467     -9.988609  0.000  0.001  0.000  0.001
   0.05645     -9.987177  0.000  0.000  0.000  0.000
   0.02822     -9.986169  0.000  0.000  0.000  0.000
   0.00000     -9.985822  0.000  0.000  0.000  0.000
 
# Band-Index:   41
   0.00000     -9.854543  0.066  0.014  0.000  0.081
   0.02822     -9.859620  0.065  0.014  0.000  0.081
   0.05645     -9.874465  0.063  0.016  0.000  0.082
   0.08467     -9.897877  0.061  0.018  0.000  0.081
   0.11290     -9.927520  0.055  0.022  0.000  0.080
   0.14112     -9.958143  0.043  0.024  0.000  0.068
   0.16935     -9.977612  0.018  0.013  0.000  0.033
   0.19757     -9.983733  0.007  0.006  0.000  0.013
   0.22579     -9.985745  0.005  0.004  0.000  0.009
   0.25402     -9.986801  0.005  0.003  0.000  0.008
   0.28224     -9.987946  0.013  0.010  0.000  0.023
   0.31047     -9.990969  0.019  0.016  0.000  0.035
   0.33869     -9.992475  0.016  0.011  0.000  0.027
   0.36691     -9.999297  0.083  0.048  0.000  0.132
   0.39514     -9.999396  0.000  0.003  0.000  0.003
   0.42336     -9.998902  0.000  0.003  0.000  0.003
   0.45159     -9.998494  0.000  0.003  0.000  0.003
   0.47981     -9.998189  0.000  0.003  0.000  0.003
   0.50804     -9.998000  0.000  0.003  0.000  0.003
   0.53626     -9.997936  0.000  0.003  0.000  0.003
   0.53626     -9.997936  0.000  0.003  0.000  0.003
   0.55622     -9.997907  0.000  0.003  0.000  0.003
   0.57617     -9.997823  0.000  0.003  0.000  0.003
   0.59613     -9.997696  0.000  0.003  0.000  0.003
   0.61609     -9.997546  0.000  0.002  0.000  0.002
   0.63605     -9.998028  0.027  0.003  0.000  0.030
   0.65600     -9.998056  0.000  0.004  0.000  0.004
   0.67596     -9.997375  0.000  0.001  0.000  0.001
   0.69592     -9.997287  0.000  0.000  0.000  0.000
   0.71588     -9.997338  0.000  0.000  0.000  0.000
   0.73584     -9.997428  0.000  0.000  0.000  0.000
   0.75579     -9.997263  0.000  0.002  0.000  0.002
   0.77575     -9.996682  0.000  0.004  0.000  0.004
   0.79571     -9.995911  0.000  0.004  0.000  0.004
   0.81567     -9.995045  0.000  0.004  0.000  0.004
   0.83562     -9.994136  0.000  0.004  0.000  0.004
   0.85558     -9.993230  0.000  0.004  0.000  0.004
   0.87554     -9.992372  0.000  0.003  0.000  0.003
   0.89550     -9.991618  0.000  0.003  0.000  0.003
   0.91545     -9.991173  0.000  0.003  0.000  0.003
   0.91545     -9.991173  0.000  0.003  0.000  0.003
   0.94368     -9.991213  0.000  0.003  0.000  0.003
   0.97190     -9.991321  0.000  0.003  0.000  0.003
   1.00013     -9.991479  0.001  0.003  0.000  0.004
   1.02835     -9.967495  0.646  0.052  0.000  0.699
   1.05657     -9.935573  0.628  0.051  0.000  0.679
   1.08480     -9.897657  0.601  0.048  0.000  0.649
   1.11302     -9.854396  0.559  0.045  0.000  0.604
   1.14125     -9.806621  0.467  0.039  0.000  0.507
   1.16947     -9.755507  0.355  0.032  0.000  0.388
   1.19769     -9.702044  0.242  0.026  0.000  0.267
   1.22592     -9.647300  0.160  0.019  0.000  0.179
   1.25414     -9.592488  0.111  0.016  0.000  0.126
   1.28237     -9.539113  0.082  0.012  0.000  0.094
   1.31059     -9.488944  0.065  0.009  0.000  0.077
   1.33882     -9.443946  0.055  0.008  0.000  0.065
   1.36704     -9.406150  0.049  0.007  0.000  0.057
   1.39526     -9.377484  0.046  0.007  0.000  0.053
   1.42349     -9.359562  0.044  0.007  0.000  0.051
   1.45171     -9.353462  0.043  0.007  0.000  0.050
   1.45171     -9.353462  0.043  0.007  0.000  0.050
   1.47167     -9.397320  0.101  0.006  0.000  0.107
   1.49163     -9.442434  0.097  0.006  0.000  0.102
   1.51159     -9.486234  0.092  0.005  0.000  0.096
   1.53154     -9.528313  0.088  0.004  0.000  0.093
   1.55150     -9.568430  0.085  0.006  0.000  0.092
   1.57146     -9.606393  0.082  0.006  0.000  0.089
   1.59142     -9.642045  0.079  0.006  0.000  0.087
   1.61137     -9.675243  0.077  0.008  0.000  0.087
   1.63133     -9.705866  0.076  0.008  0.000  0.085
   1.65129     -9.733808  0.075  0.008  0.000  0.083
   1.67125     -9.758977  0.073  0.010  0.000  0.084
   1.69120     -9.781296  0.071  0.010  0.000  0.083
   1.71116     -9.800702  0.071  0.011  0.000  0.082
   1.73112     -9.817153  0.069  0.012  0.000  0.083
   1.75108     -9.830622  0.069  0.012  0.000  0.081
   1.77103     -9.841095  0.067  0.012  0.000  0.081
   1.79099     -9.848569  0.066  0.013  0.000  0.081
   1.81095     -9.853050  0.066  0.014  0.000  0.082
   1.83091     -9.854543  0.066  0.014  0.000  0.081
 
# Band-Index:   42
   1.83091     -9.704270  0.255  0.026  0.000  0.282
   1.81095     -9.703091  0.255  0.026  0.000  0.282
   1.79099     -9.699556  0.256  0.026  0.000  0.283
   1.77103     -9.693676  0.257  0.024  0.000  0.281
   1.75108     -9.685469  0.258  0.024  0.000  0.282
   1.73112     -9.674959  0.259  0.023  0.000  0.282
   1.71116     -9.662184  0.260  0.022  0.000  0.283
   1.69120     -9.647192  0.262  0.020  0.000  0.282
   1.67125     -9.630042  0.263  0.020  0.000  0.284
   1.65129     -9.610814  0.265  0.018  0.000  0.283
   1.63133     -9.589598  0.267  0.016  0.000  0.283
   1.61137     -9.566501  0.269  0.016  0.000  0.285
   1.59142     -9.541641  0.271  0.014  0.000  0.285
   1.57146     -9.515159  0.273  0.012  0.000  0.285
   1.55150     -9.487206  0.275  0.012  0.000  0.288
   1.53154     -9.457955  0.278  0.010  0.000  0.288
   1.51159     -9.427603  0.279  0.010  0.000  0.290
   1.49163     -9.396387  0.278  0.008  0.000  0.287
   1.47167     -9.364790  0.260  0.008  0.000  0.269
   1.45171     -9.352348  0.051  0.007  0.000  0.059
   1.45171     -9.352348  0.051  0.007  0.000  0.059
   1.42349     -9.358450  0.052  0.006  0.000  0.059
   1.39526     -9.376379  0.055  0.006  0.000  0.062
   1.36704     -9.405057  0.059  0.006  0.000  0.068
   1.33882     -9.442875  0.067  0.008  0.000  0.077
   1.31059     -9.487912  0.081  0.010  0.000  0.091
   1.28237     -9.538144  0.102  0.013  0.000  0.115
   1.25414     -9.591622  0.138  0.016  0.000  0.154
   1.22592     -9.646594  0.198  0.021  0.000  0.218
   1.19769     -9.701566  0.287  0.026  0.000  0.313
   1.16947     -9.755287  0.396  0.033  0.000  0.429
   1.14125     -9.806605  0.493  0.040  0.000  0.533
   1.11302     -9.854296  0.548  0.045  0.000  0.593
   1.08480     -9.897502  0.596  0.049  0.000  0.645
   1.05657     -9.935395  0.626  0.051  0.000  0.677
   1.02835     -9.967309  0.646  0.052  0.000  0.698
   1.00013     -9.990864  0.000  0.003  0.000  0.003
   0.97190     -9.990735  0.000  0.003  0.000  0.003
   0.94368     -9.990646  0.000  0.003  0.000  0.003
   0.91545     -9.990611  0.000  0.003  0.000  0.003
   0.91545     -9.990611  0.000  0.003  0.000  0.003
   0.89550     -9.990319  0.000  0.002  0.000  0.002
   0.87554     -9.990018  0.000  0.002  0.000  0.002
   0.85558     -9.990899  0.080  0.007  0.000  0.088
   0.83562     -9.992186  0.054  0.007  0.000  0.061
   0.81567     -9.993008  0.037  0.007  0.000  0.044
   0.79571     -9.993477  0.026  0.008  0.000  0.034
   0.77575     -9.993699  0.020  0.008  0.000  0.028
   0.75579     -9.993754  0.015  0.007  0.000  0.022
   0.73584     -9.993702  0.011  0.008  0.000  0.019
   0.71588     -9.994201  0.000  0.003  0.000  0.003
   0.69592     -9.995362  0.000  0.003  0.000  0.003
   0.67596     -9.996526  0.000  0.004  0.000  0.004
   0.65600     -9.997190  0.000  0.002  0.000  0.002
   0.63605     -9.997384  0.000  0.002  0.000  0.002
   0.61609     -9.997528  0.026  0.003  0.000  0.029
   0.59613     -9.997136  0.025  0.003  0.000  0.028
   0.57617     -9.996856  0.025  0.003  0.000  0.028
   0.55622     -9.996687  0.025  0.004  0.000  0.029
   0.53626     -9.996630  0.025  0.004  0.000  0.029
   0.53626     -9.996630  0.025  0.004  0.000  0.029
   0.50804     -9.996374  0.023  0.004  0.000  0.027
   0.47981     -9.995752  0.019  0.005  0.000  0.024
   0.45159     -9.995006  0.016  0.004  0.000  0.020
   0.42336     -9.994288  0.013  0.004  0.000  0.017
   0.39514     -9.993643  0.011  0.004  0.000  0.016
   0.36691     -9.993003  0.012  0.007  0.000  0.019
   0.33869     -9.991235  0.031  0.015  0.000  0.049
   0.31047     -9.988874  0.012  0.005  0.000  0.018
   0.28224     -9.986763  0.038  0.031  0.000  0.069
   0.25402     -9.974002  0.117  0.087  0.000  0.205
   0.22579     -9.944641  0.184  0.099  0.000  0.286
   0.19757     -9.905252  0.216  0.082  0.000  0.298
   0.16935     -9.862696  0.232  0.064  0.000  0.296
   0.14112     -9.820838  0.240  0.050  0.000  0.292
   0.11290     -9.782468  0.247  0.039  0.000  0.288
   0.08467     -9.749906  0.250  0.034  0.000  0.284
   0.05645     -9.725099  0.252  0.028  0.000  0.283
   0.02822     -9.709562  0.254  0.026  0.000  0.282
   0.00000     -9.704270  0.255  0.026  0.000  0.282
 
# Band-Index:   43
   0.00000     -9.500678  0.400  0.016  0.001  0.418
   0.02822     -9.506442  0.400  0.016  0.000  0.418
   0.05645     -9.523388  0.400  0.018  0.000  0.418
   0.08467     -9.550522  0.399  0.022  0.000  0.422
   0.11290     -9.586342  0.397  0.024  0.000  0.423
   0.14112     -9.629011  0.397  0.031  0.000  0.428
   0.16935     -9.676533  0.394  0.037  0.000  0.430
   0.19757     -9.726894  0.391  0.044  0.000  0.437
   0.22579     -9.778139  0.389  0.054  0.000  0.443
   0.25402     -9.828410  0.383  0.068  0.000  0.451
   0.28224     -9.875935  0.374  0.086  0.000  0.461
   0.31047     -9.918939  0.355  0.109  0.000  0.466
   0.33869     -9.955184  0.312  0.131  0.000  0.443
   0.36691     -9.978922  0.149  0.086  0.000  0.234
   0.39514     -9.986173  0.032  0.027  0.000  0.059
   0.42336     -9.988669  0.012  0.014  0.000  0.026
   0.45159     -9.990258  0.007  0.010  0.000  0.017
   0.47981     -9.991440  0.005  0.009  0.000  0.014
   0.50804     -9.992220  0.005  0.009  0.000  0.014
   0.53626     -9.992500  0.005  0.009  0.000  0.014
   0.53626     -9.992500  0.005  0.009  0.000  0.014
   0.55622     -9.992518  0.005  0.009  0.000  0.014
   0.57617     -9.992571  0.005  0.009  0.000  0.014
   0.59613     -9.992657  0.005  0.008  0.000  0.013
   0.61609     -9.992774  0.005  0.008  0.000  0.013
   0.63605     -9.992917  0.005  0.008  0.000  0.013
   0.65600     -9.993079  0.006  0.008  0.000  0.014
   0.67596     -9.993253  0.007  0.008  0.000  0.015
   0.69592     -9.993426  0.007  0.008  0.000  0.015
   0.71588     -9.993582  0.009  0.007  0.000  0.016
   0.73584     -9.993122  0.000  0.003  0.000  0.003
   0.75579     -9.992161  0.000  0.003  0.000  0.003
   0.77575     -9.991345  0.000  0.002  0.000  0.002
   0.79571     -9.990695  0.000  0.002  0.000  0.002
   0.81567     -9.990229  0.000  0.002  0.000  0.002
   0.83562     -9.989959  0.000  0.002  0.000  0.002
   0.85558     -9.989890  0.000  0.002  0.000  0.002
   0.87554     -9.989164  0.116  0.009  0.000  0.125
   0.89550     -9.987761  0.129  0.029  0.000  0.160
   0.91545     -9.987444  0.010  0.114  0.000  0.124
   0.91545     -9.987444  0.010  0.114  0.000  0.124
   0.94368     -9.984849  0.012  0.110  0.000  0.122
   0.97190     -9.976828  0.018  0.101  0.000  0.119
   1.00013     -9.962717  0.027  0.088  0.000  0.115
   1.02835     -9.941925  0.039  0.075  0.000  0.114
   1.05657     -9.914396  0.055  0.064  0.000  0.120
   1.08480     -9.880443  0.082  0.053  0.000  0.135
   1.11302     -9.840524  0.125  0.046  0.000  0.171
   1.14125     -9.795189  0.201  0.040  0.000  0.241
   1.16947     -9.745124  0.307  0.037  0.000  0.344
   1.19769     -9.691319  0.413  0.036  0.000  0.450
   1.22592     -9.635191  0.485  0.033  0.001  0.519
   1.25414     -9.578447  0.524  0.030  0.001  0.554
   1.28237     -9.522962  0.540  0.024  0.001  0.566
   1.31059     -9.470738  0.544  0.018  0.001  0.564
   1.33882     -9.423885  0.540  0.015  0.001  0.557
   1.36704     -9.384539  0.534  0.010  0.001  0.548
   1.39526     -9.354707  0.529  0.006  0.001  0.537
   1.42349     -9.336059  0.524  0.004  0.001  0.530
   1.45171     -9.329711  0.522  0.003  0.001  0.528
   1.45171     -9.329711  0.522  0.003  0.001  0.528
   1.47167     -9.316667  0.510  0.002  0.002  0.515
   1.49163     -9.330649  0.429  0.002  0.002  0.432
   1.51159     -9.345275  0.418  0.004  0.002  0.424
   1.53154     -9.360037  0.414  0.006  0.002  0.422
   1.55150     -9.374779  0.413  0.006  0.002  0.420
   1.57146     -9.389350  0.411  0.008  0.002  0.421
   1.59142     -9.403594  0.411  0.008  0.002  0.420
   1.61137     -9.417357  0.409  0.010  0.002  0.421
   1.63133     -9.430486  0.407  0.010  0.002  0.419
   1.65129     -9.442837  0.407  0.010  0.002  0.419
   1.67125     -9.454274  0.405  0.012  0.002  0.419
   1.69120     -9.464674  0.405  0.012  0.002  0.419
   1.71116     -9.473921  0.403  0.014  0.002  0.419
   1.73112     -9.481916  0.403  0.014  0.002  0.419
   1.75108     -9.488577  0.401  0.014  0.002  0.417
   1.77103     -9.493830  0.401  0.014  0.001  0.417
   1.79099     -9.497621  0.401  0.016  0.001  0.419
   1.81095     -9.499912  0.401  0.016  0.001  0.419
   1.83091     -9.500678  0.400  0.016  0.001  0.418
 
# Band-Index:   44
   1.83091     -9.192241  0.436  0.002  0.002  0.441
   1.81095     -9.192430  0.436  0.002  0.002  0.441
   1.79099     -9.193002  0.436  0.002  0.002  0.441
   1.77103     -9.193981  0.437  0.002  0.002  0.441
   1.75108     -9.195399  0.437  0.002  0.002  0.441
   1.73112     -9.197306  0.438  0.002  0.002  0.442
   1.71116     -9.199759  0.439  0.002  0.002  0.443
   1.69120     -9.202822  0.439  0.002  0.002  0.444
   1.67125     -9.206564  0.441  0.002  0.002  0.445
   1.65129     -9.211052  0.443  0.000  0.002  0.445
   1.63133     -9.216355  0.445  0.000  0.002  0.445
   1.61137     -9.222533  0.446  0.000  0.002  0.447
   1.59142     -9.229638  0.448  0.000  0.002  0.449
   1.57146     -9.237716  0.451  0.000  0.002  0.452
   1.55150     -9.246807  0.455  0.000  0.002  0.457
   1.53154     -9.256974  0.462  0.002  0.002  0.467
   1.51159     -9.268410  0.477  0.002  0.002  0.482
   1.49163     -9.282143  0.508  0.004  0.002  0.513
   1.47167     -9.306726  0.423  0.005  0.001  0.428
   1.45171     -9.329524  0.515  0.005  0.001  0.521
   1.45171     -9.329524  0.515  0.005  0.001  0.521
   1.42349     -9.335869  0.517  0.006  0.001  0.523
   1.39526     -9.354511  0.520  0.008  0.001  0.529
   1.36704     -9.384332  0.525  0.010  0.001  0.537
   1.33882     -9.423656  0.529  0.013  0.001  0.545
   1.31059     -9.470473  0.529  0.020  0.001  0.550
   1.28237     -9.522640  0.521  0.024  0.001  0.545
   1.25414     -9.578031  0.498  0.029  0.001  0.527
   1.22592     -9.634626  0.449  0.032  0.001  0.483
   1.19769     -9.690545  0.369  0.034  0.000  0.404
   1.16947     -9.744116  0.269  0.037  0.000  0.306
   1.14125     -9.794009  0.177  0.038  0.000  0.216
   1.11302     -9.839269  0.116  0.044  0.000  0.159
   1.08480     -9.879181  0.079  0.051  0.000  0.130
   1.05657     -9.913164  0.055  0.062  0.000  0.118
   1.02835     -9.940732  0.040  0.072  0.000  0.113
   1.00013     -9.961557  0.029  0.085  0.000  0.114
   0.97190     -9.975686  0.019  0.097  0.000  0.117
   0.94368     -9.983710  0.014  0.106  0.000  0.120
   0.91545     -9.986303  0.012  0.110  0.000  0.122
   0.91545     -9.986303  0.012  0.110  0.000  0.122
   0.89550     -9.976627  0.110  0.104  0.000  0.216
   0.87554     -9.967117  0.228  0.058  0.000  0.288
   0.85558     -9.959085  0.284  0.040  0.000  0.325
   0.83562     -9.951314  0.317  0.032  0.000  0.350
   0.81567     -9.943736  0.339  0.028  0.000  0.368
   0.79571     -9.936454  0.354  0.026  0.000  0.380
   0.77575     -9.929569  0.363  0.028  0.000  0.392
   0.75579     -9.923160  0.371  0.028  0.000  0.399
   0.73584     -9.917283  0.375  0.030  0.000  0.405
   0.71588     -9.911970  0.379  0.032  0.000  0.411
   0.69592     -9.907238  0.381  0.036  0.000  0.417
   0.67596     -9.903094  0.381  0.038  0.000  0.420
   0.65600     -9.899536  0.382  0.040  0.000  0.423
   0.63605     -9.896554  0.383  0.040  0.000  0.423
   0.61609     -9.894136  0.383  0.042  0.000  0.425
   0.59613     -9.892272  0.383  0.044  0.000  0.427
   0.57617     -9.890950  0.383  0.044  0.000  0.427
   0.55622     -9.890161  0.383  0.044  0.000  0.427
   0.53626     -9.889899  0.383  0.045  0.000  0.428
   0.53626     -9.889899  0.383  0.045  0.000  0.428
   0.50804     -9.886568  0.384  0.044  0.000  0.429
   0.47981     -9.876512  0.388  0.044  0.000  0.433
   0.45159     -9.859606  0.393  0.042  0.000  0.436
   0.42336     -9.835804  0.399  0.040  0.000  0.439
   0.39514     -9.805228  0.403  0.038  0.000  0.440
   0.36691     -9.768193  0.405  0.036  0.000  0.441
   0.33869     -9.725207  0.407  0.032  0.000  0.440
   0.31047     -9.676952  0.411  0.030  0.000  0.441
   0.28224     -9.624294  0.411  0.028  0.000  0.442
   0.25402     -9.568293  0.414  0.024  0.000  0.439
   0.22579     -9.510222  0.415  0.024  0.000  0.440
   0.19757     -9.451590  0.419  0.020  0.000  0.439
   0.16935     -9.394156  0.422  0.016  0.000  0.439
   0.14112     -9.339920  0.424  0.014  0.000  0.441
   0.11290     -9.291075  0.429  0.010  0.000  0.440
   0.08467     -9.249896  0.433  0.008  0.002  0.440
   0.05645     -9.218568  0.434  0.004  0.002  0.439
   0.02822     -9.198934  0.435  0.002  0.002  0.440
   0.00000     -9.192241  0.436  0.002  0.002  0.441
 
# Band-Index:   45
   0.00000     -8.915875  0.319  0.000  0.000  0.319
   0.02822     -8.923378  0.318  0.000  0.000  0.318
   0.05645     -8.945323  0.314  0.002  0.000  0.318
   0.08467     -8.980147  0.310  0.004  0.000  0.314
   0.11290     -9.025591  0.305  0.008  0.000  0.312
   0.14112     -9.079069  0.298  0.010  0.000  0.307
   0.16935     -9.137970  0.292  0.012  0.000  0.304
   0.19757     -9.199876  0.284  0.014  0.000  0.299
   0.22579     -9.262656  0.280  0.016  0.000  0.296
   0.25402     -9.324503  0.274  0.018  0.000  0.292
   0.28224     -9.383920  0.270  0.018  0.000  0.288
   0.31047     -9.439681  0.266  0.020  0.000  0.284
   0.33869     -9.490792  0.261  0.020  0.000  0.283
   0.36691     -9.536457  0.258  0.024  0.000  0.282
   0.39514     -9.576045  0.257  0.022  0.000  0.280
   0.42336     -9.609058  0.254  0.022  0.000  0.278
   0.45159     -9.635110  0.252  0.020  0.000  0.278
   0.47981     -9.653917  0.252  0.020  0.000  0.274
   0.50804     -9.665279  0.252  0.020  0.000  0.274
   0.53626     -9.669080  0.251  0.022  0.000  0.274
   0.53626     -9.669080  0.251  0.022  0.000  0.274
   0.55622     -9.670239  0.251  0.021  0.000  0.275
   0.57617     -9.673710  0.250  0.022  0.000  0.273
   0.59613     -9.679470  0.250  0.022  0.000  0.272
   0.61609     -9.687480  0.248  0.022  0.000  0.270
   0.63605     -9.697682  0.246  0.022  0.000  0.269
   0.65600     -9.710003  0.244  0.022  0.000  0.266
   0.67596     -9.724349  0.241  0.022  0.000  0.264
   0.69592     -9.740610  0.238  0.024  0.000  0.262
   0.71588     -9.758653  0.233  0.022  0.000  0.256
   0.73584     -9.778320  0.228  0.024  0.000  0.252
   0.75579     -9.799432  0.220  0.026  0.000  0.248
   0.77575     -9.821775  0.212  0.026  0.000  0.240
   0.79571     -9.845099  0.200  0.032  0.000  0.233
   0.81567     -9.869097  0.184  0.035  0.000  0.220
   0.83562     -9.893372  0.161  0.042  0.000  0.204
   0.85558     -9.917338  0.127  0.052  0.000  0.180
   0.87554     -9.939892  0.075  0.063  0.000  0.139
   0.89550     -9.958031  0.009  0.066  0.000  0.076
   0.91545     -9.963711  0.023  0.024  0.000  0.047
   0.91545     -9.963711  0.023  0.024  0.000  0.047
   0.94368     -9.960984  0.024  0.025  0.000  0.049
   0.97190     -9.952431  0.025  0.026  0.000  0.051
   1.00013     -9.937342  0.028  0.025  0.000  0.053
   1.02835     -9.915318  0.031  0.022  0.000  0.053
   1.05657     -9.886440  0.036  0.018  0.000  0.055
   1.08480     -9.851111  0.042  0.015  0.000  0.057
   1.11302     -9.809924  0.050  0.011  0.000  0.061
   1.14125     -9.763619  0.059  0.009  0.000  0.068
   1.16947     -9.713084  0.070  0.009  0.000  0.080
   1.19769     -9.659375  0.083  0.009  0.000  0.092
   1.22592     -9.603734  0.098  0.009  0.000  0.107
   1.25414     -9.547622  0.116  0.008  0.000  0.124
   1.28237     -9.492726  0.136  0.008  0.000  0.144
   1.31059     -9.440957  0.157  0.006  0.000  0.164
   1.33882     -9.394397  0.178  0.006  0.000  0.184
   1.36704     -9.355197  0.197  0.005  0.000  0.201
   1.39526     -9.325408  0.212  0.003  0.001  0.217
   1.42349     -9.306753  0.222  0.002  0.001  0.226
   1.45171     -9.300399  0.225  0.002  0.001  0.229
   1.45171     -9.300399  0.225  0.002  0.001  0.229
   1.47167     -9.296833  0.180  0.006  0.000  0.186
   1.49163     -9.264731  0.268  0.006  0.000  0.274
   1.51159     -9.232117  0.281  0.004  0.000  0.286
   1.53154     -9.199824  0.290  0.004  0.000  0.293
   1.55150     -9.168168  0.294  0.004  0.000  0.298
   1.57146     -9.137420  0.298  0.004  0.000  0.301
   1.59142     -9.107831  0.301  0.004  0.000  0.304
   1.61137     -9.079645  0.304  0.000  0.000  0.305
   1.63133     -9.053092  0.306  0.000  0.000  0.308
   1.65129     -9.028392  0.309  0.000  0.000  0.310
   1.67125     -9.005745  0.311  0.000  0.000  0.312
   1.69120     -8.985333  0.313  0.000  0.000  0.314
   1.71116     -8.967319  0.314  0.000  0.000  0.315
   1.73112     -8.951842  0.316  0.000  0.000  0.316
   1.75108     -8.939020  0.317  0.000  0.000  0.317
   1.77103     -8.928949  0.318  0.000  0.000  0.318
   1.79099     -8.921703  0.318  0.000  0.000  0.318
   1.81095     -8.917335  0.319  0.000  0.000  0.319
   1.83091     -8.915875  0.319  0.000  0.000  0.319
 
# Band-Index:   46
   1.83091     -8.633311  0.096  0.000  0.000  0.096
   1.81095     -8.636475  0.096  0.000  0.000  0.096
   1.79099     -8.645895  0.096  0.000  0.000  0.096
   1.77103     -8.661363  0.094  0.000  0.000  0.095
   1.75108     -8.682552  0.093  0.000  0.000  0.094
   1.73112     -8.709039  0.092  0.000  0.000  0.092
   1.71116     -8.740325  0.090  0.000  0.000  0.090
   1.69120     -8.775866  0.088  0.000  0.000  0.089
   1.67125     -8.815100  0.085  0.000  0.000  0.086
   1.65129     -8.857458  0.081  0.000  0.000  0.084
   1.63133     -8.902387  0.078  0.000  0.000  0.081
   1.61137     -8.949353  0.075  0.000  0.000  0.077
   1.59142     -8.997851  0.071  0.000  0.000  0.073
   1.57146     -9.047405  0.067  0.002  0.000  0.069
   1.55150     -9.097556  0.061  0.002  0.000  0.064
   1.53154     -9.147834  0.052  0.002  0.000  0.055
   1.51159     -9.197648  0.036  0.002  0.000  0.040
   1.49163     -9.245545  0.005  0.000  0.000  0.006
   1.47167     -9.282341  0.108  0.000  0.000  0.108
   1.45171     -9.300168  0.227  0.002  0.001  0.230
   1.45171     -9.300168  0.227  0.002  0.001  0.230
   1.42349     -9.306522  0.223  0.002  0.001  0.227
   1.39526     -9.325177  0.213  0.003  0.001  0.218
   1.36704     -9.354967  0.198  0.005  0.000  0.203
   1.33882     -9.394169  0.179  0.006  0.000  0.185
   1.31059     -9.440732  0.158  0.006  0.000  0.165
   1.28237     -9.492505  0.137  0.007  0.000  0.144
   1.25414     -9.547408  0.118  0.008  0.000  0.125
   1.22592     -9.603531  0.100  0.008  0.000  0.108
   1.19769     -9.659186  0.085  0.009  0.000  0.093
   1.16947     -9.712914  0.071  0.009  0.000  0.081
   1.14125     -9.763473  0.061  0.009  0.000  0.070
   1.11302     -9.809806  0.052  0.010  0.000  0.062
   1.08480     -9.851022  0.043  0.013  0.000  0.057
   1.05657     -9.886374  0.037  0.017  0.000  0.055
   1.02835     -9.915248  0.033  0.019  0.000  0.052
   1.00013     -9.937221  0.029  0.022  0.000  0.051
   0.97190     -9.952208  0.026  0.022  0.000  0.048
   0.94368     -9.960651  0.025  0.021  0.000  0.046
   0.91545     -9.963332  0.024  0.020  0.000  0.044
   0.91545     -9.963332  0.024  0.020  0.000  0.044
   0.89550     -9.948371  0.009  0.004  0.000  0.014
   0.87554     -9.915120  0.002  0.015  0.000  0.018
   0.85558     -9.875785  0.015  0.016  0.000  0.031
   0.83562     -9.834659  0.025  0.014  0.000  0.039
   0.81567     -9.793063  0.033  0.011  0.000  0.044
   0.79571     -9.751689  0.038  0.012  0.000  0.051
   0.77575     -9.711046  0.043  0.010  0.000  0.053
   0.75579     -9.671584  0.047  0.008  0.000  0.055
   0.73584     -9.633723  0.050  0.008  0.000  0.058
   0.71588     -9.597874  0.052  0.008  0.000  0.061
   0.69592     -9.564437  0.054  0.007  0.000  0.062
   0.67596     -9.533804  0.056  0.006  0.000  0.063
   0.65600     -9.506349  0.058  0.008  0.000  0.066
   0.63605     -9.482427  0.059  0.008  0.000  0.068
   0.61609     -9.462361  0.060  0.008  0.000  0.068
   0.59613     -9.446435  0.061  0.008  0.000  0.069
   0.57617     -9.434884  0.061  0.008  0.000  0.070
   0.55622     -9.427882  0.062  0.008  0.000  0.070
   0.53626     -9.425536  0.062  0.008  0.000  0.070
   0.53626     -9.425536  0.062  0.008  0.000  0.070
   0.50804     -9.421687  0.062  0.008  0.000  0.070
   0.47981     -9.410178  0.062  0.008  0.000  0.070
   0.45159     -9.391109  0.062  0.008  0.000  0.071
   0.42336     -9.364643  0.063  0.008  0.000  0.072
   0.39514     -9.331024  0.064  0.008  0.000  0.073
   0.36691     -9.290593  0.065  0.008  0.000  0.074
   0.33869     -9.243794  0.066  0.008  0.000  0.076
   0.31047     -9.191203  0.068  0.008  0.000  0.077
   0.28224     -9.133553  0.070  0.006  0.000  0.079
   0.25402     -9.071779  0.074  0.006  0.000  0.081
   0.22579     -9.007066  0.076  0.006  0.000  0.083
   0.19757     -8.940898  0.079  0.004  0.000  0.084
   0.16935     -8.875111  0.082  0.004  0.000  0.086
   0.14112     -8.811949  0.084  0.002  0.000  0.088
   0.11290     -8.754056  0.088  0.002  0.000  0.090
   0.08467     -8.704393  0.090  0.002  0.000  0.092
   0.05645     -8.666012  0.094  0.000  0.000  0.095
   0.02822     -8.641666  0.096  0.000  0.000  0.096
   0.00000     -8.633311  0.096  0.000  0.000  0.096
 
# Band-Index:   47
   0.00000     -6.070639  0.000  0.023  0.000  0.023
   0.02822     -6.056416  0.000  0.020  0.000  0.022
   0.05645     -6.014781  0.002  0.015  0.000  0.018
   0.08467     -5.948961  0.003  0.009  0.000  0.011
   0.11290     -5.876074  0.000  0.044  0.000  0.044
   0.14112     -5.821910  0.002  0.085  0.002  0.088
   0.16935     -5.812012  0.000  0.020  0.002  0.022
   0.19757     -5.802934  0.000  0.019  0.002  0.021
   0.22579     -5.793015  0.000  0.018  0.002  0.020
   0.25402     -5.782493  0.000  0.018  0.002  0.020
   0.28224     -5.771632  0.000  0.018  0.002  0.020
   0.31047     -5.760726  0.000  0.018  0.002  0.020
   0.33869     -5.750066  0.000  0.018  0.002  0.020
   0.36691     -5.739970  0.000  0.018  0.002  0.020
   0.39514     -5.730757  0.000  0.016  0.002  0.018
   0.42336     -5.722723  0.000  0.016  0.002  0.018
   0.45159     -5.716155  0.000  0.016  0.002  0.018
   0.47981     -5.711280  0.000  0.016  0.002  0.018
   0.50804     -5.708277  0.000  0.016  0.002  0.018
   0.53626     -5.707267  0.000  0.016  0.002  0.018
   0.53626     -5.707267  0.000  0.016  0.002  0.018
   0.55622     -5.704260  0.000  0.016  0.002  0.018
   0.57617     -5.695348  0.000  0.015  0.002  0.017
   0.59613     -5.706804  0.004  0.026  0.002  0.034
   0.61609     -5.719857  0.004  0.026  0.002  0.032
   0.63605     -5.730912  0.002  0.026  0.002  0.030
   0.65600     -5.738905  0.002  0.026  0.002  0.030
   0.67596     -5.743197  0.002  0.026  0.002  0.030
   0.69592     -5.743400  0.000  0.022  0.002  0.028
   0.71588     -5.739284  0.000  0.022  0.002  0.025
   0.73584     -5.730723  0.000  0.022  0.002  0.024
   0.75579     -5.717694  0.000  0.021  0.002  0.024
   0.77575     -5.700248  0.000  0.020  0.002  0.022
   0.79571     -5.678558  0.000  0.019  0.002  0.021
   0.81567     -5.670055  0.000  0.037  0.004  0.041
   0.83562     -5.670437  0.000  0.038  0.004  0.041
   0.85558     -5.667048  0.000  0.037  0.004  0.041
   0.87554     -5.659895  0.000  0.036  0.004  0.040
   0.89550     -5.649085  0.000  0.035  0.004  0.039
   0.91545     -5.635116  0.001  0.034  0.003  0.038
   0.91545     -5.635116  0.001  0.034  0.003  0.038
   0.94368     -5.636333  0.001  0.034  0.003  0.038
   0.97190     -5.639932  0.001  0.033  0.003  0.038
   1.00013     -5.645782  0.001  0.035  0.003  0.039
   1.02835     -5.653659  0.001  0.035  0.003  0.039
   1.05657     -5.663285  0.001  0.034  0.003  0.039
   1.08480     -5.674327  0.001  0.035  0.003  0.039
   1.11302     -5.686445  0.001  0.035  0.003  0.040
   1.14125     -5.699282  0.001  0.036  0.003  0.040
   1.16947     -5.712511  0.001  0.037  0.003  0.041
   1.19769     -5.725861  0.001  0.038  0.003  0.041
   1.22592     -5.739185  0.001  0.040  0.003  0.044
   1.25414     -5.752680  0.000  0.041  0.003  0.046
   1.28237     -5.767986  0.000  0.045  0.003  0.048
   1.31059     -5.797330  0.000  0.034  0.002  0.038
   1.33882     -5.863859  0.000  0.013  0.001  0.014
   1.36704     -5.933448  0.000  0.006  0.000  0.007
   1.39526     -5.987996  0.000  0.004  0.000  0.005
   1.42349     -6.022285  0.000  0.003  0.000  0.004
   1.45171     -6.033959  0.000  0.003  0.000  0.004
   1.45171     -6.033959  0.000  0.003  0.000  0.004
   1.47167     -6.034266  0.000  0.003  0.000  0.004
   1.49163     -6.035131  0.000  0.005  0.000  0.005
   1.51159     -6.036441  0.000  0.007  0.000  0.008
   1.53154     -6.038136  0.000  0.010  0.000  0.011
   1.55150     -6.040288  0.000  0.012  0.000  0.012
   1.57146     -6.042974  0.000  0.016  0.000  0.016
   1.59142     -6.046044  0.000  0.017  0.000  0.017
   1.61137     -6.049274  0.000  0.019  0.000  0.019
   1.63133     -6.052513  0.000  0.020  0.000  0.020
   1.65129     -6.055646  0.000  0.022  0.000  0.022
   1.67125     -6.058592  0.000  0.022  0.000  0.022
   1.69120     -6.061294  0.000  0.022  0.000  0.022
   1.71116     -6.063700  0.000  0.022  0.000  0.022
   1.73112     -6.065780  0.000  0.023  0.000  0.023
   1.75108     -6.067511  0.000  0.023  0.000  0.023
   1.77103     -6.068871  0.000  0.023  0.000  0.023
   1.79099     -6.069852  0.000  0.023  0.000  0.023
   1.81095     -6.070442  0.000  0.023  0.000  0.023
   1.83091     -6.070639  0.000  0.023  0.000  0.023
 
# Band-Index:   48
   1.83091     -6.053667  0.000  0.040  0.000  0.040
   1.81095     -6.053585  0.000  0.040  0.000  0.040
   1.79099     -6.053340  0.000  0.040  0.000  0.040
   1.77103     -6.052931  0.000  0.040  0.000  0.040
   1.75108     -6.052361  0.000  0.039  0.000  0.039
   1.73112     -6.051629  0.000  0.037  0.000  0.038
   1.71116     -6.050735  0.000  0.035  0.000  0.035
   1.69120     -6.049680  0.000  0.035  0.000  0.035
   1.67125     -6.048472  0.000  0.032  0.000  0.032
   1.65129     -6.047117  0.000  0.029  0.000  0.029
   1.63133     -6.045624  0.000  0.026  0.000  0.027
   1.61137     -6.044006  0.000  0.024  0.000  0.024
   1.59142     -6.042277  0.000  0.020  0.000  0.021
   1.57146     -6.040436  0.000  0.018  0.000  0.018
   1.55150     -6.038460  0.000  0.013  0.000  0.013
   1.53154     -6.036404  0.000  0.011  0.000  0.012
   1.51159     -6.034565  0.000  0.008  0.000  0.008
   1.49163     -6.033207  0.000  0.005  0.000  0.005
   1.47167     -6.032413  0.000  0.003  0.000  0.004
   1.45171     -6.032160  0.000  0.003  0.000  0.004
   1.45171     -6.032160  0.000  0.003  0.000  0.004
   1.42349     -6.020488  0.000  0.003  0.000  0.004
   1.39526     -5.986209  0.000  0.004  0.000  0.005
   1.36704     -5.931681  0.000  0.006  0.000  0.007
   1.33882     -5.862155  0.000  0.013  0.001  0.014
   1.31059     -5.796090  0.000  0.036  0.002  0.041
   1.28237     -5.767380  0.000  0.044  0.003  0.047
   1.25414     -5.752206  0.000  0.041  0.003  0.045
   1.22592     -5.738746  0.001  0.038  0.003  0.044
   1.19769     -5.725432  0.001  0.038  0.003  0.040
   1.16947     -5.712083  0.001  0.037  0.003  0.041
   1.14125     -5.698852  0.001  0.036  0.003  0.040
   1.11302     -5.686008  0.001  0.035  0.003  0.040
   1.08480     -5.673883  0.001  0.034  0.003  0.038
   1.05657     -5.662834  0.001  0.034  0.003  0.039
   1.02835     -5.653202  0.001  0.034  0.003  0.039
   1.00013     -5.645319  0.001  0.035  0.003  0.039
   0.97190     -5.639464  0.001  0.033  0.003  0.038
   0.94368     -5.635862  0.001  0.033  0.003  0.038
   0.91545     -5.634645  0.001  0.033  0.003  0.038
   0.91545     -5.634645  0.001  0.033  0.003  0.038
   0.89550     -5.617996  0.002  0.031  0.004  0.035
   0.87554     -5.601262  0.002  0.018  0.002  0.022
   0.85558     -5.600327  0.002  0.006  0.000  0.008
   0.83562     -5.624855  0.002  0.014  0.002  0.016
   0.81567     -5.653009  0.000  0.017  0.002  0.019
   0.79571     -5.665964  0.000  0.038  0.004  0.044
   0.77575     -5.658369  0.002  0.038  0.004  0.044
   0.75579     -5.647586  0.002  0.038  0.004  0.044
   0.73584     -5.634258  0.004  0.037  0.004  0.044
   0.71588     -5.619730  0.004  0.035  0.004  0.042
   0.69592     -5.607253  0.006  0.029  0.002  0.038
   0.67596     -5.604250  0.006  0.020  0.002  0.028
   0.65600     -5.617053  0.004  0.014  0.002  0.020
   0.63605     -5.638995  0.002  0.014  0.002  0.018
   0.61609     -5.661552  0.002  0.014  0.002  0.018
   0.59613     -5.680861  0.000  0.014  0.002  0.017
   0.57617     -5.693559  0.006  0.026  0.002  0.035
   0.55622     -5.683067  0.008  0.024  0.002  0.034
   0.53626     -5.678946  0.008  0.026  0.002  0.036
   0.53626     -5.678946  0.008  0.026  0.002  0.036
   0.50804     -5.680003  0.008  0.026  0.002  0.036
   0.47981     -5.683163  0.008  0.026  0.002  0.036
   0.45159     -5.688298  0.008  0.026  0.002  0.036
   0.42336     -5.695223  0.008  0.026  0.002  0.036
   0.39514     -5.703707  0.008  0.028  0.002  0.039
   0.36691     -5.713470  0.008  0.028  0.002  0.040
   0.33869     -5.724225  0.008  0.032  0.002  0.042
   0.31047     -5.735684  0.008  0.034  0.002  0.046
   0.28224     -5.747595  0.007  0.040  0.002  0.048
   0.25402     -5.759761  0.006  0.044  0.002  0.054
   0.22579     -5.772114  0.006  0.051  0.002  0.059
   0.19757     -5.784901  0.006  0.062  0.002  0.069
   0.16935     -5.799364  0.004  0.076  0.002  0.082
   0.14112     -5.820047  0.000  0.020  0.002  0.022
   0.11290     -5.863976  0.004  0.004  0.000  0.009
   0.08467     -5.946459  0.001  0.030  0.000  0.033
   0.05645     -6.004336  0.000  0.035  0.000  0.036
   0.02822     -6.041093  0.000  0.040  0.000  0.040
   0.00000     -6.053667  0.000  0.040  0.000  0.040
 
# Band-Index:   49
   0.00000     -5.970873  0.000  0.083  0.000  0.083
   0.02822     -5.958734  0.000  0.085  0.000  0.085
   0.05645     -5.923004  0.000  0.090  0.000  0.091
   0.08467     -5.865745  0.000  0.102  0.000  0.106
   0.11290     -5.826858  0.000  0.020  0.002  0.022
   0.14112     -5.770437  0.004  0.029  0.000  0.034
   0.16935     -5.684012  0.004  0.093  0.002  0.100
   0.19757     -5.615190  0.004  0.135  0.004  0.144
   0.22579     -5.592330  0.000  0.064  0.004  0.068
   0.25402     -5.580029  0.000  0.062  0.004  0.066
   0.28224     -5.567269  0.000  0.060  0.004  0.064
   0.31047     -5.554379  0.000  0.060  0.004  0.064
   0.33869     -5.541710  0.000  0.058  0.004  0.064
   0.36691     -5.529639  0.000  0.056  0.004  0.062
   0.39514     -5.518556  0.000  0.058  0.004  0.062
   0.42336     -5.508840  0.000  0.056  0.004  0.060
   0.45159     -5.500853  0.000  0.056  0.004  0.060
   0.47981     -5.494904  0.000  0.054  0.004  0.058
   0.50804     -5.491229  0.000  0.054  0.004  0.058
   0.53626     -5.489994  0.000  0.054  0.004  0.058
   0.53626     -5.489994  0.000  0.054  0.004  0.058
   0.55622     -5.482700  0.000  0.052  0.004  0.060
   0.57617     -5.462816  0.002  0.054  0.004  0.062
   0.59613     -5.434344  0.004  0.054  0.004  0.062
   0.61609     -5.445632  0.008  0.069  0.006  0.082
   0.63605     -5.472065  0.004  0.066  0.006  0.078
   0.65600     -5.491000  0.002  0.064  0.006  0.072
   0.67596     -5.493638  0.000  0.058  0.006  0.064
   0.69592     -5.473303  0.000  0.048  0.004  0.052
   0.71588     -5.436507  0.000  0.042  0.004  0.048
   0.73584     -5.390996  0.002  0.040  0.004  0.046
   0.75579     -5.400501  0.006  0.054  0.004  0.068
   0.77575     -5.435441  0.006  0.052  0.004  0.062
   0.79571     -5.469502  0.004  0.052  0.006  0.060
   0.81567     -5.501474  0.002  0.052  0.006  0.060
   0.83562     -5.529685  0.002  0.056  0.006  0.064
   0.85558     -5.547620  0.000  0.062  0.006  0.069
   0.87554     -5.533336  0.000  0.049  0.005  0.054
   0.89550     -5.496507  0.002  0.038  0.004  0.046
   0.91545     -5.452952  0.002  0.036  0.004  0.041
   0.91545     -5.452952  0.002  0.036  0.004  0.041
   0.94368     -5.454261  0.002  0.036  0.004  0.041
   0.97190     -5.458135  0.002  0.036  0.004  0.042
   1.00013     -5.464437  0.002  0.037  0.004  0.043
   1.02835     -5.472952  0.002  0.038  0.004  0.044
   1.05657     -5.483427  0.002  0.039  0.004  0.046
   1.08480     -5.495611  0.002  0.043  0.004  0.048
   1.11302     -5.509310  0.002  0.043  0.004  0.048
   1.14125     -5.524471  0.001  0.047  0.004  0.052
   1.16947     -5.541364  0.001  0.047  0.004  0.054
   1.19769     -5.560969  0.001  0.052  0.004  0.058
   1.22592     -5.585937  0.001  0.054  0.003  0.059
   1.25414     -5.622903  0.000  0.051  0.003  0.055
   1.28237     -5.681193  0.000  0.038  0.002  0.039
   1.31059     -5.746338  0.000  0.043  0.001  0.045
   1.33882     -5.785166  0.000  0.057  0.001  0.059
   1.36704     -5.852814  0.000  0.000  0.000  0.000
   1.39526     -5.910126  0.000  0.000  0.000  0.000
   1.42349     -5.945932  0.000  0.001  0.000  0.001
   1.45171     -5.958085  0.000  0.001  0.000  0.001
   1.45171     -5.958085  0.000  0.001  0.000  0.001
   1.47167     -5.962407  0.000  0.000  0.000  0.000
   1.49163     -5.966241  0.000  0.002  0.000  0.002
   1.51159     -5.969247  0.000  0.004  0.000  0.004
   1.53154     -5.971445  0.000  0.006  0.000  0.006
   1.55150     -5.972920  0.000  0.010  0.000  0.010
   1.57146     -5.973794  0.000  0.016  0.000  0.016
   1.59142     -5.974205  0.000  0.022  0.000  0.022
   1.61137     -5.974275  0.000  0.028  0.000  0.030
   1.63133     -5.974108  0.000  0.038  0.000  0.038
   1.65129     -5.973786  0.000  0.046  0.000  0.046
   1.67125     -5.973370  0.000  0.054  0.000  0.054
   1.69120     -5.972914  0.000  0.060  0.000  0.060
   1.71116     -5.972453  0.000  0.066  0.000  0.066
   1.73112     -5.972017  0.000  0.071  0.000  0.071
   1.75108     -5.971628  0.000  0.076  0.000  0.076
   1.77103     -5.971309  0.000  0.079  0.000  0.079
   1.79099     -5.971072  0.000  0.082  0.000  0.082
   1.81095     -5.970924  0.000  0.082  0.000  0.082
   1.83091     -5.970873  0.000  0.083  0.000  0.083
 
# Band-Index:   50
   1.83091     -5.902838  0.000  0.466  0.000  0.466
   1.81095     -5.903001  0.000  0.466  0.000  0.466
   1.79099     -5.903482  0.000  0.464  0.000  0.465
   1.77103     -5.904273  0.000  0.464  0.000  0.464
   1.75108     -5.905354  0.000  0.462  0.000  0.462
   1.73112     -5.906707  0.000  0.459  0.000  0.459
   1.71116     -5.908302  0.000  0.455  0.000  0.455
   1.69120     -5.910112  0.000  0.448  0.000  0.448
   1.67125     -5.912109  0.000  0.439  0.000  0.440
   1.65129     -5.914276  0.000  0.425  0.000  0.426
   1.63133     -5.916606  0.000  0.402  0.000  0.405
   1.61137     -5.919135  0.000  0.366  0.000  0.366
   1.59142     -5.921978  0.000  0.307  0.000  0.307
   1.57146     -5.925387  0.000  0.219  0.000  0.219
   1.55150     -5.929700  0.000  0.121  0.000  0.121
   1.53154     -5.934966  0.000  0.051  0.000  0.051
   1.51159     -5.940815  0.000  0.018  0.000  0.018
   1.49163     -5.946781  0.000  0.006  0.000  0.006
   1.47167     -5.952516  0.000  0.002  0.000  0.002
   1.45171     -5.957491  0.000  0.001  0.000  0.001
   1.45171     -5.957491  0.000  0.001  0.000  0.001
   1.42349     -5.945339  0.000  0.001  0.000  0.001
   1.39526     -5.909540  0.000  0.000  0.000  0.000
   1.36704     -5.852260  0.000  0.000  0.000  0.001
   1.33882     -5.785096  0.000  0.060  0.001  0.060
   1.31059     -5.745840  0.000  0.044  0.001  0.046
   1.28237     -5.680403  0.000  0.038  0.002  0.040
   1.25414     -5.622478  0.000  0.052  0.003  0.055
   1.22592     -5.585769  0.001  0.054  0.003  0.060
   1.19769     -5.560910  0.001  0.052  0.004  0.058
   1.16947     -5.541355  0.001  0.049  0.004  0.054
   1.14125     -5.524451  0.001  0.047  0.004  0.052
   1.11302     -5.509272  0.002  0.043  0.004  0.048
   1.08480     -5.495558  0.002  0.043  0.004  0.048
   1.05657     -5.483363  0.002  0.039  0.004  0.046
   1.02835     -5.472879  0.002  0.038  0.004  0.044
   1.00013     -5.464358  0.002  0.037  0.004  0.043
   0.97190     -5.458051  0.002  0.036  0.004  0.042
   0.94368     -5.454173  0.002  0.036  0.004  0.041
   0.91545     -5.452863  0.002  0.036  0.004  0.041
   0.91545     -5.452863  0.002  0.036  0.004  0.041
   0.89550     -5.405645  0.002  0.034  0.004  0.040
   0.87554     -5.355877  0.004  0.034  0.004  0.042
   0.85558     -5.304702  0.004  0.036  0.004  0.045
   0.83562     -5.254245  0.006  0.038  0.004  0.050
   0.81567     -5.215581  0.008  0.044  0.004  0.056
   0.79571     -5.236464  0.006  0.042  0.004  0.053
   0.77575     -5.287637  0.004  0.042  0.004  0.050
   0.75579     -5.340571  0.003  0.040  0.004  0.046
   0.73584     -5.366335  0.008  0.056  0.004  0.069
   0.71588     -5.335996  0.010  0.060  0.004  0.074
   0.69592     -5.315729  0.012  0.062  0.006  0.078
   0.67596     -5.314772  0.012  0.062  0.006  0.080
   0.65600     -5.334713  0.010  0.060  0.004  0.076
   0.63605     -5.366207  0.008  0.060  0.004  0.072
   0.61609     -5.400990  0.006  0.056  0.004  0.068
   0.59613     -5.416316  0.010  0.070  0.006  0.086
   0.57617     -5.387507  0.012  0.074  0.006  0.090
   0.55622     -5.364114  0.014  0.076  0.006  0.096
   0.53626     -5.354421  0.016  0.076  0.006  0.102
   0.53626     -5.354421  0.016  0.076  0.006  0.102
   0.50804     -5.356267  0.016  0.078  0.006  0.102
   0.47981     -5.361755  0.016  0.078  0.006  0.102
   0.45159     -5.370717  0.014  0.080  0.006  0.104
   0.42336     -5.382934  0.014  0.084  0.006  0.106
   0.39514     -5.398166  0.014  0.088  0.006  0.110
   0.36691     -5.416236  0.014  0.092  0.006  0.114
   0.33869     -5.437119  0.012  0.100  0.006  0.118
   0.31047     -5.461072  0.010  0.108  0.006  0.124
   0.28224     -5.488812  0.010  0.118  0.006  0.132
   0.25402     -5.521805  0.008  0.130  0.006  0.144
   0.22579     -5.562635  0.006  0.140  0.004  0.152
   0.19757     -5.603871  0.000  0.064  0.004  0.068
   0.16935     -5.654327  0.004  0.039  0.001  0.044
   0.14112     -5.746647  0.006  0.062  0.002  0.069
   0.11290     -5.800614  0.004  0.183  0.002  0.190
   0.08467     -5.832305  0.000  0.020  0.002  0.022
   0.05645     -5.864698  0.000  0.461  0.002  0.462
   0.02822     -5.892576  0.000  0.469  0.000  0.470
   0.00000     -5.902838  0.000  0.466  0.000  0.466
 
# Band-Index:   51
   0.00000     -5.885128  0.000  0.514  0.000  0.514
   0.02822     -5.873886  0.000  0.510  0.000  0.511
   0.05645     -5.840684  0.000  0.501  0.000  0.503
   0.08467     -5.830886  0.000  0.350  0.002  0.355
   0.11290     -5.790204  0.002  0.124  0.000  0.126
   0.14112     -5.699139  0.002  0.131  0.002  0.136
   0.16935     -5.614393  0.000  0.066  0.004  0.070
   0.19757     -5.551003  0.004  0.047  0.002  0.052
   0.22579     -5.448530  0.002  0.063  0.002  0.068
   0.25402     -5.353722  0.002  0.080  0.004  0.086
   0.28224     -5.278777  0.000  0.088  0.006  0.094
   0.31047     -5.265454  0.000  0.086  0.006  0.090
   0.33869     -5.252268  0.000  0.084  0.006  0.090
   0.36691     -5.239610  0.000  0.080  0.006  0.086
   0.39514     -5.227894  0.000  0.078  0.006  0.084
   0.42336     -5.217542  0.000  0.076  0.006  0.082
   0.45159     -5.208970  0.000  0.074  0.006  0.080
   0.47981     -5.202545  0.000  0.073  0.006  0.079
   0.50804     -5.198560  0.000  0.072  0.006  0.078
   0.53626     -5.197219  0.000  0.072  0.006  0.078
   0.53626     -5.197219  0.000  0.072  0.006  0.078
   0.55622     -5.186718  0.002  0.074  0.006  0.081
   0.57617     -5.160948  0.004  0.078  0.006  0.088
   0.59613     -5.128188  0.006  0.082  0.006  0.094
   0.61609     -5.093276  0.008  0.088  0.006  0.102
   0.63605     -5.094016  0.004  0.068  0.006  0.078
   0.65600     -5.120467  0.002  0.066  0.006  0.074
   0.67596     -5.134420  0.000  0.064  0.006  0.070
   0.69592     -5.126471  0.000  0.068  0.006  0.074
   0.71588     -5.098258  0.002  0.072  0.006  0.082
   0.73584     -5.059171  0.004  0.080  0.006  0.092
   0.75579     -5.040514  0.006  0.060  0.006  0.072
   0.77575     -5.082998  0.004  0.050  0.004  0.062
   0.79571     -5.127206  0.002  0.042  0.004  0.052
   0.81567     -5.142592  0.000  0.040  0.004  0.044
   0.83562     -5.098947  0.002  0.046  0.004  0.054
   0.85558     -5.043811  0.004  0.053  0.004  0.062
   0.87554     -4.988657  0.006  0.060  0.006  0.072
   0.89550     -4.936728  0.006  0.071  0.006  0.084
   0.91545     -4.891467  0.008  0.085  0.008  0.101
   0.91545     -4.891467  0.008  0.085  0.008  0.101
   0.94368     -4.895283  0.008  0.085  0.008  0.101
   0.97190     -4.906370  0.008  0.086  0.008  0.102
   1.00013     -4.924031  0.007  0.090  0.008  0.105
   1.02835     -4.947825  0.006  0.097  0.007  0.111
   1.05657     -4.977920  0.005  0.106  0.007  0.119
   1.08480     -5.015293  0.003  0.117  0.007  0.128
   1.11302     -5.061888  0.003  0.126  0.007  0.136
   1.14125     -5.120582  0.002  0.129  0.006  0.138
   1.16947     -5.194490  0.001  0.124  0.005  0.130
   1.19769     -5.284584  0.001  0.106  0.004  0.110
   1.22592     -5.386377  0.001  0.094  0.003  0.097
   1.25414     -5.490617  0.001  0.100  0.002  0.103
   1.28237     -5.589548  0.001  0.113  0.002  0.116
   1.31059     -5.684329  0.000  0.092  0.001  0.093
   1.33882     -5.769275  0.000  0.187  0.001  0.189
   1.36704     -5.824274  0.003  0.520  0.002  0.525
   1.39526     -5.876909  0.003  0.584  0.001  0.587
   1.42349     -5.911504  0.000  0.599  0.000  0.600
   1.45171     -5.923375  0.000  0.602  0.000  0.603
   1.45171     -5.923375  0.000  0.602  0.000  0.603
   1.47167     -5.923116  0.000  0.601  0.000  0.601
   1.49163     -5.922343  0.000  0.599  0.000  0.600
   1.51159     -5.921079  0.000  0.594  0.000  0.596
   1.53154     -5.919365  0.000  0.591  0.000  0.591
   1.55150     -5.917242  0.000  0.586  0.000  0.587
   1.57146     -5.914757  0.000  0.579  0.000  0.579
   1.59142     -5.911977  0.000  0.572  0.000  0.572
   1.61137     -5.908979  0.000  0.564  0.000  0.564
   1.63133     -5.905848  0.000  0.555  0.000  0.555
   1.65129     -5.902674  0.000  0.547  0.000  0.547
   1.67125     -5.899544  0.000  0.542  0.000  0.542
   1.69120     -5.896547  0.000  0.535  0.000  0.535
   1.71116     -5.893767  0.000  0.530  0.000  0.530
   1.73112     -5.891276  0.000  0.524  0.000  0.524
   1.75108     -5.889142  0.000  0.520  0.000  0.520
   1.77103     -5.887420  0.000  0.517  0.000  0.517
   1.79099     -5.886156  0.000  0.515  0.000  0.515
   1.81095     -5.885386  0.000  0.514  0.000  0.514
   1.83091     -5.885128  0.000  0.514  0.000  0.514
 
# Band-Index:   52
   1.83091     -5.853021  0.000  0.115  0.000  0.115
   1.81095     -5.853471  0.000  0.115  0.000  0.115
   1.79099     -5.854812  0.000  0.117  0.000  0.117
   1.77103     -5.857020  0.000  0.117  0.000  0.117
   1.75108     -5.860059  0.000  0.121  0.000  0.121
   1.73112     -5.863872  0.000  0.123  0.000  0.123
   1.71116     -5.868399  0.000  0.128  0.000  0.128
   1.69120     -5.873556  0.000  0.135  0.000  0.135
   1.67125     -5.879248  0.000  0.146  0.000  0.146
   1.65129     -5.885363  0.000  0.160  0.000  0.160
   1.63133     -5.891763  0.000  0.184  0.000  0.184
   1.61137     -5.898265  0.000  0.222  0.000  0.222
   1.59142     -5.904596  0.000  0.283  0.000  0.283
   1.57146     -5.910343  0.000  0.373  0.000  0.373
   1.55150     -5.915012  0.000  0.475  0.000  0.476
   1.53154     -5.918374  0.000  0.548  0.000  0.548
   1.51159     -5.920630  0.000  0.582  0.000  0.582
   1.49163     -5.922071  0.000  0.597  0.000  0.597
   1.47167     -5.922882  0.000  0.601  0.000  0.601
   1.45171     -5.923146  0.000  0.602  0.000  0.603
   1.45171     -5.923146  0.000  0.602  0.000  0.603
   1.42349     -5.911271  0.000  0.599  0.000  0.600
   1.39526     -5.876664  0.003  0.584  0.001  0.588
   1.36704     -5.824010  0.003  0.520  0.002  0.525
   1.33882     -5.768767  0.000  0.184  0.001  0.186
   1.31059     -5.683770  0.000  0.094  0.001  0.096
   1.28237     -5.589257  0.001  0.116  0.002  0.119
   1.25414     -5.490471  0.001  0.100  0.002  0.103
   1.22592     -5.386049  0.001  0.094  0.003  0.097
   1.19769     -5.284344  0.001  0.107  0.004  0.112
   1.16947     -5.194442  0.001  0.124  0.005  0.130
   1.14125     -5.120453  0.002  0.129  0.006  0.138
   1.11302     -5.061636  0.003  0.126  0.007  0.135
   1.08480     -5.014964  0.003  0.117  0.007  0.127
   1.05657     -4.977543  0.004  0.106  0.007  0.118
   1.02835     -4.947419  0.006  0.096  0.007  0.111
   1.00013     -4.923609  0.007  0.090  0.008  0.105
   0.97190     -4.905941  0.008  0.086  0.008  0.102
   0.94368     -4.894855  0.008  0.085  0.008  0.100
   0.91545     -4.891041  0.008  0.085  0.008  0.101
   0.91545     -4.891041  0.008  0.085  0.008  0.101
   0.89550     -4.856809  0.010  0.102  0.010  0.122
   0.87554     -4.838974  0.010  0.118  0.010  0.140
   0.85558     -4.840861  0.012  0.124  0.012  0.146
   0.83562     -4.859944  0.010  0.120  0.010  0.142
   0.81567     -4.890902  0.010  0.114  0.010  0.134
   0.79571     -4.929194  0.008  0.104  0.008  0.122
   0.77575     -4.971628  0.008  0.094  0.008  0.110
   0.75579     -5.015773  0.006  0.086  0.008  0.099
   0.73584     -5.007326  0.008  0.072  0.006  0.087
   0.71588     -4.989147  0.010  0.086  0.006  0.102
   0.69592     -4.988575  0.010  0.094  0.008  0.112
   0.67596     -5.003147  0.010  0.096  0.008  0.114
   0.65600     -5.028031  0.010  0.096  0.008  0.112
   0.63605     -5.059074  0.008  0.092  0.008  0.106
   0.61609     -5.063470  0.004  0.074  0.006  0.084
   0.59613     -5.033732  0.006  0.079  0.006  0.092
   0.57617     -5.008386  0.008  0.082  0.006  0.096
   0.55622     -4.990923  0.008  0.088  0.006  0.102
   0.53626     -4.984616  0.008  0.090  0.006  0.104
   0.53626     -4.984616  0.008  0.090  0.006  0.104
   0.50804     -4.987870  0.008  0.090  0.006  0.104
   0.47981     -4.997576  0.008  0.092  0.006  0.106
   0.45159     -5.013613  0.008  0.096  0.006  0.110
   0.42336     -5.035961  0.008  0.095  0.006  0.109
   0.39514     -5.064896  0.006  0.099  0.006  0.114
   0.36691     -5.101199  0.006  0.102  0.006  0.116
   0.33869     -5.146295  0.004  0.102  0.006  0.112
   0.31047     -5.202222  0.004  0.098  0.004  0.110
   0.28224     -5.271070  0.004  0.092  0.004  0.100
   0.25402     -5.291877  0.000  0.091  0.006  0.096
   0.22579     -5.338024  0.004  0.022  0.000  0.027
   0.19757     -5.468860  0.004  0.046  0.000  0.051
   0.16935     -5.591569  0.004  0.091  0.001  0.097
   0.14112     -5.623856  0.004  0.350  0.004  0.358
   0.11290     -5.714313  0.004  0.429  0.002  0.435
   0.08467     -5.786925  0.002  0.477  0.002  0.483
   0.05645     -5.836278  0.000  0.020  0.002  0.022
   0.02822     -5.842830  0.000  0.092  0.000  0.092
   0.00000     -5.853021  0.000  0.115  0.000  0.115
 
# Band-Index:   53
   0.00000     -5.839500  0.000  0.020  0.002  0.022
   0.02822     -5.838692  0.000  0.020  0.002  0.022
   0.05645     -5.813787  0.002  0.026  0.000  0.028
   0.08467     -5.766286  0.006  0.021  0.000  0.026
   0.11290     -5.694790  0.008  0.102  0.000  0.111
   0.14112     -5.623669  0.000  0.066  0.004  0.070
   0.16935     -5.516133  0.006  0.264  0.004  0.273
   0.19757     -5.393846  0.006  0.198  0.004  0.206
   0.22579     -5.304434  0.000  0.092  0.006  0.098
   0.25402     -5.205595  0.004  0.009  0.000  0.016
   0.28224     -5.077435  0.004  0.006  0.000  0.012
   0.31047     -4.959967  0.004  0.008  0.000  0.012
   0.33869     -4.860583  0.006  0.012  0.000  0.020
   0.36691     -4.818410  0.000  0.080  0.004  0.082
   0.39514     -4.801985  0.000  0.074  0.004  0.078
   0.42336     -4.786561  0.000  0.066  0.004  0.070
   0.45159     -4.772930  0.000  0.062  0.004  0.066
   0.47981     -4.762052  0.000  0.056  0.004  0.062
   0.50804     -4.757640  0.007  0.072  0.003  0.081
   0.53626     -4.757691  0.007  0.070  0.003  0.079
   0.53626     -4.757691  0.007  0.070  0.003  0.079
   0.55622     -4.757984  0.007  0.070  0.003  0.079
   0.57617     -4.758878  0.007  0.071  0.003  0.079
   0.59613     -4.760381  0.007  0.071  0.003  0.080
   0.61609     -4.762511  0.007  0.069  0.002  0.079
   0.63605     -4.765295  0.007  0.070  0.002  0.079
   0.65600     -4.768744  0.007  0.070  0.002  0.077
   0.67596     -4.772869  0.006  0.067  0.002  0.076
   0.69592     -4.777644  0.006  0.066  0.002  0.072
   0.71588     -4.782997  0.005  0.061  0.002  0.068
   0.73584     -4.788801  0.003  0.057  0.002  0.062
   0.75579     -4.794861  0.002  0.050  0.002  0.056
   0.77575     -4.800944  0.002  0.046  0.002  0.050
   0.79571     -4.806795  0.002  0.041  0.002  0.046
   0.81567     -4.812157  0.002  0.037  0.002  0.041
   0.83562     -4.816802  0.002  0.033  0.002  0.036
   0.85558     -4.820539  0.002  0.031  0.000  0.032
   0.87554     -4.823214  0.001  0.028  0.000  0.030
   0.89550     -4.824718  0.001  0.025  0.000  0.027
   0.91545     -4.825101  0.001  0.023  0.000  0.024
   0.91545     -4.825101  0.001  0.023  0.000  0.024
   0.94368     -4.824087  0.001  0.024  0.000  0.025
   0.97190     -4.821197  0.001  0.024  0.000  0.026
   1.00013     -4.816891  0.001  0.026  0.001  0.028
   1.02835     -4.812162  0.000  0.031  0.002  0.033
   1.05657     -4.809882  0.002  0.047  0.003  0.051
   1.08480     -4.822674  0.002  0.103  0.005  0.113
   1.11302     -4.877850  0.002  0.133  0.007  0.143
   1.14125     -4.962331  0.003  0.150  0.006  0.160
   1.16947     -5.060808  0.005  0.186  0.007  0.198
   1.19769     -5.166180  0.008  0.237  0.007  0.252
   1.22592     -5.278515  0.007  0.175  0.004  0.187
   1.25414     -5.408416  0.005  0.166  0.003  0.174
   1.28237     -5.528695  0.008  0.268  0.003  0.281
   1.31059     -5.634907  0.010  0.375  0.003  0.389
   1.33882     -5.720421  0.008  0.332  0.003  0.345
   1.36704     -5.762225  0.004  0.086  0.002  0.092
   1.39526     -5.774316  0.002  0.038  0.002  0.043
   1.42349     -5.779320  0.002  0.031  0.002  0.036
   1.45171     -5.780815  0.002  0.030  0.002  0.034
   1.45171     -5.780815  0.002  0.030  0.002  0.034
   1.47167     -5.794225  0.000  0.034  0.002  0.038
   1.49163     -5.804662  0.000  0.036  0.002  0.039
   1.51159     -5.811361  0.000  0.037  0.002  0.040
   1.53154     -5.814045  0.000  0.039  0.002  0.042
   1.55150     -5.812627  0.000  0.040  0.002  0.044
   1.57146     -5.811558  0.002  0.017  0.001  0.020
   1.59142     -5.831752  0.000  0.022  0.002  0.024
   1.61137     -5.848129  0.000  0.024  0.002  0.025
   1.63133     -5.860149  0.000  0.024  0.002  0.026
   1.65129     -5.867554  0.000  0.026  0.002  0.028
   1.67125     -5.870234  0.000  0.026  0.002  0.030
   1.69120     -5.868195  0.002  0.028  0.002  0.032
   1.71116     -5.861551  0.004  0.030  0.002  0.034
   1.73112     -5.850543  0.004  0.030  0.002  0.036
   1.75108     -5.835612  0.008  0.028  0.002  0.038
   1.77103     -5.817585  0.010  0.027  0.002  0.039
   1.79099     -5.825592  0.002  0.020  0.002  0.022
   1.81095     -5.835980  0.000  0.020  0.002  0.022
   1.83091     -5.839500  0.000  0.020  0.002  0.022
 
# Band-Index:   54
   1.83091     -5.773400  0.020  0.018  0.000  0.040
   1.81095     -5.780934  0.018  0.020  0.000  0.040
   1.79099     -5.798112  0.014  0.024  0.002  0.039
   1.77103     -5.808916  0.002  0.018  0.002  0.022
   1.75108     -5.787162  0.004  0.016  0.000  0.022
   1.73112     -5.762788  0.008  0.012  0.000  0.020
   1.71116     -5.741146  0.011  0.008  0.000  0.022
   1.69120     -5.731409  0.012  0.012  0.000  0.026
   1.67125     -5.737566  0.012  0.024  0.002  0.036
   1.65129     -5.752514  0.008  0.032  0.002  0.042
   1.63133     -5.769401  0.006  0.035  0.002  0.044
   1.61137     -5.784984  0.004  0.038  0.002  0.046
   1.59142     -5.797806  0.002  0.040  0.002  0.045
   1.57146     -5.807130  0.002  0.039  0.002  0.044
   1.55150     -5.788626  0.002  0.012  0.000  0.015
   1.53154     -5.765894  0.004  0.007  0.000  0.012
   1.51159     -5.750850  0.006  0.002  0.000  0.008
   1.49163     -5.752480  0.004  0.012  0.000  0.018
   1.47167     -5.765452  0.004  0.022  0.002  0.028
   1.45171     -5.780523  0.002  0.029  0.002  0.034
   1.45171     -5.780523  0.002  0.029  0.002  0.034
   1.42349     -5.779028  0.002  0.030  0.002  0.035
   1.39526     -5.774028  0.002  0.038  0.002  0.043
   1.36704     -5.761969  0.004  0.086  0.002  0.091
   1.33882     -5.720409  0.008  0.332  0.003  0.344
   1.31059     -5.634755  0.010  0.373  0.003  0.387
   1.28237     -5.528486  0.008  0.265  0.003  0.277
   1.25414     -5.408185  0.005  0.160  0.003  0.168
   1.22592     -5.278116  0.006  0.156  0.004  0.166
   1.19769     -5.165999  0.008  0.240  0.007  0.255
   1.16947     -5.060550  0.005  0.187  0.007  0.199
   1.14125     -4.962090  0.003  0.150  0.006  0.161
   1.11302     -4.877797  0.002  0.133  0.007  0.143
   1.08480     -4.821967  0.002  0.105  0.005  0.114
   1.05657     -4.808797  0.002  0.047  0.003  0.052
   1.02835     -4.811321  0.000  0.031  0.002  0.033
   1.00013     -4.816253  0.001  0.026  0.001  0.029
   0.97190     -4.820672  0.001  0.025  0.000  0.027
   0.94368     -4.823611  0.001  0.024  0.000  0.026
   0.91545     -4.824637  0.001  0.024  0.000  0.025
   0.91545     -4.824637  0.001  0.024  0.000  0.025
   0.89550     -4.823702  0.001  0.022  0.000  0.025
   0.87554     -4.821290  0.001  0.021  0.000  0.024
   0.85558     -4.817557  0.001  0.020  0.000  0.023
   0.83562     -4.812586  0.000  0.021  0.000  0.021
   0.81567     -4.806506  0.001  0.021  0.000  0.022
   0.79571     -4.799530  0.002  0.022  0.000  0.024
   0.77575     -4.792021  0.002  0.025  0.000  0.027
   0.75579     -4.784586  0.002  0.033  0.000  0.038
   0.73584     -4.777992  0.004  0.042  0.002  0.049
   0.71588     -4.772629  0.004  0.055  0.002  0.061
   0.69592     -4.768299  0.004  0.061  0.002  0.069
   0.67596     -4.764690  0.006  0.064  0.002  0.072
   0.65600     -4.761626  0.007  0.066  0.002  0.075
   0.63605     -4.759042  0.007  0.068  0.002  0.075
   0.61609     -4.756919  0.007  0.067  0.002  0.076
   0.59613     -4.755255  0.007  0.067  0.002  0.077
   0.57617     -4.754059  0.007  0.068  0.002  0.076
   0.55622     -4.753338  0.007  0.068  0.002  0.077
   0.53626     -4.753097  0.007  0.068  0.002  0.077
   0.53626     -4.753097  0.007  0.068  0.002  0.077
   0.50804     -4.754954  0.000  0.054  0.004  0.058
   0.47981     -4.757741  0.007  0.075  0.003  0.084
   0.45159     -4.758760  0.007  0.078  0.003  0.088
   0.42336     -4.762079  0.008  0.086  0.003  0.097
   0.39514     -4.769931  0.009  0.094  0.004  0.109
   0.36691     -4.789477  0.012  0.058  0.002  0.073
   0.33869     -4.835210  0.000  0.086  0.004  0.090
   0.31047     -4.899025  0.018  0.142  0.004  0.164
   0.28224     -5.001826  0.006  0.109  0.004  0.118
   0.25402     -5.129172  0.006  0.124  0.004  0.132
   0.22579     -5.262521  0.006  0.153  0.004  0.162
   0.19757     -5.368317  0.014  0.172  0.002  0.190
   0.16935     -5.490796  0.014  0.166  0.002  0.181
   0.14112     -5.601199  0.012  0.148  0.000  0.160
   0.11290     -5.635399  0.020  0.275  0.000  0.298
   0.08467     -5.706961  0.022  0.218  0.000  0.240
   0.05645     -5.749796  0.022  0.108  0.000  0.130
   0.02822     -5.768448  0.020  0.036  0.000  0.059
   0.00000     -5.773400  0.020  0.018  0.000  0.040
 
# Band-Index:   55
   0.00000     -5.646018  0.000  0.068  0.004  0.072
   0.02822     -5.645092  0.000  0.068  0.004  0.072
   0.05645     -5.642325  0.000  0.068  0.004  0.072
   0.08467     -5.637770  0.000  0.068  0.004  0.072
   0.11290     -5.631512  0.000  0.068  0.004  0.072
   0.14112     -5.540855  0.020  0.289  0.002  0.311
   0.16935     -5.429437  0.018  0.277  0.002  0.299
   0.19757     -5.316158  0.000  0.094  0.005  0.100
   0.22579     -5.239245  0.016  0.180  0.004  0.202
   0.25402     -5.111396  0.020  0.186  0.004  0.211
   0.28224     -4.995090  0.019  0.172  0.004  0.196
   0.31047     -4.890488  0.007  0.116  0.004  0.128
   0.33869     -4.827722  0.016  0.117  0.004  0.135
   0.36691     -4.782913  0.013  0.103  0.004  0.119
   0.39514     -4.761309  0.011  0.092  0.003  0.106
   0.42336     -4.753556  0.009  0.081  0.003  0.093
   0.45159     -4.751775  0.007  0.074  0.003  0.085
   0.47981     -4.752093  0.007  0.070  0.002  0.080
   0.50804     -4.752791  0.007  0.068  0.002  0.077
   0.53626     -4.752480  0.000  0.052  0.004  0.056
   0.53626     -4.752480  0.000  0.052  0.004  0.056
   0.55622     -4.748546  0.000  0.054  0.004  0.058
   0.57617     -4.737972  0.000  0.056  0.004  0.062
   0.59613     -4.723239  0.002  0.062  0.004  0.066
   0.61609     -4.706417  0.002  0.066  0.004  0.072
   0.63605     -4.707925  0.000  0.028  0.000  0.030
   0.65600     -4.718531  0.000  0.028  0.002  0.032
   0.67596     -4.729459  0.000  0.030  0.002  0.034
   0.69592     -4.740249  0.000  0.034  0.002  0.037
   0.71588     -4.750366  0.000  0.042  0.002  0.043
   0.73584     -4.759171  0.002  0.051  0.002  0.056
   0.75579     -4.766149  0.003  0.062  0.002  0.068
   0.77575     -4.771398  0.003  0.068  0.002  0.076
   0.79571     -4.775414  0.004  0.069  0.002  0.078
   0.81567     -4.778546  0.004  0.070  0.002  0.077
   0.83562     -4.780932  0.004  0.071  0.002  0.076
   0.85558     -4.782595  0.004  0.070  0.002  0.074
   0.87554     -4.783500  0.004  0.069  0.002  0.073
   0.89550     -4.783605  0.004  0.065  0.002  0.070
   0.91545     -4.782967  0.003  0.063  0.002  0.069
   0.91545     -4.782967  0.003  0.063  0.002  0.069
   0.94368     -4.782201  0.003  0.065  0.002  0.071
   0.97190     -4.780168  0.003  0.067  0.002  0.075
   1.00013     -4.777528  0.003  0.072  0.003  0.077
   1.02835     -4.775174  0.003  0.074  0.003  0.081
   1.05657     -4.774814  0.003  0.073  0.002  0.079
   1.08480     -4.782409  0.002  0.036  0.002  0.042
   1.11302     -4.795824  0.003  0.014  0.002  0.018
   1.14125     -4.876010  0.000  0.030  0.001  0.033
   1.16947     -5.006152  0.001  0.033  0.001  0.035
   1.19769     -5.142055  0.001  0.041  0.001  0.044
   1.22592     -5.272504  0.007  0.177  0.004  0.190
   1.25414     -5.373420  0.010  0.210  0.004  0.225
   1.28237     -5.453925  0.009  0.136  0.002  0.148
   1.31059     -5.503778  0.007  0.078  0.002  0.088
   1.33882     -5.531260  0.005  0.058  0.002  0.066
   1.36704     -5.547231  0.005  0.051  0.003  0.058
   1.39526     -5.556814  0.004  0.050  0.003  0.057
   1.42349     -5.562046  0.004  0.048  0.003  0.055
   1.45171     -5.563721  0.004  0.049  0.003  0.055
   1.45171     -5.563721  0.004  0.049  0.003  0.055
   1.47167     -5.604609  0.002  0.054  0.004  0.062
   1.49163     -5.636312  0.000  0.066  0.004  0.070
   1.51159     -5.649554  0.000  0.074  0.004  0.082
   1.53154     -5.638997  0.002  0.072  0.004  0.080
   1.55150     -5.613772  0.006  0.065  0.004  0.076
   1.57146     -5.581722  0.008  0.061  0.004  0.072
   1.59142     -5.546312  0.010  0.058  0.003  0.072
   1.61137     -5.509747  0.014  0.052  0.002  0.072
   1.63133     -5.474920  0.012  0.050  0.002  0.066
   1.65129     -5.522743  0.006  0.058  0.004  0.066
   1.67125     -5.562704  0.002  0.068  0.004  0.074
   1.69120     -5.586964  0.000  0.078  0.004  0.084
   1.71116     -5.587804  0.002  0.084  0.004  0.090
   1.73112     -5.568749  0.006  0.082  0.004  0.092
   1.75108     -5.538646  0.010  0.078  0.004  0.092
   1.77103     -5.574132  0.012  0.058  0.002  0.072
   1.79099     -5.608800  0.008  0.060  0.004  0.074
   1.81095     -5.635332  0.002  0.064  0.004  0.072
   1.83091     -5.646018  0.000  0.068  0.004  0.072
 
# Band-Index:   56
   1.83091     -5.393088  0.038  0.060  0.000  0.102
   1.81095     -5.422746  0.022  0.072  0.002  0.100
   1.79099     -5.463355  0.018  0.074  0.004  0.094
   1.77103     -5.502667  0.014  0.076  0.004  0.094
   1.75108     -5.535796  0.018  0.055  0.002  0.074
   1.73112     -5.496915  0.022  0.052  0.002  0.076
   1.71116     -5.461360  0.026  0.046  0.002  0.076
   1.69120     -5.435838  0.030  0.039  0.000  0.074
   1.67125     -5.429651  0.028  0.038  0.000  0.068
   1.65129     -5.445247  0.024  0.042  0.002  0.070
   1.63133     -5.474448  0.016  0.049  0.002  0.069
   1.61137     -5.423455  0.012  0.048  0.002  0.063
   1.59142     -5.373341  0.018  0.042  0.002  0.062
   1.57146     -5.335199  0.022  0.030  0.000  0.054
   1.55150     -5.334791  0.020  0.028  0.000  0.048
   1.53154     -5.371064  0.014  0.032  0.002  0.048
   1.51159     -5.418967  0.010  0.036  0.002  0.048
   1.49163     -5.468928  0.008  0.038  0.002  0.050
   1.47167     -5.517771  0.006  0.045  0.002  0.054
   1.45171     -5.563653  0.004  0.049  0.003  0.056
   1.45171     -5.563653  0.004  0.049  0.003  0.056
   1.42349     -5.561975  0.004  0.049  0.003  0.055
   1.39526     -5.556734  0.004  0.050  0.003  0.057
   1.36704     -5.547130  0.005  0.052  0.003  0.058
   1.33882     -5.531117  0.005  0.058  0.002  0.066
   1.31059     -5.503561  0.006  0.078  0.002  0.087
   1.28237     -5.453630  0.009  0.133  0.002  0.146
   1.25414     -5.373113  0.010  0.205  0.004  0.219
   1.22592     -5.272010  0.007  0.158  0.003  0.169
   1.19769     -5.142047  0.001  0.036  0.001  0.039
   1.16947     -5.006111  0.001  0.031  0.001  0.033
   1.14125     -4.875914  0.000  0.028  0.001  0.031
   1.11302     -4.794834  0.003  0.016  0.001  0.020
   1.08480     -4.782394  0.002  0.037  0.002  0.042
   1.05657     -4.774109  0.003  0.072  0.002  0.077
   1.02835     -4.774663  0.003  0.072  0.003  0.080
   1.00013     -4.777180  0.003  0.071  0.003  0.078
   0.97190     -4.779913  0.003  0.069  0.002  0.074
   0.94368     -4.781990  0.003  0.065  0.002  0.071
   0.91545     -4.782769  0.003  0.065  0.002  0.070
   0.91545     -4.782769  0.003  0.065  0.002  0.070
   0.89550     -4.781267  0.003  0.062  0.002  0.067
   0.87554     -4.778802  0.003  0.060  0.002  0.065
   0.85558     -4.775474  0.002  0.058  0.002  0.063
   0.83562     -4.771307  0.002  0.055  0.002  0.060
   0.81567     -4.766335  0.002  0.052  0.002  0.057
   0.79571     -4.760589  0.002  0.048  0.002  0.053
   0.77575     -4.754096  0.002  0.044  0.002  0.048
   0.75579     -4.746874  0.002  0.040  0.002  0.044
   0.73584     -4.738933  0.002  0.034  0.002  0.038
   0.71588     -4.730301  0.002  0.030  0.000  0.031
   0.69592     -4.721033  0.000  0.024  0.000  0.026
   0.67596     -4.711225  0.000  0.020  0.000  0.021
   0.65600     -4.701025  0.000  0.018  0.000  0.018
   0.63605     -4.690631  0.000  0.015  0.000  0.016
   0.61609     -4.698096  0.000  0.028  0.000  0.028
   0.59613     -4.689537  0.000  0.028  0.000  0.029
   0.57617     -4.682800  0.000  0.027  0.001  0.029
   0.55622     -4.678439  0.000  0.027  0.002  0.029
   0.53626     -4.676926  0.000  0.027  0.002  0.031
   0.53626     -4.676926  0.000  0.027  0.002  0.031
   0.50804     -4.676998  0.000  0.026  0.001  0.030
   0.47981     -4.677568  0.000  0.023  0.001  0.026
   0.45159     -4.679677  0.000  0.018  0.000  0.021
   0.42336     -4.697975  0.002  0.028  0.002  0.032
   0.39514     -4.731890  0.002  0.028  0.002  0.032
   0.36691     -4.779270  0.000  0.082  0.004  0.085
   0.33869     -4.815328  0.011  0.148  0.005  0.163
   0.31047     -4.851906  0.000  0.090  0.004  0.094
   0.28224     -4.910454  0.000  0.036  0.002  0.039
   0.25402     -5.043398  0.006  0.097  0.002  0.104
   0.22579     -5.176376  0.012  0.176  0.004  0.192
   0.19757     -5.306333  0.016  0.239  0.004  0.260
   0.16935     -5.326804  0.000  0.096  0.004  0.102
   0.14112     -5.336158  0.000  0.098  0.004  0.106
   0.11290     -5.344047  0.000  0.098  0.004  0.106
   0.08467     -5.359946  0.044  0.076  0.000  0.116
   0.05645     -5.379042  0.040  0.066  0.000  0.106
   0.02822     -5.389673  0.040  0.062  0.000  0.102
   0.00000     -5.393088  0.038  0.060  0.000  0.102
 
# Band-Index:   57
   0.00000     -5.358584  0.000  0.102  0.004  0.110
   0.02822     -5.357658  0.000  0.102  0.004  0.110
   0.05645     -5.354889  0.000  0.100  0.004  0.108
   0.08467     -5.350326  0.000  0.100  0.004  0.108
   0.11290     -5.330066  0.046  0.090  0.000  0.136
   0.14112     -5.285975  0.048  0.118  0.000  0.166
   0.16935     -5.224262  0.048  0.154  0.000  0.202
   0.19757     -5.144586  0.050  0.190  0.002  0.238
   0.22579     -5.052846  0.044  0.204  0.002  0.250
   0.25402     -4.961109  0.034  0.187  0.004  0.227
   0.28224     -4.883306  0.024  0.141  0.004  0.167
   0.31047     -4.824922  0.010  0.074  0.002  0.087
   0.33869     -4.769508  0.000  0.004  0.000  0.005
   0.36691     -4.708502  0.000  0.008  0.000  0.008
   0.39514     -4.694126  0.000  0.006  0.000  0.006
   0.42336     -4.684811  0.000  0.013  0.000  0.014
   0.45159     -4.674898  0.000  0.029  0.002  0.034
   0.47981     -4.659608  0.000  0.028  0.002  0.030
   0.50804     -4.652871  0.000  0.012  0.000  0.012
   0.53626     -4.652191  0.000  0.007  0.000  0.007
   0.53626     -4.652191  0.000  0.007  0.000  0.007
   0.55622     -4.654821  0.000  0.007  0.000  0.007
   0.57617     -4.661511  0.000  0.008  0.000  0.010
   0.59613     -4.670388  0.000  0.011  0.000  0.011
   0.61609     -4.680298  0.000  0.012  0.000  0.012
   0.63605     -4.688669  0.002  0.066  0.004  0.072
   0.65600     -4.670448  0.002  0.068  0.004  0.076
   0.67596     -4.667376  0.000  0.034  0.002  0.036
   0.69592     -4.688338  0.000  0.040  0.004  0.042
   0.71588     -4.703060  0.000  0.052  0.004  0.058
   0.73584     -4.705885  0.002  0.070  0.004  0.076
   0.75579     -4.697511  0.002  0.086  0.006  0.094
   0.77575     -4.682076  0.004  0.096  0.008  0.110
   0.79571     -4.676424  0.002  0.058  0.002  0.062
   0.81567     -4.680497  0.002  0.063  0.002  0.067
   0.83562     -4.683748  0.002  0.065  0.002  0.071
   0.85558     -4.686160  0.002  0.068  0.002  0.074
   0.87554     -4.687744  0.002  0.071  0.002  0.077
   0.89550     -4.688523  0.002  0.074  0.003  0.079
   0.91545     -4.688639  0.002  0.074  0.002  0.079
   0.91545     -4.688639  0.002  0.074  0.002  0.079
   0.94368     -4.689413  0.002  0.075  0.002  0.080
   0.97190     -4.691989  0.002  0.082  0.003  0.087
   1.00013     -4.696951  0.002  0.091  0.003  0.096
   1.02835     -4.705054  0.002  0.106  0.004  0.113
   1.05657     -4.722471  0.001  0.096  0.004  0.102
   1.08480     -4.749083  0.001  0.042  0.002  0.046
   1.11302     -4.768129  0.002  0.058  0.002  0.061
   1.14125     -4.809153  0.006  0.021  0.002  0.029
   1.16947     -4.825498  0.009  0.025  0.002  0.035
   1.19769     -4.844168  0.013  0.029  0.001  0.043
   1.22592     -4.863970  0.017  0.034  0.001  0.052
   1.25414     -4.883649  0.021  0.040  0.000  0.063
   1.28237     -4.902070  0.023  0.046  0.000  0.071
   1.31059     -4.918375  0.025  0.056  0.000  0.080
   1.33882     -4.932045  0.026  0.062  0.001  0.087
   1.36704     -4.942807  0.027  0.066  0.001  0.094
   1.39526     -4.950536  0.027  0.069  0.001  0.098
   1.42349     -4.955187  0.027  0.071  0.001  0.100
   1.45171     -4.956740  0.026  0.072  0.001  0.101
   1.45171     -4.956740  0.026  0.072  0.001  0.101
   1.47167     -4.998745  0.022  0.070  0.002  0.096
   1.49163     -5.047375  0.018  0.072  0.002  0.092
   1.51159     -5.098850  0.014  0.074  0.002  0.090
   1.53154     -5.149188  0.010  0.076  0.002  0.090
   1.55150     -5.188478  0.002  0.082  0.004  0.088
   1.57146     -5.191718  0.000  0.076  0.002  0.080
   1.59142     -5.158478  0.006  0.066  0.002  0.076
   1.61137     -5.123790  0.020  0.110  0.002  0.136
   1.63133     -5.165903  0.016  0.112  0.004  0.132
   1.65129     -5.201242  0.008  0.114  0.004  0.127
   1.67125     -5.221961  0.002  0.118  0.004  0.124
   1.69120     -5.220132  0.000  0.114  0.004  0.118
   1.71116     -5.198342  0.002  0.106  0.004  0.114
   1.73112     -5.166073  0.004  0.102  0.004  0.112
   1.75108     -5.198974  0.024  0.092  0.002  0.122
   1.77103     -5.241607  0.022  0.090  0.002  0.116
   1.79099     -5.285149  0.019  0.088  0.002  0.112
   1.81095     -5.328151  0.014  0.090  0.004  0.108
   1.83091     -5.358584  0.000  0.102  0.004  0.110
 
# Band-Index:   58
   1.83091     -5.026864  0.022  0.102  0.004  0.124
   1.81095     -5.037430  0.018  0.100  0.002  0.124
   1.79099     -5.062513  0.014  0.100  0.002  0.120
   1.77103     -5.094696  0.010  0.100  0.002  0.116
   1.75108     -5.130203  0.008  0.102  0.004  0.114
   1.73112     -5.158265  0.026  0.092  0.002  0.124
   1.71116     -5.120776  0.030  0.094  0.002  0.128
   1.69120     -5.088721  0.030  0.094  0.002  0.126
   1.67125     -5.066474  0.030  0.086  0.000  0.118
   1.65129     -5.061758  0.024  0.076  0.002  0.102
   1.63133     -5.080265  0.018  0.064  0.002  0.087
   1.61137     -5.116319  0.012  0.061  0.002  0.078
   1.59142     -5.079265  0.024  0.110  0.002  0.140
   1.57146     -5.034839  0.028  0.111  0.002  0.142
   1.55150     -4.992527  0.030  0.112  0.002  0.146
   1.53154     -4.954869  0.034  0.110  0.002  0.144
   1.51159     -4.926340  0.036  0.102  0.002  0.141
   1.49163     -4.914579  0.036  0.089  0.002  0.126
   1.47167     -4.925802  0.032  0.078  0.002  0.110
   1.45171     -4.956155  0.026  0.072  0.001  0.100
   1.45171     -4.956155  0.026  0.072  0.001  0.100
   1.42349     -4.954602  0.027  0.071  0.001  0.100
   1.39526     -4.949951  0.027  0.069  0.001  0.098
   1.36704     -4.942221  0.027  0.066  0.001  0.094
   1.33882     -4.931455  0.026  0.062  0.001  0.087
   1.31059     -4.917778  0.025  0.056  0.000  0.080
   1.28237     -4.901459  0.023  0.046  0.000  0.071
   1.25414     -4.883012  0.021  0.040  0.000  0.063
   1.22592     -4.863284  0.017  0.034  0.001  0.051
   1.19769     -4.843404  0.013  0.029  0.001  0.043
   1.16947     -4.824618  0.009  0.025  0.002  0.035
   1.14125     -4.808136  0.006  0.021  0.002  0.029
   1.11302     -4.767902  0.002  0.058  0.002  0.061
   1.08480     -4.748684  0.002  0.043  0.002  0.047
   1.05657     -4.722410  0.001  0.097  0.004  0.103
   1.02835     -4.704716  0.002  0.106  0.004  0.114
   1.00013     -4.696530  0.002  0.091  0.003  0.096
   0.97190     -4.691541  0.002  0.082  0.003  0.087
   0.94368     -4.688952  0.002  0.076  0.002  0.081
   0.91545     -4.688174  0.002  0.074  0.002  0.079
   0.91545     -4.688174  0.002  0.074  0.002  0.079
   0.89550     -4.687506  0.002  0.075  0.003  0.079
   0.87554     -4.685937  0.002  0.073  0.002  0.077
   0.85558     -4.683641  0.002  0.070  0.002  0.074
   0.83562     -4.680687  0.002  0.067  0.002  0.071
   0.81567     -4.677144  0.002  0.063  0.002  0.067
   0.79571     -4.673098  0.002  0.058  0.002  0.062
   0.77575     -4.671554  0.002  0.053  0.002  0.057
   0.75579     -4.665954  0.001  0.048  0.002  0.052
   0.73584     -4.659734  0.001  0.044  0.001  0.047
   0.71588     -4.654075  0.000  0.038  0.001  0.041
   0.69592     -4.649230  0.000  0.033  0.002  0.037
   0.67596     -4.651833  0.002  0.070  0.004  0.076
   0.65600     -4.649343  0.000  0.032  0.002  0.034
   0.63605     -4.639960  0.000  0.032  0.002  0.036
   0.61609     -4.637775  0.000  0.032  0.002  0.034
   0.59613     -4.638948  0.000  0.034  0.002  0.038
   0.57617     -4.640934  0.000  0.036  0.002  0.040
   0.55622     -4.642492  0.000  0.036  0.002  0.038
   0.53626     -4.643063  0.000  0.036  0.002  0.038
   0.53626     -4.643063  0.000  0.036  0.002  0.038
   0.50804     -4.645205  0.000  0.030  0.002  0.032
   0.47981     -4.646720  0.000  0.012  0.000  0.012
   0.45159     -4.645641  0.000  0.008  0.000  0.010
   0.42336     -4.647310  0.000  0.010  0.000  0.013
   0.39514     -4.665472  0.000  0.014  0.000  0.014
   0.36691     -4.706845  0.000  0.003  0.000  0.004
   0.33869     -4.725495  0.004  0.008  0.000  0.012
   0.31047     -4.788916  0.000  0.012  0.000  0.012
   0.28224     -4.868110  0.000  0.094  0.004  0.098
   0.25402     -4.883512  0.000  0.100  0.004  0.102
   0.22579     -4.897867  0.000  0.102  0.004  0.106
   0.19757     -4.910963  0.000  0.106  0.004  0.110
   0.16935     -4.935251  0.024  0.099  0.000  0.126
   0.14112     -4.964916  0.024  0.098  0.002  0.124
   0.11290     -4.988042  0.022  0.098  0.002  0.124
   0.08467     -5.005363  0.022  0.100  0.002  0.124
   0.05645     -5.017411  0.022  0.101  0.003  0.124
   0.02822     -5.024518  0.022  0.102  0.004  0.124
   0.00000     -5.026864  0.022  0.102  0.004  0.124
 
# Band-Index:   59
   0.00000     -4.956427  0.000  0.116  0.002  0.120
   0.02822     -4.955458  0.000  0.116  0.002  0.120
   0.05645     -4.952567  0.000  0.114  0.002  0.118
   0.08467     -4.947778  0.000  0.114  0.003  0.118
   0.11290     -4.941146  0.000  0.112  0.004  0.115
   0.14112     -4.932732  0.000  0.112  0.004  0.114
   0.16935     -4.922630  0.000  0.108  0.004  0.112
   0.19757     -4.898260  0.026  0.102  0.000  0.128
   0.22579     -4.853755  0.026  0.101  0.002  0.128
   0.25402     -4.803936  0.024  0.094  0.002  0.119
   0.28224     -4.756354  0.018  0.069  0.002  0.087
   0.31047     -4.720130  0.004  0.030  0.000  0.038
   0.33869     -4.675653  0.000  0.011  0.000  0.012
   0.36691     -4.635525  0.000  0.012  0.002  0.014
   0.39514     -4.628914  0.000  0.008  0.000  0.008
   0.42336     -4.621938  0.000  0.012  0.000  0.012
   0.45159     -4.620818  0.000  0.021  0.000  0.021
   0.47981     -4.625853  0.000  0.020  0.000  0.020
   0.50804     -4.628892  0.000  0.018  0.000  0.018
   0.53626     -4.629908  0.000  0.018  0.000  0.018
   0.53626     -4.629908  0.000  0.018  0.000  0.018
   0.55622     -4.630109  0.000  0.019  0.000  0.019
   0.57617     -4.630791  0.000  0.019  0.000  0.020
   0.59613     -4.632117  0.000  0.021  0.000  0.021
   0.61609     -4.634193  0.000  0.023  0.000  0.023
   0.63605     -4.637034  0.000  0.025  0.000  0.026
   0.65600     -4.640569  0.000  0.029  0.000  0.031
   0.67596     -4.644684  0.000  0.032  0.001  0.034
   0.69592     -4.645763  0.000  0.037  0.002  0.041
   0.71588     -4.652865  0.000  0.040  0.002  0.043
   0.73584     -4.658928  0.001  0.043  0.001  0.046
   0.75579     -4.663881  0.001  0.048  0.002  0.052
   0.77575     -4.668638  0.002  0.053  0.002  0.057
   0.79571     -4.663529  0.004  0.106  0.008  0.119
   0.81567     -4.644679  0.004  0.114  0.008  0.126
   0.83562     -4.627590  0.004  0.118  0.008  0.132
   0.85558     -4.613957  0.004  0.115  0.010  0.132
   0.87554     -4.605110  0.004  0.112  0.008  0.126
   0.89550     -4.601792  0.002  0.056  0.004  0.064
   0.91545     -4.601747  0.003  0.082  0.006  0.091
   0.91545     -4.601747  0.003  0.082  0.006  0.091
   0.94368     -4.607048  0.002  0.081  0.006  0.089
   0.97190     -4.621788  0.002  0.079  0.006  0.087
   1.00013     -4.644282  0.001  0.072  0.005  0.079
   1.02835     -4.673556  0.001  0.054  0.004  0.059
   1.05657     -4.702168  0.002  0.054  0.003  0.058
   1.08480     -4.716809  0.002  0.087  0.002  0.093
   1.11302     -4.744870  0.000  0.009  0.000  0.010
   1.14125     -4.741255  0.001  0.007  0.000  0.008
   1.16947     -4.731350  0.000  0.003  0.000  0.004
   1.19769     -4.721224  0.001  0.006  0.000  0.007
   1.22592     -4.712327  0.002  0.013  0.000  0.017
   1.25414     -4.705543  0.004  0.027  0.000  0.032
   1.28237     -4.701745  0.007  0.048  0.000  0.056
   1.31059     -4.701751  0.011  0.078  0.000  0.090
   1.33882     -4.704888  0.013  0.106  0.000  0.120
   1.36704     -4.709138  0.014  0.128  0.000  0.142
   1.39526     -4.712834  0.014  0.138  0.001  0.154
   1.42349     -4.715216  0.014  0.144  0.001  0.160
   1.45171     -4.716027  0.014  0.144  0.001  0.160
   1.45171     -4.716027  0.014  0.144  0.001  0.160
   1.47167     -4.730898  0.008  0.130  0.000  0.140
   1.49163     -4.736526  0.002  0.108  0.000  0.112
   1.51159     -4.728425  0.000  0.079  0.000  0.079
   1.53154     -4.745200  0.018  0.174  0.002  0.196
   1.55150     -4.771893  0.018  0.168  0.002  0.189
   1.57146     -4.799598  0.018  0.162  0.002  0.182
   1.59142     -4.826522  0.018  0.154  0.002  0.175
   1.61137     -4.850136  0.016  0.149  0.002  0.166
   1.63133     -4.865629  0.008  0.139  0.002  0.151
   1.65129     -4.865614  0.004  0.122  0.002  0.130
   1.67125     -4.849760  0.000  0.104  0.002  0.108
   1.69120     -4.863680  0.006  0.101  0.004  0.111
   1.71116     -4.880767  0.006  0.102  0.004  0.112
   1.73112     -4.896418  0.006  0.103  0.004  0.114
   1.75108     -4.910906  0.006  0.105  0.004  0.116
   1.77103     -4.924685  0.006  0.108  0.002  0.118
   1.79099     -4.938135  0.004  0.110  0.002  0.120
   1.81095     -4.950432  0.002  0.116  0.002  0.120
   1.83091     -4.956427  0.000  0.116  0.002  0.120
 
# Band-Index:   60
   1.83091     -4.891960  0.002  0.056  0.004  0.063
   1.81095     -4.890621  0.002  0.056  0.004  0.062
   1.79099     -4.886624  0.002  0.056  0.004  0.062
   1.77103     -4.880049  0.002  0.056  0.004  0.061
   1.75108     -4.871051  0.002  0.055  0.004  0.060
   1.73112     -4.860020  0.002  0.054  0.004  0.059
   1.71116     -4.848103  0.000  0.057  0.004  0.061
   1.69120     -4.840077  0.000  0.073  0.002  0.075
   1.67125     -4.845031  0.006  0.101  0.004  0.110
   1.65129     -4.824833  0.006  0.100  0.004  0.109
   1.63133     -4.803220  0.005  0.100  0.004  0.110
   1.61137     -4.780469  0.004  0.101  0.004  0.109
   1.59142     -4.757077  0.004  0.100  0.004  0.106
   1.57146     -4.734109  0.002  0.096  0.004  0.102
   1.55150     -4.715479  0.002  0.076  0.002  0.080
   1.53154     -4.715184  0.000  0.056  0.000  0.057
   1.51159     -4.721776  0.020  0.180  0.002  0.202
   1.49163     -4.705855  0.020  0.177  0.002  0.198
   1.47167     -4.703961  0.020  0.160  0.000  0.181
   1.45171     -4.715991  0.014  0.145  0.001  0.160
   1.45171     -4.715991  0.014  0.145  0.001  0.160
   1.42349     -4.715177  0.014  0.144  0.001  0.159
   1.39526     -4.712787  0.014  0.139  0.001  0.154
   1.36704     -4.709078  0.014  0.127  0.000  0.142
   1.33882     -4.704818  0.013  0.106  0.000  0.120
   1.31059     -4.701694  0.011  0.078  0.000  0.090
   1.28237     -4.701731  0.007  0.048  0.000  0.055
   1.25414     -4.705525  0.004  0.027  0.000  0.032
   1.22592     -4.712316  0.002  0.013  0.000  0.017
   1.19769     -4.721091  0.001  0.006  0.000  0.006
   1.16947     -4.730997  0.000  0.003  0.000  0.004
   1.14125     -4.740625  0.000  0.007  0.000  0.008
   1.11302     -4.744042  0.000  0.009  0.000  0.010
   1.08480     -4.716110  0.002  0.085  0.002  0.092
   1.05657     -4.701472  0.002  0.055  0.003  0.059
   1.02835     -4.673259  0.000  0.053  0.004  0.058
   1.00013     -4.644175  0.001  0.071  0.005  0.079
   0.97190     -4.621779  0.002  0.079  0.006  0.087
   0.94368     -4.607005  0.002  0.081  0.006  0.090
   0.91545     -4.601689  0.003  0.082  0.006  0.091
   0.91545     -4.601689  0.003  0.082  0.006  0.091
   0.89550     -4.601494  0.004  0.100  0.008  0.113
   0.87554     -4.595966  0.000  0.036  0.002  0.038
   0.85558     -4.580964  0.000  0.022  0.002  0.022
   0.83562     -4.559887  0.000  0.018  0.002  0.020
   0.81567     -4.541259  0.000  0.030  0.002  0.034
   0.79571     -4.538428  0.002  0.050  0.004  0.056
   0.77575     -4.552668  0.002  0.058  0.004  0.063
   0.75579     -4.572309  0.002  0.062  0.004  0.067
   0.73584     -4.592817  0.002  0.062  0.004  0.068
   0.71588     -4.613054  0.002  0.066  0.004  0.072
   0.69592     -4.632730  0.002  0.068  0.004  0.074
   0.67596     -4.638506  0.000  0.034  0.002  0.038
   0.65600     -4.631355  0.000  0.031  0.002  0.034
   0.63605     -4.624588  0.000  0.030  0.002  0.032
   0.61609     -4.618500  0.000  0.028  0.001  0.031
   0.59613     -4.613377  0.000  0.028  0.000  0.030
   0.57617     -4.609489  0.000  0.027  0.000  0.029
   0.55622     -4.607042  0.000  0.029  0.000  0.030
   0.53626     -4.606129  0.000  0.035  0.002  0.038
   0.53626     -4.606129  0.000  0.035  0.002  0.038
   0.50804     -4.605878  0.000  0.035  0.002  0.038
   0.47981     -4.606923  0.000  0.020  0.000  0.024
   0.45159     -4.612223  0.000  0.017  0.000  0.022
   0.42336     -4.613794  0.000  0.022  0.000  0.023
   0.39514     -4.607967  0.000  0.012  0.002  0.014
   0.36691     -4.633415  0.000  0.010  0.000  0.013
   0.33869     -4.647652  0.004  0.026  0.002  0.032
   0.31047     -4.677154  0.010  0.049  0.002  0.061
   0.28224     -4.715369  0.010  0.063  0.002  0.077
   0.25402     -4.752425  0.008  0.064  0.004  0.076
   0.22579     -4.783744  0.006  0.062  0.004  0.071
   0.19757     -4.809731  0.004  0.060  0.004  0.068
   0.16935     -4.831558  0.004  0.060  0.004  0.068
   0.14112     -4.849870  0.004  0.058  0.004  0.065
   0.11290     -4.864895  0.002  0.058  0.004  0.064
   0.08467     -4.876667  0.002  0.058  0.004  0.064
   0.05645     -4.885137  0.002  0.056  0.004  0.064
   0.02822     -4.890250  0.002  0.056  0.004  0.062
   0.00000     -4.891960  0.002  0.056  0.004  0.063
 
# Band-Index:   61
   0.00000     -4.813530  0.000  0.005  0.001  0.006
   0.02822     -4.812086  0.000  0.005  0.001  0.006
   0.05645     -4.807789  0.000  0.006  0.001  0.008
   0.08467     -4.800769  0.000  0.006  0.001  0.008
   0.11290     -4.791236  0.000  0.006  0.001  0.008
   0.14112     -4.779486  0.000  0.008  0.000  0.010
   0.16935     -4.765888  0.000  0.010  0.000  0.010
   0.19757     -4.750851  0.000  0.010  0.001  0.011
   0.22579     -4.734647  0.000  0.014  0.002  0.016
   0.25402     -4.716754  0.000  0.020  0.002  0.023
   0.28224     -4.693346  0.002  0.035  0.004  0.041
   0.31047     -4.653203  0.005  0.051  0.002  0.062
   0.33869     -4.599633  0.000  0.072  0.002  0.074
   0.36691     -4.600743  0.000  0.065  0.002  0.067
   0.39514     -4.604864  0.000  0.025  0.001  0.025
   0.42336     -4.602981  0.000  0.050  0.002  0.051
   0.45159     -4.604161  0.000  0.044  0.002  0.046
   0.47981     -4.605178  0.000  0.037  0.002  0.040
   0.50804     -4.605219  0.000  0.022  0.000  0.024
   0.53626     -4.604994  0.000  0.022  0.000  0.023
   0.53626     -4.604994  0.000  0.022  0.000  0.023
   0.55622     -4.602475  0.000  0.028  0.000  0.030
   0.57617     -4.596352  0.000  0.029  0.000  0.030
   0.59613     -4.588404  0.000  0.030  0.000  0.031
   0.61609     -4.579688  0.000  0.031  0.000  0.031
   0.63605     -4.570708  0.000  0.034  0.001  0.036
   0.65600     -4.561699  0.000  0.036  0.002  0.038
   0.67596     -4.552776  0.000  0.040  0.002  0.042
   0.69592     -4.543995  0.000  0.044  0.002  0.046
   0.71588     -4.535375  0.000  0.048  0.002  0.052
   0.73584     -4.526921  0.000  0.052  0.002  0.056
   0.75579     -4.518629  0.000  0.056  0.002  0.060
   0.77575     -4.510489  0.000  0.060  0.002  0.064
   0.79571     -4.502481  0.000  0.066  0.002  0.069
   0.81567     -4.494586  0.000  0.073  0.002  0.075
   0.83562     -4.486792  0.000  0.077  0.003  0.079
   0.85558     -4.479090  0.000  0.081  0.004  0.085
   0.87554     -4.471483  0.000  0.087  0.003  0.089
   0.89550     -4.464003  0.000  0.094  0.002  0.097
   0.91545     -4.456841  0.001  0.101  0.003  0.104
   0.91545     -4.456841  0.001  0.101  0.003  0.104
   0.94368     -4.452914  0.001  0.094  0.003  0.099
   0.97190     -4.442985  0.002  0.076  0.003  0.079
   1.00013     -4.447009  0.000  0.027  0.002  0.028
   1.02835     -4.483517  0.000  0.021  0.001  0.023
   1.05657     -4.543479  0.000  0.016  0.001  0.018
   1.08480     -4.625047  0.000  0.021  0.000  0.022
   1.11302     -4.690076  0.003  0.096  0.002  0.100
   1.14125     -4.697688  0.004  0.135  0.002  0.141
   1.16947     -4.691951  0.004  0.147  0.002  0.154
   1.19769     -4.681392  0.004  0.151  0.002  0.158
   1.22592     -4.667840  0.004  0.148  0.002  0.154
   1.25414     -4.652574  0.004  0.143  0.001  0.148
   1.28237     -4.636737  0.003  0.139  0.001  0.144
   1.31059     -4.626340  0.016  0.222  0.001  0.240
   1.33882     -4.632206  0.010  0.190  0.001  0.201
   1.36704     -4.632854  0.006  0.167  0.001  0.174
   1.39526     -4.631545  0.004  0.153  0.001  0.158
   1.42349     -4.630164  0.003  0.147  0.001  0.151
   1.45171     -4.629616  0.003  0.145  0.001  0.149
   1.45171     -4.629616  0.003  0.145  0.001  0.149
   1.47167     -4.632394  0.001  0.109  0.001  0.112
   1.49163     -4.641247  0.004  0.149  0.002  0.156
   1.51159     -4.656889  0.004  0.140  0.002  0.145
   1.53154     -4.674046  0.005  0.128  0.002  0.136
   1.55150     -4.681036  0.004  0.077  0.000  0.082
   1.57146     -4.691548  0.000  0.025  0.003  0.026
   1.59142     -4.712610  0.000  0.027  0.004  0.028
   1.61137     -4.734335  0.000  0.029  0.004  0.031
   1.63133     -4.755680  0.000  0.033  0.004  0.035
   1.65129     -4.775105  0.000  0.037  0.004  0.040
   1.67125     -4.788263  0.000  0.045  0.004  0.049
   1.69120     -4.779468  0.000  0.071  0.002  0.072
   1.71116     -4.745461  0.000  0.084  0.002  0.086
   1.73112     -4.760408  0.002  0.014  0.000  0.016
   1.75108     -4.775737  0.000  0.012  0.000  0.014
   1.77103     -4.790084  0.000  0.012  0.000  0.012
   1.79099     -4.802224  0.000  0.008  0.000  0.010
   1.81095     -4.810545  0.000  0.006  0.000  0.006
   1.83091     -4.813530  0.000  0.005  0.001  0.006
 
# Band-Index:   62
   1.83091     -4.580110  0.000  0.110  0.000  0.110
   1.81095     -4.586316  0.000  0.110  0.000  0.110
   1.79099     -4.604085  0.000  0.106  0.000  0.108
   1.77103     -4.631408  0.000  0.100  0.001  0.102
   1.75108     -4.665897  0.000  0.095  0.002  0.096
   1.73112     -4.705029  0.000  0.092  0.002  0.094
   1.71116     -4.744866  0.002  0.015  0.000  0.016
   1.69120     -4.729633  0.002  0.014  0.000  0.016
   1.67125     -4.715085  0.002  0.012  0.000  0.014
   1.65129     -4.701677  0.002  0.011  0.000  0.014
   1.63133     -4.690049  0.002  0.010  0.000  0.014
   1.61137     -4.681166  0.002  0.010  0.000  0.013
   1.59142     -4.676379  0.002  0.016  0.000  0.018
   1.57146     -4.676997  0.003  0.034  0.000  0.036
   1.55150     -4.672118  0.000  0.020  0.002  0.022
   1.53154     -4.655431  0.000  0.017  0.000  0.020
   1.51159     -4.642947  0.000  0.021  0.000  0.023
   1.49163     -4.635954  0.000  0.048  0.000  0.050
   1.47167     -4.631263  0.003  0.150  0.001  0.155
   1.45171     -4.628896  0.003  0.146  0.001  0.149
   1.45171     -4.628896  0.003  0.146  0.001  0.149
   1.42349     -4.629439  0.003  0.148  0.001  0.152
   1.39526     -4.630806  0.004  0.153  0.001  0.159
   1.36704     -4.632094  0.006  0.167  0.001  0.174
   1.33882     -4.631426  0.010  0.191  0.001  0.202
   1.31059     -4.625564  0.016  0.222  0.001  0.240
   1.28237     -4.635731  0.003  0.139  0.001  0.145
   1.25414     -4.651548  0.004  0.143  0.001  0.148
   1.22592     -4.666825  0.004  0.148  0.002  0.154
   1.19769     -4.680434  0.004  0.151  0.002  0.158
   1.16947     -4.691096  0.004  0.148  0.002  0.155
   1.14125     -4.696942  0.004  0.136  0.003  0.142
   1.11302     -4.689493  0.003  0.097  0.002  0.101
   1.08480     -4.624798  0.000  0.021  0.000  0.022
   1.05657     -4.543285  0.000  0.016  0.001  0.018
   1.02835     -4.483357  0.000  0.021  0.001  0.023
   1.00013     -4.446786  0.000  0.026  0.002  0.028
   0.97190     -4.442948  0.001  0.074  0.003  0.079
   0.94368     -4.452720  0.001  0.093  0.003  0.098
   0.91545     -4.456613  0.001  0.100  0.003  0.104
   0.91545     -4.456613  0.001  0.100  0.003  0.104
   0.89550     -4.449834  0.000  0.109  0.004  0.116
   0.87554     -4.443661  0.002  0.125  0.004  0.128
   0.85558     -4.439250  0.000  0.028  0.004  0.033
   0.83562     -4.460709  0.000  0.030  0.004  0.034
   0.81567     -4.478277  0.000  0.026  0.002  0.028
   0.79571     -4.482765  0.000  0.012  0.002  0.014
   0.77575     -4.475922  0.000  0.008  0.002  0.010
   0.75579     -4.470887  0.000  0.009  0.002  0.011
   0.73584     -4.487132  0.000  0.012  0.002  0.014
   0.71588     -4.502863  0.000  0.014  0.002  0.017
   0.69592     -4.513713  0.000  0.018  0.002  0.020
   0.67596     -4.516388  0.000  0.019  0.002  0.021
   0.65600     -4.509099  0.000  0.006  0.002  0.008
   0.63605     -4.520686  0.000  0.008  0.002  0.008
   0.61609     -4.531420  0.000  0.008  0.002  0.008
   0.59613     -4.540606  0.000  0.006  0.002  0.006
   0.57617     -4.547648  0.000  0.008  0.002  0.009
   0.55622     -4.552082  0.000  0.008  0.002  0.009
   0.53626     -4.553595  0.000  0.008  0.002  0.009
   0.53626     -4.553595  0.000  0.008  0.002  0.009
   0.50804     -4.555646  0.000  0.008  0.002  0.009
   0.47981     -4.561841  0.000  0.008  0.002  0.010
   0.45159     -4.572330  0.000  0.008  0.002  0.010
   0.42336     -4.587465  0.000  0.008  0.002  0.012
   0.39514     -4.601714  0.000  0.056  0.002  0.058
   0.36691     -4.593735  0.000  0.025  0.000  0.026
   0.33869     -4.580831  0.000  0.027  0.000  0.030
   0.31047     -4.598542  0.000  0.079  0.002  0.080
   0.28224     -4.597345  0.000  0.085  0.002  0.088
   0.25402     -4.595949  0.000  0.090  0.002  0.092
   0.22579     -4.594285  0.000  0.096  0.002  0.098
   0.19757     -4.592336  0.000  0.098  0.002  0.100
   0.16935     -4.590139  0.000  0.102  0.002  0.102
   0.14112     -4.587795  0.000  0.106  0.002  0.106
   0.11290     -4.585460  0.000  0.106  0.002  0.108
   0.08467     -4.583328  0.000  0.108  0.000  0.110
   0.05645     -4.581615  0.000  0.110  0.000  0.110
   0.02822     -4.580497  0.000  0.110  0.000  0.110
   0.00000     -4.580110  0.000  0.110  0.000  0.110
 
# Band-Index:   63
   0.00000     -4.375437  0.000  0.008  0.002  0.012
   0.02822     -4.376736  0.000  0.008  0.002  0.013
   0.05645     -4.380750  0.000  0.011  0.002  0.015
   0.08467     -4.387694  0.000  0.018  0.002  0.020
   0.11290     -4.409819  0.000  0.042  0.002  0.044
   0.14112     -4.437068  0.000  0.042  0.002  0.042
   0.16935     -4.462946  0.000  0.040  0.002  0.040
   0.19757     -4.487216  0.000  0.038  0.000  0.039
   0.22579     -4.509723  0.000  0.036  0.000  0.038
   0.25402     -4.530381  0.000  0.034  0.000  0.036
   0.28224     -4.549134  0.000  0.030  0.000  0.033
   0.31047     -4.565960  0.000  0.028  0.000  0.031
   0.33869     -4.577086  0.002  0.040  0.002  0.046
   0.36691     -4.504951  0.000  0.036  0.004  0.041
   0.39514     -4.459019  0.000  0.038  0.004  0.044
   0.42336     -4.448632  0.000  0.085  0.002  0.088
   0.45159     -4.464545  0.000  0.088  0.002  0.090
   0.47981     -4.477123  0.000  0.088  0.002  0.092
   0.50804     -4.485269  0.000  0.090  0.002  0.092
   0.53626     -4.488099  0.000  0.091  0.002  0.093
   0.53626     -4.488099  0.000  0.091  0.002  0.093
   0.55622     -4.487316  0.000  0.092  0.002  0.094
   0.57617     -4.485061  0.000  0.094  0.002  0.096
   0.59613     -4.481571  0.000  0.098  0.002  0.100
   0.61609     -4.477163  0.000  0.102  0.002  0.104
   0.63605     -4.482147  0.000  0.022  0.002  0.024
   0.65600     -4.506399  0.000  0.020  0.002  0.023
   0.67596     -4.497315  0.000  0.008  0.002  0.008
   0.69592     -4.486314  0.000  0.006  0.002  0.008
   0.71588     -4.477196  0.000  0.008  0.002  0.010
   0.73584     -4.471463  0.000  0.008  0.002  0.010
   0.75579     -4.468486  0.000  0.012  0.002  0.015
   0.77575     -4.448671  0.000  0.010  0.002  0.013
   0.79571     -4.437020  0.000  0.159  0.004  0.163
   0.81567     -4.435609  0.001  0.159  0.004  0.165
   0.83562     -4.436049  0.002  0.155  0.004  0.160
   0.85558     -4.438821  0.002  0.139  0.004  0.145
   0.87554     -4.418341  0.000  0.026  0.004  0.030
   0.89550     -4.403912  0.000  0.089  0.004  0.093
   0.91545     -4.402060  0.001  0.097  0.004  0.102
   0.91545     -4.402060  0.001  0.097  0.004  0.102
   0.94368     -4.409233  0.000  0.070  0.003  0.075
   0.97190     -4.422932  0.000  0.060  0.003  0.065
   1.00013     -4.427424  0.003  0.082  0.004  0.089
   1.02835     -4.413325  0.002  0.062  0.003  0.068
   1.05657     -4.399242  0.002  0.047  0.004  0.052
   1.08480     -4.386607  0.002  0.034  0.004  0.040
   1.11302     -4.376409  0.000  0.028  0.004  0.033
   1.14125     -4.375851  0.010  0.103  0.002  0.118
   1.16947     -4.419555  0.041  0.243  0.003  0.286
   1.19769     -4.482141  0.048  0.299  0.002  0.349
   1.22592     -4.539276  0.044  0.303  0.002  0.350
   1.25414     -4.582410  0.035  0.286  0.002  0.324
   1.28237     -4.610782  0.026  0.260  0.001  0.287
   1.31059     -4.621241  0.003  0.140  0.001  0.143
   1.33882     -4.607187  0.003  0.136  0.001  0.140
   1.36704     -4.595198  0.003  0.136  0.000  0.139
   1.39526     -4.586034  0.003  0.134  0.000  0.138
   1.42349     -4.580278  0.002  0.135  0.000  0.138
   1.45171     -4.578316  0.002  0.135  0.000  0.138
   1.45171     -4.578316  0.002  0.135  0.000  0.138
   1.47167     -4.578336  0.003  0.161  0.000  0.164
   1.49163     -4.571509  0.005  0.190  0.000  0.195
   1.51159     -4.563365  0.004  0.140  0.000  0.144
   1.53154     -4.557255  0.004  0.151  0.000  0.155
   1.55150     -4.548499  0.004  0.163  0.000  0.168
   1.57146     -4.535277  0.004  0.171  0.000  0.176
   1.59142     -4.517517  0.004  0.172  0.000  0.178
   1.61137     -4.496833  0.004  0.166  0.000  0.172
   1.63133     -4.475134  0.004  0.158  0.000  0.162
   1.65129     -4.453843  0.003  0.145  0.000  0.149
   1.67125     -4.433923  0.002  0.132  0.000  0.136
   1.69120     -4.416060  0.002  0.117  0.000  0.121
   1.71116     -4.400877  0.000  0.101  0.000  0.103
   1.73112     -4.389001  0.000  0.081  0.002  0.083
   1.75108     -4.380953  0.000  0.057  0.002  0.059
   1.77103     -4.376705  0.000  0.036  0.002  0.038
   1.79099     -4.375314  0.000  0.020  0.002  0.022
   1.81095     -4.375297  0.000  0.010  0.002  0.014
   1.83091     -4.375437  0.000  0.008  0.002  0.012
 
# Band-Index:   64
   1.83091     -4.340314  0.002  0.026  0.000  0.028
   1.81095     -4.338821  0.002  0.027  0.000  0.027
   1.79099     -4.335259  0.000  0.024  0.000  0.026
   1.77103     -4.331980  0.000  0.020  0.000  0.022
   1.75108     -4.331721  0.000  0.026  0.000  0.027
   1.73112     -4.335950  0.000  0.039  0.002  0.041
   1.71116     -4.344322  0.000  0.061  0.001  0.062
   1.69120     -4.356038  0.000  0.082  0.000  0.085
   1.67125     -4.370578  0.004  0.102  0.000  0.106
   1.65129     -4.387660  0.004  0.122  0.000  0.126
   1.63133     -4.407111  0.004  0.139  0.000  0.145
   1.61137     -4.428782  0.006  0.157  0.000  0.162
   1.59142     -4.452469  0.006  0.172  0.000  0.179
   1.57146     -4.477843  0.006  0.185  0.000  0.192
   1.55150     -4.504297  0.007  0.196  0.000  0.204
   1.53154     -4.530641  0.006  0.203  0.000  0.210
   1.51159     -4.554445  0.006  0.205  0.000  0.212
   1.49163     -4.568609  0.003  0.135  0.000  0.138
   1.47167     -4.573864  0.002  0.130  0.000  0.133
   1.45171     -4.577399  0.002  0.136  0.000  0.139
   1.45171     -4.577399  0.002  0.136  0.000  0.139
   1.42349     -4.579358  0.003  0.136  0.000  0.139
   1.39526     -4.585103  0.003  0.135  0.000  0.139
   1.36704     -4.594249  0.003  0.137  0.000  0.140
   1.33882     -4.606214  0.003  0.136  0.001  0.140
   1.31059     -4.620235  0.003  0.140  0.001  0.143
   1.28237     -4.610081  0.026  0.260  0.001  0.287
   1.25414     -4.581772  0.035  0.287  0.002  0.324
   1.22592     -4.538686  0.044  0.303  0.002  0.351
   1.19769     -4.481558  0.048  0.300  0.002  0.350
   1.16947     -4.418880  0.041  0.244  0.003  0.287
   1.14125     -4.375158  0.010  0.100  0.002  0.112
   1.11302     -4.376382  0.000  0.029  0.003  0.034
   1.08480     -4.386570  0.002  0.035  0.004  0.039
   1.05657     -4.399151  0.002  0.046  0.004  0.052
   1.02835     -4.413147  0.002  0.060  0.003  0.068
   1.00013     -4.427045  0.003  0.082  0.004  0.090
   0.97190     -4.422706  0.000  0.061  0.003  0.068
   0.94368     -4.409137  0.000  0.072  0.003  0.077
   0.91545     -4.402018  0.001  0.096  0.004  0.102
   0.91545     -4.402018  0.001  0.096  0.004  0.102
   0.89550     -4.400805  0.000  0.020  0.004  0.025
   0.87554     -4.405195  0.000  0.077  0.004  0.081
   0.85558     -4.405237  0.000  0.063  0.004  0.067
   0.83562     -4.403290  0.000  0.050  0.004  0.054
   0.81567     -4.411022  0.000  0.010  0.002  0.014
   0.79571     -4.428957  0.000  0.010  0.002  0.012
   0.77575     -4.439647  0.000  0.153  0.004  0.159
   0.75579     -4.443081  0.000  0.149  0.004  0.155
   0.73584     -4.447100  0.000  0.143  0.004  0.149
   0.71588     -4.451585  0.000  0.137  0.004  0.141
   0.69592     -4.456449  0.000  0.128  0.004  0.134
   0.67596     -4.461596  0.000  0.121  0.004  0.127
   0.65600     -4.466896  0.000  0.115  0.003  0.121
   0.63605     -4.472171  0.000  0.108  0.002  0.112
   0.61609     -4.447674  0.000  0.022  0.002  0.027
   0.59613     -4.408617  0.000  0.026  0.004  0.030
   0.57617     -4.403846  0.000  0.201  0.004  0.205
   0.55622     -4.404461  0.000  0.202  0.004  0.206
   0.53626     -4.404677  0.000  0.202  0.004  0.206
   0.53626     -4.404677  0.000  0.202  0.004  0.206
   0.50804     -4.403533  0.000  0.200  0.004  0.204
   0.47981     -4.400080  0.000  0.194  0.004  0.198
   0.45159     -4.394234  0.000  0.187  0.004  0.191
   0.42336     -4.408599  0.000  0.040  0.004  0.046
   0.39514     -4.430437  0.000  0.083  0.002  0.087
   0.36691     -4.468753  0.000  0.030  0.002  0.033
   0.33869     -4.533057  0.002  0.031  0.004  0.036
   0.31047     -4.538941  0.002  0.022  0.004  0.028
   0.28224     -4.530513  0.000  0.018  0.000  0.020
   0.25402     -4.514607  0.000  0.015  0.000  0.019
   0.22579     -4.494282  0.000  0.015  0.000  0.016
   0.19757     -4.471034  0.000  0.013  0.000  0.014
   0.16935     -4.445897  0.000  0.009  0.000  0.010
   0.14112     -4.419926  0.000  0.006  0.000  0.008
   0.11290     -4.397516  0.000  0.025  0.002  0.027
   0.08467     -4.381599  0.000  0.042  0.002  0.045
   0.05645     -4.354048  0.000  0.012  0.000  0.012
   0.02822     -4.343641  0.002  0.022  0.000  0.024
   0.00000     -4.340314  0.002  0.026  0.000  0.028
 
# Band-Index:   65
   0.00000     -4.301820  0.000  0.059  0.000  0.059
   0.02822     -4.325147  0.000  0.040  0.002  0.044
   0.05645     -4.353035  0.000  0.042  0.002  0.046
   0.08467     -4.371611  0.000  0.005  0.000  0.006
   0.11290     -4.394407  0.000  0.005  0.001  0.006
   0.14112     -4.409262  0.000  0.036  0.002  0.038
   0.16935     -4.421595  0.000  0.044  0.002  0.048
   0.19757     -4.432436  0.002  0.052  0.001  0.056
   0.22579     -4.439651  0.002  0.058  0.000  0.061
   0.25402     -4.441266  0.004  0.054  0.000  0.062
   0.28224     -4.436222  0.004  0.046  0.000  0.052
   0.31047     -4.425049  0.002  0.034  0.004  0.042
   0.33869     -4.408906  0.002  0.026  0.004  0.030
   0.36691     -4.410872  0.000  0.082  0.002  0.084
   0.39514     -4.378973  0.000  0.037  0.004  0.042
   0.42336     -4.385926  0.000  0.176  0.004  0.180
   0.45159     -4.363975  0.000  0.043  0.006  0.049
   0.47981     -4.330386  0.000  0.044  0.006  0.052
   0.50804     -4.325672  0.000  0.177  0.004  0.181
   0.53626     -4.327072  0.000  0.179  0.004  0.183
   0.53626     -4.327072  0.000  0.179  0.004  0.183
   0.55622     -4.330651  0.000  0.034  0.004  0.040
   0.57617     -4.368777  0.000  0.030  0.004  0.034
   0.59613     -4.402902  0.000  0.200  0.004  0.204
   0.61609     -4.401719  0.000  0.197  0.004  0.203
   0.63605     -4.400391  0.000  0.195  0.004  0.201
   0.65600     -4.399015  0.000  0.194  0.004  0.198
   0.67596     -4.397667  0.000  0.188  0.004  0.192
   0.69592     -4.396420  0.000  0.182  0.004  0.187
   0.71588     -4.395329  0.000  0.174  0.004  0.178
   0.73584     -4.394441  0.000  0.166  0.004  0.171
   0.75579     -4.393815  0.000  0.159  0.004  0.164
   0.77575     -4.393510  0.000  0.150  0.004  0.154
   0.79571     -4.393690  0.001  0.120  0.003  0.126
   0.81567     -4.399119  0.000  0.046  0.003  0.050
   0.83562     -4.396586  0.000  0.011  0.002  0.014
   0.85558     -4.396317  0.000  0.117  0.003  0.121
   0.87554     -4.398028  0.000  0.111  0.002  0.113
   0.89550     -4.399992  0.000  0.105  0.002  0.108
   0.91545     -4.389121  0.000  0.015  0.003  0.018
   0.91545     -4.389121  0.000  0.015  0.003  0.018
   0.94368     -4.382546  0.000  0.043  0.003  0.046
   0.97190     -4.371836  0.000  0.054  0.004  0.059
   1.00013     -4.360598  0.001  0.058  0.004  0.064
   1.02835     -4.350336  0.003  0.052  0.004  0.058
   1.05657     -4.343302  0.004  0.041  0.004  0.049
   1.08480     -4.341978  0.006  0.036  0.002  0.044
   1.11302     -4.347989  0.011  0.052  0.002  0.066
   1.14125     -4.362235  0.014  0.047  0.001  0.064
   1.16947     -4.363144  0.002  0.012  0.003  0.017
   1.19769     -4.365683  0.000  0.009  0.003  0.013
   1.22592     -4.372386  0.000  0.007  0.004  0.011
   1.25414     -4.381407  0.000  0.007  0.004  0.011
   1.28237     -4.391132  0.001  0.006  0.004  0.010
   1.31059     -4.400487  0.001  0.004  0.004  0.009
   1.33882     -4.408781  0.001  0.004  0.004  0.010
   1.36704     -4.415571  0.001  0.004  0.005  0.009
   1.39526     -4.420576  0.001  0.003  0.005  0.009
   1.42349     -4.423636  0.001  0.003  0.005  0.008
   1.45171     -4.424668  0.001  0.003  0.005  0.008
   1.45171     -4.424668  0.001  0.003  0.005  0.008
   1.47167     -4.423298  0.001  0.007  0.005  0.014
   1.49163     -4.415126  0.002  0.023  0.005  0.030
   1.51159     -4.401314  0.004  0.046  0.005  0.052
   1.53154     -4.384090  0.004  0.071  0.004  0.078
   1.55150     -4.365416  0.005  0.095  0.004  0.102
   1.57146     -4.346716  0.005  0.115  0.004  0.123
   1.59142     -4.329009  0.005  0.133  0.002  0.141
   1.61137     -4.315223  0.004  0.128  0.002  0.134
   1.63133     -4.304843  0.004  0.141  0.001  0.148
   1.65129     -4.297057  0.005  0.149  0.000  0.154
   1.67125     -4.292081  0.005  0.151  0.000  0.157
   1.69120     -4.291455  0.001  0.017  0.002  0.020
   1.71116     -4.296614  0.002  0.022  0.002  0.026
   1.73112     -4.300934  0.002  0.031  0.000  0.034
   1.75108     -4.303622  0.002  0.042  0.000  0.044
   1.77103     -4.304304  0.001  0.051  0.000  0.053
   1.79099     -4.303497  0.000  0.058  0.000  0.059
   1.81095     -4.302336  0.000  0.059  0.000  0.061
   1.83091     -4.301820  0.000  0.059  0.000  0.059
 
# Band-Index:   66
   1.83091     -4.297074  0.000  0.000  0.007  0.007
   1.81095     -4.296584  0.000  0.000  0.007  0.007
   1.79099     -4.295113  0.000  0.001  0.007  0.008
   1.77103     -4.295056  0.004  0.113  0.000  0.116
   1.75108     -4.294372  0.004  0.127  0.000  0.132
   1.73112     -4.292339  0.004  0.137  0.000  0.141
   1.71116     -4.290346  0.004  0.143  0.000  0.147
   1.69120     -4.289931  0.003  0.147  0.000  0.152
   1.67125     -4.286034  0.000  0.012  0.002  0.013
   1.65129     -4.285514  0.006  0.182  0.002  0.189
   1.63133     -4.297990  0.006  0.169  0.002  0.176
   1.61137     -4.312441  0.005  0.153  0.002  0.162
   1.59142     -4.327550  0.003  0.113  0.002  0.119
   1.57146     -4.342086  0.002  0.091  0.003  0.097
   1.55150     -4.357920  0.002  0.072  0.003  0.078
   1.53154     -4.374507  0.001  0.053  0.003  0.059
   1.51159     -4.390975  0.000  0.035  0.005  0.040
   1.49163     -4.406011  0.000  0.020  0.005  0.026
   1.47167     -4.417765  0.000  0.007  0.005  0.013
   1.45171     -4.423584  0.001  0.003  0.005  0.008
   1.45171     -4.423584  0.001  0.003  0.005  0.008
   1.42349     -4.422551  0.001  0.003  0.005  0.008
   1.39526     -4.419488  0.001  0.003  0.005  0.009
   1.36704     -4.414480  0.001  0.004  0.005  0.009
   1.33882     -4.407686  0.001  0.004  0.004  0.010
   1.31059     -4.399389  0.001  0.004  0.004  0.009
   1.28237     -4.390036  0.001  0.006  0.004  0.010
   1.25414     -4.380325  0.000  0.007  0.004  0.011
   1.22592     -4.371352  0.000  0.007  0.004  0.011
   1.19769     -4.364770  0.000  0.009  0.003  0.013
   1.16947     -4.362444  0.002  0.011  0.003  0.016
   1.14125     -4.361948  0.014  0.044  0.001  0.060
   1.11302     -4.347243  0.011  0.053  0.002  0.065
   1.08480     -4.340978  0.006  0.036  0.002  0.044
   1.05657     -4.342326  0.004  0.041  0.004  0.049
   1.02835     -4.349561  0.003  0.053  0.004  0.058
   1.00013     -4.359997  0.001  0.059  0.004  0.064
   0.97190     -4.371339  0.000  0.055  0.004  0.059
   0.94368     -4.382066  0.000  0.043  0.003  0.046
   0.91545     -4.388531  0.000  0.015  0.003  0.019
   0.91545     -4.388531  0.000  0.015  0.003  0.019
   0.89550     -4.382994  0.000  0.014  0.004  0.016
   0.87554     -4.382506  0.000  0.011  0.002  0.015
   0.85558     -4.386960  0.000  0.010  0.002  0.012
   0.83562     -4.394969  0.000  0.124  0.004  0.129
   0.81567     -4.394042  0.000  0.132  0.004  0.137
   0.79571     -4.393116  0.000  0.068  0.003  0.071
   0.77575     -4.386372  0.000  0.056  0.004  0.059
   0.75579     -4.379057  0.000  0.064  0.004  0.068
   0.73584     -4.371615  0.000  0.072  0.004  0.077
   0.71588     -4.364287  0.000  0.083  0.004  0.087
   0.69592     -4.357256  0.000  0.095  0.002  0.099
   0.67596     -4.350690  0.000  0.109  0.002  0.111
   0.65600     -4.344730  0.000  0.123  0.002  0.125
   0.63605     -4.339501  0.000  0.137  0.002  0.139
   0.61609     -4.335106  0.000  0.147  0.004  0.152
   0.59613     -4.331618  0.000  0.161  0.004  0.165
   0.57617     -4.329097  0.000  0.171  0.004  0.175
   0.55622     -4.327574  0.000  0.177  0.004  0.181
   0.53626     -4.303030  0.000  0.045  0.007  0.053
   0.53626     -4.303030  0.000  0.045  0.007  0.053
   0.50804     -4.309883  0.000  0.045  0.007  0.053
   0.47981     -4.321502  0.000  0.172  0.004  0.176
   0.45159     -4.328147  0.000  0.027  0.004  0.032
   0.42336     -4.349226  0.000  0.028  0.004  0.032
   0.39514     -4.375138  0.000  0.166  0.004  0.170
   0.36691     -4.387784  0.000  0.018  0.002  0.020
   0.33869     -4.390679  0.000  0.081  0.002  0.085
   0.31047     -4.370455  0.000  0.078  0.004  0.083
   0.28224     -4.350612  0.000  0.073  0.004  0.079
   0.25402     -4.332540  0.018  0.203  0.002  0.221
   0.22579     -4.345157  0.014  0.197  0.002  0.214
   0.19757     -4.347885  0.012  0.185  0.002  0.198
   0.16935     -4.343988  0.010  0.171  0.002  0.183
   0.14112     -4.336257  0.008  0.161  0.002  0.169
   0.11290     -4.326620  0.006  0.149  0.000  0.157
   0.08467     -4.316167  0.006  0.136  0.000  0.141
   0.05645     -4.305617  0.004  0.112  0.000  0.117
   0.02822     -4.296846  0.004  0.088  0.001  0.094
   0.00000     -4.297074  0.000  0.000  0.007  0.007
 
# Band-Index:   67
   0.00000     -4.295976  0.000  0.000  0.007  0.007
   0.02822     -4.295992  0.000  0.000  0.008  0.008
   0.05645     -4.294792  0.000  0.001  0.007  0.010
   0.08467     -4.293006  0.000  0.006  0.006  0.012
   0.11290     -4.290946  0.000  0.008  0.006  0.015
   0.14112     -4.290055  0.012  0.221  0.002  0.235
   0.16935     -4.294551  0.012  0.226  0.002  0.242
   0.19757     -4.296368  0.000  0.046  0.004  0.051
   0.22579     -4.313285  0.000  0.058  0.004  0.063
   0.25402     -4.331471  0.000  0.067  0.004  0.071
   0.28224     -4.313115  0.000  0.111  0.006  0.113
   0.31047     -4.329984  0.000  0.125  0.004  0.129
   0.33869     -4.346713  0.000  0.138  0.004  0.144
   0.36691     -4.361970  0.000  0.152  0.004  0.156
   0.39514     -4.345225  0.000  0.004  0.000  0.005
   0.42336     -4.304949  0.000  0.151  0.002  0.154
   0.45159     -4.314583  0.000  0.162  0.004  0.166
   0.47981     -4.311869  0.000  0.027  0.004  0.031
   0.50804     -4.301371  0.000  0.028  0.005  0.033
   0.53626     -4.297701  0.000  0.029  0.005  0.034
   0.53626     -4.297701  0.000  0.029  0.005  0.034
   0.55622     -4.296534  0.000  0.028  0.004  0.032
   0.57617     -4.293074  0.000  0.029  0.006  0.035
   0.59613     -4.287679  0.000  0.030  0.006  0.036
   0.61609     -4.280922  0.000  0.032  0.006  0.038
   0.63605     -4.273628  0.000  0.036  0.006  0.042
   0.65600     -4.266877  0.000  0.038  0.006  0.044
   0.67596     -4.261930  0.000  0.041  0.006  0.047
   0.69592     -4.259949  0.000  0.038  0.006  0.045
   0.71588     -4.261351  0.000  0.036  0.004  0.040
   0.73584     -4.265093  0.000  0.030  0.004  0.034
   0.75579     -4.268621  0.000  0.024  0.002  0.028
   0.77575     -4.268935  0.000  0.018  0.002  0.020
   0.79571     -4.264124  0.000  0.014  0.002  0.014
   0.81567     -4.254007  0.000  0.010  0.000  0.012
   0.83562     -4.239589  0.000  0.006  0.000  0.006
   0.85558     -4.238671  0.000  0.052  0.002  0.054
   0.87554     -4.236770  0.000  0.050  0.002  0.052
   0.89550     -4.241037  0.000  0.022  0.002  0.022
   0.91545     -4.240581  0.000  0.020  0.001  0.020
   0.91545     -4.240581  0.000  0.020  0.001  0.020
   0.94368     -4.242648  0.000  0.019  0.001  0.019
   0.97190     -4.247904  0.000  0.018  0.001  0.018
   1.00013     -4.257068  0.000  0.017  0.001  0.019
   1.02835     -4.272589  0.000  0.023  0.002  0.024
   1.05657     -4.288961  0.000  0.037  0.003  0.042
   1.08480     -4.296597  0.002  0.044  0.003  0.050
   1.11302     -4.296951  0.005  0.037  0.003  0.044
   1.14125     -4.296518  0.011  0.023  0.003  0.036
   1.16947     -4.297260  0.013  0.015  0.002  0.030
   1.19769     -4.294641  0.010  0.011  0.002  0.024
   1.22592     -4.287479  0.008  0.010  0.001  0.019
   1.25414     -4.278017  0.006  0.011  0.001  0.020
   1.28237     -4.268131  0.004  0.014  0.001  0.019
   1.31059     -4.258789  0.003  0.017  0.001  0.021
   1.33882     -4.250257  0.002  0.019  0.001  0.024
   1.36704     -4.242408  0.002  0.021  0.001  0.023
   1.39526     -4.235113  0.001  0.021  0.001  0.023
   1.42349     -4.228831  0.001  0.017  0.001  0.019
   1.45171     -4.225877  0.001  0.013  0.000  0.015
   1.45171     -4.225877  0.001  0.013  0.000  0.015
   1.47167     -4.231094  0.001  0.013  0.000  0.013
   1.49163     -4.237133  0.000  0.012  0.000  0.012
   1.51159     -4.243368  0.000  0.008  0.000  0.010
   1.53154     -4.249559  0.000  0.006  0.000  0.006
   1.55150     -4.255467  0.000  0.004  0.000  0.006
   1.57146     -4.260965  0.000  0.002  0.001  0.004
   1.59142     -4.266082  0.000  0.002  0.002  0.004
   1.61137     -4.270962  0.000  0.004  0.002  0.004
   1.63133     -4.275804  0.000  0.006  0.002  0.006
   1.65129     -4.280798  0.000  0.008  0.002  0.010
   1.67125     -4.275085  0.007  0.192  0.002  0.200
   1.69120     -4.274597  0.000  0.011  0.007  0.018
   1.71116     -4.280242  0.000  0.008  0.007  0.016
   1.73112     -4.285193  0.000  0.006  0.007  0.014
   1.75108     -4.289368  0.000  0.003  0.007  0.012
   1.77103     -4.292695  0.000  0.002  0.007  0.009
   1.79099     -4.294470  0.004  0.096  0.000  0.099
   1.81095     -4.295486  0.000  0.000  0.007  0.007
   1.83091     -4.295976  0.000  0.000  0.007  0.007
 
# Band-Index:   68
   1.83091     -4.293300  0.002  0.081  0.002  0.083
   1.81095     -4.293648  0.003  0.083  0.002  0.088
   1.79099     -4.294021  0.000  0.001  0.007  0.008
   1.77103     -4.291611  0.000  0.002  0.007  0.009
   1.75108     -4.288292  0.000  0.003  0.007  0.012
   1.73112     -4.284122  0.000  0.006  0.007  0.014
   1.71116     -4.279172  0.000  0.008  0.007  0.016
   1.69120     -4.273526  0.000  0.011  0.007  0.018
   1.67125     -4.268353  0.000  0.014  0.007  0.021
   1.65129     -4.261618  0.000  0.017  0.007  0.024
   1.63133     -4.254505  0.000  0.022  0.007  0.027
   1.61137     -4.247140  0.000  0.026  0.007  0.032
   1.59142     -4.239662  0.000  0.031  0.007  0.036
   1.57146     -4.232228  0.000  0.035  0.007  0.041
   1.55150     -4.225026  0.000  0.040  0.007  0.045
   1.53154     -4.218281  0.000  0.045  0.007  0.051
   1.51159     -4.212298  0.000  0.050  0.007  0.058
   1.49163     -4.214567  0.002  0.013  0.000  0.014
   1.47167     -4.219826  0.002  0.015  0.000  0.016
   1.45171     -4.224778  0.001  0.013  0.000  0.015
   1.45171     -4.224778  0.001  0.013  0.000  0.015
   1.42349     -4.227732  0.001  0.017  0.001  0.019
   1.39526     -4.234008  0.001  0.021  0.001  0.023
   1.36704     -4.241291  0.002  0.021  0.001  0.023
   1.33882     -4.249124  0.002  0.019  0.001  0.024
   1.31059     -4.257643  0.003  0.017  0.001  0.021
   1.28237     -4.266986  0.004  0.014  0.001  0.019
   1.25414     -4.276902  0.006  0.011  0.001  0.020
   1.22592     -4.286447  0.008  0.010  0.001  0.019
   1.19769     -4.293786  0.010  0.011  0.002  0.024
   1.16947     -4.296711  0.013  0.014  0.002  0.030
   1.14125     -4.296287  0.011  0.022  0.003  0.036
   1.11302     -4.296922  0.005  0.037  0.003  0.045
   1.08480     -4.296335  0.002  0.045  0.003  0.050
   1.05657     -4.288622  0.000  0.037  0.003  0.042
   1.02835     -4.272181  0.000  0.025  0.002  0.026
   1.00013     -4.256453  0.000  0.017  0.001  0.019
   0.97190     -4.247155  0.000  0.018  0.000  0.018
   0.94368     -4.241821  0.000  0.019  0.001  0.019
   0.91545     -4.239691  0.000  0.020  0.001  0.020
   0.91545     -4.239691  0.000  0.020  0.001  0.020
   0.89550     -4.233670  0.000  0.048  0.000  0.048
   0.87554     -4.233349  0.000  0.024  0.002  0.025
   0.85558     -4.223588  0.000  0.006  0.000  0.008
   0.83562     -4.239240  0.000  0.054  0.002  0.056
   0.81567     -4.238419  0.000  0.055  0.002  0.057
   0.79571     -4.236217  0.000  0.057  0.002  0.058
   0.77575     -4.232711  0.000  0.054  0.002  0.058
   0.75579     -4.228036  0.000  0.054  0.002  0.058
   0.73584     -4.222364  0.000  0.054  0.002  0.058
   0.71588     -4.215898  0.000  0.054  0.002  0.058
   0.69592     -4.208843  0.000  0.056  0.002  0.060
   0.67596     -4.201421  0.000  0.057  0.003  0.059
   0.65600     -4.198050  0.000  0.070  0.003  0.073
   0.63605     -4.198741  0.000  0.069  0.004  0.071
   0.61609     -4.199244  0.000  0.066  0.004  0.069
   0.59613     -4.206005  0.000  0.040  0.006  0.046
   0.57617     -4.230250  0.000  0.037  0.004  0.042
   0.55622     -4.258496  0.000  0.032  0.004  0.036
   0.53626     -4.282773  0.000  0.020  0.002  0.022
   0.53626     -4.282773  0.000  0.020  0.002  0.022
   0.50804     -4.282402  0.000  0.020  0.002  0.022
   0.47981     -4.281334  0.000  0.020  0.002  0.022
   0.45159     -4.279691  0.000  0.018  0.002  0.020
   0.42336     -4.277625  0.000  0.020  0.002  0.022
   0.39514     -4.292640  0.000  0.137  0.002  0.141
   0.36691     -4.277688  0.000  0.123  0.002  0.125
   0.33869     -4.270342  0.000  0.016  0.002  0.018
   0.31047     -4.282423  0.010  0.085  0.002  0.096
   0.28224     -4.309182  0.016  0.168  0.002  0.186
   0.25402     -4.298950  0.000  0.087  0.006  0.090
   0.22579     -4.290687  0.000  0.057  0.006  0.063
   0.19757     -4.294988  0.014  0.242  0.002  0.260
   0.16935     -4.287705  0.000  0.024  0.006  0.029
   0.14112     -4.289008  0.000  0.014  0.006  0.020
   0.11290     -4.282389  0.010  0.221  0.002  0.233
   0.08467     -4.272290  0.010  0.223  0.002  0.235
   0.05645     -4.263519  0.000  0.006  0.006  0.012
   0.02822     -4.277753  0.000  0.016  0.006  0.022
   0.00000     -4.293300  0.002  0.081  0.002  0.083
 
# Band-Index:   69
   0.00000     -4.248698  0.008  0.236  0.002  0.247
   0.02822     -4.252284  0.008  0.234  0.002  0.244
   0.05645     -4.261305  0.010  0.228  0.002  0.241
   0.08467     -4.257831  0.000  0.002  0.006  0.008
   0.11290     -4.260201  0.000  0.006  0.006  0.012
   0.14112     -4.268650  0.000  0.018  0.005  0.023
   0.16935     -4.281155  0.000  0.031  0.005  0.037
   0.19757     -4.287727  0.000  0.036  0.006  0.041
   0.22579     -4.289347  0.016  0.276  0.004  0.296
   0.25402     -4.273684  0.018  0.325  0.004  0.353
   0.28224     -4.263075  0.000  0.014  0.000  0.016
   0.31047     -4.267407  0.000  0.014  0.002  0.016
   0.33869     -4.260231  0.004  0.030  0.000  0.036
   0.36691     -4.272886  0.000  0.018  0.002  0.020
   0.39514     -4.275316  0.000  0.018  0.002  0.020
   0.42336     -4.255381  0.000  0.010  0.000  0.012
   0.45159     -4.183601  0.000  0.045  0.004  0.047
   0.47981     -4.191441  0.000  0.054  0.004  0.058
   0.50804     -4.197585  0.000  0.054  0.004  0.058
   0.53626     -4.199809  0.000  0.054  0.003  0.059
   0.53626     -4.199809  0.000  0.054  0.003  0.059
   0.55622     -4.199789  0.000  0.055  0.003  0.059
   0.57617     -4.199719  0.000  0.058  0.003  0.062
   0.59613     -4.199556  0.000  0.062  0.004  0.066
   0.61609     -4.186411  0.000  0.042  0.006  0.048
   0.63605     -4.186353  0.000  0.060  0.004  0.065
   0.65600     -4.193839  0.000  0.057  0.004  0.061
   0.67596     -4.197216  0.000  0.070  0.000  0.073
   0.69592     -4.196404  0.000  0.068  0.000  0.068
   0.71588     -4.195807  0.000  0.064  0.000  0.064
   0.73584     -4.195685  0.000  0.060  0.000  0.060
   0.75579     -4.196316  0.000  0.052  0.000  0.052
   0.77575     -4.197914  0.000  0.046  0.000  0.046
   0.79571     -4.200591  0.000  0.040  0.000  0.040
   0.81567     -4.204307  0.000  0.038  0.000  0.038
   0.83562     -4.208889  0.000  0.036  0.000  0.036
   0.85558     -4.216623  0.000  0.028  0.002  0.030
   0.87554     -4.219447  0.000  0.038  0.000  0.038
   0.89550     -4.231270  0.000  0.018  0.000  0.019
   0.91545     -4.229598  0.000  0.045  0.001  0.045
   0.91545     -4.229598  0.000  0.045  0.001  0.045
   0.94368     -4.227188  0.000  0.045  0.001  0.047
   0.97190     -4.221305  0.000  0.051  0.001  0.054
   1.00013     -4.213855  0.000  0.065  0.002  0.068
   1.02835     -4.222691  0.000  0.085  0.003  0.088
   1.05657     -4.231243  0.000  0.093  0.003  0.096
   1.08480     -4.232106  0.000  0.100  0.002  0.103
   1.11302     -4.228942  0.000  0.105  0.003  0.107
   1.14125     -4.227270  0.002  0.117  0.003  0.123
   1.16947     -4.234452  0.004  0.138  0.003  0.147
   1.19769     -4.234079  0.001  0.104  0.004  0.108
   1.22592     -4.226172  0.000  0.078  0.004  0.081
   1.25414     -4.215016  0.000  0.064  0.003  0.067
   1.28237     -4.202658  0.001  0.056  0.004  0.061
   1.31059     -4.191683  0.001  0.057  0.005  0.062
   1.33882     -4.186599  0.000  0.059  0.005  0.066
   1.36704     -4.188488  0.000  0.057  0.006  0.062
   1.39526     -4.194002  0.000  0.054  0.006  0.061
   1.42349     -4.200092  0.000  0.057  0.005  0.063
   1.45171     -4.203127  0.000  0.061  0.007  0.068
   1.45171     -4.203127  0.000  0.061  0.007  0.068
   1.47167     -4.204259  0.000  0.059  0.007  0.066
   1.49163     -4.207466  0.000  0.056  0.007  0.061
   1.51159     -4.211267  0.000  0.050  0.007  0.058
   1.53154     -4.217243  0.000  0.045  0.007  0.051
   1.55150     -4.223979  0.000  0.040  0.007  0.045
   1.57146     -4.231172  0.000  0.035  0.007  0.041
   1.59142     -4.238598  0.000  0.031  0.007  0.036
   1.61137     -4.246069  0.000  0.026  0.007  0.032
   1.63133     -4.253431  0.000  0.022  0.007  0.027
   1.65129     -4.260543  0.000  0.017  0.007  0.024
   1.67125     -4.267280  0.000  0.014  0.007  0.021
   1.69120     -4.266671  0.008  0.200  0.002  0.209
   1.71116     -4.260169  0.008  0.207  0.002  0.216
   1.73112     -4.255412  0.008  0.214  0.002  0.222
   1.75108     -4.252190  0.008  0.219  0.002  0.229
   1.77103     -4.250233  0.008  0.226  0.002  0.234
   1.79099     -4.249216  0.008  0.232  0.002  0.242
   1.81095     -4.248798  0.008  0.235  0.002  0.245
   1.83091     -4.248698  0.008  0.236  0.002  0.247
 
# Band-Index:   70
   1.83091     -4.209852  0.006  0.148  0.002  0.158
   1.81095     -4.209883  0.005  0.146  0.002  0.156
   1.79099     -4.209953  0.004  0.143  0.002  0.151
   1.77103     -4.209993  0.004  0.136  0.002  0.144
   1.75108     -4.209877  0.004  0.124  0.002  0.132
   1.73112     -4.209422  0.004  0.107  0.002  0.115
   1.71116     -4.208415  0.003  0.089  0.004  0.095
   1.69120     -4.206697  0.002  0.067  0.002  0.073
   1.67125     -4.204316  0.002  0.048  0.002  0.052
   1.65129     -4.201607  0.000  0.032  0.002  0.034
   1.63133     -4.199108  0.000  0.021  0.002  0.021
   1.61137     -4.197418  0.000  0.010  0.002  0.012
   1.59142     -4.197030  0.000  0.006  0.001  0.006
   1.57146     -4.198215  0.000  0.002  0.000  0.002
   1.55150     -4.200923  0.000  0.004  0.000  0.004
   1.53154     -4.204834  0.000  0.006  0.000  0.008
   1.51159     -4.209505  0.002  0.008  0.000  0.010
   1.49163     -4.206441  0.000  0.056  0.007  0.061
   1.47167     -4.203239  0.000  0.059  0.007  0.066
   1.45171     -4.202109  0.000  0.061  0.007  0.068
   1.45171     -4.202109  0.000  0.061  0.007  0.068
   1.42349     -4.199074  0.000  0.057  0.005  0.063
   1.39526     -4.192988  0.000  0.054  0.006  0.060
   1.36704     -4.187473  0.000  0.057  0.006  0.062
   1.33882     -4.185592  0.000  0.058  0.005  0.066
   1.31059     -4.190813  0.001  0.057  0.005  0.062
   1.28237     -4.201989  0.001  0.055  0.004  0.060
   1.25414     -4.214467  0.000  0.063  0.003  0.066
   1.22592     -4.225686  0.000  0.077  0.004  0.080
   1.19769     -4.233650  0.001  0.102  0.004  0.106
   1.16947     -4.234209  0.004  0.136  0.003  0.145
   1.14125     -4.226818  0.003  0.119  0.003  0.125
   1.11302     -4.228132  0.000  0.104  0.003  0.106
   1.08480     -4.231243  0.000  0.100  0.002  0.103
   1.05657     -4.230371  0.000  0.093  0.003  0.096
   1.02835     -4.221813  0.000  0.084  0.003  0.087
   1.00013     -4.213443  0.000  0.064  0.002  0.067
   0.97190     -4.221148  0.000  0.050  0.001  0.053
   0.94368     -4.227080  0.000  0.046  0.001  0.047
   0.91545     -4.229544  0.000  0.045  0.001  0.045
   0.91545     -4.229544  0.000  0.045  0.001  0.045
   0.89550     -4.224732  0.000  0.040  0.000  0.041
   0.87554     -4.218652  0.000  0.019  0.000  0.019
   0.85558     -4.214049  0.000  0.036  0.000  0.038
   0.83562     -4.199897  0.000  0.029  0.002  0.031
   0.81567     -4.189886  0.000  0.031  0.002  0.034
   0.79571     -4.179029  0.000  0.040  0.002  0.042
   0.77575     -4.167892  0.000  0.042  0.004  0.046
   0.75579     -4.158273  0.000  0.048  0.004  0.052
   0.73584     -4.151624  0.000  0.052  0.006  0.058
   0.71588     -4.148678  0.000  0.050  0.006  0.057
   0.69592     -4.149422  0.000  0.050  0.006  0.056
   0.67596     -4.153499  0.000  0.050  0.006  0.056
   0.65600     -4.160739  0.000  0.048  0.006  0.054
   0.63605     -4.171488  0.000  0.046  0.006  0.053
   0.61609     -4.179210  0.000  0.065  0.002  0.067
   0.59613     -4.172730  0.000  0.070  0.002  0.072
   0.57617     -4.167358  0.000  0.075  0.002  0.077
   0.55622     -4.163689  0.000  0.077  0.002  0.081
   0.53626     -4.162373  0.000  0.079  0.002  0.081
   0.53626     -4.162373  0.000  0.079  0.002  0.081
   0.50804     -4.160823  0.000  0.078  0.002  0.080
   0.47981     -4.156256  0.000  0.078  0.001  0.079
   0.45159     -4.175435  0.000  0.023  0.000  0.023
   0.42336     -4.195207  0.000  0.012  0.000  0.014
   0.39514     -4.217825  0.000  0.012  0.000  0.016
   0.36691     -4.239691  0.002  0.014  0.002  0.018
   0.33869     -4.260142  0.000  0.105  0.002  0.109
   0.31047     -4.240093  0.000  0.090  0.002  0.092
   0.28224     -4.242494  0.024  0.393  0.006  0.426
   0.25402     -4.254829  0.000  0.024  0.000  0.026
   0.22579     -4.239718  0.000  0.042  0.000  0.042
   0.19757     -4.228478  0.004  0.107  0.004  0.113
   0.16935     -4.227975  0.004  0.095  0.004  0.101
   0.14112     -4.226825  0.004  0.091  0.004  0.097
   0.11290     -4.224797  0.004  0.096  0.004  0.103
   0.08467     -4.221521  0.004  0.107  0.004  0.115
   0.05645     -4.216959  0.004  0.124  0.002  0.132
   0.02822     -4.212143  0.004  0.142  0.002  0.150
   0.00000     -4.209852  0.006  0.148  0.002  0.158
 
# Band-Index:   71
   0.00000     -4.102392  0.000  0.054  0.003  0.056
   0.02822     -4.096310  0.000  0.056  0.003  0.058
   0.05645     -4.084627  0.000  0.032  0.000  0.032
   0.08467     -4.111946  0.000  0.039  0.000  0.039
   0.11290     -4.139821  0.000  0.043  0.000  0.043
   0.14112     -4.167366  0.000  0.047  0.000  0.047
   0.16935     -4.193897  0.000  0.049  0.000  0.051
   0.19757     -4.218541  0.000  0.050  0.000  0.050
   0.22579     -4.227868  0.004  0.131  0.004  0.139
   0.25402     -4.224124  0.006  0.182  0.004  0.193
   0.28224     -4.217727  0.000  0.077  0.002  0.079
   0.31047     -4.193021  0.026  0.449  0.009  0.484
   0.33869     -4.143679  0.009  0.393  0.010  0.415
   0.36691     -4.144694  0.000  0.067  0.004  0.071
   0.39514     -4.158056  0.000  0.055  0.004  0.059
   0.42336     -4.170709  0.000  0.055  0.004  0.058
   0.45159     -4.173606  0.000  0.010  0.000  0.014
   0.47981     -4.154822  0.000  0.010  0.000  0.012
   0.50804     -4.140826  0.000  0.008  0.002  0.010
   0.53626     -4.135130  0.000  0.006  0.002  0.008
   0.53626     -4.135130  0.000  0.006  0.002  0.008
   0.55622     -4.134359  0.000  0.006  0.002  0.008
   0.57617     -4.132025  0.000  0.004  0.000  0.006
   0.59613     -4.128070  0.000  0.004  0.000  0.006
   0.61609     -4.122536  0.000  0.002  0.000  0.004
   0.63605     -4.115761  0.000  0.002  0.000  0.002
   0.65600     -4.108544  0.000  0.002  0.000  0.002
   0.67596     -4.113164  0.000  0.006  0.000  0.006
   0.69592     -4.120543  0.000  0.006  0.000  0.006
   0.71588     -4.126122  0.000  0.010  0.002  0.012
   0.73584     -4.130626  0.000  0.016  0.002  0.018
   0.75579     -4.136286  0.000  0.025  0.002  0.027
   0.77575     -4.145996  0.000  0.029  0.004  0.033
   0.79571     -4.161050  0.000  0.030  0.004  0.034
   0.81567     -4.179890  0.000  0.032  0.002  0.035
   0.83562     -4.199019  0.000  0.026  0.001  0.028
   0.85558     -4.207669  0.000  0.020  0.000  0.022
   0.87554     -4.201789  0.000  0.010  0.000  0.010
   0.89550     -4.182058  0.000  0.008  0.000  0.008
   0.91545     -4.165609  0.000  0.009  0.001  0.010
   0.91545     -4.165609  0.000  0.009  0.001  0.010
   0.94368     -4.168479  0.000  0.014  0.001  0.015
   0.97190     -4.178805  0.000  0.027  0.001  0.028
   1.00013     -4.199000  0.000  0.041  0.001  0.044
   1.02835     -4.199984  0.000  0.045  0.001  0.046
   1.05657     -4.187781  0.000  0.044  0.002  0.047
   1.08480     -4.185337  0.001  0.014  0.000  0.015
   1.11302     -4.189091  0.003  0.032  0.000  0.036
   1.14125     -4.197332  0.011  0.129  0.003  0.141
   1.16947     -4.198793  0.004  0.138  0.003  0.146
   1.19769     -4.189255  0.002  0.118  0.003  0.124
   1.22592     -4.177709  0.001  0.102  0.003  0.106
   1.25414     -4.167877  0.001  0.076  0.001  0.079
   1.28237     -4.161801  0.001  0.047  0.002  0.050
   1.31059     -4.157402  0.001  0.025  0.001  0.027
   1.33882     -4.149934  0.001  0.012  0.000  0.015
   1.36704     -4.142784  0.001  0.017  0.002  0.019
   1.39526     -4.142179  0.000  0.021  0.003  0.024
   1.42349     -4.143286  0.000  0.020  0.003  0.023
   1.45171     -4.143811  0.000  0.021  0.003  0.024
   1.45171     -4.143811  0.000  0.021  0.003  0.024
   1.47167     -4.143012  0.000  0.021  0.003  0.025
   1.49163     -4.140797  0.000  0.026  0.003  0.028
   1.51159     -4.137583  0.000  0.029  0.003  0.032
   1.53154     -4.133807  0.000  0.034  0.003  0.036
   1.55150     -4.129798  0.000  0.037  0.003  0.041
   1.57146     -4.125783  0.000  0.042  0.003  0.044
   1.59142     -4.121920  0.000  0.043  0.003  0.046
   1.61137     -4.118323  0.000  0.047  0.002  0.049
   1.63133     -4.115086  0.000  0.048  0.002  0.051
   1.65129     -4.112261  0.000  0.050  0.002  0.052
   1.67125     -4.109857  0.000  0.052  0.002  0.054
   1.69120     -4.107858  0.000  0.052  0.002  0.054
   1.71116     -4.106233  0.000  0.052  0.002  0.056
   1.73112     -4.104948  0.000  0.053  0.003  0.056
   1.75108     -4.103965  0.000  0.054  0.003  0.056
   1.77103     -4.103246  0.000  0.054  0.003  0.055
   1.79099     -4.102762  0.000  0.053  0.003  0.055
   1.81095     -4.102482  0.000  0.054  0.003  0.056
   1.83091     -4.102392  0.000  0.054  0.003  0.056
 
# Band-Index:   72
   1.83091     -4.090057  0.000  0.063  0.004  0.066
   1.81095     -4.090744  0.000  0.060  0.004  0.063
   1.79099     -4.092408  0.000  0.056  0.004  0.059
   1.77103     -4.094501  0.000  0.054  0.003  0.056
   1.75108     -4.096789  0.000  0.053  0.003  0.055
   1.73112     -4.099206  0.000  0.052  0.003  0.054
   1.71116     -4.101756  0.000  0.050  0.003  0.055
   1.69120     -4.104456  0.000  0.051  0.002  0.053
   1.67125     -4.107334  0.000  0.051  0.002  0.052
   1.65129     -4.110407  0.000  0.050  0.002  0.052
   1.63133     -4.113678  0.000  0.047  0.002  0.050
   1.61137     -4.117150  0.000  0.047  0.002  0.049
   1.59142     -4.120823  0.000  0.043  0.003  0.046
   1.57146     -4.124688  0.000  0.041  0.003  0.044
   1.55150     -4.128689  0.000  0.037  0.003  0.041
   1.53154     -4.132689  0.000  0.034  0.003  0.036
   1.51159     -4.136463  0.000  0.029  0.003  0.033
   1.49163     -4.139679  0.000  0.026  0.003  0.028
   1.47167     -4.141895  0.000  0.021  0.003  0.025
   1.45171     -4.142695  0.000  0.021  0.003  0.024
   1.45171     -4.142695  0.000  0.021  0.003  0.024
   1.42349     -4.142185  0.000  0.020  0.003  0.023
   1.39526     -4.141145  0.000  0.021  0.003  0.024
   1.36704     -4.142035  0.001  0.016  0.002  0.019
   1.33882     -4.149651  0.001  0.012  0.000  0.014
   1.31059     -4.157289  0.001  0.024  0.001  0.025
   1.28237     -4.161775  0.001  0.045  0.002  0.048
   1.25414     -4.167693  0.001  0.074  0.001  0.077
   1.22592     -4.177239  0.001  0.100  0.003  0.105
   1.19769     -4.188610  0.002  0.117  0.003  0.123
   1.16947     -4.198155  0.004  0.137  0.003  0.146
   1.14125     -4.197098  0.011  0.130  0.003  0.142
   1.11302     -4.188976  0.003  0.033  0.000  0.038
   1.08480     -4.185192  0.001  0.014  0.000  0.015
   1.05657     -4.187747  0.000  0.043  0.001  0.047
   1.02835     -4.199808  0.000  0.044  0.001  0.045
   1.00013     -4.198744  0.000  0.043  0.001  0.045
   0.97190     -4.178245  0.000  0.027  0.001  0.028
   0.94368     -4.168004  0.000  0.014  0.001  0.015
   0.91545     -4.165180  0.000  0.009  0.001  0.010
   0.91545     -4.165180  0.000  0.009  0.001  0.010
   0.89550     -4.159019  0.000  0.011  0.000  0.012
   0.87554     -4.159213  0.000  0.012  0.000  0.012
   0.85558     -4.153040  0.000  0.008  0.002  0.011
   0.83562     -4.137776  0.000  0.009  0.002  0.010
   0.81567     -4.118202  0.000  0.006  0.002  0.009
   0.79571     -4.099303  0.000  0.008  0.004  0.010
   0.77575     -4.087650  0.000  0.004  0.004  0.008
   0.75579     -4.085884  0.000  0.002  0.002  0.004
   0.73584     -4.088105  0.000  0.002  0.001  0.002
   0.71588     -4.091637  0.000  0.002  0.000  0.002
   0.69592     -4.096136  0.000  0.002  0.000  0.002
   0.67596     -4.101783  0.000  0.002  0.000  0.002
   0.65600     -4.104460  0.000  0.004  0.000  0.006
   0.63605     -4.095489  0.000  0.006  0.000  0.006
   0.61609     -4.087137  0.000  0.008  0.000  0.008
   0.59613     -4.091018  0.000  0.111  0.004  0.115
   0.57617     -4.097559  0.000  0.107  0.004  0.111
   0.55622     -4.101894  0.000  0.104  0.004  0.109
   0.53626     -4.103435  0.000  0.103  0.004  0.107
   0.53626     -4.103435  0.000  0.103  0.004  0.107
   0.50804     -4.101079  0.000  0.103  0.004  0.107
   0.47981     -4.118480  0.000  0.012  0.000  0.012
   0.45159     -4.148803  0.000  0.076  0.000  0.076
   0.42336     -4.138697  0.000  0.074  0.000  0.074
   0.39514     -4.126255  0.000  0.072  0.000  0.072
   0.36691     -4.113671  0.003  0.289  0.008  0.300
   0.33869     -4.138268  0.009  0.361  0.010  0.379
   0.31047     -4.183583  0.013  0.394  0.010  0.420
   0.28224     -4.212066  0.010  0.278  0.006  0.295
   0.25402     -4.193326  0.000  0.063  0.000  0.065
   0.22579     -4.167267  0.000  0.054  0.000  0.054
   0.19757     -4.139996  0.000  0.047  0.000  0.047
   0.16935     -4.112004  0.000  0.042  0.000  0.042
   0.14112     -4.083862  0.000  0.041  0.000  0.041
   0.11290     -4.063149  0.000  0.024  0.002  0.027
   0.08467     -4.067378  0.001  0.042  0.002  0.046
   0.05645     -4.081777  0.000  0.058  0.003  0.060
   0.02822     -4.086114  0.000  0.062  0.004  0.065
   0.00000     -4.090057  0.000  0.063  0.004  0.066
 
# Band-Index:   73
   0.00000     -4.077100  0.000  0.000  0.000  0.000
   0.02822     -4.074418  0.000  0.017  0.000  0.017
   0.05645     -4.076586  0.000  0.057  0.003  0.062
   0.08467     -4.065287  0.002  0.052  0.003  0.056
   0.11290     -4.056363  0.000  0.038  0.000  0.038
   0.14112     -4.063805  0.000  0.018  0.000  0.019
   0.16935     -4.067322  0.000  0.016  0.000  0.018
   0.19757     -4.073052  0.000  0.016  0.000  0.020
   0.22579     -4.080892  0.000  0.018  0.000  0.022
   0.25402     -4.090754  0.000  0.020  0.000  0.024
   0.28224     -4.102357  0.001  0.022  0.000  0.026
   0.31047     -4.115086  0.002  0.018  0.002  0.022
   0.33869     -4.122946  0.012  0.103  0.002  0.117
   0.36691     -4.111859  0.000  0.070  0.000  0.070
   0.39514     -4.099058  0.000  0.201  0.007  0.209
   0.42336     -4.093881  0.000  0.152  0.006  0.158
   0.45159     -4.093901  0.000  0.125  0.006  0.129
   0.47981     -4.096888  0.000  0.110  0.004  0.114
   0.50804     -4.082605  0.000  0.012  0.002  0.012
   0.53626     -4.070457  0.000  0.012  0.002  0.012
   0.53626     -4.070457  0.000  0.012  0.002  0.012
   0.55622     -4.071557  0.000  0.010  0.001  0.010
   0.57617     -4.074815  0.000  0.010  0.000  0.010
   0.59613     -4.080098  0.000  0.010  0.000  0.010
   0.61609     -4.082785  0.000  0.114  0.004  0.116
   0.63605     -4.073194  0.000  0.114  0.004  0.118
   0.65600     -4.062450  0.000  0.114  0.002  0.118
   0.67596     -4.050703  0.000  0.114  0.002  0.118
   0.69592     -4.038081  0.000  0.112  0.000  0.112
   0.71588     -4.024726  0.000  0.111  0.000  0.111
   0.73584     -4.028864  0.000  0.005  0.004  0.009
   0.75579     -4.047120  0.000  0.005  0.004  0.008
   0.77575     -4.060816  0.000  0.004  0.004  0.008
   0.79571     -4.069270  0.000  0.008  0.003  0.010
   0.81567     -4.074425  0.000  0.010  0.002  0.014
   0.83562     -4.079108  0.000  0.012  0.002  0.016
   0.85558     -4.085574  0.000  0.014  0.002  0.016
   0.87554     -4.097896  0.000  0.000  0.000  0.000
   0.89550     -4.112391  0.000  0.000  0.000  0.002
   0.91545     -4.115571  0.000  0.005  0.000  0.006
   0.91545     -4.115571  0.000  0.005  0.000  0.006
   0.94368     -4.124467  0.000  0.009  0.000  0.010
   0.97190     -4.144979  0.000  0.014  0.000  0.014
   1.00013     -4.162146  0.000  0.011  0.000  0.011
   1.02835     -4.172492  0.000  0.011  0.000  0.012
   1.05657     -4.179428  0.000  0.014  0.000  0.015
   1.08480     -4.172939  0.000  0.053  0.001  0.055
   1.11302     -4.158818  0.000  0.062  0.002  0.065
   1.14125     -4.154663  0.008  0.251  0.006  0.266
   1.16947     -4.162319  0.002  0.114  0.003  0.121
   1.19769     -4.159245  0.001  0.075  0.003  0.078
   1.22592     -4.153914  0.000  0.064  0.003  0.068
   1.25414     -4.147820  0.000  0.063  0.003  0.067
   1.28237     -4.141169  0.000  0.061  0.003  0.065
   1.31059     -4.135710  0.000  0.048  0.003  0.054
   1.33882     -4.132158  0.000  0.036  0.003  0.039
   1.36704     -4.125004  0.001  0.019  0.002  0.021
   1.39526     -4.110219  0.002  0.013  0.001  0.016
   1.42349     -4.095964  0.002  0.012  0.001  0.016
   1.45171     -4.089782  0.002  0.014  0.001  0.018
   1.45171     -4.089782  0.002  0.014  0.001  0.018
   1.47167     -4.099510  0.002  0.014  0.002  0.018
   1.49163     -4.105216  0.003  0.014  0.002  0.020
   1.51159     -4.106668  0.004  0.014  0.002  0.020
   1.53154     -4.104111  0.004  0.014  0.002  0.020
   1.55150     -4.098057  0.003  0.012  0.002  0.016
   1.57146     -4.089169  0.002  0.011  0.002  0.015
   1.59142     -4.078228  0.002  0.011  0.002  0.015
   1.61137     -4.066165  0.002  0.013  0.000  0.016
   1.63133     -4.054145  0.002  0.017  0.000  0.019
   1.65129     -4.043706  0.002  0.019  0.000  0.021
   1.67125     -4.040670  0.000  0.000  0.000  0.000
   1.69120     -4.046385  0.000  0.007  0.000  0.007
   1.71116     -4.053123  0.000  0.008  0.000  0.008
   1.73112     -4.059258  0.000  0.008  0.000  0.008
   1.75108     -4.064719  0.000  0.008  0.000  0.008
   1.77103     -4.069441  0.000  0.008  0.000  0.008
   1.79099     -4.073310  0.000  0.006  0.000  0.006
   1.81095     -4.076052  0.000  0.002  0.000  0.002
   1.83091     -4.077100  0.000  0.000  0.000  0.000
 
# Band-Index:   74
   1.83091     -4.046604  0.000  0.000  0.000  0.000
   1.81095     -4.046531  0.000  0.000  0.000  0.000
   1.79099     -4.046294  0.000  0.000  0.000  0.000
   1.77103     -4.045890  0.000  0.000  0.000  0.000
   1.75108     -4.045294  0.000  0.000  0.000  0.000
   1.73112     -4.044485  0.000  0.000  0.000  0.000
   1.71116     -4.043427  0.000  0.000  0.000  0.000
   1.69120     -4.042074  0.000  0.000  0.000  0.000
   1.67125     -4.038830  0.000  0.005  0.000  0.006
   1.65129     -4.038604  0.000  0.000  0.000  0.000
   1.63133     -4.038668  0.002  0.029  0.000  0.033
   1.61137     -4.047462  0.003  0.025  0.002  0.029
   1.59142     -4.054261  0.004  0.026  0.002  0.030
   1.57146     -4.058151  0.003  0.030  0.002  0.034
   1.55150     -4.058678  0.002  0.034  0.002  0.038
   1.53154     -4.055853  0.002  0.040  0.002  0.044
   1.51159     -4.050138  0.002  0.054  0.001  0.058
   1.49163     -4.060273  0.002  0.022  0.000  0.024
   1.47167     -4.076301  0.002  0.015  0.002  0.019
   1.45171     -4.089602  0.002  0.015  0.001  0.019
   1.45171     -4.089602  0.002  0.015  0.001  0.019
   1.42349     -4.095836  0.002  0.013  0.001  0.017
   1.39526     -4.110205  0.002  0.013  0.001  0.016
   1.36704     -4.124606  0.001  0.019  0.002  0.023
   1.33882     -4.131182  0.000  0.036  0.003  0.039
   1.31059     -4.134577  0.000  0.048  0.003  0.053
   1.28237     -4.140051  0.000  0.062  0.003  0.066
   1.25414     -4.146940  0.000  0.065  0.003  0.069
   1.22592     -4.153395  0.000  0.065  0.003  0.068
   1.19769     -4.158991  0.000  0.075  0.003  0.078
   1.16947     -4.162241  0.002  0.113  0.003  0.119
   1.14125     -4.154448  0.008  0.254  0.006  0.270
   1.11302     -4.158455  0.000  0.063  0.002  0.066
   1.08480     -4.172599  0.000  0.052  0.001  0.055
   1.05657     -4.179266  0.000  0.015  0.000  0.016
   1.02835     -4.172351  0.000  0.012  0.000  0.013
   1.00013     -4.161834  0.000  0.012  0.000  0.012
   0.97190     -4.144531  0.000  0.014  0.000  0.014
   0.94368     -4.124140  0.000  0.009  0.000  0.009
   0.91545     -4.115314  0.000  0.005  0.000  0.005
   0.91545     -4.115314  0.000  0.005  0.000  0.005
   0.89550     -4.106462  0.000  0.010  0.002  0.010
   0.87554     -4.094973  0.000  0.012  0.002  0.014
   0.85558     -4.082546  0.000  0.002  0.000  0.002
   0.83562     -4.072231  0.000  0.003  0.001  0.005
   0.81567     -4.067624  0.000  0.004  0.002  0.006
   0.79571     -4.064955  0.000  0.004  0.000  0.006
   0.77575     -4.056871  0.000  0.005  0.000  0.005
   0.75579     -4.039973  0.000  0.005  0.001  0.006
   0.73584     -4.019688  0.000  0.005  0.004  0.007
   0.71588     -4.008378  0.000  0.005  0.004  0.008
   0.69592     -3.988060  0.000  0.004  0.004  0.008
   0.67596     -3.973521  0.000  0.162  0.002  0.166
   0.65600     -3.964344  0.000  0.001  0.000  0.004
   0.63605     -3.965849  0.000  0.002  0.000  0.002
   0.61609     -3.969122  0.000  0.002  0.000  0.002
   0.59613     -3.972180  0.000  0.002  0.000  0.002
   0.57617     -3.974520  0.000  0.002  0.000  0.002
   0.55622     -3.975965  0.000  0.002  0.000  0.002
   0.53626     -3.976459  0.000  0.002  0.000  0.002
   0.53626     -3.976459  0.000  0.002  0.000  0.002
   0.50804     -3.980207  0.000  0.018  0.000  0.018
   0.47981     -3.989616  0.000  0.046  0.002  0.048
   0.45159     -4.002368  0.000  0.082  0.002  0.085
   0.42336     -4.018440  0.000  0.131  0.004  0.135
   0.39514     -4.040940  0.004  0.207  0.006  0.218
   0.36691     -4.076678  0.010  0.309  0.008  0.329
   0.33869     -4.095950  0.000  0.068  0.000  0.068
   0.31047     -4.079015  0.000  0.068  0.000  0.068
   0.28224     -4.061588  0.000  0.068  0.000  0.068
   0.25402     -4.044212  0.000  0.068  0.000  0.068
   0.22579     -4.043720  0.010  0.020  0.002  0.032
   0.19757     -4.043367  0.008  0.022  0.002  0.036
   0.16935     -4.042852  0.006  0.028  0.002  0.039
   0.14112     -4.045026  0.004  0.036  0.002  0.046
   0.11290     -4.052364  0.002  0.046  0.002  0.054
   0.08467     -4.049796  0.000  0.096  0.000  0.097
   0.05645     -4.065570  0.000  0.058  0.000  0.058
   0.02822     -4.059843  0.000  0.019  0.000  0.019
   0.00000     -4.046604  0.000  0.000  0.000  0.000
 
# Band-Index:   75
   0.00000     -4.043918  0.000  0.018  0.000  0.018
   0.02822     -4.043716  0.000  0.020  0.000  0.024
   0.05645     -4.042622  0.000  0.028  0.000  0.028
   0.08467     -4.038819  0.000  0.043  0.000  0.046
   0.11290     -4.030726  0.002  0.055  0.002  0.059
   0.14112     -4.020971  0.002  0.055  0.002  0.060
   0.16935     -4.012141  0.004  0.047  0.002  0.056
   0.19757     -4.012003  0.000  0.079  0.000  0.079
   0.22579     -4.027474  0.000  0.072  0.000  0.072
   0.25402     -4.041597  0.013  0.018  0.002  0.035
   0.28224     -4.034889  0.017  0.021  0.002  0.043
   0.31047     -4.020283  0.024  0.055  0.002  0.082
   0.33869     -3.991774  0.031  0.151  0.002  0.185
   0.36691     -3.948420  0.028  0.279  0.003  0.311
   0.39514     -3.918800  0.011  0.234  0.002  0.245
   0.42336     -3.907243  0.004  0.242  0.002  0.250
   0.45159     -3.906272  0.002  0.232  0.002  0.234
   0.47981     -3.911257  0.000  0.226  0.002  0.231
   0.50804     -3.917451  0.000  0.236  0.002  0.240
   0.53626     -3.920346  0.000  0.244  0.002  0.246
   0.53626     -3.920346  0.000  0.244  0.002  0.246
   0.55622     -3.922441  0.000  0.236  0.002  0.240
   0.57617     -3.927953  0.000  0.223  0.002  0.225
   0.59613     -3.935581  0.000  0.208  0.002  0.210
   0.61609     -3.944451  0.000  0.192  0.002  0.194
   0.63605     -3.954011  0.000  0.180  0.002  0.182
   0.65600     -3.963838  0.000  0.170  0.002  0.173
   0.67596     -3.971220  0.000  0.002  0.004  0.006
   0.69592     -3.982644  0.000  0.159  0.002  0.161
   0.71588     -3.998708  0.000  0.004  0.004  0.007
   0.73584     -4.010808  0.000  0.108  0.000  0.108
   0.75579     -4.002307  0.000  0.154  0.002  0.158
   0.77575     -4.005001  0.000  0.154  0.002  0.158
   0.79571     -4.005375  0.000  0.153  0.002  0.157
   0.81567     -4.003420  0.000  0.153  0.002  0.157
   0.83562     -3.999299  0.000  0.151  0.002  0.155
   0.85558     -4.008431  0.000  0.014  0.002  0.016
   0.87554     -4.011996  0.000  0.014  0.002  0.016
   0.89550     -4.010605  0.000  0.014  0.002  0.016
   0.91545     -4.005779  0.000  0.012  0.002  0.014
   0.91545     -4.005779  0.000  0.012  0.002  0.014
   0.94368     -4.010918  0.000  0.017  0.002  0.020
   0.97190     -4.018860  0.000  0.017  0.001  0.019
   1.00013     -4.025732  0.000  0.019  0.001  0.020
   1.02835     -4.032240  0.000  0.026  0.002  0.029
   1.05657     -4.040441  0.002  0.051  0.002  0.055
   1.08480     -4.058179  0.011  0.162  0.004  0.176
   1.11302     -4.104836  0.029  0.335  0.007  0.370
   1.14125     -4.140940  0.009  0.029  0.000  0.040
   1.16947     -4.129394  0.003  0.016  0.001  0.020
   1.19769     -4.116982  0.002  0.014  0.001  0.017
   1.22592     -4.105067  0.002  0.012  0.001  0.015
   1.25414     -4.093059  0.002  0.017  0.001  0.019
   1.28237     -4.080259  0.001  0.032  0.000  0.035
   1.31059     -4.066273  0.001  0.061  0.000  0.063
   1.33882     -4.051395  0.000  0.114  0.001  0.116
   1.36704     -4.038495  0.001  0.166  0.002  0.168
   1.39526     -4.031198  0.002  0.100  0.002  0.103
   1.42349     -4.025351  0.002  0.105  0.002  0.109
   1.45171     -4.022426  0.001  0.127  0.003  0.131
   1.45171     -4.022426  0.001  0.127  0.003  0.131
   1.47167     -4.032162  0.002  0.080  0.002  0.086
   1.49163     -4.041756  0.002  0.055  0.002  0.059
   1.51159     -4.042622  0.002  0.023  0.002  0.029
   1.53154     -4.025929  0.002  0.070  0.002  0.074
   1.55150     -4.023611  0.000  0.000  0.000  0.000
   1.57146     -4.027302  0.000  0.000  0.000  0.000
   1.59142     -4.030653  0.000  0.000  0.000  0.000
   1.61137     -4.033653  0.000  0.000  0.000  0.000
   1.63133     -4.036300  0.000  0.000  0.000  0.000
   1.65129     -4.031135  0.000  0.005  0.000  0.006
   1.67125     -4.036672  0.000  0.018  0.000  0.020
   1.69120     -4.034002  0.000  0.016  0.000  0.018
   1.71116     -4.034548  0.000  0.016  0.000  0.018
   1.73112     -4.036522  0.000  0.018  0.000  0.020
   1.75108     -4.038826  0.000  0.018  0.000  0.020
   1.77103     -4.040925  0.000  0.018  0.000  0.018
   1.79099     -4.042552  0.000  0.018  0.000  0.018
   1.81095     -4.043573  0.000  0.018  0.000  0.018
   1.83091     -4.043918  0.000  0.018  0.000  0.018
 
# Band-Index:   76
   1.83091     -4.006388  0.000  0.140  0.000  0.140
   1.81095     -4.006333  0.000  0.142  0.000  0.142
   1.79099     -4.006205  0.000  0.145  0.000  0.145
   1.77103     -4.006151  0.000  0.150  0.000  0.150
   1.75108     -4.006413  0.000  0.152  0.000  0.152
   1.73112     -4.007350  0.000  0.148  0.000  0.148
   1.71116     -4.009513  0.000  0.131  0.000  0.132
   1.69120     -4.013661  0.002  0.098  0.000  0.100
   1.67125     -4.020358  0.002  0.062  0.000  0.066
   1.65129     -4.029141  0.002  0.041  0.000  0.045
   1.63133     -4.022961  0.000  0.004  0.000  0.005
   1.61137     -4.014547  0.000  0.002  0.000  0.002
   1.59142     -4.006100  0.000  0.002  0.000  0.002
   1.57146     -4.006282  0.002  0.239  0.003  0.242
   1.55150     -4.013168  0.002  0.157  0.002  0.162
   1.53154     -4.019595  0.000  0.000  0.000  0.000
   1.51159     -4.015279  0.000  0.000  0.000  0.000
   1.49163     -4.010698  0.000  0.000  0.000  0.000
   1.47167     -4.014321  0.000  0.192  0.003  0.194
   1.45171     -4.022410  0.001  0.122  0.003  0.126
   1.45171     -4.022410  0.001  0.122  0.003  0.126
   1.42349     -4.025260  0.002  0.113  0.003  0.118
   1.39526     -4.031098  0.002  0.113  0.003  0.117
   1.36704     -4.038124  0.001  0.153  0.002  0.157
   1.33882     -4.051290  0.000  0.104  0.001  0.105
   1.31059     -4.066057  0.001  0.065  0.000  0.067
   1.28237     -4.079844  0.001  0.034  0.000  0.036
   1.25414     -4.092540  0.002  0.017  0.001  0.019
   1.22592     -4.104530  0.002  0.012  0.001  0.015
   1.19769     -4.116484  0.002  0.014  0.001  0.017
   1.16947     -4.128970  0.002  0.016  0.001  0.021
   1.14125     -4.140696  0.009  0.028  0.000  0.038
   1.11302     -4.104648  0.029  0.335  0.007  0.370
   1.08480     -4.057989  0.011  0.161  0.004  0.175
   1.05657     -4.040309  0.002  0.051  0.002  0.054
   1.02835     -4.032164  0.000  0.026  0.002  0.029
   1.00013     -4.025703  0.000  0.019  0.001  0.020
   0.97190     -4.018854  0.000  0.017  0.001  0.019
   0.94368     -4.010897  0.000  0.017  0.002  0.020
   0.91545     -4.005733  0.000  0.012  0.002  0.014
   0.91545     -4.005733  0.000  0.012  0.002  0.014
   0.89550     -3.997488  0.000  0.012  0.002  0.012
   0.87554     -3.985775  0.000  0.145  0.002  0.147
   0.85558     -3.993294  0.000  0.148  0.002  0.152
   0.83562     -3.997661  0.000  0.010  0.002  0.010
   0.81567     -3.979776  0.000  0.008  0.000  0.008
   0.79571     -3.968596  0.000  0.091  0.000  0.091
   0.77575     -3.982290  0.000  0.098  0.000  0.100
   0.75579     -3.996543  0.000  0.105  0.000  0.105
   0.73584     -3.997452  0.000  0.154  0.002  0.158
   0.71588     -3.990767  0.000  0.155  0.002  0.157
   0.69592     -3.977943  0.000  0.004  0.004  0.008
   0.67596     -3.957993  0.000  0.004  0.004  0.008
   0.65600     -3.939424  0.000  0.004  0.004  0.006
   0.63605     -3.922742  0.000  0.002  0.004  0.008
   0.61609     -3.908365  0.000  0.002  0.003  0.007
   0.59613     -3.896690  0.000  0.001  0.004  0.007
   0.57617     -3.888089  0.000  0.001  0.005  0.007
   0.55622     -3.882822  0.000  0.001  0.004  0.006
   0.53626     -3.881054  0.000  0.001  0.004  0.006
   0.53626     -3.881054  0.000  0.001  0.004  0.006
   0.50804     -3.882092  0.000  0.105  0.002  0.109
   0.47981     -3.884339  0.000  0.130  0.004  0.134
   0.45159     -3.886257  0.000  0.150  0.004  0.154
   0.42336     -3.887967  0.000  0.174  0.004  0.178
   0.39514     -3.904750  0.019  0.352  0.004  0.375
   0.36691     -3.939855  0.016  0.168  0.002  0.185
   0.33869     -3.960592  0.017  0.087  0.000  0.105
   0.31047     -3.974962  0.013  0.043  0.001  0.058
   0.28224     -3.984373  0.012  0.028  0.002  0.041
   0.25402     -3.991403  0.010  0.027  0.002  0.039
   0.22579     -3.997817  0.008  0.032  0.002  0.042
   0.19757     -4.004556  0.006  0.040  0.002  0.048
   0.16935     -3.998514  0.000  0.091  0.000  0.091
   0.14112     -4.001343  0.000  0.231  0.000  0.234
   0.11290     -4.027121  0.000  0.187  0.000  0.187
   0.08467     -4.030051  0.000  0.097  0.000  0.097
   0.05645     -4.009028  0.000  0.145  0.000  0.145
   0.02822     -3.997878  0.000  0.233  0.001  0.235
   0.00000     -4.006388  0.000  0.140  0.000  0.140
 
# Band-Index:   77
   0.00000     -3.995273  0.000  0.304  0.002  0.308
   0.02822     -3.996775  0.000  0.160  0.001  0.162
   0.05645     -3.985077  0.000  0.169  0.000  0.169
   0.08467     -3.979989  0.000  0.176  0.000  0.176
   0.11290     -3.981319  0.000  0.146  0.000  0.146
   0.14112     -3.987905  0.000  0.114  0.000  0.114
   0.16935     -3.974915  0.000  0.280  0.000  0.284
   0.19757     -3.950850  0.000  0.325  0.004  0.329
   0.22579     -3.931254  0.000  0.346  0.004  0.350
   0.25402     -3.916699  0.000  0.340  0.004  0.344
   0.28224     -3.906492  0.000  0.316  0.004  0.320
   0.31047     -3.899563  0.000  0.286  0.004  0.290
   0.33869     -3.894958  0.000  0.256  0.004  0.260
   0.36691     -3.891887  0.000  0.226  0.004  0.230
   0.39514     -3.889724  0.000  0.199  0.004  0.203
   0.42336     -3.877276  0.000  0.039  0.004  0.043
   0.45159     -3.878731  0.000  0.023  0.004  0.027
   0.47981     -3.879897  0.000  0.012  0.004  0.015
   0.50804     -3.880591  0.000  0.014  0.004  0.018
   0.53626     -3.879367  0.000  0.185  0.000  0.187
   0.53626     -3.879367  0.000  0.185  0.000  0.187
   0.55622     -3.880776  0.000  0.001  0.006  0.007
   0.57617     -3.886110  0.000  0.002  0.006  0.007
   0.59613     -3.894783  0.000  0.004  0.006  0.008
   0.61609     -3.906420  0.000  0.005  0.006  0.008
   0.63605     -3.920243  0.000  0.006  0.004  0.010
   0.65600     -3.933903  0.000  0.008  0.004  0.013
   0.67596     -3.940291  0.000  0.008  0.002  0.008
   0.69592     -3.937264  0.000  0.006  0.000  0.008
   0.71588     -3.930586  0.000  0.006  0.000  0.008
   0.73584     -3.922466  0.000  0.006  0.000  0.008
   0.75579     -3.913758  0.000  0.006  0.000  0.008
   0.77575     -3.933104  0.000  0.005  0.000  0.006
   0.79571     -3.957467  0.000  0.008  0.000  0.008
   0.81567     -3.956570  0.000  0.084  0.000  0.084
   0.83562     -3.948377  0.000  0.080  0.000  0.080
   0.85558     -3.967976  0.000  0.006  0.000  0.007
   0.87554     -3.985056  0.000  0.010  0.000  0.010
   0.89550     -3.977164  0.000  0.141  0.000  0.143
   0.91545     -3.967979  0.000  0.134  0.001  0.135
   0.91545     -3.967979  0.000  0.134  0.001  0.135
   0.94368     -3.958987  0.000  0.126  0.001  0.128
   0.97190     -3.941725  0.000  0.122  0.001  0.123
   1.00013     -3.924235  0.000  0.115  0.001  0.118
   1.02835     -3.909240  0.000  0.115  0.001  0.116
   1.05657     -3.923505  0.021  0.417  0.005  0.443
   1.08480     -3.979343  0.025  0.327  0.005  0.357
   1.11302     -4.013262  0.012  0.119  0.002  0.133
   1.14125     -4.024155  0.005  0.052  0.001  0.058
   1.16947     -4.028980  0.003  0.038  0.001  0.042
   1.19769     -4.032832  0.002  0.040  0.001  0.043
   1.22592     -4.037352  0.002  0.053  0.001  0.055
   1.25414     -4.042161  0.002  0.068  0.001  0.071
   1.28237     -4.045552  0.002  0.078  0.001  0.081
   1.31059     -4.045906  0.002  0.078  0.001  0.081
   1.33882     -4.042702  0.003  0.057  0.001  0.061
   1.36704     -4.034780  0.001  0.029  0.001  0.031
   1.39526     -4.020525  0.000  0.101  0.001  0.103
   1.42349     -4.008293  0.000  0.102  0.001  0.103
   1.45171     -4.001328  0.000  0.000  0.000  0.000
   1.45171     -4.001328  0.000  0.000  0.000  0.000
   1.47167     -4.005893  0.000  0.000  0.000  0.000
   1.49163     -4.009077  0.000  0.251  0.004  0.255
   1.51159     -4.006097  0.000  0.280  0.004  0.284
   1.53154     -4.004297  0.000  0.291  0.004  0.295
   1.55150     -4.003124  0.000  0.292  0.004  0.295
   1.57146     -4.002425  0.000  0.285  0.003  0.289
   1.59142     -4.002869  0.000  0.280  0.002  0.283
   1.61137     -4.002918  0.000  0.250  0.002  0.252
   1.63133     -4.004070  0.000  0.223  0.001  0.225
   1.65129     -4.005236  0.000  0.212  0.000  0.214
   1.67125     -4.005320  0.000  0.221  0.000  0.224
   1.69120     -4.003759  0.000  0.244  0.000  0.248
   1.71116     -4.001451  0.000  0.267  0.000  0.271
   1.73112     -3.999386  0.000  0.284  0.001  0.288
   1.75108     -3.997811  0.000  0.294  0.002  0.298
   1.77103     -3.996668  0.000  0.300  0.002  0.304
   1.79099     -3.995889  0.000  0.302  0.002  0.306
   1.81095     -3.995428  0.000  0.303  0.002  0.307
   1.83091     -3.995273  0.000  0.304  0.002  0.308
 
# Band-Index:   78
   1.83091     -3.979215  0.000  0.014  0.000  0.016
   1.81095     -3.979027  0.000  0.013  0.000  0.016
   1.79099     -3.978467  0.000  0.012  0.000  0.014
   1.77103     -3.977540  0.000  0.012  0.000  0.014
   1.75108     -3.976262  0.000  0.011  0.000  0.014
   1.73112     -3.978126  0.002  0.259  0.002  0.263
   1.71116     -3.983378  0.002  0.270  0.002  0.276
   1.69120     -3.988533  0.002  0.292  0.002  0.297
   1.67125     -3.992764  0.002  0.311  0.002  0.317
   1.65129     -3.995862  0.002  0.319  0.002  0.325
   1.63133     -3.998224  0.001  0.315  0.002  0.321
   1.61137     -4.000327  0.000  0.302  0.003  0.306
   1.59142     -4.002182  0.000  0.272  0.002  0.275
   1.57146     -3.997946  0.000  0.002  0.000  0.002
   1.55150     -3.990786  0.000  0.002  0.000  0.002
   1.53154     -3.990334  0.000  0.204  0.000  0.206
   1.51159     -3.993815  0.000  0.228  0.001  0.231
   1.49163     -3.995074  0.000  0.224  0.001  0.227
   1.47167     -3.995862  0.000  0.000  0.000  0.000
   1.45171     -4.000472  0.000  0.000  0.000  0.000
   1.45171     -4.000472  0.000  0.000  0.000  0.000
   1.42349     -4.008017  0.000  0.099  0.000  0.100
   1.39526     -4.020322  0.000  0.091  0.000  0.094
   1.36704     -4.034083  0.002  0.017  0.001  0.019
   1.33882     -4.042218  0.003  0.049  0.001  0.052
   1.31059     -4.045674  0.002  0.074  0.001  0.078
   1.28237     -4.045463  0.002  0.077  0.001  0.080
   1.25414     -4.042147  0.002  0.068  0.001  0.071
   1.22592     -4.037335  0.002  0.054  0.001  0.056
   1.19769     -4.032755  0.002  0.041  0.001  0.044
   1.16947     -4.028838  0.003  0.039  0.001  0.042
   1.14125     -4.023977  0.005  0.052  0.001  0.058
   1.11302     -4.013073  0.012  0.119  0.002  0.133
   1.08480     -3.979112  0.025  0.326  0.005  0.357
   1.05657     -3.923185  0.021  0.417  0.006  0.443
   1.02835     -3.909120  0.000  0.115  0.001  0.117
   1.00013     -3.924128  0.000  0.115  0.001  0.118
   0.97190     -3.941669  0.000  0.121  0.001  0.122
   0.94368     -3.958974  0.000  0.125  0.001  0.127
   0.91545     -3.967976  0.000  0.134  0.001  0.135
   0.91545     -3.967976  0.000  0.134  0.001  0.135
   0.89550     -3.958903  0.000  0.125  0.000  0.127
   0.87554     -3.951086  0.000  0.111  0.000  0.113
   0.85558     -3.946642  0.000  0.090  0.000  0.092
   0.83562     -3.946886  0.000  0.006  0.000  0.006
   0.81567     -3.923846  0.000  0.006  0.000  0.006
   0.79571     -3.905653  0.000  0.008  0.000  0.008
   0.77575     -3.905792  0.000  0.008  0.000  0.008
   0.75579     -3.908053  0.000  0.004  0.000  0.004
   0.73584     -3.883118  0.000  0.004  0.000  0.004
   0.71588     -3.858829  0.000  0.003  0.000  0.004
   0.69592     -3.852472  0.000  0.364  0.002  0.368
   0.67596     -3.848679  0.000  0.373  0.002  0.378
   0.65600     -3.845543  0.000  0.379  0.002  0.384
   0.63605     -3.850910  0.000  0.220  0.002  0.222
   0.61609     -3.858829  0.000  0.214  0.002  0.216
   0.59613     -3.866235  0.000  0.208  0.002  0.210
   0.57617     -3.872723  0.000  0.199  0.001  0.201
   0.55622     -3.877513  0.000  0.190  0.000  0.192
   0.53626     -3.878978  0.000  0.001  0.006  0.007
   0.53626     -3.878978  0.000  0.001  0.006  0.007
   0.50804     -3.875985  0.000  0.072  0.004  0.075
   0.47981     -3.872353  0.000  0.061  0.004  0.064
   0.45159     -3.868359  0.000  0.048  0.004  0.051
   0.42336     -3.872718  0.010  0.376  0.004  0.390
   0.39514     -3.875796  0.000  0.066  0.004  0.070
   0.36691     -3.874759  0.000  0.104  0.004  0.109
   0.33869     -3.874979  0.000  0.156  0.004  0.163
   0.31047     -3.877515  0.000  0.218  0.004  0.224
   0.28224     -3.883050  0.000  0.266  0.004  0.272
   0.25402     -3.891260  0.000  0.290  0.004  0.294
   0.22579     -3.901208  0.000  0.297  0.004  0.301
   0.19757     -3.911922  0.000  0.296  0.004  0.298
   0.16935     -3.922562  0.000  0.281  0.002  0.283
   0.14112     -3.932429  0.000  0.257  0.002  0.259
   0.11290     -3.941123  0.000  0.222  0.002  0.224
   0.08467     -3.949037  0.000  0.191  0.002  0.193
   0.05645     -3.961871  0.000  0.008  0.000  0.010
   0.02822     -3.974870  0.000  0.012  0.000  0.014
   0.00000     -3.979215  0.000  0.014  0.000  0.016
 
# Band-Index:   79
   0.00000     -3.964475  0.000  0.263  0.002  0.265
   0.02822     -3.962593  0.000  0.246  0.002  0.248
   0.05645     -3.956853  0.000  0.204  0.002  0.206
   0.08467     -3.944522  0.000  0.219  0.002  0.221
   0.11290     -3.932017  0.000  0.187  0.002  0.191
   0.14112     -3.916583  0.000  0.137  0.002  0.139
   0.16935     -3.899339  0.000  0.080  0.000  0.082
   0.19757     -3.895576  0.002  0.097  0.000  0.099
   0.22579     -3.890279  0.002  0.098  0.000  0.100
   0.25402     -3.879597  0.000  0.096  0.000  0.096
   0.28224     -3.864183  0.000  0.085  0.002  0.087
   0.31047     -3.846812  0.000  0.069  0.002  0.069
   0.33869     -3.850231  0.000  0.012  0.004  0.015
   0.36691     -3.854961  0.000  0.019  0.004  0.019
   0.39514     -3.859590  0.000  0.029  0.004  0.029
   0.42336     -3.864078  0.000  0.038  0.004  0.039
   0.45159     -3.852988  0.006  0.384  0.002  0.391
   0.47981     -3.842294  0.004  0.383  0.002  0.391
   0.50804     -3.837381  0.000  0.385  0.002  0.390
   0.53626     -3.836016  0.000  0.384  0.002  0.390
   0.53626     -3.836016  0.000  0.384  0.002  0.390
   0.55622     -3.836372  0.000  0.384  0.002  0.389
   0.57617     -3.837375  0.000  0.384  0.002  0.389
   0.59613     -3.838863  0.000  0.384  0.002  0.390
   0.61609     -3.840722  0.000  0.384  0.002  0.389
   0.63605     -3.842930  0.000  0.382  0.002  0.388
   0.65600     -3.842733  0.000  0.224  0.002  0.226
   0.67596     -3.834504  0.000  0.229  0.002  0.231
   0.69592     -3.835628  0.000  0.002  0.000  0.004
   0.71588     -3.857057  0.000  0.353  0.002  0.358
   0.73584     -3.862527  0.000  0.340  0.002  0.342
   0.75579     -3.868873  0.000  0.325  0.002  0.328
   0.77575     -3.875911  0.000  0.313  0.002  0.315
   0.79571     -3.883151  0.000  0.301  0.002  0.305
   0.81567     -3.889496  0.000  0.297  0.002  0.301
   0.83562     -3.892760  0.000  0.294  0.002  0.296
   0.85558     -3.890282  0.000  0.278  0.002  0.282
   0.87554     -3.882315  0.000  0.262  0.002  0.266
   0.89550     -3.871654  0.000  0.254  0.002  0.256
   0.91545     -3.860462  0.000  0.258  0.002  0.261
   0.91545     -3.860462  0.000  0.258  0.002  0.261
   0.94368     -3.858516  0.000  0.259  0.002  0.261
   0.97190     -3.854042  0.000  0.268  0.003  0.271
   1.00013     -3.853352  0.003  0.318  0.003  0.323
   1.02835     -3.874615  0.012  0.372  0.004  0.388
   1.05657     -3.895903  0.001  0.060  0.002  0.064
   1.08480     -3.891395  0.000  0.028  0.001  0.031
   1.11302     -3.899968  0.000  0.047  0.001  0.048
   1.14125     -3.920273  0.000  0.094  0.001  0.094
   1.16947     -3.941595  0.000  0.120  0.001  0.121
   1.19769     -3.957926  0.000  0.129  0.001  0.130
   1.22592     -3.967212  0.000  0.126  0.001  0.127
   1.25414     -3.970310  0.000  0.118  0.000  0.120
   1.28237     -3.969599  0.000  0.110  0.000  0.111
   1.31059     -3.967245  0.000  0.103  0.000  0.105
   1.33882     -3.964723  0.000  0.099  0.000  0.100
   1.36704     -3.963356  0.000  0.091  0.000  0.093
   1.39526     -3.967485  0.000  0.069  0.000  0.069
   1.42349     -3.982675  0.000  0.061  0.000  0.062
   1.45171     -3.993472  0.000  0.152  0.002  0.155
   1.45171     -3.993472  0.000  0.152  0.002  0.155
   1.47167     -3.994956  0.000  0.200  0.000  0.203
   1.49163     -3.991053  0.000  0.000  0.000  0.000
   1.51159     -3.987175  0.000  0.000  0.000  0.000
   1.53154     -3.986450  0.000  0.000  0.000  0.000
   1.55150     -3.982403  0.000  0.131  0.000  0.133
   1.57146     -3.976258  0.000  0.021  0.000  0.023
   1.59142     -3.977297  0.000  0.046  0.000  0.048
   1.61137     -3.978129  0.002  0.079  0.001  0.081
   1.63133     -3.978006  0.002  0.114  0.002  0.117
   1.65129     -3.976417  0.002  0.138  0.002  0.143
   1.67125     -3.973065  0.002  0.145  0.002  0.150
   1.69120     -3.970562  0.000  0.008  0.000  0.008
   1.71116     -3.972745  0.000  0.008  0.000  0.008
   1.73112     -3.974655  0.000  0.010  0.000  0.012
   1.75108     -3.973452  0.002  0.257  0.002  0.261
   1.77103     -3.969644  0.000  0.260  0.002  0.262
   1.79099     -3.966817  0.000  0.263  0.002  0.265
   1.81095     -3.965070  0.000  0.263  0.002  0.265
   1.83091     -3.964475  0.000  0.263  0.002  0.265
 
# Band-Index:   80
   1.83091     -3.937492  0.000  0.096  0.000  0.098
   1.81095     -3.938244  0.000  0.096  0.000  0.098
   1.79099     -3.940478  0.000  0.100  0.000  0.102
   1.77103     -3.944132  0.000  0.105  0.001  0.107
   1.75108     -3.949083  0.002  0.111  0.002  0.113
   1.73112     -3.955086  0.002  0.116  0.002  0.122
   1.71116     -3.961655  0.002  0.127  0.002  0.131
   1.69120     -3.967960  0.002  0.139  0.002  0.143
   1.67125     -3.968155  0.000  0.008  0.000  0.008
   1.65129     -3.965580  0.000  0.006  0.000  0.006
   1.63133     -3.962901  0.000  0.006  0.000  0.006
   1.61137     -3.960203  0.000  0.004  0.000  0.004
   1.59142     -3.957661  0.000  0.003  0.000  0.003
   1.57146     -3.969402  0.000  0.061  0.000  0.062
   1.55150     -3.975864  0.000  0.007  0.000  0.009
   1.53154     -3.976911  0.000  0.000  0.000  0.002
   1.51159     -3.979970  0.000  0.004  0.000  0.006
   1.49163     -3.984836  0.000  0.030  0.000  0.032
   1.47167     -3.989936  0.000  0.090  0.000  0.092
   1.45171     -3.993333  0.000  0.159  0.002  0.161
   1.45171     -3.993333  0.000  0.159  0.002  0.161
   1.42349     -3.982305  0.000  0.057  0.000  0.058
   1.39526     -3.967218  0.000  0.069  0.000  0.069
   1.36704     -3.963235  0.000  0.091  0.000  0.093
   1.33882     -3.964555  0.000  0.099  0.000  0.100
   1.31059     -3.967091  0.000  0.103  0.000  0.105
   1.28237     -3.969455  0.000  0.111  0.000  0.112
   1.25414     -3.970145  0.000  0.118  0.000  0.120
   1.22592     -3.966979  0.000  0.126  0.001  0.127
   1.19769     -3.957592  0.000  0.129  0.001  0.130
   1.16947     -3.941176  0.000  0.120  0.001  0.121
   1.14125     -3.919836  0.000  0.093  0.001  0.093
   1.11302     -3.899613  0.000  0.047  0.001  0.048
   1.08480     -3.891145  0.000  0.028  0.001  0.031
   1.05657     -3.895649  0.001  0.060  0.002  0.063
   1.02835     -3.874402  0.012  0.373  0.004  0.389
   1.00013     -3.853284  0.003  0.316  0.003  0.322
   0.97190     -3.853993  0.000  0.270  0.003  0.272
   0.94368     -3.858434  0.000  0.260  0.002  0.262
   0.91545     -3.860371  0.000  0.258  0.002  0.261
   0.91545     -3.860371  0.000  0.258  0.002  0.261
   0.89550     -3.849715  0.000  0.268  0.002  0.270
   0.87554     -3.840124  0.000  0.284  0.002  0.286
   0.85558     -3.850385  0.000  0.004  0.000  0.006
   0.83562     -3.862363  0.000  0.004  0.000  0.004
   0.81567     -3.872533  0.000  0.004  0.000  0.004
   0.79571     -3.875307  0.000  0.002  0.000  0.004
   0.77575     -3.858120  0.000  0.002  0.000  0.002
   0.75579     -3.832150  0.000  0.002  0.000  0.002
   0.73584     -3.812704  0.000  0.299  0.002  0.301
   0.71588     -3.818878  0.000  0.255  0.000  0.257
   0.69592     -3.826443  0.000  0.237  0.002  0.241
   0.67596     -3.813910  0.000  0.002  0.000  0.004
   0.65600     -3.794725  0.000  0.298  0.002  0.300
   0.63605     -3.793611  0.000  0.245  0.002  0.247
   0.61609     -3.798116  0.000  0.247  0.002  0.249
   0.59613     -3.802129  0.000  0.251  0.002  0.253
   0.57617     -3.805363  0.000  0.253  0.002  0.255
   0.55622     -3.807496  0.000  0.256  0.002  0.257
   0.53626     -3.808245  0.000  0.257  0.002  0.257
   0.53626     -3.808245  0.000  0.257  0.002  0.257
   0.50804     -3.808786  0.000  0.256  0.002  0.256
   0.47981     -3.810407  0.000  0.250  0.002  0.251
   0.45159     -3.813062  0.000  0.242  0.002  0.244
   0.42336     -3.816669  0.000  0.229  0.000  0.231
   0.39514     -3.821023  0.000  0.209  0.000  0.210
   0.36691     -3.825704  0.000  0.177  0.000  0.177
   0.33869     -3.831470  0.000  0.051  0.000  0.051
   0.31047     -3.845448  0.000  0.007  0.002  0.011
   0.28224     -3.840760  0.000  0.006  0.002  0.009
   0.25402     -3.840272  0.000  0.005  0.002  0.008
   0.22579     -3.860034  0.000  0.004  0.000  0.004
   0.19757     -3.880450  0.000  0.032  0.000  0.032
   0.16935     -3.896437  0.004  0.096  0.000  0.100
   0.14112     -3.901130  0.009  0.247  0.000  0.257
   0.11290     -3.912394  0.000  0.045  0.000  0.046
   0.08467     -3.940525  0.000  0.006  0.000  0.008
   0.05645     -3.950906  0.000  0.202  0.002  0.204
   0.02822     -3.946069  0.000  0.126  0.000  0.128
   0.00000     -3.937492  0.000  0.096  0.000  0.098
 
# Band-Index:   81
   0.00000     -3.909728  0.000  0.000  0.000  0.000
   0.02822     -3.904674  0.014  0.212  0.000  0.230
   0.05645     -3.907230  0.013  0.216  0.000  0.232
   0.08467     -3.909237  0.012  0.224  0.000  0.238
   0.11290     -3.907199  0.010  0.197  0.000  0.207
   0.14112     -3.894405  0.005  0.098  0.000  0.103
   0.16935     -3.887038  0.009  0.260  0.000  0.269
   0.19757     -3.866977  0.009  0.270  0.000  0.280
   0.22579     -3.842239  0.010  0.281  0.000  0.292
   0.25402     -3.833397  0.000  0.006  0.001  0.008
   0.28224     -3.833166  0.000  0.033  0.001  0.034
   0.31047     -3.832668  0.000  0.075  0.000  0.077
   0.33869     -3.829936  0.000  0.129  0.000  0.129
   0.36691     -3.819938  0.002  0.048  0.000  0.050
   0.39514     -3.809830  0.004  0.072  0.000  0.076
   0.42336     -3.798801  0.004  0.117  0.000  0.123
   0.45159     -3.788327  0.002  0.160  0.002  0.163
   0.47981     -3.780731  0.000  0.187  0.002  0.190
   0.50804     -3.776583  0.000  0.199  0.002  0.204
   0.53626     -3.775332  0.000  0.204  0.002  0.209
   0.53626     -3.775332  0.000  0.204  0.002  0.209
   0.55622     -3.776514  0.000  0.210  0.002  0.214
   0.57617     -3.779562  0.000  0.224  0.004  0.228
   0.59613     -3.783504  0.000  0.242  0.004  0.247
   0.61609     -3.787578  0.000  0.264  0.004  0.266
   0.63605     -3.791374  0.000  0.283  0.002  0.284
   0.65600     -3.794060  0.000  0.002  0.000  0.002
   0.67596     -3.797614  0.000  0.310  0.002  0.312
   0.69592     -3.800076  0.000  0.316  0.002  0.318
   0.71588     -3.802085  0.000  0.308  0.004  0.313
   0.73584     -3.804906  0.000  0.003  0.000  0.004
   0.75579     -3.810683  0.000  0.355  0.002  0.357
   0.77575     -3.812406  0.000  0.357  0.002  0.360
   0.79571     -3.815549  0.000  0.346  0.002  0.348
   0.81567     -3.819760  0.000  0.334  0.002  0.336
   0.83562     -3.825161  0.000  0.319  0.002  0.320
   0.85558     -3.831920  0.000  0.300  0.002  0.304
   0.87554     -3.837515  0.000  0.004  0.000  0.006
   0.89550     -3.823971  0.000  0.004  0.000  0.006
   0.91545     -3.809797  0.000  0.005  0.001  0.006
   0.91545     -3.809797  0.000  0.005  0.001  0.006
   0.94368     -3.810412  0.000  0.011  0.001  0.012
   0.97190     -3.813130  0.000  0.045  0.001  0.048
   1.00013     -3.821198  0.002  0.139  0.001  0.142
   1.02835     -3.828683  0.001  0.192  0.002  0.193
   1.05657     -3.834648  0.000  0.233  0.002  0.234
   1.08480     -3.844809  0.000  0.271  0.002  0.273
   1.11302     -3.851087  0.000  0.252  0.002  0.254
   1.14125     -3.849840  0.000  0.196  0.001  0.198
   1.16947     -3.846788  0.000  0.159  0.001  0.161
   1.19769     -3.844808  0.000  0.131  0.001  0.134
   1.22592     -3.845048  0.000  0.108  0.001  0.109
   1.25414     -3.848229  0.000  0.086  0.001  0.086
   1.28237     -3.854917  0.000  0.060  0.000  0.062
   1.31059     -3.877542  0.000  0.046  0.000  0.048
   1.33882     -3.902624  0.000  0.027  0.000  0.027
   1.36704     -3.927318  0.000  0.014  0.000  0.014
   1.39526     -3.947108  0.000  0.017  0.000  0.017
   1.42349     -3.953334  0.000  0.018  0.000  0.018
   1.45171     -3.954227  0.000  0.001  0.000  0.001
   1.45171     -3.954227  0.000  0.001  0.000  0.001
   1.47167     -3.957252  0.000  0.000  0.000  0.001
   1.49163     -3.961795  0.000  0.000  0.000  0.000
   1.51159     -3.966483  0.000  0.000  0.000  0.000
   1.53154     -3.968868  0.000  0.000  0.000  0.000
   1.55150     -3.966808  0.000  0.000  0.000  0.000
   1.57146     -3.962307  0.000  0.000  0.000  0.000
   1.59142     -3.956910  0.000  0.002  0.000  0.002
   1.61137     -3.951480  0.000  0.000  0.000  0.000
   1.63133     -3.945937  0.000  0.000  0.000  0.000
   1.65129     -3.940483  0.000  0.000  0.000  0.000
   1.67125     -3.935205  0.000  0.000  0.000  0.000
   1.69120     -3.931350  0.002  0.006  0.000  0.008
   1.71116     -3.927457  0.002  0.016  0.000  0.019
   1.73112     -3.922910  0.004  0.030  0.000  0.034
   1.75108     -3.918151  0.004  0.049  0.000  0.053
   1.77103     -3.914216  0.000  0.000  0.000  0.000
   1.79099     -3.911789  0.000  0.000  0.000  0.000
   1.81095     -3.910255  0.000  0.000  0.000  0.000
   1.83091     -3.909728  0.000  0.000  0.000  0.000
 
# Band-Index:   82
   1.83091     -3.903581  0.014  0.212  0.000  0.229
   1.81095     -3.906239  0.006  0.102  0.000  0.110
   1.79099     -3.909607  0.006  0.087  0.000  0.093
   1.77103     -3.913619  0.006  0.069  0.000  0.075
   1.75108     -3.917392  0.000  0.000  0.000  0.000
   1.73112     -3.921185  0.000  0.000  0.000  0.000
   1.71116     -3.925479  0.000  0.000  0.000  0.000
   1.69120     -3.930180  0.000  0.000  0.000  0.000
   1.67125     -3.934390  0.000  0.000  0.000  0.002
   1.65129     -3.936769  0.000  0.000  0.000  0.000
   1.63133     -3.939357  0.000  0.004  0.000  0.004
   1.61137     -3.944647  0.000  0.014  0.000  0.014
   1.59142     -3.955360  0.000  0.030  0.000  0.030
   1.57146     -3.955096  0.000  0.004  0.000  0.004
   1.55150     -3.952965  0.000  0.003  0.000  0.004
   1.53154     -3.951311  0.000  0.001  0.000  0.001
   1.51159     -3.950336  0.000  0.000  0.000  0.000
   1.49163     -3.950255  0.000  0.000  0.000  0.000
   1.47167     -3.951259  0.000  0.001  0.000  0.001
   1.45171     -3.953015  0.000  0.001  0.000  0.001
   1.45171     -3.953015  0.000  0.001  0.000  0.001
   1.42349     -3.952301  0.000  0.018  0.000  0.018
   1.39526     -3.946645  0.000  0.019  0.000  0.019
   1.36704     -3.926998  0.000  0.013  0.000  0.013
   1.33882     -3.901913  0.000  0.026  0.000  0.026
   1.31059     -3.876639  0.000  0.045  0.000  0.047
   1.28237     -3.854256  0.000  0.060  0.000  0.062
   1.25414     -3.847663  0.000  0.086  0.001  0.086
   1.22592     -3.844539  0.000  0.108  0.001  0.109
   1.19769     -3.844325  0.000  0.131  0.001  0.134
   1.16947     -3.846305  0.000  0.159  0.001  0.161
   1.14125     -3.849324  0.000  0.196  0.001  0.199
   1.11302     -3.850495  0.000  0.252  0.002  0.254
   1.08480     -3.844201  0.000  0.270  0.002  0.272
   1.05657     -3.834192  0.000  0.232  0.002  0.233
   1.02835     -3.828407  0.001  0.192  0.002  0.194
   1.00013     -3.821138  0.002  0.140  0.001  0.143
   0.97190     -3.813121  0.000  0.045  0.001  0.048
   0.94368     -3.810411  0.000  0.011  0.001  0.012
   0.91545     -3.809794  0.000  0.005  0.001  0.006
   0.91545     -3.809794  0.000  0.005  0.001  0.006
   0.89550     -3.794950  0.000  0.006  0.000  0.006
   0.87554     -3.779344  0.000  0.006  0.000  0.006
   0.85558     -3.779203  0.000  0.286  0.002  0.286
   0.83562     -3.782111  0.000  0.270  0.000  0.272
   0.81567     -3.785813  0.000  0.256  0.002  0.256
   0.79571     -3.790318  0.000  0.240  0.002  0.244
   0.77575     -3.795474  0.000  0.229  0.002  0.231
   0.75579     -3.800613  0.000  0.225  0.002  0.227
   0.73584     -3.803068  0.000  0.273  0.004  0.277
   0.71588     -3.777982  0.000  0.004  0.000  0.004
   0.69592     -3.779824  0.000  0.248  0.000  0.250
   0.67596     -3.784200  0.000  0.246  0.002  0.246
   0.65600     -3.788883  0.000  0.244  0.002  0.245
   0.63605     -3.776442  0.000  0.001  0.000  0.002
   0.61609     -3.761414  0.000  0.000  0.000  0.000
   0.59613     -3.749311  0.000  0.000  0.000  0.000
   0.57617     -3.740434  0.000  0.000  0.000  0.000
   0.55622     -3.735009  0.000  0.000  0.000  0.000
   0.53626     -3.733187  0.000  0.000  0.000  0.000
   0.53626     -3.733187  0.000  0.000  0.000  0.000
   0.50804     -3.732744  0.000  0.000  0.000  0.000
   0.47981     -3.731442  0.000  0.000  0.000  0.000
   0.45159     -3.730375  0.000  0.106  0.000  0.106
   0.42336     -3.739045  0.000  0.099  0.000  0.099
   0.39514     -3.750100  0.000  0.090  0.000  0.090
   0.36691     -3.763493  0.000  0.078  0.000  0.078
   0.33869     -3.779163  0.000  0.062  0.000  0.062
   0.31047     -3.796994  0.000  0.043  0.000  0.043
   0.28224     -3.816608  0.000  0.022  0.000  0.022
   0.25402     -3.831621  0.000  0.011  0.001  0.013
   0.22579     -3.830390  0.000  0.008  0.003  0.011
   0.19757     -3.826449  0.000  0.007  0.002  0.010
   0.16935     -3.837917  0.000  0.000  0.000  0.002
   0.14112     -3.876528  0.000  0.003  0.000  0.004
   0.11290     -3.891070  0.006  0.099  0.000  0.107
   0.08467     -3.887577  0.007  0.104  0.000  0.113
   0.05645     -3.895562  0.000  0.008  0.000  0.008
   0.02822     -3.901816  0.000  0.007  0.000  0.007
   0.00000     -3.903581  0.014  0.212  0.000  0.229
 
# Band-Index:   83
   0.00000     -3.903490  0.000  0.006  0.000  0.006
   0.02822     -3.896640  0.000  0.007  0.000  0.007
   0.05645     -3.884724  0.008  0.109  0.000  0.120
   0.08467     -3.882599  0.000  0.009  0.000  0.009
   0.11290     -3.863463  0.000  0.008  0.000  0.008
   0.14112     -3.841525  0.000  0.008  0.000  0.008
   0.16935     -3.826060  0.000  0.009  0.002  0.012
   0.19757     -3.825464  0.000  0.010  0.002  0.013
   0.22579     -3.828830  0.000  0.004  0.002  0.008
   0.25402     -3.813915  0.012  0.290  0.002  0.306
   0.28224     -3.782203  0.016  0.296  0.002  0.316
   0.31047     -3.745391  0.022  0.295  0.004  0.322
   0.33869     -3.714225  0.000  0.000  0.000  0.000
   0.36691     -3.718781  0.000  0.000  0.000  0.000
   0.39514     -3.722897  0.000  0.000  0.000  0.000
   0.42336     -3.726443  0.000  0.000  0.000  0.000
   0.45159     -3.729319  0.000  0.000  0.000  0.000
   0.47981     -3.724124  0.000  0.110  0.000  0.110
   0.50804     -3.720346  0.000  0.113  0.000  0.113
   0.53626     -3.719083  0.000  0.114  0.000  0.114
   0.53626     -3.719083  0.000  0.114  0.000  0.114
   0.55622     -3.717159  0.000  0.110  0.000  0.110
   0.57617     -3.711943  0.000  0.102  0.000  0.102
   0.59613     -3.704543  0.000  0.090  0.000  0.090
   0.61609     -3.695955  0.000  0.080  0.000  0.080
   0.63605     -3.686901  0.000  0.070  0.000  0.070
   0.65600     -3.705334  0.000  0.002  0.000  0.004
   0.67596     -3.727710  0.000  0.004  0.000  0.004
   0.69592     -3.752079  0.000  0.004  0.000  0.004
   0.71588     -3.776019  0.000  0.256  0.000  0.257
   0.73584     -3.773012  0.000  0.265  0.000  0.265
   0.75579     -3.770960  0.000  0.278  0.000  0.279
   0.77575     -3.769868  0.000  0.290  0.002  0.294
   0.79571     -3.769588  0.000  0.305  0.002  0.306
   0.81567     -3.769874  0.002  0.317  0.002  0.320
   0.83562     -3.770489  0.002  0.326  0.002  0.329
   0.85558     -3.771259  0.002  0.331  0.002  0.334
   0.87554     -3.776993  0.000  0.298  0.002  0.302
   0.89550     -3.775340  0.001  0.312  0.002  0.316
   0.91545     -3.774236  0.001  0.323  0.001  0.325
   0.91545     -3.774236  0.001  0.323  0.001  0.325
   0.94368     -3.777770  0.001  0.317  0.001  0.320
   0.97190     -3.787348  0.003  0.276  0.001  0.280
   1.00013     -3.796999  0.003  0.148  0.001  0.151
   1.02835     -3.799776  0.001  0.060  0.000  0.064
   1.05657     -3.798320  0.001  0.041  0.000  0.042
   1.08480     -3.796663  0.000  0.032  0.000  0.032
   1.11302     -3.796667  0.000  0.021  0.000  0.021
   1.14125     -3.797782  0.000  0.018  0.000  0.018
   1.16947     -3.799627  0.000  0.022  0.000  0.023
   1.19769     -3.802758  0.000  0.035  0.000  0.036
   1.22592     -3.810112  0.001  0.061  0.000  0.063
   1.25414     -3.827732  0.002  0.077  0.000  0.080
   1.28237     -3.852231  0.001  0.070  0.000  0.073
   1.31059     -3.865487  0.000  0.048  0.000  0.050
   1.33882     -3.879927  0.000  0.032  0.000  0.032
   1.36704     -3.896160  0.000  0.019  0.000  0.019
   1.39526     -3.911173  0.000  0.008  0.000  0.008
   1.42349     -3.922419  0.000  0.005  0.000  0.006
   1.45171     -3.926887  0.000  0.008  0.000  0.009
   1.45171     -3.926887  0.000  0.008  0.000  0.009
   1.47167     -3.929080  0.000  0.008  0.000  0.008
   1.49163     -3.930536  0.000  0.006  0.000  0.006
   1.51159     -3.931476  0.000  0.006  0.000  0.006
   1.53154     -3.932073  0.000  0.004  0.000  0.004
   1.55150     -3.932381  0.000  0.004  0.000  0.004
   1.57146     -3.932295  0.000  0.002  0.000  0.004
   1.59142     -3.931377  0.000  0.002  0.000  0.004
   1.61137     -3.928322  0.002  0.004  0.000  0.006
   1.63133     -3.922231  0.002  0.006  0.000  0.009
   1.65129     -3.915734  0.002  0.010  0.000  0.014
   1.67125     -3.910479  0.002  0.014  0.000  0.018
   1.69120     -3.906464  0.003  0.022  0.000  0.026
   1.71116     -3.903434  0.004  0.035  0.000  0.039
   1.73112     -3.901285  0.004  0.052  0.000  0.057
   1.75108     -3.900026  0.006  0.071  0.000  0.077
   1.77103     -3.899669  0.006  0.090  0.000  0.097
   1.79099     -3.900192  0.007  0.104  0.000  0.112
   1.81095     -3.901509  0.007  0.109  0.000  0.117
   1.83091     -3.903490  0.000  0.006  0.000  0.006
 
# Band-Index:   84
   1.83091     -3.882307  0.009  0.114  0.000  0.125
   1.81095     -3.882432  0.009  0.109  0.000  0.120
   1.79099     -3.882828  0.008  0.096  0.000  0.106
   1.77103     -3.883587  0.008  0.077  0.000  0.085
   1.75108     -3.884756  0.006  0.054  0.000  0.061
   1.73112     -3.886254  0.005  0.032  0.000  0.038
   1.71116     -3.887831  0.004  0.015  0.000  0.020
   1.69120     -3.889132  0.003  0.004  0.001  0.008
   1.67125     -3.889831  0.002  0.000  0.002  0.004
   1.65129     -3.889736  0.002  0.002  0.002  0.005
   1.63133     -3.888859  0.002  0.006  0.002  0.009
   1.61137     -3.887479  0.000  0.009  0.002  0.012
   1.59142     -3.886326  0.000  0.011  0.002  0.014
   1.57146     -3.886920  0.000  0.010  0.002  0.012
   1.55150     -3.891258  0.000  0.007  0.000  0.009
   1.53154     -3.899482  0.000  0.006  0.000  0.008
   1.51159     -3.908991  0.000  0.008  0.000  0.010
   1.49163     -3.917174  0.000  0.008  0.000  0.010
   1.47167     -3.923008  0.000  0.008  0.000  0.008
   1.45171     -3.926622  0.000  0.008  0.000  0.009
   1.45171     -3.926622  0.000  0.008  0.000  0.009
   1.42349     -3.922327  0.000  0.005  0.000  0.006
   1.39526     -3.910952  0.000  0.008  0.000  0.009
   1.36704     -3.895642  0.000  0.019  0.000  0.019
   1.33882     -3.879207  0.000  0.032  0.000  0.032
   1.31059     -3.864758  0.000  0.047  0.000  0.049
   1.28237     -3.851285  0.001  0.070  0.000  0.073
   1.25414     -3.827001  0.002  0.077  0.000  0.081
   1.22592     -3.809920  0.001  0.061  0.000  0.062
   1.19769     -3.802613  0.000  0.036  0.000  0.037
   1.16947     -3.799389  0.000  0.022  0.000  0.023
   1.14125     -3.797523  0.000  0.018  0.000  0.018
   1.11302     -3.796419  0.000  0.022  0.000  0.022
   1.08480     -3.796467  0.000  0.032  0.000  0.032
   1.05657     -3.798232  0.001  0.041  0.000  0.042
   1.02835     -3.799750  0.001  0.061  0.000  0.063
   1.00013     -3.796839  0.003  0.149  0.001  0.152
   0.97190     -3.787038  0.003  0.277  0.001  0.281
   0.94368     -3.777405  0.001  0.316  0.001  0.319
   0.91545     -3.773859  0.001  0.322  0.001  0.324
   0.91545     -3.773859  0.001  0.322  0.001  0.324
   0.89550     -3.772998  0.002  0.329  0.002  0.332
   0.87554     -3.772096  0.002  0.332  0.002  0.335
   0.85558     -3.762863  0.000  0.006  0.000  0.006
   0.83562     -3.745375  0.000  0.004  0.000  0.004
   0.81567     -3.726782  0.000  0.004  0.000  0.004
   0.79571     -3.707028  0.000  0.004  0.000  0.004
   0.77575     -3.696063  0.000  0.068  0.002  0.071
   0.75579     -3.693084  0.000  0.065  0.002  0.067
   0.73584     -3.688109  0.000  0.060  0.000  0.062
   0.71588     -3.681157  0.000  0.054  0.000  0.056
   0.69592     -3.672438  0.000  0.048  0.000  0.050
   0.67596     -3.669475  0.000  0.054  0.000  0.054
   0.65600     -3.677920  0.000  0.061  0.000  0.061
   0.63605     -3.685397  0.000  0.002  0.000  0.002
   0.61609     -3.668318  0.000  0.000  0.000  0.000
   0.59613     -3.654518  0.000  0.000  0.000  0.000
   0.57617     -3.644364  0.000  0.000  0.000  0.000
   0.55622     -3.638146  0.000  0.000  0.000  0.000
   0.53626     -3.636052  0.000  0.000  0.000  0.000
   0.53626     -3.636052  0.000  0.000  0.000  0.000
   0.50804     -3.635672  0.000  0.000  0.000  0.000
   0.47981     -3.634569  0.000  0.000  0.000  0.000
   0.45159     -3.632826  0.000  0.000  0.000  0.000
   0.42336     -3.630571  0.000  0.000  0.000  0.000
   0.39514     -3.628961  0.000  0.010  0.000  0.010
   0.36691     -3.647121  0.000  0.008  0.000  0.008
   0.33869     -3.699459  0.029  0.283  0.006  0.321
   0.31047     -3.709493  0.000  0.000  0.000  0.000
   0.28224     -3.713441  0.000  0.002  0.000  0.002
   0.25402     -3.736906  0.000  0.000  0.000  0.000
   0.22579     -3.761549  0.000  0.000  0.000  0.000
   0.19757     -3.797503  0.000  0.000  0.000  0.002
   0.16935     -3.821928  0.000  0.018  0.003  0.021
   0.14112     -3.837413  0.004  0.037  0.000  0.043
   0.11290     -3.855745  0.004  0.030  0.000  0.034
   0.08467     -3.867002  0.002  0.021  0.000  0.025
   0.05645     -3.874593  0.000  0.010  0.000  0.010
   0.02822     -3.882924  0.009  0.112  0.000  0.124
   0.00000     -3.882307  0.009  0.114  0.000  0.125
 
# Band-Index:   85
   0.00000     -3.875680  0.000  0.006  0.000  0.006
   0.02822     -3.875108  0.000  0.008  0.000  0.008
   0.05645     -3.872770  0.002  0.011  0.000  0.013
   0.08467     -3.851467  0.000  0.012  0.000  0.012
   0.11290     -3.829748  0.000  0.021  0.000  0.023
   0.14112     -3.820119  0.000  0.026  0.002  0.029
   0.16935     -3.811516  0.004  0.039  0.000  0.046
   0.19757     -3.786220  0.000  0.000  0.000  0.000
   0.22579     -3.757973  0.000  0.002  0.000  0.002
   0.25402     -3.722031  0.000  0.003  0.000  0.004
   0.28224     -3.708638  0.018  0.149  0.000  0.167
   0.31047     -3.693316  0.026  0.198  0.002  0.227
   0.33869     -3.667278  0.000  0.005  0.000  0.005
   0.36691     -3.643382  0.029  0.225  0.007  0.262
   0.39514     -3.627986  0.000  0.000  0.000  0.000
   0.42336     -3.613233  0.000  0.012  0.000  0.012
   0.45159     -3.600361  0.000  0.014  0.000  0.014
   0.47981     -3.590761  0.000  0.016  0.000  0.016
   0.50804     -3.584812  0.000  0.018  0.000  0.018
   0.53626     -3.582798  0.000  0.018  0.000  0.018
   0.53626     -3.582798  0.000  0.018  0.000  0.018
   0.55622     -3.590305  0.000  0.018  0.000  0.018
   0.57617     -3.601953  0.000  0.019  0.000  0.020
   0.59613     -3.614258  0.000  0.022  0.000  0.022
   0.61609     -3.626734  0.000  0.025  0.000  0.027
   0.63605     -3.639093  0.000  0.031  0.000  0.034
   0.65600     -3.651047  0.000  0.036  0.000  0.038
   0.67596     -3.662277  0.000  0.041  0.000  0.044
   0.69592     -3.661984  0.000  0.047  0.000  0.047
   0.71588     -3.655906  0.000  0.042  0.000  0.042
   0.73584     -3.651672  0.000  0.038  0.000  0.038
   0.75579     -3.664223  0.000  0.002  0.000  0.002
   0.77575     -3.686132  0.000  0.002  0.000  0.002
   0.79571     -3.697247  0.000  0.069  0.002  0.071
   0.81567     -3.696981  0.000  0.070  0.002  0.072
   0.83562     -3.695643  0.000  0.070  0.002  0.072
   0.85558     -3.693517  0.000  0.070  0.002  0.072
   0.87554     -3.690777  0.000  0.067  0.002  0.069
   0.89550     -3.687490  0.000  0.063  0.002  0.065
   0.91545     -3.683846  0.000  0.060  0.001  0.061
   0.91545     -3.683846  0.000  0.060  0.001  0.061
   0.94368     -3.686655  0.000  0.059  0.001  0.060
   0.97190     -3.694899  0.000  0.055  0.001  0.056
   1.00013     -3.707841  0.001  0.046  0.001  0.048
   1.02835     -3.723442  0.001  0.033  0.001  0.036
   1.05657     -3.737405  0.002  0.020  0.000  0.022
   1.08480     -3.744792  0.003  0.018  0.000  0.021
   1.11302     -3.744803  0.003  0.030  0.000  0.033
   1.14125     -3.741708  0.003  0.038  0.000  0.041
   1.16947     -3.740412  0.002  0.030  0.000  0.033
   1.19769     -3.748820  0.000  0.004  0.000  0.004
   1.22592     -3.769457  0.000  0.004  0.000  0.005
   1.25414     -3.783369  0.000  0.006  0.000  0.006
   1.28237     -3.789142  0.000  0.015  0.000  0.015
   1.31059     -3.805293  0.000  0.017  0.000  0.017
   1.33882     -3.828093  0.000  0.019  0.000  0.019
   1.36704     -3.844562  0.000  0.014  0.000  0.015
   1.39526     -3.855495  0.000  0.008  0.000  0.008
   1.42349     -3.861969  0.000  0.003  0.000  0.003
   1.45171     -3.864149  0.000  0.000  0.000  0.000
   1.45171     -3.864149  0.000  0.000  0.000  0.000
   1.47167     -3.867577  0.000  0.000  0.000  0.000
   1.49163     -3.870066  0.000  0.000  0.000  0.000
   1.51159     -3.871594  0.000  0.000  0.000  0.000
   1.53154     -3.872365  0.000  0.000  0.000  0.000
   1.55150     -3.872605  0.000  0.000  0.000  0.000
   1.57146     -3.872510  0.000  0.000  0.000  0.000
   1.59142     -3.872251  0.000  0.000  0.000  0.000
   1.61137     -3.871954  0.000  0.000  0.000  0.000
   1.63133     -3.871713  0.000  0.000  0.000  0.000
   1.65129     -3.871600  0.000  0.002  0.000  0.002
   1.67125     -3.871652  0.000  0.002  0.000  0.002
   1.69120     -3.871893  0.000  0.002  0.000  0.002
   1.71116     -3.872325  0.000  0.002  0.000  0.002
   1.73112     -3.872916  0.000  0.002  0.000  0.002
   1.75108     -3.873623  0.000  0.002  0.000  0.002
   1.77103     -3.874366  0.000  0.005  0.000  0.006
   1.79099     -3.875037  0.000  0.006  0.000  0.006
   1.81095     -3.875507  0.000  0.006  0.000  0.006
   1.83091     -3.875680  0.000  0.006  0.000  0.006
 
# Band-Index:   86
   1.83091     -3.806082  0.000  0.025  0.002  0.028
   1.81095     -3.806326  0.000  0.030  0.003  0.033
   1.79099     -3.807373  0.000  0.036  0.003  0.039
   1.77103     -3.809385  0.000  0.046  0.003  0.049
   1.75108     -3.811366  0.001  0.061  0.003  0.065
   1.73112     -3.812565  0.002  0.082  0.002  0.085
   1.71116     -3.812491  0.003  0.104  0.002  0.109
   1.69120     -3.810907  0.004  0.127  0.002  0.133
   1.67125     -3.809834  0.008  0.165  0.002  0.175
   1.65129     -3.813386  0.006  0.154  0.002  0.161
   1.63133     -3.817093  0.006  0.145  0.002  0.151
   1.61137     -3.818979  0.004  0.144  0.002  0.150
   1.59142     -3.818455  0.000  0.000  0.000  0.000
   1.57146     -3.825652  0.000  0.000  0.000  0.000
   1.55150     -3.832957  0.000  0.000  0.000  0.000
   1.53154     -3.840195  0.000  0.000  0.000  0.000
   1.51159     -3.847162  0.000  0.000  0.000  0.000
   1.49163     -3.853611  0.000  0.000  0.000  0.000
   1.47167     -3.859287  0.000  0.000  0.000  0.000
   1.45171     -3.863824  0.000  0.000  0.000  0.000
   1.45171     -3.863824  0.000  0.000  0.000  0.000
   1.42349     -3.861653  0.000  0.003  0.000  0.003
   1.39526     -3.855207  0.000  0.008  0.000  0.008
   1.36704     -3.844334  0.000  0.014  0.000  0.015
   1.33882     -3.828005  0.000  0.019  0.000  0.019
   1.31059     -3.805108  0.000  0.016  0.000  0.016
   1.28237     -3.788859  0.000  0.016  0.000  0.016
   1.25414     -3.783339  0.000  0.006  0.000  0.006
   1.22592     -3.768834  0.000  0.005  0.000  0.006
   1.19769     -3.747895  0.000  0.004  0.000  0.004
   1.16947     -3.739724  0.002  0.032  0.000  0.034
   1.14125     -3.741194  0.003  0.039  0.000  0.042
   1.11302     -3.744405  0.003  0.030  0.000  0.035
   1.08480     -3.744562  0.003  0.018  0.000  0.021
   1.05657     -3.737383  0.002  0.020  0.000  0.022
   1.02835     -3.723201  0.001  0.034  0.001  0.036
   1.00013     -3.707477  0.001  0.046  0.001  0.048
   0.97190     -3.694477  0.000  0.054  0.001  0.055
   0.94368     -3.686209  0.000  0.058  0.001  0.060
   0.91545     -3.683392  0.000  0.059  0.001  0.060
   0.91545     -3.683392  0.000  0.059  0.001  0.060
   0.89550     -3.679131  0.000  0.056  0.000  0.058
   0.87554     -3.674021  0.000  0.049  0.000  0.052
   0.85558     -3.668403  0.000  0.044  0.000  0.047
   0.83562     -3.662597  0.000  0.040  0.000  0.040
   0.81567     -3.657141  0.000  0.036  0.000  0.037
   0.79571     -3.652735  0.000  0.035  0.000  0.035
   0.77575     -3.650075  0.000  0.035  0.000  0.036
   0.75579     -3.649669  0.000  0.036  0.000  0.037
   0.73584     -3.641541  0.000  0.002  0.000  0.002
   0.71588     -3.618433  0.000  0.002  0.000  0.002
   0.69592     -3.595330  0.000  0.002  0.000  0.002
   0.67596     -3.572747  0.000  0.000  0.000  0.000
   0.65600     -3.551250  0.000  0.000  0.000  0.000
   0.63605     -3.531461  0.000  0.000  0.000  0.000
   0.61609     -3.535757  0.000  0.008  0.000  0.008
   0.59613     -3.544759  0.000  0.008  0.000  0.008
   0.57617     -3.554461  0.000  0.010  0.000  0.010
   0.55622     -3.564503  0.000  0.010  0.000  0.010
   0.53626     -3.571470  0.000  0.010  0.000  0.010
   0.53626     -3.571470  0.000  0.010  0.000  0.010
   0.50804     -3.572508  0.000  0.008  0.000  0.009
   0.47981     -3.575599  0.000  0.008  0.000  0.009
   0.45159     -3.580812  0.000  0.010  0.000  0.010
   0.42336     -3.588881  0.000  0.016  0.000  0.016
   0.39514     -3.603744  0.006  0.056  0.002  0.065
   0.36691     -3.625424  0.000  0.000  0.000  0.000
   0.33869     -3.662603  0.036  0.239  0.004  0.282
   0.31047     -3.688918  0.000  0.002  0.000  0.002
   0.28224     -3.702953  0.000  0.000  0.000  0.000
   0.25402     -3.718523  0.008  0.071  0.000  0.079
   0.22579     -3.741928  0.000  0.004  0.000  0.004
   0.19757     -3.778673  0.004  0.032  0.000  0.036
   0.16935     -3.807933  0.000  0.002  0.000  0.002
   0.14112     -3.813691  0.000  0.009  0.002  0.012
   0.11290     -3.811825  0.000  0.016  0.003  0.018
   0.08467     -3.809549  0.000  0.020  0.003  0.023
   0.05645     -3.807684  0.000  0.023  0.002  0.026
   0.02822     -3.806491  0.000  0.025  0.002  0.028
   0.00000     -3.806082  0.000  0.025  0.002  0.028
 
# Band-Index:   87
   0.00000     -3.804608  0.000  0.026  0.003  0.029
   0.02822     -3.804996  0.000  0.025  0.002  0.028
   0.05645     -3.806101  0.000  0.023  0.003  0.026
   0.08467     -3.807650  0.000  0.019  0.003  0.022
   0.11290     -3.808042  0.000  0.008  0.002  0.011
   0.14112     -3.796343  0.000  0.002  0.000  0.002
   0.16935     -3.772558  0.000  0.006  0.000  0.006
   0.19757     -3.745681  0.000  0.008  0.000  0.008
   0.22579     -3.716778  0.000  0.007  0.000  0.007
   0.25402     -3.698348  0.000  0.000  0.000  0.000
   0.28224     -3.686820  0.000  0.002  0.000  0.002
   0.31047     -3.649673  0.000  0.001  0.000  0.002
   0.33869     -3.624039  0.000  0.000  0.000  0.000
   0.36691     -3.608510  0.049  0.273  0.008  0.330
   0.39514     -3.532334  0.047  0.240  0.010  0.297
   0.42336     -3.499871  0.000  0.000  0.000  0.000
   0.45159     -3.479977  0.000  0.000  0.000  0.000
   0.47981     -3.478794  0.000  0.000  0.000  0.000
   0.50804     -3.479525  0.000  0.000  0.000  0.000
   0.53626     -3.479788  0.000  0.000  0.000  0.000
   0.53626     -3.479788  0.000  0.000  0.000  0.000
   0.55622     -3.482065  0.000  0.000  0.000  0.000
   0.57617     -3.488779  0.000  0.000  0.000  0.000
   0.59613     -3.499602  0.000  0.000  0.000  0.000
   0.61609     -3.514026  0.000  0.000  0.000  0.000
   0.63605     -3.527583  0.000  0.006  0.000  0.006
   0.65600     -3.520297  0.000  0.006  0.000  0.006
   0.67596     -3.513941  0.000  0.004  0.000  0.004
   0.69592     -3.508533  0.000  0.004  0.000  0.004
   0.71588     -3.504602  0.000  0.003  0.000  0.003
   0.73584     -3.511635  0.000  0.004  0.000  0.004
   0.75579     -3.517166  0.000  0.004  0.000  0.004
   0.77575     -3.520733  0.000  0.004  0.000  0.004
   0.79571     -3.522209  0.000  0.004  0.000  0.004
   0.81567     -3.521791  0.000  0.004  0.000  0.004
   0.83562     -3.519913  0.000  0.004  0.000  0.004
   0.85558     -3.517056  0.000  0.004  0.000  0.004
   0.87554     -3.513656  0.000  0.003  0.000  0.003
   0.89550     -3.510061  0.000  0.002  0.000  0.002
   0.91545     -3.506692  0.000  0.002  0.000  0.002
   0.91545     -3.506692  0.000  0.002  0.000  0.002
   0.94368     -3.508990  0.000  0.002  0.000  0.002
   0.97190     -3.515769  0.000  0.002  0.000  0.002
   1.00013     -3.526761  0.000  0.000  0.000  0.000
   1.02835     -3.541583  0.000  0.001  0.000  0.001
   1.05657     -3.559930  0.000  0.002  0.000  0.002
   1.08480     -3.581986  0.000  0.007  0.000  0.008
   1.11302     -3.609235  0.003  0.029  0.001  0.033
   1.14125     -3.643979  0.010  0.089  0.001  0.102
   1.16947     -3.682023  0.016  0.159  0.002  0.177
   1.19769     -3.709843  0.019  0.214  0.001  0.235
   1.22592     -3.719610  0.019  0.221  0.000  0.242
   1.25414     -3.736117  0.002  0.037  0.000  0.039
   1.28237     -3.770091  0.001  0.028  0.000  0.029
   1.31059     -3.785462  0.001  0.043  0.000  0.045
   1.33882     -3.785997  0.001  0.052  0.000  0.054
   1.36704     -3.785210  0.002  0.062  0.000  0.064
   1.39526     -3.784305  0.002  0.068  0.000  0.071
   1.42349     -3.783649  0.002  0.072  0.000  0.075
   1.45171     -3.783415  0.002  0.074  0.000  0.077
   1.45171     -3.783415  0.002  0.074  0.000  0.077
   1.47167     -3.797120  0.002  0.059  0.000  0.061
   1.49163     -3.809552  0.000  0.053  0.000  0.055
   1.51159     -3.819629  0.000  0.049  0.000  0.051
   1.53154     -3.826072  0.000  0.045  0.000  0.047
   1.55150     -3.826938  0.000  0.039  0.000  0.041
   1.57146     -3.820660  0.002  0.031  0.000  0.033
   1.59142     -3.817607  0.004  0.151  0.002  0.157
   1.61137     -3.811495  0.000  0.000  0.000  0.000
   1.63133     -3.804892  0.000  0.000  0.000  0.000
   1.65129     -3.802978  0.006  0.164  0.002  0.172
   1.67125     -3.807631  0.006  0.147  0.002  0.154
   1.69120     -3.807546  0.007  0.168  0.002  0.179
   1.71116     -3.806826  0.007  0.158  0.002  0.167
   1.73112     -3.806839  0.006  0.135  0.002  0.143
   1.75108     -3.806907  0.004  0.105  0.003  0.111
   1.77103     -3.806695  0.002  0.072  0.003  0.077
   1.79099     -3.806141  0.001  0.044  0.003  0.048
   1.81095     -3.805144  0.000  0.028  0.003  0.031
   1.83091     -3.804608  0.000  0.026  0.003  0.029
 
# Band-Index:   88
   1.83091     -3.770707  0.000  0.000  0.000  0.000
   1.81095     -3.771068  0.000  0.000  0.000  0.000
   1.79099     -3.772151  0.000  0.000  0.000  0.000
   1.77103     -3.773939  0.000  0.000  0.000  0.000
   1.75108     -3.776437  0.000  0.000  0.000  0.000
   1.73112     -3.779619  0.000  0.000  0.000  0.000
   1.71116     -3.783474  0.000  0.000  0.000  0.000
   1.69120     -3.787964  0.000  0.000  0.000  0.000
   1.67125     -3.793064  0.000  0.000  0.000  0.000
   1.65129     -3.798726  0.000  0.000  0.000  0.000
   1.63133     -3.796939  0.008  0.174  0.002  0.184
   1.61137     -3.793705  0.000  0.002  0.000  0.002
   1.59142     -3.808379  0.002  0.021  0.000  0.023
   1.57146     -3.812489  0.006  0.165  0.002  0.171
   1.55150     -3.803995  0.006  0.186  0.002  0.195
   1.53154     -3.792925  0.008  0.214  0.002  0.225
   1.51159     -3.780636  0.012  0.247  0.002  0.259
   1.49163     -3.770065  0.014  0.261  0.002  0.278
   1.47167     -3.770816  0.006  0.145  0.000  0.152
   1.45171     -3.783317  0.002  0.077  0.000  0.079
   1.45171     -3.783317  0.002  0.077  0.000  0.079
   1.42349     -3.783547  0.002  0.075  0.000  0.078
   1.39526     -3.784196  0.002  0.070  0.000  0.073
   1.36704     -3.785094  0.002  0.063  0.000  0.065
   1.33882     -3.785886  0.001  0.053  0.000  0.055
   1.31059     -3.785428  0.001  0.044  0.000  0.046
   1.28237     -3.770036  0.001  0.029  0.000  0.031
   1.25414     -3.735921  0.002  0.039  0.000  0.042
   1.22592     -3.719395  0.018  0.219  0.000  0.241
   1.19769     -3.709664  0.019  0.213  0.001  0.234
   1.16947     -3.681589  0.016  0.158  0.002  0.175
   1.14125     -3.643473  0.010  0.088  0.001  0.101
   1.11302     -3.608795  0.003  0.029  0.001  0.032
   1.08480     -3.581592  0.000  0.007  0.000  0.008
   1.05657     -3.559556  0.000  0.002  0.000  0.002
   1.02835     -3.541223  0.000  0.001  0.000  0.001
   1.00013     -3.526414  0.000  0.000  0.000  0.000
   0.97190     -3.515434  0.000  0.002  0.000  0.002
   0.94368     -3.508664  0.000  0.002  0.000  0.002
   0.91545     -3.506369  0.000  0.002  0.000  0.002
   0.91545     -3.506369  0.000  0.002  0.000  0.002
   0.89550     -3.503280  0.000  0.002  0.000  0.002
   0.87554     -3.500465  0.000  0.002  0.000  0.002
   0.85558     -3.498202  0.000  0.002  0.000  0.002
   0.83562     -3.496590  0.000  0.002  0.000  0.002
   0.81567     -3.495707  0.000  0.002  0.000  0.002
   0.79571     -3.495620  0.000  0.002  0.000  0.002
   0.77575     -3.496377  0.000  0.002  0.000  0.002
   0.75579     -3.498018  0.000  0.002  0.000  0.002
   0.73584     -3.500577  0.000  0.002  0.000  0.002
   0.71588     -3.504049  0.000  0.004  0.000  0.004
   0.69592     -3.496562  0.000  0.002  0.000  0.002
   0.67596     -3.488202  0.000  0.002  0.000  0.002
   0.65600     -3.480008  0.000  0.002  0.000  0.002
   0.63605     -3.472419  0.000  0.002  0.000  0.002
   0.61609     -3.465779  0.000  0.002  0.000  0.002
   0.59613     -3.460354  0.000  0.002  0.000  0.002
   0.57617     -3.456344  0.000  0.002  0.000  0.002
   0.55622     -3.453888  0.000  0.002  0.000  0.002
   0.53626     -3.453060  0.000  0.002  0.000  0.002
   0.53626     -3.453060  0.000  0.002  0.000  0.002
   0.50804     -3.456122  0.000  0.002  0.000  0.002
   0.47981     -3.465206  0.000  0.002  0.000  0.002
   0.45159     -3.477737  0.000  0.000  0.000  0.000
   0.42336     -3.476501  0.000  0.000  0.000  0.000
   0.39514     -3.530143  0.057  0.290  0.012  0.361
   0.36691     -3.588996  0.015  0.071  0.002  0.089
   0.33869     -3.617666  0.002  0.011  0.000  0.015
   0.31047     -3.630686  0.000  0.000  0.000  0.000
   0.28224     -3.655646  0.000  0.002  0.000  0.002
   0.25402     -3.688767  0.000  0.000  0.000  0.000
   0.22579     -3.715303  0.000  0.006  0.000  0.006
   0.19757     -3.732285  0.001  0.011  0.000  0.013
   0.16935     -3.743314  0.002  0.015  0.000  0.017
   0.14112     -3.751229  0.002  0.015  0.000  0.017
   0.11290     -3.757488  0.002  0.014  0.000  0.016
   0.08467     -3.762694  0.000  0.010  0.000  0.011
   0.05645     -3.766882  0.000  0.006  0.000  0.006
   0.02822     -3.769696  0.000  0.002  0.000  0.002
   0.00000     -3.770707  0.000  0.000  0.000  0.000
 
# Band-Index:   89
   0.00000     -3.726410  0.020  0.144  0.002  0.166
   0.02822     -3.725736  0.020  0.144  0.002  0.168
   0.05645     -3.723871  0.020  0.146  0.002  0.168
   0.08467     -3.721232  0.020  0.149  0.000  0.172
   0.11290     -3.718327  0.020  0.153  0.000  0.178
   0.14112     -3.715573  0.020  0.164  0.000  0.185
   0.16935     -3.713107  0.022  0.175  0.000  0.198
   0.19757     -3.710411  0.025  0.197  0.000  0.221
   0.22579     -3.704009  0.032  0.235  0.000  0.268
   0.25402     -3.686316  0.000  0.005  0.000  0.005
   0.28224     -3.653887  0.000  0.002  0.000  0.002
   0.31047     -3.612123  0.003  0.014  0.000  0.016
   0.33869     -3.580242  0.000  0.000  0.000  0.000
   0.36691     -3.551579  0.000  0.000  0.000  0.000
   0.39514     -3.524105  0.000  0.000  0.000  0.000
   0.42336     -3.444670  0.053  0.266  0.014  0.335
   0.45159     -3.356244  0.049  0.254  0.016  0.319
   0.47981     -3.282812  0.045  0.234  0.017  0.297
   0.50804     -3.234536  0.043  0.221  0.017  0.281
   0.53626     -3.217722  0.042  0.215  0.017  0.274
   0.53626     -3.217722  0.042  0.215  0.017  0.274
   0.55622     -3.216976  0.042  0.215  0.017  0.274
   0.57617     -3.214770  0.042  0.215  0.017  0.275
   0.59613     -3.211148  0.042  0.215  0.017  0.274
   0.61609     -3.206186  0.042  0.215  0.017  0.274
   0.63605     -3.199960  0.042  0.215  0.017  0.274
   0.65600     -3.192561  0.044  0.214  0.017  0.275
   0.67596     -3.184059  0.044  0.215  0.017  0.274
   0.69592     -3.174509  0.044  0.215  0.017  0.276
   0.71588     -3.163949  0.046  0.215  0.016  0.277
   0.73584     -3.152393  0.047  0.216  0.016  0.279
   0.75579     -3.139834  0.048  0.219  0.016  0.283
   0.77575     -3.126248  0.050  0.220  0.016  0.286
   0.79571     -3.111603  0.052  0.223  0.016  0.291
   0.81567     -3.095862  0.054  0.228  0.016  0.298
   0.83562     -3.078994  0.057  0.234  0.016  0.308
   0.85558     -3.061010  0.062  0.244  0.016  0.322
   0.87554     -3.041986  0.068  0.261  0.017  0.345
   0.89550     -3.022224  0.079  0.292  0.018  0.389
   0.91545     -3.003267  0.107  0.378  0.023  0.509
   0.91545     -3.003267  0.107  0.378  0.023  0.509
   0.94368     -3.022933  0.113  0.397  0.023  0.533
   0.97190     -3.079616  0.122  0.426  0.023  0.571
   1.00013     -3.164908  0.121  0.427  0.022  0.570
   1.02835     -3.265896  0.113  0.410  0.017  0.541
   1.05657     -3.368351  0.099  0.376  0.013  0.487
   1.08480     -3.459960  0.079  0.331  0.008  0.419
   1.11302     -3.533167  0.056  0.271  0.004  0.332
   1.14125     -3.586026  0.032  0.182  0.001  0.215
   1.16947     -3.625314  0.014  0.099  0.000  0.114
   1.19769     -3.661630  0.006  0.050  0.000  0.056
   1.22592     -3.698793  0.002  0.023  0.000  0.025
   1.25414     -3.723451  0.017  0.203  0.000  0.221
   1.28237     -3.727374  0.019  0.230  0.000  0.251
   1.31059     -3.731385  0.020  0.247  0.001  0.268
   1.33882     -3.735108  0.021  0.261  0.001  0.283
   1.36704     -3.738156  0.021  0.268  0.001  0.291
   1.39526     -3.740345  0.022  0.273  0.001  0.297
   1.42349     -3.741641  0.022  0.275  0.001  0.300
   1.45171     -3.742071  0.022  0.276  0.001  0.301
   1.45171     -3.742071  0.022  0.276  0.001  0.301
   1.47167     -3.746402  0.013  0.181  0.002  0.196
   1.49163     -3.741494  0.002  0.031  0.000  0.035
   1.51159     -3.746219  0.023  0.299  0.002  0.324
   1.53154     -3.753719  0.020  0.285  0.002  0.310
   1.55150     -3.762521  0.018  0.272  0.002  0.290
   1.57146     -3.771761  0.016  0.254  0.002  0.272
   1.59142     -3.780761  0.014  0.242  0.002  0.258
   1.61137     -3.788323  0.014  0.241  0.002  0.257
   1.63133     -3.776119  0.006  0.053  0.000  0.058
   1.65129     -3.760523  0.006  0.050  0.000  0.057
   1.67125     -3.746628  0.008  0.058  0.000  0.066
   1.69120     -3.735388  0.010  0.071  0.000  0.083
   1.71116     -3.727467  0.012  0.091  0.000  0.103
   1.73112     -3.723068  0.014  0.108  0.000  0.125
   1.75108     -3.721769  0.016  0.125  0.002  0.144
   1.77103     -3.722577  0.018  0.136  0.002  0.156
   1.79099     -3.724286  0.018  0.142  0.002  0.162
   1.81095     -3.725815  0.020  0.144  0.002  0.166
   1.83091     -3.726410  0.020  0.144  0.002  0.166
 
# Band-Index:   90
   1.83091     -3.668722  0.000  0.000  0.000  0.000
   1.81095     -3.669963  0.000  0.000  0.000  0.000
   1.79099     -3.673610  0.000  0.002  0.000  0.002
   1.77103     -3.679423  0.000  0.004  0.000  0.004
   1.75108     -3.686952  0.000  0.010  0.000  0.012
   1.73112     -3.695476  0.002  0.018  0.000  0.021
   1.71116     -3.703928  0.003  0.035  0.000  0.038
   1.69120     -3.710853  0.006  0.057  0.000  0.064
   1.67125     -3.714675  0.008  0.092  0.000  0.101
   1.65129     -3.714368  0.012  0.126  0.002  0.140
   1.63133     -3.709988  0.016  0.154  0.002  0.173
   1.61137     -3.702428  0.018  0.176  0.002  0.194
   1.59142     -3.692869  0.020  0.184  0.002  0.207
   1.57146     -3.683256  0.018  0.171  0.002  0.192
   1.55150     -3.689629  0.002  0.026  0.000  0.026
   1.53154     -3.707929  0.000  0.012  0.000  0.014
   1.51159     -3.725986  0.000  0.012  0.000  0.012
   1.49163     -3.741082  0.025  0.307  0.002  0.335
   1.47167     -3.739438  0.025  0.305  0.002  0.332
   1.45171     -3.741717  0.022  0.279  0.001  0.303
   1.45171     -3.741717  0.022  0.279  0.001  0.303
   1.42349     -3.741284  0.022  0.277  0.001  0.302
   1.39526     -3.739978  0.022  0.275  0.001  0.300
   1.36704     -3.737777  0.021  0.270  0.001  0.292
   1.33882     -3.734722  0.021  0.260  0.001  0.283
   1.31059     -3.731005  0.020  0.247  0.001  0.269
   1.28237     -3.727025  0.019  0.230  0.000  0.251
   1.25414     -3.723189  0.017  0.206  0.000  0.225
   1.22592     -3.698529  0.002  0.022  0.000  0.024
   1.19769     -3.661455  0.006  0.050  0.000  0.056
   1.16947     -3.625296  0.014  0.098  0.000  0.114
   1.14125     -3.585850  0.032  0.182  0.001  0.215
   1.11302     -3.532821  0.056  0.271  0.004  0.331
   1.08480     -3.459563  0.079  0.331  0.008  0.418
   1.05657     -3.367989  0.099  0.376  0.013  0.487
   1.02835     -3.265600  0.113  0.409  0.017  0.539
   1.00013     -3.164690  0.120  0.426  0.022  0.568
   0.97190     -3.079497  0.121  0.423  0.023  0.566
   0.94368     -3.022920  0.115  0.403  0.024  0.542
   0.91545     -3.003177  0.110  0.387  0.023  0.520
   0.91545     -3.003177  0.110  0.387  0.023  0.520
   0.89550     -2.998233  0.136  0.470  0.029  0.634
   0.87554     -3.012994  0.105  0.376  0.023  0.506
   0.85558     -3.030530  0.092  0.340  0.022  0.454
   0.83562     -3.048171  0.084  0.323  0.021  0.428
   0.81567     -3.065370  0.080  0.312  0.021  0.413
   0.79571     -3.081888  0.076  0.304  0.021  0.399
   0.77575     -3.097597  0.072  0.298  0.021  0.391
   0.75579     -3.112423  0.070  0.294  0.021  0.383
   0.73584     -3.126312  0.066  0.290  0.021  0.377
   0.71588     -3.139219  0.064  0.286  0.021  0.373
   0.69592     -3.151100  0.062  0.284  0.021  0.368
   0.67596     -3.161904  0.061  0.282  0.021  0.364
   0.65600     -3.171565  0.060  0.280  0.021  0.361
   0.63605     -3.179988  0.058  0.278  0.021  0.358
   0.61609     -3.187082  0.057  0.278  0.021  0.356
   0.59613     -3.192742  0.056  0.275  0.021  0.354
   0.57617     -3.196874  0.056  0.275  0.021  0.353
   0.55622     -3.199391  0.055  0.275  0.021  0.353
   0.53626     -3.200237  0.055  0.274  0.021  0.351
   0.53626     -3.200237  0.055  0.274  0.021  0.351
   0.50804     -3.217974  0.055  0.278  0.021  0.356
   0.47981     -3.268751  0.057  0.286  0.021  0.364
   0.45159     -3.345567  0.059  0.295  0.019  0.374
   0.42336     -3.437477  0.060  0.299  0.016  0.377
   0.39514     -3.475206  0.000  0.000  0.000  0.000
   0.36691     -3.476531  0.014  0.051  0.002  0.068
   0.33869     -3.554405  0.008  0.030  0.000  0.038
   0.31047     -3.602283  0.000  0.000  0.000  0.000
   0.28224     -3.618574  0.026  0.126  0.000  0.156
   0.25402     -3.674727  0.030  0.180  0.000  0.210
   0.22579     -3.693212  0.000  0.000  0.000  0.000
   0.19757     -3.688210  0.000  0.000  0.000  0.000
   0.16935     -3.683521  0.000  0.000  0.000  0.000
   0.14112     -3.679290  0.000  0.000  0.000  0.000
   0.11290     -3.675642  0.000  0.000  0.000  0.000
   0.08467     -3.672684  0.000  0.000  0.000  0.000
   0.05645     -3.670504  0.000  0.000  0.000  0.000
   0.02822     -3.669172  0.000  0.000  0.000  0.000
   0.00000     -3.668722  0.000  0.000  0.000  0.000
 
# Band-Index:   91
   0.00000     -3.583462  0.000  0.000  0.000  0.000
   0.02822     -3.583790  0.000  0.000  0.000  0.000
   0.05645     -3.584760  0.000  0.000  0.000  0.000
   0.08467     -3.586344  0.000  0.000  0.000  0.000
   0.11290     -3.588493  0.000  0.000  0.000  0.000
   0.14112     -3.591137  0.000  0.000  0.000  0.000
   0.16935     -3.594185  0.000  0.000  0.000  0.000
   0.19757     -3.597520  0.000  0.000  0.000  0.000
   0.22579     -3.600975  0.000  0.000  0.000  0.000
   0.25402     -3.604240  0.000  0.000  0.000  0.000
   0.28224     -3.606399  0.000  0.000  0.000  0.000
   0.31047     -3.547407  0.030  0.111  0.000  0.144
   0.33869     -3.472695  0.000  0.000  0.000  0.000
   0.36691     -3.473925  0.000  0.000  0.000  0.000
   0.39514     -3.382916  0.024  0.081  0.002  0.108
   0.42336     -3.281401  0.034  0.116  0.004  0.155
   0.45159     -3.182988  0.043  0.150  0.008  0.200
   0.47981     -3.100245  0.050  0.175  0.010  0.234
   0.50804     -3.044913  0.054  0.189  0.012  0.254
   0.53626     -3.025434  0.055  0.193  0.012  0.261
   0.53626     -3.025434  0.055  0.193  0.012  0.261
   0.55622     -3.024182  0.056  0.194  0.012  0.262
   0.57617     -3.020483  0.056  0.195  0.012  0.264
   0.59613     -3.014478  0.058  0.199  0.012  0.268
   0.61609     -3.006401  0.059  0.203  0.012  0.275
   0.63605     -2.996543  0.062  0.209  0.012  0.283
   0.65600     -2.985248  0.064  0.213  0.013  0.291
   0.67596     -2.972924  0.068  0.221  0.014  0.302
   0.69592     -2.960049  0.072  0.231  0.014  0.317
   0.71588     -2.947185  0.076  0.242  0.014  0.332
   0.73584     -2.935041  0.080  0.253  0.014  0.348
   0.75579     -2.924494  0.085  0.266  0.014  0.365
   0.77575     -2.916572  0.089  0.278  0.014  0.382
   0.79571     -2.912343  0.093  0.289  0.015  0.396
   0.81567     -2.912621  0.093  0.294  0.015  0.403
   0.83562     -2.917672  0.091  0.293  0.015  0.400
   0.85558     -2.930345  0.052  0.186  0.009  0.249
   0.87554     -2.951865  0.038  0.147  0.007  0.193
   0.89550     -2.970688  0.007  0.053  0.003  0.062
   0.91545     -2.970230  0.037  0.145  0.008  0.191
   0.91545     -2.970230  0.037  0.145  0.008  0.191
   0.94368     -2.986086  0.030  0.124  0.007  0.161
   0.97190     -3.030258  0.019  0.088  0.004  0.111
   1.00013     -3.095355  0.012  0.065  0.003  0.082
   1.02835     -3.172877  0.010  0.056  0.002  0.067
   1.05657     -3.254492  0.009  0.053  0.002  0.064
   1.08480     -3.333290  0.009  0.054  0.001  0.066
   1.11302     -3.404536  0.011  0.060  0.001  0.072
   1.14125     -3.465397  0.012  0.071  0.001  0.087
   1.16947     -3.514122  0.014  0.087  0.001  0.104
   1.19769     -3.549914  0.014  0.099  0.001  0.117
   1.22592     -3.573919  0.013  0.104  0.001  0.118
   1.25414     -3.588933  0.011  0.099  0.001  0.112
   1.28237     -3.597810  0.009  0.092  0.002  0.102
   1.31059     -3.602732  0.007  0.086  0.002  0.096
   1.33882     -3.605259  0.005  0.081  0.002  0.089
   1.36704     -3.606431  0.004  0.076  0.002  0.084
   1.39526     -3.606899  0.004  0.075  0.002  0.082
   1.42349     -3.607049  0.004  0.074  0.002  0.080
   1.45171     -3.607079  0.003  0.074  0.002  0.080
   1.45171     -3.607079  0.003  0.074  0.002  0.080
   1.47167     -3.621922  0.008  0.093  0.002  0.105
   1.49163     -3.634700  0.014  0.120  0.002  0.138
   1.51159     -3.646204  0.018  0.146  0.002  0.166
   1.53154     -3.657316  0.022  0.164  0.002  0.186
   1.55150     -3.667845  0.022  0.162  0.002  0.184
   1.57146     -3.665987  0.004  0.021  0.000  0.026
   1.59142     -3.647459  0.000  0.004  0.000  0.006
   1.61137     -3.627753  0.000  0.002  0.000  0.002
   1.63133     -3.608028  0.000  0.002  0.000  0.002
   1.65129     -3.588549  0.000  0.002  0.000  0.002
   1.67125     -3.569480  0.000  0.002  0.000  0.003
   1.69120     -3.574000  0.014  0.089  0.000  0.106
   1.71116     -3.580386  0.012  0.072  0.000  0.084
   1.73112     -3.584261  0.008  0.052  0.000  0.060
   1.75108     -3.585767  0.004  0.033  0.000  0.038
   1.77103     -3.585607  0.002  0.018  0.000  0.020
   1.79099     -3.584692  0.002  0.006  0.000  0.008
   1.81095     -3.583813  0.000  0.002  0.000  0.002
   1.83091     -3.583462  0.000  0.000  0.000  0.000
 
# Band-Index:   92
   1.83091     -3.464846  0.000  0.000  0.000  0.000
   1.81095     -3.467578  0.000  0.000  0.000  0.000
   1.79099     -3.475221  0.000  0.002  0.000  0.002
   1.77103     -3.486586  0.000  0.002  0.000  0.004
   1.75108     -3.500521  0.000  0.002  0.000  0.004
   1.73112     -3.516202  0.000  0.002  0.000  0.004
   1.71116     -3.533115  0.000  0.002  0.000  0.004
   1.69120     -3.550940  0.000  0.002  0.000  0.004
   1.67125     -3.565583  0.016  0.102  0.002  0.121
   1.65129     -3.556085  0.018  0.112  0.002  0.132
   1.63133     -3.546579  0.018  0.116  0.002  0.136
   1.61137     -3.538227  0.018  0.118  0.002  0.138
   1.59142     -3.532189  0.016  0.116  0.002  0.136
   1.57146     -3.529663  0.014  0.112  0.002  0.128
   1.55150     -3.531824  0.010  0.105  0.002  0.120
   1.53154     -3.539559  0.006  0.096  0.002  0.104
   1.51159     -3.552860  0.002  0.082  0.002  0.088
   1.49163     -3.570246  0.000  0.070  0.002  0.074
   1.47167     -3.589096  0.000  0.067  0.002  0.069
   1.45171     -3.606504  0.003  0.074  0.002  0.080
   1.45171     -3.606504  0.003  0.074  0.002  0.080
   1.42349     -3.606480  0.004  0.074  0.002  0.080
   1.39526     -3.606347  0.004  0.074  0.002  0.081
   1.36704     -3.605907  0.004  0.076  0.002  0.084
   1.33882     -3.604774  0.005  0.081  0.002  0.089
   1.31059     -3.602295  0.007  0.086  0.002  0.095
   1.28237     -3.597425  0.008  0.092  0.002  0.101
   1.25414     -3.588590  0.011  0.099  0.001  0.111
   1.22592     -3.573580  0.013  0.103  0.001  0.118
   1.19769     -3.549508  0.014  0.099  0.001  0.115
   1.16947     -3.513577  0.014  0.087  0.001  0.103
   1.14125     -3.464685  0.012  0.070  0.001  0.086
   1.11302     -3.403669  0.010  0.059  0.001  0.072
   1.08480     -3.332287  0.009  0.054  0.001  0.065
   1.05657     -3.253373  0.009  0.052  0.002  0.064
   1.02835     -3.171669  0.009  0.056  0.002  0.067
   1.00013     -3.094099  0.012  0.064  0.003  0.080
   0.97190     -3.029014  0.018  0.084  0.004  0.107
   0.94368     -2.984924  0.028  0.117  0.006  0.152
   0.91545     -2.969128  0.034  0.137  0.008  0.179
   0.91545     -2.969128  0.034  0.137  0.008  0.179
   0.89550     -2.954795  0.067  0.233  0.013  0.312
   0.87554     -2.939815  0.079  0.266  0.015  0.360
   0.85558     -2.926977  0.086  0.282  0.015  0.382
   0.83562     -2.909041  0.060  0.205  0.011  0.275
   0.81567     -2.889320  0.066  0.219  0.011  0.297
   0.79571     -2.872041  0.071  0.230  0.011  0.313
   0.77575     -2.857997  0.076  0.237  0.010  0.324
   0.75579     -2.847696  0.079  0.241  0.010  0.332
   0.73584     -2.841274  0.081  0.245  0.010  0.337
   0.71588     -2.838506  0.082  0.246  0.010  0.340
   0.69592     -2.838888  0.084  0.246  0.012  0.340
   0.67596     -2.841737  0.084  0.246  0.012  0.341
   0.65600     -2.846293  0.084  0.245  0.012  0.342
   0.63605     -2.851787  0.084  0.245  0.012  0.341
   0.61609     -2.857473  0.084  0.246  0.012  0.341
   0.59613     -2.862684  0.084  0.246  0.012  0.341
   0.57617     -2.866849  0.083  0.246  0.012  0.342
   0.55622     -2.869533  0.083  0.246  0.012  0.342
   0.53626     -2.870462  0.083  0.246  0.012  0.342
   0.53626     -2.870462  0.083  0.246  0.012  0.342
   0.50804     -2.891224  0.082  0.242  0.012  0.334
   0.47981     -2.950059  0.076  0.226  0.010  0.313
   0.45159     -3.037985  0.072  0.203  0.008  0.281
   0.42336     -3.143455  0.062  0.176  0.004  0.244
   0.39514     -3.255119  0.054  0.148  0.002  0.204
   0.36691     -3.363542  0.044  0.126  0.002  0.174
   0.33869     -3.462115  0.036  0.112  0.000  0.152
   0.31047     -3.471539  0.000  0.000  0.000  0.000
   0.28224     -3.470463  0.000  0.000  0.000  0.000
   0.25402     -3.469470  0.000  0.000  0.000  0.000
   0.22579     -3.468561  0.000  0.000  0.000  0.000
   0.19757     -3.467739  0.000  0.000  0.000  0.000
   0.16935     -3.467006  0.000  0.000  0.000  0.000
   0.14112     -3.466368  0.000  0.000  0.000  0.000
   0.11290     -3.465834  0.000  0.000  0.000  0.000
   0.08467     -3.465405  0.000  0.000  0.000  0.000
   0.05645     -3.465099  0.000  0.000  0.000  0.000
   0.02822     -3.464910  0.000  0.000  0.000  0.000
   0.00000     -3.464846  0.000  0.000  0.000  0.000
 
# Band-Index:   93
   0.00000     -3.333048  0.020  0.087  0.002  0.112
   0.02822     -3.333068  0.020  0.089  0.002  0.112
   0.05645     -3.333080  0.020  0.090  0.002  0.114
   0.08467     -3.332965  0.020  0.090  0.002  0.114
   0.11290     -3.332473  0.021  0.092  0.002  0.116
   0.14112     -3.331189  0.022  0.090  0.002  0.118
   0.16935     -3.328419  0.022  0.092  0.002  0.119
   0.19757     -3.323046  0.024  0.094  0.002  0.122
   0.22579     -3.313319  0.026  0.096  0.000  0.122
   0.25402     -3.296615  0.028  0.096  0.000  0.126
   0.28224     -3.269427  0.030  0.096  0.000  0.128
   0.31047     -3.227986  0.032  0.094  0.000  0.130
   0.33869     -3.169724  0.034  0.096  0.000  0.132
   0.36691     -3.094825  0.036  0.098  0.000  0.136
   0.39514     -3.006755  0.038  0.104  0.000  0.144
   0.42336     -2.912031  0.040  0.113  0.002  0.156
   0.45159     -2.819780  0.043  0.122  0.002  0.170
   0.47981     -2.741104  0.046  0.132  0.004  0.182
   0.50804     -2.687608  0.048  0.140  0.004  0.193
   0.53626     -2.668572  0.050  0.142  0.004  0.196
   0.53626     -2.668572  0.050  0.142  0.004  0.196
   0.55622     -2.668041  0.048  0.142  0.004  0.195
   0.57617     -2.666576  0.048  0.140  0.004  0.192
   0.59613     -2.664525  0.046  0.136  0.004  0.187
   0.61609     -2.662385  0.044  0.132  0.004  0.180
   0.63605     -2.660712  0.042  0.126  0.004  0.172
   0.65600     -2.660014  0.038  0.119  0.004  0.162
   0.67596     -2.660658  0.036  0.110  0.004  0.148
   0.69592     -2.662786  0.030  0.100  0.002  0.134
   0.71588     -2.666268  0.026  0.088  0.002  0.116
   0.73584     -2.670650  0.020  0.074  0.002  0.097
   0.75579     -2.675142  0.014  0.058  0.002  0.075
   0.77575     -2.678661  0.008  0.044  0.002  0.054
   0.79571     -2.679994  0.004  0.030  0.000  0.034
   0.81567     -2.678107  0.000  0.020  0.000  0.021
   0.83562     -2.672494  0.000  0.014  0.000  0.014
   0.85558     -2.663302  0.000  0.014  0.000  0.014
   0.87554     -2.651134  0.002  0.014  0.000  0.016
   0.89550     -2.636732  0.004  0.015  0.000  0.019
   0.91545     -2.620961  0.005  0.016  0.000  0.022
   0.91545     -2.620961  0.005  0.016  0.000  0.022
   0.94368     -2.637595  0.005  0.016  0.000  0.022
   0.97190     -2.684552  0.005  0.018  0.000  0.023
   1.00013     -2.754158  0.005  0.017  0.000  0.022
   1.02835     -2.836567  0.005  0.017  0.000  0.023
   1.05657     -2.922272  0.005  0.018  0.000  0.023
   1.08480     -3.003768  0.005  0.019  0.000  0.025
   1.11302     -3.076315  0.005  0.019  0.000  0.024
   1.14125     -3.137854  0.004  0.020  0.000  0.025
   1.16947     -3.188369  0.004  0.020  0.001  0.026
   1.19769     -3.229001  0.004  0.021  0.001  0.026
   1.22592     -3.261294  0.004  0.022  0.001  0.026
   1.25414     -3.286760  0.003  0.022  0.001  0.028
   1.28237     -3.306685  0.003  0.023  0.001  0.028
   1.31059     -3.322083  0.003  0.023  0.001  0.027
   1.33882     -3.333741  0.003  0.023  0.001  0.026
   1.36704     -3.342247  0.003  0.022  0.001  0.025
   1.39526     -3.348029  0.002  0.023  0.001  0.026
   1.42349     -3.351382  0.002  0.022  0.001  0.026
   1.45171     -3.352484  0.002  0.022  0.001  0.026
   1.45171     -3.352484  0.002  0.022  0.001  0.026
   1.47167     -3.352986  0.002  0.025  0.002  0.028
   1.49163     -3.349826  0.000  0.028  0.002  0.030
   1.51159     -3.343766  0.000  0.032  0.002  0.035
   1.53154     -3.335629  0.000  0.038  0.002  0.042
   1.55150     -3.326302  0.002  0.042  0.002  0.048
   1.57146     -3.316679  0.002  0.048  0.002  0.054
   1.59142     -3.307614  0.004  0.054  0.002  0.062
   1.61137     -3.299848  0.006  0.057  0.002  0.068
   1.63133     -3.293984  0.008  0.062  0.002  0.074
   1.65129     -3.290459  0.010  0.066  0.002  0.080
   1.67125     -3.289520  0.012  0.070  0.002  0.084
   1.69120     -3.291208  0.014  0.072  0.002  0.089
   1.71116     -3.295366  0.014  0.075  0.002  0.094
   1.73112     -3.301617  0.016  0.078  0.002  0.098
   1.75108     -3.309348  0.018  0.080  0.002  0.100
   1.77103     -3.317668  0.018  0.082  0.002  0.104
   1.79099     -3.325371  0.018  0.084  0.002  0.108
   1.81095     -3.330972  0.020  0.086  0.002  0.110
   1.83091     -3.333048  0.020  0.087  0.002  0.112
 
# Band-Index:   94
   1.83091     -2.705933  0.006  0.032  0.000  0.038
   1.81095     -2.710356  0.006  0.032  0.000  0.038
   1.79099     -2.723485  0.006  0.030  0.000  0.037
   1.77103     -2.744939  0.006  0.030  0.000  0.036
   1.75108     -2.774105  0.004  0.030  0.000  0.034
   1.73112     -2.810186  0.004  0.026  0.000  0.034
   1.71116     -2.852226  0.004  0.026  0.000  0.030
   1.69120     -2.899158  0.002  0.024  0.000  0.028
   1.67125     -2.949824  0.002  0.024  0.000  0.026
   1.65129     -3.002984  0.002  0.020  0.000  0.022
   1.63133     -3.057316  0.000  0.018  0.000  0.020
   1.61137     -3.111391  0.000  0.014  0.000  0.016
   1.59142     -3.163618  0.000  0.012  0.000  0.012
   1.57146     -3.212208  0.000  0.010  0.000  0.011
   1.55150     -3.255220  0.002  0.010  0.000  0.010
   1.53154     -3.290789  0.002  0.010  0.000  0.012
   1.51159     -3.317751  0.004  0.012  0.000  0.016
   1.49163     -3.336175  0.004  0.014  0.000  0.020
   1.47167     -3.347243  0.004  0.018  0.000  0.022
   1.45171     -3.352390  0.002  0.022  0.001  0.026
   1.45171     -3.352390  0.002  0.022  0.001  0.026
   1.42349     -3.351291  0.002  0.022  0.001  0.026
   1.39526     -3.347945  0.002  0.023  0.001  0.026
   1.36704     -3.342174  0.003  0.022  0.001  0.025
   1.33882     -3.333682  0.003  0.022  0.001  0.026
   1.31059     -3.322038  0.003  0.023  0.001  0.027
   1.28237     -3.306651  0.003  0.023  0.001  0.026
   1.25414     -3.286733  0.003  0.022  0.001  0.027
   1.22592     -3.261265  0.004  0.022  0.001  0.026
   1.19769     -3.228960  0.004  0.021  0.001  0.026
   1.16947     -3.188301  0.004  0.020  0.001  0.027
   1.14125     -3.137745  0.005  0.020  0.000  0.026
   1.11302     -3.076151  0.005  0.019  0.000  0.025
   1.08480     -3.003544  0.005  0.019  0.000  0.025
   1.05657     -2.921986  0.005  0.018  0.000  0.024
   1.02835     -2.836227  0.005  0.017  0.000  0.023
   1.00013     -2.753774  0.005  0.017  0.000  0.022
   0.97190     -2.684138  0.005  0.018  0.000  0.023
   0.94368     -2.637164  0.005  0.016  0.000  0.022
   0.91545     -2.620524  0.005  0.016  0.000  0.022
   0.91545     -2.620524  0.005  0.016  0.000  0.022
   0.89550     -2.603593  0.006  0.016  0.000  0.024
   0.87554     -2.585455  0.006  0.016  0.000  0.022
   0.85558     -2.566222  0.006  0.014  0.000  0.020
   0.83562     -2.545552  0.004  0.010  0.000  0.016
   0.81567     -2.522913  0.004  0.008  0.000  0.012
   0.79571     -2.497711  0.002  0.008  0.000  0.010
   0.77575     -2.469449  0.000  0.006  0.000  0.008
   0.75579     -2.437914  0.000  0.008  0.000  0.008
   0.73584     -2.403287  0.000  0.010  0.000  0.012
   0.71588     -2.366159  0.000  0.014  0.000  0.014
   0.69592     -2.327475  0.002  0.020  0.000  0.020
   0.67596     -2.288432  0.002  0.024  0.000  0.028
   0.65600     -2.250387  0.004  0.028  0.000  0.032
   0.63605     -2.214786  0.004  0.033  0.000  0.038
   0.61609     -2.183086  0.006  0.036  0.000  0.042
   0.59613     -2.156682  0.006  0.040  0.000  0.046
   0.57617     -2.136810  0.006  0.042  0.000  0.048
   0.55622     -2.124462  0.008  0.043  0.000  0.050
   0.53626     -2.120271  0.008  0.044  0.000  0.050
   0.53626     -2.120271  0.008  0.044  0.000  0.050
   0.50804     -2.137179  0.008  0.044  0.000  0.050
   0.47981     -2.183657  0.008  0.042  0.000  0.050
   0.45159     -2.249461  0.008  0.040  0.000  0.046
   0.42336     -2.323173  0.006  0.038  0.000  0.046
   0.39514     -2.395647  0.006  0.038  0.000  0.044
   0.36691     -2.461127  0.006  0.036  0.000  0.044
   0.33869     -2.516934  0.006  0.037  0.000  0.044
   0.31047     -2.562605  0.006  0.036  0.000  0.042
   0.28224     -2.598943  0.006  0.034  0.000  0.042
   0.25402     -2.627317  0.006  0.034  0.000  0.042
   0.22579     -2.649196  0.006  0.032  0.000  0.040
   0.19757     -2.665910  0.006  0.034  0.000  0.040
   0.16935     -2.678575  0.006  0.032  0.000  0.040
   0.14112     -2.688071  0.006  0.032  0.000  0.038
   0.11290     -2.695067  0.006  0.030  0.000  0.040
   0.08467     -2.700060  0.006  0.032  0.000  0.038
   0.05645     -2.703398  0.006  0.032  0.000  0.038
   0.02822     -2.705311  0.006  0.032  0.000  0.038
   0.00000     -2.705933  0.006  0.032  0.000  0.038
 
# Band-Index:   95
   0.00000      0.154714  0.004  0.293  0.002  0.300
   0.02822      0.151522  0.004  0.293  0.002  0.299
   0.05645      0.141986  0.004  0.293  0.002  0.299
   0.08467      0.126244  0.004  0.289  0.002  0.299
   0.11290      0.104561  0.004  0.287  0.002  0.295
   0.14112      0.077377  0.004  0.283  0.002  0.293
   0.16935      0.045321  0.004  0.279  0.004  0.289
   0.19757      0.009230  0.004  0.275  0.004  0.285
   0.22579     -0.029880  0.003  0.271  0.004  0.279
   0.25402     -0.070848  0.002  0.265  0.004  0.275
   0.28224     -0.112410  0.002  0.261  0.006  0.270
   0.31047     -0.153237  0.002  0.255  0.006  0.265
   0.33869     -0.191965  0.002  0.251  0.006  0.260
   0.36691     -0.227220  0.002  0.247  0.006  0.255
   0.39514     -0.257644  0.002  0.241  0.006  0.251
   0.42336     -0.281921  0.002  0.237  0.006  0.245
   0.45159     -0.298911  0.002  0.231  0.006  0.243
   0.47981     -0.308088  0.002  0.227  0.006  0.238
   0.50804     -0.310683  0.004  0.224  0.006  0.235
   0.53626     -0.310601  0.004  0.223  0.006  0.234
   0.53626     -0.310601  0.004  0.223  0.006  0.234
   0.55622     -0.307890  0.004  0.222  0.006  0.233
   0.57617     -0.299873  0.004  0.220  0.006  0.232
   0.59613     -0.286903  0.004  0.217  0.006  0.229
   0.61609     -0.269551  0.002  0.214  0.004  0.225
   0.63605     -0.248561  0.002  0.210  0.004  0.220
   0.65600     -0.224732  0.002  0.207  0.004  0.213
   0.67596     -0.198718  0.002  0.205  0.004  0.211
   0.69592     -0.170839  0.000  0.205  0.004  0.211
   0.71588     -0.141031  0.000  0.207  0.006  0.215
   0.73584     -0.109004  0.000  0.211  0.006  0.219
   0.75579     -0.074479  0.000  0.217  0.006  0.225
   0.77575     -0.037402  0.000  0.223  0.006  0.231
   0.79571      0.001897  0.001  0.230  0.005  0.237
   0.81567      0.015833  0.000  0.254  0.006  0.260
   0.83562      0.028460  0.000  0.256  0.006  0.263
   0.85558      0.042009  0.000  0.259  0.006  0.265
   0.87554      0.057305  0.000  0.262  0.006  0.268
   0.89550      0.074426  0.000  0.264  0.006  0.272
   0.91545      0.092630  0.001  0.266  0.006  0.274
   0.91545      0.092630  0.001  0.266  0.006  0.274
   0.94368      0.091652  0.001  0.265  0.006  0.273
   0.97190      0.092241  0.001  0.265  0.006  0.272
   1.00013      0.098693  0.001  0.268  0.006  0.275
   1.02835      0.111996  0.001  0.272  0.005  0.280
   1.05657      0.131415  0.000  0.278  0.006  0.285
   1.08480      0.155764  0.000  0.285  0.006  0.291
   1.11302      0.183813  0.000  0.289  0.006  0.297
   1.14125      0.214376  0.000  0.295  0.006  0.304
   1.16947      0.246324  0.000  0.301  0.005  0.307
   1.19769      0.278590  0.001  0.304  0.007  0.312
   1.22592      0.310181  0.001  0.308  0.007  0.316
   1.25414      0.340184  0.001  0.312  0.007  0.319
   1.28237      0.367789  0.001  0.314  0.006  0.322
   1.31059      0.392293  0.001  0.316  0.006  0.324
   1.33882      0.413110  0.001  0.318  0.006  0.325
   1.36704      0.429770  0.001  0.319  0.005  0.325
   1.39526      0.441917  0.001  0.319  0.006  0.327
   1.42349      0.449302  0.001  0.319  0.006  0.327
   1.45171      0.451780  0.001  0.320  0.006  0.327
   1.45171      0.451780  0.001  0.320  0.006  0.327
   1.47167      0.439029  0.002  0.313  0.006  0.321
   1.49163      0.427922  0.002  0.309  0.006  0.316
   1.51159      0.419245  0.002  0.308  0.006  0.314
   1.53154      0.413083  0.002  0.308  0.004  0.314
   1.55150      0.408944  0.000  0.308  0.004  0.313
   1.57146      0.405453  0.000  0.311  0.004  0.316
   1.59142      0.394609  0.001  0.280  0.003  0.287
   1.61137      0.369957  0.000  0.274  0.002  0.279
   1.63133      0.346553  0.000  0.271  0.002  0.276
   1.65129      0.323261  0.000  0.270  0.004  0.274
   1.67125      0.298673  0.002  0.273  0.004  0.278
   1.69120      0.272411  0.002  0.278  0.004  0.283
   1.71116      0.245663  0.004  0.282  0.002  0.288
   1.73112      0.220264  0.004  0.284  0.002  0.293
   1.75108      0.197806  0.004  0.287  0.002  0.295
   1.77103      0.179415  0.004  0.290  0.002  0.297
   1.79099      0.165831  0.004  0.293  0.002  0.297
   1.81095      0.157513  0.004  0.293  0.002  0.299
   1.83091      0.154714  0.004  0.293  0.002  0.300
 
# Band-Index:   96
   1.83091      0.248871  0.000  0.225  0.002  0.225
   1.81095      0.245275  0.002  0.237  0.002  0.241
   1.79099      0.240314  0.002  0.253  0.002  0.261
   1.77103      0.239356  0.004  0.266  0.002  0.272
   1.75108      0.243916  0.004  0.274  0.004  0.282
   1.73112      0.254196  0.005  0.283  0.004  0.289
   1.71116      0.269889  0.006  0.289  0.004  0.295
   1.69120      0.290361  0.006  0.295  0.004  0.304
   1.67125      0.314608  0.006  0.302  0.004  0.311
   1.65129      0.341009  0.006  0.306  0.004  0.317
   1.63133      0.366763  0.006  0.312  0.002  0.321
   1.61137      0.387471  0.004  0.315  0.004  0.322
   1.59142      0.399737  0.002  0.314  0.004  0.320
   1.57146      0.420743  0.002  0.290  0.004  0.296
   1.55150      0.447279  0.002  0.302  0.004  0.311
   1.53154      0.470488  0.002  0.320  0.006  0.329
   1.51159      0.481543  0.002  0.336  0.006  0.344
   1.49163      0.477197  0.002  0.335  0.006  0.343
   1.47167      0.465517  0.002  0.326  0.006  0.335
   1.45171      0.452167  0.001  0.320  0.006  0.326
   1.45171      0.452167  0.001  0.320  0.006  0.326
   1.42349      0.449690  0.001  0.319  0.006  0.327
   1.39526      0.442306  0.001  0.319  0.006  0.327
   1.36704      0.430162  0.001  0.319  0.005  0.325
   1.33882      0.413505  0.001  0.319  0.006  0.324
   1.31059      0.392692  0.001  0.317  0.006  0.323
   1.28237      0.368192  0.001  0.315  0.006  0.322
   1.25414      0.340591  0.001  0.312  0.007  0.319
   1.22592      0.310591  0.001  0.309  0.007  0.316
   1.19769      0.279003  0.001  0.304  0.007  0.313
   1.16947      0.246738  0.000  0.301  0.005  0.308
   1.14125      0.214790  0.000  0.295  0.006  0.303
   1.11302      0.184227  0.000  0.290  0.006  0.297
   1.08480      0.156176  0.000  0.284  0.006  0.292
   1.05657      0.131823  0.000  0.278  0.006  0.285
   1.02835      0.112397  0.001  0.271  0.005  0.280
   1.00013      0.099077  0.001  0.267  0.006  0.274
   0.97190      0.092593  0.001  0.264  0.006  0.272
   0.94368      0.091954  0.001  0.264  0.006  0.273
   0.91545      0.092901  0.001  0.266  0.006  0.274
   0.91545      0.092901  0.001  0.266  0.006  0.274
   0.89550      0.110780  0.002  0.268  0.006  0.276
   0.87554      0.124202  0.004  0.260  0.006  0.272
   0.85558      0.116820  0.006  0.245  0.004  0.257
   0.83562      0.083058  0.004  0.242  0.006  0.253
   0.81567      0.042689  0.002  0.236  0.006  0.246
   0.79571      0.002391  0.002  0.248  0.005  0.255
   0.77575     -0.014661  0.004  0.246  0.006  0.253
   0.75579     -0.037866  0.004  0.239  0.006  0.253
   0.73584     -0.067605  0.006  0.235  0.006  0.249
   0.71588     -0.101573  0.006  0.231  0.008  0.245
   0.69592     -0.136763  0.004  0.227  0.008  0.239
   0.67596     -0.170799  0.004  0.221  0.008  0.233
   0.65600     -0.202069  0.002  0.213  0.004  0.225
   0.63605     -0.229515  0.002  0.205  0.004  0.215
   0.61609     -0.252455  0.002  0.197  0.005  0.204
   0.59613     -0.270479  0.000  0.190  0.006  0.196
   0.57617     -0.283385  0.000  0.183  0.006  0.189
   0.55622     -0.291120  0.000  0.179  0.004  0.182
   0.53626     -0.293694  0.000  0.177  0.004  0.180
   0.53626     -0.293694  0.000  0.177  0.004  0.180
   0.50804     -0.289813  0.000  0.177  0.004  0.180
   0.47981     -0.278297  0.000  0.177  0.004  0.183
   0.45159     -0.259518  0.000  0.180  0.004  0.183
   0.42336     -0.234074  0.000  0.181  0.004  0.185
   0.39514     -0.202758  0.000  0.185  0.004  0.188
   0.36691     -0.166515  0.000  0.189  0.004  0.192
   0.33869     -0.126412  0.000  0.190  0.004  0.193
   0.31047     -0.083594  0.000  0.194  0.004  0.197
   0.28224     -0.039256  0.000  0.198  0.004  0.201
   0.25402      0.005394  0.000  0.202  0.004  0.205
   0.22579      0.049163  0.000  0.206  0.004  0.209
   0.19757      0.090901  0.000  0.210  0.004  0.213
   0.16935      0.129520  0.000  0.213  0.002  0.215
   0.14112      0.164023  0.000  0.217  0.002  0.219
   0.11290      0.193523  0.000  0.219  0.002  0.221
   0.08467      0.217276  0.000  0.221  0.002  0.223
   0.05645      0.234680  0.000  0.222  0.002  0.224
   0.02822      0.245301  0.000  0.225  0.002  0.225
   0.00000      0.248871  0.000  0.225  0.002  0.225
 
# Band-Index:   97
   0.00000      0.296306  0.010  0.343  0.004  0.357
   0.02822      0.293797  0.009  0.343  0.004  0.357
   0.05645      0.286273  0.008  0.344  0.004  0.358
   0.08467      0.273764  0.008  0.344  0.004  0.357
   0.11290      0.256382  0.008  0.345  0.006  0.358
   0.14112      0.234378  0.008  0.343  0.006  0.357
   0.16935      0.208198  0.008  0.343  0.008  0.355
   0.19757      0.178493  0.008  0.341  0.008  0.353
   0.22579      0.146105  0.008  0.335  0.008  0.350
   0.25402      0.112025  0.006  0.331  0.008  0.345
   0.28224      0.077334  0.006  0.326  0.008  0.341
   0.31047      0.043151  0.006  0.321  0.010  0.339
   0.33869      0.010591  0.006  0.317  0.010  0.333
   0.36691     -0.019271  0.006  0.309  0.010  0.327
   0.39514     -0.045398  0.006  0.301  0.010  0.319
   0.42336     -0.066766  0.006  0.291  0.010  0.311
   0.45159     -0.082241  0.008  0.277  0.010  0.295
   0.47981     -0.090234  0.006  0.252  0.009  0.269
   0.50804     -0.087983  0.010  0.197  0.008  0.214
   0.53626     -0.078068  0.010  0.099  0.004  0.113
   0.53626     -0.078068  0.010  0.099  0.004  0.113
   0.55622     -0.076453  0.010  0.099  0.004  0.113
   0.57617     -0.071625  0.010  0.101  0.004  0.115
   0.59613     -0.063642  0.010  0.102  0.004  0.117
   0.61609     -0.052595  0.010  0.105  0.004  0.121
   0.63605     -0.038612  0.010  0.108  0.004  0.124
   0.65600     -0.021855  0.010  0.112  0.004  0.128
   0.67596     -0.002520  0.010  0.118  0.004  0.135
   0.69592      0.019162  0.012  0.124  0.004  0.142
   0.71588      0.042922  0.012  0.134  0.004  0.153
   0.73584      0.068443  0.013  0.146  0.005  0.166
   0.75579      0.095349  0.014  0.162  0.007  0.184
   0.77575      0.123178  0.016  0.184  0.008  0.209
   0.79571      0.151347  0.019  0.213  0.010  0.242
   0.81567      0.169190  0.006  0.319  0.008  0.333
   0.83562      0.168772  0.002  0.318  0.008  0.330
   0.85558      0.166695  0.000  0.319  0.010  0.330
   0.87554      0.183441  0.002  0.311  0.008  0.323
   0.89550      0.213492  0.006  0.310  0.008  0.327
   0.91545      0.239474  0.009  0.322  0.007  0.337
   0.91545      0.239474  0.009  0.322  0.007  0.337
   0.94368      0.235429  0.010  0.335  0.008  0.354
   0.97190      0.237252  0.009  0.329  0.008  0.346
   1.00013      0.247056  0.008  0.328  0.009  0.343
   1.02835      0.263186  0.008  0.329  0.008  0.344
   1.05657      0.284366  0.007  0.329  0.008  0.345
   1.08480      0.309586  0.007  0.331  0.008  0.346
   1.11302      0.337920  0.008  0.333  0.007  0.348
   1.14125      0.368451  0.008  0.337  0.006  0.353
   1.16947      0.400247  0.008  0.340  0.007  0.355
   1.19769      0.432376  0.009  0.343  0.007  0.358
   1.22592      0.463917  0.009  0.346  0.006  0.360
   1.25414      0.493990  0.009  0.349  0.006  0.364
   1.28237      0.521776  0.010  0.350  0.007  0.367
   1.31059      0.546546  0.010  0.353  0.005  0.369
   1.33882      0.567669  0.010  0.355  0.004  0.370
   1.36704      0.584631  0.011  0.355  0.004  0.372
   1.39526      0.597029  0.011  0.358  0.004  0.373
   1.42349      0.604580  0.011  0.358  0.004  0.373
   1.45171      0.607116  0.011  0.358  0.004  0.373
   1.45171      0.607116  0.011  0.358  0.004  0.373
   1.47167      0.587689  0.010  0.342  0.002  0.357
   1.49163      0.564195  0.009  0.328  0.002  0.342
   1.51159      0.543223  0.008  0.322  0.002  0.333
   1.53154      0.532682  0.008  0.336  0.004  0.350
   1.55150      0.528344  0.008  0.354  0.004  0.367
   1.57146      0.520353  0.009  0.364  0.004  0.378
   1.59142      0.505000  0.010  0.365  0.004  0.380
   1.61137      0.483015  0.010  0.361  0.004  0.377
   1.63133      0.457661  0.010  0.357  0.004  0.369
   1.65129      0.433418  0.010  0.347  0.004  0.362
   1.67125      0.414531  0.010  0.337  0.002  0.352
   1.69120      0.403417  0.008  0.329  0.002  0.341
   1.71116      0.400110  0.006  0.323  0.004  0.333
   1.73112      0.403230  0.004  0.322  0.004  0.330
   1.75108      0.386042  0.004  0.322  0.004  0.329
   1.77103      0.355876  0.004  0.318  0.004  0.326
   1.79099      0.327850  0.006  0.321  0.004  0.331
   1.81095      0.305758  0.008  0.333  0.004  0.344
   1.83091      0.296306  0.010  0.343  0.004  0.357
 
# Band-Index:   98
   1.83091      0.441476  0.000  0.343  0.004  0.348
   1.81095      0.438680  0.000  0.341  0.004  0.345
   1.79099      0.431153  0.000  0.335  0.004  0.340
   1.77103      0.421039  0.002  0.329  0.004  0.336
   1.75108      0.410922  0.002  0.323  0.004  0.332
   1.73112      0.414996  0.002  0.330  0.004  0.336
   1.71116      0.439424  0.002  0.336  0.006  0.343
   1.69120      0.456928  0.000  0.340  0.006  0.347
   1.67125      0.467190  0.000  0.339  0.004  0.345
   1.65129      0.472466  0.002  0.335  0.004  0.343
   1.63133      0.477215  0.004  0.332  0.004  0.341
   1.61137      0.487387  0.006  0.331  0.004  0.343
   1.59142      0.507178  0.009  0.336  0.004  0.351
   1.57146      0.534508  0.010  0.346  0.004  0.362
   1.55150      0.563966  0.012  0.358  0.004  0.374
   1.53154      0.590631  0.012  0.367  0.002  0.385
   1.51159      0.610475  0.013  0.376  0.004  0.393
   1.49163      0.620448  0.012  0.376  0.004  0.395
   1.47167      0.619153  0.012  0.370  0.002  0.388
   1.45171      0.607592  0.011  0.358  0.004  0.373
   1.45171      0.607592  0.011  0.358  0.004  0.373
   1.42349      0.605058  0.011  0.358  0.004  0.373
   1.39526      0.597509  0.011  0.357  0.004  0.373
   1.36704      0.585115  0.011  0.355  0.004  0.372
   1.33882      0.568160  0.010  0.355  0.004  0.370
   1.31059      0.547043  0.010  0.353  0.005  0.369
   1.28237      0.522279  0.010  0.350  0.007  0.367
   1.25414      0.494498  0.009  0.349  0.006  0.364
   1.22592      0.464430  0.009  0.346  0.006  0.360
   1.19769      0.432891  0.009  0.343  0.007  0.358
   1.16947      0.400762  0.008  0.340  0.007  0.355
   1.14125      0.368963  0.008  0.337  0.006  0.352
   1.11302      0.338427  0.008  0.334  0.007  0.349
   1.08480      0.310084  0.007  0.331  0.008  0.347
   1.05657      0.284851  0.007  0.329  0.008  0.345
   1.02835      0.263652  0.008  0.328  0.008  0.343
   1.00013      0.247494  0.008  0.327  0.009  0.343
   0.97190      0.237653  0.009  0.329  0.008  0.346
   0.94368      0.235807  0.010  0.335  0.008  0.354
   0.91545      0.239889  0.009  0.320  0.007  0.337
   0.91545      0.239889  0.009  0.320  0.007  0.337
   0.89550      0.256096  0.012  0.331  0.008  0.348
   0.87554      0.248307  0.039  0.461  0.020  0.520
   0.85558      0.228986  0.032  0.378  0.016  0.426
   0.83562      0.205399  0.026  0.307  0.013  0.347
   0.81567      0.179090  0.022  0.253  0.011  0.287
   0.79571      0.161274  0.008  0.321  0.008  0.336
   0.77575      0.140671  0.005  0.315  0.011  0.331
   0.75579      0.117607  0.003  0.310  0.011  0.326
   0.73584      0.089084  0.012  0.313  0.008  0.335
   0.71588      0.057983  0.010  0.311  0.008  0.332
   0.69592      0.028729  0.010  0.307  0.010  0.329
   0.67596      0.003683  0.008  0.305  0.010  0.325
   0.65600     -0.015791  0.006  0.302  0.010  0.321
   0.63605     -0.029402  0.004  0.299  0.010  0.315
   0.61609     -0.037765  0.004  0.297  0.008  0.309
   0.59613     -0.042081  0.002  0.295  0.010  0.305
   0.57617     -0.043774  0.000  0.293  0.010  0.303
   0.55622     -0.044166  0.000  0.293  0.010  0.303
   0.53626     -0.044186  0.000  0.293  0.010  0.302
   0.53626     -0.044186  0.000  0.293  0.010  0.302
   0.50804     -0.040913  0.000  0.293  0.010  0.303
   0.47981     -0.031182  0.000  0.293  0.010  0.305
   0.45159     -0.015255  0.000  0.296  0.010  0.305
   0.42336      0.006447  0.000  0.299  0.010  0.308
   0.39514      0.033344  0.000  0.301  0.010  0.311
   0.36691      0.064724  0.000  0.305  0.010  0.315
   0.33869      0.099753  0.000  0.307  0.008  0.317
   0.31047      0.137497  0.000  0.311  0.008  0.319
   0.28224      0.176945  0.000  0.317  0.006  0.323
   0.25402      0.217033  0.000  0.319  0.006  0.326
   0.22579      0.256672  0.000  0.325  0.006  0.331
   0.19757      0.294774  0.000  0.329  0.006  0.335
   0.16935      0.330283  0.000  0.331  0.006  0.337
   0.14112      0.362207  0.000  0.335  0.006  0.341
   0.11290      0.389648  0.000  0.337  0.004  0.343
   0.08467      0.411836  0.000  0.341  0.004  0.346
   0.05645      0.428146  0.000  0.343  0.004  0.347
   0.02822      0.438121  0.000  0.343  0.004  0.347
   0.00000      0.441476  0.000  0.343  0.004  0.348
 
# Band-Index:   99
   0.00000      0.974669  0.026  0.018  0.004  0.052
   0.02822      0.975526  0.026  0.020  0.004  0.052
   0.05645      0.977671  0.026  0.022  0.006  0.056
   0.08467      0.979898  0.024  0.028  0.006  0.060
   0.11290      0.980464  0.026  0.038  0.006  0.068
   0.14112      0.977521  0.024  0.049  0.006  0.080
   0.16935      0.969664  0.022  0.063  0.006  0.090
   0.19757      0.956320  0.020  0.076  0.008  0.102
   0.22579      0.935299  0.000  0.200  0.010  0.210
   0.25402      0.896069  0.000  0.198  0.010  0.210
   0.28224      0.856828  0.000  0.198  0.010  0.208
   0.31047      0.818661  0.000  0.196  0.010  0.210
   0.33869      0.782570  0.000  0.198  0.012  0.208
   0.36691      0.749455  0.000  0.196  0.012  0.210
   0.39514      0.617421  0.015  0.105  0.005  0.123
   0.42336      0.419704  0.014  0.111  0.004  0.128
   0.45159      0.244527  0.012  0.122  0.004  0.138
   0.47981      0.102400  0.012  0.146  0.005  0.164
   0.50804      0.003121  0.012  0.197  0.008  0.217
   0.53626     -0.040484  0.010  0.294  0.010  0.317
   0.53626     -0.040484  0.010  0.294  0.010  0.317
   0.55622     -0.036780  0.010  0.293  0.010  0.316
   0.57617     -0.026148  0.010  0.293  0.010  0.315
   0.59613     -0.009965  0.008  0.292  0.010  0.311
   0.61609      0.009683  0.006  0.292  0.010  0.309
   0.63605      0.030321  0.006  0.294  0.008  0.309
   0.65600      0.049574  0.004  0.297  0.008  0.309
   0.67596      0.065809  0.002  0.299  0.010  0.311
   0.69592      0.078739  0.000  0.302  0.010  0.313
   0.71588      0.089690  0.000  0.305  0.008  0.315
   0.73584      0.101457  0.000  0.307  0.008  0.320
   0.75579      0.118914  0.011  0.317  0.007  0.337
   0.77575      0.143996  0.010  0.317  0.006  0.339
   0.79571      0.169818  0.008  0.319  0.009  0.338
   0.81567      0.194840  0.029  0.342  0.015  0.386
   0.83562      0.214202  0.032  0.372  0.015  0.421
   0.85558      0.232793  0.036  0.416  0.017  0.469
   0.87554      0.249406  0.040  0.475  0.021  0.536
   0.89550      0.261521  0.045  0.542  0.022  0.610
   0.91545      0.266413  0.049  0.581  0.025  0.655
   0.91545      0.266413  0.049  0.581  0.025  0.655
   0.94368      0.299862  0.047  0.559  0.022  0.629
   0.97190      0.386783  0.049  0.557  0.025  0.631
   1.00013      0.518987  0.049  0.555  0.027  0.631
   1.02835      0.685793  0.046  0.539  0.029  0.614
   1.05657      0.852120  0.020  0.327  0.024  0.371
   1.08480      0.910295  0.006  0.120  0.013  0.140
   1.11302      0.941463  0.007  0.100  0.012  0.119
   1.14125      0.971696  0.008  0.091  0.011  0.111
   1.16947      1.002652  0.008  0.086  0.009  0.105
   1.19769      1.034077  0.008  0.080  0.010  0.098
   1.22592      1.065314  0.009  0.075  0.009  0.094
   1.25414      1.095562  0.009  0.070  0.008  0.088
   1.28237      1.123975  0.009  0.066  0.008  0.083
   1.31059      1.149710  0.009  0.061  0.008  0.078
   1.33882      1.171977  0.009  0.056  0.008  0.073
   1.36704      1.190079  0.009  0.053  0.008  0.071
   1.39526      1.203438  0.009  0.052  0.007  0.068
   1.42349      1.211628  0.009  0.051  0.007  0.068
   1.45171      1.214387  0.009  0.051  0.007  0.066
   1.45171      1.214387  0.009  0.051  0.007  0.066
   1.47167      1.206240  0.012  0.062  0.006  0.080
   1.49163      1.187244  0.014  0.068  0.006  0.086
   1.51159      1.158435  0.014  0.066  0.006  0.084
   1.53154      1.126300  0.013  0.057  0.006  0.075
   1.55150      1.098390  0.012  0.048  0.006  0.067
   1.57146      1.080566  0.010  0.044  0.006  0.062
   1.59142      1.075923  0.010  0.046  0.006  0.062
   1.61137      1.084624  0.008  0.054  0.006  0.072
   1.63133      1.104679  0.006  0.065  0.006  0.080
   1.65129      1.069303  0.018  0.042  0.008  0.064
   1.67125      1.021212  0.020  0.038  0.006  0.062
   1.69120      0.988105  0.018  0.042  0.006  0.066
   1.71116      0.972224  0.018  0.052  0.006  0.074
   1.73112      0.973419  0.018  0.064  0.006  0.089
   1.75108      0.989489  0.016  0.082  0.005  0.104
   1.77103      1.017324  0.015  0.102  0.006  0.122
   1.79099      1.008635  0.024  0.028  0.006  0.060
   1.81095      0.983377  0.026  0.022  0.004  0.054
   1.83091      0.974669  0.026  0.018  0.004  0.052
 
# Band-Index:  100
   1.83091      1.122821  0.000  0.200  0.008  0.212
   1.81095      1.094685  0.008  0.148  0.006  0.166
   1.79099      1.053718  0.014  0.120  0.006  0.140
   1.77103      1.048290  0.024  0.038  0.006  0.069
   1.75108      1.099759  0.022  0.046  0.006  0.076
   1.73112      1.160623  0.022  0.052  0.006  0.082
   1.71116      1.227399  0.028  0.026  0.004  0.058
   1.69120      1.203031  0.008  0.090  0.008  0.104
   1.67125      1.166960  0.006  0.084  0.008  0.100
   1.65129      1.133154  0.008  0.075  0.008  0.091
   1.63133      1.128287  0.016  0.049  0.008  0.070
   1.61137      1.192189  0.012  0.060  0.006  0.080
   1.59142      1.250034  0.010  0.070  0.006  0.087
   1.57146      1.280477  0.004  0.072  0.008  0.084
   1.55150      1.275063  0.004  0.056  0.010  0.068
   1.53154      1.255002  0.002  0.038  0.010  0.052
   1.51159      1.235826  0.002  0.030  0.008  0.040
   1.49163      1.223330  0.004  0.028  0.006  0.042
   1.47167      1.217713  0.007  0.037  0.008  0.051
   1.45171      1.214610  0.009  0.050  0.007  0.066
   1.45171      1.214610  0.009  0.050  0.007  0.066
   1.42349      1.211850  0.009  0.051  0.007  0.067
   1.39526      1.203656  0.009  0.052  0.007  0.068
   1.36704      1.190291  0.009  0.053  0.008  0.070
   1.33882      1.172182  0.009  0.056  0.008  0.073
   1.31059      1.149906  0.009  0.061  0.008  0.078
   1.28237      1.124162  0.009  0.066  0.008  0.083
   1.25414      1.095740  0.009  0.070  0.008  0.088
   1.22592      1.065482  0.009  0.075  0.009  0.093
   1.19769      1.034237  0.008  0.080  0.010  0.099
   1.16947      1.002805  0.008  0.087  0.009  0.105
   1.14125      0.971842  0.008  0.091  0.011  0.111
   1.11302      0.941601  0.007  0.100  0.012  0.119
   1.08480      0.910423  0.006  0.119  0.013  0.139
   1.05657      0.852274  0.019  0.325  0.024  0.370
   1.02835      0.685984  0.046  0.539  0.029  0.614
   1.00013      0.519173  0.049  0.555  0.027  0.630
   0.97190      0.386973  0.049  0.557  0.025  0.631
   0.94368      0.300055  0.047  0.559  0.022  0.629
   0.91545      0.266580  0.049  0.581  0.025  0.655
   0.91545      0.266580  0.049  0.581  0.025  0.655
   0.89550      0.261809  0.045  0.544  0.022  0.613
   0.87554      0.259825  0.014  0.336  0.007  0.354
   0.85558      0.250311  0.014  0.336  0.008  0.357
   0.83562      0.229476  0.013  0.332  0.010  0.352
   0.81567      0.201075  0.012  0.325  0.010  0.346
   0.79571      0.175399  0.027  0.320  0.014  0.362
   0.77575      0.156321  0.027  0.303  0.013  0.342
   0.75579      0.137919  0.026  0.291  0.012  0.329
   0.73584      0.120436  0.025  0.282  0.012  0.317
   0.71588      0.104071  0.024  0.275  0.012  0.309
   0.69592      0.088991  0.024  0.269  0.012  0.302
   0.67596      0.075343  0.024  0.264  0.011  0.296
   0.65600      0.063256  0.023  0.260  0.010  0.292
   0.63605      0.052838  0.023  0.256  0.010  0.288
   0.61609      0.044186  0.022  0.254  0.010  0.286
   0.59613      0.037375  0.022  0.252  0.010  0.284
   0.57617      0.032466  0.022  0.250  0.010  0.282
   0.55622      0.029503  0.022  0.250  0.010  0.281
   0.53626      0.028513  0.022  0.249  0.010  0.281
   0.53626      0.028513  0.022  0.249  0.010  0.281
   0.50804      0.061160  0.022  0.248  0.010  0.279
   0.47981      0.152754  0.023  0.242  0.012  0.275
   0.45159      0.290240  0.023  0.236  0.011  0.271
   0.42336      0.460097  0.022  0.228  0.012  0.262
   0.39514      0.646336  0.018  0.215  0.014  0.246
   0.36691      0.786112  0.008  0.153  0.012  0.174
   0.33869      0.830680  0.012  0.122  0.008  0.144
   0.31047      0.861153  0.014  0.112  0.008  0.134
   0.28224      0.889151  0.016  0.108  0.008  0.128
   0.25402      0.915019  0.016  0.098  0.008  0.122
   0.22579      0.937797  0.018  0.088  0.008  0.112
   0.19757      0.973388  0.000  0.198  0.010  0.210
   0.16935      1.009192  0.000  0.200  0.010  0.210
   0.14112      1.041606  0.000  0.200  0.010  0.210
   0.11290      1.069620  0.000  0.200  0.008  0.211
   0.08467      1.092357  0.000  0.202  0.008  0.210
   0.05645      1.109110  0.000  0.202  0.008  0.210
   0.02822      1.119368  0.000  0.201  0.008  0.212
   0.00000      1.122821  0.000  0.200  0.008  0.212
 
# Band-Index:  101
   0.00000      1.181234  0.033  0.020  0.004  0.057
   0.02822      1.184160  0.034  0.020  0.004  0.058
   0.05645      1.192897  0.034  0.020  0.004  0.056
   0.08467      1.207304  0.034  0.018  0.004  0.054
   0.11290      1.227066  0.032  0.014  0.004  0.054
   0.14112      1.251597  0.034  0.010  0.004  0.052
   0.16935      1.279887  0.034  0.010  0.004  0.048
   0.19757      1.310258  0.036  0.008  0.004  0.048
   0.22579      1.339738  0.038  0.010  0.004  0.050
   0.25402      1.361600  0.036  0.022  0.004  0.061
   0.28224      1.350709  0.038  0.051  0.002  0.091
   0.31047      1.234819  0.024  0.093  0.004  0.124
   0.33869      1.040008  0.019  0.100  0.006  0.123
   0.36691      0.827751  0.017  0.103  0.006  0.123
   0.39514      0.720106  0.000  0.196  0.012  0.208
   0.42336      0.655827  0.030  0.328  0.018  0.374
   0.45159      0.485004  0.030  0.336  0.016  0.381
   0.47981      0.351100  0.030  0.338  0.014  0.382
   0.50804      0.264895  0.028  0.340  0.012  0.384
   0.53626      0.235019  0.028  0.340  0.012  0.384
   0.53626      0.235019  0.028  0.340  0.012  0.384
   0.55622      0.235409  0.028  0.339  0.012  0.383
   0.57617      0.236578  0.028  0.338  0.012  0.382
   0.59613      0.238518  0.028  0.338  0.012  0.382
   0.61609      0.241221  0.028  0.338  0.012  0.382
   0.63605      0.244673  0.028  0.338  0.012  0.382
   0.65600      0.248859  0.028  0.336  0.012  0.380
   0.67596      0.253764  0.028  0.334  0.012  0.378
   0.69592      0.259374  0.028  0.332  0.014  0.375
   0.71588      0.265678  0.028  0.329  0.014  0.371
   0.73584      0.272672  0.028  0.324  0.014  0.366
   0.75579      0.280362  0.026  0.317  0.014  0.359
   0.77575      0.288760  0.026  0.306  0.014  0.346
   0.79571      0.297874  0.024  0.290  0.013  0.328
   0.81567      0.307641  0.022  0.267  0.012  0.302
   0.83562      0.317749  0.019  0.233  0.011  0.264
   0.85558      0.327172  0.015  0.184  0.009  0.208
   0.87554      0.333714  0.009  0.115  0.006  0.132
   0.89550      0.335521  0.003  0.039  0.002  0.044
   0.91545      0.334862  0.000  0.001  0.001  0.002
   0.91545      0.334862  0.000  0.001  0.001  0.002
   0.94368      0.365669  0.000  0.010  0.002  0.012
   0.97190      0.448843  0.000  0.017  0.002  0.019
   1.00013      0.571790  0.000  0.016  0.002  0.021
   1.02835      0.724045  0.000  0.014  0.004  0.020
   1.05657      0.893106  0.005  0.063  0.008  0.077
   1.08480      1.073270  0.003  0.042  0.011  0.054
   1.11302      1.234231  0.002  0.020  0.016  0.037
   1.14125      1.347674  0.004  0.017  0.021  0.044
   1.16947      1.415379  0.007  0.017  0.023  0.047
   1.19769      1.461214  0.007  0.015  0.024  0.046
   1.22592      1.498106  0.008  0.014  0.020  0.043
   1.25414      1.530423  0.008  0.013  0.019  0.040
   1.28237      1.559374  0.009  0.013  0.017  0.039
   1.31059      1.585012  0.009  0.012  0.015  0.035
   1.33882      1.606951  0.009  0.012  0.013  0.033
   1.36704      1.624677  0.008  0.012  0.011  0.034
   1.39526      1.637710  0.009  0.012  0.010  0.034
   1.42349      1.645679  0.009  0.013  0.010  0.034
   1.45171      1.648359  0.009  0.013  0.009  0.033
   1.45171      1.648359  0.009  0.013  0.009  0.033
   1.47167      1.630437  0.008  0.014  0.008  0.032
   1.49163      1.631812  0.006  0.018  0.008  0.034
   1.51159      1.646683  0.016  0.016  0.010  0.038
   1.53154      1.587055  0.018  0.018  0.008  0.040
   1.55150      1.520781  0.018  0.014  0.008  0.040
   1.57146      1.470377  0.018  0.010  0.008  0.034
   1.59142      1.458756  0.014  0.022  0.006  0.044
   1.61137      1.476888  0.012  0.046  0.006  0.064
   1.63133      1.501557  0.014  0.062  0.004  0.078
   1.65129      1.463750  0.016  0.076  0.006  0.099
   1.67125      1.382160  0.018  0.075  0.006  0.100
   1.69120      1.303647  0.019  0.076  0.006  0.100
   1.71116      1.240468  0.002  0.136  0.010  0.150
   1.73112      1.270129  0.008  0.104  0.006  0.122
   1.75108      1.294009  0.010  0.100  0.004  0.114
   1.77103      1.309000  0.010  0.091  0.002  0.104
   1.79099      1.264697  0.022  0.094  0.006  0.120
   1.81095      1.212924  0.026  0.070  0.004  0.100
   1.83091      1.181234  0.033  0.020  0.004  0.057
 
# Band-Index:  102
   1.83091      1.319497  0.010  0.074  0.000  0.084
   1.81095      1.318937  0.010  0.076  0.000  0.086
   1.79099      1.316304  0.010  0.081  0.002  0.092
   1.77103      1.319558  0.020  0.103  0.006  0.128
   1.75108      1.374123  0.022  0.106  0.002  0.130
   1.73112      1.425672  0.022  0.106  0.002  0.130
   1.71116      1.470632  0.020  0.104  0.000  0.124
   1.69120      1.504141  0.019  0.098  0.000  0.118
   1.67125      1.521027  0.018  0.089  0.000  0.108
   1.65129      1.519038  0.016  0.076  0.002  0.096
   1.63133      1.546697  0.014  0.075  0.006  0.098
   1.61137      1.628238  0.014  0.074  0.004  0.094
   1.59142      1.701181  0.014  0.074  0.002  0.088
   1.57146      1.741429  0.012  0.070  0.000  0.082
   1.55150      1.727003  0.008  0.058  0.006  0.072
   1.53154      1.689490  0.008  0.044  0.008  0.058
   1.51159      1.653754  0.006  0.028  0.008  0.044
   1.49163      1.678431  0.012  0.012  0.010  0.038
   1.47167      1.672531  0.012  0.014  0.008  0.036
   1.45171      1.648360  0.009  0.013  0.009  0.033
   1.45171      1.648360  0.009  0.013  0.009  0.033
   1.42349      1.645681  0.009  0.013  0.010  0.034
   1.39526      1.637721  0.009  0.012  0.010  0.034
   1.36704      1.624703  0.008  0.012  0.011  0.034
   1.33882      1.606997  0.009  0.012  0.013  0.033
   1.31059      1.585085  0.009  0.012  0.015  0.035
   1.28237      1.559481  0.009  0.013  0.017  0.039
   1.25414      1.530572  0.008  0.013  0.019  0.040
   1.22592      1.498314  0.008  0.014  0.020  0.043
   1.19769      1.461511  0.007  0.015  0.024  0.046
   1.16947      1.415838  0.007  0.017  0.023  0.047
   1.14125      1.348458  0.004  0.017  0.021  0.044
   1.11302      1.235467  0.002  0.020  0.016  0.037
   1.08480      1.074719  0.003  0.044  0.011  0.057
   1.05657      0.894626  0.005  0.063  0.009  0.078
   1.02835      0.725771  0.000  0.014  0.004  0.020
   1.00013      0.573528  0.000  0.015  0.002  0.021
   0.97190      0.450597  0.000  0.016  0.002  0.019
   0.94368      0.367461  0.000  0.010  0.002  0.012
   0.91545      0.336699  0.000  0.001  0.001  0.002
   0.91545      0.336699  0.000  0.001  0.001  0.002
   0.89550      0.338519  0.003  0.037  0.002  0.043
   0.87554      0.344094  0.009  0.107  0.006  0.121
   0.85558      0.351644  0.013  0.165  0.008  0.186
   0.83562      0.359860  0.016  0.206  0.010  0.232
   0.81567      0.368169  0.018  0.234  0.012  0.264
   0.79571      0.376308  0.020  0.254  0.012  0.286
   0.77575      0.384146  0.022  0.269  0.012  0.303
   0.75579      0.391599  0.022  0.279  0.012  0.313
   0.73584      0.398604  0.022  0.287  0.014  0.323
   0.71588      0.405111  0.024  0.294  0.014  0.330
   0.69592      0.411073  0.024  0.299  0.012  0.336
   0.67596      0.416447  0.024  0.303  0.012  0.341
   0.65600      0.421193  0.024  0.306  0.012  0.342
   0.63605      0.425275  0.024  0.308  0.012  0.344
   0.61609      0.428661  0.024  0.310  0.012  0.346
   0.59613      0.431323  0.024  0.311  0.012  0.347
   0.57617      0.433240  0.024  0.312  0.012  0.349
   0.55622      0.434397  0.024  0.313  0.012  0.349
   0.53626      0.434783  0.024  0.313  0.012  0.349
   0.53626      0.434783  0.024  0.313  0.012  0.349
   0.50804      0.462316  0.024  0.313  0.012  0.349
   0.47981      0.542114  0.024  0.311  0.014  0.350
   0.45159      0.665349  0.022  0.300  0.016  0.338
   0.42336      0.695190  0.000  0.196  0.012  0.208
   0.39514      0.808231  0.020  0.120  0.006  0.149
   0.36691      0.901063  0.032  0.171  0.006  0.210
   0.33869      1.095248  0.027  0.189  0.010  0.228
   0.31047      1.299381  0.028  0.187  0.012  0.227
   0.28224      1.474361  0.035  0.168  0.010  0.214
   0.25402      1.508288  0.034  0.070  0.004  0.108
   0.22579      1.476598  0.026  0.058  0.002  0.088
   0.19757      1.440436  0.026  0.058  0.002  0.086
   0.16935      1.407280  0.020  0.064  0.002  0.086
   0.14112      1.379201  0.018  0.070  0.000  0.088
   0.11290      1.356819  0.014  0.070  0.000  0.090
   0.08467      1.340044  0.012  0.074  0.000  0.088
   0.05645      1.328481  0.012  0.074  0.000  0.086
   0.02822      1.321721  0.010  0.074  0.000  0.084
   0.00000      1.319497  0.010  0.074  0.000  0.084
 
# Band-Index:  103
   0.00000      1.630767  0.008  0.044  0.000  0.052
   0.02822      1.633176  0.008  0.043  0.000  0.052
   0.05645      1.640755  0.008  0.040  0.000  0.048
   0.08467      1.654449  0.008  0.034  0.000  0.041
   0.11290      1.675453  0.006  0.028  0.000  0.034
   0.14112      1.704631  0.008  0.022  0.000  0.026
   0.16935      1.741521  0.006  0.018  0.000  0.024
   0.19757      1.723572  0.000  0.106  0.018  0.124
   0.22579      1.687473  0.000  0.108  0.016  0.126
   0.25402      1.650493  0.000  0.110  0.016  0.126
   0.28224      1.559235  0.008  0.028  0.008  0.044
   0.31047      1.476856  0.028  0.056  0.002  0.087
   0.33869      1.285890  0.026  0.274  0.016  0.318
   0.36691      1.066153  0.028  0.300  0.018  0.346
   0.39514      0.852841  0.030  0.316  0.016  0.362
   0.42336      0.772522  0.014  0.138  0.010  0.164
   0.45159      0.675250  0.000  0.198  0.012  0.208
   0.47981      0.660709  0.000  0.196  0.012  0.208
   0.50804      0.651864  0.000  0.196  0.012  0.208
   0.53626      0.632019  0.010  0.147  0.006  0.163
   0.53626      0.632019  0.010  0.147  0.006  0.163
   0.55622      0.631008  0.010  0.146  0.006  0.162
   0.57617      0.627982  0.010  0.146  0.006  0.162
   0.59613      0.622976  0.010  0.144  0.006  0.160
   0.61609      0.616040  0.010  0.142  0.006  0.158
   0.63605      0.607251  0.010  0.140  0.006  0.156
   0.65600      0.596704  0.010  0.136  0.006  0.152
   0.67596      0.584514  0.010  0.132  0.006  0.146
   0.69592      0.570819  0.010  0.127  0.006  0.141
   0.71588      0.555780  0.010  0.121  0.005  0.135
   0.73584      0.539590  0.008  0.114  0.004  0.126
   0.75579      0.522489  0.008  0.104  0.004  0.116
   0.77575      0.504785  0.008  0.091  0.004  0.103
   0.79571      0.486914  0.006  0.077  0.004  0.088
   0.81567      0.469558  0.004  0.060  0.002  0.069
   0.83562      0.453894  0.004  0.040  0.002  0.046
   0.85558      0.442084  0.002  0.020  0.000  0.022
   0.87554      0.437692  0.000  0.004  0.000  0.004
   0.89550      0.444117  0.000  0.000  0.000  0.000
   0.91545      0.460687  0.000  0.000  0.000  0.000
   0.91545      0.460687  0.000  0.000  0.000  0.000
   0.94368      0.489748  0.000  0.000  0.000  0.000
   0.97190      0.573893  0.000  0.000  0.000  0.001
   1.00013      0.705435  0.000  0.001  0.000  0.001
   1.02835      0.870635  0.002  0.022  0.001  0.026
   1.05657      0.944323  0.038  0.276  0.012  0.326
   1.08480      1.125495  0.053  0.492  0.027  0.571
   1.11302      1.349536  0.053  0.521  0.031  0.605
   1.14125      1.581670  0.051  0.513  0.032  0.596
   1.16947      1.778417  0.017  0.063  0.007  0.089
   1.19769      1.885349  0.010  0.022  0.010  0.043
   1.22592      1.946914  0.010  0.022  0.013  0.043
   1.25414      1.983392  0.009  0.026  0.013  0.047
   1.28237      2.008807  0.007  0.033  0.009  0.050
   1.31059      2.028291  0.008  0.040  0.008  0.055
   1.33882      2.043628  0.007  0.047  0.007  0.062
   1.36704      2.055435  0.007  0.052  0.005  0.065
   1.39526      2.063887  0.007  0.056  0.004  0.069
   1.42349      2.068987  0.007  0.059  0.004  0.072
   1.45171      2.070695  0.007  0.061  0.004  0.073
   1.45171      2.070695  0.007  0.061  0.004  0.073
   1.47167      2.024517  0.008  0.084  0.004  0.096
   1.49163      2.001076  0.008  0.102  0.004  0.116
   1.51159      2.021030  0.008  0.114  0.004  0.126
   1.53154      2.004690  0.008  0.017  0.008  0.036
   1.55150      1.936809  0.010  0.024  0.014  0.048
   1.57146      1.884126  0.012  0.024  0.018  0.052
   1.59142      1.863738  0.010  0.026  0.016  0.050
   1.61137      1.837437  0.008  0.020  0.008  0.036
   1.63133      1.792571  0.006  0.014  0.006  0.026
   1.65129      1.742206  0.004  0.012  0.002  0.018
   1.67125      1.694074  0.004  0.008  0.002  0.014
   1.69120      1.652011  0.004  0.006  0.002  0.012
   1.71116      1.618757  0.002  0.004  0.002  0.008
   1.73112      1.596899  0.002  0.008  0.002  0.014
   1.75108      1.588553  0.004  0.016  0.002  0.022
   1.77103      1.593660  0.004  0.026  0.002  0.032
   1.79099      1.608122  0.004  0.038  0.002  0.044
   1.81095      1.623804  0.008  0.044  0.000  0.052
   1.83091      1.630767  0.008  0.044  0.000  0.052
 
# Band-Index:  104
   1.83091      1.790139  0.006  0.020  0.002  0.028
   1.81095      1.793406  0.006  0.022  0.004  0.030
   1.79099      1.803006  0.006  0.022  0.004  0.034
   1.77103      1.818281  0.006  0.028  0.006  0.040
   1.75108      1.837977  0.004  0.034  0.008  0.047
   1.73112      1.860074  0.004  0.046  0.010  0.060
   1.71116      1.882095  0.004  0.054  0.016  0.076
   1.69120      1.903152  0.004  0.066  0.020  0.088
   1.67125      1.926974  0.006  0.070  0.022  0.096
   1.65129      1.959712  0.008  0.072  0.022  0.100
   1.63133      2.003879  0.010  0.074  0.020  0.100
   1.61137      2.057560  0.010  0.073  0.016  0.099
   1.59142      2.059695  0.004  0.082  0.002  0.088
   1.57146      2.096143  0.002  0.080  0.002  0.084
   1.55150      2.139321  0.010  0.139  0.006  0.157
   1.53154      2.074367  0.010  0.122  0.004  0.136
   1.51159      2.067304  0.006  0.010  0.006  0.020
   1.49163      2.107903  0.006  0.012  0.006  0.022
   1.47167      2.107927  0.006  0.032  0.004  0.044
   1.45171      2.070858  0.007  0.061  0.004  0.073
   1.45171      2.070858  0.007  0.061  0.004  0.073
   1.42349      2.069151  0.007  0.059  0.004  0.072
   1.39526      2.064050  0.007  0.056  0.004  0.069
   1.36704      2.055599  0.007  0.052  0.005  0.065
   1.33882      2.043790  0.007  0.047  0.007  0.062
   1.31059      2.028446  0.008  0.040  0.008  0.055
   1.28237      2.008945  0.007  0.033  0.009  0.050
   1.25414      1.983487  0.009  0.026  0.013  0.047
   1.22592      1.946929  0.010  0.022  0.013  0.043
   1.19769      1.885628  0.011  0.022  0.010  0.046
   1.16947      1.778949  0.017  0.067  0.007  0.092
   1.14125      1.581836  0.051  0.513  0.032  0.596
   1.11302      1.349677  0.053  0.521  0.031  0.605
   1.08480      1.125564  0.053  0.495  0.027  0.573
   1.05657      0.944326  0.038  0.277  0.012  0.328
   1.02835      0.871093  0.002  0.024  0.001  0.027
   1.00013      0.706028  0.000  0.001  0.000  0.001
   0.97190      0.574491  0.000  0.000  0.000  0.001
   0.94368      0.490349  0.000  0.000  0.000  0.000
   0.91545      0.461289  0.000  0.000  0.000  0.000
   0.91545      0.461289  0.000  0.000  0.000  0.000
   0.89550      0.484941  0.000  0.000  0.000  0.000
   0.87554      0.512911  0.000  0.000  0.000  0.000
   0.85558      0.542947  0.000  0.002  0.000  0.002
   0.83562      0.573840  0.000  0.004  0.000  0.004
   0.81567      0.604797  0.000  0.006  0.000  0.006
   0.79571      0.635255  0.000  0.008  0.000  0.010
   0.77575      0.664786  0.000  0.011  0.000  0.013
   0.75579      0.693044  0.000  0.013  0.000  0.015
   0.73584      0.719739  0.002  0.015  0.000  0.017
   0.71588      0.736674  0.018  0.126  0.006  0.149
   0.69592      0.700102  0.016  0.130  0.006  0.152
   0.67596      0.671250  0.014  0.136  0.006  0.158
   0.65600      0.651695  0.012  0.146  0.008  0.167
   0.63605      0.641259  0.010  0.156  0.010  0.176
   0.61609      0.638266  0.006  0.168  0.012  0.187
   0.59613      0.640135  0.004  0.180  0.012  0.196
   0.57617      0.644050  0.002  0.188  0.014  0.204
   0.55622      0.647534  0.000  0.194  0.012  0.206
   0.53626      0.648895  0.000  0.196  0.012  0.208
   0.53626      0.648895  0.000  0.196  0.012  0.208
   0.50804      0.657707  0.010  0.146  0.006  0.164
   0.47981      0.732495  0.010  0.146  0.008  0.165
   0.45159      0.770205  0.024  0.140  0.004  0.168
   0.42336      0.844527  0.034  0.297  0.010  0.345
   0.39514      1.027004  0.030  0.313  0.018  0.359
   0.36691      1.229852  0.030  0.297  0.018  0.347
   0.33869      1.428292  0.032  0.247  0.016  0.293
   0.31047      1.531222  0.012  0.254  0.029  0.296
   0.28224      1.597269  0.012  0.031  0.010  0.052
   0.25402      1.674365  0.010  0.045  0.011  0.066
   0.22579      1.734743  0.010  0.052  0.008  0.072
   0.19757      1.761000  0.009  0.049  0.004  0.066
   0.16935      1.757476  0.000  0.107  0.020  0.126
   0.14112      1.783657  0.008  0.034  0.004  0.048
   0.11290      1.788007  0.006  0.028  0.002  0.040
   0.08467      1.789846  0.006  0.024  0.002  0.034
   0.05645      1.790301  0.006  0.023  0.002  0.032
   0.02822      1.790223  0.006  0.022  0.002  0.030
   0.00000      1.790139  0.006  0.020  0.002  0.028
 
# Band-Index:  105
   0.00000      1.860919  0.000  0.100  0.020  0.122
   0.02822      1.857969  0.000  0.100  0.020  0.122
   0.05645      1.849104  0.000  0.102  0.018  0.119
   0.08467      1.834327  0.000  0.104  0.018  0.120
   0.11290      1.813784  0.000  0.105  0.020  0.122
   0.14112      1.787908  0.000  0.105  0.020  0.124
   0.16935      1.775384  0.008  0.043  0.004  0.056
   0.19757      1.781465  0.005  0.021  0.002  0.025
   0.22579      1.797193  0.008  0.050  0.006  0.064
   0.25402      1.706438  0.010  0.100  0.016  0.126
   0.28224      1.613872  0.000  0.110  0.016  0.126
   0.31047      1.562264  0.028  0.101  0.008  0.136
   0.33869      1.485202  0.014  0.086  0.014  0.113
   0.36691      1.358223  0.008  0.141  0.012  0.162
   0.39514      1.176453  0.010  0.145  0.010  0.166
   0.42336      1.001848  0.010  0.148  0.010  0.165
   0.45159      0.850175  0.010  0.148  0.008  0.166
   0.47981      0.754582  0.020  0.128  0.006  0.154
   0.50804      0.746936  0.020  0.128  0.006  0.154
   0.53626      0.744697  0.020  0.128  0.006  0.154
   0.53626      0.744697  0.020  0.128  0.006  0.154
   0.55622      0.748289  0.020  0.130  0.006  0.156
   0.57617      0.758429  0.018  0.134  0.006  0.159
   0.59613      0.773254  0.016  0.140  0.008  0.164
   0.61609      0.789833  0.012  0.148  0.006  0.170
   0.63605      0.804500  0.010  0.156  0.010  0.176
   0.65600      0.806291  0.002  0.022  0.000  0.024
   0.67596      0.788077  0.002  0.020  0.000  0.022
   0.69592      0.767463  0.002  0.018  0.000  0.020
   0.71588      0.744619  0.002  0.017  0.000  0.019
   0.73584      0.776858  0.001  0.152  0.016  0.168
   0.75579      0.762163  0.002  0.144  0.014  0.160
   0.77575      0.753196  0.006  0.136  0.012  0.155
   0.79571      0.752958  0.010  0.132  0.010  0.152
   0.81567      0.762391  0.014  0.130  0.008  0.154
   0.83562      0.779714  0.016  0.134  0.004  0.156
   0.85558      0.800810  0.018  0.136  0.004  0.158
   0.87554      0.820704  0.018  0.134  0.004  0.156
   0.89550      0.835693  0.016  0.127  0.004  0.148
   0.91545      0.845192  0.012  0.114  0.009  0.135
   0.91545      0.845192  0.012  0.114  0.009  0.135
   0.94368      0.847752  0.012  0.114  0.009  0.134
   0.97190      0.855501  0.012  0.113  0.008  0.134
   1.00013      0.868909  0.013  0.114  0.008  0.136
   1.02835      0.894364  0.015  0.104  0.005  0.125
   1.05657      1.074653  0.001  0.005  0.000  0.006
   1.08480      1.290482  0.001  0.006  0.000  0.007
   1.11302      1.500779  0.004  0.012  0.004  0.022
   1.14125      1.644931  0.005  0.010  0.004  0.020
   1.16947      1.815726  0.036  0.427  0.029  0.493
   1.19769      2.034731  0.037  0.410  0.027  0.475
   1.22592      2.228531  0.028  0.297  0.020  0.347
   1.25414      2.329221  0.013  0.125  0.021  0.159
   1.28237      2.351790  0.011  0.104  0.023  0.139
   1.31059      2.371202  0.010  0.102  0.024  0.137
   1.33882      2.390453  0.009  0.101  0.023  0.132
   1.36704      2.408234  0.009  0.099  0.021  0.129
   1.39526      2.422502  0.008  0.096  0.018  0.124
   1.42349      2.431614  0.008  0.093  0.016  0.119
   1.45171      2.434724  0.008  0.092  0.014  0.117
   1.45171      2.434724  0.008  0.092  0.014  0.117
   1.47167      2.389523  0.012  0.132  0.014  0.154
   1.49163      2.349769  0.010  0.150  0.012  0.172
   1.51159      2.295447  0.006  0.128  0.008  0.142
   1.53154      2.227102  0.004  0.102  0.006  0.114
   1.55150      2.157161  0.002  0.085  0.004  0.094
   1.57146      2.169260  0.014  0.132  0.006  0.152
   1.59142      2.116814  0.014  0.080  0.014  0.106
   1.61137      2.063005  0.006  0.095  0.006  0.107
   1.63133      2.091472  0.010  0.108  0.006  0.124
   1.65129      2.118621  0.010  0.118  0.004  0.133
   1.67125      2.125807  0.012  0.120  0.002  0.136
   1.69120      2.107506  0.012  0.112  0.004  0.128
   1.71116      2.072214  0.012  0.102  0.008  0.121
   1.73112      2.029245  0.008  0.100  0.010  0.120
   1.75108      1.983987  0.008  0.098  0.012  0.118
   1.77103      1.939954  0.004  0.098  0.013  0.116
   1.79099      1.900799  0.002  0.100  0.016  0.118
   1.81095      1.871962  0.000  0.100  0.018  0.118
   1.83091      1.860919  0.000  0.100  0.020  0.122
 
# Band-Index:  106
   1.83091      2.237897  0.006  0.017  0.008  0.033
   1.81095      2.236999  0.004  0.075  0.015  0.094
   1.79099      2.214312  0.002  0.067  0.018  0.089
   1.77103      2.185812  0.002  0.060  0.018  0.083
   1.75108      2.156635  0.002  0.052  0.018  0.074
   1.73112      2.131918  0.000  0.046  0.016  0.064
   1.71116      2.117918  0.000  0.037  0.012  0.052
   1.69120      2.120456  0.000  0.035  0.012  0.044
   1.67125      2.140865  0.000  0.037  0.008  0.046
   1.65129      2.174767  0.000  0.048  0.006  0.056
   1.63133      2.214830  0.000  0.064  0.006  0.072
   1.61137      2.250106  0.000  0.084  0.010  0.094
   1.59142      2.258762  0.002  0.100  0.008  0.112
   1.57146      2.231514  0.002  0.042  0.014  0.059
   1.55150      2.262852  0.008  0.019  0.012  0.038
   1.53154      2.327064  0.010  0.026  0.010  0.044
   1.51159      2.392141  0.008  0.028  0.010  0.044
   1.49163      2.452912  0.008  0.026  0.010  0.044
   1.47167      2.482043  0.004  0.060  0.018  0.082
   1.45171      2.434755  0.008  0.092  0.014  0.116
   1.45171      2.434755  0.008  0.092  0.014  0.116
   1.42349      2.431658  0.008  0.093  0.016  0.118
   1.39526      2.422586  0.008  0.096  0.018  0.125
   1.36704      2.408370  0.009  0.098  0.021  0.129
   1.33882      2.390637  0.009  0.100  0.023  0.132
   1.31059      2.371415  0.010  0.102  0.024  0.136
   1.28237      2.352007  0.011  0.104  0.023  0.139
   1.25414      2.329381  0.013  0.126  0.020  0.158
   1.22592      2.228568  0.028  0.298  0.020  0.349
   1.19769      2.034780  0.037  0.410  0.027  0.475
   1.16947      1.815729  0.035  0.424  0.028  0.490
   1.14125      1.645579  0.005  0.010  0.004  0.020
   1.11302      1.500991  0.004  0.012  0.004  0.023
   1.08480      1.291068  0.001  0.006  0.000  0.007
   1.05657      1.075255  0.001  0.005  0.000  0.006
   1.02835      0.894640  0.015  0.103  0.005  0.124
   1.00013      0.869054  0.013  0.114  0.008  0.136
   0.97190      0.855642  0.012  0.113  0.008  0.135
   0.94368      0.847891  0.012  0.114  0.009  0.135
   0.91545      0.845331  0.012  0.114  0.009  0.135
   0.91545      0.845331  0.012  0.114  0.009  0.135
   0.89550      0.852171  0.006  0.100  0.012  0.118
   0.87554      0.860075  0.002  0.094  0.014  0.110
   0.85558      0.870379  0.000  0.094  0.014  0.110
   0.83562      0.880540  0.000  0.100  0.014  0.116
   0.81567      0.884668  0.004  0.110  0.012  0.126
   0.79571      0.876468  0.008  0.118  0.008  0.138
   0.77575      0.853464  0.012  0.122  0.006  0.142
   0.75579      0.818608  0.016  0.122  0.004  0.144
   0.73584      0.777736  0.017  0.125  0.004  0.145
   0.71588      0.793234  0.000  0.160  0.014  0.176
   0.69592      0.807014  0.000  0.165  0.014  0.181
   0.67596      0.814498  0.002  0.166  0.012  0.182
   0.65600      0.813566  0.006  0.164  0.012  0.180
   0.63605      0.821955  0.002  0.022  0.002  0.024
   0.61609      0.834945  0.002  0.024  0.002  0.028
   0.59613      0.845157  0.002  0.024  0.002  0.028
   0.57617      0.852509  0.002  0.024  0.002  0.028
   0.55622      0.856944  0.002  0.024  0.002  0.028
   0.53626      0.858426  0.002  0.024  0.002  0.029
   0.53626      0.858426  0.002  0.024  0.002  0.029
   0.50804      0.884885  0.002  0.025  0.002  0.029
   0.47981      0.961535  0.002  0.026  0.002  0.029
   0.45159      1.082287  0.002  0.026  0.002  0.028
   0.42336      1.239156  0.002  0.023  0.000  0.026
   0.39514      1.422128  0.002  0.020  0.000  0.022
   0.36691      1.510937  0.026  0.018  0.004  0.047
   0.33869      1.545905  0.000  0.110  0.016  0.128
   0.31047      1.578703  0.000  0.110  0.016  0.126
   0.28224      1.703770  0.022  0.297  0.028  0.344
   0.25402      1.824675  0.016  0.203  0.022  0.238
   0.22579      1.967921  0.011  0.168  0.025  0.206
   0.19757      2.091897  0.010  0.111  0.035  0.157
   0.16935      2.213122  0.010  0.106  0.047  0.162
   0.14112      2.246021  0.002  0.067  0.020  0.091
   0.11290      2.242976  0.004  0.073  0.018  0.098
   0.08467      2.242838  0.004  0.077  0.017  0.098
   0.05645      2.244257  0.004  0.079  0.016  0.099
   0.02822      2.241115  0.006  0.018  0.009  0.034
   0.00000      2.237897  0.006  0.017  0.008  0.033
 
# Band-Index:  107
   0.00000      2.246420  0.004  0.081  0.015  0.099
   0.02822      2.245795  0.004  0.080  0.015  0.099
   0.05645      2.250739  0.006  0.018  0.009  0.034
   0.08467      2.266591  0.006  0.017  0.008  0.034
   0.11290      2.288374  0.006  0.018  0.008  0.035
   0.14112      2.315440  0.006  0.018  0.008  0.034
   0.16935      2.244899  0.008  0.092  0.049  0.151
   0.19757      2.117742  0.010  0.156  0.034  0.202
   0.22579      1.981242  0.007  0.082  0.020  0.108
   0.25402      1.964114  0.000  0.019  0.004  0.025
   0.28224      1.794613  0.004  0.027  0.004  0.036
   0.31047      1.683204  0.009  0.050  0.008  0.068
   0.33869      1.558004  0.018  0.054  0.004  0.076
   0.36691      1.516227  0.000  0.110  0.016  0.126
   0.39514      1.490263  0.000  0.112  0.016  0.128
   0.42336      1.468470  0.000  0.110  0.016  0.128
   0.45159      1.451196  0.000  0.112  0.016  0.128
   0.47981      1.438690  0.000  0.112  0.018  0.129
   0.50804      1.431123  0.000  0.112  0.018  0.130
   0.53626      1.428588  0.000  0.112  0.018  0.130
   0.53626      1.428588  0.000  0.112  0.018  0.130
   0.55622      1.424754  0.000  0.110  0.016  0.128
   0.57617      1.414187  0.002  0.104  0.014  0.120
   0.59613      1.399504  0.004  0.094  0.014  0.114
   0.61609      1.384493  0.008  0.084  0.012  0.104
   0.63605      1.373497  0.012  0.072  0.010  0.096
   0.65600      1.370559  0.016  0.062  0.008  0.088
   0.67596      1.378196  0.020  0.056  0.006  0.084
   0.69592      1.396267  0.022  0.054  0.006  0.084
   0.71588      1.421700  0.022  0.056  0.006  0.086
   0.73584      1.422189  0.000  0.064  0.022  0.088
   0.75579      1.384881  0.002  0.054  0.020  0.080
   0.77575      1.356092  0.006  0.048  0.018  0.072
   0.79571      1.341325  0.010  0.044  0.014  0.070
   0.81567      1.342529  0.016  0.044  0.010  0.072
   0.83562      1.355389  0.018  0.050  0.008  0.076
   0.85558      1.370935  0.020  0.054  0.008  0.080
   0.87554      1.380765  0.018  0.052  0.010  0.080
   0.89550      1.380020  0.003  0.030  0.030  0.064
   0.91545      1.379307  0.008  0.036  0.022  0.068
   0.91545      1.379307  0.008  0.036  0.022  0.068
   0.94368      1.381621  0.008  0.035  0.022  0.068
   0.97190      1.388671  0.008  0.034  0.022  0.066
   1.00013      1.400844  0.008  0.033  0.023  0.064
   1.02835      1.419085  0.008  0.030  0.021  0.061
   1.05657      1.445765  0.008  0.029  0.019  0.056
   1.08480      1.487746  0.007  0.023  0.015  0.045
   1.11302      1.574954  0.003  0.009  0.007  0.019
   1.14125      1.776780  0.000  0.004  0.000  0.004
   1.16947      2.003005  0.000  0.013  0.002  0.015
   1.19769      2.166951  0.001  0.056  0.008  0.066
   1.22592      2.282534  0.005  0.079  0.010  0.095
   1.25414      2.380098  0.009  0.081  0.015  0.105
   1.28237      2.475931  0.004  0.034  0.024  0.063
   1.31059      2.534178  0.003  0.025  0.037  0.066
   1.33882      2.554578  0.009  0.038  0.012  0.058
   1.36704      2.551435  0.008  0.032  0.005  0.045
   1.39526      2.547088  0.006  0.028  0.005  0.040
   1.42349      2.543958  0.005  0.026  0.005  0.037
   1.45171      2.542842  0.005  0.026  0.005  0.037
   1.45171      2.542842  0.005  0.026  0.005  0.037
   1.47167      2.513298  0.012  0.035  0.008  0.053
   1.49163      2.515969  0.004  0.028  0.006  0.040
   1.51159      2.538060  0.006  0.046  0.010  0.062
   1.53154      2.547420  0.002  0.048  0.022  0.072
   1.55150      2.510162  0.000  0.036  0.018  0.054
   1.57146      2.472330  0.002  0.018  0.014  0.038
   1.59142      2.445669  0.012  0.006  0.012  0.032
   1.61137      2.403057  0.012  0.006  0.016  0.034
   1.63133      2.363339  0.010  0.004  0.018  0.034
   1.65129      2.330344  0.008  0.008  0.018  0.034
   1.67125      2.309062  0.008  0.014  0.020  0.040
   1.69120      2.297771  0.008  0.024  0.018  0.046
   1.71116      2.287971  0.006  0.028  0.012  0.046
   1.73112      2.276352  0.006  0.026  0.010  0.042
   1.75108      2.264242  0.008  0.024  0.008  0.040
   1.77103      2.253395  0.006  0.022  0.008  0.037
   1.79099      2.244986  0.006  0.020  0.008  0.035
   1.81095      2.239709  0.006  0.018  0.009  0.035
   1.83091      2.246420  0.004  0.081  0.015  0.099
 
# Band-Index:  108
   1.83091      2.339707  0.000  0.002  0.024  0.028
   1.81095      2.346808  0.000  0.006  0.022  0.028
   1.79099      2.363156  0.000  0.010  0.018  0.030
   1.77103      2.383051  0.000  0.010  0.017  0.030
   1.75108      2.404510  0.000  0.010  0.016  0.026
   1.73112      2.427161  0.000  0.008  0.016  0.024
   1.71116      2.441491  0.000  0.007  0.014  0.022
   1.69120      2.449270  0.000  0.008  0.014  0.023
   1.67125      2.460838  0.000  0.008  0.014  0.022
   1.65129      2.481455  0.000  0.012  0.012  0.026
   1.63133      2.511182  0.000  0.016  0.010  0.028
   1.61137      2.489309  0.006  0.024  0.014  0.046
   1.59142      2.459104  0.004  0.008  0.014  0.030
   1.57146      2.489423  0.012  0.008  0.012  0.032
   1.55150      2.533466  0.010  0.008  0.012  0.032
   1.53154      2.574748  0.006  0.012  0.014  0.030
   1.51159      2.559586  0.004  0.053  0.026  0.085
   1.49163      2.535163  0.007  0.060  0.023  0.089
   1.47167      2.534511  0.006  0.024  0.000  0.032
   1.45171      2.543032  0.005  0.026  0.005  0.037
   1.45171      2.543032  0.005  0.026  0.005  0.037
   1.42349      2.544157  0.005  0.027  0.005  0.037
   1.39526      2.547308  0.006  0.028  0.005  0.040
   1.36704      2.551666  0.008  0.032  0.005  0.045
   1.33882      2.554711  0.009  0.038  0.013  0.059
   1.31059      2.534351  0.003  0.026  0.037  0.066
   1.28237      2.476438  0.004  0.035  0.024  0.064
   1.25414      2.380787  0.009  0.082  0.016  0.106
   1.22592      2.283415  0.005  0.077  0.010  0.093
   1.19769      2.167493  0.001  0.056  0.008  0.065
   1.16947      2.003602  0.000  0.013  0.002  0.015
   1.14125      1.777302  0.000  0.004  0.000  0.004
   1.11302      1.574988  0.003  0.009  0.007  0.019
   1.08480      1.487946  0.007  0.023  0.015  0.045
   1.05657      1.445917  0.008  0.029  0.019  0.056
   1.02835      1.419222  0.008  0.030  0.021  0.061
   1.00013      1.400980  0.008  0.033  0.023  0.064
   0.97190      1.388809  0.008  0.034  0.023  0.066
   0.94368      1.381761  0.008  0.035  0.022  0.067
   0.91545      1.379447  0.008  0.036  0.022  0.068
   0.91545      1.379447  0.008  0.036  0.022  0.068
   0.89550      1.382147  0.014  0.044  0.016  0.075
   0.87554      1.389710  0.000  0.028  0.034  0.063
   0.85558      1.409330  0.000  0.032  0.036  0.068
   0.83562      1.435248  0.002  0.042  0.032  0.076
   0.81567      1.460962  0.006  0.052  0.028  0.086
   0.79571      1.478920  0.012  0.060  0.022  0.094
   0.77575      1.483031  0.016  0.064  0.016  0.096
   0.75579      1.471803  0.020  0.064  0.012  0.094
   0.73584      1.449127  0.022  0.060  0.008  0.090
   0.71588      1.461841  0.000  0.074  0.022  0.096
   0.69592      1.497962  0.002  0.080  0.022  0.104
   0.67596      1.525297  0.004  0.084  0.018  0.108
   0.65600      1.540200  0.008  0.084  0.014  0.106
   0.63605      1.542164  0.012  0.078  0.012  0.104
   0.61609      1.534180  0.016  0.072  0.008  0.098
   0.59613      1.521153  0.020  0.064  0.008  0.092
   0.57617      1.507971  0.022  0.056  0.006  0.086
   0.55622      1.498464  0.024  0.054  0.006  0.082
   0.53626      1.495024  0.024  0.052  0.006  0.081
   0.53626      1.495024  0.024  0.052  0.006  0.081
   0.50804      1.495828  0.024  0.052  0.006  0.080
   0.47981      1.498079  0.024  0.050  0.006  0.076
   0.45159      1.501299  0.022  0.046  0.006  0.072
   0.42336      1.504717  0.024  0.038  0.006  0.068
   0.39514      1.507536  0.024  0.028  0.002  0.058
   0.36691      1.615287  0.004  0.012  0.002  0.014
   0.33869      1.755272  0.008  0.040  0.008  0.054
   0.31047      1.822255  0.010  0.202  0.022  0.234
   0.28224      1.969848  0.008  0.122  0.008  0.139
   0.25402      1.966715  0.006  0.088  0.012  0.103
   0.22579      2.147551  0.004  0.074  0.010  0.086
   0.19757      2.250130  0.000  0.058  0.010  0.070
   0.16935      2.258196  0.003  0.117  0.012  0.131
   0.14112      2.317484  0.006  0.090  0.058  0.159
   0.11290      2.383607  0.000  0.002  0.030  0.032
   0.08467      2.364428  0.000  0.002  0.028  0.030
   0.05645      2.350691  0.000  0.002  0.026  0.028
   0.02822      2.342452  0.000  0.002  0.024  0.028
   0.00000      2.339707  0.000  0.002  0.024  0.028
 
# Band-Index:  109
   0.00000      2.385975  0.000  0.002  0.008  0.011
   0.02822      2.388121  0.000  0.002  0.010  0.012
   0.05645      2.393881  0.000  0.004  0.012  0.018
   0.08467      2.399775  0.000  0.010  0.020  0.030
   0.11290      2.387082  0.004  0.046  0.047  0.099
   0.14112      2.361579  0.008  0.132  0.051  0.193
   0.16935      2.346099  0.006  0.020  0.012  0.038
   0.19757      2.372461  0.008  0.033  0.017  0.060
   0.22579      2.322597  0.005  0.063  0.031  0.100
   0.25402      2.175960  0.016  0.258  0.032  0.304
   0.28224      2.014241  0.008  0.184  0.020  0.212
   0.31047      1.985961  0.002  0.060  0.006  0.068
   0.33869      1.876590  0.006  0.100  0.012  0.116
   0.36691      1.856835  0.016  0.082  0.014  0.112
   0.39514      1.906987  0.016  0.056  0.014  0.088
   0.42336      1.971015  0.018  0.046  0.014  0.076
   0.45159      2.040568  0.018  0.038  0.014  0.072
   0.47981      2.112696  0.018  0.034  0.014  0.070
   0.50804      2.185205  0.020  0.034  0.018  0.070
   0.53626      2.246248  0.000  0.038  0.014  0.052
   0.53626      2.246248  0.000  0.038  0.014  0.052
   0.55622      2.231961  0.000  0.038  0.016  0.054
   0.57617      2.198813  0.002  0.032  0.018  0.052
   0.59613      2.159802  0.002  0.028  0.018  0.048
   0.61609      2.122752  0.004  0.020  0.016  0.040
   0.63605      2.093286  0.008  0.014  0.012  0.034
   0.65600      2.075771  0.010  0.008  0.010  0.030
   0.67596      2.071970  0.012  0.006  0.008  0.028
   0.69592      2.079408  0.014  0.008  0.006  0.028
   0.71588      2.091330  0.016  0.012  0.006  0.034
   0.73584      2.064994  0.000  0.014  0.038  0.054
   0.75579      2.026917  0.000  0.008  0.034  0.042
   0.77575      2.003093  0.002  0.004  0.026  0.032
   0.79571      1.995418  0.006  0.002  0.021  0.028
   0.81567      1.984022  0.004  0.014  0.038  0.056
   0.83562      1.944129  0.002  0.008  0.040  0.050
   0.85558      1.916027  0.000  0.002  0.040  0.044
   0.87554      1.906114  0.000  0.000  0.038  0.040
   0.89550      1.915891  0.002  0.002  0.032  0.038
   0.91545      1.940343  0.006  0.004  0.025  0.035
   0.91545      1.940343  0.006  0.004  0.025  0.035
   0.94368      1.941403  0.006  0.004  0.025  0.034
   0.97190      1.944622  0.006  0.004  0.024  0.034
   1.00013      1.950131  0.005  0.005  0.024  0.035
   1.02835      1.958189  0.005  0.004  0.024  0.034
   1.05657      1.969268  0.005  0.005  0.023  0.034
   1.08480      1.984278  0.004  0.006  0.021  0.034
   1.11302      2.005134  0.004  0.009  0.020  0.034
   1.14125      2.036776  0.003  0.015  0.018  0.034
   1.16947      2.093955  0.002  0.022  0.010  0.035
   1.19769      2.236924  0.001  0.023  0.003  0.029
   1.22592      2.358010  0.010  0.133  0.025  0.169
   1.25414      2.465085  0.018  0.206  0.023  0.247
   1.28237      2.539734  0.014  0.099  0.008  0.120
   1.31059      2.558515  0.007  0.037  0.004  0.049
   1.33882      2.576070  0.000  0.007  0.038  0.044
   1.36704      2.604379  0.000  0.011  0.049  0.061
   1.39526      2.631067  0.001  0.017  0.051  0.070
   1.42349      2.655050  0.004  0.029  0.039  0.073
   1.45171      2.667140  0.006  0.043  0.019  0.069
   1.45171      2.667140  0.006  0.043  0.019  0.069
   1.47167      2.655265  0.002  0.026  0.034  0.062
   1.49163      2.658936  0.004  0.016  0.010  0.032
   1.51159      2.621650  0.010  0.016  0.008  0.034
   1.53154      2.593887  0.012  0.056  0.006  0.078
   1.55150      2.646265  0.008  0.056  0.014  0.080
   1.57146      2.632813  0.001  0.025  0.010  0.038
   1.59142      2.589231  0.000  0.024  0.010  0.034
   1.61137      2.547870  0.000  0.022  0.010  0.030
   1.63133      2.530184  0.002  0.024  0.024  0.050
   1.65129      2.525054  0.000  0.008  0.024  0.034
   1.67125      2.501448  0.000  0.006  0.020  0.026
   1.69120      2.475976  0.000  0.006  0.018  0.026
   1.71116      2.451016  0.000  0.006  0.016  0.026
   1.73112      2.431318  0.000  0.006  0.010  0.020
   1.75108      2.418359  0.000  0.006  0.010  0.016
   1.77103      2.405463  0.000  0.004  0.010  0.014
   1.79099      2.394989  0.000  0.002  0.008  0.013
   1.81095      2.388276  0.000  0.002  0.008  0.012
   1.83091      2.385975  0.000  0.002  0.008  0.011
 
# Band-Index:  110
   1.83091      2.537529  0.010  0.008  0.006  0.022
   1.81095      2.539328  0.010  0.008  0.006  0.022
   1.79099      2.544668  0.010  0.008  0.006  0.022
   1.77103      2.553381  0.010  0.008  0.006  0.022
   1.75108      2.565225  0.010  0.008  0.006  0.022
   1.73112      2.572498  0.000  0.014  0.029  0.046
   1.71116      2.574974  0.000  0.010  0.024  0.036
   1.69120      2.587907  0.000  0.004  0.020  0.026
   1.67125      2.611497  0.000  0.002  0.018  0.022
   1.65129      2.617877  0.012  0.040  0.004  0.055
   1.63133      2.586535  0.008  0.022  0.012  0.044
   1.61137      2.596088  0.004  0.010  0.028  0.040
   1.59142      2.617235  0.004  0.011  0.034  0.048
   1.57146      2.636966  0.004  0.012  0.036  0.056
   1.55150      2.652230  0.005  0.019  0.034  0.061
   1.53154      2.662587  0.006  0.032  0.025  0.065
   1.51159      2.677646  0.004  0.052  0.011  0.065
   1.49163      2.676851  0.010  0.018  0.044  0.072
   1.47167      2.700543  0.011  0.023  0.012  0.046
   1.45171      2.667224  0.006  0.043  0.019  0.069
   1.45171      2.667224  0.006  0.043  0.019  0.069
   1.42349      2.655279  0.004  0.030  0.038  0.072
   1.39526      2.631357  0.001  0.018  0.050  0.070
   1.36704      2.604686  0.000  0.011  0.048  0.061
   1.33882      2.576548  0.000  0.007  0.037  0.044
   1.31059      2.559129  0.007  0.037  0.004  0.048
   1.28237      2.540242  0.014  0.099  0.008  0.119
   1.25414      2.465426  0.018  0.206  0.023  0.246
   1.22592      2.358029  0.010  0.133  0.025  0.168
   1.19769      2.237138  0.001  0.023  0.003  0.029
   1.16947      2.094468  0.002  0.022  0.010  0.035
   1.14125      2.036983  0.003  0.015  0.018  0.034
   1.11302      2.005195  0.004  0.010  0.020  0.034
   1.08480      1.984281  0.004  0.006  0.021  0.034
   1.05657      1.969302  0.005  0.005  0.023  0.034
   1.02835      1.958239  0.005  0.004  0.024  0.034
   1.00013      1.950189  0.005  0.005  0.024  0.035
   0.97190      1.944684  0.006  0.004  0.024  0.034
   0.94368      1.941466  0.006  0.004  0.025  0.034
   0.91545      1.940408  0.006  0.004  0.025  0.035
   0.91545      1.940408  0.006  0.004  0.025  0.035
   0.89550      1.970296  0.008  0.008  0.016  0.032
   0.87554      1.995510  0.010  0.008  0.012  0.032
   0.85558      2.008393  0.012  0.008  0.010  0.028
   0.83562      2.007760  0.010  0.006  0.010  0.026
   0.81567      2.000001  0.008  0.004  0.014  0.026
   0.79571      2.027454  0.008  0.018  0.032  0.058
   0.77575      2.065760  0.010  0.020  0.026  0.056
   0.75579      2.090783  0.014  0.020  0.016  0.048
   0.73584      2.098176  0.016  0.014  0.010  0.042
   0.71588      2.112529  0.000  0.022  0.040  0.064
   0.69592      2.164601  0.002  0.028  0.042  0.072
   0.67596      2.217105  0.002  0.032  0.044  0.078
   0.65600      2.266469  0.004  0.034  0.044  0.080
   0.63605      2.287536  0.024  0.045  0.026  0.095
   0.61609      2.273553  0.024  0.044  0.026  0.096
   0.59613      2.262315  0.024  0.046  0.026  0.096
   0.57617      2.254092  0.024  0.044  0.026  0.097
   0.55622      2.249079  0.024  0.044  0.026  0.098
   0.53626      2.247395  0.024  0.044  0.026  0.098
   0.53626      2.247395  0.024  0.044  0.026  0.098
   0.50804      2.233958  0.022  0.053  0.026  0.102
   0.47981      2.186743  0.020  0.062  0.026  0.106
   0.45159      2.134986  0.016  0.072  0.022  0.108
   0.42336      2.087069  0.016  0.082  0.020  0.116
   0.39514      2.049386  0.016  0.094  0.018  0.126
   0.36691      2.030768  0.014  0.112  0.016  0.142
   0.33869      2.047028  0.012  0.139  0.014  0.168
   0.31047      2.120902  0.012  0.168  0.014  0.194
   0.28224      2.245718  0.012  0.160  0.020  0.192
   0.25402      2.322351  0.008  0.082  0.028  0.118
   0.22579      2.332153  0.014  0.147  0.034  0.195
   0.19757      2.380583  0.006  0.053  0.029  0.089
   0.16935      2.435853  0.000  0.006  0.038  0.044
   0.14112      2.407941  0.000  0.002  0.035  0.036
   0.11290      2.452260  0.006  0.115  0.061  0.184
   0.08467      2.523515  0.007  0.087  0.055  0.153
   0.05645      2.542655  0.010  0.010  0.010  0.031
   0.02822      2.539106  0.010  0.008  0.006  0.022
   0.00000      2.537529  0.010  0.008  0.006  0.022
 
# Band-Index:  111
   0.00000      2.573392  0.002  0.014  0.022  0.040
   0.02822      2.574318  0.002  0.014  0.024  0.042
   0.05645      2.572659  0.002  0.035  0.043  0.083
   0.08467      2.526792  0.005  0.083  0.059  0.145
   0.11290      2.472873  0.002  0.055  0.025  0.079
   0.14112      2.462391  0.000  0.018  0.006  0.025
   0.16935      2.469061  0.000  0.006  0.010  0.019
   0.19757      2.450932  0.000  0.020  0.034  0.053
   0.22579      2.429593  0.000  0.026  0.020  0.046
   0.25402      2.402029  0.000  0.030  0.018  0.048
   0.28224      2.374931  0.000  0.032  0.016  0.046
   0.31047      2.319400  0.000  0.026  0.008  0.032
   0.33869      2.308719  0.002  0.010  0.004  0.016
   0.36691      2.305631  0.000  0.034  0.014  0.048
   0.39514      2.287815  0.000  0.036  0.014  0.050
   0.42336      2.273017  0.000  0.036  0.014  0.050
   0.45159      2.261376  0.000  0.038  0.014  0.052
   0.47981      2.252993  0.000  0.038  0.014  0.052
   0.50804      2.247939  0.000  0.038  0.014  0.052
   0.53626      2.256684  0.024  0.050  0.028  0.099
   0.53626      2.256684  0.024  0.050  0.028  0.099
   0.55622      2.258336  0.024  0.050  0.028  0.099
   0.57617      2.263252  0.024  0.050  0.026  0.099
   0.59613      2.271316  0.024  0.048  0.026  0.100
   0.61609      2.282334  0.024  0.048  0.026  0.098
   0.63605      2.296039  0.024  0.048  0.026  0.098
   0.65600      2.303922  0.024  0.046  0.026  0.094
   0.67596      2.322302  0.024  0.044  0.027  0.095
   0.69592      2.342201  0.024  0.044  0.026  0.094
   0.71588      2.363095  0.023  0.043  0.026  0.091
   0.73584      2.384412  0.021  0.041  0.026  0.091
   0.75579      2.405554  0.021  0.040  0.027  0.088
   0.77575      2.425917  0.021  0.039  0.027  0.088
   0.79571      2.444913  0.021  0.037  0.028  0.086
   0.81567      2.461995  0.021  0.033  0.028  0.084
   0.83562      2.476684  0.021  0.032  0.029  0.083
   0.85558      2.488585  0.021  0.030  0.030  0.082
   0.87554      2.497394  0.021  0.030  0.032  0.080
   0.89550      2.502902  0.021  0.026  0.032  0.080
   0.91545      2.504943  0.021  0.026  0.032  0.080
   0.91545      2.504943  0.021  0.026  0.032  0.080
   0.94368      2.496525  0.019  0.030  0.031  0.079
   0.97190      2.477503  0.017  0.035  0.029  0.080
   1.00013      2.454524  0.016  0.042  0.027  0.086
   1.02835      2.430828  0.015  0.051  0.025  0.092
   1.05657      2.408428  0.014  0.059  0.023  0.098
   1.08480      2.388810  0.014  0.067  0.022  0.104
   1.11302      2.373167  0.013  0.075  0.021  0.112
   1.14125      2.362811  0.012  0.082  0.021  0.118
   1.16947      2.360102  0.012  0.086  0.023  0.122
   1.19769      2.376183  0.010  0.080  0.022  0.114
   1.22592      2.486934  0.003  0.019  0.007  0.031
   1.25414      2.612737  0.005  0.046  0.033  0.087
   1.28237      2.659877  0.007  0.092  0.047  0.146
   1.31059      2.694276  0.004  0.070  0.037  0.111
   1.33882      2.710621  0.004  0.057  0.030  0.091
   1.36704      2.715038  0.003  0.050  0.030  0.083
   1.39526      2.713180  0.002  0.040  0.041  0.084
   1.42349      2.707881  0.001  0.019  0.071  0.095
   1.45171      2.703285  0.000  0.000  0.102  0.102
   1.45171      2.703285  0.000  0.000  0.102  0.102
   1.47167      2.702881  0.000  0.000  0.102  0.103
   1.49163      2.701692  0.000  0.003  0.102  0.106
   1.51159      2.689894  0.002  0.016  0.050  0.070
   1.53154      2.696134  0.002  0.018  0.039  0.061
   1.55150      2.674416  0.003  0.024  0.014  0.040
   1.57146      2.686021  0.006  0.042  0.028  0.075
   1.59142      2.687383  0.000  0.032  0.096  0.128
   1.61137      2.683751  0.000  0.040  0.094  0.134
   1.63133      2.675044  0.000  0.002  0.022  0.028
   1.65129      2.642099  0.000  0.004  0.018  0.022
   1.67125      2.631651  0.010  0.018  0.006  0.034
   1.69120      2.615757  0.012  0.010  0.006  0.024
   1.71116      2.597033  0.010  0.010  0.006  0.024
   1.73112      2.579906  0.010  0.010  0.006  0.024
   1.75108      2.575367  0.000  0.016  0.031  0.050
   1.77103      2.577994  0.000  0.020  0.028  0.047
   1.79099      2.577302  0.000  0.018  0.024  0.042
   1.81095      2.574666  0.002  0.016  0.023  0.040
   1.83091      2.573392  0.002  0.014  0.022  0.040
 
# Band-Index:  112
   1.83091      2.600117  0.000  0.012  0.046  0.058
   1.81095      2.600268  0.000  0.012  0.046  0.058
   1.79099      2.601770  0.000  0.010  0.044  0.056
   1.77103      2.607622  0.002  0.012  0.040  0.054
   1.75108      2.619180  0.002  0.012  0.036  0.052
   1.73112      2.634644  0.002  0.016  0.036  0.054
   1.71116      2.651875  0.002  0.018  0.040  0.060
   1.69120      2.668929  0.002  0.022  0.042  0.064
   1.67125      2.673484  0.000  0.064  0.087  0.151
   1.65129      2.676709  0.000  0.056  0.088  0.146
   1.63133      2.680159  0.000  0.050  0.093  0.141
   1.61137      2.685671  0.000  0.041  0.095  0.135
   1.59142      2.689269  0.000  0.033  0.096  0.128
   1.57146      2.690938  0.000  0.024  0.096  0.123
   1.55150      2.694282  0.000  0.018  0.097  0.116
   1.53154      2.697278  0.000  0.012  0.100  0.112
   1.51159      2.699790  0.000  0.006  0.100  0.107
   1.49163      2.703045  0.000  0.003  0.102  0.106
   1.47167      2.704144  0.000  0.000  0.102  0.103
   1.45171      2.704515  0.000  0.000  0.102  0.102
   1.45171      2.704515  0.000  0.000  0.102  0.102
   1.42349      2.708826  0.001  0.019  0.071  0.094
   1.39526      2.713826  0.002  0.040  0.041  0.083
   1.36704      2.715507  0.003  0.050  0.030  0.083
   1.33882      2.710920  0.004  0.057  0.030  0.091
   1.31059      2.694316  0.004  0.070  0.037  0.111
   1.28237      2.660152  0.007  0.092  0.047  0.146
   1.25414      2.612912  0.005  0.046  0.033  0.087
   1.22592      2.486948  0.003  0.019  0.007  0.031
   1.19769      2.376386  0.010  0.080  0.022  0.114
   1.16947      2.360237  0.012  0.086  0.023  0.122
   1.14125      2.362892  0.012  0.082  0.021  0.117
   1.11302      2.373202  0.013  0.075  0.021  0.112
   1.08480      2.388816  0.014  0.067  0.022  0.104
   1.05657      2.408471  0.014  0.059  0.023  0.098
   1.02835      2.430904  0.015  0.051  0.025  0.092
   1.00013      2.454626  0.016  0.042  0.027  0.086
   0.97190      2.477619  0.017  0.035  0.029  0.080
   0.94368      2.496638  0.019  0.029  0.031  0.079
   0.91545      2.505044  0.021  0.026  0.032  0.080
   0.91545      2.505044  0.021  0.026  0.032  0.080
   0.89550      2.503627  0.021  0.026  0.032  0.080
   0.87554      2.498837  0.021  0.030  0.032  0.082
   0.85558      2.490753  0.021  0.031  0.030  0.082
   0.83562      2.479581  0.021  0.032  0.029  0.083
   0.81567      2.465616  0.021  0.034  0.028  0.084
   0.79571      2.449244  0.021  0.037  0.028  0.086
   0.77575      2.430933  0.022  0.038  0.026  0.088
   0.75579      2.411219  0.022  0.042  0.026  0.091
   0.73584      2.390682  0.022  0.043  0.026  0.092
   0.71588      2.369920  0.023  0.045  0.026  0.093
   0.69592      2.349528  0.024  0.044  0.024  0.094
   0.67596      2.330076  0.024  0.046  0.026  0.097
   0.65600      2.312089  0.024  0.046  0.026  0.098
   0.63605      2.308223  0.006  0.032  0.036  0.074
   0.61609      2.330184  0.012  0.020  0.016  0.052
   0.59613      2.315759  0.014  0.014  0.004  0.032
   0.57617      2.290700  0.014  0.012  0.006  0.032
   0.55622      2.272723  0.014  0.012  0.004  0.030
   0.53626      2.266361  0.014  0.010  0.004  0.030
   0.53626      2.266361  0.014  0.010  0.004  0.030
   0.50804      2.322492  0.018  0.022  0.016  0.056
   0.47981      2.371926  0.018  0.026  0.012  0.056
   0.45159      2.396312  0.014  0.032  0.016  0.062
   0.42336      2.401090  0.010  0.030  0.018  0.056
   0.39514      2.388529  0.006  0.018  0.010  0.036
   0.36691      2.350953  0.002  0.010  0.004  0.016
   0.33869      2.326277  0.000  0.036  0.014  0.048
   0.31047      2.349496  0.000  0.034  0.016  0.048
   0.28224      2.415485  0.000  0.056  0.028  0.084
   0.25402      2.459158  0.002  0.069  0.032  0.100
   0.22579      2.464294  0.002  0.062  0.010  0.073
   0.19757      2.471192  0.000  0.008  0.018  0.026
   0.16935      2.499992  0.000  0.018  0.008  0.028
   0.14112      2.526647  0.000  0.018  0.012  0.032
   0.11290      2.553342  0.000  0.014  0.014  0.032
   0.08467      2.562359  0.006  0.024  0.018  0.050
   0.05645      2.593997  0.000  0.011  0.048  0.059
   0.02822      2.598394  0.000  0.012  0.046  0.058
   0.00000      2.600117  0.000  0.012  0.046  0.058
 
# Band-Index:  113
   0.00000      2.612276  0.000  0.012  0.021  0.031
   0.02822      2.608060  0.000  0.012  0.020  0.030
   0.05645      2.595900  0.000  0.012  0.018  0.031
   0.08467      2.577080  0.000  0.012  0.016  0.032
   0.11290      2.568962  0.006  0.010  0.008  0.024
   0.14112      2.579299  0.006  0.008  0.008  0.022
   0.16935      2.522802  0.006  0.026  0.020  0.052
   0.19757      2.490840  0.000  0.006  0.017  0.024
   0.22579      2.492105  0.002  0.058  0.020  0.080
   0.25402      2.477180  0.002  0.097  0.012  0.111
   0.28224      2.429448  0.000  0.053  0.021  0.073
   0.31047      2.452530  0.000  0.035  0.031  0.065
   0.33869      2.455573  0.004  0.033  0.047  0.086
   0.36691      2.452898  0.002  0.037  0.051  0.092
   0.39514      2.463964  0.000  0.031  0.052  0.084
   0.42336      2.483494  0.000  0.029  0.053  0.081
   0.45159      2.481791  0.002  0.039  0.063  0.103
   0.47981      2.462219  0.001  0.053  0.065  0.119
   0.50804      2.423767  0.002  0.059  0.055  0.115
   0.53626      2.403395  0.000  0.062  0.053  0.116
   0.53626      2.403395  0.000  0.062  0.053  0.116
   0.55622      2.415249  0.000  0.064  0.051  0.115
   0.57617      2.429856  0.002  0.064  0.059  0.121
   0.59613      2.411994  0.000  0.064  0.058  0.120
   0.61609      2.405584  0.002  0.056  0.048  0.105
   0.63605      2.435375  0.004  0.046  0.026  0.078
   0.65600      2.484334  0.006  0.044  0.022  0.072
   0.67596      2.508263  0.000  0.070  0.056  0.126
   0.69592      2.494707  0.000  0.066  0.058  0.122
   0.71588      2.477741  0.000  0.060  0.056  0.116
   0.73584      2.465240  0.000  0.052  0.052  0.106
   0.75579      2.465480  0.000  0.042  0.048  0.090
   0.77575      2.481729  0.002  0.034  0.036  0.072
   0.79571      2.509997  0.004  0.024  0.030  0.058
   0.81567      2.542693  0.004  0.018  0.024  0.044
   0.83562      2.549057  0.000  0.024  0.036  0.060
   0.85558      2.523514  0.000  0.022  0.036  0.056
   0.87554      2.518571  0.000  0.018  0.034  0.050
   0.89550      2.531464  0.002  0.012  0.028  0.042
   0.91545      2.554140  0.002  0.007  0.022  0.031
   0.91545      2.554140  0.002  0.007  0.022  0.031
   0.94368      2.559022  0.004  0.006  0.024  0.034
   0.97190      2.568180  0.005  0.004  0.025  0.036
   1.00013      2.576840  0.005  0.005  0.025  0.036
   1.02835      2.584067  0.005  0.005  0.026  0.036
   1.05657      2.589996  0.004  0.006  0.028  0.037
   1.08480      2.594936  0.004  0.008  0.029  0.040
   1.11302      2.599192  0.004  0.011  0.030  0.044
   1.14125      2.603120  0.004  0.016  0.032  0.050
   1.16947      2.607251  0.002  0.021  0.033  0.057
   1.19769      2.612599  0.002  0.029  0.034  0.065
   1.22592      2.622521  0.002  0.043  0.034  0.077
   1.25414      2.665935  0.001  0.060  0.013  0.074
   1.28237      2.742532  0.004  0.092  0.013  0.109
   1.31059      2.783189  0.005  0.052  0.011  0.069
   1.33882      2.777480  0.008  0.029  0.011  0.049
   1.36704      2.758819  0.011  0.024  0.015  0.049
   1.39526      2.741460  0.011  0.023  0.014  0.050
   1.42349      2.729842  0.009  0.028  0.013  0.050
   1.45171      2.725872  0.008  0.032  0.009  0.050
   1.45171      2.725872  0.008  0.032  0.009  0.050
   1.47167      2.705511  0.006  0.052  0.007  0.068
   1.49163      2.704693  0.004  0.066  0.004  0.074
   1.51159      2.701265  0.000  0.006  0.100  0.107
   1.53154      2.698884  0.000  0.012  0.100  0.112
   1.55150      2.696007  0.000  0.018  0.097  0.116
   1.57146      2.692758  0.000  0.025  0.096  0.123
   1.59142      2.702565  0.002  0.028  0.046  0.080
   1.61137      2.701068  0.000  0.014  0.050  0.067
   1.63133      2.682084  0.000  0.050  0.093  0.141
   1.65129      2.678616  0.000  0.056  0.090  0.148
   1.67125      2.675356  0.000  0.064  0.087  0.153
   1.69120      2.670549  0.000  0.070  0.086  0.157
   1.71116      2.667952  0.000  0.079  0.085  0.163
   1.73112      2.665295  0.002  0.022  0.018  0.042
   1.75108      2.647724  0.000  0.016  0.020  0.036
   1.77103      2.632491  0.000  0.014  0.020  0.036
   1.79099      2.621247  0.000  0.012  0.020  0.032
   1.81095      2.614504  0.000  0.010  0.022  0.032
   1.83091      2.612276  0.000  0.012  0.021  0.031
 
# Band-Index:  114
   1.83091      2.660606  0.000  0.099  0.079  0.178
   1.81095      2.660811  0.000  0.098  0.079  0.177
   1.79099      2.661427  0.000  0.096  0.080  0.177
   1.77103      2.662454  0.000  0.093  0.080  0.174
   1.75108      2.663889  0.000  0.089  0.082  0.171
   1.73112      2.665725  0.000  0.084  0.084  0.168
   1.71116      2.669730  0.000  0.079  0.086  0.165
   1.69120      2.672376  0.000  0.073  0.086  0.159
   1.67125      2.679284  0.006  0.041  0.012  0.057
   1.65129      2.679728  0.010  0.019  0.010  0.035
   1.63133      2.702787  0.010  0.012  0.008  0.028
   1.61137      2.713660  0.000  0.016  0.018  0.036
   1.59142      2.729578  0.000  0.012  0.023  0.036
   1.57146      2.733497  0.000  0.014  0.046  0.059
   1.55150      2.731409  0.000  0.016  0.057  0.074
   1.53154      2.744650  0.002  0.026  0.033  0.063
   1.51159      2.744886  0.006  0.008  0.020  0.030
   1.49163      2.735909  0.008  0.012  0.014  0.036
   1.47167      2.732830  0.004  0.044  0.006  0.056
   1.45171      2.726463  0.008  0.032  0.009  0.049
   1.45171      2.726463  0.008  0.032  0.009  0.049
   1.42349      2.730513  0.009  0.028  0.013  0.050
   1.39526      2.742240  0.011  0.023  0.016  0.050
   1.36704      2.759626  0.011  0.024  0.015  0.049
   1.33882      2.778229  0.008  0.029  0.011  0.050
   1.31059      2.783724  0.005  0.052  0.011  0.070
   1.28237      2.742737  0.004  0.092  0.013  0.108
   1.25414      2.666020  0.001  0.060  0.014  0.074
   1.22592      2.622787  0.002  0.043  0.033  0.078
   1.19769      2.612844  0.002  0.029  0.034  0.065
   1.16947      2.607475  0.002  0.021  0.033  0.057
   1.14125      2.603315  0.004  0.016  0.032  0.050
   1.11302      2.599361  0.004  0.011  0.029  0.044
   1.08480      2.595089  0.004  0.008  0.029  0.040
   1.05657      2.590148  0.004  0.006  0.028  0.037
   1.02835      2.584229  0.005  0.005  0.026  0.035
   1.00013      2.577022  0.005  0.005  0.025  0.036
   0.97190      2.568389  0.005  0.004  0.025  0.036
   0.94368      2.559266  0.004  0.006  0.024  0.034
   0.91545      2.554407  0.002  0.007  0.022  0.031
   0.91545      2.554407  0.002  0.007  0.022  0.031
   0.89550      2.577271  0.004  0.002  0.020  0.026
   0.87554      2.591197  0.004  0.000  0.016  0.020
   0.85558      2.589582  0.004  0.002  0.016  0.024
   0.83562      2.571740  0.004  0.008  0.018  0.030
   0.81567      2.591905  0.000  0.027  0.034  0.062
   0.79571      2.645967  0.002  0.026  0.032  0.062
   0.77575      2.705476  0.002  0.024  0.030  0.056
   0.75579      2.763105  0.004  0.006  0.020  0.030
   0.73584      2.724997  0.004  0.044  0.020  0.066
   0.71588      2.662455  0.004  0.046  0.020  0.070
   0.69592      2.600471  0.004  0.046  0.020  0.070
   0.67596      2.540523  0.006  0.046  0.022  0.070
   0.65600      2.513415  0.000  0.072  0.056  0.126
   0.63605      2.508138  0.000  0.072  0.054  0.124
   0.61609      2.492765  0.000  0.070  0.050  0.120
   0.59613      2.469309  0.000  0.067  0.049  0.116
   0.57617      2.441319  0.000  0.065  0.049  0.114
   0.55622      2.442755  0.002  0.063  0.059  0.121
   0.53626      2.447273  0.002  0.063  0.058  0.121
   0.53626      2.447273  0.002  0.063  0.058  0.121
   0.50804      2.450303  0.002  0.060  0.061  0.124
   0.47981      2.463367  0.003  0.051  0.060  0.116
   0.45159      2.500371  0.002  0.043  0.067  0.117
   0.42336      2.524138  0.002  0.035  0.071  0.110
   0.39514      2.528595  0.000  0.030  0.064  0.097
   0.36691      2.513938  0.000  0.029  0.051  0.079
   0.33869      2.485820  0.000  0.029  0.037  0.069
   0.31047      2.468120  0.003  0.028  0.041  0.072
   0.28224      2.506959  0.002  0.010  0.018  0.030
   0.25402      2.506822  0.002  0.004  0.012  0.020
   0.22579      2.523449  0.000  0.000  0.036  0.036
   0.19757      2.548499  0.006  0.136  0.016  0.160
   0.16935      2.593725  0.004  0.014  0.014  0.032
   0.14112      2.586948  0.000  0.004  0.058  0.062
   0.11290      2.585803  0.000  0.006  0.054  0.062
   0.08467      2.588948  0.000  0.008  0.050  0.060
   0.05645      2.596745  0.002  0.093  0.070  0.167
   0.02822      2.641324  0.001  0.096  0.077  0.176
   0.00000      2.660606  0.000  0.099  0.079  0.178
 
# Band-Index:  115
   0.00000      2.662219  0.000  0.099  0.079  0.178
   0.02822      2.643868  0.000  0.096  0.075  0.170
   0.05645      2.601633  0.000  0.069  0.046  0.116
   0.08467      2.591075  0.000  0.014  0.016  0.030
   0.11290      2.597822  0.002  0.010  0.018  0.030
   0.14112      2.604976  0.002  0.014  0.018  0.030
   0.16935      2.594140  0.000  0.004  0.060  0.064
   0.19757      2.593350  0.002  0.016  0.016  0.036
   0.22579      2.565013  0.002  0.043  0.014  0.062
   0.25402      2.567924  0.000  0.002  0.042  0.043
   0.28224      2.569933  0.006  0.016  0.004  0.024
   0.31047      2.613904  0.004  0.014  0.006  0.026
   0.33869      2.662360  0.002  0.019  0.012  0.033
   0.36691      2.680317  0.004  0.033  0.033  0.068
   0.39514      2.675885  0.009  0.039  0.026  0.074
   0.42336      2.646042  0.010  0.035  0.016  0.062
   0.45159      2.633271  0.008  0.026  0.008  0.040
   0.47981      2.639244  0.004  0.018  0.009  0.032
   0.50804      2.647268  0.004  0.014  0.012  0.032
   0.53626      2.650311  0.004  0.014  0.013  0.031
   0.53626      2.650311  0.004  0.014  0.013  0.031
   0.55622      2.652690  0.004  0.014  0.013  0.031
   0.57617      2.659763  0.004  0.014  0.014  0.031
   0.59613      2.671350  0.004  0.014  0.014  0.031
   0.61609      2.687158  0.004  0.014  0.015  0.033
   0.63605      2.706784  0.003  0.014  0.016  0.033
   0.65600      2.729727  0.002  0.014  0.017  0.035
   0.67596      2.755393  0.002  0.014  0.019  0.036
   0.69592      2.783099  0.002  0.014  0.021  0.037
   0.71588      2.812063  0.003  0.013  0.022  0.038
   0.73584      2.828659  0.002  0.038  0.030  0.070
   0.75579      2.793939  0.000  0.078  0.036  0.114
   0.77575      2.852637  0.002  0.062  0.026  0.088
   0.79571      2.912919  0.002  0.062  0.026  0.090
   0.81567      2.937709  0.001  0.012  0.041  0.054
   0.83562      2.951413  0.000  0.015  0.048  0.063
   0.85558      2.961117  0.000  0.017  0.054  0.072
   0.87554      2.967724  0.000  0.017  0.060  0.076
   0.89550      2.971905  0.000  0.017  0.061  0.081
   0.91545      2.973719  0.001  0.018  0.063  0.082
   0.91545      2.973719  0.001  0.018  0.063  0.082
   0.94368      2.964187  0.001  0.017  0.061  0.079
   0.97190      2.939558  0.001  0.014  0.056  0.072
   1.00013      2.906794  0.001  0.011  0.051  0.064
   1.02835      2.871796  0.001  0.010  0.049  0.060
   1.05657      2.838455  0.001  0.010  0.046  0.057
   1.08480      2.808889  0.001  0.009  0.042  0.052
   1.11302      2.784006  0.001  0.008  0.038  0.047
   1.14125      2.764035  0.001  0.008  0.035  0.043
   1.16947      2.749232  0.001  0.008  0.030  0.039
   1.19769      2.741297  0.001  0.009  0.025  0.037
   1.22592      2.747205  0.001  0.012  0.022  0.035
   1.25414      2.794236  0.001  0.011  0.016  0.028
   1.28237      2.883177  0.002  0.042  0.029  0.074
   1.31059      2.874746  0.009  0.024  0.038  0.071
   1.33882      2.860278  0.005  0.024  0.045  0.076
   1.36704      2.847155  0.003  0.027  0.049  0.080
   1.39526      2.830904  0.003  0.029  0.047  0.079
   1.42349      2.814822  0.003  0.033  0.039  0.075
   1.45171      2.807675  0.005  0.034  0.033  0.072
   1.45171      2.807675  0.005  0.034  0.033  0.072
   1.47167      2.808052  0.002  0.028  0.042  0.074
   1.49163      2.806482  0.004  0.040  0.020  0.064
   1.51159      2.778185  0.004  0.034  0.021  0.058
   1.53154      2.757462  0.002  0.008  0.016  0.028
   1.55150      2.775927  0.004  0.008  0.014  0.028
   1.57146      2.783864  0.006  0.008  0.010  0.024
   1.59142      2.762594  0.010  0.008  0.006  0.024
   1.61137      2.731962  0.010  0.010  0.008  0.026
   1.63133      2.705010  0.000  0.022  0.044  0.066
   1.65129      2.696227  0.002  0.021  0.046  0.068
   1.67125      2.684097  0.002  0.021  0.046  0.067
   1.69120      2.688250  0.004  0.040  0.014  0.056
   1.71116      2.681333  0.002  0.028  0.018  0.048
   1.73112      2.667456  0.000  0.085  0.084  0.169
   1.75108      2.665578  0.000  0.090  0.082  0.172
   1.77103      2.664110  0.000  0.094  0.080  0.175
   1.79099      2.663060  0.000  0.097  0.080  0.178
   1.81095      2.662429  0.000  0.099  0.079  0.178
   1.83091      2.662219  0.000  0.099  0.079  0.178
 
# Band-Index:  116
   1.83091      2.736622  0.008  0.028  0.040  0.077
   1.81095      2.739078  0.008  0.028  0.040  0.078
   1.79099      2.746183  0.008  0.030  0.040  0.080
   1.77103      2.757251  0.008  0.030  0.038  0.080
   1.75108      2.771399  0.008  0.031  0.038  0.080
   1.73112      2.787720  0.008  0.032  0.036  0.079
   1.71116      2.805428  0.008  0.032  0.036  0.076
   1.69120      2.824218  0.008  0.031  0.037  0.074
   1.67125      2.837835  0.002  0.010  0.019  0.032
   1.65129      2.847994  0.000  0.014  0.020  0.036
   1.63133      2.861505  0.000  0.018  0.021  0.043
   1.61137      2.857521  0.002  0.034  0.030  0.068
   1.59142      2.845724  0.002  0.032  0.024  0.060
   1.57146      2.839904  0.002  0.030  0.014  0.048
   1.55150      2.861651  0.006  0.026  0.006  0.038
   1.53154      2.893546  0.004  0.036  0.010  0.050
   1.51159      2.895641  0.000  0.064  0.032  0.100
   1.49163      2.845879  0.000  0.048  0.040  0.090
   1.47167      2.815659  0.004  0.042  0.024  0.072
   1.45171      2.808016  0.005  0.034  0.033  0.072
   1.45171      2.808016  0.005  0.034  0.033  0.072
   1.42349      2.815189  0.003  0.033  0.039  0.074
   1.39526      2.831311  0.003  0.029  0.047  0.079
   1.36704      2.847579  0.003  0.027  0.049  0.080
   1.33882      2.860727  0.005  0.024  0.045  0.076
   1.31059      2.875261  0.009  0.024  0.038  0.071
   1.28237      2.883237  0.002  0.045  0.028  0.077
   1.25414      2.794871  0.001  0.011  0.017  0.028
   1.22592      2.747730  0.001  0.012  0.022  0.035
   1.19769      2.741838  0.001  0.009  0.025  0.037
   1.16947      2.749853  0.001  0.008  0.030  0.039
   1.14125      2.764759  0.001  0.008  0.035  0.043
   1.11302      2.784827  0.001  0.008  0.038  0.047
   1.08480      2.809790  0.001  0.009  0.042  0.052
   1.05657      2.839414  0.001  0.010  0.046  0.057
   1.02835      2.872793  0.001  0.010  0.049  0.060
   1.00013      2.907809  0.001  0.011  0.051  0.064
   0.97190      2.940576  0.001  0.014  0.056  0.072
   0.94368      2.965199  0.001  0.017  0.061  0.079
   0.91545      2.974733  0.001  0.018  0.064  0.082
   0.91545      2.974733  0.001  0.018  0.064  0.082
   0.89550      2.974690  0.000  0.017  0.063  0.081
   0.87554      2.973087  0.000  0.016  0.061  0.077
   0.85558      2.969269  0.000  0.013  0.056  0.072
   0.83562      2.962525  0.001  0.011  0.050  0.064
   0.81567      2.951724  0.002  0.009  0.043  0.054
   0.79571      2.919313  0.002  0.012  0.033  0.046
   0.77575      2.896365  0.004  0.011  0.028  0.042
   0.75579      2.869910  0.004  0.011  0.025  0.040
   0.73584      2.841367  0.004  0.012  0.023  0.039
   0.71588      2.832959  0.004  0.011  0.028  0.042
   0.69592      2.805285  0.004  0.013  0.027  0.042
   0.67596      2.779029  0.004  0.013  0.025  0.042
   0.65600      2.754883  0.004  0.012  0.025  0.042
   0.63605      2.733431  0.004  0.012  0.023  0.038
   0.61609      2.715170  0.003  0.012  0.023  0.038
   0.59613      2.700516  0.003  0.012  0.022  0.038
   0.57617      2.689804  0.003  0.012  0.021  0.038
   0.55622      2.683278  0.004  0.012  0.021  0.037
   0.53626      2.681085  0.004  0.012  0.021  0.037
   0.53626      2.681085  0.004  0.012  0.021  0.037
   0.50804      2.680883  0.004  0.013  0.020  0.037
   0.47981      2.680227  0.004  0.016  0.017  0.036
   0.45159      2.679276  0.004  0.018  0.013  0.038
   0.42336      2.678861  0.004  0.024  0.011  0.041
   0.39514      2.679630  0.004  0.029  0.021  0.054
   0.36691      2.690204  0.004  0.031  0.021  0.056
   0.33869      2.679695  0.002  0.036  0.040  0.077
   0.31047      2.670600  0.000  0.002  0.052  0.055
   0.28224      2.617513  0.000  0.002  0.047  0.050
   0.25402      2.645611  0.000  0.016  0.006  0.022
   0.22579      2.629921  0.000  0.004  0.068  0.071
   0.19757      2.608365  0.000  0.002  0.065  0.069
   0.16935      2.602239  0.004  0.035  0.018  0.057
   0.14112      2.647324  0.004  0.014  0.029  0.047
   0.11290      2.703547  0.006  0.012  0.030  0.048
   0.08467      2.726349  0.006  0.016  0.032  0.054
   0.05645      2.737137  0.006  0.022  0.034  0.066
   0.02822      2.738918  0.008  0.028  0.038  0.074
   0.00000      2.736622  0.008  0.028  0.040  0.077
 
# Band-Index:  117
   0.00000      2.859453  0.010  0.022  0.006  0.034
   0.02822      2.859050  0.010  0.026  0.006  0.040
   0.05645      2.854409  0.010  0.034  0.008  0.050
   0.08467      2.841550  0.010  0.042  0.012  0.062
   0.11290      2.817521  0.010  0.057  0.018  0.086
   0.14112      2.775282  0.010  0.084  0.024  0.116
   0.16935      2.712829  0.008  0.104  0.024  0.134
   0.19757      2.676942  0.000  0.050  0.020  0.070
   0.22579      2.679628  0.000  0.020  0.014  0.036
   0.25402      2.658568  0.000  0.002  0.071  0.074
   0.28224      2.679455  0.002  0.050  0.032  0.086
   0.31047      2.678537  0.002  0.042  0.038  0.082
   0.33869      2.725835  0.000  0.004  0.057  0.060
   0.36691      2.781659  0.000  0.004  0.062  0.067
   0.39514      2.828913  0.004  0.012  0.018  0.036
   0.42336      2.847395  0.000  0.008  0.016  0.024
   0.45159      2.862853  0.000  0.007  0.016  0.024
   0.47981      2.873521  0.000  0.004  0.002  0.005
   0.50804      2.875302  0.000  0.004  0.002  0.004
   0.53626      2.876265  0.000  0.004  0.002  0.004
   0.53626      2.876265  0.000  0.004  0.002  0.004
   0.55622      2.879703  0.000  0.004  0.002  0.004
   0.57617      2.889958  0.000  0.004  0.002  0.004
   0.59613      2.906836  0.000  0.004  0.002  0.004
   0.61609      2.929957  0.000  0.003  0.002  0.006
   0.63605      2.958459  0.000  0.002  0.004  0.008
   0.65600      2.987300  0.000  0.006  0.036  0.038
   0.67596      2.979969  0.002  0.026  0.022  0.050
   0.69592      2.935127  0.002  0.028  0.026  0.055
   0.71588      2.884243  0.002  0.032  0.028  0.062
   0.73584      2.861188  0.004  0.010  0.029  0.042
   0.75579      2.888820  0.003  0.010  0.029  0.042
   0.77575      2.914280  0.002  0.008  0.031  0.041
   0.79571      2.935691  0.002  0.009  0.035  0.045
   0.81567      2.970359  0.002  0.066  0.028  0.093
   0.83562      3.001250  0.000  0.098  0.039  0.137
   0.85558      2.991178  0.000  0.107  0.043  0.148
   0.87554      2.995084  0.000  0.110  0.045  0.154
   0.89550      3.012937  0.000  0.110  0.044  0.153
   0.91545      3.039380  0.000  0.109  0.042  0.149
   0.91545      3.039380  0.000  0.109  0.042  0.149
   0.94368      3.046082  0.000  0.106  0.044  0.151
   0.97190      3.062961  0.000  0.102  0.052  0.153
   1.00013      3.080081  0.001  0.091  0.065  0.157
   1.02835      3.074852  0.001  0.091  0.061  0.153
   1.05657      3.057268  0.001  0.096  0.049  0.146
   1.08480      3.035140  0.001  0.098  0.038  0.136
   1.11302      3.009949  0.000  0.097  0.026  0.125
   1.14125      2.983436  0.000  0.095  0.019  0.114
   1.16947      2.957516  0.000  0.093  0.012  0.105
   1.19769      2.933204  0.001  0.092  0.009  0.102
   1.22592      2.911205  0.001  0.094  0.008  0.103
   1.25414      2.894027  0.003  0.100  0.008  0.111
   1.28237      2.889250  0.010  0.080  0.018  0.109
   1.31059      2.921175  0.006  0.150  0.048  0.205
   1.33882      2.969853  0.005  0.102  0.065  0.172
   1.36704      2.994845  0.003  0.056  0.069  0.129
   1.39526      3.002097  0.002  0.038  0.066  0.107
   1.42349      3.003024  0.001  0.031  0.064  0.095
   1.45171      3.002891  0.001  0.030  0.062  0.093
   1.45171      3.002891  0.001  0.030  0.062  0.093
   1.47167      2.981667  0.002  0.005  0.007  0.017
   1.49163      2.969051  0.003  0.013  0.005  0.022
   1.51159      2.959334  0.006  0.003  0.002  0.014
   1.53154      2.971875  0.000  0.020  0.008  0.033
   1.55150      2.944074  0.000  0.015  0.018  0.036
   1.57146      2.913357  0.000  0.022  0.020  0.044
   1.59142      2.891596  0.000  0.024  0.024  0.050
   1.61137      2.876014  0.000  0.024  0.022  0.050
   1.63133      2.863461  0.004  0.036  0.033  0.074
   1.65129      2.859540  0.004  0.034  0.036  0.079
   1.67125      2.843964  0.006  0.031  0.038  0.076
   1.69120      2.833107  0.002  0.008  0.017  0.030
   1.71116      2.834273  0.006  0.008  0.016  0.029
   1.73112      2.839857  0.006  0.010  0.014  0.030
   1.75108      2.847037  0.006  0.014  0.010  0.030
   1.77103      2.853167  0.008  0.016  0.008  0.033
   1.79099      2.857061  0.010  0.020  0.006  0.033
   1.81095      2.858933  0.010  0.020  0.006  0.034
   1.83091      2.859453  0.010  0.022  0.006  0.034
 
# Band-Index:  118
   1.83091      2.891076  0.004  0.010  0.050  0.068
   1.81095      2.892041  0.004  0.010  0.050  0.068
   1.79099      2.894671  0.004  0.012  0.050  0.068
   1.77103      2.898188  0.006  0.014  0.050  0.068
   1.75108      2.901331  0.006  0.016  0.050  0.070
   1.73112      2.902420  0.006  0.020  0.046  0.068
   1.71116      2.899843  0.006  0.022  0.044  0.068
   1.69120      2.894498  0.004  0.022  0.040  0.066
   1.67125      2.893390  0.004  0.018  0.038  0.054
   1.65129      2.906310  0.002  0.006  0.036  0.044
   1.63133      2.935880  0.002  0.002  0.038  0.042
   1.61137      2.974223  0.000  0.006  0.040  0.048
   1.59142      3.015418  0.000  0.008  0.044  0.054
   1.57146      3.022101  0.002  0.058  0.004  0.068
   1.55150      3.008178  0.002  0.049  0.002  0.054
   1.53154      2.986693  0.002  0.038  0.017  0.060
   1.51159      2.972474  0.004  0.022  0.004  0.031
   1.49163      2.974303  0.006  0.011  0.018  0.035
   1.47167      2.987718  0.003  0.022  0.045  0.070
   1.45171      3.003497  0.001  0.030  0.064  0.095
   1.45171      3.003497  0.001  0.030  0.064  0.095
   1.42349      3.003606  0.001  0.032  0.064  0.097
   1.39526      3.002600  0.002  0.038  0.065  0.106
   1.36704      2.995229  0.003  0.056  0.068  0.130
   1.33882      2.970110  0.006  0.102  0.065  0.172
   1.31059      2.921233  0.006  0.151  0.048  0.205
   1.28237      2.889658  0.010  0.082  0.018  0.112
   1.25414      2.894467  0.003  0.100  0.008  0.111
   1.22592      2.911654  0.001  0.094  0.008  0.103
   1.19769      2.933632  0.001  0.092  0.009  0.102
   1.16947      2.957912  0.000  0.093  0.013  0.105
   1.14125      2.983798  0.000  0.095  0.019  0.114
   1.11302      3.010265  0.000  0.097  0.026  0.125
   1.08480      3.035398  0.001  0.098  0.038  0.136
   1.05657      3.057464  0.001  0.096  0.049  0.146
   1.02835      3.075000  0.001  0.091  0.061  0.153
   1.00013      3.080320  0.001  0.093  0.064  0.157
   0.97190      3.063327  0.000  0.102  0.052  0.154
   0.94368      3.046486  0.000  0.106  0.044  0.151
   0.91545      3.039803  0.000  0.108  0.043  0.150
   0.91545      3.039803  0.000  0.108  0.043  0.150
   0.89550      3.066569  0.000  0.109  0.038  0.146
   0.87554      3.079928  0.000  0.105  0.030  0.136
   0.85558      3.063340  0.000  0.088  0.028  0.116
   0.83562      3.022432  0.000  0.074  0.028  0.101
   0.81567      3.020624  0.000  0.088  0.034  0.122
   0.79571      3.038345  0.002  0.038  0.106  0.146
   0.77575      3.024724  0.000  0.033  0.111  0.142
   0.75579      3.015302  0.000  0.027  0.110  0.137
   0.73584      3.008839  0.000  0.023  0.105  0.130
   0.71588      3.004265  0.000  0.019  0.100  0.120
   0.69592      3.000787  0.000  0.017  0.095  0.111
   0.67596      2.997369  0.000  0.014  0.085  0.097
   0.65600      2.993788  0.000  0.006  0.028  0.036
   0.63605      2.964653  0.000  0.004  0.017  0.024
   0.61609      2.938415  0.000  0.005  0.014  0.021
   0.59613      2.917155  0.000  0.004  0.014  0.018
   0.57617      2.901604  0.000  0.004  0.014  0.018
   0.55622      2.892141  0.000  0.004  0.014  0.018
   0.53626      2.888966  0.000  0.004  0.014  0.018
   0.53626      2.888966  0.000  0.004  0.014  0.018
   0.50804      2.885417  0.000  0.004  0.014  0.018
   0.47981      2.875938  0.000  0.005  0.014  0.020
   0.45159      2.873642  0.000  0.003  0.002  0.009
   0.42336      2.878179  0.000  0.004  0.005  0.011
   0.39514      2.836162  0.000  0.006  0.065  0.071
   0.36691      2.819206  0.010  0.031  0.032  0.070
   0.33869      2.779292  0.000  0.005  0.079  0.084
   0.31047      2.734323  0.000  0.004  0.077  0.081
   0.28224      2.693680  0.000  0.004  0.073  0.078
   0.25402      2.688412  0.006  0.066  0.022  0.092
   0.22579      2.715573  0.008  0.056  0.012  0.076
   0.19757      2.741329  0.006  0.016  0.016  0.034
   0.16935      2.760163  0.004  0.006  0.016  0.026
   0.14112      2.802119  0.002  0.006  0.012  0.018
   0.11290      2.885659  0.000  0.006  0.011  0.018
   0.08467      2.927670  0.002  0.014  0.040  0.058
   0.05645      2.915718  0.004  0.018  0.052  0.074
   0.02822      2.898507  0.004  0.014  0.052  0.070
   0.00000      2.891076  0.004  0.010  0.050  0.068
 
# Band-Index:  119
   0.00000      3.000850  0.004  0.020  0.084  0.106
   0.02822      3.000961  0.004  0.018  0.078  0.098
   0.05645      2.991576  0.002  0.014  0.060  0.076
   0.08467      2.962408  0.000  0.010  0.042  0.054
   0.11290      2.919483  0.000  0.008  0.030  0.038
   0.14112      2.876849  0.000  0.006  0.022  0.028
   0.16935      2.847485  0.000  0.004  0.016  0.022
   0.19757      2.830266  0.000  0.004  0.012  0.020
   0.22579      2.808928  0.000  0.006  0.010  0.016
   0.25402      2.766688  0.000  0.008  0.012  0.022
   0.28224      2.775143  0.002  0.006  0.012  0.022
   0.31047      2.803538  0.002  0.008  0.010  0.020
   0.33869      2.834253  0.004  0.006  0.006  0.018
   0.36691      2.827090  0.000  0.006  0.081  0.089
   0.39514      2.875897  0.000  0.009  0.082  0.091
   0.42336      2.887010  0.000  0.006  0.070  0.076
   0.45159      2.931439  0.000  0.008  0.072  0.078
   0.47981      2.966387  0.000  0.008  0.074  0.082
   0.50804      2.988880  0.000  0.009  0.076  0.084
   0.53626      2.996660  0.000  0.009  0.076  0.084
   0.53626      2.996660  0.000  0.009  0.076  0.084
   0.55622      2.996725  0.000  0.009  0.076  0.084
   0.57617      2.996939  0.000  0.009  0.077  0.086
   0.59613      2.997364  0.000  0.010  0.079  0.088
   0.61609      2.998159  0.000  0.010  0.080  0.092
   0.63605      2.999864  0.000  0.012  0.083  0.095
   0.65600      3.007109  0.000  0.010  0.058  0.071
   0.67596      3.015344  0.000  0.016  0.082  0.096
   0.69592      3.020418  0.000  0.020  0.106  0.128
   0.71588      3.022272  0.000  0.023  0.113  0.137
   0.73584      3.025072  0.000  0.026  0.116  0.142
   0.75579      3.030026  0.000  0.032  0.117  0.147
   0.77575      3.038049  0.001  0.034  0.116  0.152
   0.79571      3.043384  0.000  0.078  0.028  0.108
   0.81567      3.056677  0.002  0.044  0.097  0.144
   0.83562      3.078455  0.002  0.049  0.086  0.137
   0.85558      3.100955  0.003  0.053  0.074  0.132
   0.87554      3.120908  0.004  0.057  0.063  0.126
   0.89550      3.134947  0.004  0.062  0.057  0.123
   0.91545      3.140243  0.004  0.063  0.056  0.122
   0.91545      3.140243  0.004  0.063  0.056  0.122
   0.94368      3.132866  0.003  0.067  0.058  0.129
   0.97190      3.118873  0.003  0.076  0.059  0.137
   1.00013      3.110833  0.001  0.088  0.054  0.143
   1.02835      3.126660  0.001  0.089  0.060  0.152
   1.05657      3.143800  0.001  0.067  0.069  0.136
   1.08480      3.119535  0.000  0.019  0.039  0.058
   1.11302      3.078092  0.000  0.010  0.033  0.043
   1.14125      3.041472  0.000  0.009  0.033  0.042
   1.16947      3.011957  0.000  0.010  0.032  0.042
   1.19769      2.988691  0.002  0.009  0.032  0.042
   1.22592      2.967061  0.004  0.011  0.032  0.047
   1.25414      2.941760  0.007  0.016  0.035  0.058
   1.28237      2.945624  0.003  0.027  0.018  0.047
   1.31059      3.035696  0.000  0.005  0.007  0.016
   1.33882      3.033118  0.001  0.003  0.006  0.011
   1.36704      3.023380  0.002  0.005  0.006  0.013
   1.39526      3.017276  0.002  0.006  0.006  0.017
   1.42349      3.014262  0.002  0.007  0.008  0.019
   1.45171      3.013364  0.003  0.008  0.009  0.019
   1.45171      3.013364  0.003  0.008  0.009  0.019
   1.47167      3.029569  0.000  0.043  0.067  0.111
   1.49163      3.063278  0.000  0.041  0.066  0.108
   1.51159      3.041110  0.000  0.015  0.016  0.028
   1.53154      3.008917  0.002  0.030  0.007  0.040
   1.55150      3.029683  0.002  0.052  0.030  0.085
   1.57146      3.047718  0.002  0.042  0.044  0.089
   1.59142      3.049337  0.002  0.067  0.011  0.082
   1.61137      3.037539  0.000  0.036  0.056  0.090
   1.63133      3.023589  0.000  0.030  0.062  0.092
   1.65129      3.015031  0.000  0.026  0.068  0.098
   1.67125      3.015444  0.000  0.026  0.076  0.102
   1.69120      3.027536  0.000  0.030  0.078  0.110
   1.71116      3.049063  0.006  0.014  0.084  0.104
   1.73112      3.035317  0.006  0.014  0.086  0.106
   1.75108      3.023403  0.004  0.016  0.086  0.106
   1.77103      3.013743  0.004  0.018  0.084  0.108
   1.79099      3.006643  0.004  0.018  0.084  0.107
   1.81095      3.002308  0.004  0.020  0.084  0.108
   1.83091      3.000850  0.004  0.020  0.084  0.106
 
# Band-Index:  120
   1.83091      3.079614  0.004  0.015  0.020  0.036
   1.81095      3.080111  0.002  0.016  0.020  0.036
   1.79099      3.081733  0.002  0.014  0.020  0.036
   1.77103      3.084886  0.002  0.018  0.016  0.038
   1.75108      3.090177  0.002  0.022  0.014  0.038
   1.73112      3.084162  0.000  0.042  0.078  0.118
   1.71116      3.051927  0.000  0.037  0.078  0.115
   1.69120      3.064132  0.006  0.012  0.082  0.102
   1.67125      3.080001  0.006  0.010  0.076  0.094
   1.65129      3.096190  0.008  0.010  0.070  0.090
   1.63133      3.110677  0.006  0.022  0.068  0.098
   1.61137      3.088635  0.002  0.070  0.026  0.098
   1.59142      3.051289  0.000  0.040  0.048  0.090
   1.57146      3.063048  0.000  0.018  0.043  0.060
   1.55150      3.097825  0.000  0.014  0.052  0.066
   1.53154      3.124445  0.002  0.016  0.066  0.081
   1.51159      3.102048  0.002  0.050  0.057  0.111
   1.49163      3.086861  0.000  0.022  0.012  0.034
   1.47167      3.054214  0.004  0.010  0.012  0.027
   1.45171      3.013405  0.003  0.007  0.009  0.020
   1.45171      3.013405  0.003  0.007  0.009  0.020
   1.42349      3.014309  0.002  0.007  0.008  0.018
   1.39526      3.017406  0.002  0.006  0.005  0.016
   1.36704      3.023647  0.002  0.005  0.006  0.014
   1.33882      3.033499  0.001  0.003  0.006  0.011
   1.31059      3.036148  0.000  0.006  0.007  0.016
   1.28237      2.945681  0.003  0.027  0.018  0.050
   1.25414      2.942479  0.007  0.016  0.034  0.058
   1.22592      2.967672  0.004  0.011  0.032  0.047
   1.19769      2.989203  0.002  0.009  0.031  0.042
   1.16947      3.012441  0.000  0.010  0.032  0.042
   1.14125      3.041967  0.000  0.009  0.033  0.042
   1.11302      3.078609  0.000  0.010  0.033  0.043
   1.08480      3.120061  0.000  0.019  0.039  0.058
   1.05657      3.144226  0.001  0.068  0.069  0.136
   1.02835      3.127042  0.001  0.089  0.060  0.152
   1.00013      3.111076  0.001  0.087  0.055  0.144
   0.97190      3.118953  0.003  0.075  0.060  0.138
   0.94368      3.132889  0.003  0.067  0.058  0.129
   0.91545      3.140251  0.004  0.063  0.055  0.123
   0.91545      3.140251  0.004  0.063  0.055  0.123
   0.89550      3.135801  0.004  0.063  0.059  0.125
   0.87554      3.123072  0.004  0.058  0.067  0.129
   0.85558      3.105048  0.003  0.053  0.079  0.134
   0.83562      3.085009  0.002  0.049  0.090  0.142
   0.81567      3.065909  0.002  0.046  0.102  0.148
   0.79571      3.049935  0.002  0.039  0.111  0.150
   0.77575      3.064762  0.000  0.068  0.022  0.090
   0.75579      3.081593  0.000  0.058  0.016  0.076
   0.73584      3.092347  0.000  0.048  0.010  0.058
   0.71588      3.097323  0.000  0.036  0.006  0.044
   0.69592      3.080261  0.000  0.004  0.015  0.019
   0.67596      3.038420  0.000  0.008  0.012  0.019
   0.65600      3.018141  0.002  0.022  0.020  0.044
   0.63605      3.033655  0.000  0.014  0.100  0.112
   0.61609      3.035766  0.000  0.012  0.098  0.112
   0.59613      3.038303  0.000  0.013  0.098  0.111
   0.57617      3.040557  0.000  0.012  0.096  0.109
   0.55622      3.042090  0.000  0.012  0.096  0.108
   0.53626      3.042632  0.000  0.012  0.096  0.108
   0.53626      3.042632  0.000  0.012  0.096  0.108
   0.50804      3.031979  0.000  0.012  0.092  0.103
   0.47981      3.004892  0.000  0.010  0.088  0.100
   0.45159      2.967500  0.000  0.011  0.086  0.097
   0.42336      2.923540  0.000  0.010  0.084  0.094
   0.39514      2.888294  0.000  0.007  0.010  0.016
   0.36691      2.866858  0.006  0.010  0.006  0.022
   0.33869      2.842274  0.014  0.058  0.042  0.114
   0.31047      2.881239  0.014  0.075  0.038  0.128
   0.28224      2.899874  0.012  0.042  0.029  0.082
   0.25402      2.888110  0.010  0.072  0.030  0.114
   0.22579      2.922831  0.010  0.136  0.026  0.171
   0.19757      2.991610  0.002  0.008  0.028  0.038
   0.16935      3.000051  0.002  0.022  0.038  0.058
   0.14112      2.997559  0.002  0.030  0.044  0.072
   0.11290      2.998096  0.002  0.030  0.044  0.074
   0.08467      3.052265  0.000  0.014  0.020  0.036
   0.05645      3.084912  0.004  0.014  0.020  0.036
   0.02822      3.081020  0.004  0.016  0.020  0.036
   0.00000      3.079614  0.004  0.015  0.020  0.036
 
# Band-Index:  121
   0.00000      3.187447  0.000  0.000  0.006  0.006
   0.02822      3.184352  0.000  0.040  0.078  0.119
   0.05645      3.143661  0.000  0.004  0.018  0.026
   0.08467      3.090990  0.004  0.012  0.020  0.038
   0.11290      3.099772  0.004  0.012  0.022  0.036
   0.14112      3.108327  0.000  0.020  0.088  0.106
   0.16935      3.102263  0.000  0.014  0.088  0.102
   0.19757      3.057424  0.008  0.282  0.024  0.313
   0.22579      2.996806  0.002  0.084  0.030  0.116
   0.25402      2.941875  0.010  0.062  0.012  0.085
   0.28224      2.914258  0.012  0.075  0.024  0.112
   0.31047      2.925645  0.013  0.036  0.029  0.080
   0.33869      2.919585  0.000  0.016  0.018  0.036
   0.36691      2.902892  0.000  0.008  0.013  0.024
   0.39514      2.909389  0.008  0.010  0.004  0.024
   0.42336      2.969530  0.008  0.012  0.004  0.024
   0.45159      3.042899  0.006  0.014  0.004  0.024
   0.47981      3.109532  0.006  0.006  0.016  0.028
   0.50804      3.114724  0.004  0.004  0.018  0.028
   0.53626      3.113987  0.000  0.006  0.006  0.010
   0.53626      3.113987  0.000  0.006  0.006  0.010
   0.55622      3.111666  0.000  0.006  0.004  0.012
   0.57617      3.104539  0.000  0.008  0.006  0.014
   0.59613      3.092168  0.000  0.010  0.010  0.022
   0.61609      3.073983  0.000  0.014  0.014  0.028
   0.63605      3.049437  0.000  0.018  0.016  0.036
   0.65600      3.033886  0.000  0.012  0.090  0.102
   0.67596      3.046647  0.000  0.004  0.042  0.046
   0.69592      3.081083  0.000  0.005  0.007  0.013
   0.71588      3.121036  0.000  0.003  0.013  0.017
   0.73584      3.163925  0.000  0.004  0.012  0.016
   0.75579      3.207124  0.000  0.002  0.012  0.016
   0.77575      3.249247  0.000  0.002  0.012  0.016
   0.79571      3.278065  0.000  0.028  0.044  0.072
   0.81567      3.257355  0.000  0.030  0.049  0.081
   0.83562      3.233643  0.000  0.026  0.052  0.083
   0.85558      3.213452  0.000  0.019  0.058  0.076
   0.87554      3.210961  0.000  0.008  0.057  0.063
   0.89550      3.233279  0.000  0.008  0.053  0.062
   0.91545      3.266046  0.000  0.012  0.052  0.064
   0.91545      3.266046  0.000  0.012  0.052  0.064
   0.94368      3.279054  0.000  0.011  0.050  0.060
   0.97190      3.306620  0.000  0.007  0.043  0.052
   1.00013      3.305644  0.000  0.003  0.012  0.016
   1.02835      3.246690  0.000  0.003  0.010  0.014
   1.05657      3.198797  0.001  0.017  0.016  0.035
   1.08480      3.194964  0.002  0.058  0.062  0.121
   1.11302      3.207227  0.002  0.053  0.081  0.136
   1.14125      3.206160  0.004  0.034  0.077  0.116
   1.16947      3.177842  0.008  0.019  0.045  0.074
   1.19769      3.135465  0.009  0.018  0.025  0.053
   1.22592      3.099607  0.007  0.013  0.015  0.036
   1.25414      3.079390  0.004  0.007  0.007  0.019
   1.28237      3.067404  0.002  0.002  0.005  0.009
   1.31059      3.068919  0.002  0.008  0.009  0.019
   1.33882      3.121281  0.000  0.022  0.023  0.047
   1.36704      3.143019  0.001  0.028  0.035  0.065
   1.39526      3.159493  0.000  0.024  0.039  0.065
   1.42349      3.169935  0.000  0.019  0.034  0.053
   1.45171      3.171839  0.000  0.017  0.027  0.044
   1.45171      3.171839  0.000  0.017  0.027  0.044
   1.47167      3.131004  0.000  0.014  0.014  0.030
   1.49163      3.095145  0.004  0.010  0.029  0.044
   1.51159      3.123492  0.002  0.014  0.066  0.081
   1.53154      3.133850  0.003  0.044  0.052  0.101
   1.55150      3.153166  0.004  0.034  0.044  0.084
   1.57146      3.156087  0.006  0.024  0.038  0.070
   1.59142      3.146878  0.008  0.018  0.038  0.062
   1.61137      3.132589  0.008  0.014  0.036  0.058
   1.63133      3.130882  0.004  0.054  0.008  0.068
   1.65129      3.139952  0.006  0.050  0.016  0.070
   1.67125      3.132327  0.002  0.038  0.016  0.058
   1.69120      3.120412  0.002  0.033  0.014  0.049
   1.71116      3.108466  0.002  0.028  0.012  0.044
   1.73112      3.098086  0.002  0.026  0.014  0.040
   1.75108      3.117506  0.000  0.043  0.078  0.120
   1.77103      3.147256  0.000  0.042  0.078  0.122
   1.79099      3.170942  0.000  0.042  0.078  0.118
   1.81095      3.186785  0.000  0.040  0.078  0.118
   1.83091      3.187447  0.000  0.000  0.006  0.006
 
# Band-Index:  122
   1.83091      3.192553  0.000  0.041  0.078  0.121
   1.81095      3.188501  0.000  0.000  0.006  0.006
   1.79099      3.191596  0.000  0.000  0.005  0.005
   1.77103      3.192809  0.000  0.000  0.002  0.003
   1.75108      3.189564  0.006  0.008  0.022  0.040
   1.73112      3.183208  0.004  0.008  0.018  0.032
   1.71116      3.183329  0.004  0.006  0.014  0.028
   1.69120      3.190355  0.004  0.006  0.012  0.022
   1.67125      3.202757  0.002  0.004  0.008  0.018
   1.65129      3.215539  0.000  0.002  0.004  0.008
   1.63133      3.216857  0.002  0.006  0.012  0.019
   1.61137      3.223377  0.000  0.008  0.026  0.038
   1.59142      3.239457  0.000  0.010  0.029  0.042
   1.57146      3.215880  0.002  0.004  0.018  0.024
   1.55150      3.192268  0.002  0.005  0.032  0.038
   1.53154      3.174082  0.000  0.016  0.044  0.058
   1.51159      3.153068  0.000  0.022  0.048  0.072
   1.49163      3.139963  0.000  0.018  0.070  0.092
   1.47167      3.152558  0.000  0.014  0.062  0.076
   1.45171      3.172136  0.000  0.017  0.027  0.044
   1.45171      3.172136  0.000  0.017  0.027  0.044
   1.42349      3.170164  0.000  0.019  0.034  0.053
   1.39526      3.159610  0.000  0.024  0.039  0.065
   1.36704      3.143092  0.001  0.028  0.035  0.065
   1.33882      3.121321  0.000  0.022  0.024  0.047
   1.31059      3.069150  0.002  0.007  0.009  0.018
   1.28237      3.067563  0.002  0.002  0.005  0.009
   1.25414      3.079553  0.004  0.006  0.007  0.019
   1.22592      3.100103  0.007  0.013  0.015  0.036
   1.19769      3.136220  0.009  0.018  0.025  0.053
   1.16947      3.178748  0.008  0.019  0.045  0.074
   1.14125      3.206967  0.004  0.034  0.077  0.116
   1.11302      3.207824  0.002  0.053  0.081  0.136
   1.08480      3.195490  0.002  0.058  0.061  0.121
   1.05657      3.199416  0.001  0.017  0.016  0.035
   1.02835      3.247365  0.000  0.003  0.010  0.014
   1.00013      3.306378  0.000  0.003  0.012  0.016
   0.97190      3.307095  0.000  0.007  0.043  0.051
   0.94368      3.279636  0.000  0.011  0.050  0.060
   0.91545      3.266656  0.000  0.012  0.052  0.064
   0.91545      3.266656  0.000  0.012  0.052  0.064
   0.89550      3.299562  0.000  0.014  0.053  0.066
   0.87554      3.328349  0.000  0.014  0.055  0.068
   0.85558      3.349596  0.000  0.012  0.056  0.066
   0.83562      3.358714  0.000  0.004  0.010  0.016
   0.81567      3.325891  0.000  0.004  0.010  0.014
   0.79571      3.289143  0.000  0.004  0.012  0.014
   0.77575      3.269130  0.000  0.006  0.014  0.020
   0.75579      3.223439  0.000  0.006  0.010  0.016
   0.73584      3.175441  0.000  0.006  0.008  0.014
   0.71588      3.127357  0.000  0.006  0.006  0.012
   0.69592      3.098487  0.002  0.028  0.004  0.032
   0.67596      3.098480  0.002  0.020  0.004  0.026
   0.65600      3.099333  0.004  0.014  0.006  0.024
   0.63605      3.101770  0.004  0.010  0.010  0.022
   0.61609      3.105374  0.004  0.006  0.014  0.024
   0.59613      3.109223  0.004  0.004  0.016  0.024
   0.57617      3.112471  0.004  0.004  0.018  0.026
   0.55622      3.114583  0.004  0.004  0.020  0.028
   0.53626      3.115308  0.004  0.002  0.020  0.028
   0.53626      3.115308  0.004  0.002  0.020  0.028
   0.50804      3.118455  0.000  0.004  0.009  0.014
   0.47981      3.122410  0.004  0.016  0.006  0.026
   0.45159      3.092266  0.008  0.012  0.012  0.034
   0.42336      3.061514  0.012  0.016  0.010  0.040
   0.39514      3.025664  0.014  0.020  0.012  0.048
   0.36691      2.991731  0.014  0.020  0.014  0.052
   0.33869      2.960124  0.014  0.020  0.018  0.054
   0.31047      2.940997  0.002  0.010  0.018  0.030
   0.28224      2.958749  0.000  0.028  0.026  0.055
   0.25402      2.978177  0.000  0.046  0.030  0.074
   0.22579      3.032469  0.008  0.072  0.008  0.087
   0.19757      3.104881  0.000  0.014  0.088  0.101
   0.16935      3.125781  0.006  0.012  0.020  0.036
   0.14112      3.111593  0.004  0.012  0.020  0.036
   0.11290      3.122185  0.000  0.026  0.088  0.112
   0.08467      3.142065  0.000  0.030  0.084  0.116
   0.05645      3.164717  0.000  0.035  0.082  0.117
   0.02822      3.188787  0.000  0.000  0.006  0.006
   0.00000      3.192553  0.000  0.041  0.078  0.121
 
# Band-Index:  123
   0.00000      3.193048  0.000  0.000  0.002  0.002
   0.02822      3.193209  0.000  0.000  0.004  0.004
   0.05645      3.192532  0.000  0.000  0.004  0.004
   0.08467      3.197931  0.000  0.000  0.004  0.004
   0.11290      3.203891  0.000  0.000  0.004  0.004
   0.14112      3.209200  0.000  0.000  0.004  0.004
   0.16935      3.206919  0.006  0.241  0.012  0.262
   0.19757      3.132346  0.006  0.016  0.018  0.040
   0.22579      3.113758  0.006  0.156  0.049  0.213
   0.25402      3.055085  0.006  0.108  0.055  0.170
   0.28224      3.023703  0.004  0.052  0.048  0.102
   0.31047      3.032707  0.002  0.022  0.034  0.056
   0.33869      3.066049  0.002  0.016  0.032  0.046
   0.36691      3.108769  0.002  0.012  0.031  0.047
   0.39514      3.155406  0.000  0.012  0.033  0.048
   0.42336      3.148599  0.000  0.004  0.012  0.018
   0.45159      3.138142  0.000  0.004  0.012  0.018
   0.47981      3.127812  0.000  0.004  0.012  0.020
   0.50804      3.198475  0.002  0.021  0.002  0.026
   0.53626      3.238051  0.000  0.024  0.002  0.026
   0.53626      3.238051  0.000  0.024  0.002  0.026
   0.55622      3.239005  0.000  0.024  0.002  0.028
   0.57617      3.241853  0.000  0.024  0.002  0.027
   0.59613      3.246551  0.000  0.022  0.004  0.026
   0.61609      3.253003  0.000  0.021  0.004  0.026
   0.63605      3.261014  0.000  0.020  0.006  0.024
   0.65600      3.270238  0.000  0.018  0.008  0.025
   0.67596      3.280087  0.000  0.017  0.008  0.027
   0.69592      3.289632  0.000  0.016  0.012  0.030
   0.71588      3.297495  0.000  0.016  0.017  0.034
   0.73584      3.301868  0.000  0.020  0.024  0.044
   0.75579      3.300813  0.000  0.022  0.031  0.053
   0.77575      3.292945  0.000  0.026  0.038  0.064
   0.79571      3.309683  0.000  0.008  0.020  0.030
   0.81567      3.341503  0.000  0.010  0.030  0.042
   0.83562      3.360348  0.000  0.010  0.056  0.064
   0.85558      3.368861  0.000  0.012  0.055  0.069
   0.87554      3.369723  0.000  0.010  0.067  0.078
   0.89550      3.369484  0.000  0.006  0.076  0.082
   0.91545      3.371802  0.000  0.007  0.078  0.085
   0.91545      3.371802  0.000  0.007  0.078  0.085
   0.94368      3.370782  0.000  0.006  0.077  0.085
   0.97190      3.359630  0.000  0.007  0.040  0.047
   1.00013      3.331910  0.000  0.005  0.041  0.045
   1.02835      3.340785  0.000  0.004  0.054  0.060
   1.05657      3.332869  0.000  0.011  0.055  0.068
   1.08480      3.315193  0.001  0.018  0.048  0.069
   1.11302      3.290597  0.002  0.031  0.042  0.073
   1.14125      3.264068  0.003  0.050  0.048  0.101
   1.16947      3.244082  0.003  0.056  0.062  0.122
   1.19769      3.217479  0.002  0.047  0.043  0.091
   1.22592      3.188868  0.002  0.058  0.034  0.095
   1.25414      3.167060  0.004  0.075  0.027  0.104
   1.28237      3.156268  0.002  0.070  0.018  0.090
   1.31059      3.152552  0.002  0.047  0.016  0.065
   1.33882      3.164062  0.002  0.021  0.012  0.035
   1.36704      3.176498  0.002  0.013  0.013  0.027
   1.39526      3.179733  0.002  0.011  0.012  0.027
   1.42349      3.183349  0.002  0.010  0.024  0.037
   1.45171      3.187129  0.003  0.009  0.032  0.044
   1.45171      3.187129  0.003  0.009  0.032  0.044
   1.47167      3.210872  0.000  0.016  0.019  0.038
   1.49163      3.227839  0.000  0.016  0.030  0.050
   1.51159      3.225587  0.000  0.010  0.034  0.045
   1.53154      3.233720  0.000  0.007  0.036  0.044
   1.55150      3.257789  0.000  0.010  0.040  0.052
   1.57146      3.258247  0.002  0.010  0.026  0.037
   1.59142      3.248145  0.004  0.012  0.012  0.024
   1.61137      3.237850  0.000  0.014  0.010  0.023
   1.63133      3.226983  0.000  0.010  0.008  0.019
   1.65129      3.217421  0.000  0.008  0.008  0.016
   1.67125      3.209395  0.000  0.006  0.008  0.012
   1.69120      3.203030  0.000  0.004  0.006  0.011
   1.71116      3.198344  0.000  0.002  0.006  0.008
   1.73112      3.195242  0.000  0.000  0.005  0.006
   1.75108      3.193506  0.000  0.000  0.003  0.006
   1.77103      3.196641  0.000  0.000  0.006  0.006
   1.79099      3.192788  0.000  0.000  0.002  0.002
   1.81095      3.192950  0.000  0.000  0.002  0.002
   1.83091      3.193048  0.000  0.000  0.002  0.002
 
# Band-Index:  124
   1.83091      3.220355  0.008  0.004  0.036  0.048
   1.81095      3.217871  0.008  0.004  0.036  0.048
   1.79099      3.210605  0.008  0.008  0.030  0.046
   1.77103      3.200006  0.008  0.010  0.026  0.042
   1.75108      3.203312  0.000  0.002  0.006  0.008
   1.73112      3.211340  0.000  0.004  0.006  0.010
   1.71116      3.220392  0.000  0.004  0.006  0.010
   1.69120      3.230156  0.000  0.006  0.008  0.016
   1.67125      3.240372  0.000  0.009  0.008  0.016
   1.65129      3.250837  0.000  0.010  0.008  0.020
   1.63133      3.252978  0.000  0.026  0.038  0.068
   1.61137      3.265090  0.000  0.019  0.030  0.050
   1.59142      3.249691  0.000  0.017  0.010  0.026
   1.57146      3.262084  0.000  0.019  0.011  0.030
   1.55150      3.274172  0.000  0.014  0.015  0.030
   1.53154      3.276394  0.000  0.014  0.018  0.032
   1.51159      3.270452  0.000  0.012  0.022  0.036
   1.49163      3.253060  0.000  0.014  0.028  0.044
   1.47167      3.222149  0.004  0.012  0.035  0.048
   1.45171      3.187486  0.003  0.009  0.032  0.044
   1.45171      3.187486  0.003  0.009  0.032  0.044
   1.42349      3.183719  0.002  0.010  0.023  0.036
   1.39526      3.180108  0.002  0.011  0.012  0.027
   1.36704      3.176778  0.002  0.013  0.013  0.027
   1.33882      3.164196  0.002  0.021  0.012  0.035
   1.31059      3.152711  0.002  0.047  0.016  0.066
   1.28237      3.156379  0.003  0.072  0.017  0.091
   1.25414      3.167185  0.004  0.074  0.027  0.104
   1.22592      3.188956  0.002  0.057  0.034  0.093
   1.19769      3.217604  0.002  0.047  0.042  0.091
   1.16947      3.244480  0.003  0.055  0.062  0.120
   1.14125      3.264745  0.003  0.050  0.047  0.101
   1.11302      3.291522  0.002  0.031  0.042  0.073
   1.08480      3.316219  0.001  0.018  0.048  0.069
   1.05657      3.333879  0.000  0.011  0.055  0.067
   1.02835      3.341418  0.000  0.004  0.053  0.059
   1.00013      3.332088  0.000  0.005  0.042  0.046
   0.97190      3.360584  0.000  0.007  0.040  0.047
   0.94368      3.372043  0.000  0.006  0.077  0.085
   0.91545      3.373081  0.000  0.007  0.078  0.085
   0.91545      3.373081  0.000  0.007  0.078  0.085
   0.89550      3.380316  0.000  0.008  0.074  0.084
   0.87554      3.391316  0.000  0.012  0.060  0.073
   0.85558      3.386054  0.000  0.006  0.014  0.023
   0.83562      3.361152  0.000  0.013  0.042  0.056
   0.81567      3.359650  0.000  0.006  0.052  0.060
   0.79571      3.350563  0.000  0.006  0.047  0.056
   0.77575      3.337964  0.000  0.006  0.045  0.051
   0.75579      3.325992  0.000  0.007  0.044  0.053
   0.73584      3.317495  0.000  0.009  0.044  0.054
   0.71588      3.313828  0.000  0.012  0.044  0.058
   0.69592      3.314861  0.000  0.014  0.043  0.059
   0.67596      3.319553  0.000  0.014  0.042  0.057
   0.65600      3.326709  0.002  0.017  0.040  0.056
   0.63605      3.335326  0.002  0.018  0.037  0.057
   0.61609      3.344531  0.002  0.018  0.036  0.055
   0.59613      3.353394  0.002  0.018  0.034  0.053
   0.57617      3.352491  0.000  0.001  0.035  0.036
   0.55622      3.349570  0.000  0.000  0.036  0.036
   0.53626      3.348620  0.000  0.000  0.036  0.036
   0.53626      3.348620  0.000  0.000  0.036  0.036
   0.50804      3.320425  0.000  0.004  0.027  0.032
   0.47981      3.288402  0.000  0.008  0.029  0.037
   0.45159      3.248792  0.000  0.010  0.031  0.041
   0.42336      3.203175  0.000  0.011  0.033  0.044
   0.39514      3.159193  0.000  0.004  0.012  0.018
   0.36691      3.169924  0.000  0.004  0.010  0.014
   0.33869      3.180581  0.000  0.002  0.010  0.014
   0.31047      3.190741  0.000  0.002  0.009  0.011
   0.28224      3.165303  0.000  0.008  0.082  0.090
   0.25402      3.136793  0.000  0.008  0.083  0.091
   0.22579      3.116457  0.000  0.010  0.086  0.096
   0.19757      3.186543  0.010  0.266  0.044  0.322
   0.16935      3.212765  0.000  0.000  0.004  0.006
   0.14112      3.287338  0.004  0.012  0.040  0.052
   0.11290      3.263044  0.002  0.006  0.032  0.037
   0.08467      3.238895  0.000  0.002  0.025  0.029
   0.05645      3.220174  0.000  0.002  0.021  0.026
   0.02822      3.216541  0.009  0.009  0.042  0.060
   0.00000      3.220355  0.008  0.004  0.036  0.048
 
# Band-Index:  125
   0.00000      3.244489  0.002  0.002  0.080  0.086
   0.02822      3.226768  0.000  0.002  0.058  0.060
   0.05645      3.222293  0.006  0.021  0.058  0.087
   0.08467      3.249813  0.004  0.038  0.075  0.118
   0.11290      3.286484  0.002  0.066  0.080  0.147
   0.14112      3.306836  0.002  0.138  0.069  0.208
   0.16935      3.266553  0.006  0.250  0.050  0.306
   0.19757      3.213789  0.000  0.000  0.006  0.006
   0.22579      3.193691  0.008  0.010  0.026  0.046
   0.25402      3.207073  0.000  0.002  0.008  0.010
   0.28224      3.199808  0.000  0.002  0.008  0.010
   0.31047      3.196664  0.004  0.028  0.038  0.070
   0.33869      3.190070  0.002  0.020  0.036  0.058
   0.36691      3.203109  0.002  0.014  0.033  0.048
   0.39514      3.233414  0.000  0.008  0.034  0.045
   0.42336      3.272941  0.000  0.008  0.040  0.049
   0.45159      3.307682  0.004  0.014  0.046  0.065
   0.47981      3.333598  0.004  0.019  0.037  0.060
   0.50804      3.358204  0.002  0.018  0.033  0.054
   0.53626      3.368017  0.002  0.018  0.032  0.051
   0.53626      3.368017  0.002  0.018  0.032  0.051
   0.55622      3.366176  0.002  0.018  0.032  0.051
   0.57617      3.361027  0.002  0.018  0.033  0.052
   0.59613      3.357650  0.000  0.002  0.034  0.035
   0.61609      3.365036  0.000  0.002  0.033  0.035
   0.63605      3.374794  0.000  0.004  0.033  0.037
   0.65600      3.386707  0.000  0.006  0.033  0.039
   0.67596      3.400401  0.000  0.008  0.033  0.041
   0.69592      3.415423  0.000  0.012  0.034  0.044
   0.71588      3.431412  0.000  0.014  0.034  0.050
   0.73584      3.433661  0.002  0.020  0.030  0.053
   0.75579      3.433137  0.002  0.022  0.023  0.046
   0.77575      3.433210  0.002  0.022  0.017  0.041
   0.79571      3.434147  0.002  0.020  0.013  0.033
   0.81567      3.436966  0.001  0.015  0.008  0.026
   0.83562      3.426040  0.000  0.019  0.044  0.066
   0.85558      3.412254  0.000  0.016  0.051  0.065
   0.87554      3.416426  0.000  0.005  0.014  0.020
   0.89550      3.434371  0.000  0.004  0.008  0.014
   0.91545      3.447777  0.000  0.005  0.008  0.013
   0.91545      3.447777  0.000  0.005  0.008  0.013
   0.94368      3.422825  0.000  0.004  0.007  0.012
   0.97190      3.380002  0.000  0.006  0.040  0.047
   1.00013      3.372770  0.000  0.010  0.059  0.069
   1.02835      3.375281  0.000  0.009  0.039  0.051
   1.05657      3.376660  0.000  0.009  0.030  0.041
   1.08480      3.366209  0.001  0.014  0.041  0.057
   1.11302      3.339604  0.001  0.027  0.049  0.077
   1.14125      3.303067  0.001  0.032  0.041  0.077
   1.16947      3.270504  0.001  0.045  0.056  0.102
   1.19769      3.249600  0.001  0.044  0.079  0.123
   1.22592      3.217346  0.001  0.020  0.050  0.072
   1.25414      3.190284  0.002  0.020  0.044  0.063
   1.28237      3.180038  0.002  0.058  0.037  0.098
   1.31059      3.200264  0.006  0.128  0.019  0.154
   1.33882      3.247108  0.009  0.160  0.007  0.174
   1.36704      3.300623  0.008  0.104  0.006  0.118
   1.39526      3.323772  0.001  0.015  0.024  0.041
   1.42349      3.319891  0.000  0.028  0.017  0.045
   1.45171      3.316679  0.000  0.035  0.014  0.049
   1.45171      3.316679  0.000  0.035  0.014  0.049
   1.47167      3.312959  0.000  0.033  0.013  0.047
   1.49163      3.306194  0.000  0.031  0.013  0.045
   1.51159      3.297175  0.000  0.030  0.013  0.041
   1.53154      3.286419  0.000  0.026  0.013  0.038
   1.55150      3.274518  0.000  0.023  0.012  0.034
   1.57146      3.282181  0.000  0.010  0.044  0.058
   1.59142      3.276853  0.000  0.016  0.030  0.046
   1.61137      3.271846  0.000  0.018  0.010  0.028
   1.63133      3.261383  0.000  0.014  0.010  0.024
   1.65129      3.261856  0.002  0.040  0.046  0.086
   1.67125      3.281661  0.002  0.008  0.068  0.077
   1.69120      3.275200  0.002  0.004  0.073  0.078
   1.71116      3.268693  0.002  0.004  0.076  0.082
   1.73112      3.262833  0.002  0.002  0.076  0.082
   1.75108      3.257777  0.002  0.002  0.078  0.084
   1.77103      3.253354  0.002  0.004  0.080  0.084
   1.79099      3.249347  0.002  0.004  0.080  0.088
   1.81095      3.245976  0.002  0.002  0.080  0.088
   1.83091      3.244489  0.002  0.002  0.080  0.086
 
# Band-Index:  126
   1.83091      3.310759  0.000  0.007  0.008  0.016
   1.81095      3.311760  0.000  0.007  0.008  0.016
   1.79099      3.314810  0.000  0.006  0.008  0.016
   1.77103      3.320038  0.000  0.006  0.008  0.016
   1.75108      3.327639  0.000  0.004  0.008  0.016
   1.73112      3.337836  0.000  0.004  0.008  0.015
   1.71116      3.346899  0.002  0.010  0.041  0.056
   1.69120      3.329028  0.002  0.024  0.039  0.068
   1.67125      3.297150  0.002  0.036  0.040  0.080
   1.65129      3.286577  0.006  0.008  0.060  0.072
   1.63133      3.286828  0.006  0.012  0.042  0.060
   1.61137      3.275529  0.004  0.014  0.019  0.038
   1.59142      3.282022  0.000  0.020  0.011  0.031
   1.57146      3.283845  0.000  0.014  0.030  0.046
   1.55150      3.289427  0.002  0.008  0.034  0.044
   1.53154      3.306791  0.004  0.004  0.020  0.027
   1.51159      3.313710  0.000  0.033  0.014  0.047
   1.49163      3.315719  0.004  0.008  0.006  0.018
   1.47167      3.318696  0.000  0.035  0.013  0.049
   1.45171      3.317724  0.000  0.035  0.014  0.049
   1.45171      3.317724  0.000  0.035  0.014  0.049
   1.42349      3.320849  0.000  0.028  0.016  0.045
   1.39526      3.324476  0.001  0.016  0.025  0.042
   1.36704      3.300714  0.008  0.104  0.006  0.118
   1.33882      3.247251  0.009  0.160  0.007  0.174
   1.31059      3.200468  0.006  0.128  0.019  0.154
   1.28237      3.180307  0.002  0.059  0.037  0.098
   1.25414      3.190539  0.002  0.021  0.044  0.065
   1.22592      3.217760  0.001  0.020  0.050  0.073
   1.19769      3.250042  0.001  0.045  0.080  0.125
   1.16947      3.270525  0.000  0.045  0.057  0.103
   1.14125      3.303093  0.001  0.032  0.042  0.077
   1.11302      3.339712  0.001  0.028  0.048  0.077
   1.08480      3.366571  0.001  0.014  0.041  0.057
   1.05657      3.377140  0.000  0.009  0.030  0.041
   1.02835      3.375361  0.000  0.009  0.039  0.050
   1.00013      3.373506  0.000  0.010  0.060  0.070
   0.97190      3.380821  0.000  0.006  0.041  0.049
   0.94368      3.423374  0.000  0.004  0.007  0.012
   0.91545      3.448248  0.000  0.005  0.008  0.013
   0.91545      3.448248  0.000  0.005  0.008  0.013
   0.89550      3.455467  0.000  0.006  0.007  0.014
   0.87554      3.456142  0.000  0.008  0.006  0.012
   0.85558      3.450884  0.000  0.008  0.004  0.010
   0.83562      3.443010  0.000  0.011  0.004  0.017
   0.81567      3.440052  0.000  0.022  0.037  0.059
   0.79571      3.452021  0.001  0.021  0.030  0.054
   0.77575      3.461118  0.002  0.022  0.026  0.049
   0.75579      3.466407  0.000  0.020  0.032  0.054
   0.73584      3.448297  0.000  0.018  0.032  0.054
   0.71588      3.434899  0.002  0.018  0.037  0.060
   0.69592      3.437093  0.002  0.018  0.044  0.066
   0.67596      3.440494  0.002  0.018  0.052  0.072
   0.65600      3.436279  0.008  0.006  0.006  0.022
   0.63605      3.422707  0.008  0.004  0.006  0.018
   0.61609      3.409666  0.010  0.004  0.006  0.018
   0.59613      3.398307  0.010  0.004  0.006  0.018
   0.57617      3.389528  0.010  0.003  0.010  0.020
   0.55622      3.383987  0.010  0.002  0.010  0.020
   0.53626      3.382093  0.010  0.000  0.010  0.020
   0.53626      3.382093  0.010  0.000  0.010  0.020
   0.50804      3.425561  0.006  0.004  0.008  0.022
   0.47981      3.371378  0.004  0.002  0.010  0.020
   0.45159      3.329324  0.006  0.004  0.004  0.014
   0.42336      3.315817  0.008  0.008  0.012  0.028
   0.39514      3.325442  0.008  0.008  0.018  0.034
   0.36691      3.288607  0.000  0.006  0.074  0.082
   0.33869      3.242715  0.000  0.008  0.076  0.082
   0.31047      3.201046  0.000  0.006  0.080  0.086
   0.28224      3.218862  0.004  0.036  0.046  0.084
   0.25402      3.216963  0.008  0.012  0.024  0.046
   0.22579      3.211877  0.000  0.002  0.006  0.006
   0.19757      3.233315  0.004  0.006  0.020  0.029
   0.16935      3.316680  0.002  0.004  0.030  0.036
   0.14112      3.330091  0.002  0.040  0.016  0.059
   0.11290      3.345675  0.002  0.002  0.053  0.056
   0.08467      3.334385  0.002  0.006  0.063  0.072
   0.05645      3.323135  0.002  0.008  0.060  0.071
   0.02822      3.322281  0.000  0.006  0.010  0.017
   0.00000      3.310759  0.000  0.007  0.008  0.016
 
# Band-Index:  127
   0.00000      3.334030  0.000  0.010  0.006  0.016
   0.02822      3.324502  0.000  0.010  0.033  0.044
   0.05645      3.343614  0.002  0.006  0.010  0.022
   0.08467      3.361432  0.002  0.012  0.014  0.028
   0.11290      3.371974  0.002  0.028  0.014  0.042
   0.14112      3.368408  0.000  0.070  0.018  0.090
   0.16935      3.339007  0.002  0.044  0.029  0.074
   0.19757      3.323549  0.000  0.036  0.034  0.072
   0.22579      3.289916  0.002  0.058  0.052  0.112
   0.25402      3.251386  0.004  0.046  0.051  0.102
   0.28224      3.248220  0.010  0.016  0.026  0.049
   0.31047      3.279778  0.010  0.018  0.028  0.054
   0.33869      3.309098  0.010  0.018  0.028  0.055
   0.36691      3.342507  0.006  0.008  0.022  0.037
   0.39514      3.336544  0.000  0.008  0.072  0.082
   0.42336      3.383811  0.000  0.008  0.070  0.081
   0.45159      3.427098  0.000  0.010  0.070  0.080
   0.47981      3.462593  0.000  0.010  0.066  0.076
   0.50804      3.441572  0.006  0.004  0.020  0.030
   0.53626      3.476693  0.010  0.002  0.006  0.018
   0.53626      3.476693  0.010  0.002  0.006  0.018
   0.55622      3.477750  0.008  0.004  0.008  0.022
   0.57617      3.477439  0.004  0.010  0.038  0.054
   0.59613      3.469034  0.002  0.016  0.066  0.083
   0.61609      3.459685  0.002  0.018  0.067  0.085
   0.63605      3.451695  0.002  0.016  0.064  0.084
   0.65600      3.445313  0.002  0.018  0.058  0.078
   0.67596      3.448980  0.008  0.008  0.008  0.023
   0.69592      3.459310  0.006  0.010  0.012  0.029
   0.71588      3.466027  0.004  0.014  0.014  0.033
   0.73584      3.468513  0.004  0.018  0.020  0.038
   0.75579      3.466766  0.002  0.018  0.022  0.042
   0.77575      3.486279  0.000  0.024  0.028  0.051
   0.79571      3.502484  0.000  0.004  0.006  0.011
   0.81567      3.494291  0.000  0.004  0.004  0.010
   0.83562      3.491199  0.000  0.006  0.002  0.008
   0.85558      3.495361  0.000  0.006  0.002  0.008
   0.87554      3.505266  0.000  0.006  0.005  0.010
   0.89550      3.517912  0.000  0.004  0.008  0.010
   0.91545      3.530863  0.000  0.004  0.008  0.013
   0.91545      3.530863  0.000  0.004  0.008  0.013
   0.94368      3.536948  0.000  0.004  0.009  0.012
   0.97190      3.534732  0.000  0.005  0.012  0.018
   1.00013      3.515763  0.001  0.009  0.021  0.031
   1.02835      3.486305  0.001  0.013  0.034  0.052
   1.05657      3.454374  0.002  0.019  0.043  0.062
   1.08480      3.427450  0.001  0.016  0.034  0.053
   1.11302      3.387436  0.007  0.007  0.020  0.033
   1.14125      3.338975  0.005  0.006  0.035  0.047
   1.16947      3.297475  0.002  0.009  0.038  0.050
   1.19769      3.265752  0.000  0.022  0.048  0.073
   1.22592      3.257617  0.000  0.044  0.084  0.130
   1.25414      3.254924  0.000  0.043  0.085  0.129
   1.28237      3.254577  0.000  0.037  0.076  0.113
   1.31059      3.260036  0.000  0.028  0.059  0.087
   1.33882      3.280991  0.000  0.017  0.042  0.059
   1.36704      3.310473  0.002  0.012  0.034  0.048
   1.39526      3.328509  0.001  0.012  0.019  0.033
   1.42349      3.331977  0.002  0.011  0.026  0.038
   1.45171      3.332475  0.002  0.011  0.025  0.038
   1.45171      3.332475  0.002  0.011  0.025  0.038
   1.47167      3.319466  0.000  0.008  0.019  0.028
   1.49163      3.317425  0.000  0.035  0.015  0.049
   1.51159      3.323832  0.006  0.012  0.002  0.020
   1.53154      3.307897  0.000  0.030  0.013  0.043
   1.55150      3.300403  0.000  0.028  0.013  0.040
   1.57146      3.291650  0.000  0.024  0.012  0.036
   1.59142      3.300521  0.000  0.014  0.048  0.062
   1.61137      3.315894  0.000  0.014  0.046  0.060
   1.63133      3.335607  0.000  0.018  0.032  0.050
   1.65129      3.358162  0.000  0.019  0.022  0.044
   1.67125      3.381309  0.000  0.020  0.018  0.044
   1.69120      3.366723  0.000  0.005  0.008  0.015
   1.71116      3.350826  0.000  0.004  0.008  0.015
   1.73112      3.353352  0.002  0.006  0.044  0.052
   1.75108      3.349449  0.000  0.008  0.005  0.013
   1.77103      3.342642  0.000  0.008  0.005  0.013
   1.79099      3.337830  0.000  0.009  0.005  0.015
   1.81095      3.334975  0.000  0.010  0.005  0.015
   1.83091      3.334030  0.000  0.010  0.006  0.016
 
# Band-Index:  128
   1.83091      3.397165  0.000  0.044  0.068  0.114
   1.81095      3.388694  0.000  0.036  0.064  0.100
   1.79099      3.373482  0.000  0.024  0.054  0.079
   1.77103      3.361994  0.002  0.014  0.048  0.065
   1.75108      3.356292  0.002  0.008  0.046  0.056
   1.73112      3.358263  0.000  0.008  0.005  0.013
   1.71116      3.369061  0.000  0.008  0.005  0.013
   1.69120      3.381788  0.000  0.008  0.005  0.013
   1.67125      3.385507  0.000  0.005  0.008  0.015
   1.65129      3.407000  0.000  0.005  0.008  0.015
   1.63133      3.430586  0.000  0.010  0.006  0.016
   1.61137      3.421304  0.000  0.020  0.052  0.073
   1.59142      3.402251  0.000  0.018  0.058  0.079
   1.57146      3.383345  0.000  0.018  0.064  0.082
   1.55150      3.361991  0.006  0.022  0.018  0.044
   1.53154      3.334430  0.008  0.018  0.009  0.034
   1.51159      3.327327  0.004  0.004  0.010  0.016
   1.49163      3.340905  0.004  0.008  0.008  0.020
   1.47167      3.342053  0.002  0.010  0.022  0.036
   1.45171      3.332558  0.002  0.011  0.025  0.038
   1.45171      3.332558  0.002  0.011  0.025  0.038
   1.42349      3.332056  0.002  0.011  0.025  0.038
   1.39526      3.328530  0.001  0.012  0.020  0.033
   1.36704      3.310699  0.002  0.012  0.034  0.048
   1.33882      3.281094  0.000  0.017  0.042  0.059
   1.31059      3.260459  0.000  0.028  0.059  0.087
   1.28237      3.255098  0.000  0.037  0.076  0.113
   1.25414      3.255456  0.000  0.043  0.085  0.129
   1.22592      3.258126  0.000  0.044  0.084  0.130
   1.19769      3.266036  0.000  0.024  0.048  0.074
   1.16947      3.297874  0.002  0.010  0.039  0.051
   1.14125      3.339351  0.005  0.006  0.036  0.048
   1.11302      3.387587  0.007  0.007  0.021  0.035
   1.08480      3.427558  0.001  0.016  0.034  0.052
   1.05657      3.454551  0.002  0.019  0.043  0.062
   1.02835      3.486490  0.001  0.013  0.034  0.052
   1.00013      3.515826  0.001  0.009  0.021  0.030
   0.97190      3.534760  0.000  0.005  0.012  0.018
   0.94368      3.537159  0.000  0.004  0.009  0.012
   0.91545      3.531262  0.000  0.004  0.008  0.013
   0.91545      3.531262  0.000  0.004  0.008  0.013
   0.89550      3.543416  0.000  0.002  0.008  0.011
   0.87554      3.554195  0.000  0.002  0.008  0.010
   0.85558      3.562560  0.000  0.000  0.006  0.008
   0.83562      3.556152  0.000  0.016  0.012  0.028
   0.81567      3.531977  0.000  0.022  0.018  0.040
   0.79571      3.508230  0.000  0.024  0.024  0.047
   0.77575      3.512121  0.000  0.003  0.008  0.012
   0.75579      3.520246  0.000  0.004  0.008  0.012
   0.73584      3.523392  0.000  0.010  0.010  0.022
   0.71588      3.515165  0.000  0.021  0.018  0.040
   0.69592      3.504419  0.000  0.022  0.021  0.040
   0.67596      3.496544  0.000  0.020  0.020  0.040
   0.65600      3.492049  0.000  0.020  0.018  0.036
   0.63605      3.490650  0.000  0.018  0.017  0.034
   0.61609      3.491656  0.000  0.018  0.014  0.032
   0.59613      3.494032  0.000  0.018  0.012  0.030
   0.57617      3.489943  0.007  0.004  0.048  0.062
   0.55622      3.496193  0.000  0.006  0.018  0.026
   0.53626      3.495332  0.000  0.005  0.020  0.026
   0.53626      3.495332  0.000  0.005  0.020  0.026
   0.50804      3.486426  0.000  0.010  0.050  0.060
   0.47981      3.511705  0.004  0.014  0.035  0.052
   0.45159      3.509835  0.000  0.006  0.004  0.012
   0.42336      3.450259  0.002  0.006  0.017  0.026
   0.39514      3.391798  0.004  0.008  0.020  0.034
   0.36691      3.344132  0.006  0.014  0.023  0.044
   0.33869      3.359522  0.006  0.008  0.024  0.042
   0.31047      3.363930  0.000  0.008  0.040  0.051
   0.28224      3.363923  0.002  0.016  0.044  0.062
   0.25402      3.373572  0.006  0.017  0.041  0.063
   0.22579      3.363692  0.008  0.024  0.050  0.081
   0.19757      3.353327  0.008  0.066  0.072  0.144
   0.16935      3.373083  0.004  0.147  0.074  0.226
   0.14112      3.375286  0.000  0.026  0.076  0.102
   0.11290      3.379810  0.000  0.032  0.076  0.106
   0.08467      3.385637  0.000  0.036  0.074  0.108
   0.05645      3.391375  0.000  0.040  0.072  0.112
   0.02822      3.395602  0.000  0.044  0.072  0.114
   0.00000      3.397165  0.000  0.044  0.068  0.114
 
# Band-Index:  129
   0.00000      3.447951  0.000  0.000  0.028  0.028
   0.02822      3.462700  0.000  0.000  0.026  0.028
   0.05645      3.472079  0.002  0.034  0.026  0.062
   0.08467      3.474124  0.002  0.056  0.026  0.088
   0.11290      3.457070  0.004  0.091  0.032  0.127
   0.14112      3.423439  0.006  0.326  0.057  0.387
   0.16935      3.373325  0.000  0.022  0.076  0.098
   0.19757      3.375048  0.000  0.018  0.074  0.092
   0.22579      3.381402  0.000  0.014  0.072  0.086
   0.25402      3.377985  0.002  0.018  0.042  0.065
   0.28224      3.376530  0.006  0.012  0.036  0.054
   0.31047      3.371695  0.006  0.012  0.030  0.046
   0.33869      3.387369  0.000  0.002  0.034  0.036
   0.36691      3.429073  0.002  0.002  0.026  0.032
   0.39514      3.479244  0.002  0.004  0.020  0.030
   0.42336      3.513388  0.002  0.023  0.038  0.064
   0.45159      3.520499  0.002  0.016  0.059  0.079
   0.47981      3.515971  0.000  0.006  0.020  0.026
   0.50804      3.508109  0.000  0.008  0.036  0.046
   0.53626      3.501899  0.002  0.016  0.010  0.026
   0.53626      3.501899  0.002  0.016  0.010  0.026
   0.55622      3.497235  0.002  0.014  0.074  0.090
   0.57617      3.496306  0.000  0.016  0.012  0.027
   0.59613      3.495063  0.010  0.002  0.020  0.032
   0.61609      3.505977  0.010  0.000  0.016  0.025
   0.63605      3.520301  0.008  0.000  0.015  0.024
   0.65600      3.527480  0.000  0.000  0.015  0.017
   0.67596      3.531800  0.000  0.000  0.014  0.016
   0.69592      3.534245  0.000  0.000  0.014  0.016
   0.71588      3.534993  0.000  0.002  0.018  0.020
   0.73584      3.539084  0.000  0.012  0.026  0.038
   0.75579      3.555221  0.000  0.022  0.026  0.049
   0.77575      3.577334  0.000  0.026  0.024  0.050
   0.79571      3.577254  0.000  0.000  0.000  0.002
   0.81567      3.575293  0.000  0.002  0.004  0.006
   0.83562      3.571915  0.000  0.005  0.008  0.014
   0.85558      3.584093  0.000  0.018  0.014  0.034
   0.87554      3.607762  0.000  0.016  0.010  0.026
   0.89550      3.629726  0.000  0.012  0.004  0.018
   0.91545      3.648819  0.001  0.009  0.004  0.013
   0.91545      3.648819  0.001  0.009  0.004  0.013
   0.94368      3.657887  0.001  0.010  0.008  0.019
   0.97190      3.658463  0.001  0.026  0.020  0.048
   1.00013      3.605215  0.001  0.016  0.018  0.035
   1.02835      3.553404  0.002  0.012  0.011  0.025
   1.05657      3.500231  0.003  0.008  0.006  0.020
   1.08480      3.443676  0.005  0.007  0.008  0.020
   1.11302      3.410792  0.000  0.006  0.014  0.022
   1.14125      3.399756  0.000  0.002  0.009  0.011
   1.16947      3.390461  0.000  0.000  0.006  0.009
   1.19769      3.382170  0.000  0.005  0.007  0.012
   1.22592      3.376236  0.000  0.006  0.010  0.016
   1.25414      3.372731  0.000  0.003  0.014  0.017
   1.28237      3.367039  0.000  0.006  0.015  0.023
   1.31059      3.358605  0.001  0.015  0.013  0.031
   1.33882      3.350102  0.001  0.023  0.012  0.040
   1.36704      3.343546  0.001  0.046  0.012  0.060
   1.39526      3.353998  0.006  0.083  0.009  0.099
   1.42349      3.376246  0.006  0.037  0.013  0.057
   1.45171      3.383734  0.006  0.022  0.015  0.043
   1.45171      3.383734  0.006  0.022  0.015  0.043
   1.47167      3.374585  0.006  0.020  0.024  0.054
   1.49163      3.365649  0.000  0.000  0.002  0.007
   1.51159      3.361087  0.000  0.002  0.002  0.006
   1.53154      3.368869  0.002  0.014  0.072  0.092
   1.55150      3.371604  0.002  0.016  0.070  0.086
   1.57146      3.401147  0.002  0.010  0.012  0.026
   1.59142      3.441265  0.000  0.006  0.008  0.013
   1.61137      3.449993  0.000  0.012  0.006  0.020
   1.63133      3.430910  0.000  0.005  0.010  0.017
   1.65129      3.412687  0.000  0.010  0.006  0.016
   1.67125      3.396366  0.000  0.008  0.006  0.016
   1.69120      3.405534  0.000  0.024  0.020  0.044
   1.71116      3.431180  0.002  0.026  0.018  0.044
   1.73112      3.457020  0.002  0.026  0.017  0.045
   1.75108      3.479182  0.004  0.025  0.016  0.042
   1.77103      3.471646  0.000  0.018  0.026  0.042
   1.79099      3.458817  0.000  0.008  0.028  0.036
   1.81095      3.450721  0.000  0.002  0.028  0.032
   1.83091      3.447951  0.000  0.000  0.028  0.028
 
# Band-Index:  130
   1.83091      3.462469  0.002  0.024  0.028  0.053
   1.81095      3.469110  0.002  0.028  0.040  0.068
   1.79099      3.479641  0.002  0.036  0.050  0.090
   1.77103      3.484827  0.002  0.043  0.060  0.105
   1.75108      3.482272  0.000  0.049  0.064  0.114
   1.73112      3.472903  0.000  0.053  0.064  0.117
   1.71116      3.460387  0.000  0.052  0.062  0.112
   1.69120      3.450553  0.000  0.044  0.052  0.100
   1.67125      3.445907  0.000  0.034  0.048  0.084
   1.65129      3.442474  0.000  0.024  0.046  0.074
   1.63133      3.435124  0.000  0.022  0.046  0.070
   1.61137      3.456682  0.000  0.006  0.012  0.016
   1.59142      3.470631  0.000  0.014  0.006  0.020
   1.57146      3.440460  0.006  0.044  0.032  0.084
   1.55150      3.402593  0.004  0.024  0.010  0.042
   1.53154      3.377122  0.002  0.012  0.002  0.016
   1.51159      3.371196  0.002  0.016  0.074  0.092
   1.49163      3.373216  0.006  0.020  0.055  0.082
   1.47167      3.381761  0.000  0.000  0.004  0.008
   1.45171      3.383861  0.006  0.022  0.015  0.043
   1.45171      3.383861  0.006  0.022  0.015  0.043
   1.42349      3.376338  0.006  0.038  0.013  0.057
   1.39526      3.354019  0.006  0.082  0.008  0.098
   1.36704      3.343793  0.001  0.046  0.012  0.059
   1.33882      3.350320  0.001  0.023  0.013  0.039
   1.31059      3.358807  0.001  0.015  0.014  0.030
   1.28237      3.367332  0.000  0.007  0.014  0.022
   1.25414      3.373293  0.000  0.003  0.014  0.016
   1.22592      3.376965  0.000  0.006  0.010  0.016
   1.19769      3.382956  0.000  0.005  0.007  0.012
   1.16947      3.391245  0.000  0.000  0.006  0.010
   1.14125      3.400470  0.000  0.002  0.009  0.011
   1.11302      3.411339  0.000  0.006  0.014  0.022
   1.08480      3.443748  0.005  0.007  0.008  0.020
   1.05657      3.500267  0.003  0.008  0.006  0.020
   1.02835      3.553441  0.002  0.012  0.011  0.024
   1.00013      3.605288  0.001  0.016  0.018  0.035
   0.97190      3.658740  0.001  0.026  0.020  0.048
   0.94368      3.658153  0.001  0.010  0.008  0.019
   0.91545      3.648991  0.001  0.009  0.004  0.013
   0.91545      3.648991  0.001  0.009  0.004  0.013
   0.89550      3.665148  0.000  0.006  0.004  0.012
   0.87554      3.678704  0.000  0.004  0.004  0.010
   0.85558      3.688596  0.000  0.004  0.006  0.010
   0.83562      3.662160  0.000  0.030  0.020  0.050
   0.81567      3.631564  0.000  0.028  0.022  0.050
   0.79571      3.603028  0.000  0.026  0.024  0.050
   0.77575      3.577963  0.000  0.002  0.000  0.002
   0.75579      3.578929  0.000  0.002  0.002  0.006
   0.73584      3.581640  0.000  0.004  0.006  0.012
   0.71588      3.586611  0.000  0.006  0.010  0.016
   0.69592      3.578897  0.006  0.002  0.018  0.026
   0.67596      3.557180  0.008  0.000  0.018  0.025
   0.65600      3.537500  0.008  0.000  0.016  0.024
   0.63605      3.521735  0.000  0.000  0.016  0.018
   0.61609      3.515196  0.000  0.002  0.019  0.020
   0.59613      3.508680  0.000  0.002  0.020  0.022
   0.57617      3.503438  0.000  0.004  0.018  0.026
   0.55622      3.501688  0.000  0.014  0.012  0.026
   0.53626      3.504954  0.000  0.016  0.066  0.080
   0.53626      3.504954  0.000  0.016  0.066  0.080
   0.50804      3.515413  0.002  0.015  0.062  0.080
   0.47981      3.519823  0.002  0.014  0.064  0.082
   0.45159      3.521387  0.002  0.018  0.062  0.082
   0.42336      3.517263  0.002  0.013  0.051  0.065
   0.39514      3.511379  0.002  0.008  0.047  0.059
   0.36691      3.491963  0.000  0.006  0.056  0.062
   0.33869      3.460286  0.000  0.006  0.058  0.064
   0.31047      3.432796  0.000  0.008  0.060  0.068
   0.28224      3.410225  0.000  0.008  0.066  0.074
   0.25402      3.393044  0.000  0.010  0.070  0.080
   0.22579      3.392622  0.002  0.016  0.034  0.053
   0.19757      3.401074  0.006  0.012  0.024  0.040
   0.16935      3.410957  0.010  0.010  0.026  0.044
   0.14112      3.425683  0.008  0.055  0.039  0.105
   0.11290      3.532287  0.004  0.218  0.022  0.248
   0.08467      3.535636  0.006  0.008  0.018  0.028
   0.05645      3.501965  0.000  0.002  0.022  0.026
   0.02822      3.465376  0.002  0.024  0.028  0.054
   0.00000      3.462469  0.002  0.024  0.028  0.053
 
# Band-Index:  131
   0.00000      3.490356  0.002  0.008  0.012  0.022
   0.02822      3.503221  0.002  0.008  0.012  0.022
   0.05645      3.520798  0.004  0.006  0.014  0.024
   0.08467      3.557012  0.000  0.002  0.020  0.020
   0.11290      3.566118  0.000  0.142  0.022  0.167
   0.14112      3.578563  0.000  0.021  0.024  0.045
   0.16935      3.491657  0.002  0.062  0.046  0.112
   0.19757      3.471820  0.004  0.038  0.068  0.106
   0.22579      3.483951  0.002  0.030  0.056  0.088
   0.25402      3.500819  0.002  0.022  0.034  0.058
   0.28224      3.515755  0.002  0.014  0.012  0.029
   0.31047      3.518776  0.002  0.006  0.052  0.060
   0.33869      3.508118  0.002  0.006  0.047  0.057
   0.36691      3.507000  0.002  0.007  0.045  0.055
   0.39514      3.514004  0.002  0.020  0.046  0.068
   0.42336      3.535509  0.002  0.000  0.030  0.035
   0.45159      3.528473  0.000  0.004  0.014  0.018
   0.47981      3.543023  0.004  0.008  0.042  0.055
   0.50804      3.544096  0.002  0.016  0.065  0.083
   0.53626      3.526703  0.008  0.019  0.101  0.129
   0.53626      3.526703  0.008  0.019  0.101  0.129
   0.55622      3.537120  0.007  0.018  0.090  0.118
   0.57617      3.551865  0.004  0.021  0.088  0.115
   0.59613      3.554551  0.004  0.020  0.087  0.111
   0.61609      3.558201  0.004  0.022  0.083  0.108
   0.63605      3.562985  0.004  0.020  0.077  0.101
   0.65600      3.569349  0.004  0.020  0.068  0.092
   0.67596      3.578066  0.005  0.017  0.056  0.078
   0.69592      3.590102  0.006  0.016  0.044  0.066
   0.71588      3.602090  0.006  0.002  0.020  0.027
   0.73584      3.626029  0.004  0.002  0.022  0.028
   0.75579      3.635331  0.000  0.000  0.012  0.013
   0.77575      3.640966  0.000  0.000  0.012  0.012
   0.79571      3.648981  0.000  0.000  0.012  0.014
   0.81567      3.660334  0.000  0.002  0.010  0.012
   0.83562      3.675276  0.000  0.004  0.010  0.014
   0.85558      3.693543  0.000  0.008  0.010  0.017
   0.87554      3.714413  0.000  0.014  0.010  0.024
   0.89550      3.735627  0.000  0.023  0.007  0.032
   0.91545      3.750121  0.001  0.035  0.004  0.039
   0.91545      3.750121  0.001  0.035  0.004  0.039
   0.94368      3.717623  0.000  0.026  0.014  0.041
   0.97190      3.687119  0.000  0.004  0.012  0.017
   1.00013      3.701397  0.003  0.003  0.015  0.022
   1.02835      3.643473  0.003  0.004  0.016  0.023
   1.05657      3.588628  0.001  0.005  0.014  0.022
   1.08480      3.543538  0.000  0.005  0.012  0.019
   1.11302      3.503932  0.000  0.005  0.011  0.017
   1.14125      3.467518  0.001  0.008  0.011  0.021
   1.16947      3.437346  0.002  0.013  0.015  0.032
   1.19769      3.415680  0.002  0.020  0.018  0.044
   1.22592      3.401018  0.003  0.030  0.022  0.054
   1.25414      3.393157  0.003  0.046  0.023  0.071
   1.28237      3.396499  0.002  0.052  0.024  0.079
   1.31059      3.404800  0.001  0.031  0.014  0.047
   1.33882      3.403197  0.001  0.006  0.008  0.016
   1.36704      3.398994  0.001  0.003  0.008  0.013
   1.39526      3.396228  0.000  0.003  0.008  0.013
   1.42349      3.394416  0.000  0.001  0.009  0.012
   1.45171      3.393803  0.000  0.001  0.008  0.011
   1.45171      3.393803  0.000  0.001  0.008  0.011
   1.47167      3.394447  0.000  0.002  0.020  0.024
   1.49163      3.389004  0.002  0.006  0.024  0.032
   1.51159      3.401163  0.006  0.008  0.020  0.036
   1.53154      3.431283  0.006  0.008  0.026  0.040
   1.55150      3.468042  0.004  0.008  0.028  0.042
   1.57146      3.492310  0.000  0.018  0.006  0.025
   1.59142      3.483822  0.000  0.004  0.012  0.016
   1.61137      3.488134  0.000  0.006  0.006  0.012
   1.63133      3.543553  0.000  0.012  0.006  0.020
   1.65129      3.581011  0.004  0.018  0.006  0.030
   1.67125      3.574260  0.000  0.131  0.018  0.149
   1.69120      3.551972  0.000  0.096  0.020  0.117
   1.71116      3.529555  0.000  0.070  0.022  0.090
   1.73112      3.508011  0.000  0.047  0.024  0.071
   1.75108      3.488367  0.000  0.028  0.024  0.054
   1.77103      3.491810  0.004  0.015  0.012  0.033
   1.79099      3.493753  0.002  0.011  0.012  0.026
   1.81095      3.491561  0.002  0.008  0.014  0.024
   1.83091      3.490356  0.002  0.008  0.012  0.022
 
# Band-Index:  132
   1.83091      3.554401  0.004  0.004  0.038  0.046
   1.81095      3.553810  0.002  0.008  0.037  0.046
   1.79099      3.552063  0.000  0.010  0.036  0.047
   1.77103      3.551286  0.000  0.010  0.032  0.040
   1.75108      3.556188  0.002  0.008  0.024  0.034
   1.73112      3.566282  0.002  0.006  0.017  0.026
   1.71116      3.576906  0.002  0.008  0.012  0.024
   1.69120      3.584288  0.004  0.012  0.010  0.024
   1.67125      3.586385  0.004  0.014  0.008  0.024
   1.65129      3.595476  0.000  0.174  0.014  0.188
   1.63133      3.579771  0.004  0.010  0.015  0.031
   1.61137      3.556292  0.008  0.054  0.050  0.113
   1.59142      3.495662  0.006  0.052  0.048  0.110
   1.57146      3.506084  0.004  0.006  0.030  0.044
   1.55150      3.491135  0.002  0.016  0.008  0.028
   1.53154      3.462797  0.004  0.020  0.008  0.032
   1.51159      3.437448  0.004  0.024  0.008  0.037
   1.49163      3.416210  0.004  0.025  0.010  0.040
   1.47167      3.398447  0.004  0.024  0.011  0.038
   1.45171      3.394571  0.000  0.001  0.008  0.011
   1.45171      3.394571  0.000  0.001  0.008  0.011
   1.42349      3.395175  0.000  0.001  0.009  0.012
   1.39526      3.396946  0.000  0.003  0.008  0.012
   1.36704      3.399655  0.001  0.003  0.008  0.013
   1.33882      3.403866  0.001  0.006  0.008  0.016
   1.31059      3.405465  0.001  0.031  0.014  0.047
   1.28237      3.396813  0.002  0.052  0.023  0.079
   1.25414      3.393173  0.003  0.046  0.023  0.071
   1.22592      3.401162  0.003  0.030  0.022  0.054
   1.19769      3.415849  0.002  0.020  0.018  0.044
   1.16947      3.437480  0.002  0.013  0.015  0.032
   1.14125      3.467555  0.001  0.008  0.011  0.021
   1.11302      3.504015  0.000  0.005  0.011  0.017
   1.08480      3.543707  0.000  0.005  0.012  0.019
   1.05657      3.588783  0.001  0.005  0.015  0.022
   1.02835      3.643528  0.003  0.004  0.016  0.023
   1.00013      3.701434  0.003  0.003  0.015  0.022
   0.97190      3.687351  0.000  0.004  0.012  0.017
   0.94368      3.717876  0.000  0.026  0.014  0.041
   0.91545      3.750441  0.001  0.035  0.004  0.040
   0.91545      3.750441  0.001  0.035  0.004  0.040
   0.89550      3.746597  0.000  0.041  0.006  0.047
   0.87554      3.724477  0.000  0.040  0.012  0.052
   0.85558      3.695982  0.002  0.037  0.016  0.054
   0.83562      3.700615  0.000  0.008  0.008  0.016
   0.81567      3.707116  0.000  0.002  0.025  0.026
   0.79571      3.691479  0.001  0.002  0.026  0.028
   0.77575      3.672036  0.002  0.002  0.026  0.030
   0.75579      3.649759  0.003  0.002  0.024  0.029
   0.73584      3.626786  0.005  0.012  0.025  0.042
   0.71588      3.606251  0.004  0.014  0.032  0.052
   0.69592      3.593096  0.000  0.006  0.012  0.020
   0.67596      3.598576  0.000  0.006  0.010  0.016
   0.65600      3.597448  0.000  0.002  0.002  0.004
   0.63605      3.590578  0.000  0.002  0.002  0.004
   0.61609      3.582560  0.000  0.000  0.002  0.004
   0.59613      3.575219  0.000  0.000  0.002  0.004
   0.57617      3.555976  0.007  0.019  0.082  0.107
   0.55622      3.550246  0.004  0.021  0.090  0.114
   0.53626      3.549677  0.004  0.021  0.089  0.114
   0.53626      3.549677  0.004  0.021  0.089  0.114
   0.50804      3.568455  0.008  0.014  0.053  0.074
   0.47981      3.582342  0.000  0.006  0.024  0.032
   0.45159      3.579981  0.002  0.002  0.012  0.016
   0.42336      3.545571  0.000  0.004  0.012  0.016
   0.39514      3.526837  0.000  0.006  0.056  0.062
   0.36691      3.514359  0.002  0.022  0.035  0.059
   0.33869      3.517602  0.002  0.020  0.022  0.045
   0.31047      3.520443  0.002  0.016  0.009  0.029
   0.28224      3.541851  0.004  0.008  0.052  0.063
   0.25402      3.577367  0.004  0.010  0.049  0.065
   0.22579      3.619522  0.004  0.013  0.042  0.061
   0.19757      3.629881  0.000  0.010  0.032  0.042
   0.16935      3.602932  0.000  0.014  0.028  0.044
   0.14112      3.581352  0.004  0.122  0.021  0.148
   0.11290      3.620475  0.000  0.004  0.014  0.016
   0.08467      3.621267  0.002  0.092  0.024  0.117
   0.05645      3.596771  0.000  0.014  0.028  0.044
   0.02822      3.566054  0.000  0.008  0.036  0.044
   0.00000      3.554401  0.004  0.004  0.038  0.046
 
# Band-Index:  133
   0.00000      3.748720  0.000  0.000  0.064  0.066
   0.02822      3.746693  0.000  0.004  0.062  0.068
   0.05645      3.738820  0.000  0.032  0.052  0.083
   0.08467      3.686813  0.000  0.261  0.022  0.283
   0.11290      3.661136  0.006  0.175  0.020  0.200
   0.14112      3.672375  0.002  0.004  0.040  0.047
   0.16935      3.668152  0.002  0.006  0.044  0.052
   0.19757      3.653046  0.004  0.008  0.046  0.060
   0.22579      3.620153  0.003  0.037  0.064  0.107
   0.25402      3.586161  0.004  0.028  0.068  0.102
   0.28224      3.573712  0.004  0.030  0.078  0.110
   0.31047      3.584189  0.004  0.022  0.072  0.100
   0.33869      3.610064  0.004  0.016  0.056  0.076
   0.36691      3.592279  0.000  0.002  0.010  0.012
   0.39514      3.567005  0.000  0.002  0.010  0.013
   0.42336      3.563571  0.000  0.006  0.056  0.060
   0.45159      3.600237  0.000  0.008  0.059  0.067
   0.47981      3.608593  0.006  0.002  0.010  0.018
   0.50804      3.573126  0.000  0.006  0.022  0.028
   0.53626      3.564564  0.000  0.000  0.002  0.004
   0.53626      3.564564  0.000  0.000  0.002  0.004
   0.55622      3.565810  0.000  0.000  0.002  0.004
   0.57617      3.569457  0.000  0.000  0.002  0.004
   0.59613      3.577731  0.006  0.018  0.075  0.099
   0.61609      3.601547  0.006  0.020  0.065  0.089
   0.63605      3.625346  0.000  0.008  0.030  0.041
   0.65600      3.618581  0.000  0.008  0.028  0.036
   0.67596      3.616895  0.000  0.004  0.018  0.022
   0.69592      3.621076  0.000  0.002  0.012  0.014
   0.71588      3.626148  0.000  0.002  0.012  0.014
   0.73584      3.630759  0.000  0.002  0.012  0.014
   0.75579      3.651436  0.006  0.010  0.018  0.033
   0.77575      3.679669  0.006  0.010  0.016  0.032
   0.79571      3.710818  0.006  0.008  0.016  0.028
   0.81567      3.709322  0.000  0.006  0.008  0.016
   0.83562      3.719299  0.000  0.002  0.020  0.022
   0.85558      3.730086  0.000  0.002  0.014  0.016
   0.87554      3.742263  0.000  0.002  0.008  0.010
   0.89550      3.757967  0.000  0.002  0.004  0.006
   0.91545      3.777671  0.000  0.002  0.001  0.004
   0.91545      3.777671  0.000  0.002  0.001  0.004
   0.94368      3.773186  0.000  0.002  0.003  0.005
   0.97190      3.754101  0.000  0.001  0.006  0.008
   1.00013      3.721096  0.000  0.004  0.010  0.016
   1.02835      3.708390  0.001  0.005  0.005  0.013
   1.05657      3.675771  0.002  0.008  0.007  0.016
   1.08480      3.641130  0.001  0.013  0.013  0.025
   1.11302      3.610451  0.002  0.018  0.018  0.037
   1.14125      3.585640  0.001  0.024  0.027  0.052
   1.16947      3.565645  0.001  0.031  0.035  0.065
   1.19769      3.547823  0.001  0.027  0.038  0.066
   1.22592      3.512693  0.003  0.004  0.010  0.019
   1.25414      3.475904  0.003  0.008  0.010  0.022
   1.28237      3.449831  0.002  0.018  0.016  0.038
   1.31059      3.440026  0.003  0.061  0.030  0.097
   1.33882      3.453797  0.002  0.115  0.041  0.160
   1.36704      3.479437  0.004  0.124  0.046  0.174
   1.39526      3.505109  0.004  0.080  0.057  0.144
   1.42349      3.522034  0.005  0.029  0.068  0.104
   1.45171      3.527860  0.006  0.010  0.072  0.088
   1.45171      3.527860  0.006  0.010  0.072  0.088
   1.47167      3.534810  0.004  0.010  0.080  0.095
   1.49163      3.549297  0.004  0.008  0.091  0.101
   1.51159      3.560550  0.000  0.037  0.010  0.048
   1.53154      3.537680  0.000  0.028  0.008  0.036
   1.55150      3.514768  0.000  0.020  0.008  0.028
   1.57146      3.511590  0.000  0.004  0.013  0.018
   1.59142      3.543116  0.004  0.004  0.034  0.046
   1.61137      3.567949  0.000  0.006  0.006  0.015
   1.63133      3.610368  0.004  0.002  0.043  0.048
   1.65129      3.615386  0.000  0.004  0.012  0.020
   1.67125      3.667749  0.000  0.002  0.049  0.052
   1.69120      3.686789  0.000  0.258  0.036  0.295
   1.71116      3.696220  0.000  0.230  0.042  0.272
   1.73112      3.707066  0.000  0.202  0.047  0.248
   1.75108      3.719269  0.000  0.168  0.056  0.223
   1.77103      3.732527  0.000  0.128  0.066  0.193
   1.79099      3.745961  0.000  0.082  0.076  0.157
   1.81095      3.748433  0.000  0.000  0.064  0.066
   1.83091      3.748720  0.000  0.000  0.064  0.066
 
# Band-Index:  134
   1.83091      3.762173  0.000  0.000  0.094  0.094
   1.81095      3.757325  0.000  0.030  0.088  0.116
   1.79099      3.747380  0.000  0.000  0.064  0.066
   1.77103      3.744783  0.000  0.002  0.066  0.068
   1.75108      3.736965  0.002  0.028  0.017  0.048
   1.73112      3.729274  0.000  0.003  0.063  0.066
   1.71116      3.713661  0.000  0.004  0.056  0.061
   1.69120      3.692667  0.000  0.002  0.052  0.057
   1.67125      3.677277  0.000  0.014  0.014  0.032
   1.65129      3.640203  0.002  0.000  0.046  0.050
   1.63133      3.614774  0.000  0.224  0.012  0.236
   1.61137      3.578030  0.004  0.002  0.040  0.048
   1.59142      3.544785  0.004  0.010  0.006  0.018
   1.57146      3.519441  0.002  0.014  0.008  0.026
   1.55150      3.539094  0.000  0.000  0.014  0.016
   1.53154      3.565144  0.000  0.000  0.016  0.016
   1.51159      3.566563  0.004  0.004  0.094  0.102
   1.49163      3.555927  0.006  0.012  0.044  0.059
   1.47167      3.535111  0.006  0.011  0.059  0.077
   1.45171      3.528018  0.006  0.010  0.072  0.088
   1.45171      3.528018  0.006  0.010  0.072  0.088
   1.42349      3.522241  0.005  0.029  0.068  0.105
   1.39526      3.505431  0.004  0.080  0.057  0.143
   1.36704      3.479874  0.004  0.124  0.046  0.174
   1.33882      3.454372  0.002  0.115  0.041  0.160
   1.31059      3.440692  0.003  0.062  0.030  0.098
   1.28237      3.450273  0.002  0.019  0.016  0.038
   1.25414      3.476309  0.003  0.009  0.010  0.022
   1.22592      3.513158  0.003  0.004  0.010  0.019
   1.19769      3.547965  0.001  0.028  0.038  0.066
   1.16947      3.565706  0.001  0.031  0.035  0.065
   1.14125      3.585747  0.001  0.024  0.027  0.052
   1.11302      3.610586  0.002  0.018  0.018  0.037
   1.08480      3.641282  0.001  0.013  0.012  0.025
   1.05657      3.675916  0.002  0.008  0.007  0.016
   1.02835      3.708455  0.001  0.005  0.005  0.012
   1.00013      3.721233  0.000  0.004  0.010  0.016
   0.97190      3.754627  0.000  0.001  0.006  0.008
   0.94368      3.773906  0.000  0.002  0.003  0.005
   0.91545      3.778441  0.000  0.002  0.001  0.004
   0.91545      3.778441  0.000  0.002  0.001  0.004
   0.89550      3.802162  0.000  0.002  0.002  0.004
   0.87554      3.826791  0.000  0.000  0.006  0.006
   0.85558      3.811625  0.002  0.006  0.022  0.034
   0.83562      3.778334  0.004  0.008  0.018  0.030
   0.81567      3.744075  0.004  0.006  0.016  0.028
   0.79571      3.717609  0.000  0.006  0.010  0.018
   0.77575      3.725875  0.000  0.006  0.012  0.018
   0.75579      3.734366  0.000  0.006  0.012  0.018
   0.73584      3.739644  0.006  0.010  0.010  0.026
   0.71588      3.720754  0.008  0.012  0.012  0.032
   0.69592      3.700228  0.008  0.015  0.016  0.040
   0.67596      3.677366  0.010  0.018  0.028  0.052
   0.65600      3.652479  0.008  0.016  0.040  0.068
   0.63605      3.626773  0.008  0.019  0.052  0.080
   0.61609      3.633243  0.000  0.008  0.032  0.042
   0.59613      3.641368  0.000  0.010  0.034  0.044
   0.57617      3.649770  0.000  0.010  0.035  0.045
   0.55622      3.658703  0.000  0.008  0.034  0.044
   0.53626      3.667122  0.002  0.000  0.000  0.002
   0.53626      3.667122  0.002  0.000  0.000  0.002
   0.50804      3.644811  0.002  0.000  0.012  0.016
   0.47981      3.620778  0.004  0.014  0.058  0.077
   0.45159      3.636477  0.009  0.004  0.049  0.062
   0.42336      3.638670  0.002  0.016  0.053  0.070
   0.39514      3.640793  0.002  0.016  0.052  0.074
   0.36691      3.641947  0.002  0.013  0.043  0.059
   0.33869      3.620658  0.000  0.000  0.008  0.008
   0.31047      3.650925  0.000  0.000  0.008  0.008
   0.28224      3.681084  0.000  0.000  0.008  0.010
   0.25402      3.676607  0.002  0.002  0.046  0.052
   0.22579      3.656090  0.002  0.004  0.044  0.052
   0.19757      3.672149  0.004  0.051  0.062  0.118
   0.16935      3.724125  0.004  0.057  0.054  0.112
   0.14112      3.683105  0.000  0.008  0.006  0.014
   0.11290      3.667067  0.000  0.018  0.034  0.051
   0.08467      3.714118  0.002  0.134  0.030  0.165
   0.05645      3.769504  0.000  0.002  0.042  0.044
   0.02822      3.765174  0.000  0.000  0.072  0.072
   0.00000      3.762173  0.000  0.000  0.094  0.094
 
# Band-Index:  135
   0.00000      3.778792  0.000  0.006  0.028  0.038
   0.02822      3.786313  0.000  0.008  0.048  0.056
   0.05645      3.772079  0.000  0.329  0.016  0.345
   0.08467      3.775753  0.000  0.000  0.032  0.032
   0.11290      3.764811  0.002  0.080  0.054  0.136
   0.14112      3.752568  0.000  0.052  0.052  0.104
   0.16935      3.725628  0.000  0.020  0.012  0.030
   0.19757      3.736248  0.000  0.024  0.016  0.040
   0.22579      3.726500  0.006  0.024  0.066  0.094
   0.25402      3.706646  0.004  0.022  0.063  0.088
   0.28224      3.687664  0.004  0.010  0.014  0.026
   0.31047      3.676059  0.004  0.022  0.038  0.062
   0.33869      3.661675  0.004  0.022  0.045  0.070
   0.36691      3.649073  0.002  0.022  0.050  0.074
   0.39514      3.675522  0.002  0.010  0.035  0.049
   0.42336      3.680720  0.004  0.008  0.063  0.075
   0.45159      3.639633  0.002  0.013  0.057  0.074
   0.47981      3.633943  0.000  0.011  0.062  0.076
   0.50804      3.659850  0.000  0.018  0.074  0.092
   0.53626      3.670244  0.000  0.020  0.080  0.100
   0.53626      3.670244  0.000  0.020  0.080  0.100
   0.55622      3.679763  0.000  0.012  0.046  0.058
   0.57617      3.691898  0.000  0.010  0.044  0.056
   0.59613      3.705362  0.000  0.010  0.042  0.052
   0.61609      3.720199  0.000  0.010  0.040  0.050
   0.63605      3.736579  0.000  0.008  0.040  0.050
   0.65600      3.754857  0.000  0.008  0.038  0.047
   0.67596      3.762875  0.000  0.002  0.007  0.010
   0.69592      3.758175  0.000  0.003  0.010  0.014
   0.71588      3.751218  0.000  0.004  0.012  0.016
   0.73584      3.742989  0.000  0.004  0.012  0.018
   0.75579      3.757978  0.006  0.010  0.012  0.028
   0.77575      3.776745  0.006  0.008  0.016  0.030
   0.79571      3.796642  0.006  0.008  0.020  0.036
   0.81567      3.817875  0.004  0.010  0.028  0.044
   0.83562      3.839872  0.004  0.012  0.036  0.050
   0.85558      3.861074  0.002  0.012  0.044  0.059
   0.87554      3.850039  0.002  0.012  0.027  0.041
   0.89550      3.872508  0.000  0.012  0.041  0.055
   0.91545      3.887354  0.000  0.013  0.050  0.063
   0.91545      3.887354  0.000  0.013  0.050  0.063
   0.94368      3.861244  0.001  0.008  0.030  0.039
   0.97190      3.804447  0.003  0.010  0.026  0.039
   1.00013      3.770821  0.001  0.013  0.024  0.039
   1.02835      3.793271  0.001  0.012  0.032  0.046
   1.05657      3.825134  0.001  0.010  0.029  0.040
   1.08480      3.806263  0.002  0.006  0.020  0.029
   1.11302      3.747491  0.003  0.006  0.014  0.024
   1.14125      3.681618  0.004  0.008  0.010  0.023
   1.16947      3.619119  0.004  0.008  0.009  0.023
   1.19769      3.565303  0.004  0.022  0.012  0.041
   1.22592      3.541406  0.002  0.060  0.045  0.107
   1.25414      3.534356  0.001  0.077  0.052  0.132
   1.28237      3.534773  0.001  0.100  0.056  0.157
   1.31059      3.544110  0.001  0.126  0.059  0.187
   1.33882      3.560723  0.001  0.163  0.057  0.222
   1.36704      3.579067  0.000  0.207  0.049  0.255
   1.39526      3.596540  0.000  0.217  0.031  0.247
   1.42349      3.608854  0.000  0.151  0.019  0.170
   1.45171      3.612656  0.000  0.111  0.018  0.128
   1.45171      3.612656  0.000  0.111  0.018  0.128
   1.47167      3.601209  0.000  0.082  0.015  0.096
   1.49163      3.582436  0.000  0.054  0.013  0.066
   1.51159      3.585035  0.006  0.012  0.031  0.049
   1.53154      3.585966  0.002  0.004  0.095  0.102
   1.55150      3.609175  0.000  0.002  0.092  0.096
   1.57146      3.638229  0.000  0.004  0.085  0.090
   1.59142      3.644693  0.000  0.342  0.008  0.352
   1.61137      3.631404  0.000  0.280  0.010  0.292
   1.63133      3.624419  0.004  0.040  0.044  0.087
   1.65129      3.671927  0.000  0.311  0.024  0.335
   1.67125      3.678724  0.000  0.285  0.030  0.315
   1.69120      3.720387  0.000  0.022  0.026  0.050
   1.71116      3.729807  0.002  0.018  0.026  0.048
   1.73112      3.731237  0.002  0.020  0.022  0.044
   1.75108      3.739277  0.000  0.002  0.064  0.069
   1.77103      3.750743  0.002  0.040  0.014  0.056
   1.79099      3.772103  0.002  0.056  0.016  0.072
   1.81095      3.782038  0.000  0.006  0.026  0.036
   1.83091      3.778792  0.000  0.006  0.028  0.038
 
# Band-Index:  136
   1.83091      3.805637  0.000  0.084  0.020  0.104
   1.81095      3.794786  0.000  0.072  0.020  0.094
   1.79099      3.790897  0.000  0.010  0.022  0.031
   1.77103      3.802979  0.000  0.008  0.016  0.028
   1.75108      3.814879  0.002  0.008  0.016  0.028
   1.73112      3.823063  0.002  0.008  0.020  0.032
   1.71116      3.825264  0.002  0.010  0.034  0.044
   1.69120      3.779687  0.000  0.010  0.020  0.032
   1.67125      3.733920  0.002  0.024  0.038  0.066
   1.65129      3.683707  0.004  0.036  0.042  0.083
   1.63133      3.666292  0.000  0.338  0.022  0.358
   1.61137      3.661722  0.000  0.362  0.018  0.380
   1.59142      3.658154  0.000  0.389  0.012  0.402
   1.57146      3.654068  0.000  0.402  0.007  0.409
   1.55150      3.654077  0.000  0.444  0.008  0.451
   1.53154      3.618792  0.006  0.015  0.024  0.047
   1.51159      3.587987  0.000  0.008  0.018  0.028
   1.49163      3.605087  0.000  0.040  0.018  0.061
   1.47167      3.613870  0.000  0.094  0.018  0.114
   1.45171      3.612859  0.000  0.111  0.018  0.128
   1.45171      3.612859  0.000  0.111  0.018  0.128
   1.42349      3.609088  0.000  0.151  0.019  0.169
   1.39526      3.596812  0.000  0.218  0.031  0.247
   1.36704      3.579287  0.000  0.208  0.048  0.255
   1.33882      3.560846  0.001  0.163  0.057  0.222
   1.31059      3.544179  0.001  0.126  0.059  0.187
   1.28237      3.534838  0.001  0.100  0.056  0.157
   1.25414      3.534443  0.001  0.077  0.052  0.132
   1.22592      3.541532  0.002  0.060  0.045  0.108
   1.19769      3.565529  0.004  0.022  0.012  0.039
   1.16947      3.619557  0.004  0.008  0.009  0.023
   1.14125      3.682094  0.004  0.008  0.010  0.023
   1.11302      3.747966  0.003  0.006  0.014  0.024
   1.08480      3.806672  0.002  0.006  0.020  0.028
   1.05657      3.825287  0.001  0.010  0.029  0.040
   1.02835      3.793322  0.001  0.012  0.032  0.046
   1.00013      3.771015  0.001  0.013  0.024  0.039
   0.97190      3.804769  0.003  0.010  0.026  0.039
   0.94368      3.861886  0.001  0.008  0.030  0.039
   0.91545      3.887586  0.000  0.013  0.050  0.063
   0.91545      3.887586  0.000  0.013  0.050  0.063
   0.89550      3.889072  0.000  0.012  0.054  0.068
   0.87554      3.878794  0.002  0.012  0.051  0.066
   0.85558      3.863920  0.000  0.002  0.006  0.010
   0.83562      3.894390  0.000  0.000  0.010  0.012
   0.81567      3.924171  0.000  0.000  0.016  0.016
   0.79571      3.944538  0.002  0.008  0.034  0.046
   0.77575      3.927821  0.000  0.006  0.033  0.039
   0.75579      3.890969  0.000  0.006  0.032  0.038
   0.73584      3.857025  0.000  0.006  0.032  0.038
   0.71588      3.826407  0.000  0.006  0.033  0.041
   0.69592      3.799297  0.000  0.006  0.034  0.042
   0.67596      3.775586  0.000  0.008  0.036  0.044
   0.65600      3.759684  0.001  0.007  0.050  0.062
   0.63605      3.743645  0.002  0.007  0.042  0.053
   0.61609      3.727321  0.002  0.000  0.046  0.051
   0.59613      3.713225  0.002  0.000  0.058  0.062
   0.57617      3.703345  0.002  0.000  0.070  0.072
   0.55622      3.697521  0.002  0.000  0.076  0.078
   0.53626      3.695600  0.002  0.000  0.078  0.081
   0.53626      3.695600  0.002  0.000  0.078  0.081
   0.50804      3.694129  0.002  0.002  0.068  0.072
   0.47981      3.678424  0.000  0.002  0.070  0.075
   0.45159      3.683220  0.000  0.004  0.044  0.053
   0.42336      3.703738  0.003  0.003  0.055  0.064
   0.39514      3.708611  0.002  0.004  0.066  0.075
   0.36691      3.709261  0.002  0.004  0.075  0.082
   0.33869      3.706853  0.002  0.002  0.078  0.084
   0.31047      3.701660  0.002  0.002  0.080  0.086
   0.28224      3.695452  0.002  0.014  0.098  0.116
   0.25402      3.708028  0.000  0.006  0.010  0.016
   0.22579      3.727789  0.000  0.016  0.016  0.030
   0.19757      3.767061  0.006  0.034  0.071  0.112
   0.16935      3.832251  0.000  0.005  0.018  0.023
   0.14112      3.805567  0.000  0.001  0.020  0.022
   0.11290      3.787043  0.000  0.000  0.024  0.026
   0.08467      3.779440  0.002  0.186  0.048  0.238
   0.05645      3.803492  0.000  0.080  0.023  0.106
   0.02822      3.804997  0.000  0.084  0.020  0.106
   0.00000      3.805637  0.000  0.084  0.020  0.104
 
# Band-Index:  137
   0.00000      3.853913  0.000  0.360  0.015  0.377
   0.02822      3.837881  0.000  0.340  0.012  0.352
   0.05645      3.810735  0.002  0.316  0.028  0.347
   0.08467      3.802178  0.000  0.078  0.027  0.105
   0.11290      3.802957  0.000  0.072  0.030  0.102
   0.14112      3.811151  0.000  0.054  0.032  0.088
   0.16935      3.832875  0.008  0.044  0.061  0.113
   0.19757      3.851695  0.004  0.008  0.057  0.071
   0.22579      3.844654  0.004  0.006  0.047  0.058
   0.25402      3.839131  0.002  0.006  0.044  0.053
   0.28224      3.828785  0.002  0.006  0.040  0.049
   0.31047      3.811294  0.002  0.006  0.038  0.048
   0.33869      3.785990  0.002  0.006  0.040  0.048
   0.36691      3.753893  0.002  0.008  0.046  0.054
   0.39514      3.717771  0.002  0.008  0.052  0.061
   0.42336      3.708246  0.002  0.010  0.022  0.035
   0.45159      3.694800  0.004  0.002  0.034  0.041
   0.47981      3.694396  0.004  0.002  0.014  0.018
   0.50804      3.706927  0.003  0.006  0.018  0.026
   0.53626      3.713269  0.004  0.006  0.028  0.037
   0.53626      3.713269  0.004  0.006  0.028  0.037
   0.55622      3.714375  0.004  0.006  0.028  0.038
   0.57617      3.717733  0.004  0.006  0.030  0.039
   0.59613      3.723486  0.002  0.006  0.033  0.041
   0.61609      3.731944  0.002  0.006  0.037  0.046
   0.63605      3.745762  0.002  0.002  0.034  0.039
   0.65600      3.764674  0.000  0.001  0.005  0.007
   0.67596      3.781408  0.002  0.011  0.059  0.072
   0.69592      3.810163  0.002  0.014  0.067  0.083
   0.71588      3.846351  0.002  0.016  0.073  0.090
   0.73584      3.889179  0.002  0.017  0.074  0.096
   0.75579      3.925131  0.000  0.015  0.052  0.067
   0.77575      3.950557  0.000  0.010  0.040  0.049
   0.79571      3.947888  0.000  0.002  0.020  0.022
   0.81567      3.946377  0.002  0.006  0.031  0.040
   0.83562      3.959455  0.002  0.005  0.028  0.034
   0.85558      3.964977  0.000  0.008  0.028  0.037
   0.87554      3.922809  0.000  0.004  0.032  0.037
   0.89550      3.895358  0.000  0.001  0.037  0.037
   0.91545      3.893104  0.000  0.005  0.037  0.043
   0.91545      3.893104  0.000  0.005  0.037  0.043
   0.94368      3.926907  0.000  0.017  0.043  0.061
   0.97190      4.000349  0.001  0.024  0.034  0.060
   1.00013      4.071012  0.002  0.025  0.052  0.080
   1.02835      4.028482  0.002  0.006  0.041  0.050
   1.05657      3.978234  0.006  0.009  0.031  0.047
   1.08480      3.949205  0.010  0.012  0.044  0.068
   1.11302      3.913603  0.008  0.014  0.055  0.077
   1.14125      3.879128  0.006  0.015  0.060  0.081
   1.16947      3.846664  0.004  0.014  0.063  0.084
   1.19769      3.814811  0.003  0.015  0.068  0.088
   1.22592      3.783512  0.002  0.015  0.073  0.090
   1.25414      3.754503  0.001  0.015  0.074  0.093
   1.28237      3.730630  0.001  0.013  0.076  0.090
   1.31059      3.712443  0.001  0.008  0.071  0.079
   1.33882      3.692369  0.000  0.017  0.048  0.066
   1.36704      3.672261  0.000  0.062  0.031  0.094
   1.39526      3.661461  0.000  0.163  0.019  0.183
   1.42349      3.660431  0.000  0.289  0.010  0.299
   1.45171      3.661785  0.000  0.334  0.008  0.342
   1.45171      3.661785  0.000  0.334  0.008  0.342
   1.47167      3.658813  0.000  0.366  0.008  0.372
   1.49163      3.658743  0.000  0.414  0.007  0.421
   1.51159      3.655604  0.000  0.482  0.004  0.487
   1.53154      3.653924  0.000  0.470  0.004  0.474
   1.55150      3.655758  0.006  0.018  0.018  0.044
   1.57146      3.655596  0.000  0.417  0.009  0.426
   1.59142      3.673627  0.000  0.004  0.074  0.082
   1.61137      3.713149  0.000  0.004  0.067  0.076
   1.63133      3.751708  0.000  0.004  0.060  0.068
   1.65129      3.782180  0.002  0.002  0.049  0.056
   1.67125      3.803388  0.002  0.006  0.032  0.046
   1.69120      3.821892  0.002  0.010  0.047  0.058
   1.71116      3.837102  0.000  0.014  0.013  0.028
   1.73112      3.856982  0.000  0.276  0.038  0.314
   1.75108      3.864928  0.000  0.334  0.026  0.362
   1.77103      3.867453  0.000  0.365  0.018  0.383
   1.79099      3.867131  0.000  0.373  0.015  0.387
   1.81095      3.861031  0.000  0.332  0.023  0.355
   1.83091      3.853913  0.000  0.360  0.015  0.377
 
# Band-Index:  138
   1.83091      3.865866  0.000  0.372  0.012  0.385
   1.81095      3.866264  0.000  0.372  0.012  0.385
   1.79099      3.879144  0.000  0.284  0.033  0.316
   1.77103      3.903429  0.000  0.242  0.044  0.285
   1.75108      3.918674  0.004  0.050  0.010  0.060
   1.73112      3.888855  0.000  0.034  0.008  0.044
   1.71116      3.843808  0.000  0.214  0.048  0.262
   1.69120      3.827902  0.000  0.173  0.050  0.223
   1.67125      3.811289  0.000  0.142  0.050  0.192
   1.65129      3.795079  0.000  0.118  0.050  0.168
   1.63133      3.779913  0.000  0.094  0.048  0.142
   1.61137      3.766258  0.000  0.066  0.044  0.110
   1.59142      3.734532  0.006  0.024  0.016  0.048
   1.57146      3.695053  0.006  0.022  0.016  0.044
   1.55150      3.659346  0.000  0.444  0.006  0.451
   1.53154      3.660929  0.000  0.460  0.006  0.467
   1.51159      3.660139  0.000  0.448  0.006  0.454
   1.49163      3.659506  0.000  0.462  0.004  0.466
   1.47167      3.663404  0.000  0.392  0.006  0.398
   1.45171      3.661924  0.000  0.336  0.007  0.344
   1.45171      3.661924  0.000  0.336  0.007  0.344
   1.42349      3.660575  0.000  0.290  0.010  0.302
   1.39526      3.661614  0.000  0.164  0.019  0.185
   1.36704      3.672414  0.000  0.063  0.030  0.095
   1.33882      3.692598  0.000  0.017  0.048  0.066
   1.31059      3.712934  0.001  0.008  0.070  0.078
   1.28237      3.731291  0.001  0.013  0.076  0.090
   1.25414      3.755223  0.001  0.015  0.074  0.093
   1.22592      3.784258  0.002  0.014  0.073  0.090
   1.19769      3.815564  0.003  0.015  0.068  0.088
   1.16947      3.847407  0.004  0.014  0.063  0.084
   1.14125      3.879850  0.006  0.015  0.060  0.081
   1.11302      3.914299  0.008  0.014  0.055  0.077
   1.08480      3.949818  0.010  0.012  0.044  0.067
   1.05657      3.978494  0.006  0.008  0.032  0.047
   1.02835      4.028733  0.002  0.006  0.041  0.050
   1.00013      4.071083  0.002  0.025  0.052  0.080
   0.97190      4.000603  0.001  0.024  0.034  0.060
   0.94368      3.927198  0.000  0.017  0.043  0.061
   0.91545      3.893971  0.000  0.005  0.037  0.043
   0.91545      3.893971  0.000  0.005  0.037  0.043
   0.89550      3.917325  0.000  0.014  0.031  0.046
   0.87554      3.954589  0.002  0.021  0.028  0.049
   0.85558      3.983677  0.000  0.004  0.024  0.030
   0.83562      4.015031  0.000  0.013  0.024  0.039
   0.81567      4.007078  0.000  0.008  0.041  0.050
   0.79571      3.966930  0.000  0.006  0.035  0.043
   0.77575      3.951377  0.002  0.011  0.044  0.056
   0.75579      3.936320  0.002  0.021  0.084  0.106
   0.73584      3.891821  0.000  0.015  0.042  0.057
   0.71588      3.857765  0.000  0.009  0.026  0.037
   0.69592      3.825076  0.000  0.006  0.017  0.027
   0.67596      3.794995  0.002  0.004  0.016  0.022
   0.65600      3.768384  0.002  0.002  0.022  0.029
   0.63605      3.763564  0.000  0.000  0.002  0.004
   0.61609      3.760358  0.000  0.000  0.002  0.004
   0.59613      3.756267  0.000  0.000  0.000  0.002
   0.57617      3.752469  0.000  0.000  0.000  0.002
   0.55622      3.749848  0.000  0.000  0.000  0.002
   0.53626      3.748918  0.000  0.000  0.000  0.002
   0.53626      3.748918  0.000  0.000  0.000  0.002
   0.50804      3.755633  0.000  0.002  0.008  0.014
   0.47981      3.769454  0.002  0.008  0.012  0.026
   0.45159      3.738909  0.002  0.008  0.018  0.030
   0.42336      3.754315  0.006  0.004  0.024  0.033
   0.39514      3.838979  0.006  0.004  0.030  0.044
   0.36691      3.859960  0.000  0.062  0.093  0.156
   0.33869      3.873516  0.000  0.065  0.086  0.151
   0.31047      3.885812  0.000  0.068  0.077  0.145
   0.28224      3.895473  0.000  0.071  0.065  0.137
   0.25402      3.900242  0.000  0.063  0.051  0.114
   0.22579      3.894089  0.000  0.036  0.033  0.069
   0.19757      3.865216  0.000  0.012  0.019  0.032
   0.16935      3.841461  0.000  0.024  0.022  0.047
   0.14112      3.893072  0.010  0.030  0.026  0.064
   0.11290      3.906662  0.000  0.006  0.050  0.056
   0.08467      3.855697  0.000  0.006  0.066  0.071
   0.05645      3.812870  0.000  0.007  0.068  0.074
   0.02822      3.841870  0.000  0.353  0.017  0.373
   0.00000      3.865866  0.000  0.372  0.012  0.385
 
# Band-Index:  139
   0.00000      3.907677  0.006  0.028  0.008  0.042
   0.02822      3.913076  0.006  0.052  0.008  0.068
   0.05645      3.916884  0.006  0.048  0.008  0.062
   0.08467      3.916664  0.008  0.038  0.008  0.054
   0.11290      3.912586  0.010  0.030  0.008  0.046
   0.14112      3.928527  0.002  0.032  0.040  0.077
   0.16935      3.876110  0.004  0.024  0.063  0.091
   0.19757      3.893742  0.000  0.002  0.007  0.008
   0.22579      3.910325  0.000  0.038  0.026  0.065
   0.25402      3.902330  0.000  0.060  0.053  0.113
   0.28224      3.896478  0.000  0.068  0.066  0.135
   0.31047      3.897528  0.000  0.073  0.078  0.152
   0.33869      3.903295  0.000  0.070  0.090  0.161
   0.36691      3.910281  0.000  0.066  0.103  0.170
   0.39514      3.845220  0.000  0.056  0.098  0.155
   0.42336      3.829387  0.000  0.050  0.099  0.149
   0.45159      3.812851  0.000  0.042  0.094  0.138
   0.47981      3.782260  0.003  0.004  0.012  0.020
   0.50804      3.782888  0.000  0.026  0.070  0.094
   0.53626      3.776953  0.000  0.020  0.060  0.082
   0.53626      3.776953  0.000  0.020  0.060  0.082
   0.55622      3.778147  0.000  0.020  0.062  0.082
   0.57617      3.781758  0.000  0.022  0.066  0.088
   0.59613      3.787879  0.000  0.022  0.074  0.096
   0.61609      3.796669  0.000  0.022  0.082  0.104
   0.63605      3.808354  0.000  0.022  0.088  0.110
   0.65600      3.823253  0.000  0.022  0.094  0.116
   0.67596      3.841807  0.000  0.020  0.096  0.116
   0.69592      3.864627  0.000  0.018  0.091  0.109
   0.71588      3.892535  0.000  0.014  0.075  0.088
   0.73584      3.926346  0.000  0.006  0.051  0.059
   0.75579      3.965787  0.000  0.003  0.021  0.025
   0.77575      3.995788  0.006  0.017  0.055  0.076
   0.79571      4.028695  0.000  0.024  0.084  0.107
   0.81567      4.062381  0.002  0.018  0.054  0.075
   0.83562      4.034504  0.002  0.031  0.038  0.074
   0.85558      3.997043  0.002  0.027  0.025  0.053
   0.87554      4.017284  0.000  0.002  0.022  0.026
   0.89550      4.057717  0.000  0.002  0.020  0.025
   0.91545      4.086264  0.007  0.004  0.011  0.023
   0.91545      4.086264  0.007  0.004  0.011  0.023
   0.94368      4.101334  0.003  0.004  0.009  0.019
   0.97190      4.110495  0.000  0.006  0.026  0.035
   1.00013      4.088186  0.000  0.004  0.038  0.042
   1.02835      4.062622  0.005  0.008  0.048  0.061
   1.05657      4.018229  0.004  0.007  0.055  0.068
   1.08480      4.006666  0.001  0.005  0.050  0.055
   1.11302      4.032324  0.001  0.006  0.062  0.069
   1.14125      4.013999  0.001  0.007  0.094  0.102
   1.16947      3.975610  0.000  0.004  0.080  0.084
   1.19769      3.933277  0.000  0.004  0.063  0.064
   1.22592      3.887973  0.000  0.001  0.045  0.046
   1.25414      3.841685  0.000  0.002  0.030  0.033
   1.28237      3.797766  0.000  0.004  0.020  0.023
   1.31059      3.763251  0.000  0.010  0.013  0.023
   1.33882      3.750282  0.000  0.006  0.015  0.021
   1.36704      3.744425  0.000  0.005  0.013  0.018
   1.39526      3.727411  0.000  0.037  0.016  0.053
   1.42349      3.712859  0.000  0.088  0.012  0.100
   1.45171      3.707753  0.000  0.121  0.009  0.131
   1.45171      3.707753  0.000  0.121  0.009  0.131
   1.47167      3.710945  0.000  0.076  0.010  0.084
   1.49163      3.721741  0.000  0.088  0.018  0.108
   1.51159      3.727882  0.000  0.048  0.022  0.069
   1.53154      3.732879  0.000  0.012  0.028  0.040
   1.55150      3.738166  0.000  0.000  0.032  0.032
   1.57146      3.745167  0.000  0.010  0.036  0.046
   1.59142      3.754552  0.000  0.036  0.040  0.078
   1.61137      3.768818  0.005  0.022  0.025  0.054
   1.63133      3.792069  0.002  0.016  0.043  0.064
   1.65129      3.805875  0.002  0.014  0.056  0.070
   1.67125      3.815121  0.000  0.011  0.056  0.067
   1.69120      3.831010  0.004  0.018  0.022  0.046
   1.71116      3.867682  0.004  0.022  0.023  0.049
   1.73112      3.904839  0.002  0.010  0.027  0.040
   1.75108      3.931065  0.000  0.209  0.051  0.261
   1.77103      3.929354  0.004  0.050  0.012  0.066
   1.79099      3.925374  0.006  0.046  0.012  0.060
   1.81095      3.914250  0.006  0.036  0.010  0.050
   1.83091      3.907677  0.006  0.028  0.008  0.042
 
# Band-Index:  140
   1.83091      3.989182  0.000  0.000  0.138  0.138
   1.81095      3.982606  0.000  0.000  0.128  0.128
   1.79099      3.967711  0.000  0.000  0.112  0.116
   1.77103      3.951668  0.000  0.010  0.099  0.106
   1.75108      3.939836  0.000  0.039  0.081  0.119
   1.73112      3.936155  0.000  0.097  0.061  0.158
   1.71116      3.931039  0.000  0.036  0.012  0.052
   1.69120      3.916999  0.002  0.030  0.008  0.040
   1.67125      3.910013  0.002  0.026  0.006  0.032
   1.65129      3.907566  0.002  0.020  0.008  0.032
   1.63133      3.904126  0.002  0.019  0.030  0.051
   1.61137      3.881651  0.000  0.010  0.078  0.090
   1.59142      3.861352  0.000  0.006  0.091  0.096
   1.57146      3.835421  0.000  0.036  0.028  0.062
   1.55150      3.806406  0.000  0.036  0.024  0.058
   1.53154      3.778144  0.000  0.036  0.018  0.054
   1.51159      3.751334  0.000  0.036  0.014  0.050
   1.49163      3.727548  0.000  0.045  0.012  0.057
   1.47167      3.714173  0.000  0.122  0.014  0.137
   1.45171      3.707954  0.000  0.125  0.009  0.134
   1.45171      3.707954  0.000  0.125  0.009  0.134
   1.42349      3.713019  0.000  0.090  0.012  0.102
   1.39526      3.727448  0.000  0.038  0.016  0.053
   1.36704      3.744714  0.000  0.005  0.013  0.018
   1.33882      3.750900  0.000  0.006  0.015  0.021
   1.31059      3.763681  0.000  0.010  0.013  0.024
   1.28237      3.798089  0.000  0.005  0.021  0.025
   1.25414      3.842065  0.000  0.002  0.031  0.033
   1.22592      3.888468  0.000  0.001  0.045  0.046
   1.19769      3.933909  0.000  0.004  0.062  0.064
   1.16947      3.976371  0.000  0.004  0.080  0.083
   1.14125      4.014808  0.001  0.007  0.094  0.103
   1.11302      4.032371  0.002  0.006  0.063  0.071
   1.08480      4.006965  0.001  0.005  0.050  0.056
   1.05657      4.018566  0.004  0.007  0.055  0.068
   1.02835      4.063157  0.005  0.008  0.048  0.061
   1.00013      4.088694  0.000  0.004  0.039  0.044
   0.97190      4.110642  0.000  0.006  0.027  0.036
   0.94368      4.101529  0.003  0.005  0.009  0.019
   0.91545      4.086782  0.007  0.003  0.011  0.023
   0.91545      4.086782  0.007  0.003  0.011  0.023
   0.89550      4.083809  0.005  0.006  0.022  0.034
   0.87554      4.091487  0.004  0.008  0.034  0.046
   0.85558      4.089674  0.000  0.002  0.059  0.062
   0.83562      4.057197  0.000  0.002  0.024  0.026
   0.81567      4.065981  0.001  0.024  0.093  0.117
   0.79571      4.050402  0.002  0.014  0.098  0.112
   0.77575      4.003056  0.000  0.009  0.025  0.034
   0.75579      3.971782  0.006  0.004  0.012  0.024
   0.73584      3.986097  0.005  0.006  0.020  0.030
   0.71588      3.966843  0.000  0.020  0.114  0.136
   0.69592      3.946881  0.006  0.012  0.046  0.066
   0.67596      3.920943  0.006  0.008  0.038  0.052
   0.65600      3.898526  0.006  0.006  0.029  0.042
   0.63605      3.879922  0.006  0.006  0.021  0.032
   0.61609      3.865080  0.004  0.004  0.016  0.026
   0.59613      3.853823  0.004  0.004  0.014  0.022
   0.57617      3.845949  0.004  0.004  0.012  0.020
   0.55622      3.841293  0.004  0.003  0.010  0.019
   0.53626      3.839753  0.004  0.002  0.010  0.017
   0.53626      3.839753  0.004  0.002  0.010  0.017
   0.50804      3.807252  0.002  0.006  0.010  0.022
   0.47981      3.796575  0.000  0.036  0.085  0.119
   0.45159      3.832409  0.004  0.006  0.010  0.022
   0.42336      3.878882  0.002  0.004  0.036  0.044
   0.39514      3.906649  0.000  0.006  0.041  0.046
   0.36691      3.911227  0.006  0.004  0.046  0.056
   0.33869      3.943938  0.000  0.006  0.026  0.034
   0.31047      3.952145  0.000  0.008  0.020  0.028
   0.28224      3.953894  0.000  0.008  0.018  0.026
   0.25402      3.950982  0.002  0.010  0.014  0.026
   0.22579      3.945279  0.004  0.014  0.012  0.030
   0.19757      3.940027  0.004  0.022  0.015  0.042
   0.16935      3.940576  0.004  0.040  0.022  0.066
   0.14112      3.949694  0.000  0.018  0.016  0.032
   0.11290      3.979282  0.002  0.010  0.040  0.050
   0.08467      4.001867  0.002  0.012  0.036  0.050
   0.05645      4.012803  0.000  0.010  0.024  0.036
   0.02822      3.998629  0.000  0.000  0.138  0.138
   0.00000      3.989182  0.000  0.000  0.138  0.138
 
# Band-Index:  141
   0.00000      4.005702  0.000  0.002  0.022  0.026
   0.02822      4.008084  0.000  0.006  0.024  0.032
   0.05645      4.023784  0.002  0.016  0.037  0.056
   0.08467      4.017286  0.000  0.020  0.030  0.051
   0.11290      3.994885  0.002  0.027  0.023  0.052
   0.14112      3.957360  0.000  0.044  0.031  0.074
   0.16935      3.964901  0.000  0.041  0.006  0.049
   0.19757      3.965510  0.000  0.049  0.017  0.065
   0.22579      3.975312  0.000  0.030  0.016  0.048
   0.25402      4.013765  0.000  0.008  0.008  0.016
   0.28224      4.051595  0.001  0.026  0.049  0.077
   0.31047      4.015757  0.004  0.004  0.067  0.076
   0.33869      3.967789  0.006  0.004  0.060  0.070
   0.36691      3.928357  0.000  0.006  0.032  0.040
   0.39514      3.916078  0.000  0.061  0.117  0.177
   0.42336      3.918774  0.000  0.056  0.130  0.184
   0.45159      3.890886  0.000  0.006  0.080  0.087
   0.47981      3.871505  0.000  0.004  0.097  0.101
   0.50804      3.862000  0.000  0.004  0.106  0.108
   0.53626      3.858723  0.000  0.004  0.106  0.111
   0.53626      3.858723  0.000  0.004  0.106  0.111
   0.55622      3.860902  0.000  0.004  0.107  0.112
   0.57617      3.867389  0.000  0.002  0.108  0.112
   0.59613      3.878044  0.000  0.002  0.110  0.116
   0.61609      3.892622  0.000  0.004  0.112  0.116
   0.63605      3.910760  0.000  0.004  0.112  0.116
   0.65600      3.923295  0.000  0.028  0.132  0.162
   0.67596      3.934393  0.000  0.024  0.124  0.152
   0.69592      3.949093  0.000  0.022  0.118  0.144
   0.71588      3.975119  0.008  0.014  0.058  0.082
   0.73584      3.986780  0.000  0.016  0.108  0.126
   0.75579      4.007974  0.000  0.014  0.104  0.122
   0.77575      4.023363  0.002  0.016  0.076  0.096
   0.79571      4.051527  0.006  0.021  0.067  0.094
   0.81567      4.080723  0.002  0.030  0.012  0.045
   0.83562      4.092551  0.002  0.006  0.103  0.109
   0.85558      4.105067  0.002  0.012  0.044  0.056
   0.87554      4.119864  0.001  0.004  0.084  0.090
   0.89550      4.103020  0.008  0.002  0.002  0.012
   0.91545      4.102098  0.000  0.004  0.020  0.024
   0.91545      4.102098  0.000  0.004  0.020  0.024
   0.94368      4.116928  0.001  0.003  0.038  0.044
   0.97190      4.131389  0.001  0.001  0.069  0.070
   1.00013      4.117082  0.001  0.009  0.024  0.036
   1.02835      4.144224  0.002  0.020  0.037  0.060
   1.05657      4.145396  0.004  0.014  0.106  0.128
   1.08480      4.105401  0.003  0.012  0.090  0.105
   1.11302      4.069938  0.000  0.004  0.050  0.055
   1.14125      4.062172  0.001  0.001  0.004  0.007
   1.16947      4.051024  0.001  0.004  0.020  0.028
   1.19769      4.030770  0.001  0.007  0.041  0.050
   1.22592      4.004693  0.000  0.013  0.038  0.052
   1.25414      3.960611  0.000  0.013  0.033  0.047
   1.28237      3.909013  0.000  0.017  0.040  0.057
   1.31059      3.861645  0.000  0.026  0.042  0.069
   1.33882      3.825016  0.001  0.042  0.047  0.090
   1.36704      3.813230  0.001  0.049  0.050  0.099
   1.39526      3.821118  0.001  0.033  0.056  0.090
   1.42349      3.824370  0.001  0.017  0.071  0.088
   1.45171      3.824194  0.001  0.011  0.076  0.088
   1.45171      3.824194  0.001  0.011  0.076  0.088
   1.47167      3.819628  0.000  0.011  0.082  0.091
   1.49163      3.819912  0.000  0.007  0.085  0.094
   1.51159      3.824453  0.000  0.006  0.089  0.093
   1.53154      3.831684  0.000  0.006  0.089  0.095
   1.55150      3.840061  0.000  0.006  0.090  0.097
   1.57146      3.849213  0.000  0.004  0.092  0.098
   1.59142      3.864809  0.000  0.032  0.032  0.064
   1.61137      3.894333  0.000  0.030  0.036  0.066
   1.63133      3.915898  0.002  0.022  0.014  0.037
   1.65129      3.921139  0.002  0.022  0.020  0.040
   1.67125      3.939573  0.002  0.022  0.030  0.054
   1.69120      3.952294  0.000  0.191  0.039  0.229
   1.71116      3.941097  0.000  0.152  0.047  0.201
   1.73112      3.954532  0.000  0.044  0.016  0.062
   1.75108      3.942105  0.002  0.000  0.030  0.030
   1.77103      3.970886  0.000  0.000  0.028  0.028
   1.79099      3.990313  0.000  0.000  0.025  0.028
   1.81095      4.001843  0.000  0.000  0.024  0.026
   1.83091      4.005702  0.000  0.002  0.022  0.026
 
# Band-Index:  142
   1.83091      4.046727  0.000  0.004  0.030  0.034
   1.81095      4.049975  0.000  0.004  0.030  0.034
   1.79099      4.058168  0.000  0.019  0.025  0.043
   1.77103      4.023123  0.000  0.056  0.012  0.068
   1.75108      3.986662  0.000  0.048  0.016  0.066
   1.73112      3.960200  0.000  0.183  0.057  0.242
   1.71116      3.988472  0.000  0.149  0.068  0.216
   1.69120      3.971111  0.002  0.020  0.040  0.061
   1.67125      3.967214  0.000  0.213  0.035  0.247
   1.65129      3.953080  0.000  0.019  0.048  0.066
   1.63133      3.923821  0.000  0.026  0.042  0.068
   1.61137      3.914314  0.000  0.020  0.018  0.040
   1.59142      3.909845  0.002  0.020  0.024  0.046
   1.57146      3.901716  0.002  0.022  0.032  0.056
   1.55150      3.890683  0.002  0.020  0.040  0.062
   1.53154      3.877317  0.002  0.020  0.047  0.069
   1.51159      3.862399  0.002  0.018  0.055  0.073
   1.49163      3.847356  0.002  0.016  0.063  0.079
   1.47167      3.834090  0.002  0.014  0.071  0.084
   1.45171      3.824678  0.001  0.011  0.076  0.088
   1.45171      3.824678  0.001  0.011  0.076  0.088
   1.42349      3.824840  0.001  0.017  0.070  0.088
   1.39526      3.821541  0.001  0.032  0.056  0.090
   1.36704      3.813376  0.001  0.049  0.050  0.099
   1.33882      3.825337  0.001  0.042  0.047  0.090
   1.31059      3.862108  0.000  0.026  0.043  0.070
   1.28237      3.909532  0.000  0.017  0.040  0.058
   1.25414      3.961218  0.000  0.013  0.034  0.048
   1.22592      4.005311  0.000  0.013  0.040  0.054
   1.19769      4.031342  0.001  0.007  0.041  0.049
   1.16947      4.051756  0.001  0.004  0.020  0.028
   1.14125      4.062959  0.001  0.001  0.005  0.007
   1.11302      4.070093  0.001  0.004  0.051  0.057
   1.08480      4.106018  0.003  0.012  0.090  0.105
   1.05657      4.145734  0.004  0.014  0.106  0.127
   1.02835      4.144623  0.002  0.020  0.037  0.060
   1.00013      4.117203  0.001  0.009  0.024  0.035
   0.97190      4.131691  0.001  0.001  0.068  0.069
   0.94368      4.117007  0.001  0.003  0.038  0.044
   0.91545      4.102250  0.000  0.004  0.020  0.024
   0.91545      4.102250  0.000  0.004  0.020  0.024
   0.89550      4.133500  0.001  0.004  0.108  0.113
   0.87554      4.123020  0.002  0.005  0.105  0.111
   0.85558      4.108919  0.002  0.006  0.103  0.109
   0.83562      4.106610  0.002  0.024  0.100  0.125
   0.81567      4.082408  0.000  0.003  0.068  0.073
   0.79571      4.066490  0.002  0.006  0.029  0.035
   0.77575      4.029529  0.000  0.014  0.102  0.118
   0.75579      4.014720  0.004  0.020  0.084  0.108
   0.73584      4.001408  0.006  0.018  0.072  0.100
   0.71588      3.992057  0.006  0.006  0.048  0.057
   0.69592      3.977846  0.003  0.004  0.088  0.095
   0.67596      3.955078  0.002  0.006  0.104  0.112
   0.65600      3.931905  0.002  0.004  0.110  0.118
   0.63605      3.915776  0.000  0.030  0.138  0.169
   0.61609      3.910077  0.000  0.012  0.028  0.041
   0.59613      3.899980  0.000  0.012  0.028  0.040
   0.57617      3.892779  0.000  0.012  0.028  0.040
   0.55622      3.888461  0.000  0.012  0.028  0.040
   0.53626      3.887021  0.000  0.012  0.028  0.040
   0.53626      3.887021  0.000  0.012  0.028  0.040
   0.50804      3.908619  0.000  0.036  0.153  0.192
   0.47981      3.913262  0.000  0.042  0.148  0.191
   0.45159      3.917529  0.000  0.047  0.140  0.190
   0.42336      3.940034  0.002  0.008  0.042  0.056
   0.39514      4.018379  0.004  0.010  0.028  0.044
   0.36691      4.090418  0.002  0.012  0.032  0.048
   0.33869      4.102950  0.000  0.022  0.048  0.070
   0.31047      4.078854  0.000  0.026  0.050  0.076
   0.28224      4.059829  0.004  0.003  0.067  0.077
   0.25402      4.025447  0.000  0.024  0.050  0.076
   0.22579      4.001942  0.000  0.024  0.051  0.074
   0.19757      3.980095  0.000  0.069  0.048  0.118
   0.16935      3.972100  0.003  0.020  0.054  0.075
   0.14112      3.976688  0.006  0.050  0.064  0.122
   0.11290      4.009600  0.002  0.057  0.042  0.104
   0.08467      4.057791  0.000  0.078  0.043  0.123
   0.05645      4.025478  0.000  0.000  0.132  0.134
   0.02822      4.039929  0.002  0.010  0.030  0.042
   0.00000      4.046727  0.000  0.004  0.030  0.034
 
# Band-Index:  143
   0.00000      4.088118  0.000  0.004  0.018  0.022
   0.02822      4.089408  0.000  0.002  0.016  0.020
   0.05645      4.074083  0.000  0.076  0.024  0.098
   0.08467      4.065199  0.000  0.004  0.119  0.122
   0.11290      4.047059  0.000  0.086  0.070  0.155
   0.14112      4.018637  0.004  0.066  0.090  0.160
   0.16935      3.998325  0.002  0.036  0.069  0.106
   0.19757      3.983149  0.001  0.020  0.051  0.072
   0.22579      4.011966  0.000  0.042  0.034  0.074
   0.25402      4.085576  0.000  0.018  0.016  0.037
   0.28224      4.072860  0.000  0.000  0.006  0.006
   0.31047      4.138506  0.000  0.000  0.010  0.010
   0.33869      4.197459  0.000  0.004  0.026  0.028
   0.36691      4.143076  0.000  0.006  0.052  0.060
   0.39514      4.084637  0.000  0.004  0.054  0.058
   0.42336      4.042781  0.000  0.004  0.048  0.054
   0.45159      4.006781  0.000  0.004  0.039  0.046
   0.47981      3.967537  0.000  0.006  0.034  0.040
   0.50804      3.921921  0.000  0.006  0.028  0.038
   0.53626      3.906622  0.000  0.034  0.154  0.190
   0.53626      3.906622  0.000  0.034  0.154  0.190
   0.55622      3.906796  0.000  0.034  0.154  0.188
   0.57617      3.907394  0.000  0.034  0.152  0.186
   0.59613      3.908688  0.000  0.032  0.148  0.182
   0.61609      3.911211  0.000  0.032  0.144  0.176
   0.63605      3.923104  0.000  0.012  0.028  0.042
   0.65600      3.939105  0.000  0.012  0.028  0.042
   0.67596      3.958107  0.000  0.012  0.028  0.042
   0.69592      3.980069  0.000  0.014  0.026  0.040
   0.71588      4.004796  0.002  0.014  0.024  0.040
   0.73584      4.031826  0.002  0.016  0.022  0.040
   0.75579      4.060026  0.002  0.018  0.020  0.040
   0.77575      4.085815  0.002  0.024  0.016  0.042
   0.79571      4.097200  0.002  0.031  0.013  0.048
   0.81567      4.109185  0.008  0.025  0.080  0.113
   0.83562      4.122531  0.000  0.014  0.042  0.056
   0.85558      4.147641  0.002  0.027  0.099  0.128
   0.87554      4.131017  0.010  0.003  0.002  0.016
   0.89550      4.136238  0.001  0.005  0.103  0.109
   0.91545      4.138663  0.001  0.004  0.108  0.114
   0.91545      4.138663  0.001  0.004  0.108  0.114
   0.94368      4.144891  0.001  0.003  0.096  0.100
   0.97190      4.175391  0.000  0.006  0.054  0.063
   1.00013      4.179160  0.002  0.009  0.089  0.101
   1.02835      4.177947  0.005  0.020  0.101  0.125
   1.05657      4.159659  0.002  0.017  0.061  0.081
   1.08480      4.155807  0.001  0.011  0.081  0.094
   1.11302      4.152268  0.001  0.010  0.093  0.106
   1.14125      4.144805  0.002  0.006  0.088  0.094
   1.16947      4.114117  0.001  0.003  0.076  0.081
   1.19769      4.068463  0.001  0.003  0.074  0.079
   1.22592      4.018367  0.002  0.003  0.092  0.098
   1.25414      3.982945  0.001  0.009  0.111  0.122
   1.28237      3.957191  0.000  0.014  0.114  0.128
   1.31059      3.934673  0.000  0.015  0.116  0.132
   1.33882      3.916533  0.000  0.016  0.117  0.133
   1.36704      3.905694  0.000  0.012  0.111  0.123
   1.39526      3.907595  0.000  0.008  0.093  0.100
   1.42349      3.919114  0.000  0.004  0.071  0.074
   1.45171      3.925262  0.000  0.002  0.062  0.064
   1.45171      3.925262  0.000  0.002  0.062  0.064
   1.47167      3.924850  0.000  0.003  0.062  0.066
   1.49163      3.928742  0.000  0.015  0.062  0.077
   1.51159      3.937194  0.000  0.035  0.063  0.098
   1.53154      3.949446  0.000  0.063  0.064  0.127
   1.55150      3.964191  0.000  0.097  0.064  0.159
   1.57146      3.973308  0.000  0.012  0.026  0.040
   1.59142      3.949496  0.000  0.012  0.024  0.040
   1.61137      3.934138  0.000  0.014  0.024  0.044
   1.63133      3.940377  0.004  0.016  0.051  0.072
   1.65129      3.983041  0.000  0.226  0.032  0.259
   1.67125      3.981544  0.000  0.008  0.056  0.062
   1.69120      4.003449  0.000  0.018  0.080  0.098
   1.71116      4.010194  0.000  0.014  0.044  0.062
   1.73112      4.054409  0.000  0.012  0.044  0.056
   1.75108      4.083557  0.000  0.006  0.036  0.042
   1.77103      4.069633  0.000  0.006  0.030  0.034
   1.79099      4.058314  0.000  0.049  0.013  0.063
   1.81095      4.085664  0.000  0.068  0.004  0.072
   1.83091      4.088118  0.000  0.004  0.018  0.022
 
# Band-Index:  144
   1.83091      4.096712  0.000  0.070  0.002  0.072
   1.81095      4.095776  0.000  0.005  0.027  0.032
   1.79099      4.113943  0.000  0.004  0.040  0.044
   1.77103      4.128574  0.000  0.014  0.042  0.057
   1.75108      4.101474  0.000  0.022  0.044  0.067
   1.73112      4.073535  0.000  0.034  0.044  0.078
   1.71116      4.046076  0.000  0.060  0.036  0.096
   1.69120      4.029823  0.000  0.192  0.022  0.214
   1.67125      4.045333  0.000  0.211  0.043  0.254
   1.65129      3.987353  0.006  0.024  0.055  0.086
   1.63133      3.995435  0.000  0.228  0.036  0.264
   1.61137      3.999115  0.000  0.208  0.045  0.255
   1.59142      3.992589  0.000  0.172  0.053  0.227
   1.57146      3.979531  0.000  0.133  0.062  0.192
   1.55150      3.985305  0.000  0.084  0.069  0.153
   1.53154      3.967931  0.000  0.063  0.067  0.130
   1.51159      3.952738  0.000  0.042  0.066  0.108
   1.49163      3.940276  0.000  0.025  0.064  0.088
   1.47167      3.931112  0.000  0.011  0.063  0.073
   1.45171      3.926266  0.000  0.002  0.062  0.064
   1.45171      3.926266  0.000  0.002  0.062  0.064
   1.42349      3.920077  0.000  0.004  0.070  0.074
   1.39526      3.908415  0.000  0.008  0.093  0.100
   1.36704      3.906313  0.000  0.012  0.111  0.123
   1.33882      3.917009  0.000  0.015  0.117  0.133
   1.31059      3.935053  0.000  0.015  0.116  0.131
   1.28237      3.957490  0.000  0.014  0.115  0.128
   1.25414      3.983207  0.001  0.009  0.112  0.122
   1.22592      4.018533  0.002  0.003  0.093  0.099
   1.19769      4.068504  0.001  0.003  0.075  0.080
   1.16947      4.114265  0.001  0.003  0.077  0.081
   1.14125      4.144878  0.002  0.006  0.087  0.094
   1.11302      4.152583  0.001  0.010  0.094  0.107
   1.08480      4.156353  0.001  0.011  0.081  0.094
   1.05657      4.160016  0.002  0.016  0.059  0.079
   1.02835      4.178269  0.005  0.020  0.101  0.126
   1.00013      4.179573  0.002  0.009  0.091  0.103
   0.97190      4.175407  0.000  0.006  0.055  0.062
   0.94368      4.145465  0.001  0.003  0.097  0.101
   0.91545      4.139406  0.001  0.004  0.108  0.114
   0.91545      4.139406  0.001  0.004  0.108  0.114
   0.89550      4.145576  0.000  0.006  0.030  0.038
   0.87554      4.171059  0.002  0.022  0.085  0.108
   0.85558      4.163647  0.012  0.008  0.012  0.032
   0.83562      4.160470  0.013  0.029  0.087  0.131
   0.81567      4.116105  0.001  0.006  0.021  0.029
   0.79571      4.134346  0.000  0.014  0.026  0.040
   0.77575      4.120874  0.008  0.008  0.039  0.057
   0.75579      4.091732  0.005  0.002  0.026  0.036
   0.73584      4.071272  0.002  0.020  0.130  0.156
   0.71588      4.059339  0.000  0.022  0.108  0.130
   0.69592      4.071866  0.000  0.022  0.069  0.088
   0.67596      4.096419  0.000  0.020  0.050  0.069
   0.65600      4.102835  0.000  0.024  0.114  0.138
   0.63605      4.104778  0.000  0.024  0.118  0.144
   0.61609      4.108776  0.000  0.026  0.122  0.148
   0.59613      4.113661  0.000  0.026  0.126  0.152
   0.57617      4.118198  0.000  0.028  0.130  0.158
   0.55622      4.121359  0.000  0.028  0.132  0.160
   0.53626      4.122487  0.000  0.028  0.132  0.160
   0.53626      4.122487  0.000  0.028  0.132  0.160
   0.50804      4.130373  0.000  0.026  0.130  0.157
   0.47981      4.151726  0.000  0.024  0.122  0.146
   0.45159      4.180799  0.000  0.022  0.113  0.135
   0.42336      4.210187  0.000  0.020  0.102  0.122
   0.39514      4.212880  0.002  0.018  0.046  0.066
   0.36691      4.183473  0.006  0.018  0.036  0.060
   0.33869      4.200202  0.008  0.008  0.020  0.038
   0.31047      4.203100  0.008  0.003  0.013  0.023
   0.28224      4.161026  0.000  0.011  0.008  0.020
   0.25402      4.086367  0.002  0.004  0.064  0.070
   0.22579      4.062541  0.000  0.010  0.070  0.082
   0.19757      4.023422  0.000  0.020  0.068  0.089
   0.16935      4.009314  0.000  0.053  0.032  0.084
   0.14112      4.054305  0.000  0.076  0.110  0.188
   0.11290      4.063590  0.004  0.037  0.022  0.062
   0.08467      4.068956  0.002  0.021  0.020  0.042
   0.05645      4.087700  0.002  0.007  0.011  0.020
   0.02822      4.089689  0.000  0.072  0.008  0.080
   0.00000      4.096712  0.000  0.070  0.002  0.072
 
# Band-Index:  145
   0.00000      4.182164  0.000  0.002  0.014  0.016
   0.02822      4.164891  0.000  0.002  0.024  0.027
   0.05645      4.128494  0.000  0.006  0.022  0.030
   0.08467      4.079126  0.002  0.026  0.012  0.040
   0.11290      4.094897  0.002  0.100  0.104  0.208
   0.14112      4.055565  0.000  0.035  0.016  0.052
   0.16935      4.063408  0.002  0.010  0.018  0.028
   0.19757      4.074606  0.002  0.010  0.012  0.024
   0.22579      4.095596  0.002  0.008  0.009  0.018
   0.25402      4.129096  0.002  0.006  0.004  0.014
   0.28224      4.170587  0.004  0.004  0.006  0.014
   0.31047      4.215172  0.002  0.002  0.091  0.096
   0.33869      4.219011  0.000  0.010  0.049  0.058
   0.36691      4.230760  0.000  0.010  0.057  0.067
   0.39514      4.230963  0.000  0.016  0.086  0.102
   0.42336      4.259818  0.002  0.018  0.048  0.066
   0.45159      4.236734  0.008  0.002  0.030  0.040
   0.47981      4.182379  0.006  0.006  0.018  0.030
   0.50804      4.144027  0.006  0.006  0.012  0.025
   0.53626      4.130549  0.006  0.006  0.012  0.026
   0.53626      4.130549  0.006  0.006  0.012  0.026
   0.55622      4.130352  0.006  0.006  0.012  0.024
   0.57617      4.129691  0.006  0.006  0.012  0.024
   0.59613      4.128370  0.006  0.008  0.012  0.024
   0.61609      4.126104  0.004  0.008  0.012  0.026
   0.63605      4.122549  0.004  0.008  0.014  0.026
   0.65600      4.117354  0.002  0.008  0.014  0.026
   0.67596      4.103744  0.000  0.022  0.113  0.135
   0.69592      4.101121  0.000  0.006  0.020  0.026
   0.71588      4.090881  0.000  0.004  0.018  0.024
   0.73584      4.083620  0.002  0.004  0.019  0.023
   0.75579      4.098263  0.003  0.020  0.129  0.155
   0.77575      4.130057  0.004  0.021  0.119  0.145
   0.79571      4.157561  0.008  0.014  0.038  0.062
   0.81567      4.145407  0.000  0.012  0.048  0.060
   0.83562      4.170906  0.001  0.003  0.023  0.026
   0.85558      4.206781  0.000  0.002  0.018  0.018
   0.87554      4.215816  0.002  0.006  0.026  0.036
   0.89550      4.236356  0.004  0.027  0.095  0.126
   0.91545      4.256425  0.008  0.039  0.134  0.181
   0.91545      4.256425  0.008  0.039  0.134  0.181
   0.94368      4.231860  0.006  0.024  0.081  0.111
   0.97190      4.196463  0.003  0.011  0.058  0.074
   1.00013      4.216985  0.001  0.003  0.026  0.031
   1.02835      4.219096  0.004  0.015  0.055  0.075
   1.05657      4.242894  0.000  0.011  0.041  0.052
   1.08480      4.255059  0.001  0.008  0.061  0.072
   1.11302      4.251740  0.002  0.009  0.083  0.094
   1.14125      4.249509  0.001  0.004  0.049  0.056
   1.16947      4.226128  0.000  0.006  0.021  0.027
   1.19769      4.202840  0.000  0.007  0.025  0.032
   1.22592      4.186702  0.000  0.006  0.026  0.034
   1.25414      4.178028  0.000  0.005  0.030  0.037
   1.28237      4.175266  0.000  0.006  0.034  0.040
   1.31059      4.176528  0.000  0.005  0.038  0.044
   1.33882      4.180189  0.000  0.007  0.045  0.051
   1.36704      4.184652  0.000  0.009  0.052  0.062
   1.39526      4.183101  0.000  0.009  0.039  0.050
   1.42349      4.177907  0.000  0.009  0.047  0.059
   1.45171      4.176430  0.000  0.010  0.051  0.063
   1.45171      4.176430  0.000  0.010  0.051  0.063
   1.47167      4.147223  0.000  0.010  0.044  0.054
   1.49163      4.112469  0.000  0.010  0.038  0.048
   1.51159      4.075075  0.000  0.010  0.034  0.044
   1.53154      4.037862  0.000  0.010  0.030  0.042
   1.55150      4.003293  0.000  0.010  0.028  0.040
   1.57146      4.004197  0.000  0.108  0.070  0.178
   1.59142      4.023620  0.000  0.134  0.068  0.202
   1.61137      4.041788  0.000  0.163  0.063  0.228
   1.63133      4.055025  0.000  0.193  0.057  0.251
   1.65129      4.057121  0.000  0.210  0.050  0.260
   1.67125      4.049908  0.006  0.028  0.048  0.082
   1.69120      4.117537  0.006  0.034  0.044  0.081
   1.71116      4.151828  0.002  0.014  0.028  0.044
   1.73112      4.118380  0.002  0.012  0.028  0.038
   1.75108      4.113803  0.002  0.008  0.028  0.038
   1.77103      4.135647  0.000  0.004  0.050  0.054
   1.79099      4.153581  0.000  0.007  0.036  0.045
   1.81095      4.173626  0.000  0.004  0.024  0.028
   1.83091      4.182164  0.000  0.002  0.014  0.016
 
# Band-Index:  146
   1.83091      4.182580  0.006  0.012  0.044  0.063
   1.81095      4.181581  0.006  0.014  0.044  0.062
   1.79099      4.178058  0.006  0.018  0.040  0.062
   1.77103      4.159122  0.002  0.014  0.026  0.042
   1.75108      4.155997  0.000  0.005  0.058  0.065
   1.73112      4.170717  0.000  0.016  0.068  0.083
   1.71116      4.176010  0.000  0.027  0.079  0.106
   1.69120      4.167871  0.002  0.036  0.050  0.088
   1.67125      4.152341  0.002  0.033  0.050  0.084
   1.65129      4.140540  0.002  0.028  0.048  0.078
   1.63133      4.137891  0.002  0.022  0.046  0.072
   1.61137      4.146244  0.000  0.008  0.086  0.093
   1.59142      4.162761  0.000  0.019  0.081  0.102
   1.57146      4.179911  0.000  0.022  0.070  0.091
   1.55150      4.184973  0.000  0.022  0.072  0.094
   1.53154      4.187792  0.000  0.022  0.076  0.099
   1.51159      4.189154  0.000  0.021  0.082  0.104
   1.49163      4.189929  0.000  0.021  0.086  0.108
   1.47167      4.190895  0.000  0.021  0.090  0.112
   1.45171      4.176751  0.000  0.010  0.051  0.062
   1.45171      4.176751  0.000  0.010  0.051  0.062
   1.42349      4.178242  0.000  0.009  0.047  0.058
   1.39526      4.183431  0.000  0.009  0.038  0.049
   1.36704      4.184665  0.000  0.009  0.051  0.061
   1.33882      4.180196  0.000  0.007  0.045  0.052
   1.31059      4.176532  0.000  0.005  0.038  0.044
   1.28237      4.175277  0.000  0.006  0.034  0.040
   1.25414      4.178056  0.000  0.005  0.030  0.037
   1.22592      4.186756  0.000  0.006  0.026  0.034
   1.19769      4.202957  0.000  0.007  0.025  0.032
   1.16947      4.226388  0.000  0.006  0.021  0.026
   1.14125      4.249978  0.001  0.004  0.049  0.056
   1.11302      4.251942  0.002  0.009  0.082  0.093
   1.08480      4.255505  0.001  0.008  0.061  0.072
   1.05657      4.243346  0.000  0.011  0.041  0.052
   1.02835      4.219418  0.004  0.016  0.054  0.075
   1.00013      4.217089  0.001  0.003  0.026  0.031
   0.97190      4.196657  0.004  0.012  0.058  0.075
   0.94368      4.231940  0.006  0.024  0.081  0.110
   0.91545      4.256559  0.008  0.039  0.133  0.180
   0.91545      4.256559  0.008  0.039  0.133  0.180
   0.89550      4.247713  0.000  0.002  0.008  0.010
   0.87554      4.221027  0.000  0.002  0.030  0.032
   0.85558      4.207265  0.000  0.002  0.058  0.060
   0.83562      4.200882  0.000  0.004  0.076  0.080
   0.81567      4.185804  0.000  0.010  0.066  0.076
   0.79571      4.159356  0.000  0.008  0.073  0.082
   0.77575      4.142933  0.000  0.012  0.088  0.100
   0.75579      4.132514  0.000  0.017  0.098  0.114
   0.73584      4.123015  0.000  0.018  0.102  0.122
   0.71588      4.114429  0.000  0.018  0.106  0.128
   0.69592      4.107731  0.000  0.020  0.110  0.132
   0.67596      4.110225  0.000  0.006  0.018  0.026
   0.65600      4.124274  0.000  0.020  0.040  0.058
   0.63605      4.152445  0.000  0.018  0.034  0.051
   0.61609      4.179268  0.000  0.018  0.028  0.046
   0.59613      4.203235  0.000  0.018  0.022  0.042
   0.57617      4.222636  0.000  0.018  0.018  0.040
   0.55622      4.235515  0.000  0.018  0.016  0.036
   0.53626      4.240067  0.000  0.018  0.014  0.034
   0.53626      4.240067  0.000  0.018  0.014  0.034
   0.50804      4.241660  0.000  0.018  0.018  0.036
   0.47981      4.246807  0.000  0.016  0.022  0.038
   0.45159      4.256024  0.000  0.012  0.030  0.043
   0.42336      4.268607  0.000  0.010  0.036  0.046
   0.39514      4.281255  0.000  0.006  0.037  0.042
   0.36691      4.286488  0.000  0.004  0.028  0.030
   0.33869      4.260396  0.002  0.000  0.092  0.097
   0.31047      4.226632  0.000  0.006  0.002  0.010
   0.28224      4.175381  0.002  0.002  0.094  0.098
   0.25402      4.154292  0.004  0.004  0.094  0.105
   0.22579      4.182944  0.006  0.004  0.081  0.093
   0.19757      4.155860  0.000  0.040  0.118  0.160
   0.16935      4.095642  0.000  0.054  0.125  0.179
   0.14112      4.058401  0.002  0.014  0.023  0.040
   0.11290      4.095749  0.000  0.012  0.020  0.032
   0.08467      4.166642  0.000  0.110  0.093  0.203
   0.05645      4.199102  0.003  0.016  0.046  0.064
   0.02822      4.186929  0.004  0.014  0.047  0.064
   0.00000      4.182580  0.006  0.012  0.044  0.063
 
# Band-Index:  147
   0.00000      4.207841  0.000  0.004  0.073  0.078
   0.02822      4.219449  0.000  0.016  0.065  0.080
   0.05645      4.203479  0.000  0.103  0.061  0.164
   0.08467      4.177761  0.000  0.020  0.058  0.078
   0.11290      4.140560  0.000  0.024  0.158  0.181
   0.14112      4.147326  0.000  0.018  0.062  0.082
   0.16935      4.165482  0.000  0.008  0.056  0.067
   0.19757      4.192500  0.000  0.002  0.034  0.039
   0.22579      4.216866  0.000  0.034  0.112  0.146
   0.25402      4.267173  0.002  0.006  0.073  0.081
   0.28224      4.294660  0.004  0.002  0.079  0.086
   0.31047      4.295770  0.000  0.010  0.048  0.062
   0.33869      4.271158  0.000  0.004  0.010  0.012
   0.36691      4.303374  0.005  0.001  0.102  0.107
   0.39514      4.325428  0.006  0.002  0.097  0.104
   0.42336      4.291528  0.006  0.002  0.055  0.063
   0.45159      4.314963  0.004  0.014  0.047  0.065
   0.47981      4.301370  0.002  0.006  0.106  0.116
   0.50804      4.283100  0.002  0.004  0.110  0.118
   0.53626      4.277655  0.002  0.004  0.110  0.118
   0.53626      4.277655  0.002  0.004  0.110  0.118
   0.55622      4.278657  0.002  0.004  0.112  0.118
   0.57617      4.281532  0.002  0.004  0.114  0.120
   0.59613      4.285837  0.004  0.004  0.116  0.124
   0.61609      4.290627  0.004  0.002  0.120  0.127
   0.63605      4.294088  0.006  0.002  0.120  0.128
   0.65600      4.293213  0.008  0.000  0.116  0.124
   0.67596      4.284986  0.008  0.000  0.100  0.112
   0.69592      4.269525  0.008  0.004  0.086  0.096
   0.71588      4.249728  0.006  0.006  0.073  0.084
   0.73584      4.228165  0.004  0.008  0.066  0.078
   0.75579      4.206258  0.002  0.010  0.062  0.076
   0.77575      4.184779  0.001  0.012  0.060  0.072
   0.79571      4.163468  0.004  0.021  0.105  0.132
   0.81567      4.197438  0.005  0.019  0.081  0.107
   0.83562      4.222738  0.002  0.006  0.018  0.026
   0.85558      4.224543  0.004  0.034  0.149  0.188
   0.87554      4.249083  0.010  0.046  0.167  0.221
   0.89550      4.260959  0.010  0.046  0.157  0.213
   0.91545      4.285129  0.000  0.002  0.001  0.003
   0.91545      4.285129  0.000  0.002  0.001  0.003
   0.94368      4.294846  0.002  0.021  0.089  0.113
   0.97190      4.272266  0.013  0.025  0.075  0.114
   1.00013      4.237785  0.012  0.027  0.081  0.119
   1.02835      4.267840  0.000  0.006  0.027  0.035
   1.05657      4.319189  0.000  0.010  0.028  0.039
   1.08480      4.329286  0.000  0.005  0.008  0.015
   1.11302      4.298300  0.000  0.006  0.011  0.018
   1.14125      4.275901  0.002  0.018  0.074  0.094
   1.16947      4.308023  0.002  0.017  0.113  0.133
   1.19769      4.339376  0.003  0.010  0.083  0.094
   1.22592      4.338438  0.001  0.006  0.057  0.067
   1.25414      4.317302  0.000  0.004  0.043  0.047
   1.28237      4.280756  0.000  0.003  0.033  0.039
   1.31059      4.244489  0.000  0.004  0.032  0.038
   1.33882      4.215526  0.000  0.004  0.036  0.041
   1.36704      4.195806  0.000  0.008  0.045  0.053
   1.39526      4.189811  0.000  0.013  0.077  0.091
   1.42349      4.191855  0.000  0.019  0.088  0.106
   1.45171      4.192491  0.000  0.022  0.094  0.115
   1.45171      4.192491  0.000  0.022  0.094  0.115
   1.47167      4.195294  0.000  0.020  0.094  0.114
   1.49163      4.198796  0.000  0.020  0.094  0.115
   1.51159      4.202344  0.000  0.024  0.094  0.118
   1.53154      4.203943  0.000  0.026  0.093  0.119
   1.55150      4.198897  0.000  0.012  0.062  0.076
   1.57146      4.183364  0.000  0.014  0.058  0.072
   1.59142      4.164323  0.000  0.014  0.050  0.068
   1.61137      4.146870  0.000  0.020  0.046  0.068
   1.63133      4.141549  0.000  0.009  0.093  0.102
   1.65129      4.148125  0.000  0.023  0.095  0.116
   1.67125      4.160015  0.000  0.036  0.092  0.128
   1.69120      4.171245  0.000  0.037  0.087  0.124
   1.71116      4.182152  0.002  0.035  0.060  0.098
   1.73112      4.191001  0.002  0.034  0.060  0.095
   1.75108      4.194871  0.002  0.028  0.062  0.094
   1.77103      4.202518  0.000  0.016  0.066  0.084
   1.79099      4.234394  0.000  0.004  0.068  0.074
   1.81095      4.215571  0.000  0.004  0.071  0.076
   1.83091      4.207841  0.000  0.004  0.073  0.078
 
# Band-Index:  148
   1.83091      4.241885  0.000  0.000  0.120  0.120
   1.81095      4.239480  0.000  0.042  0.085  0.128
   1.79099      4.235035  0.000  0.070  0.064  0.134
   1.77103      4.228517  0.000  0.082  0.060  0.143
   1.75108      4.219221  0.000  0.090  0.062  0.152
   1.73112      4.206954  0.000  0.090  0.067  0.157
   1.71116      4.185810  0.004  0.033  0.041  0.081
   1.69120      4.176089  0.000  0.068  0.079  0.147
   1.67125      4.161467  0.000  0.043  0.085  0.127
   1.65129      4.152756  0.000  0.017  0.085  0.100
   1.63133      4.154332  0.000  0.008  0.079  0.088
   1.61137      4.162845  0.000  0.014  0.073  0.088
   1.59142      4.172354  0.000  0.019  0.070  0.088
   1.57146      4.183972  0.000  0.029  0.085  0.114
   1.55150      4.199242  0.000  0.030  0.090  0.120
   1.53154      4.209669  0.000  0.012  0.064  0.078
   1.51159      4.214554  0.000  0.012  0.066  0.078
   1.49163      4.211197  0.000  0.014  0.062  0.076
   1.47167      4.198387  0.000  0.012  0.057  0.069
   1.45171      4.192719  0.000  0.021  0.093  0.113
   1.45171      4.192719  0.000  0.021  0.093  0.113
   1.42349      4.192041  0.000  0.019  0.088  0.106
   1.39526      4.189873  0.000  0.013  0.076  0.091
   1.36704      4.196180  0.000  0.008  0.045  0.053
   1.33882      4.215899  0.000  0.004  0.036  0.041
   1.31059      4.244819  0.000  0.004  0.032  0.037
   1.28237      4.281026  0.000  0.003  0.033  0.039
   1.25414      4.317514  0.000  0.004  0.043  0.047
   1.22592      4.338620  0.001  0.006  0.057  0.067
   1.19769      4.339417  0.003  0.009  0.082  0.095
   1.16947      4.308183  0.002  0.017  0.113  0.133
   1.14125      4.276067  0.002  0.019  0.073  0.094
   1.11302      4.298438  0.000  0.006  0.011  0.018
   1.08480      4.329612  0.000  0.005  0.008  0.015
   1.05657      4.319348  0.000  0.010  0.028  0.039
   1.02835      4.267897  0.000  0.006  0.027  0.035
   1.00013      4.238282  0.012  0.027  0.080  0.119
   0.97190      4.272762  0.013  0.025  0.076  0.115
   0.94368      4.295501  0.003  0.021  0.090  0.114
   0.91545      4.285803  0.000  0.002  0.001  0.003
   0.91545      4.285803  0.000  0.002  0.001  0.003
   0.89550      4.305312  0.004  0.015  0.068  0.088
   0.87554      4.290500  0.006  0.018  0.072  0.096
   0.85558      4.272141  0.000  0.008  0.036  0.046
   0.83562      4.232926  0.000  0.006  0.038  0.044
   0.81567      4.203162  0.008  0.013  0.059  0.083
   0.79571      4.166522  0.001  0.011  0.068  0.080
   0.77575      4.197779  0.000  0.018  0.022  0.040
   0.75579      4.264570  0.000  0.020  0.022  0.042
   0.73584      4.333910  0.000  0.022  0.020  0.042
   0.71588      4.395939  0.002  0.008  0.089  0.100
   0.69592      4.391555  0.002  0.010  0.078  0.090
   0.67596      4.391335  0.000  0.012  0.060  0.072
   0.65600      4.398996  0.000  0.012  0.042  0.054
   0.63605      4.415176  0.000  0.010  0.034  0.046
   0.61609      4.423339  0.002  0.004  0.002  0.008
   0.59613      4.414717  0.002  0.004  0.002  0.008
   0.57617      4.407590  0.002  0.004  0.004  0.010
   0.55622      4.402709  0.002  0.004  0.004  0.012
   0.53626      4.400941  0.002  0.004  0.004  0.012
   0.53626      4.400941  0.002  0.004  0.004  0.012
   0.50804      4.406465  0.004  0.004  0.012  0.020
   0.47981      4.375086  0.002  0.014  0.047  0.063
   0.45159      4.338281  0.000  0.010  0.093  0.101
   0.42336      4.365849  0.010  0.008  0.063  0.081
   0.39514      4.334633  0.008  0.010  0.069  0.087
   0.36691      4.310860  0.006  0.010  0.070  0.087
   0.33869      4.310078  0.002  0.012  0.066  0.084
   0.31047      4.323715  0.004  0.004  0.071  0.078
   0.28224      4.313919  0.000  0.030  0.109  0.139
   0.25402      4.270753  0.000  0.032  0.110  0.142
   0.22579      4.232236  0.000  0.004  0.047  0.052
   0.19757      4.197194  0.000  0.006  0.059  0.065
   0.16935      4.168520  0.000  0.000  0.034  0.038
   0.14112      4.159217  0.000  0.004  0.032  0.036
   0.11290      4.158156  0.002  0.052  0.086  0.140
   0.08467      4.198575  0.000  0.011  0.017  0.028
   0.05645      4.232364  0.000  0.014  0.046  0.057
   0.02822      4.243614  0.000  0.086  0.028  0.113
   0.00000      4.241885  0.000  0.000  0.120  0.120
 
# Band-Index:  149
   0.00000      4.256925  0.000  0.098  0.030  0.128
   0.02822      4.253633  0.000  0.000  0.115  0.117
   0.05645      4.234693  0.000  0.000  0.030  0.031
   0.08467      4.200010  0.002  0.054  0.072  0.128
   0.11290      4.164743  0.000  0.006  0.019  0.026
   0.14112      4.181644  0.000  0.014  0.168  0.182
   0.16935      4.235439  0.000  0.014  0.166  0.180
   0.19757      4.228540  0.006  0.006  0.084  0.096
   0.22579      4.233529  0.002  0.006  0.065  0.071
   0.25402      4.281572  0.000  0.006  0.051  0.057
   0.28224      4.319355  0.000  0.010  0.055  0.065
   0.31047      4.346759  0.000  0.027  0.107  0.134
   0.33869      4.376072  0.002  0.000  0.040  0.043
   0.36691      4.417427  0.000  0.002  0.026  0.028
   0.39514      4.400050  0.000  0.000  0.028  0.028
   0.42336      4.399666  0.000  0.012  0.062  0.075
   0.45159      4.394670  0.008  0.008  0.048  0.068
   0.47981      4.410106  0.006  0.006  0.025  0.040
   0.50804      4.435528  0.002  0.012  0.042  0.055
   0.53626      4.470656  0.002  0.012  0.036  0.050
   0.53626      4.470656  0.002  0.012  0.036  0.050
   0.55622      4.460295  0.002  0.008  0.046  0.056
   0.57617      4.447143  0.002  0.010  0.050  0.060
   0.59613      4.436331  0.002  0.010  0.054  0.064
   0.61609      4.428978  0.002  0.010  0.056  0.068
   0.63605      4.425741  0.002  0.012  0.058  0.072
   0.65600      4.426880  0.000  0.012  0.060  0.072
   0.67596      4.432188  0.000  0.012  0.060  0.072
   0.69592      4.440455  0.000  0.012  0.056  0.070
   0.71588      4.404896  0.000  0.024  0.018  0.044
   0.73584      4.392328  0.000  0.022  0.032  0.054
   0.75579      4.331024  0.000  0.018  0.036  0.055
   0.77575      4.276459  0.000  0.012  0.046  0.060
   0.79571      4.234890  0.000  0.006  0.058  0.065
   0.81567      4.215854  0.000  0.000  0.058  0.060
   0.83562      4.234262  0.002  0.014  0.076  0.091
   0.85558      4.272690  0.000  0.008  0.016  0.024
   0.87554      4.314156  0.000  0.004  0.004  0.008
   0.89550      4.328110  0.000  0.002  0.002  0.004
   0.91545      4.321074  0.002  0.009  0.048  0.059
   0.91545      4.321074  0.002  0.009  0.048  0.059
   0.94368      4.314236  0.003  0.005  0.012  0.022
   0.97190      4.321695  0.003  0.008  0.052  0.062
   1.00013      4.351152  0.008  0.003  0.063  0.074
   1.02835      4.361640  0.008  0.004  0.051  0.064
   1.05657      4.371260  0.000  0.008  0.024  0.034
   1.08480      4.356318  0.002  0.018  0.057  0.079
   1.11302      4.358108  0.001  0.021  0.075  0.097
   1.14125      4.361335  0.000  0.021  0.083  0.104
   1.16947      4.363707  0.000  0.019  0.081  0.101
   1.19769      4.374487  0.001  0.023  0.100  0.123
   1.22592      4.400004  0.004  0.021  0.103  0.129
   1.25414      4.381209  0.005  0.008  0.038  0.052
   1.28237      4.374572  0.003  0.009  0.050  0.063
   1.31059      4.373526  0.002  0.010  0.061  0.073
   1.33882      4.365062  0.001  0.009  0.084  0.095
   1.36704      4.344919  0.000  0.008  0.097  0.107
   1.39526      4.325475  0.000  0.009  0.094  0.104
   1.42349      4.313673  0.000  0.009  0.087  0.097
   1.45171      4.309970  0.000  0.009  0.083  0.092
   1.45171      4.309970  0.000  0.009  0.083  0.092
   1.47167      4.310056  0.000  0.007  0.087  0.094
   1.49163      4.311768  0.000  0.009  0.082  0.091
   1.51159      4.308586  0.000  0.016  0.052  0.070
   1.53154      4.297924  0.000  0.016  0.035  0.051
   1.55150      4.283587  0.000  0.012  0.022  0.033
   1.57146      4.275822  0.000  0.004  0.024  0.028
   1.59142      4.277129  0.000  0.004  0.026  0.030
   1.61137      4.283258  0.000  0.002  0.028  0.030
   1.63133      4.290917  0.000  0.002  0.022  0.024
   1.65129      4.272058  0.002  0.014  0.042  0.061
   1.67125      4.232987  0.002  0.016  0.038  0.056
   1.69120      4.191507  0.000  0.014  0.040  0.052
   1.71116      4.192147  0.000  0.084  0.073  0.158
   1.73112      4.249922  0.004  0.030  0.041  0.077
   1.75108      4.282100  0.002  0.004  0.066  0.074
   1.77103      4.259018  0.002  0.003  0.068  0.072
   1.79099      4.239475  0.000  0.004  0.051  0.056
   1.81095      4.264896  0.000  0.058  0.054  0.109
   1.83091      4.256925  0.000  0.098  0.030  0.128
 
# Band-Index:  150
   1.83091      4.301491  0.000  0.004  0.046  0.050
   1.81095      4.282724  0.000  0.004  0.046  0.050
   1.79099      4.280300  0.000  0.026  0.061  0.088
   1.77103      4.296269  0.000  0.014  0.057  0.072
   1.75108      4.310619  0.000  0.007  0.048  0.056
   1.73112      4.313490  0.000  0.079  0.058  0.135
   1.71116      4.308183  0.000  0.047  0.037  0.085
   1.69120      4.306061  0.000  0.020  0.022  0.042
   1.67125      4.303346  0.000  0.006  0.016  0.022
   1.65129      4.298107  0.000  0.002  0.018  0.019
   1.63133      4.294227  0.004  0.006  0.058  0.070
   1.61137      4.288787  0.006  0.006  0.060  0.070
   1.59142      4.281327  0.006  0.006  0.050  0.064
   1.57146      4.281729  0.006  0.010  0.039  0.054
   1.55150      4.290089  0.006  0.012  0.030  0.048
   1.53154      4.303217  0.006  0.012  0.024  0.046
   1.51159      4.315903  0.000  0.006  0.097  0.103
   1.49163      4.312166  0.000  0.010  0.077  0.088
   1.47167      4.311416  0.000  0.011  0.076  0.087
   1.45171      4.310325  0.000  0.009  0.082  0.091
   1.45171      4.310325  0.000  0.009  0.082  0.091
   1.42349      4.313956  0.000  0.009  0.086  0.095
   1.39526      4.325589  0.000  0.009  0.094  0.104
   1.36704      4.344978  0.000  0.008  0.097  0.107
   1.33882      4.365181  0.001  0.009  0.083  0.094
   1.31059      4.373538  0.002  0.010  0.061  0.073
   1.28237      4.374679  0.003  0.009  0.050  0.064
   1.25414      4.381361  0.005  0.008  0.039  0.052
   1.22592      4.400265  0.004  0.021  0.105  0.131
   1.19769      4.374596  0.001  0.023  0.100  0.123
   1.16947      4.363835  0.000  0.019  0.081  0.099
   1.14125      4.361540  0.000  0.021  0.083  0.103
   1.11302      4.358366  0.001  0.021  0.075  0.096
   1.08480      4.356709  0.002  0.018  0.056  0.078
   1.05657      4.371445  0.000  0.008  0.024  0.035
   1.02835      4.362223  0.008  0.004  0.051  0.064
   1.00013      4.351806  0.007  0.004  0.063  0.074
   0.97190      4.322477  0.003  0.008  0.052  0.062
   0.94368      4.314380  0.003  0.005  0.012  0.021
   0.91545      4.321248  0.002  0.008  0.047  0.057
   0.91545      4.321248  0.002  0.008  0.047  0.057
   0.89550      4.332687  0.000  0.006  0.020  0.027
   0.87554      4.316200  0.000  0.010  0.035  0.045
   0.85558      4.285239  0.009  0.018  0.065  0.094
   0.83562      4.246650  0.008  0.015  0.057  0.082
   0.81567      4.264226  0.004  0.002  0.028  0.038
   0.79571      4.309198  0.004  0.004  0.030  0.038
   0.77575      4.354029  0.004  0.006  0.035  0.045
   0.75579      4.395903  0.004  0.006  0.044  0.054
   0.73584      4.400783  0.005  0.008  0.095  0.108
   0.71588      4.454497  0.000  0.008  0.058  0.066
   0.69592      4.460761  0.000  0.006  0.012  0.020
   0.67596      4.453025  0.000  0.006  0.002  0.010
   0.65600      4.443085  0.002  0.004  0.000  0.008
   0.63605      4.432948  0.002  0.004  0.000  0.006
   0.61609      4.437062  0.002  0.010  0.028  0.040
   0.59613      4.461424  0.002  0.010  0.025  0.036
   0.57617      4.485469  0.002  0.008  0.018  0.030
   0.55622      4.494725  0.000  0.008  0.046  0.058
   0.53626      4.483445  0.000  0.008  0.056  0.064
   0.53626      4.483445  0.000  0.008  0.056  0.064
   0.50804      4.484134  0.000  0.008  0.056  0.064
   0.47981      4.484774  0.000  0.008  0.056  0.064
   0.45159      4.477449  0.004  0.004  0.076  0.082
   0.42336      4.431931  0.002  0.004  0.068  0.072
   0.39514      4.451270  0.000  0.014  0.078  0.091
   0.36691      4.421746  0.000  0.014  0.062  0.076
   0.33869      4.377039  0.000  0.022  0.091  0.114
   0.31047      4.358630  0.000  0.014  0.048  0.062
   0.28224      4.374017  0.000  0.017  0.161  0.176
   0.25402      4.355156  0.000  0.016  0.163  0.179
   0.22579      4.325613  0.000  0.016  0.163  0.180
   0.19757      4.284987  0.000  0.016  0.164  0.180
   0.16935      4.271787  0.006  0.008  0.079  0.092
   0.14112      4.286350  0.000  0.028  0.066  0.095
   0.11290      4.260679  0.000  0.040  0.068  0.109
   0.08467      4.249235  0.002  0.110  0.104  0.217
   0.05645      4.282493  0.000  0.000  0.108  0.110
   0.02822      4.279559  0.000  0.006  0.044  0.050
   0.00000      4.301491  0.000  0.004  0.046  0.050
 
# Band-Index:  151
   0.00000      4.364519  0.000  0.206  0.132  0.340
   0.02822      4.346176  0.000  0.202  0.131  0.336
   0.05645      4.297217  0.002  0.188  0.133  0.320
   0.08467      4.318533  0.000  0.000  0.108  0.108
   0.11290      4.319584  0.004  0.016  0.087  0.107
   0.14112      4.305025  0.004  0.009  0.080  0.096
   0.16935      4.313727  0.000  0.020  0.069  0.092
   0.19757      4.341490  0.000  0.018  0.070  0.089
   0.22579      4.369810  0.000  0.014  0.067  0.082
   0.25402      4.398763  0.000  0.012  0.060  0.072
   0.28224      4.405275  0.000  0.014  0.054  0.071
   0.31047      4.386043  0.000  0.018  0.153  0.173
   0.33869      4.400171  0.000  0.017  0.136  0.153
   0.36691      4.424384  0.000  0.016  0.102  0.118
   0.39514      4.483539  0.000  0.012  0.054  0.066
   0.42336      4.471334  0.000  0.012  0.066  0.076
   0.45159      4.481816  0.000  0.010  0.060  0.069
   0.47981      4.519048  0.000  0.008  0.002  0.010
   0.50804      4.515362  0.000  0.008  0.002  0.012
   0.53626      4.514061  0.000  0.008  0.002  0.012
   0.53626      4.514061  0.000  0.008  0.002  0.012
   0.55622      4.505431  0.000  0.008  0.008  0.020
   0.57617      4.510839  0.002  0.008  0.044  0.054
   0.59613      4.527247  0.002  0.010  0.042  0.052
   0.61609      4.543627  0.002  0.010  0.040  0.050
   0.63605      4.537754  0.004  0.002  0.123  0.130
   0.65600      4.526074  0.004  0.002  0.110  0.118
   0.67596      4.511660  0.004  0.004  0.092  0.102
   0.69592      4.480572  0.000  0.022  0.024  0.046
   0.71588      4.457021  0.002  0.006  0.052  0.060
   0.73584      4.431870  0.002  0.006  0.056  0.065
   0.75579      4.403236  0.008  0.006  0.094  0.108
   0.77575      4.400847  0.008  0.004  0.085  0.098
   0.79571      4.390487  0.008  0.004  0.064  0.076
   0.81567      4.367620  0.004  0.002  0.032  0.040
   0.83562      4.333566  0.002  0.002  0.014  0.020
   0.85558      4.309244  0.000  0.000  0.004  0.004
   0.87554      4.349615  0.002  0.004  0.008  0.016
   0.89550      4.363179  0.000  0.011  0.034  0.046
   0.91545      4.401891  0.012  0.003  0.071  0.086
   0.91545      4.401891  0.012  0.003  0.071  0.086
   0.94368      4.379324  0.011  0.005  0.048  0.066
   0.97190      4.369402  0.008  0.006  0.036  0.050
   1.00013      4.373213  0.003  0.008  0.034  0.046
   1.02835      4.381133  0.001  0.009  0.032  0.043
   1.05657      4.377420  0.007  0.012  0.046  0.066
   1.08480      4.412414  0.006  0.017  0.030  0.052
   1.11302      4.427060  0.009  0.009  0.020  0.038
   1.14125      4.419634  0.009  0.006  0.016  0.030
   1.16947      4.420141  0.007  0.006  0.025  0.039
   1.19769      4.433201  0.003  0.006  0.044  0.053
   1.22592      4.411379  0.001  0.005  0.016  0.023
   1.25414      4.424510  0.003  0.016  0.073  0.094
   1.28237      4.436932  0.004  0.009  0.039  0.053
   1.31059      4.423554  0.002  0.011  0.059  0.073
   1.33882      4.402483  0.003  0.016  0.059  0.076
   1.36704      4.391972  0.002  0.017  0.046  0.066
   1.39526      4.386304  0.002  0.016  0.042  0.060
   1.42349      4.382617  0.002  0.016  0.040  0.057
   1.45171      4.381279  0.002  0.015  0.039  0.056
   1.45171      4.381279  0.002  0.015  0.039  0.056
   1.47167      4.361262  0.004  0.014  0.030  0.049
   1.49163      4.339425  0.005  0.016  0.026  0.046
   1.51159      4.319546  0.006  0.014  0.026  0.044
   1.53154      4.321802  0.000  0.006  0.103  0.109
   1.55150      4.329288  0.000  0.008  0.106  0.116
   1.57146      4.337770  0.000  0.008  0.108  0.118
   1.59142      4.346345  0.000  0.011  0.107  0.117
   1.61137      4.353719  0.000  0.012  0.101  0.113
   1.63133      4.353242  0.002  0.014  0.040  0.056
   1.65129      4.358063  0.000  0.010  0.074  0.080
   1.67125      4.352896  0.000  0.004  0.054  0.060
   1.69120      4.344314  0.000  0.002  0.044  0.046
   1.71116      4.334177  0.000  0.002  0.040  0.042
   1.73112      4.323086  0.000  0.004  0.043  0.047
   1.75108      4.323268  0.000  0.104  0.074  0.178
   1.77103      4.335613  0.000  0.120  0.086  0.207
   1.79099      4.348151  0.000  0.136  0.097  0.234
   1.81095      4.358943  0.000  0.162  0.113  0.275
   1.83091      4.364519  0.000  0.206  0.132  0.340
 
# Band-Index:  152
   1.83091      4.375632  0.000  0.000  0.054  0.054
   1.81095      4.378603  0.000  0.043  0.074  0.118
   1.79099      4.381959  0.000  0.065  0.091  0.157
   1.77103      4.371931  0.002  0.042  0.022  0.066
   1.75108      4.328613  0.002  0.040  0.032  0.074
   1.73112      4.335426  0.000  0.012  0.060  0.072
   1.71116      4.372953  0.000  0.004  0.068  0.072
   1.69120      4.387676  0.000  0.079  0.155  0.233
   1.67125      4.390040  0.002  0.008  0.052  0.064
   1.65129      4.360470  0.002  0.010  0.052  0.062
   1.63133      4.358197  0.000  0.012  0.090  0.101
   1.61137      4.379599  0.000  0.018  0.036  0.058
   1.59142      4.414243  0.000  0.018  0.042  0.060
   1.57146      4.427642  0.000  0.014  0.114  0.128
   1.55150      4.430178  0.000  0.008  0.103  0.110
   1.53154      4.437694  0.002  0.022  0.070  0.095
   1.51159      4.426449  0.000  0.020  0.067  0.088
   1.49163      4.412694  0.000  0.018  0.059  0.078
   1.47167      4.398177  0.000  0.018  0.048  0.067
   1.45171      4.381658  0.002  0.015  0.040  0.056
   1.45171      4.381658  0.002  0.015  0.040  0.056
   1.42349      4.383000  0.002  0.015  0.041  0.057
   1.39526      4.386703  0.002  0.016  0.043  0.060
   1.36704      4.392397  0.002  0.017  0.047  0.066
   1.33882      4.402898  0.003  0.016  0.058  0.076
   1.31059      4.423901  0.003  0.011  0.059  0.073
   1.28237      4.437346  0.004  0.010  0.039  0.053
   1.25414      4.424590  0.003  0.017  0.074  0.095
   1.22592      4.411809  0.001  0.005  0.016  0.023
   1.19769      4.433355  0.003  0.006  0.043  0.053
   1.16947      4.420486  0.006  0.006  0.025  0.039
   1.14125      4.419914  0.009  0.005  0.016  0.030
   1.11302      4.427329  0.009  0.009  0.020  0.038
   1.08480      4.412743  0.006  0.017  0.028  0.052
   1.05657      4.377977  0.007  0.012  0.047  0.066
   1.02835      4.381156  0.001  0.009  0.032  0.043
   1.00013      4.373374  0.003  0.008  0.033  0.045
   0.97190      4.369863  0.009  0.006  0.035  0.051
   0.94368      4.380340  0.011  0.005  0.048  0.066
   0.91545      4.402451  0.012  0.003  0.072  0.087
   0.91545      4.402451  0.012  0.003  0.072  0.087
   0.89550      4.384705  0.006  0.000  0.076  0.084
   0.87554      4.371121  0.000  0.002  0.006  0.009
   0.85558      4.398041  0.002  0.000  0.076  0.080
   0.83562      4.415083  0.002  0.000  0.078  0.081
   0.81567      4.431686  0.002  0.000  0.079  0.081
   0.79571      4.447554  0.002  0.000  0.074  0.077
   0.77575      4.462075  0.000  0.000  0.063  0.065
   0.75579      4.473584  0.000  0.002  0.042  0.043
   0.73584      4.466461  0.000  0.008  0.052  0.062
   0.71588      4.457665  0.000  0.024  0.028  0.054
   0.69592      4.494966  0.004  0.002  0.068  0.075
   0.67596      4.554260  0.000  0.024  0.022  0.047
   0.65600      4.577104  0.002  0.008  0.040  0.051
   0.63605      4.560141  0.002  0.010  0.040  0.050
   0.61609      4.546731  0.002  0.002  0.134  0.142
   0.59613      4.553066  0.002  0.002  0.145  0.151
   0.57617      4.556982  0.003  0.002  0.154  0.159
   0.55622      4.558949  0.004  0.002  0.159  0.165
   0.53626      4.559518  0.003  0.002  0.160  0.166
   0.53626      4.559518  0.003  0.002  0.160  0.166
   0.50804      4.567839  0.006  0.004  0.087  0.095
   0.47981      4.523689  0.004  0.004  0.078  0.090
   0.45159      4.524206  0.000  0.010  0.002  0.012
   0.42336      4.526508  0.000  0.008  0.000  0.008
   0.39514      4.486616  0.000  0.008  0.027  0.034
   0.36691      4.433299  0.000  0.000  0.024  0.026
   0.33869      4.441393  0.000  0.002  0.036  0.040
   0.31047      4.448853  0.000  0.004  0.039  0.043
   0.28224      4.471920  0.000  0.011  0.028  0.039
   0.25402      4.484512  0.002  0.012  0.028  0.044
   0.22579      4.470406  0.000  0.000  0.102  0.102
   0.19757      4.445854  0.000  0.000  0.104  0.104
   0.16935      4.419014  0.000  0.000  0.106  0.106
   0.14112      4.388988  0.000  0.000  0.108  0.108
   0.11290      4.355180  0.000  0.000  0.106  0.106
   0.08467      4.319369  0.002  0.040  0.097  0.139
   0.05645      4.341464  0.002  0.096  0.108  0.207
   0.02822      4.384503  0.000  0.000  0.056  0.056
   0.00000      4.375632  0.000  0.000  0.054  0.054
 
# Band-Index:  153
   0.00000      4.403843  0.000  0.127  0.102  0.231
   0.02822      4.385096  0.000  0.121  0.103  0.226
   0.05645      4.398324  0.000  0.002  0.060  0.061
   0.08467      4.411228  0.000  0.004  0.060  0.062
   0.11290      4.424795  0.000  0.004  0.060  0.064
   0.14112      4.440779  0.000  0.004  0.060  0.063
   0.16935      4.460307  0.000  0.004  0.058  0.063
   0.19757      4.483964  0.000  0.008  0.056  0.063
   0.22579      4.511154  0.000  0.020  0.022  0.043
   0.25402      4.493022  0.000  0.000  0.096  0.096
   0.28224      4.475716  0.001  0.008  0.023  0.034
   0.31047      4.524636  0.000  0.004  0.020  0.024
   0.33869      4.540864  0.000  0.002  0.052  0.054
   0.36691      4.545601  0.000  0.004  0.038  0.042
   0.39514      4.492063  0.000  0.000  0.016  0.016
   0.42336      4.546647  0.000  0.000  0.012  0.012
   0.45159      4.592641  0.000  0.000  0.010  0.010
   0.47981      4.608618  0.004  0.002  0.106  0.115
   0.50804      4.575617  0.007  0.001  0.151  0.161
   0.53626      4.598362  0.013  0.008  0.017  0.038
   0.53626      4.598362  0.013  0.008  0.017  0.038
   0.55622      4.598369  0.012  0.008  0.018  0.039
   0.57617      4.598362  0.012  0.008  0.022  0.042
   0.59613      4.598236  0.014  0.008  0.026  0.048
   0.61609      4.597739  0.012  0.008  0.034  0.056
   0.63605      4.596385  0.012  0.010  0.044  0.066
   0.65600      4.593373  0.012  0.010  0.058  0.078
   0.67596      4.587624  0.012  0.008  0.074  0.092
   0.69592      4.525721  0.000  0.026  0.026  0.054
   0.71588      4.482359  0.002  0.002  0.018  0.026
   0.73584      4.479626  0.000  0.002  0.016  0.018
   0.75579      4.477413  0.000  0.008  0.048  0.056
   0.77575      4.483750  0.000  0.004  0.040  0.048
   0.79571      4.479816  0.014  0.000  0.051  0.065
   0.81567      4.453622  0.018  0.000  0.076  0.094
   0.83562      4.439501  0.022  0.000  0.091  0.113
   0.85558      4.411124  0.000  0.002  0.012  0.014
   0.87554      4.382830  0.002  0.000  0.077  0.081
   0.89550      4.395597  0.008  0.004  0.020  0.032
   0.91545      4.411718  0.001  0.011  0.034  0.046
   0.91545      4.411718  0.001  0.011  0.034  0.046
   0.94368      4.415775  0.001  0.006  0.050  0.057
   0.97190      4.416356  0.000  0.006  0.043  0.049
   1.00013      4.430920  0.000  0.006  0.040  0.047
   1.02835      4.429202  0.001  0.001  0.036  0.039
   1.05657      4.433938  0.001  0.003  0.049  0.054
   1.08480      4.467461  0.003  0.006  0.055  0.066
   1.11302      4.463502  0.000  0.013  0.023  0.038
   1.14125      4.470962  0.000  0.012  0.028  0.040
   1.16947      4.477411  0.000  0.011  0.035  0.047
   1.19769      4.456474  0.004  0.005  0.021  0.030
   1.22592      4.455027  0.003  0.009  0.061  0.074
   1.25414      4.465804  0.001  0.012  0.094  0.109
   1.28237      4.459413  0.000  0.020  0.138  0.160
   1.31059      4.462461  0.002  0.020  0.112  0.134
   1.33882      4.474507  0.003  0.016  0.086  0.105
   1.36704      4.487401  0.004  0.018  0.076  0.098
   1.39526      4.497705  0.005  0.019  0.072  0.097
   1.42349      4.503510  0.005  0.021  0.072  0.099
   1.45171      4.505254  0.006  0.024  0.071  0.100
   1.45171      4.505254  0.006  0.024  0.071  0.100
   1.47167      4.504740  0.005  0.020  0.075  0.099
   1.49163      4.504846  0.000  0.006  0.048  0.052
   1.51159      4.466366  0.000  0.004  0.065  0.069
   1.53154      4.441110  0.000  0.004  0.084  0.088
   1.55150      4.443512  0.004  0.024  0.065  0.092
   1.57146      4.446763  0.000  0.019  0.046  0.067
   1.59142      4.426926  0.000  0.022  0.123  0.146
   1.61137      4.423975  0.000  0.030  0.133  0.164
   1.63133      4.417187  0.000  0.042  0.142  0.184
   1.65129      4.407133  0.000  0.054  0.151  0.205
   1.67125      4.396215  0.000  0.067  0.157  0.225
   1.69120      4.415529  0.000  0.004  0.070  0.074
   1.71116      4.383451  0.000  0.082  0.144  0.227
   1.73112      4.382714  0.000  0.080  0.129  0.210
   1.75108      4.383306  0.000  0.076  0.115  0.193
   1.77103      4.383420  0.000  0.073  0.103  0.177
   1.79099      4.404434  0.000  0.119  0.105  0.224
   1.81095      4.403937  0.000  0.125  0.102  0.228
   1.83091      4.403843  0.000  0.127  0.102  0.231
 
# Band-Index:  154
   1.83091      4.429584  0.004  0.034  0.010  0.048
   1.81095      4.424703  0.004  0.036  0.012  0.052
   1.79099      4.406696  0.002  0.038  0.016  0.058
   1.77103      4.405828  0.000  0.107  0.108  0.215
   1.75108      4.408503  0.000  0.094  0.110  0.205
   1.73112      4.412358  0.000  0.080  0.112  0.191
   1.71116      4.416931  0.000  0.068  0.110  0.177
   1.69120      4.422124  0.000  0.055  0.104  0.159
   1.67125      4.429142  0.000  0.043  0.093  0.136
   1.65129      4.440739  0.000  0.034  0.077  0.111
   1.63133      4.459523  0.000  0.026  0.061  0.087
   1.61137      4.478806  0.008  0.022  0.047  0.075
   1.59142      4.459981  0.006  0.022  0.050  0.078
   1.57146      4.448664  0.006  0.023  0.056  0.084
   1.55150      4.473863  0.000  0.020  0.051  0.072
   1.53154      4.493008  0.000  0.018  0.060  0.080
   1.51159      4.500564  0.006  0.020  0.038  0.065
   1.49163      4.505193  0.003  0.019  0.070  0.094
   1.47167      4.506889  0.006  0.025  0.063  0.094
   1.45171      4.505622  0.005  0.024  0.070  0.099
   1.45171      4.505622  0.005  0.024  0.070  0.099
   1.42349      4.503887  0.005  0.021  0.072  0.099
   1.39526      4.498097  0.005  0.019  0.072  0.097
   1.36704      4.487788  0.004  0.018  0.076  0.098
   1.33882      4.474843  0.003  0.016  0.086  0.105
   1.31059      4.462643  0.002  0.020  0.112  0.134
   1.28237      4.459478  0.000  0.020  0.139  0.161
   1.25414      4.465930  0.001  0.012  0.094  0.108
   1.22592      4.455409  0.003  0.009  0.061  0.073
   1.19769      4.456518  0.005  0.006  0.021  0.030
   1.16947      4.477877  0.000  0.011  0.034  0.046
   1.14125      4.471358  0.000  0.012  0.028  0.040
   1.11302      4.463854  0.001  0.013  0.023  0.038
   1.08480      4.467971  0.003  0.006  0.055  0.066
   1.05657      4.433967  0.001  0.003  0.051  0.055
   1.02835      4.429329  0.001  0.001  0.037  0.039
   1.00013      4.430999  0.000  0.006  0.041  0.048
   0.97190      4.416680  0.000  0.006  0.044  0.050
   0.94368      4.416468  0.001  0.006  0.050  0.057
   0.91545      4.413539  0.001  0.011  0.034  0.046
   0.91545      4.413539  0.001  0.011  0.034  0.046
   0.89550      4.434591  0.010  0.000  0.076  0.088
   0.87554      4.431217  0.020  0.002  0.097  0.119
   0.85558      4.433412  0.022  0.002  0.096  0.120
   0.83562      4.444829  0.000  0.002  0.018  0.020
   0.81567      4.469065  0.000  0.002  0.024  0.028
   0.79571      4.481878  0.000  0.004  0.034  0.038
   0.77575      4.513814  0.012  0.000  0.037  0.048
   0.75579      4.548394  0.012  0.000  0.037  0.049
   0.73584      4.556564  0.008  0.004  0.103  0.116
   0.71588      4.566564  0.008  0.006  0.105  0.120
   0.69592      4.578331  0.010  0.007  0.090  0.108
   0.67596      4.595036  0.001  0.023  0.029  0.054
   0.65600      4.613960  0.002  0.006  0.030  0.038
   0.63605      4.611570  0.002  0.010  0.029  0.040
   0.61609      4.613322  0.002  0.010  0.028  0.042
   0.59613      4.618362  0.004  0.012  0.028  0.042
   0.57617      4.624437  0.006  0.000  0.091  0.099
   0.55622      4.607688  0.006  0.000  0.102  0.110
   0.53626      4.600145  0.006  0.000  0.110  0.118
   0.53626      4.600145  0.006  0.000  0.110  0.118
   0.50804      4.617474  0.006  0.006  0.008  0.022
   0.47981      4.627726  0.004  0.000  0.016  0.022
   0.45159      4.656126  0.000  0.002  0.026  0.028
   0.42336      4.581110  0.000  0.002  0.038  0.043
   0.39514      4.546985  0.000  0.004  0.036  0.038
   0.36691      4.572708  0.000  0.010  0.040  0.052
   0.33869      4.599198  0.000  0.004  0.014  0.018
   0.31047      4.529750  0.000  0.002  0.068  0.070
   0.28224      4.513225  0.000  0.002  0.082  0.084
   0.25402      4.508210  0.000  0.016  0.022  0.039
   0.22579      4.511828  0.000  0.006  0.054  0.062
   0.19757      4.495101  0.000  0.022  0.022  0.048
   0.16935      4.473746  0.000  0.026  0.020  0.048
   0.14112      4.453760  0.000  0.030  0.018  0.050
   0.11290      4.441987  0.002  0.034  0.014  0.050
   0.08467      4.439434  0.004  0.036  0.012  0.050
   0.05645      4.437518  0.004  0.036  0.010  0.048
   0.02822      4.432667  0.004  0.034  0.010  0.048
   0.00000      4.429584  0.004  0.034  0.010  0.048
 
# Band-Index:  155
   0.00000      4.510369  0.000  0.006  0.030  0.036
   0.02822      4.511872  0.000  0.006  0.028  0.034
   0.05645      4.516222  0.000  0.006  0.026  0.032
   0.08467      4.523128  0.000  0.006  0.024  0.032
   0.11290      4.531583  0.000  0.008  0.020  0.028
   0.14112      4.539059  0.002  0.008  0.016  0.026
   0.16935      4.541123  0.002  0.008  0.014  0.026
   0.19757      4.532706  0.002  0.010  0.018  0.030
   0.22579      4.512449  0.002  0.014  0.024  0.038
   0.25402      4.543555  0.000  0.008  0.055  0.064
   0.28224      4.578697  0.000  0.010  0.056  0.066
   0.31047      4.616953  0.000  0.010  0.056  0.068
   0.33869      4.639984  0.000  0.012  0.032  0.048
   0.36691      4.688684  0.000  0.002  0.012  0.014
   0.39514      4.748990  0.000  0.018  0.055  0.073
   0.42336      4.766142  0.004  0.000  0.056  0.064
   0.45159      4.680358  0.006  0.000  0.080  0.088
   0.47981      4.717160  0.006  0.010  0.045  0.061
   0.50804      4.667540  0.006  0.010  0.046  0.062
   0.53626      4.632822  0.004  0.014  0.024  0.044
   0.53626      4.632822  0.004  0.014  0.024  0.044
   0.55622      4.630574  0.004  0.014  0.026  0.044
   0.57617      4.624931  0.004  0.012  0.026  0.042
   0.59613      4.643297  0.004  0.000  0.085  0.090
   0.61609      4.660779  0.004  0.000  0.080  0.086
   0.63605      4.674415  0.006  0.000  0.076  0.082
   0.65600      4.629863  0.000  0.028  0.019  0.048
   0.67596      4.595397  0.002  0.013  0.034  0.049
   0.69592      4.614629  0.002  0.011  0.038  0.050
   0.71588      4.617248  0.010  0.002  0.050  0.060
   0.73584      4.582545  0.012  0.000  0.042  0.055
   0.75579      4.552562  0.006  0.004  0.083  0.093
   0.77575      4.553168  0.006  0.004  0.060  0.068
   0.79571      4.552999  0.004  0.002  0.042  0.050
   0.81567      4.547191  0.004  0.004  0.032  0.041
   0.83562      4.534325  0.004  0.004  0.030  0.036
   0.85558      4.517477  0.004  0.006  0.026  0.036
   0.87554      4.501567  0.005  0.004  0.020  0.030
   0.89550      4.464333  0.000  0.012  0.032  0.044
   0.91545      4.464342  0.000  0.001  0.011  0.014
   0.91545      4.464342  0.000  0.001  0.011  0.014
   0.94368      4.462587  0.000  0.000  0.012  0.014
   0.97190      4.455144  0.000  0.000  0.015  0.015
   1.00013      4.444868  0.001  0.002  0.018  0.021
   1.02835      4.492991  0.001  0.006  0.048  0.057
   1.05657      4.498143  0.003  0.007  0.041  0.051
   1.08480      4.475108  0.001  0.004  0.015  0.020
   1.11302      4.519631  0.001  0.002  0.030  0.034
   1.14125      4.547350  0.003  0.001  0.014  0.019
   1.16947      4.520730  0.004  0.005  0.007  0.016
   1.19769      4.502989  0.002  0.012  0.025  0.040
   1.22592      4.509020  0.001  0.012  0.038  0.051
   1.25414      4.516049  0.000  0.011  0.030  0.042
   1.28237      4.526535  0.000  0.010  0.019  0.030
   1.31059      4.538835  0.000  0.011  0.018  0.032
   1.33882      4.551573  0.001  0.012  0.022  0.035
   1.36704      4.564944  0.000  0.010  0.025  0.037
   1.39526      4.578482  0.000  0.009  0.029  0.037
   1.42349      4.589396  0.000  0.006  0.029  0.035
   1.45171      4.593654  0.000  0.006  0.030  0.036
   1.45171      4.593654  0.000  0.006  0.030  0.036
   1.47167      4.549838  0.000  0.006  0.034  0.042
   1.49163      4.505450  0.005  0.023  0.053  0.082
   1.51159      4.502872  0.002  0.018  0.068  0.090
   1.53154      4.498668  0.006  0.018  0.028  0.052
   1.55150      4.508233  0.004  0.018  0.028  0.050
   1.57146      4.528268  0.002  0.018  0.030  0.050
   1.59142      4.517959  0.000  0.020  0.050  0.070
   1.61137      4.485798  0.000  0.020  0.054  0.076
   1.63133      4.498533  0.006  0.018  0.053  0.080
   1.65129      4.493839  0.004  0.010  0.068  0.080
   1.67125      4.458693  0.002  0.006  0.070  0.076
   1.69120      4.426587  0.002  0.010  0.049  0.060
   1.71116      4.464097  0.002  0.008  0.042  0.056
   1.73112      4.497662  0.002  0.010  0.036  0.048
   1.75108      4.522810  0.000  0.014  0.028  0.042
   1.77103      4.535739  0.000  0.016  0.026  0.042
   1.79099      4.533513  0.000  0.012  0.026  0.040
   1.81095      4.519488  0.000  0.008  0.028  0.036
   1.83091      4.510369  0.000  0.006  0.030  0.036
 
# Band-Index:  156
   1.83091      4.608317  0.000  0.020  0.056  0.076
   1.81095      4.605297  0.000  0.020  0.054  0.076
   1.79099      4.603149  0.002  0.022  0.054  0.078
   1.77103      4.611503  0.004  0.024  0.054  0.082
   1.75108      4.630875  0.004  0.025  0.052  0.082
   1.73112      4.655188  0.004  0.026  0.052  0.080
   1.71116      4.663134  0.006  0.018  0.024  0.052
   1.69120      4.636490  0.008  0.022  0.012  0.042
   1.67125      4.602795  0.008  0.022  0.012  0.044
   1.65129      4.574024  0.006  0.020  0.016  0.042
   1.63133      4.567825  0.002  0.014  0.028  0.042
   1.61137      4.567663  0.002  0.014  0.032  0.050
   1.59142      4.551302  0.002  0.020  0.032  0.052
   1.57146      4.553551  0.000  0.018  0.048  0.066
   1.55150      4.589386  0.000  0.014  0.050  0.062
   1.53154      4.621074  0.000  0.012  0.046  0.056
   1.51159      4.642418  0.000  0.010  0.038  0.050
   1.49163      4.646196  0.000  0.008  0.032  0.040
   1.47167      4.628684  0.000  0.006  0.028  0.034
   1.45171      4.593966  0.000  0.006  0.030  0.036
   1.45171      4.593966  0.000  0.006  0.030  0.036
   1.42349      4.589664  0.000  0.006  0.029  0.035
   1.39526      4.578648  0.000  0.009  0.029  0.037
   1.36704      4.565001  0.000  0.010  0.025  0.037
   1.33882      4.551615  0.001  0.012  0.022  0.036
   1.31059      4.538959  0.000  0.011  0.018  0.032
   1.28237      4.526711  0.000  0.010  0.019  0.031
   1.25414      4.516250  0.000  0.010  0.030  0.042
   1.22592      4.509212  0.001  0.012  0.038  0.051
   1.19769      4.503033  0.001  0.011  0.025  0.040
   1.16947      4.520990  0.004  0.005  0.007  0.016
   1.14125      4.547575  0.003  0.001  0.014  0.020
   1.11302      4.519822  0.001  0.002  0.031  0.034
   1.08480      4.475814  0.001  0.004  0.015  0.019
   1.05657      4.498405  0.003  0.007  0.040  0.050
   1.02835      4.493510  0.001  0.006  0.048  0.058
   1.00013      4.445030  0.001  0.002  0.018  0.021
   0.97190      4.455312  0.000  0.000  0.015  0.015
   0.94368      4.462892  0.000  0.000  0.012  0.014
   0.91545      4.464776  0.000  0.001  0.012  0.014
   0.91545      4.464776  0.000  0.001  0.012  0.014
   0.89550      4.488431  0.004  0.004  0.008  0.016
   0.87554      4.518176  0.000  0.012  0.032  0.045
   0.85558      4.550768  0.002  0.004  0.052  0.058
   0.83562      4.557300  0.002  0.004  0.064  0.070
   0.81567      4.564248  0.002  0.002  0.068  0.076
   0.79571      4.575636  0.002  0.002  0.068  0.072
   0.77575      4.596075  0.000  0.002  0.062  0.066
   0.75579      4.628138  0.000  0.002  0.052  0.056
   0.73584      4.658981  0.002  0.012  0.040  0.054
   0.71588      4.635748  0.002  0.011  0.039  0.052
   0.69592      4.635001  0.000  0.006  0.026  0.035
   0.67596      4.623248  0.000  0.014  0.027  0.040
   0.65600      4.668260  0.000  0.033  0.026  0.060
   0.63605      4.705436  0.000  0.030  0.021  0.052
   0.61609      4.719592  0.000  0.006  0.018  0.024
   0.59613      4.711151  0.000  0.008  0.014  0.020
   0.57617      4.703117  0.000  0.008  0.010  0.018
   0.55622      4.697554  0.000  0.008  0.008  0.016
   0.53626      4.695586  0.000  0.008  0.006  0.014
   0.53626      4.695586  0.000  0.008  0.006  0.014
   0.50804      4.696945  0.000  0.010  0.012  0.022
   0.47981      4.724757  0.000  0.000  0.022  0.022
   0.45159      4.767716  0.008  0.011  0.039  0.055
   0.42336      4.798786  0.000  0.022  0.052  0.074
   0.39514      4.782095  0.002  0.002  0.016  0.018
   0.36691      4.702171  0.000  0.016  0.057  0.073
   0.33869      4.658153  0.000  0.012  0.056  0.070
   0.31047      4.652603  0.000  0.020  0.025  0.046
   0.28224      4.651370  0.002  0.026  0.024  0.052
   0.25402      4.680544  0.002  0.028  0.024  0.054
   0.22579      4.735818  0.000  0.014  0.036  0.048
   0.19757      4.720951  0.000  0.014  0.038  0.052
   0.16935      4.699649  0.000  0.013  0.040  0.054
   0.14112      4.674985  0.000  0.016  0.044  0.060
   0.11290      4.651229  0.000  0.016  0.046  0.064
   0.08467      4.631860  0.000  0.020  0.052  0.068
   0.05645      4.618402  0.000  0.018  0.052  0.072
   0.02822      4.610762  0.000  0.020  0.054  0.076
   0.00000      4.608317  0.000  0.020  0.056  0.076
 
# Band-Index:  157
   0.00000      4.711096  0.000  0.036  0.002  0.038
   0.02822      4.725580  0.000  0.032  0.002  0.036
   0.05645      4.744860  0.012  0.022  0.033  0.068
   0.08467      4.749832  0.012  0.022  0.034  0.068
   0.11290      4.755017  0.010  0.024  0.036  0.071
   0.14112      4.761305  0.010  0.024  0.040  0.074
   0.16935      4.769440  0.008  0.024  0.042  0.076
   0.19757      4.778821  0.008  0.024  0.042  0.074
   0.22579      4.751697  0.002  0.034  0.024  0.060
   0.25402      4.743743  0.000  0.012  0.032  0.047
   0.28224      4.730275  0.004  0.010  0.032  0.042
   0.31047      4.729765  0.004  0.008  0.042  0.056
   0.33869      4.754537  0.002  0.006  0.053  0.066
   0.36691      4.771744  0.000  0.017  0.050  0.064
   0.39514      4.797653  0.000  0.019  0.052  0.072
   0.42336      4.810648  0.008  0.010  0.032  0.052
   0.45159      4.784446  0.000  0.012  0.035  0.051
   0.47981      4.727994  0.002  0.014  0.026  0.040
   0.50804      4.773306  0.000  0.000  0.020  0.020
   0.53626      4.791088  0.000  0.000  0.018  0.018
   0.53626      4.791088  0.000  0.000  0.018  0.018
   0.55622      4.794148  0.000  0.000  0.020  0.020
   0.57617      4.802540  0.000  0.002  0.023  0.026
   0.59613      4.814326  0.002  0.006  0.030  0.036
   0.61609      4.780508  0.000  0.032  0.023  0.055
   0.63605      4.725462  0.000  0.006  0.020  0.028
   0.65600      4.680637  0.006  0.000  0.073  0.080
   0.67596      4.673483  0.008  0.000  0.065  0.074
   0.69592      4.650050  0.010  0.000  0.056  0.066
   0.71588      4.652385  0.000  0.006  0.024  0.030
   0.73584      4.669294  0.000  0.000  0.044  0.046
   0.75579      4.675905  0.012  0.010  0.010  0.032
   0.77575      4.669693  0.012  0.012  0.020  0.042
   0.79571      4.664411  0.010  0.014  0.032  0.054
   0.81567      4.659575  0.006  0.012  0.040  0.060
   0.83562      4.632346  0.000  0.014  0.030  0.044
   0.85558      4.574161  0.000  0.012  0.030  0.044
   0.87554      4.541967  0.004  0.006  0.035  0.044
   0.89550      4.531066  0.006  0.006  0.020  0.032
   0.91545      4.525727  0.009  0.006  0.019  0.034
   0.91545      4.525727  0.009  0.006  0.019  0.034
   0.94368      4.555592  0.006  0.008  0.030  0.043
   0.97190      4.594523  0.003  0.008  0.044  0.055
   1.00013      4.575179  0.002  0.007  0.051  0.061
   1.02835      4.533138  0.002  0.007  0.048  0.056
   1.05657      4.569272  0.000  0.012  0.066  0.078
   1.08480      4.590274  0.004  0.015  0.046  0.068
   1.11302      4.619638  0.004  0.022  0.051  0.076
   1.14125      4.623289  0.002  0.020  0.056  0.078
   1.16947      4.641602  0.001  0.018  0.063  0.080
   1.19769      4.655683  0.001  0.018  0.064  0.083
   1.22592      4.658334  0.002  0.018  0.065  0.086
   1.25414      4.658095  0.003  0.018  0.063  0.085
   1.28237      4.661492  0.004  0.016  0.060  0.080
   1.31059      4.670900  0.004  0.012  0.052  0.069
   1.33882      4.684910  0.005  0.010  0.042  0.056
   1.36704      4.699745  0.005  0.008  0.031  0.044
   1.39526      4.711767  0.005  0.007  0.022  0.034
   1.42349      4.719173  0.005  0.007  0.016  0.027
   1.45171      4.721642  0.005  0.007  0.012  0.024
   1.45171      4.721642  0.005  0.007  0.012  0.024
   1.47167      4.701413  0.006  0.010  0.012  0.028
   1.49163      4.685754  0.006  0.012  0.016  0.030
   1.51159      4.676923  0.006  0.012  0.022  0.040
   1.53154      4.678554  0.006  0.014  0.030  0.052
   1.55150      4.693107  0.006  0.015  0.040  0.058
   1.57146      4.720421  0.006  0.016  0.046  0.070
   1.59142      4.744311  0.002  0.013  0.056  0.072
   1.61137      4.715414  0.002  0.016  0.052  0.070
   1.63133      4.708561  0.002  0.024  0.044  0.068
   1.65129      4.721746  0.002  0.026  0.042  0.070
   1.67125      4.730859  0.004  0.032  0.048  0.082
   1.69120      4.719895  0.004  0.036  0.052  0.090
   1.71116      4.700922  0.008  0.038  0.038  0.082
   1.73112      4.707664  0.010  0.024  0.008  0.044
   1.75108      4.725607  0.012  0.018  0.010  0.040
   1.77103      4.737367  0.012  0.017  0.014  0.044
   1.79099      4.736471  0.000  0.026  0.008  0.033
   1.81095      4.716728  0.000  0.034  0.002  0.036
   1.83091      4.711096  0.000  0.036  0.002  0.038
 
# Band-Index:  158
   1.83091      4.738548  0.014  0.018  0.032  0.064
   1.81095      4.740152  0.014  0.018  0.028  0.060
   1.79099      4.741494  0.013  0.017  0.022  0.051
   1.77103      4.772935  0.000  0.020  0.014  0.034
   1.75108      4.793143  0.002  0.018  0.038  0.056
   1.73112      4.774971  0.002  0.012  0.042  0.054
   1.71116      4.771549  0.002  0.008  0.038  0.048
   1.69120      4.783085  0.002  0.004  0.038  0.046
   1.67125      4.805201  0.002  0.004  0.038  0.045
   1.65129      4.830806  0.004  0.004  0.044  0.050
   1.63133      4.837675  0.004  0.012  0.056  0.074
   1.61137      4.801879  0.006  0.020  0.052  0.078
   1.59142      4.758186  0.006  0.018  0.048  0.073
   1.57146      4.778643  0.002  0.012  0.054  0.068
   1.55150      4.804422  0.004  0.008  0.049  0.060
   1.53154      4.811978  0.004  0.008  0.040  0.050
   1.51159      4.799234  0.006  0.006  0.028  0.040
   1.49163      4.773898  0.006  0.006  0.020  0.032
   1.47167      4.746169  0.006  0.006  0.016  0.026
   1.45171      4.721679  0.005  0.007  0.012  0.024
   1.45171      4.721679  0.005  0.007  0.012  0.024
   1.42349      4.719238  0.005  0.007  0.016  0.027
   1.39526      4.711897  0.005  0.007  0.022  0.034
   1.36704      4.699956  0.005  0.008  0.032  0.044
   1.33882      4.685210  0.005  0.010  0.041  0.056
   1.31059      4.671295  0.004  0.012  0.052  0.069
   1.28237      4.661972  0.004  0.016  0.060  0.079
   1.25414      4.658637  0.003  0.018  0.064  0.084
   1.22592      4.658910  0.002  0.018  0.065  0.086
   1.19769      4.656237  0.001  0.018  0.064  0.083
   1.16947      4.642065  0.001  0.018  0.063  0.080
   1.14125      4.623600  0.002  0.020  0.057  0.078
   1.11302      4.619919  0.004  0.022  0.052  0.076
   1.08480      4.590523  0.004  0.015  0.046  0.068
   1.05657      4.569567  0.000  0.012  0.066  0.078
   1.02835      4.533192  0.002  0.007  0.046  0.055
   1.00013      4.575399  0.002  0.007  0.051  0.061
   0.97190      4.595227  0.003  0.008  0.045  0.055
   0.94368      4.556419  0.006  0.008  0.030  0.044
   0.91545      4.526372  0.009  0.006  0.019  0.034
   0.91545      4.526372  0.009  0.006  0.019  0.034
   0.89550      4.547119  0.006  0.004  0.018  0.030
   0.87554      4.585555  0.004  0.004  0.014  0.022
   0.85558      4.621546  0.002  0.006  0.016  0.023
   0.83562      4.648170  0.000  0.010  0.028  0.040
   0.81567      4.692652  0.000  0.012  0.028  0.042
   0.79571      4.733947  0.006  0.004  0.026  0.036
   0.77575      4.712723  0.002  0.012  0.046  0.060
   0.75579      4.684597  0.002  0.012  0.042  0.058
   0.73584      4.674508  0.000  0.004  0.020  0.026
   0.71588      4.693598  0.010  0.006  0.006  0.024
   0.69592      4.706136  0.006  0.004  0.012  0.024
   0.67596      4.718318  0.004  0.006  0.018  0.028
   0.65600      4.725539  0.002  0.006  0.021  0.028
   0.63605      4.739831  0.000  0.034  0.028  0.062
   0.61609      4.808168  0.000  0.030  0.040  0.071
   0.59613      4.853636  0.000  0.034  0.022  0.057
   0.57617      4.921980  0.000  0.038  0.022  0.060
   0.55622      4.978226  0.000  0.044  0.016  0.061
   0.53626      4.992505  0.000  0.000  0.010  0.010
   0.53626      4.992505  0.000  0.000  0.010  0.010
   0.50804      4.965849  0.000  0.036  0.031  0.068
   0.47981      4.908208  0.000  0.028  0.042  0.071
   0.45159      4.851849  0.000  0.024  0.047  0.074
   0.42336      4.823391  0.000  0.010  0.050  0.063
   0.39514      4.819975  0.000  0.009  0.056  0.068
   0.36691      4.790389  0.002  0.008  0.059  0.070
   0.33869      4.756222  0.000  0.016  0.044  0.060
   0.31047      4.749356  0.000  0.014  0.038  0.052
   0.28224      4.746879  0.000  0.012  0.034  0.046
   0.25402      4.760705  0.002  0.010  0.022  0.037
   0.22579      4.796614  0.000  0.016  0.032  0.049
   0.19757      4.813766  0.000  0.018  0.041  0.058
   0.16935      4.837810  0.000  0.018  0.040  0.062
   0.14112      4.877156  0.002  0.016  0.040  0.062
   0.11290      4.850545  0.000  0.014  0.018  0.032
   0.08467      4.807174  0.000  0.018  0.010  0.034
   0.05645      4.762163  0.000  0.026  0.006  0.034
   0.02822      4.740454  0.014  0.018  0.032  0.068
   0.00000      4.738548  0.014  0.018  0.032  0.064
 
# Band-Index:  159
   0.00000      4.977104  0.000  0.014  0.044  0.056
   0.02822      4.982721  0.003  0.003  0.048  0.055
   0.05645      4.966333  0.000  0.004  0.052  0.057
   0.08467      4.956522  0.000  0.006  0.050  0.056
   0.11290      4.924349  0.002  0.018  0.042  0.062
   0.14112      4.889792  0.000  0.012  0.024  0.036
   0.16935      4.927076  0.000  0.008  0.028  0.036
   0.19757      4.851408  0.000  0.028  0.034  0.064
   0.22579      4.801286  0.006  0.010  0.050  0.068
   0.25402      4.817352  0.006  0.010  0.042  0.061
   0.28224      4.842121  0.004  0.008  0.034  0.047
   0.31047      4.837244  0.000  0.014  0.038  0.055
   0.33869      4.789824  0.002  0.022  0.046  0.071
   0.36691      4.800938  0.003  0.022  0.046  0.070
   0.39514      4.825428  0.006  0.018  0.036  0.058
   0.42336      4.833303  0.000  0.023  0.050  0.074
   0.45159      4.877229  0.000  0.025  0.047  0.073
   0.47981      4.927984  0.000  0.029  0.043  0.072
   0.50804      4.983212  0.000  0.036  0.034  0.069
   0.53626      5.003057  0.000  0.049  0.012  0.062
   0.53626      5.003057  0.000  0.049  0.012  0.062
   0.55622      4.987380  0.000  0.000  0.010  0.010
   0.57617      4.948312  0.000  0.042  0.020  0.061
   0.59613      4.884213  0.000  0.037  0.018  0.056
   0.61609      4.835732  0.004  0.010  0.014  0.026
   0.63605      4.849620  0.004  0.006  0.030  0.038
   0.65600      4.824171  0.002  0.006  0.045  0.053
   0.67596      4.795360  0.000  0.006  0.056  0.062
   0.69592      4.761590  0.000  0.000  0.038  0.040
   0.71588      4.714878  0.000  0.000  0.038  0.038
   0.73584      4.683526  0.012  0.008  0.008  0.026
   0.75579      4.700918  0.000  0.003  0.016  0.020
   0.77575      4.730972  0.000  0.002  0.012  0.014
   0.79571      4.740123  0.002  0.006  0.056  0.066
   0.81567      4.705812  0.012  0.002  0.026  0.042
   0.83562      4.690000  0.018  0.006  0.046  0.068
   0.85558      4.692699  0.016  0.008  0.064  0.086
   0.87554      4.706397  0.014  0.008  0.070  0.090
   0.89550      4.728597  0.012  0.006  0.069  0.088
   0.91545      4.760164  0.013  0.009  0.060  0.080
   0.91545      4.760164  0.013  0.009  0.060  0.080
   0.94368      4.736927  0.009  0.007  0.061  0.077
   0.97190      4.686831  0.005  0.008  0.051  0.063
   1.00013      4.651575  0.007  0.007  0.035  0.049
   1.02835      4.615478  0.008  0.009  0.025  0.041
   1.05657      4.593930  0.007  0.006  0.014  0.029
   1.08480      4.650623  0.002  0.009  0.050  0.059
   1.11302      4.703231  0.001  0.014  0.041  0.054
   1.14125      4.779341  0.001  0.022  0.037  0.061
   1.16947      4.853067  0.001  0.018  0.043  0.063
   1.19769      4.881387  0.002  0.013  0.039  0.053
   1.22592      4.902324  0.005  0.012  0.043  0.059
   1.25414      4.922407  0.007  0.016  0.042  0.064
   1.28237      4.942139  0.009  0.019  0.039  0.067
   1.31059      4.960494  0.010  0.020  0.037  0.065
   1.33882      4.978680  0.009  0.019  0.035  0.064
   1.36704      4.998312  0.006  0.017  0.039  0.064
   1.39526      5.018848  0.004  0.015  0.055  0.076
   1.42349      5.029758  0.001  0.013  0.128  0.143
   1.45171      5.026640  0.000  0.012  0.148  0.160
   1.45171      5.026640  0.000  0.012  0.148  0.160
   1.47167      5.016178  0.000  0.011  0.137  0.149
   1.49163      5.013707  0.000  0.006  0.089  0.095
   1.51159      5.009738  0.000  0.002  0.049  0.051
   1.53154      4.982568  0.006  0.024  0.050  0.080
   1.55150      4.952201  0.006  0.024  0.056  0.086
   1.57146      4.925044  0.004  0.026  0.060  0.094
   1.59142      4.900157  0.004  0.028  0.066  0.100
   1.61137      4.876778  0.004  0.030  0.069  0.104
   1.63133      4.855218  0.004  0.030  0.070  0.104
   1.65129      4.838870  0.004  0.026  0.064  0.098
   1.67125      4.838712  0.006  0.022  0.054  0.082
   1.69120      4.863413  0.004  0.020  0.042  0.066
   1.71116      4.902406  0.004  0.016  0.038  0.058
   1.73112      4.888159  0.004  0.016  0.022  0.039
   1.75108      4.830170  0.002  0.014  0.026  0.042
   1.77103      4.833085  0.002  0.014  0.048  0.064
   1.79099      4.876219  0.002  0.014  0.050  0.064
   1.81095      4.925809  0.002  0.014  0.048  0.062
   1.83091      4.977104  0.000  0.014  0.044  0.056
 
# Band-Index:  160
   1.83091      4.981950  0.004  0.004  0.044  0.054
   1.81095      4.994568  0.000  0.004  0.044  0.052
   1.79099      5.000441  0.000  0.006  0.048  0.055
   1.77103      4.999941  0.002  0.010  0.046  0.058
   1.75108      4.980775  0.002  0.012  0.042  0.058
   1.73112      4.944525  0.004  0.012  0.038  0.056
   1.71116      4.950241  0.004  0.018  0.020  0.040
   1.69120      4.993707  0.004  0.028  0.010  0.042
   1.67125      4.971023  0.004  0.030  0.018  0.052
   1.65129      4.928166  0.006  0.028  0.016  0.050
   1.63133      4.902978  0.004  0.016  0.006  0.026
   1.61137      4.922334  0.002  0.006  0.012  0.022
   1.59142      4.954522  0.002  0.004  0.012  0.020
   1.57146      4.981373  0.000  0.004  0.134  0.140
   1.55150      5.000471  0.000  0.006  0.140  0.146
   1.53154      5.009243  0.000  0.002  0.046  0.048
   1.51159      5.016344  0.008  0.024  0.045  0.076
   1.49163      5.032857  0.000  0.008  0.064  0.073
   1.47167      5.039632  0.000  0.004  0.025  0.030
   1.45171      5.027389  0.000  0.012  0.147  0.159
   1.45171      5.027389  0.000  0.012  0.147  0.159
   1.42349      5.030249  0.001  0.012  0.127  0.141
   1.39526      5.019021  0.004  0.015  0.056  0.076
   1.36704      4.998650  0.006  0.017  0.039  0.064
   1.33882      4.979091  0.009  0.019  0.037  0.064
   1.31059      4.960907  0.010  0.020  0.037  0.065
   1.28237      4.942469  0.009  0.019  0.039  0.066
   1.25414      4.922620  0.007  0.016  0.043  0.065
   1.22592      4.902510  0.005  0.011  0.044  0.059
   1.19769      4.881649  0.002  0.013  0.040  0.053
   1.16947      4.853283  0.001  0.018  0.043  0.063
   1.14125      4.779433  0.001  0.022  0.036  0.061
   1.11302      4.703371  0.001  0.014  0.040  0.054
   1.08480      4.651019  0.002  0.009  0.050  0.059
   1.05657      4.594383  0.007  0.006  0.014  0.029
   1.02835      4.615769  0.008  0.009  0.024  0.041
   1.00013      4.651976  0.007  0.007  0.035  0.049
   0.97190      4.687315  0.005  0.008  0.051  0.063
   0.94368      4.737363  0.009  0.007  0.061  0.077
   0.91545      4.760529  0.013  0.008  0.060  0.081
   0.91545      4.760529  0.013  0.008  0.060  0.081
   0.89550      4.789907  0.010  0.010  0.020  0.041
   0.87554      4.775549  0.004  0.012  0.010  0.026
   0.85558      4.766874  0.002  0.012  0.012  0.026
   0.83562      4.767118  0.002  0.012  0.015  0.028
   0.81567      4.772232  0.000  0.010  0.020  0.032
   0.79571      4.761782  0.002  0.023  0.010  0.036
   0.77575      4.767102  0.004  0.006  0.027  0.036
   0.75579      4.784115  0.000  0.008  0.039  0.046
   0.73584      4.783275  0.000  0.004  0.044  0.052
   0.71588      4.781760  0.000  0.004  0.048  0.054
   0.69592      4.783445  0.000  0.004  0.044  0.050
   0.67596      4.807901  0.000  0.000  0.024  0.024
   0.65600      4.852058  0.000  0.000  0.029  0.032
   0.63605      4.865131  0.002  0.006  0.038  0.046
   0.61609      4.909281  0.002  0.004  0.025  0.031
   0.59613      4.946472  0.002  0.002  0.010  0.014
   0.57617      4.972107  0.000  0.000  0.010  0.010
   0.55622      5.000543  0.000  0.048  0.016  0.064
   0.53626      5.023027  0.000  0.052  0.012  0.064
   0.53626      5.023027  0.000  0.052  0.012  0.064
   0.50804      5.019589  0.000  0.000  0.010  0.012
   0.47981      5.077665  0.000  0.018  0.044  0.063
   0.45159      5.011049  0.000  0.002  0.001  0.002
   0.42336      4.911435  0.000  0.002  0.002  0.004
   0.39514      4.887901  0.002  0.004  0.028  0.032
   0.36691      4.922137  0.004  0.012  0.016  0.034
   0.33869      4.917013  0.000  0.008  0.006  0.014
   0.31047      4.884611  0.004  0.010  0.020  0.036
   0.28224      4.914851  0.000  0.011  0.022  0.033
   0.25402      4.883105  0.002  0.012  0.022  0.034
   0.22579      4.882484  0.002  0.008  0.012  0.022
   0.19757      4.923473  0.002  0.006  0.010  0.020
   0.16935      4.939469  0.002  0.033  0.033  0.064
   0.14112      4.978789  0.000  0.004  0.032  0.037
   0.11290      4.960585  0.000  0.006  0.044  0.050
   0.08467      4.965717  0.002  0.016  0.041  0.059
   0.05645      4.983275  0.003  0.008  0.043  0.055
   0.02822      4.983571  0.003  0.006  0.046  0.055
   0.00000      4.981950  0.004  0.004  0.044  0.054
 
# Band-Index:  161
   0.00000      4.991675  0.001  0.004  0.044  0.051
   0.02822      4.983933  0.000  0.014  0.042  0.058
   0.05645      5.005666  0.000  0.016  0.040  0.056
   0.08467      5.032528  0.000  0.004  0.057  0.061
   0.11290      5.016888  0.000  0.002  0.048  0.050
   0.14112      4.998466  0.000  0.002  0.035  0.038
   0.16935      4.967893  0.000  0.006  0.018  0.026
   0.19757      4.965097  0.000  0.008  0.030  0.038
   0.22579      5.005688  0.000  0.008  0.030  0.038
   0.25402      5.000130  0.006  0.010  0.012  0.028
   0.28224      4.922470  0.006  0.015  0.022  0.045
   0.31047      4.954575  0.000  0.008  0.018  0.030
   0.33869      4.981395  0.000  0.006  0.012  0.022
   0.36691      4.958925  0.000  0.002  0.018  0.020
   0.39514      4.921041  0.004  0.016  0.038  0.059
   0.42336      4.955281  0.002  0.020  0.050  0.072
   0.45159      5.012808  0.000  0.021  0.046  0.068
   0.47981      5.095191  0.002  0.000  0.012  0.014
   0.50804      5.136056  0.000  0.014  0.056  0.070
   0.53626      5.090008  0.000  0.000  0.073  0.075
   0.53626      5.090008  0.000  0.000  0.073  0.075
   0.55622      5.068702  0.000  0.002  0.067  0.072
   0.57617      5.025585  0.000  0.004  0.065  0.070
   0.59613      4.978302  0.000  0.004  0.061  0.066
   0.61609      4.934443  0.000  0.002  0.047  0.050
   0.63605      4.893899  0.000  0.002  0.034  0.036
   0.65600      4.868554  0.004  0.008  0.036  0.048
   0.67596      4.889691  0.004  0.010  0.040  0.054
   0.69592      4.885944  0.002  0.004  0.036  0.042
   0.71588      4.863938  0.000  0.004  0.032  0.036
   0.73584      4.835679  0.000  0.006  0.028  0.034
   0.75579      4.802189  0.002  0.006  0.028  0.034
   0.77575      4.782567  0.000  0.008  0.032  0.043
   0.79571      4.763687  0.000  0.000  0.010  0.010
   0.81567      4.780338  0.004  0.020  0.042  0.064
   0.83562      4.817206  0.002  0.018  0.044  0.066
   0.85558      4.855619  0.002  0.016  0.042  0.059
   0.87554      4.864392  0.008  0.008  0.044  0.058
   0.89550      4.817219  0.004  0.006  0.045  0.056
   0.91545      4.837695  0.003  0.008  0.019  0.031
   0.91545      4.837695  0.003  0.008  0.019  0.031
   0.94368      4.796158  0.006  0.008  0.005  0.020
   0.97190      4.766378  0.009  0.009  0.006  0.024
   1.00013      4.788273  0.005  0.010  0.019  0.035
   1.02835      4.846623  0.002  0.011  0.031  0.046
   1.05657      4.873221  0.002  0.007  0.011  0.021
   1.08480      4.836619  0.003  0.002  0.006  0.010
   1.11302      4.831688  0.002  0.003  0.022  0.028
   1.14125      4.855483  0.000  0.007  0.029  0.039
   1.16947      4.898336  0.001  0.015  0.022  0.038
   1.19769      4.967312  0.004  0.008  0.023  0.036
   1.22592      4.989503  0.007  0.012  0.020  0.039
   1.25414      5.006892  0.005  0.015  0.028  0.048
   1.28237      5.031678  0.003  0.011  0.044  0.060
   1.31059      5.063029  0.001  0.010  0.065  0.076
   1.33882      5.087337  0.000  0.009  0.089  0.099
   1.36704      5.083739  0.000  0.008  0.106  0.115
   1.39526      5.062524  0.000  0.010  0.099  0.107
   1.42349      5.053215  0.001  0.007  0.037  0.045
   1.45171      5.059836  0.000  0.003  0.023  0.026
   1.45171      5.059836  0.000  0.003  0.023  0.026
   1.47167      5.039962  0.000  0.010  0.150  0.159
   1.49163      5.044414  0.000  0.009  0.149  0.158
   1.51159      5.036998  0.000  0.006  0.147  0.155
   1.53154      5.020638  0.000  0.006  0.144  0.151
   1.55150      5.014767  0.000  0.002  0.051  0.053
   1.57146      4.990074  0.002  0.002  0.012  0.018
   1.59142      4.967117  0.000  0.004  0.129  0.133
   1.61137      4.960237  0.000  0.002  0.124  0.127
   1.63133      4.961842  0.000  0.002  0.118  0.120
   1.65129      4.971558  0.000  0.002  0.114  0.118
   1.67125      4.987799  0.000  0.002  0.112  0.116
   1.69120      5.008255  0.000  0.004  0.112  0.117
   1.71116      5.030353  0.000  0.006  0.113  0.120
   1.73112      5.051596  0.000  0.011  0.114  0.124
   1.75108      5.069880  0.000  0.013  0.116  0.128
   1.77103      5.083842  0.000  0.015  0.117  0.132
   1.79099      5.090354  0.000  0.016  0.119  0.136
   1.81095      5.037102  0.000  0.008  0.041  0.052
   1.83091      4.991675  0.001  0.004  0.044  0.051
 
# Band-Index:  162
   1.83091      5.093199  0.000  0.018  0.116  0.134
   1.81095      5.092442  0.000  0.018  0.118  0.134
   1.79099      5.093274  0.000  0.017  0.117  0.134
   1.77103      5.087605  0.000  0.013  0.122  0.135
   1.75108      5.084700  0.000  0.013  0.126  0.139
   1.73112      5.082463  0.000  0.012  0.129  0.138
   1.71116      5.073590  0.004  0.016  0.036  0.058
   1.69120      5.061138  0.004  0.010  0.048  0.060
   1.67125      5.079530  0.000  0.004  0.127  0.131
   1.65129      5.075739  0.000  0.004  0.114  0.121
   1.63133      5.067460  0.000  0.002  0.101  0.104
   1.61137      5.054729  0.000  0.002  0.084  0.086
   1.59142      5.039749  0.000  0.002  0.068  0.070
   1.57146      5.025546  0.000  0.002  0.058  0.060
   1.55150      5.029714  0.004  0.004  0.010  0.018
   1.53154      5.075067  0.004  0.006  0.010  0.020
   1.51159      5.055631  0.000  0.012  0.094  0.106
   1.49163      5.052567  0.008  0.022  0.040  0.071
   1.47167      5.088258  0.008  0.022  0.039  0.070
   1.45171      5.060027  0.000  0.003  0.023  0.026
   1.45171      5.060027  0.000  0.003  0.023  0.026
   1.42349      5.053223  0.001  0.007  0.036  0.043
   1.39526      5.063002  0.000  0.010  0.099  0.107
   1.36704      5.084139  0.000  0.008  0.106  0.115
   1.33882      5.087537  0.000  0.009  0.089  0.099
   1.31059      5.063035  0.001  0.010  0.065  0.077
   1.28237      5.031916  0.003  0.011  0.044  0.059
   1.25414      5.007408  0.005  0.015  0.028  0.049
   1.22592      4.990152  0.007  0.012  0.020  0.039
   1.19769      4.967558  0.004  0.009  0.022  0.036
   1.16947      4.898572  0.001  0.015  0.022  0.038
   1.14125      4.855971  0.000  0.007  0.029  0.039
   1.11302      4.832047  0.002  0.003  0.023  0.028
   1.08480      4.836681  0.003  0.002  0.006  0.010
   1.05657      4.873284  0.002  0.008  0.011  0.021
   1.02835      4.847228  0.002  0.011  0.032  0.046
   1.00013      4.788645  0.005  0.010  0.019  0.036
   0.97190      4.766541  0.009  0.009  0.006  0.024
   0.94368      4.796527  0.006  0.008  0.005  0.020
   0.91545      4.838211  0.003  0.008  0.020  0.030
   0.91545      4.838211  0.003  0.008  0.020  0.030
   0.89550      4.884333  0.004  0.010  0.018  0.032
   0.87554      4.881923  0.000  0.001  0.005  0.006
   0.85558      4.859595  0.000  0.000  0.003  0.005
   0.83562      4.830455  0.000  0.000  0.004  0.004
   0.81567      4.797561  0.000  0.000  0.006  0.008
   0.79571      4.778257  0.000  0.008  0.024  0.037
   0.77575      4.823895  0.002  0.018  0.018  0.036
   0.75579      4.892350  0.002  0.016  0.018  0.036
   0.73584      4.963225  0.001  0.015  0.018  0.035
   0.71588      4.938261  0.004  0.013  0.046  0.064
   0.69592      4.912925  0.004  0.010  0.042  0.060
   0.67596      4.905478  0.002  0.002  0.042  0.050
   0.65600      4.928458  0.004  0.002  0.052  0.058
   0.63605      4.957880  0.004  0.002  0.060  0.066
   0.61609      4.992354  0.004  0.002  0.065  0.070
   0.59613      5.028152  0.002  0.000  0.070  0.075
   0.57617      5.060617  0.002  0.000  0.071  0.073
   0.55622      5.084156  0.000  0.000  0.074  0.076
   0.53626      5.092947  0.000  0.000  0.075  0.075
   0.53626      5.092947  0.000  0.000  0.075  0.075
   0.50804      5.136653  0.000  0.016  0.054  0.069
   0.47981      5.102244  0.000  0.002  0.002  0.006
   0.45159      5.115022  0.004  0.004  0.058  0.066
   0.42336      5.093086  0.004  0.004  0.048  0.056
   0.39514      5.072799  0.008  0.010  0.020  0.038
   0.36691      5.017015  0.012  0.010  0.026  0.048
   0.33869      4.990926  0.016  0.012  0.030  0.060
   0.31047      5.027512  0.012  0.012  0.016  0.040
   0.28224      5.098259  0.000  0.008  0.028  0.034
   0.25402      5.049888  0.000  0.008  0.028  0.036
   0.22579      5.056431  0.004  0.002  0.012  0.018
   0.19757      5.047084  0.002  0.006  0.026  0.035
   0.16935      5.012317  0.000  0.010  0.040  0.050
   0.14112      5.020197  0.000  0.034  0.059  0.094
   0.11290      5.076755  0.000  0.034  0.070  0.104
   0.08467      5.045143  0.000  0.020  0.036  0.056
   0.05645      5.060104  0.000  0.012  0.066  0.079
   0.02822      5.089367  0.000  0.018  0.091  0.110
   0.00000      5.093199  0.000  0.018  0.116  0.134
 
# Band-Index:  163
   0.00000      5.100029  0.000  0.019  0.116  0.136
   0.02822      5.099012  0.000  0.018  0.112  0.131
   0.05645      5.108074  0.000  0.024  0.102  0.124
   0.08467      5.105306  0.000  0.028  0.090  0.118
   0.11290      5.103561  0.000  0.024  0.030  0.054
   0.14112      5.177443  0.000  0.026  0.028  0.056
   0.16935      5.202671  0.004  0.020  0.042  0.068
   0.19757      5.184366  0.004  0.012  0.042  0.060
   0.22579      5.171451  0.004  0.006  0.038  0.050
   0.25402      5.168592  0.002  0.002  0.034  0.040
   0.28224      5.105746  0.008  0.010  0.013  0.032
   0.31047      5.151111  0.000  0.008  0.026  0.032
   0.33869      5.144182  0.002  0.008  0.038  0.050
   0.36691      5.114843  0.002  0.010  0.048  0.060
   0.39514      5.099497  0.002  0.010  0.042  0.054
   0.42336      5.129613  0.008  0.010  0.018  0.038
   0.45159      5.167323  0.006  0.008  0.014  0.028
   0.47981      5.154444  0.002  0.000  0.060  0.062
   0.50804      5.146041  0.001  0.016  0.041  0.062
   0.53626      5.163009  0.002  0.020  0.006  0.028
   0.53626      5.163009  0.002  0.020  0.006  0.028
   0.55622      5.164052  0.002  0.018  0.004  0.026
   0.57617      5.163872  0.000  0.014  0.002  0.020
   0.59613      5.158981  0.000  0.012  0.001  0.014
   0.61609      5.147691  0.000  0.008  0.000  0.008
   0.63605      5.130046  0.000  0.004  0.000  0.006
   0.65600      5.106681  0.000  0.002  0.002  0.006
   0.67596      5.078376  0.000  0.002  0.002  0.004
   0.69592      5.046112  0.000  0.002  0.004  0.006
   0.71588      5.011154  0.000  0.000  0.004  0.006
   0.73584      4.965671  0.003  0.015  0.049  0.068
   0.75579      4.941709  0.000  0.002  0.004  0.006
   0.77575      4.912107  0.000  0.002  0.004  0.006
   0.79571      4.890254  0.000  0.000  0.006  0.008
   0.81567      4.878457  0.000  0.000  0.006  0.008
   0.83562      4.876940  0.000  0.002  0.010  0.010
   0.85558      4.884624  0.000  0.004  0.013  0.018
   0.87554      4.883429  0.000  0.005  0.016  0.021
   0.89550      4.894675  0.000  0.002  0.007  0.009
   0.91545      4.898890  0.000  0.002  0.006  0.008
   0.91545      4.898890  0.000  0.002  0.006  0.008
   0.94368      4.947468  0.001  0.005  0.015  0.022
   0.97190      4.986953  0.002  0.009  0.020  0.031
   1.00013      4.976099  0.002  0.008  0.013  0.023
   1.02835      4.935593  0.004  0.005  0.005  0.014
   1.05657      4.911310  0.002  0.008  0.025  0.035
   1.08480      4.931847  0.000  0.010  0.033  0.042
   1.11302      4.939024  0.000  0.009  0.035  0.043
   1.14125      4.951277  0.002  0.008  0.042  0.053
   1.16947      4.971287  0.004  0.016  0.042  0.063
   1.19769      5.004784  0.004  0.032  0.037  0.073
   1.22592      5.075799  0.001  0.026  0.039  0.066
   1.25414      5.141028  0.001  0.017  0.033  0.051
   1.28237      5.199528  0.001  0.013  0.022  0.037
   1.31059      5.209762  0.001  0.017  0.042  0.061
   1.33882      5.189253  0.002  0.017  0.038  0.056
   1.36704      5.192960  0.002  0.017  0.040  0.056
   1.39526      5.171370  0.003  0.019  0.052  0.073
   1.42349      5.134299  0.006  0.019  0.045  0.070
   1.45171      5.118240  0.008  0.022  0.040  0.071
   1.45171      5.118240  0.008  0.022  0.040  0.071
   1.47167      5.088531  0.000  0.004  0.027  0.030
   1.49163      5.125934  0.000  0.004  0.030  0.036
   1.51159      5.122053  0.006  0.012  0.018  0.034
   1.53154      5.099839  0.000  0.010  0.098  0.105
   1.55150      5.154055  0.000  0.006  0.098  0.104
   1.57146      5.207215  0.000  0.004  0.102  0.106
   1.59142      5.246231  0.000  0.000  0.104  0.106
   1.61137      5.265675  0.000  0.000  0.090  0.092
   1.63133      5.240023  0.002  0.016  0.044  0.066
   1.65129      5.174847  0.004  0.014  0.041  0.060
   1.67125      5.108917  0.004  0.010  0.042  0.056
   1.69120      5.080667  0.000  0.006  0.130  0.137
   1.71116      5.081225  0.000  0.007  0.130  0.140
   1.73112      5.098010  0.002  0.018  0.033  0.052
   1.75108      5.114727  0.000  0.015  0.032  0.050
   1.77103      5.119887  0.000  0.011  0.038  0.049
   1.79099      5.094570  0.002  0.004  0.046  0.052
   1.81095      5.098409  0.000  0.019  0.117  0.135
   1.83091      5.100029  0.000  0.019  0.116  0.136
 
# Band-Index:  164
   1.83091      5.137451  0.000  0.012  0.018  0.034
   1.81095      5.139036  0.000  0.013  0.018  0.032
   1.79099      5.147110  0.000  0.018  0.010  0.029
   1.77103      5.134380  0.005  0.019  0.040  0.065
   1.75108      5.123682  0.004  0.018  0.048  0.072
   1.73112      5.133225  0.004  0.018  0.052  0.072
   1.71116      5.154562  0.006  0.014  0.050  0.068
   1.69120      5.183917  0.006  0.012  0.047  0.062
   1.67125      5.219735  0.006  0.008  0.040  0.056
   1.65129      5.259082  0.008  0.008  0.034  0.052
   1.63133      5.276459  0.000  0.000  0.068  0.068
   1.61137      5.291029  0.004  0.027  0.048  0.078
   1.59142      5.297004  0.004  0.031  0.044  0.080
   1.57146      5.279307  0.006  0.026  0.042  0.072
   1.55150      5.234079  0.010  0.016  0.040  0.064
   1.53154      5.199685  0.008  0.016  0.048  0.072
   1.51159      5.170739  0.000  0.004  0.031  0.036
   1.49163      5.146844  0.006  0.018  0.034  0.062
   1.47167      5.139450  0.006  0.022  0.040  0.072
   1.45171      5.118390  0.008  0.022  0.040  0.072
   1.45171      5.118390  0.008  0.022  0.040  0.072
   1.42349      5.134393  0.006  0.019  0.045  0.070
   1.39526      5.171419  0.003  0.019  0.052  0.074
   1.36704      5.193333  0.002  0.017  0.039  0.056
   1.33882      5.189634  0.002  0.016  0.038  0.056
   1.31059      5.210224  0.001  0.016  0.043  0.060
   1.28237      5.200025  0.001  0.013  0.022  0.038
   1.25414      5.141307  0.001  0.017  0.033  0.051
   1.22592      5.075857  0.001  0.026  0.039  0.066
   1.19769      5.005419  0.004  0.033  0.036  0.074
   1.16947      4.972279  0.004  0.016  0.042  0.062
   1.14125      4.952361  0.002  0.008  0.042  0.053
   1.11302      4.940199  0.000  0.009  0.035  0.043
   1.08480      4.932997  0.000  0.010  0.033  0.041
   1.05657      4.912252  0.002  0.008  0.025  0.035
   1.02835      4.935621  0.004  0.005  0.004  0.014
   1.00013      4.976102  0.002  0.008  0.013  0.023
   0.97190      4.987076  0.002  0.009  0.020  0.031
   0.94368      4.947743  0.001  0.005  0.015  0.022
   0.91545      4.899364  0.000  0.002  0.006  0.008
   0.91545      4.899364  0.000  0.002  0.006  0.008
   0.89550      4.895407  0.000  0.002  0.005  0.007
   0.87554      4.909169  0.002  0.016  0.040  0.056
   0.85558      4.925811  0.008  0.008  0.034  0.048
   0.83562      4.991480  0.008  0.010  0.028  0.044
   0.81567      5.058104  0.008  0.008  0.022  0.039
   0.79571      5.056483  0.002  0.020  0.056  0.078
   0.77575      5.025361  0.002  0.020  0.054  0.076
   0.75579      4.994816  0.002  0.016  0.052  0.072
   0.73584      4.976105  0.000  0.002  0.002  0.004
   0.71588      5.037394  0.000  0.018  0.014  0.032
   0.69592      5.112750  0.000  0.018  0.014  0.032
   0.67596      5.187973  0.002  0.006  0.042  0.052
   0.65600      5.243601  0.002  0.006  0.034  0.042
   0.63605      5.285318  0.002  0.026  0.030  0.056
   0.61609      5.265333  0.002  0.024  0.024  0.046
   0.59613      5.247769  0.002  0.018  0.018  0.038
   0.57617      5.234119  0.002  0.014  0.013  0.028
   0.55622      5.217651  0.002  0.004  0.031  0.037
   0.53626      5.200757  0.002  0.022  0.018  0.042
   0.53626      5.200757  0.002  0.022  0.018  0.042
   0.50804      5.158762  0.000  0.013  0.004  0.016
   0.47981      5.208877  0.002  0.028  0.022  0.054
   0.45159      5.221611  0.002  0.026  0.018  0.048
   0.42336      5.242654  0.004  0.024  0.018  0.046
   0.39514      5.277185  0.006  0.020  0.016  0.044
   0.36691      5.270613  0.000  0.006  0.022  0.030
   0.33869      5.208603  0.000  0.006  0.024  0.030
   0.31047      5.169025  0.004  0.002  0.028  0.034
   0.28224      5.171581  0.002  0.000  0.028  0.034
   0.25402      5.193296  0.000  0.012  0.030  0.042
   0.22579      5.195706  0.002  0.018  0.034  0.054
   0.19757      5.249911  0.006  0.014  0.014  0.034
   0.16935      5.260285  0.000  0.032  0.026  0.058
   0.14112      5.211157  0.004  0.026  0.046  0.079
   0.11290      5.200453  0.004  0.026  0.058  0.088
   0.08467      5.177772  0.002  0.021  0.066  0.091
   0.05645      5.154744  0.000  0.018  0.065  0.083
   0.02822      5.140304  0.000  0.014  0.042  0.058
   0.00000      5.137451  0.000  0.012  0.018  0.034
 
# Band-Index:  165
   0.00000      5.221631  0.008  0.010  0.033  0.050
   0.02822      5.232213  0.008  0.010  0.034  0.050
   0.05645      5.258813  0.008  0.008  0.034  0.048
   0.08467      5.292552  0.008  0.008  0.030  0.046
   0.11290      5.327846  0.008  0.008  0.028  0.046
   0.14112      5.353061  0.010  0.008  0.022  0.041
   0.16935      5.324869  0.008  0.008  0.010  0.030
   0.19757      5.345612  0.000  0.038  0.027  0.066
   0.22579      5.331930  0.006  0.010  0.014  0.028
   0.25402      5.245858  0.006  0.018  0.018  0.043
   0.28224      5.287124  0.000  0.020  0.032  0.052
   0.31047      5.351805  0.000  0.020  0.032  0.052
   0.33869      5.346938  0.004  0.006  0.058  0.070
   0.36691      5.339111  0.008  0.016  0.022  0.046
   0.39514      5.335276  0.000  0.004  0.024  0.028
   0.42336      5.367034  0.000  0.012  0.040  0.050
   0.45159      5.252166  0.000  0.008  0.024  0.032
   0.47981      5.211129  0.000  0.019  0.047  0.066
   0.50804      5.181956  0.002  0.002  0.050  0.054
   0.53626      5.202840  0.000  0.002  0.050  0.054
   0.53626      5.202840  0.000  0.002  0.050  0.054
   0.55622      5.220323  0.002  0.020  0.022  0.045
   0.57617      5.258233  0.002  0.020  0.028  0.046
   0.59613      5.297335  0.002  0.018  0.028  0.048
   0.61609      5.331024  0.006  0.018  0.026  0.052
   0.63605      5.304284  0.000  0.004  0.032  0.036
   0.65600      5.267049  0.000  0.020  0.012  0.034
   0.67596      5.189666  0.000  0.018  0.014  0.034
   0.69592      5.142339  0.004  0.008  0.050  0.062
   0.71588      5.110495  0.006  0.008  0.056  0.070
   0.73584      5.093304  0.006  0.006  0.060  0.072
   0.75579      5.087520  0.008  0.004  0.062  0.072
   0.77575      5.087630  0.008  0.002  0.060  0.068
   0.79571      5.087115  0.008  0.002  0.054  0.064
   0.81567      5.076845  0.008  0.002  0.046  0.056
   0.83562      5.046419  0.006  0.006  0.034  0.048
   0.85558      4.996747  0.007  0.008  0.026  0.040
   0.87554      4.939467  0.006  0.010  0.022  0.038
   0.89550      4.951542  0.002  0.020  0.046  0.068
   0.91545      4.997667  0.002  0.021  0.049  0.072
   0.91545      4.997667  0.002  0.021  0.049  0.072
   0.94368      5.005909  0.002  0.019  0.047  0.070
   0.97190      5.028786  0.001  0.013  0.042  0.056
   1.00013      5.054703  0.001  0.011  0.039  0.053
   1.02835      5.071497  0.001  0.011  0.043  0.055
   1.05657      5.092923  0.002  0.012  0.043  0.059
   1.08480      5.135129  0.001  0.017  0.043  0.062
   1.11302      5.170363  0.009  0.014  0.034  0.060
   1.14125      5.169076  0.013  0.008  0.031  0.054
   1.16947      5.175110  0.011  0.004  0.032  0.048
   1.19769      5.197627  0.007  0.006  0.039  0.053
   1.22592      5.221419  0.004  0.011  0.045  0.059
   1.25414      5.238973  0.002  0.016  0.052  0.069
   1.28237      5.239265  0.001  0.016  0.059  0.076
   1.31059      5.263833  0.000  0.009  0.036  0.045
   1.33882      5.283641  0.001  0.017  0.054  0.072
   1.36704      5.224426  0.002  0.014  0.054  0.073
   1.39526      5.218241  0.002  0.012  0.043  0.057
   1.42349      5.240455  0.003  0.012  0.044  0.061
   1.45171      5.249702  0.003  0.014  0.042  0.061
   1.45171      5.249702  0.003  0.014  0.042  0.061
   1.47167      5.214423  0.002  0.014  0.052  0.068
   1.49163      5.194317  0.004  0.016  0.056  0.076
   1.51159      5.188087  0.006  0.018  0.055  0.077
   1.53154      5.220632  0.000  0.004  0.028  0.034
   1.55150      5.258641  0.004  0.024  0.042  0.070
   1.57146      5.286896  0.008  0.018  0.032  0.057
   1.59142      5.324401  0.008  0.012  0.025  0.045
   1.61137      5.320247  0.008  0.012  0.026  0.045
   1.63133      5.295662  0.010  0.008  0.028  0.047
   1.65129      5.290089  0.000  0.000  0.043  0.044
   1.67125      5.310705  0.000  0.000  0.029  0.030
   1.69120      5.337521  0.000  0.000  0.019  0.021
   1.71116      5.360071  0.000  0.000  0.019  0.019
   1.73112      5.349334  0.004  0.006  0.019  0.026
   1.75108      5.266810  0.002  0.008  0.018  0.030
   1.77103      5.191495  0.002  0.012  0.014  0.028
   1.79099      5.165717  0.006  0.016  0.033  0.057
   1.81095      5.202618  0.006  0.010  0.034  0.052
   1.83091      5.221631  0.008  0.010  0.033  0.050
 
# Band-Index:  166
   1.83091      5.349374  0.000  0.002  0.003  0.006
   1.81095      5.348174  0.000  0.002  0.004  0.006
   1.79099      5.345507  0.000  0.000  0.006  0.008
   1.77103      5.343606  0.000  0.000  0.010  0.010
   1.75108      5.344756  0.000  0.000  0.012  0.012
   1.73112      5.350259  0.000  0.000  0.016  0.016
   1.71116      5.368052  0.000  0.000  0.016  0.018
   1.69120      5.373030  0.000  0.002  0.019  0.023
   1.67125      5.386979  0.000  0.002  0.018  0.022
   1.65129      5.387390  0.012  0.020  0.036  0.068
   1.63133      5.368788  0.010  0.016  0.036  0.064
   1.61137      5.360686  0.010  0.010  0.040  0.059
   1.59142      5.366724  0.000  0.004  0.008  0.010
   1.57146      5.323736  0.000  0.002  0.014  0.018
   1.55150      5.272938  0.000  0.004  0.022  0.026
   1.53154      5.240098  0.004  0.020  0.038  0.064
   1.51159      5.231282  0.002  0.016  0.030  0.046
   1.49163      5.256021  0.000  0.006  0.012  0.018
   1.47167      5.293521  0.002  0.010  0.030  0.042
   1.45171      5.250007  0.003  0.015  0.042  0.061
   1.45171      5.250007  0.003  0.015  0.042  0.061
   1.42349      5.240734  0.003  0.013  0.044  0.061
   1.39526      5.218458  0.002  0.012  0.043  0.056
   1.36704      5.224448  0.002  0.014  0.054  0.073
   1.33882      5.283786  0.001  0.017  0.054  0.072
   1.31059      5.263863  0.000  0.009  0.036  0.045
   1.28237      5.239472  0.001  0.016  0.059  0.076
   1.25414      5.239200  0.002  0.016  0.050  0.069
   1.22592      5.221805  0.004  0.012  0.046  0.061
   1.19769      5.198377  0.007  0.006  0.039  0.052
   1.16947      5.175857  0.011  0.004  0.032  0.049
   1.14125      5.169541  0.013  0.008  0.030  0.053
   1.11302      5.170388  0.009  0.014  0.034  0.060
   1.08480      5.135182  0.001  0.017  0.043  0.062
   1.05657      5.093355  0.002  0.012  0.043  0.059
   1.02835      5.072160  0.001  0.011  0.043  0.055
   1.00013      5.055356  0.001  0.011  0.039  0.053
   0.97190      5.029256  0.001  0.013  0.041  0.056
   0.94368      5.006138  0.002  0.019  0.047  0.070
   0.91545      4.997840  0.002  0.021  0.049  0.072
   0.91545      4.997840  0.002  0.021  0.049  0.072
   0.89550      5.044593  0.002  0.022  0.050  0.074
   0.87554      5.088585  0.002  0.024  0.054  0.080
   0.85558      5.117551  0.000  0.024  0.060  0.083
   0.83562      5.111948  0.000  0.022  0.056  0.080
   0.81567      5.086685  0.000  0.020  0.054  0.078
   0.79571      5.123121  0.010  0.010  0.016  0.036
   0.77575      5.183634  0.010  0.014  0.011  0.036
   0.75579      5.236005  0.012  0.016  0.008  0.034
   0.73584      5.278558  0.012  0.020  0.006  0.036
   0.71588      5.312944  0.014  0.018  0.006  0.038
   0.69592      5.337893  0.002  0.026  0.044  0.070
   0.67596      5.323067  0.002  0.026  0.038  0.066
   0.65600      5.305450  0.002  0.024  0.032  0.059
   0.63605      5.341299  0.000  0.022  0.010  0.032
   0.61609      5.362820  0.000  0.002  0.026  0.029
   0.59613      5.329124  0.000  0.018  0.071  0.091
   0.57617      5.281117  0.000  0.017  0.074  0.093
   0.55622      5.246600  0.000  0.018  0.057  0.074
   0.53626      5.231585  0.000  0.004  0.087  0.091
   0.53626      5.231585  0.000  0.004  0.087  0.091
   0.50804      5.223260  0.000  0.020  0.040  0.060
   0.47981      5.211676  0.000  0.022  0.043  0.065
   0.45159      5.293939  0.000  0.022  0.040  0.062
   0.42336      5.379855  0.000  0.026  0.034  0.062
   0.39514      5.400477  0.002  0.004  0.053  0.060
   0.36691      5.360592  0.002  0.004  0.044  0.050
   0.33869      5.409309  0.002  0.022  0.025  0.048
   0.31047      5.383817  0.004  0.010  0.055  0.068
   0.28224      5.450893  0.004  0.014  0.042  0.064
   0.25402      5.464896  0.000  0.035  0.040  0.075
   0.22579      5.426179  0.000  0.035  0.041  0.075
   0.19757      5.395288  0.000  0.032  0.040  0.074
   0.16935      5.374149  0.000  0.032  0.040  0.068
   0.14112      5.362153  0.000  0.030  0.036  0.065
   0.11290      5.356937  0.000  0.028  0.032  0.060
   0.08467      5.355635  0.000  0.028  0.030  0.056
   0.05645      5.355918  0.000  0.027  0.024  0.052
   0.02822      5.356439  0.000  0.028  0.020  0.050
   0.00000      5.349374  0.000  0.002  0.003  0.006
 
# Band-Index:  167
   0.00000      5.356653  0.000  0.028  0.020  0.048
   0.02822      5.364412  0.000  0.002  0.003  0.008
   0.05645      5.401815  0.000  0.004  0.006  0.010
   0.08467      5.449146  0.002  0.010  0.009  0.023
   0.11290      5.438053  0.000  0.001  0.018  0.022
   0.14112      5.432246  0.000  0.002  0.020  0.024
   0.16935      5.447462  0.002  0.006  0.025  0.035
   0.19757      5.433271  0.003  0.010  0.022  0.038
   0.22579      5.427876  0.000  0.046  0.030  0.078
   0.25402      5.496724  0.008  0.028  0.028  0.066
   0.28224      5.506265  0.000  0.033  0.038  0.070
   0.31047      5.524757  0.008  0.018  0.012  0.040
   0.33869      5.430897  0.008  0.016  0.009  0.034
   0.36691      5.433151  0.002  0.016  0.022  0.042
   0.39514      5.446694  0.002  0.010  0.028  0.042
   0.42336      5.382502  0.000  0.004  0.020  0.022
   0.45159      5.294310  0.000  0.023  0.039  0.063
   0.47981      5.254318  0.004  0.012  0.034  0.050
   0.50804      5.267444  0.002  0.008  0.056  0.068
   0.53626      5.239212  0.000  0.014  0.037  0.053
   0.53626      5.239212  0.000  0.014  0.037  0.053
   0.55622      5.250841  0.000  0.007  0.084  0.091
   0.57617      5.293513  0.000  0.011  0.083  0.095
   0.59613      5.341929  0.000  0.013  0.083  0.098
   0.61609      5.369375  0.000  0.024  0.048  0.072
   0.63605      5.354119  0.010  0.018  0.022  0.052
   0.65600      5.362827  0.012  0.022  0.016  0.050
   0.67596      5.357195  0.014  0.020  0.010  0.046
   0.69592      5.339706  0.014  0.022  0.006  0.042
   0.71588      5.349949  0.002  0.024  0.046  0.073
   0.73584      5.359694  0.002  0.026  0.050  0.076
   0.75579      5.323717  0.002  0.018  0.030  0.050
   0.77575      5.287253  0.002  0.020  0.032  0.054
   0.79571      5.264842  0.002  0.020  0.036  0.057
   0.81567      5.255022  0.002  0.018  0.040  0.057
   0.83562      5.232935  0.002  0.012  0.028  0.040
   0.85558      5.209471  0.002  0.008  0.020  0.028
   0.87554      5.221774  0.000  0.004  0.016  0.020
   0.89550      5.251392  0.000  0.000  0.013  0.014
   0.91545      5.285390  0.000  0.000  0.008  0.008
   0.91545      5.285390  0.000  0.000  0.008  0.008
   0.94368      5.247977  0.001  0.002  0.020  0.024
   0.97190      5.219227  0.000  0.006  0.027  0.034
   1.00013      5.217436  0.001  0.011  0.041  0.053
   1.02835      5.226608  0.003  0.015  0.048  0.066
   1.05657      5.228504  0.007  0.016  0.048  0.071
   1.08480      5.221271  0.008  0.013  0.049  0.070
   1.11302      5.230179  0.003  0.016  0.055  0.073
   1.14125      5.247548  0.003  0.022  0.058  0.082
   1.16947      5.231320  0.004  0.021  0.055  0.081
   1.19769      5.227478  0.003  0.021  0.048  0.073
   1.22592      5.261494  0.002  0.022  0.041  0.066
   1.25414      5.306317  0.001  0.021  0.043  0.066
   1.28237      5.326438  0.000  0.016  0.048  0.065
   1.31059      5.329804  0.000  0.015  0.038  0.053
   1.33882      5.315715  0.001  0.010  0.027  0.039
   1.36704      5.349300  0.000  0.012  0.067  0.080
   1.39526      5.368207  0.001  0.017  0.073  0.091
   1.42349      5.381123  0.001  0.019  0.045  0.066
   1.45171      5.386366  0.001  0.017  0.031  0.050
   1.45171      5.386366  0.001  0.017  0.031  0.050
   1.47167      5.337615  0.002  0.006  0.012  0.022
   1.49163      5.333353  0.002  0.024  0.028  0.054
   1.51159      5.320156  0.002  0.021  0.022  0.050
   1.53154      5.319203  0.004  0.022  0.020  0.044
   1.55150      5.326583  0.004  0.020  0.016  0.042
   1.57146      5.338798  0.006  0.022  0.014  0.042
   1.59142      5.375685  0.006  0.027  0.018  0.048
   1.61137      5.394233  0.000  0.004  0.006  0.010
   1.63133      5.403334  0.000  0.004  0.012  0.014
   1.65129      5.398711  0.000  0.004  0.016  0.021
   1.67125      5.406261  0.012  0.020  0.034  0.068
   1.69120      5.422118  0.014  0.018  0.030  0.065
   1.71116      5.418352  0.008  0.008  0.026  0.042
   1.73112      5.399752  0.000  0.002  0.016  0.018
   1.75108      5.430543  0.000  0.002  0.018  0.020
   1.77103      5.458634  0.000  0.004  0.019  0.022
   1.79099      5.417664  0.002  0.022  0.020  0.044
   1.81095      5.376595  0.000  0.024  0.020  0.048
   1.83091      5.356653  0.000  0.028  0.020  0.048
 
# Band-Index:  168
   1.83091      5.477256  0.028  0.026  0.018  0.074
   1.81095      5.478040  0.028  0.026  0.018  0.072
   1.79099      5.479483  0.028  0.028  0.016  0.074
   1.77103      5.462061  0.002  0.019  0.021  0.043
   1.75108      5.475086  0.022  0.030  0.020  0.075
   1.73112      5.467645  0.020  0.030  0.022  0.074
   1.71116      5.473052  0.010  0.026  0.022  0.058
   1.69120      5.538664  0.002  0.016  0.022  0.044
   1.67125      5.552272  0.000  0.028  0.016  0.046
   1.65129      5.548993  0.000  0.031  0.014  0.046
   1.63133      5.524842  0.006  0.028  0.014  0.050
   1.61137      5.449010  0.008  0.026  0.018  0.052
   1.59142      5.390812  0.006  0.006  0.052  0.063
   1.57146      5.432964  0.004  0.010  0.062  0.072
   1.55150      5.442743  0.000  0.008  0.054  0.062
   1.53154      5.458707  0.002  0.012  0.064  0.078
   1.51159      5.422906  0.004  0.014  0.048  0.064
   1.49163      5.367325  0.002  0.014  0.039  0.058
   1.47167      5.358583  0.002  0.024  0.036  0.061
   1.45171      5.386470  0.001  0.017  0.030  0.050
   1.45171      5.386470  0.001  0.017  0.030  0.050
   1.42349      5.381306  0.001  0.019  0.045  0.066
   1.39526      5.368478  0.001  0.017  0.073  0.091
   1.36704      5.349414  0.000  0.012  0.066  0.079
   1.33882      5.315774  0.001  0.011  0.027  0.039
   1.31059      5.330057  0.000  0.015  0.038  0.053
   1.28237      5.326681  0.000  0.016  0.048  0.065
   1.25414      5.306471  0.001  0.021  0.042  0.066
   1.22592      5.261555  0.002  0.023  0.041  0.065
   1.19769      5.227826  0.003  0.021  0.048  0.073
   1.16947      5.231780  0.004  0.021  0.055  0.081
   1.14125      5.247961  0.003  0.022  0.058  0.082
   1.11302      5.230314  0.003  0.015  0.056  0.074
   1.08480      5.221528  0.008  0.013  0.049  0.071
   1.05657      5.228520  0.007  0.016  0.048  0.071
   1.02835      5.226798  0.003  0.015  0.048  0.066
   1.00013      5.217811  0.001  0.011  0.041  0.053
   0.97190      5.219799  0.000  0.006  0.028  0.035
   0.94368      5.248661  0.001  0.002  0.020  0.025
   0.91545      5.286494  0.000  0.000  0.008  0.008
   0.91545      5.286494  0.000  0.000  0.008  0.008
   0.89550      5.282606  0.002  0.008  0.032  0.042
   0.87554      5.262927  0.004  0.008  0.030  0.040
   0.85558      5.249225  0.002  0.010  0.028  0.042
   0.83562      5.250939  0.004  0.014  0.024  0.042
   0.81567      5.275670  0.002  0.014  0.032  0.048
   0.79571      5.320704  0.000  0.012  0.036  0.048
   0.77575      5.360098  0.000  0.008  0.034  0.042
   0.75579      5.367547  0.002  0.024  0.050  0.076
   0.73584      5.372587  0.002  0.016  0.028  0.046
   0.71588      5.413880  0.000  0.004  0.018  0.024
   0.69592      5.418141  0.000  0.006  0.018  0.026
   0.67596      5.418721  0.000  0.006  0.022  0.029
   0.65600      5.415722  0.000  0.008  0.028  0.036
   0.63605      5.407501  0.000  0.009  0.041  0.051
   0.61609      5.384886  0.000  0.012  0.076  0.088
   0.59613      5.405544  0.000  0.002  0.028  0.031
   0.57617      5.400245  0.001  0.010  0.020  0.030
   0.55622      5.394149  0.002  0.010  0.020  0.031
   0.53626      5.391967  0.002  0.010  0.022  0.032
   0.53626      5.391967  0.002  0.010  0.022  0.032
   0.50804      5.379169  0.006  0.012  0.026  0.044
   0.47981      5.415701  0.002  0.012  0.049  0.064
   0.45159      5.478404  0.000  0.006  0.060  0.072
   0.42336      5.441667  0.000  0.028  0.012  0.037
   0.39514      5.462174  0.000  0.029  0.031  0.060
   0.36691      5.527504  0.000  0.031  0.030  0.060
   0.33869      5.554922  0.000  0.030  0.032  0.062
   0.31047      5.541397  0.000  0.031  0.033  0.064
   0.28224      5.565054  0.000  0.070  0.038  0.108
   0.25402      5.502338  0.000  0.060  0.036  0.095
   0.22579      5.496514  0.010  0.040  0.022  0.074
   0.19757      5.481732  0.010  0.044  0.027  0.080
   0.16935      5.472292  0.012  0.042  0.029  0.084
   0.14112      5.474860  0.014  0.040  0.028  0.084
   0.11290      5.479767  0.016  0.038  0.024  0.076
   0.08467      5.450926  0.000  0.004  0.013  0.017
   0.05645      5.473234  0.000  0.008  0.008  0.016
   0.02822      5.479280  0.028  0.028  0.018  0.074
   0.00000      5.477256  0.028  0.026  0.018  0.074
 
# Band-Index:  169
   0.00000      5.505108  0.000  0.008  0.012  0.020
   0.02822      5.495682  0.000  0.010  0.010  0.020
   0.05645      5.484277  0.026  0.030  0.021  0.076
   0.08467      5.489826  0.022  0.030  0.026  0.076
   0.11290      5.510737  0.002  0.002  0.023  0.032
   0.14112      5.554118  0.000  0.030  0.090  0.119
   0.16935      5.526162  0.000  0.004  0.038  0.042
   0.19757      5.490733  0.002  0.005  0.021  0.027
   0.22579      5.532922  0.002  0.004  0.018  0.028
   0.25402      5.579576  0.002  0.004  0.018  0.026
   0.28224      5.596854  0.010  0.032  0.018  0.058
   0.31047      5.608582  0.000  0.074  0.036  0.110
   0.33869      5.559753  0.002  0.010  0.026  0.036
   0.36691      5.566916  0.000  0.050  0.027  0.075
   0.39514      5.489812  0.000  0.042  0.025  0.065
   0.42336      5.456422  0.001  0.002  0.062  0.067
   0.45159      5.496193  0.000  0.000  0.074  0.077
   0.47981      5.470363  0.002  0.006  0.061  0.069
   0.50804      5.428871  0.004  0.010  0.042  0.055
   0.53626      5.409304  0.004  0.010  0.034  0.050
   0.53626      5.409304  0.004  0.010  0.034  0.050
   0.55622      5.413496  0.004  0.010  0.036  0.048
   0.57617      5.418781  0.002  0.006  0.032  0.040
   0.59613      5.409622  0.000  0.010  0.019  0.029
   0.61609      5.425144  0.000  0.010  0.025  0.038
   0.63605      5.448254  0.000  0.005  0.098  0.103
   0.65600      5.490285  0.000  0.009  0.094  0.105
   0.67596      5.504439  0.000  0.014  0.026  0.040
   0.69592      5.479075  0.000  0.016  0.026  0.042
   0.71588      5.427484  0.000  0.016  0.028  0.046
   0.73584      5.404791  0.000  0.004  0.022  0.026
   0.75579      5.388135  0.000  0.006  0.026  0.032
   0.77575      5.373649  0.002  0.024  0.050  0.076
   0.79571      5.328180  0.002  0.020  0.016  0.038
   0.81567      5.277661  0.002  0.018  0.018  0.038
   0.83562      5.256037  0.002  0.014  0.042  0.060
   0.85558      5.265753  0.000  0.014  0.044  0.058
   0.87554      5.280862  0.000  0.012  0.044  0.058
   0.89550      5.295072  0.000  0.012  0.042  0.054
   0.91545      5.297090  0.002  0.007  0.037  0.047
   0.91545      5.297090  0.002  0.007  0.037  0.047
   0.94368      5.327275  0.000  0.009  0.030  0.039
   0.97190      5.346349  0.000  0.013  0.031  0.044
   1.00013      5.361429  0.003  0.013  0.022  0.041
   1.02835      5.376218  0.005  0.013  0.016  0.035
   1.05657      5.380826  0.007  0.014  0.019  0.038
   1.08480      5.368349  0.006  0.015  0.026  0.051
   1.11302      5.348080  0.005  0.015  0.032  0.052
   1.14125      5.367470  0.001  0.012  0.025  0.039
   1.16947      5.439547  0.000  0.011  0.022  0.034
   1.19769      5.487131  0.001  0.015  0.024  0.040
   1.22592      5.460922  0.002  0.020  0.031  0.052
   1.25414      5.445429  0.003  0.025  0.035  0.064
   1.28237      5.425534  0.001  0.028  0.059  0.088
   1.31059      5.368982  0.001  0.022  0.085  0.108
   1.33882      5.349364  0.001  0.014  0.072  0.087
   1.36704      5.362557  0.000  0.010  0.026  0.035
   1.39526      5.386405  0.001  0.003  0.013  0.019
   1.42349      5.409072  0.000  0.004  0.035  0.040
   1.45171      5.429727  0.001  0.007  0.015  0.023
   1.45171      5.429727  0.001  0.007  0.015  0.023
   1.47167      5.421304  0.000  0.006  0.097  0.102
   1.49163      5.420920  0.000  0.006  0.088  0.095
   1.51159      5.437150  0.000  0.006  0.086  0.093
   1.53154      5.463818  0.000  0.006  0.068  0.075
   1.55150      5.459826  0.002  0.010  0.068  0.080
   1.57146      5.434044  0.000  0.008  0.034  0.044
   1.59142      5.450264  0.000  0.010  0.016  0.024
   1.61137      5.497556  0.000  0.012  0.010  0.020
   1.63133      5.564521  0.004  0.025  0.024  0.054
   1.65129      5.605705  0.007  0.024  0.022  0.053
   1.67125      5.608549  0.008  0.020  0.032  0.058
   1.69120      5.555218  0.002  0.027  0.018  0.046
   1.71116      5.551556  0.002  0.023  0.018  0.046
   1.73112      5.534335  0.002  0.019  0.022  0.045
   1.75108      5.502725  0.002  0.018  0.021  0.043
   1.77103      5.479247  0.026  0.030  0.017  0.075
   1.79099      5.482219  0.000  0.006  0.018  0.024
   1.81095      5.498861  0.000  0.008  0.014  0.022
   1.83091      5.505108  0.000  0.008  0.012  0.020
 
# Band-Index:  170
   1.83091      5.610926  0.000  0.000  0.218  0.218
   1.81095      5.615615  0.000  0.002  0.216  0.217
   1.79099      5.616020  0.004  0.006  0.046  0.052
   1.77103      5.614533  0.004  0.004  0.046  0.054
   1.75108      5.615409  0.004  0.007  0.042  0.054
   1.73112      5.617977  0.004  0.012  0.038  0.056
   1.71116      5.619336  0.004  0.016  0.030  0.054
   1.69120      5.617025  0.004  0.018  0.026  0.051
   1.67125      5.612553  0.002  0.018  0.021  0.042
   1.65129      5.608106  0.009  0.027  0.020  0.056
   1.63133      5.566399  0.000  0.008  0.012  0.020
   1.61137      5.584898  0.002  0.027  0.023  0.054
   1.59142      5.569559  0.000  0.008  0.138  0.145
   1.57146      5.536148  0.000  0.006  0.120  0.126
   1.55150      5.500931  0.000  0.006  0.104  0.110
   1.53154      5.465955  0.000  0.006  0.090  0.096
   1.51159      5.486735  0.000  0.010  0.076  0.084
   1.49163      5.470783  0.002  0.024  0.046  0.074
   1.47167      5.435908  0.002  0.024  0.044  0.072
   1.45171      5.429732  0.001  0.007  0.015  0.024
   1.45171      5.429732  0.001  0.007  0.015  0.024
   1.42349      5.409148  0.000  0.004  0.035  0.040
   1.39526      5.386630  0.001  0.003  0.013  0.019
   1.36704      5.362614  0.000  0.009  0.025  0.034
   1.33882      5.349517  0.001  0.014  0.072  0.088
   1.31059      5.369192  0.001  0.022  0.084  0.109
   1.28237      5.425558  0.001  0.028  0.059  0.088
   1.25414      5.445769  0.003  0.025  0.035  0.064
   1.22592      5.461229  0.002  0.020  0.031  0.052
   1.19769      5.487304  0.001  0.015  0.024  0.040
   1.16947      5.439705  0.000  0.011  0.022  0.034
   1.14125      5.367835  0.001  0.012  0.025  0.039
   1.11302      5.348352  0.005  0.015  0.031  0.052
   1.08480      5.368508  0.006  0.015  0.028  0.050
   1.05657      5.380953  0.007  0.014  0.019  0.039
   1.02835      5.376264  0.005  0.014  0.016  0.035
   1.00013      5.361488  0.003  0.013  0.022  0.041
   0.97190      5.346520  0.000  0.013  0.031  0.044
   0.94368      5.327658  0.000  0.009  0.030  0.039
   0.91545      5.297205  0.002  0.007  0.037  0.047
   0.91545      5.297205  0.002  0.007  0.037  0.047
   0.89550      5.319766  0.000  0.002  0.008  0.010
   0.87554      5.347652  0.000  0.008  0.015  0.024
   0.85558      5.366253  0.000  0.014  0.024  0.042
   0.83562      5.375907  0.000  0.020  0.036  0.056
   0.81567      5.378983  0.000  0.022  0.042  0.066
   0.79571      5.377730  0.000  0.024  0.046  0.072
   0.77575      5.390567  0.002  0.022  0.016  0.038
   0.75579      5.455082  0.002  0.022  0.016  0.040
   0.73584      5.515775  0.002  0.024  0.018  0.040
   0.71588      5.568686  0.002  0.026  0.018  0.044
   0.69592      5.578078  0.000  0.018  0.081  0.100
   0.67596      5.536333  0.000  0.011  0.093  0.104
   0.65600      5.494807  0.002  0.014  0.016  0.034
   0.63605      5.457908  0.000  0.014  0.059  0.074
   0.61609      5.451436  0.000  0.002  0.060  0.064
   0.59613      5.458109  0.014  0.018  0.010  0.042
   0.57617      5.453397  0.016  0.017  0.012  0.048
   0.55622      5.450774  0.016  0.018  0.012  0.050
   0.53626      5.449920  0.016  0.018  0.012  0.050
   0.53626      5.449920  0.016  0.018  0.012  0.050
   0.50804      5.486915  0.012  0.016  0.016  0.044
   0.47981      5.547796  0.010  0.016  0.016  0.042
   0.45159      5.504888  0.000  0.012  0.010  0.022
   0.42336      5.484046  0.002  0.004  0.033  0.040
   0.39514      5.549549  0.000  0.002  0.020  0.024
   0.36691      5.572811  0.002  0.012  0.032  0.046
   0.33869      5.614020  0.000  0.066  0.028  0.094
   0.31047      5.608983  0.002  0.012  0.018  0.030
   0.28224      5.626863  0.003  0.004  0.016  0.025
   0.25402      5.628481  0.000  0.048  0.058  0.106
   0.22579      5.601975  0.000  0.044  0.064  0.108
   0.19757      5.580556  0.000  0.038  0.070  0.110
   0.16935      5.564286  0.000  0.034  0.080  0.114
   0.14112      5.560561  0.000  0.000  0.026  0.032
   0.11290      5.551372  0.000  0.027  0.102  0.129
   0.08467      5.557155  0.000  0.022  0.118  0.140
   0.05645      5.571757  0.000  0.016  0.137  0.154
   0.02822      5.593683  0.000  0.012  0.166  0.178
   0.00000      5.610926  0.000  0.000  0.218  0.218
 
# Band-Index:  171
   0.00000      5.618366  0.000  0.000  0.231  0.231
   0.02822      5.613249  0.000  0.002  0.219  0.222
   0.05645      5.600522  0.000  0.006  0.193  0.200
   0.08467      5.585327  0.000  0.012  0.163  0.176
   0.11290      5.572373  0.000  0.016  0.138  0.154
   0.14112      5.565514  0.000  0.019  0.115  0.136
   0.16935      5.568167  0.000  0.022  0.098  0.118
   0.19757      5.583405  0.000  0.021  0.079  0.102
   0.22579      5.613572  0.000  0.019  0.062  0.081
   0.25402      5.639939  0.004  0.028  0.028  0.062
   0.28224      5.660866  0.000  0.056  0.050  0.106
   0.31047      5.671665  0.002  0.008  0.016  0.026
   0.33869      5.705929  0.002  0.010  0.020  0.032
   0.36691      5.717987  0.002  0.004  0.043  0.052
   0.39514      5.623921  0.002  0.018  0.022  0.044
   0.42336      5.583476  0.002  0.018  0.046  0.066
   0.45159      5.577841  0.002  0.014  0.022  0.039
   0.47981      5.589406  0.000  0.010  0.010  0.018
   0.50804      5.660238  0.000  0.004  0.002  0.008
   0.53626      5.643961  0.000  0.004  0.002  0.008
   0.53626      5.643962  0.000  0.004  0.002  0.008
   0.55622      5.647064  0.000  0.004  0.002  0.008
   0.57617      5.597801  0.000  0.008  0.036  0.048
   0.59613      5.521209  0.000  0.008  0.038  0.046
   0.61609      5.465877  0.010  0.016  0.012  0.038
   0.63605      5.478307  0.006  0.016  0.012  0.034
   0.65600      5.500006  0.000  0.015  0.076  0.092
   0.67596      5.541119  0.000  0.016  0.082  0.098
   0.69592      5.582435  0.000  0.012  0.092  0.104
   0.71588      5.593545  0.002  0.038  0.020  0.060
   0.73584      5.549648  0.004  0.030  0.020  0.052
   0.75579      5.505270  0.006  0.026  0.014  0.044
   0.77575      5.470915  0.006  0.020  0.010  0.037
   0.79571      5.448397  0.006  0.018  0.012  0.034
   0.81567      5.434463  0.006  0.016  0.016  0.038
   0.83562      5.426537  0.006  0.020  0.022  0.046
   0.85558      5.424162  0.004  0.024  0.032  0.060
   0.87554      5.427667  0.004  0.030  0.040  0.073
   0.89550      5.437173  0.002  0.035  0.049  0.088
   0.91545      5.426385  0.004  0.014  0.019  0.037
   0.91545      5.426385  0.004  0.014  0.019  0.037
   0.94368      5.431795  0.005  0.013  0.022  0.041
   0.97190      5.449373  0.006  0.012  0.031  0.048
   1.00013      5.464912  0.005  0.016  0.048  0.067
   1.02835      5.477154  0.003  0.020  0.058  0.082
   1.05657      5.494699  0.003  0.023  0.056  0.081
   1.08480      5.525339  0.004  0.021  0.043  0.066
   1.11302      5.560599  0.004  0.017  0.032  0.053
   1.14125      5.566149  0.003  0.016  0.028  0.048
   1.16947      5.542596  0.002  0.019  0.030  0.051
   1.19769      5.522228  0.001  0.012  0.044  0.057
   1.22592      5.553611  0.000  0.008  0.048  0.056
   1.25414      5.572999  0.000  0.012  0.042  0.055
   1.28237      5.566385  0.004  0.017  0.027  0.050
   1.31059      5.600327  0.003  0.018  0.036  0.058
   1.33882      5.599364  0.002  0.016  0.040  0.060
   1.36704      5.555052  0.001  0.012  0.048  0.060
   1.39526      5.507897  0.001  0.012  0.057  0.070
   1.42349      5.466215  0.001  0.008  0.069  0.079
   1.45171      5.437328  0.000  0.007  0.106  0.113
   1.45171      5.437328  0.000  0.007  0.106  0.113
   1.47167      5.464326  0.000  0.007  0.112  0.119
   1.49163      5.490027  0.000  0.008  0.098  0.106
   1.51159      5.502578  0.002  0.026  0.040  0.070
   1.53154      5.533764  0.004  0.028  0.026  0.060
   1.55150      5.566637  0.008  0.032  0.020  0.058
   1.57146      5.590258  0.008  0.034  0.022  0.063
   1.59142      5.599707  0.008  0.032  0.022  0.065
   1.61137      5.601112  0.008  0.031  0.022  0.060
   1.63133      5.602121  0.007  0.028  0.022  0.056
   1.65129      5.645715  0.000  0.008  0.011  0.020
   1.67125      5.662303  0.008  0.028  0.020  0.056
   1.69120      5.678078  0.004  0.026  0.016  0.050
   1.71116      5.663722  0.004  0.026  0.014  0.042
   1.73112      5.648980  0.000  0.026  0.012  0.042
   1.75108      5.643473  0.000  0.032  0.015  0.046
   1.77103      5.643726  0.000  0.009  0.212  0.221
   1.79099      5.627647  0.000  0.006  0.212  0.218
   1.81095      5.618265  0.002  0.006  0.044  0.052
   1.83091      5.618366  0.000  0.000  0.231  0.231
 
# Band-Index:  172
   1.83091      5.619286  0.002  0.006  0.044  0.050
   1.81095      5.621720  0.000  0.001  0.228  0.230
   1.79099      5.631104  0.000  0.004  0.222  0.226
   1.77103      5.644241  0.000  0.031  0.020  0.054
   1.75108      5.660627  0.000  0.015  0.198  0.213
   1.73112      5.676986  0.000  0.020  0.181  0.200
   1.71116      5.691580  0.000  0.022  0.163  0.186
   1.69120      5.701475  0.000  0.023  0.151  0.173
   1.67125      5.700984  0.000  0.020  0.145  0.166
   1.65129      5.658047  0.004  0.020  0.034  0.058
   1.63133      5.645845  0.000  0.012  0.148  0.158
   1.61137      5.605344  0.000  0.012  0.144  0.156
   1.59142      5.630237  0.004  0.026  0.028  0.058
   1.57146      5.680496  0.000  0.008  0.218  0.222
   1.55150      5.643217  0.000  0.006  0.196  0.202
   1.53154      5.603422  0.000  0.004  0.182  0.187
   1.51159      5.566894  0.000  0.006  0.168  0.174
   1.49163      5.553735  0.000  0.008  0.136  0.146
   1.47167      5.518481  0.000  0.000  0.002  0.008
   1.45171      5.437739  0.000  0.007  0.106  0.112
   1.45171      5.437739  0.000  0.007  0.106  0.112
   1.42349      5.466600  0.001  0.008  0.069  0.078
   1.39526      5.508314  0.001  0.012  0.057  0.069
   1.36704      5.555480  0.001  0.013  0.048  0.060
   1.33882      5.599798  0.002  0.016  0.040  0.060
   1.31059      5.600344  0.003  0.018  0.036  0.058
   1.28237      5.566794  0.004  0.017  0.028  0.050
   1.25414      5.573563  0.000  0.012  0.042  0.055
   1.22592      5.553893  0.000  0.008  0.048  0.056
   1.19769      5.522293  0.001  0.012  0.044  0.057
   1.16947      5.542677  0.002  0.020  0.031  0.051
   1.14125      5.566376  0.003  0.016  0.028  0.048
   1.11302      5.560672  0.004  0.017  0.031  0.053
   1.08480      5.525714  0.004  0.021  0.042  0.066
   1.05657      5.494885  0.003  0.023  0.056  0.081
   1.02835      5.477205  0.003  0.021  0.058  0.082
   1.00013      5.465100  0.005  0.016  0.048  0.068
   0.97190      5.449531  0.006  0.012  0.031  0.049
   0.94368      5.431875  0.005  0.013  0.022  0.041
   0.91545      5.426525  0.004  0.014  0.019  0.037
   0.91545      5.426525  0.004  0.014  0.019  0.037
   0.89550      5.438528  0.002  0.016  0.021  0.041
   0.87554      5.464089  0.000  0.014  0.020  0.035
   0.85558      5.491400  0.000  0.010  0.018  0.030
   0.83562      5.515537  0.000  0.008  0.014  0.024
   0.81567      5.538232  0.000  0.010  0.014  0.024
   0.79571      5.563029  0.000  0.008  0.012  0.024
   0.77575      5.591536  0.000  0.008  0.012  0.024
   0.75579      5.623960  0.002  0.008  0.010  0.020
   0.73584      5.630584  0.002  0.014  0.032  0.048
   0.71588      5.607243  0.000  0.014  0.026  0.044
   0.69592      5.589555  0.002  0.012  0.020  0.035
   0.67596      5.599715  0.002  0.014  0.016  0.028
   0.65600      5.647574  0.002  0.010  0.014  0.026
   0.63605      5.639244  0.004  0.020  0.022  0.046
   0.61609      5.618763  0.004  0.018  0.026  0.048
   0.59613      5.615871  0.004  0.018  0.024  0.048
   0.57617      5.649575  0.002  0.014  0.018  0.036
   0.55622      5.669076  0.000  0.008  0.046  0.054
   0.53626      5.709357  0.000  0.006  0.058  0.065
   0.53626      5.709357  0.000  0.006  0.058  0.065
   0.50804      5.681600  0.000  0.008  0.008  0.016
   0.47981      5.629696  0.002  0.016  0.038  0.056
   0.45159      5.593623  0.004  0.022  0.028  0.054
   0.42336      5.628383  0.002  0.021  0.048  0.068
   0.39514      5.690898  0.000  0.005  0.085  0.090
   0.36691      5.731675  0.000  0.006  0.014  0.022
   0.33869      5.734036  0.000  0.056  0.034  0.088
   0.31047      5.698211  0.000  0.060  0.044  0.104
   0.28224      5.681633  0.000  0.008  0.020  0.030
   0.25402      5.659126  0.000  0.014  0.047  0.060
   0.22579      5.678048  0.002  0.002  0.036  0.042
   0.19757      5.645789  0.004  0.000  0.034  0.040
   0.16935      5.606911  0.002  0.000  0.034  0.036
   0.14112      5.611998  0.000  0.006  0.042  0.050
   0.11290      5.637944  0.004  0.004  0.026  0.038
   0.08467      5.637965  0.002  0.006  0.030  0.038
   0.05645      5.631691  0.002  0.004  0.038  0.046
   0.02822      5.622967  0.000  0.006  0.042  0.048
   0.00000      5.619286  0.002  0.006  0.044  0.050
 
# Band-Index:  173
   0.00000      5.652815  0.000  0.036  0.026  0.066
   0.02822      5.676313  0.000  0.028  0.075  0.101
   0.05645      5.716191  0.000  0.020  0.090  0.110
   0.08467      5.740717  0.002  0.006  0.014  0.022
   0.11290      5.712594  0.002  0.010  0.036  0.046
   0.14112      5.644195  0.006  0.002  0.036  0.046
   0.16935      5.670201  0.006  0.002  0.046  0.056
   0.19757      5.710657  0.006  0.002  0.048  0.058
   0.22579      5.710143  0.002  0.018  0.028  0.046
   0.25402      5.697070  0.002  0.000  0.032  0.032
   0.28224      5.689177  0.002  0.014  0.012  0.028
   0.31047      5.698801  0.004  0.020  0.014  0.038
   0.33869      5.740226  0.006  0.018  0.012  0.038
   0.36691      5.755106  0.000  0.016  0.050  0.068
   0.39514      5.691278  0.000  0.015  0.065  0.080
   0.42336      5.677058  0.006  0.012  0.015  0.034
   0.45159      5.619701  0.006  0.012  0.018  0.036
   0.47981      5.654906  0.000  0.007  0.025  0.031
   0.50804      5.681816  0.002  0.009  0.052  0.060
   0.53626      5.745700  0.000  0.006  0.032  0.039
   0.53626      5.745699  0.000  0.006  0.032  0.039
   0.55622      5.711311  0.002  0.010  0.014  0.024
   0.57617      5.655938  0.000  0.004  0.002  0.008
   0.59613      5.669399  0.000  0.004  0.004  0.008
   0.61609      5.685660  0.000  0.004  0.004  0.006
   0.63605      5.697902  0.000  0.002  0.008  0.010
   0.65600      5.652443  0.002  0.024  0.018  0.044
   0.67596      5.641534  0.002  0.022  0.016  0.044
   0.69592      5.611382  0.000  0.024  0.018  0.044
   0.71588      5.623786  0.000  0.000  0.106  0.109
   0.73584      5.646547  0.000  0.007  0.109  0.117
   0.75579      5.653230  0.002  0.014  0.036  0.052
   0.77575      5.668956  0.004  0.010  0.032  0.044
   0.79571      5.658853  0.006  0.002  0.014  0.021
   0.81567      5.621856  0.004  0.002  0.010  0.018
   0.83562      5.574208  0.006  0.004  0.010  0.020
   0.85558      5.523882  0.006  0.006  0.011  0.024
   0.87554      5.476822  0.006  0.008  0.014  0.029
   0.89550      5.440527  0.005  0.010  0.016  0.033
   0.91545      5.452028  0.002  0.039  0.054  0.096
   0.91545      5.452028  0.002  0.039  0.054  0.096
   0.94368      5.467047  0.001  0.037  0.051  0.089
   0.97190      5.500747  0.003  0.032  0.044  0.081
   1.00013      5.540042  0.006  0.024  0.037  0.066
   1.02835      5.570156  0.004  0.014  0.036  0.054
   1.05657      5.584972  0.003  0.010  0.039  0.052
   1.08480      5.593043  0.001  0.010  0.041  0.052
   1.11302      5.610721  0.001  0.012  0.031  0.044
   1.14125      5.625304  0.000  0.014  0.057  0.072
   1.16947      5.611651  0.000  0.012  0.057  0.071
   1.19769      5.645948  0.000  0.016  0.036  0.052
   1.22592      5.653215  0.002  0.021  0.032  0.055
   1.25414      5.610730  0.002  0.024  0.040  0.068
   1.28237      5.639437  0.002  0.028  0.032  0.065
   1.31059      5.659496  0.001  0.023  0.041  0.064
   1.33882      5.651151  0.000  0.013  0.064  0.076
   1.36704      5.644082  0.000  0.014  0.082  0.098
   1.39526      5.626122  0.000  0.014  0.096  0.110
   1.42349      5.608472  0.000  0.013  0.103  0.117
   1.45171      5.601115  0.000  0.013  0.106  0.120
   1.45171      5.601115  0.000  0.013  0.106  0.120
   1.47167      5.573864  0.000  0.010  0.112  0.124
   1.49163      5.615045  0.000  0.000  0.002  0.002
   1.51159      5.669125  0.000  0.020  0.088  0.108
   1.53154      5.682694  0.000  0.022  0.074  0.098
   1.55150      5.694154  0.000  0.024  0.060  0.084
   1.57146      5.693610  0.004  0.024  0.034  0.060
   1.59142      5.703598  0.004  0.018  0.026  0.046
   1.61137      5.695486  0.002  0.020  0.030  0.056
   1.63133      5.683455  0.004  0.023  0.036  0.062
   1.65129      5.682137  0.000  0.015  0.146  0.162
   1.67125      5.722437  0.000  0.020  0.084  0.104
   1.69120      5.717029  0.000  0.023  0.225  0.248
   1.71116      5.699932  0.000  0.020  0.221  0.243
   1.73112      5.681180  0.000  0.018  0.216  0.234
   1.75108      5.662200  0.000  0.014  0.213  0.227
   1.77103      5.644888  0.000  0.009  0.212  0.221
   1.79099      5.647722  0.000  0.034  0.024  0.058
   1.81095      5.651308  0.000  0.038  0.026  0.064
   1.83091      5.652815  0.000  0.036  0.026  0.066
 
# Band-Index:  174
   1.83091      5.710426  0.000  0.006  0.010  0.016
   1.81095      5.711846  0.000  0.006  0.010  0.016
   1.79099      5.716093  0.000  0.006  0.012  0.018
   1.77103      5.723097  0.000  0.004  0.020  0.024
   1.75108      5.732687  0.000  0.002  0.032  0.034
   1.73112      5.744501  0.000  0.000  0.050  0.050
   1.71116      5.757901  0.000  0.000  0.067  0.068
   1.69120      5.771974  0.000  0.000  0.085  0.085
   1.67125      5.741223  0.000  0.010  0.177  0.190
   1.65129      5.742838  0.000  0.020  0.260  0.280
   1.63133      5.743558  0.000  0.016  0.262  0.279
   1.61137      5.733435  0.000  0.014  0.256  0.268
   1.59142      5.711685  0.000  0.010  0.236  0.247
   1.57146      5.708904  0.000  0.022  0.042  0.066
   1.55150      5.750267  0.004  0.014  0.021  0.041
   1.53154      5.787001  0.000  0.002  0.000  0.004
   1.51159      5.707134  0.000  0.000  0.000  0.004
   1.49163      5.650926  0.000  0.016  0.098  0.114
   1.47167      5.627961  0.000  0.014  0.102  0.116
   1.45171      5.601739  0.000  0.013  0.106  0.120
   1.45171      5.601739  0.000  0.013  0.106  0.120
   1.42349      5.609070  0.000  0.013  0.103  0.116
   1.39526      5.626666  0.000  0.014  0.095  0.110
   1.36704      5.644574  0.000  0.014  0.082  0.098
   1.33882      5.651647  0.000  0.012  0.064  0.076
   1.31059      5.660070  0.001  0.023  0.041  0.064
   1.28237      5.639908  0.002  0.028  0.032  0.065
   1.25414      5.611381  0.002  0.024  0.040  0.068
   1.22592      5.654296  0.002  0.021  0.032  0.056
   1.19769      5.646306  0.000  0.016  0.036  0.052
   1.16947      5.612092  0.000  0.012  0.057  0.071
   1.14125      5.625475  0.000  0.014  0.057  0.072
   1.11302      5.610916  0.000  0.012  0.032  0.045
   1.08480      5.593602  0.001  0.010  0.041  0.052
   1.05657      5.585372  0.003  0.010  0.039  0.052
   1.02835      5.570175  0.004  0.014  0.037  0.054
   1.00013      5.540542  0.006  0.024  0.037  0.066
   0.97190      5.501587  0.003  0.032  0.044  0.082
   0.94368      5.468082  0.001  0.037  0.051  0.089
   0.91545      5.453208  0.002  0.039  0.054  0.096
   0.91545      5.453208  0.002  0.039  0.054  0.096
   0.89550      5.474581  0.000  0.038  0.055  0.096
   0.87554      5.504667  0.000  0.032  0.050  0.083
   0.85558      5.543654  0.000  0.025  0.040  0.065
   0.83562      5.589633  0.000  0.018  0.032  0.047
   0.81567      5.639302  0.000  0.012  0.024  0.036
   0.79571      5.673740  0.000  0.022  0.034  0.055
   0.77575      5.690472  0.000  0.010  0.106  0.116
   0.75579      5.670576  0.000  0.008  0.108  0.118
   0.73584      5.660064  0.002  0.006  0.010  0.018
   0.71588      5.626332  0.000  0.014  0.090  0.104
   0.69592      5.657485  0.002  0.020  0.046  0.068
   0.67596      5.707245  0.002  0.024  0.040  0.066
   0.65600      5.722805  0.000  0.004  0.000  0.008
   0.63605      5.715544  0.004  0.010  0.010  0.022
   0.61609      5.771268  0.001  0.008  0.018  0.028
   0.59613      5.785673  0.002  0.006  0.024  0.030
   0.57617      5.767926  0.000  0.008  0.031  0.042
   0.55622      5.751507  0.000  0.006  0.032  0.038
   0.53626      5.765106  0.000  0.000  0.008  0.008
   0.53626      5.765106  0.000  0.000  0.008  0.008
   0.50804      5.722341  0.000  0.008  0.028  0.034
   0.47981      5.704227  0.000  0.004  0.004  0.008
   0.45159      5.765059  0.000  0.006  0.004  0.008
   0.42336      5.731551  0.000  0.008  0.061  0.070
   0.39514      5.720814  0.006  0.012  0.016  0.034
   0.36691      5.765231  0.003  0.009  0.061  0.073
   0.33869      5.827175  0.001  0.013  0.087  0.102
   0.31047      5.780435  0.000  0.004  0.026  0.030
   0.28224      5.716895  0.000  0.008  0.032  0.040
   0.25402      5.770472  0.004  0.010  0.038  0.050
   0.22579      5.746620  0.006  0.006  0.046  0.060
   0.19757      5.782195  0.000  0.016  0.034  0.050
   0.16935      5.844845  0.000  0.010  0.043  0.053
   0.14112      5.828944  0.000  0.006  0.058  0.070
   0.11290      5.780131  0.002  0.004  0.022  0.030
   0.08467      5.758152  0.000  0.016  0.086  0.104
   0.05645      5.720331  0.002  0.008  0.008  0.016
   0.02822      5.712453  0.000  0.006  0.006  0.014
   0.00000      5.710426  0.000  0.006  0.010  0.016
 
# Band-Index:  175
   0.00000      5.809411  0.004  0.024  0.006  0.032
   0.02822      5.815674  0.004  0.022  0.008  0.034
   0.05645      5.824719  0.004  0.024  0.016  0.044
   0.08467      5.797134  0.002  0.018  0.022  0.044
   0.11290      5.797027  0.000  0.013  0.076  0.088
   0.14112      5.834533  0.002  0.004  0.024  0.030
   0.16935      5.852237  0.000  0.006  0.046  0.051
   0.19757      5.844786  0.002  0.014  0.052  0.068
   0.22579      5.845873  0.000  0.012  0.032  0.046
   0.25402      5.778192  0.002  0.014  0.011  0.026
   0.28224      5.809438  0.002  0.014  0.036  0.054
   0.31047      5.851454  0.000  0.028  0.030  0.057
   0.33869      5.828020  0.001  0.025  0.066  0.091
   0.36691      5.766699  0.000  0.040  0.024  0.064
   0.39514      5.808145  0.000  0.028  0.020  0.048
   0.42336      5.817790  0.002  0.008  0.030  0.040
   0.45159      5.785361  0.000  0.014  0.053  0.069
   0.47981      5.803755  0.000  0.016  0.045  0.063
   0.50804      5.807426  0.000  0.008  0.026  0.036
   0.53626      5.787200  0.000  0.014  0.020  0.034
   0.53626      5.787202  0.000  0.014  0.020  0.034
   0.55622      5.800294  0.000  0.008  0.022  0.030
   0.57617      5.796510  0.000  0.006  0.022  0.032
   0.59613      5.790429  0.000  0.014  0.034  0.050
   0.61609      5.771521  0.001  0.007  0.024  0.032
   0.63605      5.758223  0.002  0.006  0.028  0.036
   0.65600      5.753049  0.000  0.024  0.042  0.066
   0.67596      5.737255  0.000  0.002  0.002  0.004
   0.69592      5.738418  0.000  0.004  0.014  0.020
   0.71588      5.699012  0.002  0.004  0.012  0.016
   0.73584      5.665186  0.000  0.017  0.090  0.108
   0.75579      5.695695  0.000  0.019  0.087  0.107
   0.77575      5.698880  0.000  0.015  0.024  0.040
   0.79571      5.688686  0.000  0.006  0.024  0.028
   0.81567      5.644893  0.000  0.026  0.041  0.068
   0.83562      5.617308  0.002  0.026  0.044  0.072
   0.85558      5.599145  0.002  0.025  0.046  0.071
   0.87554      5.595943  0.002  0.020  0.042  0.067
   0.89550      5.607121  0.002  0.020  0.040  0.062
   0.91545      5.628858  0.002  0.017  0.040  0.059
   0.91545      5.628859  0.002  0.017  0.040  0.059
   0.94368      5.630909  0.002  0.017  0.039  0.057
   0.97190      5.641860  0.002  0.014  0.034  0.050
   1.00013      5.667178  0.002  0.015  0.033  0.051
   1.02835      5.702222  0.003  0.018  0.045  0.067
   1.05657      5.719891  0.001  0.014  0.027  0.043
   1.08480      5.715149  0.001  0.012  0.035  0.047
   1.11302      5.684141  0.001  0.017  0.053  0.069
   1.14125      5.678566  0.001  0.012  0.018  0.034
   1.16947      5.722823  0.000  0.005  0.011  0.016
   1.19769      5.708341  0.001  0.015  0.014  0.031
   1.22592      5.728368  0.000  0.015  0.021  0.036
   1.25414      5.729680  0.000  0.004  0.066  0.071
   1.28237      5.720036  0.001  0.001  0.043  0.045
   1.31059      5.686021  0.001  0.007  0.010  0.020
   1.33882      5.692662  0.002  0.016  0.024  0.043
   1.36704      5.726714  0.000  0.012  0.044  0.057
   1.39526      5.777001  0.000  0.012  0.053  0.069
   1.42349      5.838391  0.001  0.013  0.058  0.072
   1.45171      5.902182  0.000  0.016  0.080  0.096
   1.45171      5.902182  0.000  0.016  0.080  0.096
   1.47167      5.879851  0.002  0.018  0.032  0.051
   1.49163      5.855749  0.002  0.016  0.028  0.048
   1.51159      5.834543  0.002  0.014  0.026  0.044
   1.53154      5.794656  0.004  0.014  0.024  0.043
   1.55150      5.767394  0.005  0.024  0.035  0.066
   1.57146      5.719048  0.004  0.016  0.024  0.044
   1.59142      5.732410  0.000  0.023  0.026  0.046
   1.61137      5.764520  0.000  0.022  0.012  0.033
   1.63133      5.795981  0.000  0.020  0.018  0.038
   1.65129      5.797071  0.000  0.004  0.093  0.098
   1.67125      5.785576  0.000  0.002  0.096  0.096
   1.69120      5.787652  0.002  0.024  0.030  0.056
   1.71116      5.782741  0.000  0.032  0.028  0.062
   1.73112      5.793402  0.000  0.038  0.022  0.062
   1.75108      5.813301  0.000  0.044  0.017  0.060
   1.77103      5.832492  0.002  0.020  0.009  0.030
   1.79099      5.819276  0.004  0.020  0.006  0.032
   1.81095      5.811784  0.004  0.022  0.006  0.032
   1.83091      5.809411  0.004  0.024  0.006  0.032
 
# Band-Index:  176
   1.83091      5.877031  0.000  0.056  0.000  0.056
   1.81095      5.871867  0.000  0.056  0.002  0.057
   1.79099      5.857375  0.000  0.054  0.006  0.060
   1.77103      5.836410  0.000  0.050  0.011  0.060
   1.75108      5.849029  0.002  0.018  0.008  0.028
   1.73112      5.856353  0.002  0.014  0.006  0.024
   1.71116      5.844554  0.002  0.012  0.008  0.022
   1.69120      5.817409  0.000  0.006  0.026  0.034
   1.67125      5.815020  0.004  0.018  0.024  0.044
   1.65129      5.839148  0.000  0.022  0.017  0.038
   1.63133      5.815681  0.000  0.006  0.090  0.094
   1.61137      5.819478  0.000  0.000  0.104  0.105
   1.59142      5.825371  0.000  0.000  0.102  0.104
   1.57146      5.830988  0.000  0.000  0.099  0.102
   1.55150      5.837537  0.000  0.002  0.096  0.098
   1.53154      5.845310  0.006  0.026  0.040  0.071
   1.51159      5.858591  0.000  0.006  0.088  0.094
   1.49163      5.873039  0.000  0.008  0.084  0.096
   1.47167      5.888212  0.000  0.014  0.082  0.094
   1.45171      5.902398  0.000  0.016  0.080  0.096
   1.45171      5.902398  0.000  0.016  0.080  0.096
   1.42349      5.838611  0.001  0.013  0.058  0.072
   1.39526      5.777306  0.000  0.012  0.053  0.069
   1.36704      5.727129  0.000  0.012  0.044  0.057
   1.33882      5.693144  0.002  0.017  0.024  0.043
   1.31059      5.686022  0.001  0.007  0.010  0.019
   1.28237      5.720058  0.001  0.001  0.043  0.045
   1.25414      5.729938  0.000  0.004  0.066  0.070
   1.22592      5.728564  0.000  0.015  0.021  0.037
   1.19769      5.709507  0.001  0.015  0.014  0.031
   1.16947      5.723548  0.000  0.004  0.011  0.014
   1.14125      5.679178  0.001  0.012  0.018  0.034
   1.11302      5.684403  0.001  0.017  0.052  0.069
   1.08480      5.715505  0.001  0.011  0.035  0.047
   1.05657      5.720249  0.001  0.014  0.028  0.043
   1.02835      5.702367  0.003  0.018  0.045  0.067
   1.00013      5.667373  0.002  0.015  0.033  0.051
   0.97190      5.642095  0.002  0.014  0.034  0.050
   0.94368      5.631212  0.002  0.016  0.039  0.057
   0.91545      5.629198  0.002  0.017  0.040  0.059
   0.91545      5.629198  0.002  0.017  0.040  0.059
   0.89550      5.656773  0.002  0.016  0.036  0.054
   0.87554      5.681233  0.002  0.012  0.026  0.040
   0.85558      5.696005  0.000  0.010  0.015  0.026
   0.83562      5.703720  0.000  0.003  0.007  0.010
   0.81567      5.715075  0.000  0.005  0.008  0.014
   0.79571      5.706258  0.000  0.010  0.105  0.116
   0.77575      5.712977  0.000  0.016  0.077  0.094
   0.75579      5.721528  0.000  0.010  0.020  0.030
   0.73584      5.745226  0.000  0.012  0.018  0.027
   0.71588      5.752021  0.000  0.000  0.002  0.004
   0.69592      5.747682  0.000  0.000  0.002  0.004
   0.67596      5.769658  0.004  0.004  0.026  0.032
   0.65600      5.756107  0.002  0.002  0.030  0.036
   0.63605      5.788490  0.000  0.024  0.042  0.066
   0.61609      5.803350  0.000  0.021  0.040  0.062
   0.59613      5.827797  0.000  0.006  0.020  0.028
   0.57617      5.847330  0.000  0.022  0.022  0.044
   0.55622      5.828368  0.000  0.012  0.022  0.036
   0.53626      5.800896  0.000  0.014  0.008  0.022
   0.53626      5.800896  0.000  0.014  0.008  0.022
   0.50804      5.812431  0.000  0.018  0.038  0.058
   0.47981      5.817477  0.000  0.006  0.025  0.032
   0.45159      5.814147  0.000  0.008  0.028  0.037
   0.42336      5.830326  0.000  0.007  0.008  0.016
   0.39514      5.821609  0.004  0.008  0.028  0.040
   0.36691      5.796416  0.008  0.017  0.030  0.055
   0.33869      5.839998  0.000  0.010  0.028  0.036
   0.31047      5.893523  0.001  0.011  0.098  0.109
   0.28224      5.915724  0.000  0.002  0.018  0.022
   0.25402      5.899249  0.000  0.002  0.020  0.022
   0.22579      5.883223  0.000  0.002  0.024  0.028
   0.19757      5.868798  0.000  0.002  0.036  0.038
   0.16935      5.854309  0.002  0.018  0.035  0.056
   0.14112      5.895125  0.002  0.024  0.014  0.037
   0.11290      5.934528  0.004  0.018  0.020  0.042
   0.08467      5.911799  0.000  0.008  0.014  0.022
   0.05645      5.903866  0.002  0.004  0.008  0.014
   0.02822      5.887881  0.000  0.054  0.010  0.064
   0.00000      5.877030  0.000  0.056  0.000  0.056
 
# Band-Index:  177
   0.00000      5.912758  0.002  0.008  0.008  0.018
   0.02822      5.910003  0.002  0.008  0.006  0.016
   0.05645      5.917265  0.000  0.050  0.026  0.074
   0.08467      5.957915  0.000  0.044  0.035  0.079
   0.11290      5.951032  0.000  0.004  0.058  0.065
   0.14112      5.898944  0.000  0.005  0.047  0.053
   0.16935      5.893915  0.002  0.002  0.012  0.016
   0.19757      5.937703  0.000  0.006  0.008  0.012
   0.22579      5.918997  0.002  0.016  0.046  0.065
   0.25402      5.924377  0.000  0.010  0.076  0.088
   0.28224      5.934015  0.000  0.016  0.085  0.100
   0.31047      5.894130  0.001  0.012  0.098  0.111
   0.33869      5.891528  0.000  0.020  0.057  0.079
   0.36691      5.873941  0.000  0.030  0.041  0.071
   0.39514      5.891503  0.000  0.016  0.012  0.028
   0.42336      5.863146  0.000  0.020  0.014  0.036
   0.45159      5.923230  0.000  0.016  0.012  0.030
   0.47981      5.893079  0.000  0.010  0.022  0.031
   0.50804      5.868565  0.002  0.008  0.020  0.030
   0.53626      5.840190  0.000  0.024  0.024  0.048
   0.53626      5.840197  0.000  0.024  0.024  0.048
   0.55622      5.842150  0.000  0.023  0.024  0.046
   0.57617      5.862439  0.001  0.008  0.030  0.038
   0.59613      5.854855  0.000  0.014  0.020  0.034
   0.61609      5.871332  0.000  0.006  0.014  0.018
   0.63605      5.843762  0.000  0.006  0.027  0.035
   0.65600      5.811504  0.000  0.006  0.024  0.030
   0.67596      5.780980  0.000  0.002  0.021  0.026
   0.69592      5.798070  0.002  0.002  0.016  0.022
   0.71588      5.772595  0.000  0.010  0.015  0.028
   0.73584      5.748988  0.000  0.000  0.002  0.008
   0.75579      5.738732  0.000  0.004  0.008  0.010
   0.77575      5.725372  0.000  0.008  0.014  0.020
   0.79571      5.725907  0.002  0.015  0.028  0.044
   0.81567      5.718244  0.000  0.012  0.104  0.117
   0.83562      5.707921  0.000  0.010  0.015  0.024
   0.85558      5.697037  0.000  0.005  0.008  0.012
   0.87554      5.693334  0.000  0.004  0.004  0.011
   0.89550      5.692559  0.000  0.007  0.004  0.012
   0.91545      5.694659  0.001  0.009  0.003  0.012
   0.91545      5.694659  0.001  0.009  0.003  0.012
   0.94368      5.696410  0.001  0.009  0.006  0.017
   0.97190      5.702086  0.000  0.010  0.013  0.025
   1.00013      5.713364  0.001  0.012  0.017  0.031
   1.02835      5.723993  0.001  0.012  0.020  0.034
   1.05657      5.742389  0.002  0.017  0.053  0.074
   1.08480      5.747605  0.001  0.018  0.040  0.059
   1.11302      5.729141  0.001  0.014  0.020  0.037
   1.14125      5.729942  0.001  0.014  0.021  0.034
   1.16947      5.748136  0.005  0.015  0.023  0.042
   1.19769      5.750868  0.002  0.015  0.061  0.077
   1.22592      5.739911  0.002  0.012  0.075  0.087
   1.25414      5.782365  0.000  0.005  0.029  0.035
   1.28237      5.750903  0.002  0.006  0.053  0.061
   1.31059      5.776703  0.003  0.018  0.081  0.103
   1.33882      5.840816  0.004  0.025  0.069  0.099
   1.36704      5.919835  0.003  0.027  0.050  0.082
   1.39526      5.984004  0.003  0.030  0.032  0.064
   1.42349      5.966440  0.001  0.023  0.049  0.072
   1.45171      5.907979  0.001  0.016  0.036  0.053
   1.45171      5.907979  0.001  0.016  0.036  0.053
   1.47167      5.913772  0.000  0.018  0.079  0.097
   1.49163      5.921694  0.000  0.022  0.073  0.097
   1.51159      5.875968  0.006  0.010  0.026  0.044
   1.53154      5.846518  0.000  0.004  0.094  0.096
   1.55150      5.849617  0.000  0.000  0.002  0.003
   1.57146      5.891227  0.000  0.002  0.002  0.008
   1.59142      5.912623  0.000  0.002  0.006  0.010
   1.61137      5.911010  0.000  0.002  0.007  0.010
   1.63133      5.886113  0.000  0.002  0.010  0.012
   1.65129      5.850620  0.000  0.000  0.008  0.012
   1.67125      5.823096  0.000  0.000  0.008  0.008
   1.69120      5.824253  0.002  0.008  0.004  0.014
   1.71116      5.897353  0.000  0.006  0.020  0.026
   1.73112      5.938770  0.006  0.010  0.018  0.036
   1.75108      5.918787  0.004  0.010  0.012  0.026
   1.77103      5.914131  0.004  0.010  0.008  0.022
   1.79099      5.913227  0.002  0.007  0.008  0.018
   1.81095      5.912883  0.002  0.008  0.008  0.018
   1.83091      5.912759  0.002  0.008  0.008  0.018
 
# Band-Index:  178
   1.83091      5.991880  0.000  0.000  0.071  0.071
   1.81095      5.991356  0.000  0.000  0.069  0.069
   1.79099      5.989518  0.000  0.000  0.067  0.068
   1.77103      5.985451  0.000  0.000  0.060  0.060
   1.75108      5.976740  0.000  0.000  0.048  0.050
   1.73112      5.954337  0.000  0.002  0.030  0.032
   1.71116      5.981369  0.004  0.012  0.020  0.038
   1.69120      5.932197  0.000  0.015  0.044  0.060
   1.67125      5.879991  0.000  0.018  0.026  0.045
   1.65129      5.868226  0.002  0.010  0.018  0.028
   1.63133      5.911389  0.000  0.008  0.108  0.118
   1.61137      5.915351  0.000  0.013  0.110  0.124
   1.59142      5.918352  0.000  0.028  0.018  0.043
   1.57146      5.920517  0.000  0.028  0.034  0.062
   1.55150      5.888148  0.004  0.006  0.020  0.032
   1.53154      5.865849  0.004  0.010  0.022  0.036
   1.51159      5.914972  0.004  0.026  0.047  0.078
   1.49163      5.926248  0.006  0.010  0.032  0.048
   1.47167      5.935367  0.000  0.020  0.038  0.058
   1.45171      5.908074  0.001  0.016  0.036  0.053
   1.45171      5.908074  0.001  0.016  0.036  0.053
   1.42349      5.966555  0.001  0.023  0.049  0.073
   1.39526      5.984095  0.003  0.030  0.032  0.064
   1.36704      5.919908  0.003  0.027  0.050  0.082
   1.33882      5.840985  0.004  0.025  0.069  0.099
   1.31059      5.776904  0.003  0.018  0.081  0.103
   1.28237      5.751123  0.002  0.006  0.051  0.061
   1.25414      5.782662  0.000  0.005  0.030  0.035
   1.22592      5.739965  0.001  0.012  0.074  0.085
   1.19769      5.750948  0.002  0.015  0.061  0.077
   1.16947      5.748176  0.005  0.015  0.022  0.041
   1.14125      5.730758  0.001  0.014  0.021  0.034
   1.11302      5.729737  0.001  0.014  0.020  0.037
   1.08480      5.747768  0.001  0.018  0.040  0.059
   1.05657      5.742516  0.002  0.017  0.053  0.074
   1.02835      5.724018  0.001  0.012  0.021  0.034
   1.00013      5.713639  0.001  0.012  0.018  0.031
   0.97190      5.702466  0.000  0.010  0.013  0.025
   0.94368      5.696868  0.001  0.010  0.006  0.017
   0.91545      5.695147  0.001  0.009  0.003  0.012
   0.91545      5.695147  0.001  0.009  0.003  0.012
   0.89550      5.702163  0.002  0.010  0.006  0.017
   0.87554      5.715726  0.004  0.029  0.089  0.123
   0.85558      5.719897  0.004  0.031  0.088  0.125
   0.83562      5.725738  0.003  0.029  0.089  0.123
   0.81567      5.720186  0.000  0.011  0.011  0.025
   0.79571      5.732090  0.002  0.031  0.084  0.117
   0.77575      5.749201  0.000  0.016  0.028  0.044
   0.75579      5.770694  0.000  0.014  0.018  0.031
   0.73584      5.791242  0.000  0.014  0.020  0.034
   0.71588      5.812495  0.000  0.009  0.021  0.033
   0.69592      5.806572  0.000  0.014  0.020  0.034
   0.67596      5.844934  0.002  0.012  0.012  0.027
   0.65600      5.887619  0.002  0.014  0.012  0.026
   0.63605      5.905842  0.000  0.002  0.009  0.012
   0.61609      5.874913  0.000  0.008  0.031  0.040
   0.59613      5.887112  0.000  0.008  0.026  0.034
   0.57617      5.873666  0.000  0.008  0.030  0.038
   0.55622      5.902761  0.000  0.006  0.043  0.052
   0.53626      5.872940  0.004  0.004  0.014  0.024
   0.53626      5.872900  0.004  0.004  0.014  0.024
   0.50804      5.890532  0.000  0.008  0.008  0.014
   0.47981      5.950307  0.000  0.026  0.018  0.046
   0.45159      5.924042  0.000  0.028  0.011  0.040
   0.42336      5.930472  0.000  0.038  0.032  0.072
   0.39514      5.894761  0.002  0.036  0.016  0.056
   0.36691      5.890729  0.000  0.032  0.038  0.070
   0.33869      5.902623  0.000  0.002  0.018  0.020
   0.31047      5.922846  0.000  0.006  0.022  0.029
   0.28224      5.936235  0.000  0.012  0.106  0.119
   0.25402      5.954311  0.000  0.012  0.066  0.079
   0.22579      5.955298  0.000  0.008  0.029  0.036
   0.19757      5.988160  0.002  0.018  0.026  0.047
   0.16935      6.010269  0.000  0.008  0.042  0.054
   0.14112      5.981038  0.000  0.007  0.032  0.042
   0.11290      5.961998  0.000  0.008  0.014  0.023
   0.08467      6.014546  0.002  0.010  0.056  0.067
   0.05645      6.013333  0.000  0.000  0.071  0.072
   0.02822      5.997441  0.000  0.000  0.072  0.072
   0.00000      5.991879  0.000  0.000  0.071  0.071
 
# Band-Index:  179
   0.00000      6.139475  0.000  0.021  0.066  0.086
   0.02822      6.138652  0.000  0.018  0.058  0.076
   0.05645      6.086629  0.002  0.020  0.042  0.062
   0.08467      6.023035  0.000  0.018  0.020  0.039
   0.11290      6.001081  0.000  0.038  0.036  0.071
   0.14112      6.038420  0.000  0.030  0.030  0.058
   0.16935      6.065279  0.000  0.022  0.024  0.048
   0.19757      6.030477  0.000  0.006  0.042  0.054
   0.22579      6.028918  0.000  0.008  0.058  0.067
   0.25402      6.008254  0.000  0.008  0.056  0.067
   0.28224      5.981096  0.000  0.004  0.022  0.026
   0.31047      5.948856  0.000  0.006  0.037  0.042
   0.33869      5.906538  0.000  0.012  0.034  0.047
   0.36691      5.918833  0.000  0.034  0.039  0.072
   0.39514      5.900475  0.000  0.038  0.038  0.076
   0.42336      5.931627  0.004  0.026  0.009  0.039
   0.45159      5.936486  0.002  0.008  0.016  0.026
   0.47981      5.978158  0.000  0.004  0.007  0.014
   0.50804      5.948317  0.000  0.004  0.009  0.014
   0.53626      5.912488  0.000  0.008  0.047  0.058
   0.53626      5.912763  0.000  0.008  0.047  0.058
   0.55622      5.917765  0.002  0.004  0.010  0.018
   0.57617      5.933975  0.000  0.012  0.036  0.045
   0.59613      5.905167  0.000  0.011  0.034  0.044
   0.61609      5.907464  0.000  0.010  0.019  0.030
   0.63605      5.924488  0.000  0.008  0.013  0.020
   0.65600      5.906531  0.000  0.018  0.037  0.057
   0.67596      5.871458  0.000  0.018  0.031  0.048
   0.69592      5.840523  0.000  0.014  0.026  0.044
   0.71588      5.814027  0.000  0.014  0.024  0.036
   0.73584      5.807089  0.000  0.016  0.020  0.035
   0.75579      5.785994  0.000  0.016  0.020  0.038
   0.77575      5.751694  0.000  0.014  0.017  0.030
   0.79571      5.733111  0.000  0.009  0.012  0.022
   0.81567      5.730740  0.002  0.033  0.088  0.122
   0.83562      5.726468  0.001  0.017  0.101  0.120
   0.85558      5.729887  0.002  0.018  0.102  0.123
   0.87554      5.720934  0.004  0.014  0.016  0.036
   0.89550      5.715025  0.004  0.028  0.092  0.124
   0.91545      5.717809  0.004  0.027  0.093  0.125
   0.91545      5.717809  0.004  0.027  0.093  0.125
   0.94368      5.724502  0.004  0.026  0.090  0.119
   0.97190      5.743003  0.004  0.021  0.078  0.104
   1.00013      5.760138  0.002  0.007  0.067  0.079
   1.02835      5.764326  0.000  0.013  0.044  0.057
   1.05657      5.791318  0.000  0.016  0.021  0.039
   1.08480      5.800676  0.004  0.024  0.039  0.066
   1.11302      5.820797  0.002  0.022  0.052  0.076
   1.14125      5.824169  0.002  0.024  0.057  0.085
   1.16947      5.821831  0.001  0.029  0.064  0.095
   1.19769      5.882325  0.002  0.019  0.035  0.057
   1.22592      5.871573  0.001  0.003  0.009  0.014
   1.25414      5.847594  0.001  0.012  0.028  0.043
   1.28237      5.912445  0.001  0.008  0.064  0.074
   1.31059      5.981391  0.000  0.006  0.080  0.086
   1.33882      6.050220  0.003  0.010  0.083  0.096
   1.36704      6.065051  0.003  0.015  0.042  0.060
   1.39526      6.044026  0.004  0.013  0.051  0.067
   1.42349      6.044190  0.005  0.010  0.038  0.052
   1.45171      6.044197  0.006  0.008  0.037  0.050
   1.45171      6.044197  0.006  0.008  0.037  0.050
   1.47167      5.985533  0.006  0.008  0.034  0.050
   1.49163      5.948435  0.001  0.023  0.048  0.070
   1.51159      5.925718  0.000  0.024  0.069  0.094
   1.53154      5.926139  0.000  0.028  0.061  0.086
   1.55150      5.923878  0.000  0.028  0.050  0.078
   1.57146      5.922162  0.002  0.004  0.020  0.028
   1.59142      5.932845  0.000  0.015  0.110  0.125
   1.61137      5.920179  0.000  0.023  0.003  0.028
   1.63133      5.927902  0.000  0.018  0.002  0.020
   1.65129      5.928963  0.000  0.004  0.098  0.102
   1.67125      5.956833  0.000  0.010  0.030  0.041
   1.69120      5.973822  0.000  0.008  0.047  0.056
   1.71116      5.986856  0.000  0.013  0.059  0.071
   1.73112      6.033603  0.000  0.012  0.063  0.075
   1.75108      6.077036  0.000  0.005  0.076  0.082
   1.77103      6.109015  0.000  0.002  0.080  0.082
   1.79099      6.132135  0.000  0.002  0.081  0.084
   1.81095      6.141803  0.000  0.022  0.064  0.082
   1.83091      6.139475  0.000  0.021  0.066  0.086
 
# Band-Index:  180
   1.83091      6.150915  0.000  0.000  0.084  0.084
   1.81095      6.146193  0.000  0.000  0.084  0.084
   1.79099      6.147702  0.000  0.022  0.058  0.078
   1.77103      6.153133  0.000  0.019  0.044  0.065
   1.75108      6.101601  0.000  0.016  0.049  0.065
   1.73112      6.036332  0.000  0.009  0.070  0.079
   1.71116      5.994225  0.000  0.009  0.062  0.072
   1.69120      6.013818  0.000  0.004  0.071  0.074
   1.67125      5.966157  0.000  0.002  0.083  0.085
   1.65129      5.940948  0.000  0.012  0.014  0.026
   1.63133      5.928974  0.000  0.004  0.014  0.020
   1.61137      5.958451  0.000  0.000  0.018  0.018
   1.59142      5.950504  0.000  0.000  0.020  0.024
   1.57146      5.957477  0.000  0.016  0.109  0.122
   1.55150      5.986124  0.000  0.015  0.106  0.121
   1.53154      6.017153  0.000  0.012  0.106  0.118
   1.51159      6.049579  0.000  0.012  0.104  0.116
   1.49163      6.082767  0.000  0.012  0.102  0.114
   1.47167      6.099204  0.002  0.008  0.038  0.050
   1.45171      6.044523  0.006  0.008  0.037  0.050
   1.45171      6.044523  0.006  0.008  0.037  0.050
   1.42349      6.044505  0.005  0.010  0.038  0.052
   1.39526      6.044432  0.004  0.013  0.051  0.067
   1.36704      6.065520  0.003  0.015  0.042  0.060
   1.33882      6.050637  0.003  0.010  0.083  0.096
   1.31059      5.981817  0.000  0.006  0.081  0.086
   1.28237      5.912784  0.001  0.008  0.065  0.074
   1.25414      5.847863  0.001  0.012  0.028  0.043
   1.22592      5.871963  0.001  0.003  0.009  0.014
   1.19769      5.883242  0.002  0.019  0.035  0.057
   1.16947      5.822290  0.001  0.029  0.064  0.095
   1.14125      5.824215  0.002  0.025  0.057  0.084
   1.11302      5.820891  0.002  0.022  0.052  0.076
   1.08480      5.800707  0.004  0.024  0.038  0.066
   1.05657      5.791613  0.000  0.016  0.021  0.039
   1.02835      5.764491  0.000  0.013  0.044  0.057
   1.00013      5.760253  0.002  0.008  0.067  0.079
   0.97190      5.743438  0.004  0.021  0.078  0.104
   0.94368      5.724966  0.004  0.026  0.090  0.119
   0.91545      5.718278  0.004  0.027  0.094  0.126
   0.91545      5.718278  0.004  0.027  0.094  0.126
   0.89550      5.723422  0.004  0.024  0.097  0.125
   0.87554      5.728399  0.002  0.021  0.099  0.123
   0.85558      5.755092  0.005  0.017  0.028  0.050
   0.83562      5.766145  0.004  0.010  0.044  0.062
   0.81567      5.744861  0.002  0.016  0.044  0.062
   0.79571      5.735560  0.000  0.011  0.023  0.035
   0.77575      5.758425  0.000  0.016  0.018  0.032
   0.75579      5.795144  0.000  0.008  0.012  0.021
   0.73584      5.840754  0.000  0.005  0.009  0.014
   0.71588      5.881658  0.000  0.002  0.006  0.008
   0.69592      5.914083  0.000  0.000  0.004  0.004
   0.67596      5.932817  0.000  0.002  0.002  0.004
   0.65600      5.935061  0.000  0.005  0.008  0.014
   0.63605      5.930860  0.004  0.016  0.010  0.028
   0.61609      5.970494  0.004  0.020  0.007  0.031
   0.59613      6.003180  0.004  0.024  0.011  0.040
   0.57617      5.991260  0.000  0.004  0.004  0.007
   0.55622      5.958783  0.000  0.002  0.002  0.006
   0.53626      5.946886  0.000  0.002  0.004  0.008
   0.53626      5.947062  0.000  0.002  0.004  0.008
   0.50804      5.955565  0.000  0.018  0.035  0.055
   0.47981      5.984405  0.000  0.038  0.024  0.060
   0.45159      5.959921  0.000  0.036  0.028  0.064
   0.42336      5.936289  0.000  0.028  0.007  0.036
   0.39514      5.972769  0.000  0.024  0.010  0.034
   0.36691      5.931386  0.000  0.004  0.015  0.022
   0.33869      5.916206  0.000  0.020  0.040  0.060
   0.31047      5.973880  0.000  0.002  0.014  0.020
   0.28224      6.014808  0.000  0.000  0.032  0.032
   0.25402      6.063676  0.000  0.002  0.028  0.030
   0.22579      6.067487  0.000  0.006  0.084  0.090
   0.19757      6.066125  0.000  0.008  0.097  0.110
   0.16935      6.066477  0.002  0.017  0.033  0.052
   0.14112      6.080805  0.000  0.000  0.030  0.030
   0.11290      6.061446  0.000  0.002  0.050  0.051
   0.08467      6.036653  0.000  0.000  0.066  0.068
   0.05645      6.115656  0.002  0.020  0.029  0.055
   0.02822      6.148425  0.002  0.024  0.022  0.052
   0.00000      6.150915  0.000  0.000  0.084  0.084
 
# Band-Index:  181
   0.00000      6.174098  0.004  0.030  0.010  0.046
   0.02822      6.156319  0.000  0.002  0.090  0.094
   0.05645      6.137912  0.000  0.014  0.050  0.064
   0.08467      6.137529  0.000  0.014  0.040  0.054
   0.11290      6.136845  0.000  0.010  0.032  0.042
   0.14112      6.109402  0.003  0.018  0.066  0.085
   0.16935      6.079735  0.000  0.013  0.081  0.097
   0.19757      6.080658  0.000  0.014  0.026  0.040
   0.22579      6.082587  0.000  0.008  0.026  0.032
   0.25402      6.072303  0.000  0.004  0.052  0.056
   0.28224      6.076435  0.000  0.002  0.032  0.036
   0.31047      6.047759  0.000  0.006  0.020  0.028
   0.33869      6.017092  0.000  0.000  0.012  0.012
   0.36691      5.998943  0.000  0.006  0.018  0.024
   0.39514      5.987959  0.000  0.004  0.011  0.014
   0.42336      6.019657  0.002  0.014  0.020  0.035
   0.45159      6.025486  0.008  0.028  0.015  0.050
   0.47981      5.987504  0.000  0.016  0.010  0.026
   0.50804      6.002795  0.000  0.030  0.022  0.054
   0.53626      5.976926  0.000  0.012  0.040  0.052
   0.53626      5.976973  0.000  0.012  0.040  0.052
   0.55622      5.962095  0.000  0.014  0.038  0.050
   0.57617      6.000526  0.002  0.008  0.004  0.014
   0.59613      6.011819  0.000  0.033  0.020  0.053
   0.61609      5.981053  0.000  0.024  0.050  0.075
   0.63605      5.944122  0.000  0.020  0.044  0.066
   0.65600      5.943520  0.000  0.010  0.004  0.014
   0.67596      5.965326  0.000  0.024  0.002  0.026
   0.69592      5.973839  0.000  0.028  0.002  0.032
   0.71588      5.977003  0.000  0.030  0.006  0.036
   0.73584      5.977419  0.000  0.032  0.004  0.036
   0.75579      5.975654  0.000  0.036  0.006  0.042
   0.77575      5.946173  0.006  0.040  0.038  0.082
   0.79571      5.896249  0.006  0.034  0.034  0.076
   0.81567      5.847027  0.004  0.030  0.034  0.070
   0.83562      5.800898  0.004  0.032  0.032  0.064
   0.85558      5.792178  0.004  0.022  0.042  0.066
   0.87554      5.815311  0.004  0.016  0.042  0.064
   0.89550      5.839590  0.006  0.016  0.040  0.062
   0.91545      5.864726  0.006  0.015  0.039  0.060
   0.91545      5.864725  0.006  0.015  0.039  0.060
   0.94368      5.837252  0.004  0.016  0.039  0.060
   0.97190      5.799099  0.002  0.021  0.040  0.063
   1.00013      5.783605  0.002  0.031  0.038  0.070
   1.02835      5.813223  0.004  0.023  0.033  0.061
   1.05657      5.829058  0.004  0.016  0.030  0.050
   1.08480      5.856715  0.000  0.003  0.019  0.024
   1.11302      5.897049  0.000  0.003  0.011  0.016
   1.14125      5.931867  0.000  0.004  0.012  0.017
   1.16947      5.944835  0.000  0.003  0.010  0.016
   1.19769      5.922621  0.001  0.002  0.008  0.011
   1.22592      5.981339  0.001  0.013  0.028  0.044
   1.25414      6.081086  0.001  0.010  0.035  0.046
   1.28237      6.122524  0.002  0.015  0.047  0.063
   1.31059      6.110688  0.003  0.017  0.042  0.062
   1.33882      6.088634  0.003  0.019  0.046  0.065
   1.36704      6.095503  0.003  0.016  0.102  0.120
   1.39526      6.104818  0.001  0.008  0.113  0.120
   1.42349      6.128057  0.000  0.009  0.103  0.114
   1.45171      6.149989  0.000  0.011  0.098  0.108
   1.45171      6.149990  0.000  0.011  0.098  0.108
   1.47167      6.116329  0.000  0.012  0.102  0.112
   1.49163      6.086934  0.010  0.010  0.020  0.040
   1.51159      6.076616  0.006  0.006  0.016  0.028
   1.53154      6.105406  0.002  0.006  0.020  0.028
   1.55150      6.130348  0.000  0.002  0.020  0.024
   1.57146      6.113257  0.000  0.006  0.016  0.022
   1.59142      6.077475  0.000  0.004  0.016  0.020
   1.61137      6.049552  0.000  0.006  0.010  0.018
   1.63133      6.040583  0.000  0.004  0.008  0.016
   1.65129      6.046746  0.000  0.008  0.008  0.016
   1.67125      6.063237  0.000  0.008  0.008  0.016
   1.69120      6.038648  0.004  0.012  0.020  0.038
   1.71116      6.067077  0.000  0.006  0.059  0.066
   1.73112      6.123446  0.000  0.012  0.052  0.065
   1.75108      6.152987  0.000  0.018  0.031  0.050
   1.77103      6.173983  0.000  0.018  0.044  0.062
   1.79099      6.179014  0.004  0.028  0.012  0.047
   1.81095      6.175228  0.004  0.030  0.010  0.046
   1.83091      6.174098  0.004  0.030  0.010  0.046
 
# Band-Index:  182
   1.83091      6.226896  0.002  0.029  0.026  0.060
   1.81095      6.229349  0.002  0.030  0.026  0.062
   1.79099      6.236527  0.002  0.030  0.030  0.062
   1.77103      6.187598  0.004  0.030  0.016  0.050
   1.75108      6.178828  0.000  0.016  0.048  0.066
   1.73112      6.146196  0.000  0.016  0.022  0.040
   1.71116      6.133944  0.000  0.012  0.018  0.032
   1.69120      6.094298  0.002  0.010  0.010  0.022
   1.67125      6.101727  0.000  0.008  0.014  0.024
   1.65129      6.090128  0.004  0.006  0.016  0.024
   1.63133      6.096836  0.004  0.006  0.016  0.024
   1.61137      6.145319  0.002  0.006  0.016  0.026
   1.59142      6.183771  0.000  0.012  0.010  0.024
   1.57146      6.160818  0.004  0.014  0.012  0.028
   1.55150      6.158253  0.004  0.010  0.016  0.032
   1.53154      6.174140  0.008  0.012  0.020  0.036
   1.51159      6.188869  0.004  0.008  0.032  0.049
   1.49163      6.151051  0.006  0.008  0.034  0.048
   1.47167      6.148086  0.012  0.014  0.028  0.058
   1.45171      6.150192  0.000  0.011  0.098  0.108
   1.45171      6.150192  0.000  0.011  0.098  0.108
   1.42349      6.128311  0.000  0.009  0.103  0.114
   1.39526      6.105080  0.001  0.007  0.113  0.120
   1.36704      6.095769  0.003  0.016  0.102  0.120
   1.33882      6.089137  0.003  0.019  0.045  0.066
   1.31059      6.111263  0.003  0.017  0.042  0.061
   1.28237      6.123126  0.002  0.015  0.047  0.063
   1.25414      6.081629  0.001  0.010  0.035  0.047
   1.22592      5.982149  0.001  0.013  0.028  0.044
   1.19769      5.923003  0.001  0.002  0.008  0.011
   1.16947      5.945184  0.000  0.003  0.010  0.016
   1.14125      5.932120  0.000  0.004  0.012  0.017
   1.11302      5.897189  0.000  0.003  0.011  0.016
   1.08480      5.856753  0.000  0.003  0.019  0.025
   1.05657      5.829246  0.004  0.016  0.030  0.050
   1.02835      5.813483  0.004  0.023  0.033  0.061
   1.00013      5.783813  0.002  0.031  0.039  0.070
   0.97190      5.799183  0.002  0.021  0.040  0.063
   0.94368      5.837384  0.004  0.016  0.039  0.059
   0.91545      5.864812  0.006  0.015  0.039  0.060
   0.91545      5.864811  0.006  0.015  0.039  0.060
   0.89550      5.889262  0.002  0.012  0.016  0.029
   0.87554      5.877831  0.002  0.016  0.016  0.033
   0.85558      5.878542  0.002  0.020  0.014  0.037
   0.83562      5.890942  0.002  0.025  0.016  0.044
   0.81567      5.912292  0.002  0.028  0.018  0.048
   0.79571      5.939017  0.002  0.032  0.018  0.050
   0.77575      5.964875  0.000  0.038  0.013  0.052
   0.75579      5.992616  0.004  0.046  0.038  0.088
   0.73584      6.027934  0.004  0.046  0.040  0.090
   0.71588      6.035908  0.000  0.030  0.022  0.056
   0.69592      6.041560  0.000  0.034  0.025  0.057
   0.67596      6.040504  0.002  0.038  0.050  0.090
   0.65600      6.012117  0.000  0.030  0.022  0.052
   0.63605      5.997653  0.000  0.038  0.018  0.056
   0.61609      5.999132  0.000  0.037  0.016  0.056
   0.59613      6.013900  0.000  0.028  0.050  0.079
   0.57617      6.023253  0.000  0.026  0.022  0.048
   0.55622      6.018062  0.000  0.030  0.026  0.056
   0.53626      6.009052  0.000  0.031  0.023  0.055
   0.53626      6.008914  0.000  0.032  0.022  0.055
   0.50804      6.020754  0.000  0.008  0.033  0.043
   0.47981      6.001480  0.000  0.004  0.006  0.011
   0.45159      6.036300  0.000  0.006  0.010  0.016
   0.42336      6.044352  0.000  0.004  0.010  0.012
   0.39514      6.021751  0.000  0.044  0.044  0.088
   0.36691      6.013731  0.000  0.014  0.016  0.030
   0.33869      6.030814  0.000  0.004  0.014  0.020
   0.31047      6.059471  0.000  0.004  0.024  0.028
   0.28224      6.089961  0.000  0.002  0.007  0.010
   0.25402      6.106893  0.000  0.000  0.000  0.000
   0.22579      6.108201  0.000  0.000  0.000  0.000
   0.19757      6.102445  0.000  0.000  0.004  0.004
   0.16935      6.093411  0.000  0.000  0.012  0.012
   0.14112      6.110081  0.001  0.017  0.061  0.079
   0.11290      6.142485  0.004  0.015  0.069  0.087
   0.08467      6.184815  0.002  0.019  0.053  0.075
   0.05645      6.170909  0.000  0.006  0.106  0.112
   0.02822      6.198177  0.004  0.028  0.032  0.060
   0.00000      6.226896  0.002  0.029  0.026  0.060
 
# Band-Index:  183
   0.00000      6.297198  0.000  0.028  0.044  0.073
   0.02822      6.278167  0.000  0.027  0.036  0.065
   0.05645      6.232920  0.000  0.021  0.043  0.064
   0.08467      6.195306  0.000  0.010  0.129  0.138
   0.11290      6.152784  0.000  0.021  0.041  0.062
   0.14112      6.135665  0.000  0.008  0.024  0.032
   0.16935      6.134475  0.000  0.006  0.018  0.024
   0.19757      6.134127  0.000  0.004  0.016  0.018
   0.22579      6.135321  0.000  0.002  0.012  0.016
   0.25402      6.138271  0.000  0.002  0.010  0.012
   0.28224      6.143106  0.000  0.003  0.008  0.010
   0.31047      6.112339  0.000  0.010  0.028  0.038
   0.33869      6.052349  0.000  0.004  0.023  0.028
   0.36691      6.028240  0.000  0.002  0.016  0.018
   0.39514      6.032328  0.000  0.005  0.018  0.025
   0.42336      6.068727  0.000  0.064  0.044  0.109
   0.45159      6.090061  0.000  0.007  0.004  0.012
   0.47981      6.069675  0.009  0.026  0.011  0.047
   0.50804      6.038040  0.000  0.015  0.028  0.044
   0.53626      6.045558  0.000  0.022  0.020  0.043
   0.53626      6.046748  0.000  0.022  0.021  0.043
   0.55622      6.041083  0.000  0.024  0.020  0.045
   0.57617      6.028709  0.000  0.030  0.022  0.048
   0.59613      6.032349  0.000  0.004  0.006  0.012
   0.61609      6.060920  0.000  0.036  0.034  0.071
   0.63605      6.047048  0.000  0.036  0.042  0.080
   0.65600      6.040963  0.002  0.038  0.050  0.089
   0.67596      6.045431  0.000  0.019  0.025  0.044
   0.69592      6.043669  0.002  0.039  0.049  0.090
   0.71588      6.043316  0.002  0.045  0.044  0.092
   0.73584      6.030893  0.002  0.029  0.022  0.050
   0.75579      6.012645  0.000  0.015  0.020  0.034
   0.77575      5.990690  0.000  0.012  0.012  0.024
   0.79571      5.986193  0.000  0.016  0.008  0.026
   0.81567      5.987476  0.000  0.018  0.006  0.026
   0.83562      5.980317  0.008  0.014  0.026  0.048
   0.85558      5.948753  0.008  0.014  0.028  0.050
   0.87554      5.919058  0.008  0.014  0.030  0.052
   0.89550      5.891148  0.007  0.014  0.036  0.056
   0.91545      5.910883  0.002  0.008  0.015  0.026
   0.91545      5.910883  0.002  0.008  0.015  0.026
   0.94368      5.932093  0.003  0.007  0.014  0.024
   0.97190      5.958013  0.003  0.006  0.014  0.023
   1.00013      5.970327  0.004  0.009  0.018  0.030
   1.02835      5.957936  0.003  0.013  0.026  0.041
   1.05657      5.957190  0.003  0.012  0.022  0.039
   1.08480      6.001234  0.004  0.014  0.017  0.034
   1.11302      6.062567  0.004  0.014  0.023  0.043
   1.14125      6.126919  0.005  0.015  0.034  0.052
   1.16947      6.159598  0.001  0.020  0.081  0.103
   1.19769      6.140689  0.001  0.018  0.116  0.136
   1.22592      6.127021  0.001  0.012  0.119  0.132
   1.25414      6.135284  0.004  0.014  0.098  0.114
   1.28237      6.180324  0.003  0.010  0.064  0.076
   1.31059      6.220288  0.004  0.011  0.058  0.073
   1.33882      6.266594  0.002  0.011  0.058  0.071
   1.36704      6.259096  0.004  0.007  0.045  0.057
   1.39526      6.231813  0.011  0.015  0.032  0.057
   1.42349      6.220230  0.013  0.015  0.033  0.064
   1.45171      6.216302  0.014  0.017  0.034  0.066
   1.45171      6.216303  0.014  0.017  0.034  0.066
   1.47167      6.184019  0.000  0.010  0.096  0.107
   1.49163      6.218130  0.000  0.012  0.092  0.102
   1.51159      6.202238  0.008  0.016  0.024  0.044
   1.53154      6.207785  0.004  0.011  0.028  0.042
   1.55150      6.216755  0.006  0.014  0.018  0.040
   1.57146      6.249415  0.004  0.014  0.016  0.034
   1.59142      6.242619  0.006  0.012  0.012  0.028
   1.61137      6.243177  0.004  0.019  0.006  0.028
   1.63133      6.233107  0.004  0.016  0.020  0.042
   1.65129      6.172682  0.004  0.014  0.024  0.042
   1.67125      6.106064  0.004  0.014  0.024  0.042
   1.69120      6.118130  0.000  0.008  0.014  0.028
   1.71116      6.137486  0.000  0.016  0.010  0.024
   1.73112      6.193428  0.000  0.020  0.012  0.030
   1.75108      6.203585  0.004  0.030  0.022  0.058
   1.77103      6.227819  0.000  0.020  0.046  0.068
   1.79099      6.237244  0.000  0.023  0.041  0.065
   1.81095      6.281773  0.000  0.028  0.041  0.069
   1.83091      6.297195  0.000  0.028  0.044  0.073
 
# Band-Index:  184
   1.83091      6.298342  0.000  0.029  0.042  0.071
   1.81095      6.289488  0.000  0.027  0.047  0.075
   1.79099      6.265719  0.000  0.025  0.047  0.072
   1.77103      6.247766  0.002  0.028  0.031  0.063
   1.75108      6.251114  0.000  0.026  0.022  0.048
   1.73112      6.225751  0.004  0.031  0.022  0.059
   1.71116      6.251445  0.004  0.032  0.020  0.060
   1.69120      6.278151  0.004  0.032  0.020  0.058
   1.67125      6.302042  0.004  0.032  0.016  0.050
   1.65129      6.313021  0.002  0.028  0.010  0.040
   1.63133      6.291144  0.002  0.022  0.004  0.030
   1.61137      6.273406  0.004  0.018  0.016  0.040
   1.59142      6.278522  0.004  0.014  0.016  0.034
   1.57146      6.330317  0.006  0.014  0.016  0.032
   1.55150      6.320978  0.000  0.014  0.084  0.098
   1.53154      6.286763  0.000  0.012  0.088  0.098
   1.51159      6.252415  0.000  0.012  0.090  0.102
   1.49163      6.236104  0.010  0.016  0.024  0.052
   1.47167      6.256942  0.014  0.020  0.032  0.064
   1.45171      6.216352  0.014  0.017  0.034  0.068
   1.45171      6.216352  0.014  0.017  0.034  0.068
   1.42349      6.220281  0.013  0.015  0.033  0.064
   1.39526      6.231887  0.011  0.015  0.032  0.057
   1.36704      6.259218  0.004  0.007  0.045  0.057
   1.33882      6.266985  0.002  0.011  0.058  0.071
   1.31059      6.220522  0.004  0.010  0.058  0.073
   1.28237      6.180344  0.003  0.010  0.064  0.076
   1.25414      6.135690  0.004  0.014  0.098  0.114
   1.22592      6.127234  0.001  0.012  0.119  0.133
   1.19769      6.140768  0.001  0.018  0.116  0.136
   1.16947      6.160358  0.001  0.019  0.081  0.102
   1.14125      6.127108  0.004  0.014  0.034  0.050
   1.11302      6.062774  0.004  0.014  0.023  0.043
   1.08480      6.001570  0.004  0.014  0.017  0.034
   1.05657      5.957662  0.003  0.012  0.022  0.039
   1.02835      5.958596  0.003  0.013  0.026  0.041
   1.00013      5.971017  0.004  0.009  0.018  0.030
   0.97190      5.958723  0.003  0.006  0.013  0.023
   0.94368      5.932776  0.003  0.007  0.014  0.024
   0.91545      5.911592  0.002  0.008  0.015  0.026
   0.91545      5.911592  0.002  0.008  0.015  0.026
   0.89550      5.941771  0.002  0.006  0.016  0.024
   0.87554      5.979221  0.002  0.004  0.016  0.024
   0.85558      5.996566  0.000  0.016  0.008  0.026
   0.83562      5.991105  0.000  0.018  0.008  0.026
   0.81567      6.013475  0.008  0.014  0.022  0.046
   0.79571      6.026128  0.004  0.014  0.020  0.037
   0.77575      6.024968  0.004  0.018  0.022  0.042
   0.75579      6.026767  0.002  0.023  0.020  0.047
   0.73584      6.042545  0.000  0.017  0.020  0.038
   0.71588      6.046124  0.003  0.036  0.033  0.074
   0.69592      6.055631  0.002  0.046  0.028  0.077
   0.67596      6.050046  0.000  0.031  0.025  0.054
   0.65600      6.062472  0.000  0.024  0.018  0.042
   0.63605      6.071345  0.002  0.017  0.012  0.030
   0.61609      6.063439  0.002  0.010  0.010  0.021
   0.59613      6.079734  0.002  0.008  0.015  0.026
   0.57617      6.040347  0.000  0.027  0.032  0.061
   0.55622      6.059718  0.000  0.024  0.010  0.036
   0.53626      6.067121  0.000  0.022  0.002  0.024
   0.53626      6.067023  0.000  0.022  0.002  0.024
   0.50804      6.043670  0.000  0.018  0.004  0.020
   0.47981      6.086174  0.000  0.008  0.039  0.047
   0.45159      6.107270  0.000  0.067  0.040  0.104
   0.42336      6.116330  0.002  0.006  0.013  0.024
   0.39514      6.130098  0.000  0.004  0.032  0.036
   0.36691      6.102972  0.000  0.010  0.030  0.041
   0.33869      6.094811  0.000  0.012  0.028  0.038
   0.31047      6.151108  0.000  0.004  0.010  0.015
   0.28224      6.161369  0.000  0.015  0.043  0.058
   0.25402      6.170897  0.004  0.022  0.050  0.076
   0.22579      6.152475  0.002  0.020  0.062  0.084
   0.19757      6.141922  0.002  0.018  0.072  0.090
   0.16935      6.153368  0.002  0.016  0.058  0.076
   0.14112      6.211926  0.000  0.021  0.026  0.048
   0.11290      6.232924  0.000  0.018  0.154  0.170
   0.08467      6.202777  0.000  0.023  0.032  0.055
   0.05645      6.251833  0.000  0.025  0.033  0.059
   0.02822      6.286571  0.000  0.028  0.039  0.069
   0.00000      6.298358  0.000  0.029  0.042  0.071
 
# Band-Index:  185
   0.00000      6.421634  0.000  0.034  0.012  0.044
   0.02822      6.403538  0.000  0.030  0.020  0.050
   0.05645      6.370504  0.000  0.026  0.038  0.064
   0.08467      6.343493  0.000  0.024  0.064  0.088
   0.11290      6.293677  0.004  0.024  0.020  0.044
   0.14112      6.287282  0.000  0.024  0.178  0.202
   0.16935      6.356305  0.000  0.031  0.186  0.219
   0.19757      6.418620  0.002  0.015  0.067  0.084
   0.22579      6.339456  0.000  0.022  0.019  0.042
   0.25402      6.254627  0.000  0.018  0.048  0.066
   0.28224      6.186814  0.002  0.024  0.040  0.066
   0.31047      6.155166  0.004  0.004  0.032  0.041
   0.33869      6.165104  0.000  0.010  0.012  0.024
   0.36691      6.154685  0.000  0.018  0.010  0.030
   0.39514      6.152296  0.002  0.010  0.010  0.022
   0.42336      6.171977  0.000  0.004  0.023  0.029
   0.45159      6.125317  0.000  0.002  0.008  0.012
   0.47981      6.108925  0.000  0.010  0.030  0.041
   0.50804      6.119160  0.008  0.030  0.006  0.044
   0.53626      6.145988  0.008  0.033  0.006  0.046
   0.53626      6.150141  0.008  0.030  0.007  0.045
   0.55622      6.135839  0.006  0.023  0.008  0.038
   0.57617      6.119135  0.000  0.034  0.030  0.063
   0.59613      6.084103  0.000  0.034  0.028  0.061
   0.61609      6.112083  0.000  0.029  0.026  0.055
   0.63605      6.113750  0.000  0.042  0.022  0.066
   0.65600      6.100188  0.000  0.048  0.023  0.072
   0.67596      6.077211  0.002  0.050  0.026  0.078
   0.69592      6.072659  0.000  0.017  0.023  0.038
   0.71588      6.067351  0.000  0.018  0.020  0.038
   0.73584      6.054294  0.004  0.028  0.034  0.066
   0.75579      6.072587  0.006  0.021  0.034  0.060
   0.77575      6.075393  0.008  0.014  0.032  0.054
   0.79571      6.047389  0.008  0.014  0.024  0.048
   0.81567      6.028990  0.002  0.012  0.022  0.036
   0.83562      6.031423  0.002  0.011  0.020  0.032
   0.85558      6.021976  0.002  0.004  0.010  0.016
   0.87554      6.003433  0.000  0.016  0.010  0.026
   0.89550      6.011074  0.000  0.014  0.012  0.028
   0.91545      6.018321  0.001  0.012  0.014  0.028
   0.91545      6.018324  0.001  0.012  0.014  0.028
   0.94368      6.032191  0.001  0.012  0.014  0.030
   0.97190      6.061069  0.002  0.014  0.015  0.033
   1.00013      6.077458  0.002  0.013  0.029  0.045
   1.02835      6.057039  0.001  0.009  0.035  0.046
   1.05657      6.055423  0.001  0.011  0.041  0.054
   1.08480      6.084466  0.001  0.015  0.047  0.062
   1.11302      6.134934  0.001  0.019  0.045  0.067
   1.14125      6.176930  0.001  0.027  0.059  0.088
   1.16947      6.207462  0.002  0.022  0.061  0.088
   1.19769      6.239156  0.003  0.014  0.043  0.060
   1.22592      6.212722  0.003  0.016  0.045  0.064
   1.25414      6.189527  0.002  0.015  0.051  0.070
   1.28237      6.211648  0.003  0.017  0.060  0.079
   1.31059      6.291382  0.001  0.011  0.072  0.084
   1.33882      6.311871  0.004  0.007  0.051  0.060
   1.36704      6.327327  0.004  0.012  0.034  0.051
   1.39526      6.361865  0.005  0.012  0.033  0.051
   1.42349      6.366622  0.007  0.016  0.030  0.050
   1.45171      6.362383  0.007  0.015  0.026  0.049
   1.45171      6.362383  0.007  0.015  0.027  0.049
   1.47167      6.349291  0.006  0.016  0.031  0.052
   1.49163      6.396633  0.008  0.018  0.036  0.063
   1.51159      6.434596  0.004  0.008  0.012  0.024
   1.53154      6.411249  0.004  0.008  0.017  0.030
   1.55150      6.409304  0.006  0.018  0.020  0.043
   1.57146      6.354761  0.000  0.014  0.082  0.094
   1.59142      6.387865  0.000  0.014  0.078  0.092
   1.61137      6.419838  0.000  0.015  0.076  0.090
   1.63133      6.399967  0.000  0.013  0.032  0.048
   1.65129      6.375769  0.002  0.018  0.032  0.049
   1.67125      6.351532  0.002  0.019  0.034  0.054
   1.69120      6.327760  0.002  0.022  0.032  0.057
   1.71116      6.305001  0.002  0.024  0.032  0.061
   1.73112      6.284145  0.002  0.026  0.032  0.060
   1.75108      6.270152  0.002  0.025  0.020  0.048
   1.77103      6.318795  0.000  0.026  0.010  0.040
   1.79099      6.370462  0.000  0.031  0.014  0.042
   1.81095      6.407626  0.000  0.030  0.012  0.044
   1.83091      6.421645  0.000  0.034  0.014  0.044
 
# Band-Index:  186
   1.83091      6.463322  0.010  0.004  0.048  0.061
   1.81095      6.467630  0.010  0.004  0.045  0.060
   1.79099      6.475873  0.012  0.004  0.046  0.060
   1.77103      6.485721  0.012  0.004  0.046  0.061
   1.75108      6.496586  0.010  0.004  0.048  0.064
   1.73112      6.508335  0.010  0.004  0.050  0.066
   1.71116      6.520692  0.010  0.004  0.054  0.069
   1.69120      6.523776  0.000  0.020  0.054  0.074
   1.67125      6.504168  0.000  0.020  0.060  0.080
   1.65129      6.470359  0.002  0.014  0.031  0.050
   1.63133      6.450292  0.000  0.018  0.073  0.088
   1.61137      6.421490  0.002  0.012  0.036  0.050
   1.59142      6.430150  0.002  0.012  0.038  0.052
   1.57146      6.422035  0.003  0.014  0.032  0.048
   1.55150      6.410053  0.003  0.010  0.027  0.039
   1.53154      6.458888  0.010  0.022  0.024  0.054
   1.51159      6.449212  0.010  0.020  0.032  0.064
   1.49163      6.444468  0.008  0.012  0.020  0.042
   1.47167      6.406090  0.008  0.015  0.028  0.054
   1.45171      6.362791  0.007  0.015  0.026  0.049
   1.45171      6.362791  0.007  0.015  0.026  0.049
   1.42349      6.367051  0.007  0.016  0.030  0.050
   1.39526      6.362363  0.005  0.012  0.033  0.051
   1.36704      6.327784  0.004  0.012  0.034  0.051
   1.33882      6.311953  0.004  0.007  0.050  0.060
   1.31059      6.291705  0.001  0.011  0.072  0.084
   1.28237      6.212322  0.003  0.017  0.061  0.079
   1.25414      6.190023  0.002  0.015  0.051  0.070
   1.22592      6.213275  0.003  0.016  0.044  0.063
   1.19769      6.239603  0.003  0.014  0.043  0.060
   1.16947      6.207622  0.002  0.022  0.062  0.088
   1.14125      6.177030  0.001  0.027  0.060  0.088
   1.11302      6.135149  0.001  0.019  0.045  0.067
   1.08480      6.084641  0.001  0.016  0.047  0.061
   1.05657      6.055536  0.001  0.011  0.041  0.054
   1.02835      6.057109  0.001  0.009  0.035  0.046
   1.00013      6.078045  0.002  0.013  0.029  0.045
   0.97190      6.061775  0.002  0.014  0.015  0.033
   0.94368      6.032877  0.001  0.012  0.014  0.030
   0.91545      6.019016  0.001  0.012  0.014  0.028
   0.91545      6.019016  0.001  0.012  0.014  0.028
   0.89550      6.025274  0.002  0.011  0.016  0.029
   0.87554      6.029997  0.002  0.012  0.018  0.032
   0.85558      6.032502  0.002  0.012  0.028  0.042
   0.83562      6.070127  0.002  0.004  0.020  0.026
   0.81567      6.121082  0.002  0.004  0.022  0.024
   0.79571      6.121898  0.003  0.010  0.022  0.033
   0.77575      6.115348  0.006  0.009  0.016  0.030
   0.75579      6.132168  0.008  0.012  0.008  0.028
   0.73584      6.163775  0.008  0.014  0.010  0.031
   0.71588      6.194407  0.007  0.014  0.017  0.038
   0.69592      6.211561  0.003  0.017  0.033  0.052
   0.67596      6.201431  0.000  0.010  0.004  0.017
   0.65600      6.209454  0.002  0.010  0.004  0.016
   0.63605      6.216547  0.002  0.011  0.009  0.022
   0.61609      6.190951  0.000  0.016  0.004  0.022
   0.59613      6.140913  0.000  0.018  0.012  0.030
   0.57617      6.126162  0.004  0.020  0.015  0.038
   0.55622      6.164577  0.000  0.036  0.034  0.071
   0.53626      6.189315  0.000  0.006  0.014  0.021
   0.53626      6.178710  0.000  0.004  0.009  0.013
   0.50804      6.166956  0.000  0.051  0.036  0.088
   0.47981      6.136206  0.000  0.060  0.033  0.092
   0.45159      6.178322  0.000  0.006  0.036  0.043
   0.42336      6.173108  0.000  0.004  0.027  0.031
   0.39514      6.203640  0.000  0.008  0.014  0.022
   0.36691      6.187700  0.000  0.018  0.020  0.038
   0.33869      6.180242  0.004  0.026  0.012  0.038
   0.31047      6.183774  0.000  0.015  0.020  0.036
   0.28224      6.200396  0.000  0.018  0.022  0.040
   0.25402      6.260443  0.000  0.020  0.022  0.042
   0.22579      6.359812  0.000  0.020  0.060  0.078
   0.19757      6.423484  0.000  0.041  0.167  0.208
   0.16935      6.404910  0.000  0.032  0.172  0.205
   0.14112      6.358166  0.000  0.030  0.146  0.175
   0.11290      6.336250  0.000  0.028  0.101  0.130
   0.08467      6.352978  0.004  0.018  0.030  0.052
   0.05645      6.385210  0.006  0.008  0.044  0.056
   0.02822      6.425066  0.010  0.002  0.050  0.058
   0.00000      6.463346  0.010  0.004  0.048  0.061
 
# Band-Index:  187
   0.00000      6.539772  0.004  0.002  0.009  0.019
   0.02822      6.549125  0.006  0.004  0.010  0.022
   0.05645      6.573187  0.006  0.007  0.009  0.022
   0.08467      6.517089  0.006  0.004  0.047  0.060
   0.11290      6.452513  0.006  0.002  0.061  0.068
   0.14112      6.427715  0.007  0.004  0.064  0.074
   0.16935      6.419215  0.004  0.008  0.065  0.080
   0.19757      6.428015  0.002  0.022  0.015  0.040
   0.22579      6.406467  0.000  0.044  0.060  0.104
   0.25402      6.330583  0.000  0.044  0.038  0.082
   0.28224      6.280362  0.000  0.042  0.032  0.072
   0.31047      6.205551  0.000  0.024  0.014  0.040
   0.33869      6.203825  0.002  0.012  0.020  0.032
   0.36691      6.230382  0.000  0.008  0.017  0.030
   0.39514      6.218111  0.000  0.028  0.020  0.048
   0.42336      6.211266  0.000  0.020  0.004  0.026
   0.45159      6.210790  0.002  0.016  0.026  0.044
   0.47981      6.142847  0.000  0.004  0.012  0.014
   0.50804      6.171642  0.000  0.004  0.010  0.014
   0.53626      6.203816  0.000  0.031  0.034  0.064
   0.53626      6.204791  0.000  0.033  0.037  0.073
   0.55622      6.192089  0.002  0.012  0.008  0.022
   0.57617      6.199582  0.002  0.007  0.014  0.022
   0.59613      6.195702  0.002  0.007  0.016  0.026
   0.61609      6.200701  0.000  0.006  0.020  0.025
   0.63605      6.217974  0.000  0.014  0.013  0.028
   0.65600      6.229859  0.001  0.014  0.024  0.038
   0.67596      6.229783  0.002  0.023  0.042  0.067
   0.69592      6.214062  0.002  0.011  0.017  0.031
   0.71588      6.197910  0.004  0.013  0.037  0.054
   0.73584      6.196767  0.002  0.009  0.046  0.058
   0.75579      6.220957  0.004  0.006  0.045  0.055
   0.77575      6.228852  0.002  0.004  0.020  0.026
   0.79571      6.174425  0.002  0.004  0.020  0.025
   0.81567      6.127338  0.002  0.010  0.021  0.034
   0.83562      6.126610  0.002  0.008  0.022  0.032
   0.85558      6.127620  0.004  0.009  0.020  0.030
   0.87554      6.131775  0.004  0.006  0.020  0.030
   0.89550      6.139945  0.004  0.008  0.016  0.026
   0.91545      6.153201  0.002  0.007  0.014  0.023
   0.91545      6.153280  0.002  0.006  0.014  0.024
   0.94368      6.146375  0.002  0.006  0.016  0.023
   0.97190      6.126106  0.002  0.007  0.018  0.026
   1.00013      6.109963  0.000  0.006  0.008  0.014
   1.02835      6.151090  0.000  0.006  0.004  0.011
   1.05657      6.218335  0.000  0.004  0.004  0.009
   1.08480      6.297816  0.000  0.004  0.004  0.009
   1.11302      6.351752  0.001  0.019  0.061  0.083
   1.14125      6.299651  0.002  0.019  0.073  0.095
   1.16947      6.264069  0.003  0.014  0.049  0.067
   1.19769      6.254324  0.003  0.022  0.054  0.078
   1.22592      6.292101  0.003  0.021  0.060  0.083
   1.25414      6.331814  0.002  0.019  0.063  0.082
   1.28237      6.383260  0.002  0.009  0.054  0.066
   1.31059      6.387865  0.004  0.007  0.034  0.045
   1.33882      6.395781  0.004  0.009  0.041  0.055
   1.36704      6.465599  0.005  0.013  0.038  0.058
   1.39526      6.543214  0.006  0.016  0.036  0.057
   1.42349      6.632284  0.003  0.024  0.034  0.063
   1.45171      6.634287  0.000  0.015  0.020  0.035
   1.45171      6.634850  0.000  0.015  0.018  0.036
   1.47167      6.576183  0.000  0.012  0.018  0.030
   1.49163      6.530021  0.002  0.015  0.027  0.044
   1.51159      6.544578  0.006  0.020  0.040  0.066
   1.53154      6.587631  0.002  0.016  0.039  0.060
   1.55150      6.570963  0.006  0.018  0.038  0.062
   1.57146      6.553830  0.006  0.016  0.040  0.061
   1.59142      6.516508  0.002  0.022  0.031  0.055
   1.61137      6.476829  0.004  0.022  0.034  0.060
   1.63133      6.456613  0.004  0.019  0.034  0.058
   1.65129      6.478337  0.000  0.018  0.066  0.084
   1.67125      6.513846  0.000  0.012  0.029  0.041
   1.69120      6.533414  0.010  0.006  0.056  0.074
   1.71116      6.539010  0.000  0.020  0.044  0.064
   1.73112      6.549223  0.000  0.018  0.036  0.055
   1.75108      6.554471  0.000  0.016  0.032  0.048
   1.77103      6.557776  0.000  0.012  0.029  0.042
   1.79099      6.556577  0.004  0.004  0.012  0.020
   1.81095      6.544782  0.004  0.002  0.009  0.018
   1.83091      6.541988  0.004  0.002  0.011  0.019
 
# Band-Index:  188
   1.83091      6.568037  0.000  0.000  0.038  0.038
   1.81095      6.566302  0.000  0.004  0.034  0.037
   1.79099      6.560560  0.000  0.006  0.028  0.037
   1.77103      6.575925  0.004  0.004  0.007  0.017
   1.75108      6.601245  0.004  0.006  0.008  0.020
   1.73112      6.600755  0.000  0.004  0.030  0.036
   1.71116      6.586140  0.000  0.006  0.030  0.040
   1.69120      6.559236  0.000  0.009  0.028  0.038
   1.67125      6.544555  0.010  0.010  0.056  0.076
   1.65129      6.552263  0.010  0.010  0.058  0.078
   1.63133      6.553901  0.008  0.014  0.057  0.078
   1.61137      6.547913  0.008  0.013  0.051  0.074
   1.59142      6.544707  0.004  0.015  0.044  0.063
   1.57146      6.569610  0.002  0.017  0.024  0.046
   1.55150      6.614124  0.006  0.014  0.028  0.046
   1.53154      6.588738  0.002  0.019  0.035  0.057
   1.51159      6.589909  0.000  0.022  0.036  0.057
   1.49163      6.624154  0.000  0.025  0.032  0.060
   1.47167      6.654701  0.000  0.029  0.032  0.062
   1.45171      6.635887  0.000  0.015  0.018  0.037
   1.45171      6.635535  0.000  0.015  0.019  0.035
   1.42349      6.632550  0.003  0.025  0.032  0.063
   1.39526      6.543398  0.006  0.016  0.036  0.057
   1.36704      6.465620  0.005  0.014  0.038  0.057
   1.33882      6.395800  0.004  0.009  0.041  0.054
   1.31059      6.387950  0.004  0.007  0.034  0.045
   1.28237      6.383288  0.002  0.009  0.054  0.066
   1.25414      6.331997  0.002  0.019  0.063  0.082
   1.22592      6.292557  0.003  0.021  0.059  0.085
   1.19769      6.254357  0.003  0.022  0.054  0.078
   1.16947      6.264495  0.003  0.015  0.049  0.067
   1.14125      6.301516  0.002  0.018  0.075  0.096
   1.11302      6.354523  0.001  0.019  0.057  0.076
   1.08480      6.299144  0.000  0.004  0.004  0.010
   1.05657      6.219161  0.000  0.004  0.004  0.009
   1.02835      6.151999  0.000  0.006  0.004  0.011
   1.00013      6.110081  0.000  0.006  0.008  0.014
   0.97190      6.126257  0.002  0.007  0.018  0.027
   0.94368      6.146691  0.002  0.007  0.016  0.025
   0.91545      6.153522  0.002  0.006  0.014  0.023
   0.91545      6.153531  0.002  0.007  0.014  0.023
   0.89550      6.171903  0.002  0.006  0.012  0.021
   0.87554      6.193861  0.002  0.006  0.012  0.020
   0.85558      6.219006  0.002  0.006  0.012  0.018
   0.83562      6.249665  0.002  0.006  0.011  0.018
   0.81567      6.281314  0.002  0.006  0.011  0.020
   0.79571      6.298117  0.003  0.007  0.019  0.029
   0.77575      6.260332  0.004  0.008  0.044  0.053
   0.75579      6.280260  0.000  0.009  0.032  0.042
   0.73584      6.281840  0.000  0.011  0.030  0.044
   0.71588      6.258947  0.000  0.006  0.011  0.017
   0.69592      6.224655  0.007  0.015  0.016  0.036
   0.67596      6.235205  0.002  0.015  0.027  0.044
   0.65600      6.248408  0.002  0.015  0.034  0.051
   0.63605      6.222403  0.000  0.004  0.022  0.025
   0.61609      6.220922  0.002  0.008  0.006  0.017
   0.59613      6.224006  0.002  0.012  0.010  0.025
   0.57617      6.215185  0.003  0.016  0.009  0.029
   0.55622      6.205175  0.002  0.007  0.010  0.022
   0.53626      6.208806  0.002  0.016  0.019  0.035
   0.53626      6.211758  0.001  0.026  0.026  0.052
   0.50804      6.220612  0.001  0.028  0.027  0.056
   0.47981      6.223903  0.002  0.022  0.020  0.046
   0.45159      6.216060  0.001  0.010  0.038  0.049
   0.42336      6.275675  0.000  0.011  0.049  0.063
   0.39514      6.298358  0.000  0.008  0.010  0.018
   0.36691      6.285798  0.000  0.022  0.016  0.034
   0.33869      6.270452  0.000  0.028  0.022  0.050
   0.31047      6.264829  0.000  0.034  0.026  0.060
   0.28224      6.326346  0.000  0.006  0.019  0.025
   0.25402      6.431538  0.000  0.017  0.051  0.068
   0.22579      6.427473  0.002  0.020  0.070  0.092
   0.19757      6.431364  0.000  0.028  0.128  0.154
   0.16935      6.516302  0.002  0.024  0.012  0.038
   0.14112      6.586345  0.002  0.022  0.012  0.036
   0.11290      6.601544  0.000  0.004  0.012  0.015
   0.08467      6.595002  0.002  0.008  0.008  0.017
   0.05645      6.610005  0.006  0.008  0.032  0.050
   0.02822      6.592419  0.000  0.004  0.030  0.034
   0.00000      6.566311  0.000  0.000  0.038  0.038
 
# Band-Index:  189
   0.00000      6.648192  0.000  0.002  0.039  0.044
   0.02822      6.647146  0.000  0.005  0.005  0.010
   0.05645      6.630004  0.000  0.005  0.008  0.015
   0.08467      6.616974  0.000  0.004  0.008  0.012
   0.11290      6.606272  0.000  0.008  0.008  0.016
   0.14112      6.596184  0.000  0.006  0.012  0.019
   0.16935      6.587006  0.000  0.008  0.013  0.023
   0.19757      6.535921  0.000  0.016  0.021  0.035
   0.22579      6.533893  0.000  0.015  0.076  0.090
   0.25402      6.485436  0.002  0.018  0.034  0.056
   0.28224      6.483721  0.002  0.039  0.054  0.096
   0.31047      6.480365  0.004  0.036  0.024  0.063
   0.33869      6.428492  0.004  0.014  0.033  0.047
   0.36691      6.367042  0.004  0.008  0.022  0.033
   0.39514      6.324229  0.004  0.009  0.030  0.042
   0.42336      6.293663  0.000  0.016  0.026  0.042
   0.45159      6.245981  0.000  0.009  0.035  0.045
   0.47981      6.277685  0.001  0.010  0.030  0.042
   0.50804      6.245589  0.001  0.010  0.017  0.030
   0.53626      6.222650  0.000  0.022  0.025  0.049
   0.53626      6.224362  0.002  0.025  0.025  0.051
   0.55622      6.235899  0.000  0.025  0.020  0.045
   0.57617      6.229848  0.002  0.018  0.016  0.036
   0.59613      6.232266  0.003  0.018  0.011  0.031
   0.61609      6.250278  0.003  0.018  0.025  0.047
   0.63605      6.255477  0.001  0.027  0.049  0.078
   0.65600      6.250594  0.002  0.014  0.033  0.046
   0.67596      6.263730  0.005  0.014  0.013  0.032
   0.69592      6.272365  0.000  0.011  0.025  0.036
   0.71588      6.268168  0.000  0.010  0.030  0.041
   0.73584      6.316017  0.000  0.004  0.019  0.022
   0.75579      6.282975  0.000  0.005  0.023  0.029
   0.77575      6.302601  0.002  0.013  0.037  0.050
   0.79571      6.322398  0.001  0.009  0.035  0.045
   0.81567      6.361217  0.001  0.010  0.041  0.051
   0.83562      6.382099  0.000  0.014  0.031  0.046
   0.85558      6.379495  0.000  0.018  0.026  0.044
   0.87554      6.380957  0.000  0.021  0.026  0.047
   0.89550      6.386810  0.000  0.023  0.026  0.050
   0.91545      6.395185  0.000  0.024  0.026  0.050
   0.91545      6.395400  0.000  0.025  0.025  0.051
   0.94368      6.382925  0.000  0.024  0.027  0.052
   0.97190      6.366239  0.000  0.022  0.030  0.052
   1.00013      6.379730  0.000  0.021  0.026  0.048
   1.02835      6.421846  0.000  0.025  0.024  0.051
   1.05657      6.442609  0.000  0.030  0.038  0.067
   1.08480      6.410193  0.001  0.030  0.057  0.089
   1.11302      6.385824  0.000  0.011  0.024  0.035
   1.14125      6.437239  0.001  0.002  0.016  0.021
   1.16947      6.394653  0.002  0.003  0.030  0.036
   1.19769      6.396059  0.002  0.004  0.027  0.035
   1.22592      6.435485  0.002  0.005  0.025  0.034
   1.25414      6.462062  0.003  0.008  0.029  0.040
   1.28237      6.444314  0.004  0.011  0.036  0.053
   1.31059      6.482781  0.004  0.012  0.034  0.053
   1.33882      6.533204  0.005  0.019  0.039  0.063
   1.36704      6.575107  0.002  0.016  0.043  0.061
   1.39526      6.659635  0.001  0.015  0.037  0.054
   1.42349      6.656639  0.000  0.006  0.020  0.025
   1.45171      6.694054  0.002  0.019  0.034  0.055
   1.45171      6.694815  0.002  0.018  0.034  0.055
   1.47167      6.675728  0.004  0.021  0.034  0.060
   1.49163      6.649274  0.006  0.021  0.034  0.060
   1.51159      6.621598  0.006  0.022  0.034  0.062
   1.53154      6.601835  0.013  0.024  0.038  0.077
   1.55150      6.651132  0.010  0.024  0.042  0.076
   1.57146      6.696943  0.006  0.022  0.043  0.072
   1.59142      6.695615  0.004  0.006  0.023  0.035
   1.61137      6.705189  0.004  0.007  0.017  0.029
   1.63133      6.733920  0.001  0.008  0.021  0.031
   1.65129      6.728831  0.000  0.004  0.035  0.038
   1.67125      6.716015  0.001  0.007  0.028  0.036
   1.69120      6.689920  0.003  0.009  0.012  0.026
   1.71116      6.657054  0.002  0.007  0.010  0.020
   1.73112      6.628548  0.004  0.007  0.010  0.020
   1.75108      6.609252  0.000  0.003  0.028  0.032
   1.77103      6.623893  0.000  0.002  0.019  0.025
   1.79099      6.638231  0.000  0.002  0.024  0.026
   1.81095      6.648259  0.000  0.004  0.026  0.029
   1.83091      6.647632  0.000  0.002  0.043  0.047
 
# Band-Index:  190
   1.83091      6.660427  0.000  0.003  0.005  0.010
   1.81095      6.660536  0.000  0.005  0.047  0.053
   1.79099      6.674328  0.000  0.004  0.052  0.056
   1.77103      6.685182  0.000  0.004  0.056  0.062
   1.75108      6.690302  0.000  0.004  0.057  0.060
   1.73112      6.696139  0.000  0.004  0.053  0.056
   1.71116      6.698860  0.000  0.004  0.049  0.052
   1.69120      6.704251  0.000  0.002  0.044  0.047
   1.67125      6.718539  0.001  0.006  0.024  0.034
   1.65129      6.736308  0.002  0.009  0.023  0.033
   1.63133      6.745700  0.000  0.004  0.033  0.038
   1.61137      6.766262  0.002  0.015  0.036  0.054
   1.59142      6.739309  0.005  0.017  0.036  0.060
   1.57146      6.706450  0.008  0.025  0.042  0.077
   1.55150      6.676099  0.002  0.022  0.040  0.064
   1.53154      6.748358  0.003  0.013  0.024  0.040
   1.51159      6.772288  0.005  0.013  0.015  0.035
   1.49163      6.768413  0.006  0.014  0.020  0.040
   1.47167      6.738942  0.002  0.005  0.025  0.035
   1.45171      6.697570  0.002  0.018  0.034  0.054
   1.45171      6.696232  0.002  0.018  0.034  0.055
   1.42349      6.659961  0.000  0.006  0.020  0.027
   1.39526      6.660369  0.001  0.016  0.036  0.055
   1.36704      6.575825  0.003  0.016  0.044  0.061
   1.33882      6.533235  0.005  0.019  0.039  0.063
   1.31059      6.483123  0.004  0.012  0.034  0.051
   1.28237      6.444757  0.004  0.011  0.037  0.053
   1.25414      6.469005  0.003  0.007  0.031  0.041
   1.22592      6.442160  0.002  0.005  0.025  0.034
   1.19769      6.397451  0.002  0.004  0.028  0.034
   1.16947      6.419620  0.000  0.004  0.034  0.039
   1.14125      6.449632  0.002  0.004  0.022  0.028
   1.11302      6.391970  0.000  0.015  0.039  0.057
   1.08480      6.415225  0.001  0.030  0.056  0.086
   1.05657      6.446843  0.000  0.025  0.032  0.058
   1.02835      6.422653  0.000  0.025  0.025  0.052
   1.00013      6.380551  0.000  0.021  0.027  0.049
   0.97190      6.366356  0.000  0.021  0.030  0.052
   0.94368      6.383969  0.000  0.024  0.028  0.051
   0.91545      6.396924  0.000  0.025  0.025  0.051
   0.91545      6.396252  0.000  0.025  0.026  0.051
   0.89550      6.407916  0.000  0.027  0.026  0.052
   0.87554      6.420793  0.000  0.027  0.027  0.055
   0.85558      6.430935  0.000  0.029  0.025  0.053
   0.83562      6.429432  0.001  0.013  0.036  0.052
   0.81567      6.388382  0.002  0.011  0.038  0.052
   0.79571      6.353326  0.001  0.010  0.033  0.046
   0.77575      6.340372  0.002  0.006  0.011  0.020
   0.75579      6.379850  0.000  0.001  0.008  0.011
   0.73584      6.328009  0.000  0.005  0.015  0.019
   0.71588      6.317321  0.000  0.004  0.015  0.020
   0.69592      6.301643  0.000  0.004  0.016  0.022
   0.67596      6.276147  0.000  0.006  0.017  0.024
   0.65600      6.269737  0.007  0.020  0.010  0.036
   0.63605      6.287216  0.004  0.013  0.007  0.024
   0.61609      6.264212  0.001  0.025  0.040  0.065
   0.59613      6.257552  0.000  0.029  0.050  0.080
   0.57617      6.270119  0.001  0.014  0.022  0.037
   0.55622      6.240097  0.000  0.035  0.043  0.078
   0.53626      6.239711  0.000  0.028  0.019  0.047
   0.53626      6.238474  0.000  0.028  0.018  0.046
   0.50804      6.274486  0.002  0.017  0.022  0.040
   0.47981      6.304531  0.000  0.019  0.028  0.046
   0.45159      6.314356  0.001  0.017  0.020  0.038
   0.42336      6.337406  0.000  0.012  0.031  0.044
   0.39514      6.354875  0.002  0.009  0.042  0.053
   0.36691      6.391578  0.002  0.008  0.045  0.055
   0.33869      6.477081  0.004  0.004  0.019  0.029
   0.31047      6.552263  0.000  0.011  0.037  0.046
   0.28224      6.586476  0.000  0.005  0.035  0.041
   0.25402      6.565066  0.000  0.013  0.055  0.068
   0.22579      6.555918  0.002  0.009  0.014  0.023
   0.19757      6.578924  0.000  0.019  0.091  0.108
   0.16935      6.612299  0.000  0.004  0.013  0.020
   0.14112      6.613355  0.000  0.006  0.010  0.018
   0.11290      6.621770  0.002  0.018  0.020  0.043
   0.08467      6.631208  0.002  0.014  0.032  0.050
   0.05645      6.635011  0.002  0.009  0.038  0.051
   0.02822      6.658757  0.003  0.008  0.041  0.052
   0.00000      6.654241  0.000  0.004  0.008  0.012
 
# Band-Index:  191
   0.00000      6.694433  0.001  0.006  0.056  0.062
   0.02822      6.665969  0.002  0.007  0.042  0.051
   0.05645      6.678966  0.000  0.011  0.026  0.038
   0.08467      6.684250  0.000  0.013  0.016  0.028
   0.11290      6.709919  0.002  0.013  0.017  0.032
   0.14112      6.690740  0.001  0.013  0.022  0.035
   0.16935      6.626609  0.000  0.008  0.027  0.036
   0.19757      6.593395  0.001  0.005  0.009  0.017
   0.22579      6.638686  0.000  0.025  0.146  0.171
   0.25402      6.679242  0.002  0.009  0.048  0.061
   0.28224      6.602296  0.000  0.002  0.007  0.009
   0.31047      6.596832  0.002  0.006  0.021  0.030
   0.33869      6.526627  0.001  0.023  0.020  0.045
   0.36691      6.509653  0.002  0.017  0.030  0.049
   0.39514      6.421446  0.001  0.012  0.022  0.034
   0.42336      6.364220  0.000  0.007  0.011  0.020
   0.45159      6.341646  0.000  0.022  0.023  0.044
   0.47981      6.334597  0.000  0.016  0.014  0.032
   0.50804      6.292106  0.000  0.023  0.031  0.055
   0.53626      6.253978  0.002  0.010  0.022  0.035
   0.53626      6.272231  0.001  0.015  0.025  0.039
   0.55622      6.257311  0.002  0.011  0.021  0.034
   0.57617      6.301281  0.000  0.025  0.036  0.062
   0.59613      6.298899  0.000  0.016  0.017  0.035
   0.61609      6.322495  0.000  0.018  0.015  0.034
   0.63605      6.359426  0.000  0.014  0.016  0.031
   0.65600      6.396751  0.002  0.012  0.012  0.026
   0.67596      6.438676  0.001  0.017  0.021  0.039
   0.69592      6.449461  0.001  0.007  0.014  0.023
   0.71588      6.408617  0.001  0.004  0.014  0.020
   0.73584      6.377869  0.000  0.002  0.011  0.013
   0.75579      6.394248  0.000  0.010  0.015  0.026
   0.77575      6.432558  0.000  0.010  0.015  0.025
   0.79571      6.448019  0.001  0.024  0.023  0.049
   0.81567      6.440294  0.001  0.023  0.030  0.054
   0.83562      6.455142  0.001  0.027  0.040  0.071
   0.85558      6.485528  0.003  0.016  0.050  0.067
   0.87554      6.538555  0.003  0.014  0.049  0.067
   0.89550      6.582369  0.003  0.012  0.045  0.059
   0.91545      6.619368  0.003  0.010  0.041  0.054
   0.91545      6.598015  0.004  0.011  0.040  0.054
   0.94368      6.603881  0.003  0.012  0.041  0.057
   0.97190      6.547870  0.002  0.009  0.036  0.047
   1.00013      6.527604  0.003  0.010  0.038  0.053
   1.02835      6.499544  0.003  0.010  0.037  0.053
   1.05657      6.486887  0.003  0.016  0.054  0.073
   1.08480      6.469082  0.003  0.019  0.065  0.086
   1.11302      6.464505  0.001  0.017  0.068  0.088
   1.14125      6.476706  0.001  0.018  0.073  0.090
   1.16947      6.523641  0.002  0.014  0.064  0.080
   1.19769      6.567886  0.001  0.016  0.077  0.094
   1.22592      6.571709  0.003  0.023  0.067  0.092
   1.25414      6.566854  0.005  0.022  0.054  0.081
   1.28237      6.556863  0.006  0.023  0.041  0.071
   1.31059      6.561909  0.005  0.021  0.034  0.061
   1.33882      6.650256  0.003  0.011  0.018  0.034
   1.36704      6.781712  0.002  0.008  0.020  0.028
   1.39526      6.700662  0.000  0.010  0.023  0.034
   1.42349      6.753238  0.004  0.019  0.023  0.046
   1.45171      6.795251  0.005  0.019  0.017  0.040
   1.45171      6.795078  0.005  0.019  0.017  0.039
   1.47167      6.784978  0.004  0.014  0.016  0.034
   1.49163      6.857943  0.000  0.012  0.026  0.041
   1.51159      6.855729  0.000  0.009  0.028  0.037
   1.53154      6.802792  0.002  0.012  0.023  0.036
   1.55150      6.789531  0.002  0.005  0.029  0.039
   1.57146      6.729745  0.004  0.005  0.027  0.038
   1.59142      6.756042  0.007  0.023  0.043  0.074
   1.61137      6.769134  0.003  0.012  0.035  0.049
   1.63133      6.761479  0.002  0.012  0.024  0.038
   1.65129      6.740605  0.001  0.011  0.024  0.036
   1.67125      6.766477  0.001  0.006  0.032  0.039
   1.69120      6.717324  0.002  0.012  0.034  0.047
   1.71116      6.727277  0.001  0.011  0.036  0.048
   1.73112      6.735065  0.002  0.011  0.033  0.046
   1.75108      6.744352  0.002  0.011  0.028  0.042
   1.77103      6.736096  0.002  0.021  0.032  0.055
   1.79099      6.735017  0.000  0.021  0.041  0.063
   1.81095      6.726953  0.001  0.011  0.036  0.050
   1.83091      6.694965  0.001  0.005  0.055  0.062
 
# Band-Index:  192
   1.83091      6.753081  0.003  0.029  0.033  0.065
   1.81095      6.762571  0.002  0.018  0.047  0.064
   1.79099      6.750449  0.002  0.015  0.036  0.054
   1.77103      6.776584  0.000  0.009  0.043  0.052
   1.75108      6.773476  0.000  0.010  0.041  0.050
   1.73112      6.775261  0.000  0.010  0.038  0.048
   1.71116      6.798649  0.000  0.012  0.033  0.044
   1.69120      6.798047  0.000  0.014  0.034  0.049
   1.67125      6.815057  0.000  0.015  0.035  0.050
   1.65129      6.827948  0.004  0.011  0.024  0.038
   1.63133      6.828649  0.002  0.017  0.033  0.052
   1.61137      6.810624  0.004  0.018  0.037  0.059
   1.59142      6.784294  0.000  0.006  0.031  0.038
   1.57146      6.803868  0.000  0.009  0.030  0.039
   1.55150      6.804897  0.002  0.010  0.025  0.037
   1.53154      6.854782  0.000  0.007  0.032  0.042
   1.51159      6.891010  0.000  0.009  0.026  0.036
   1.49163      6.889360  0.000  0.011  0.032  0.043
   1.47167      6.836689  0.002  0.023  0.022  0.046
   1.45171      6.831605  0.003  0.016  0.022  0.040
   1.45171      6.811904  0.003  0.016  0.020  0.039
   1.42349      6.755876  0.004  0.017  0.023  0.046
   1.39526      6.727400  0.000  0.008  0.023  0.033
   1.36704      6.791376  0.002  0.007  0.014  0.022
   1.33882      6.653639  0.003  0.011  0.018  0.033
   1.31059      6.562701  0.005  0.021  0.034  0.061
   1.28237      6.557778  0.006  0.023  0.041  0.070
   1.25414      6.576467  0.005  0.021  0.055  0.080
   1.22592      6.591673  0.003  0.021  0.060  0.084
   1.19769      6.592533  0.002  0.015  0.058  0.076
   1.16947      6.559744  0.001  0.015  0.047  0.066
   1.14125      6.505368  0.001  0.019  0.080  0.100
   1.11302      6.501419  0.001  0.018  0.065  0.087
   1.08480      6.497618  0.001  0.014  0.047  0.062
   1.05657      6.516398  0.004  0.016  0.041  0.061
   1.02835      6.572676  0.001  0.021  0.061  0.082
   1.00013      6.579398  0.004  0.017  0.048  0.068
   0.97190      6.626889  0.003  0.016  0.049  0.067
   0.94368      6.670368  0.004  0.020  0.051  0.076
   0.91545      6.618183  0.003  0.012  0.042  0.057
   0.91545      6.689207  0.000  0.015  0.050  0.067
   0.89550      6.617856  0.002  0.020  0.052  0.075
   0.87554      6.605495  0.001  0.015  0.037  0.057
   0.85558      6.523701  0.002  0.018  0.050  0.070
   0.83562      6.521634  0.000  0.013  0.024  0.039
   0.81567      6.451041  0.001  0.027  0.028  0.054
   0.79571      6.456616  0.001  0.022  0.026  0.048
   0.77575      6.452986  0.000  0.027  0.026  0.051
   0.75579      6.451234  0.000  0.030  0.027  0.059
   0.73584      6.438011  0.001  0.023  0.023  0.046
   0.71588      6.435649  0.001  0.020  0.024  0.046
   0.69592      6.462602  0.001  0.017  0.020  0.039
   0.67596      6.456285  0.002  0.012  0.016  0.032
   0.65600      6.452680  0.002  0.010  0.019  0.030
   0.63605      6.411107  0.002  0.010  0.013  0.026
   0.61609      6.362993  0.001  0.019  0.019  0.038
   0.59613      6.347208  0.001  0.032  0.021  0.054
   0.57617      6.365429  0.000  0.026  0.021  0.046
   0.55622      6.350651  0.000  0.009  0.021  0.028
   0.53626      6.352086  0.000  0.023  0.014  0.038
   0.53626      6.345093  0.000  0.020  0.026  0.050
   0.50804      6.353567  0.000  0.006  0.014  0.019
   0.47981      6.362668  0.000  0.012  0.011  0.024
   0.45159      6.390153  0.000  0.017  0.016  0.032
   0.42336      6.392156  0.000  0.021  0.014  0.035
   0.39514      6.466334  0.000  0.014  0.019  0.033
   0.36691      6.549780  0.000  0.009  0.017  0.024
   0.33869      6.615720  0.001  0.011  0.037  0.047
   0.31047      6.624556  0.001  0.007  0.048  0.057
   0.28224      6.678680  0.002  0.008  0.051  0.062
   0.25402      6.709054  0.002  0.023  0.113  0.138
   0.22579      6.686583  0.002  0.013  0.073  0.089
   0.19757      6.676567  0.004  0.017  0.036  0.057
   0.16935      6.696942  0.002  0.027  0.035  0.066
   0.14112      6.726725  0.008  0.014  0.027  0.050
   0.11290      6.759386  0.003  0.029  0.039  0.071
   0.08467      6.763302  0.002  0.031  0.042  0.074
   0.05645      6.755499  0.002  0.031  0.044  0.076
   0.02822      6.748041  0.001  0.027  0.044  0.074
   0.00000      6.748872  0.003  0.029  0.032  0.065
