#K-Path          Energy     s    p    d    tot
# NKPTS & NBANDS:  60 200
# Band-Index:    1
   0.00000    -20.786413  0.000  0.000  0.000  0.000
   0.02304    -20.786411  0.000  0.000  0.000  0.000
   0.04609    -20.786403  0.000  0.000  0.000  0.000
   0.06913    -20.786388  0.000  0.000  0.000  0.000
   0.09218    -20.786369  0.000  0.000  0.000  0.000
   0.11522    -20.786345  0.000  0.000  0.000  0.000
   0.13827    -20.786318  0.000  0.000  0.000  0.000
   0.16131    -20.786285  0.000  0.000  0.000  0.000
   0.18436    -20.786249  0.000  0.000  0.000  0.000
   0.20740    -20.786211  0.000  0.000  0.000  0.000
   0.23045    -20.786171  0.000  0.000  0.000  0.000
   0.25349    -20.786129  0.000  0.000  0.000  0.000
   0.27654    -20.786087  0.000  0.000  0.000  0.000
   0.29958    -20.786046  0.000  0.000  0.000  0.000
   0.32263    -20.786006  0.000  0.000  0.000  0.000
   0.34567    -20.785969  0.000  0.000  0.000  0.000
   0.36872    -20.785937  0.000  0.000  0.000  0.000
   0.39176    -20.785913  0.000  0.000  0.000  0.000
   0.41481    -20.785897  0.000  0.000  0.000  0.000
   0.43785    -20.785893  0.000  0.000  0.000  0.000
   0.43785    -20.785893  0.000  0.000  0.000  0.000
   0.45116    -20.785891  0.000  0.000  0.000  0.000
   0.46446    -20.785889  0.000  0.000  0.000  0.000
   0.47777    -20.785886  0.000  0.000  0.000  0.000
   0.49107    -20.785883  0.000  0.000  0.000  0.000
   0.50438    -20.785878  0.000  0.000  0.000  0.000
   0.51768    -20.785872  0.000  0.000  0.000  0.000
   0.53099    -20.785865  0.000  0.000  0.000  0.000
   0.54429    -20.785858  0.000  0.000  0.000  0.000
   0.55760    -20.785849  0.000  0.000  0.000  0.000
   0.57090    -20.785841  0.000  0.000  0.000  0.000
   0.58421    -20.785831  0.000  0.000  0.000  0.000
   0.59751    -20.785823  0.000  0.000  0.000  0.000
   0.61082    -20.785815  0.000  0.000  0.000  0.000
   0.62412    -20.785806  0.000  0.000  0.000  0.000
   0.63743    -20.785798  0.000  0.000  0.000  0.000
   0.65073    -20.785790  0.000  0.000  0.000  0.000
   0.66404    -20.785784  0.000  0.000  0.000  0.000
   0.67734    -20.785781  0.000  0.000  0.000  0.000
   0.69065    -20.785780  0.000  0.000  0.000  0.000
   0.69065    -20.785780  0.000  0.000  0.000  0.000
   0.71726    -20.785785  0.000  0.000  0.000  0.000
   0.74387    -20.785801  0.000  0.000  0.000  0.000
   0.77048    -20.785827  0.000  0.000  0.000  0.000
   0.79709    -20.785862  0.000  0.000  0.000  0.000
   0.82370    -20.785904  0.000  0.000  0.000  0.000
   0.85031    -20.785950  0.000  0.000  0.000  0.000
   0.87692    -20.785999  0.000  0.000  0.000  0.000
   0.90353    -20.786052  0.000  0.000  0.000  0.000
   0.93014    -20.786103  0.000  0.000  0.000  0.000
   0.95675    -20.786154  0.000  0.000  0.000  0.000
   0.98336    -20.786201  0.000  0.000  0.000  0.000
   1.00997    -20.786247  0.000  0.000  0.000  0.000
   1.03658    -20.786287  0.000  0.000  0.000  0.000
   1.06319    -20.786324  0.000  0.000  0.000  0.000
   1.08980    -20.786355  0.000  0.000  0.000  0.000
   1.11641    -20.786381  0.000  0.000  0.000  0.000
   1.14302    -20.786399  0.000  0.000  0.000  0.000
   1.16963    -20.786410  0.000  0.000  0.000  0.000
   1.19624    -20.786413  0.000  0.000  0.000  0.000
 
# Band-Index:    2
   1.19624    -20.784865  0.000  0.000  0.000  0.000
   1.16963    -20.784868  0.000  0.000  0.000  0.000
   1.14302    -20.784873  0.000  0.000  0.000  0.000
   1.11641    -20.784883  0.000  0.000  0.000  0.000
   1.08980    -20.784898  0.000  0.000  0.000  0.000
   1.06319    -20.784916  0.000  0.000  0.000  0.000
   1.03658    -20.784938  0.000  0.000  0.000  0.000
   1.00997    -20.784964  0.000  0.000  0.000  0.000
   0.98336    -20.784992  0.000  0.000  0.000  0.000
   0.95675    -20.785024  0.000  0.000  0.000  0.000
   0.93014    -20.785057  0.000  0.000  0.000  0.000
   0.90353    -20.785091  0.000  0.000  0.000  0.000
   0.87692    -20.785128  0.000  0.000  0.000  0.000
   0.85031    -20.785165  0.000  0.000  0.000  0.000
   0.82370    -20.785201  0.000  0.000  0.000  0.000
   0.79709    -20.785234  0.000  0.000  0.000  0.000
   0.77048    -20.785262  0.000  0.000  0.000  0.000
   0.74387    -20.785284  0.000  0.000  0.000  0.000
   0.71726    -20.785296  0.000  0.000  0.000  0.000
   0.69065    -20.785301  0.000  0.000  0.000  0.000
   0.69065    -20.785301  0.000  0.000  0.000  0.000
   0.67734    -20.785300  0.000  0.000  0.000  0.000
   0.66404    -20.785297  0.000  0.000  0.000  0.000
   0.65073    -20.785293  0.000  0.000  0.000  0.000
   0.63743    -20.785288  0.000  0.000  0.000  0.000
   0.62412    -20.785283  0.000  0.000  0.000  0.000
   0.61082    -20.785275  0.000  0.000  0.000  0.000
   0.59751    -20.785268  0.000  0.000  0.000  0.000
   0.58421    -20.785259  0.000  0.000  0.000  0.000
   0.57090    -20.785251  0.000  0.000  0.000  0.000
   0.55760    -20.785244  0.000  0.000  0.000  0.000
   0.54429    -20.785238  0.000  0.000  0.000  0.000
   0.53099    -20.785232  0.000  0.000  0.000  0.000
   0.51768    -20.785226  0.000  0.000  0.000  0.000
   0.50438    -20.785221  0.000  0.000  0.000  0.000
   0.49107    -20.785217  0.000  0.000  0.000  0.000
   0.47777    -20.785212  0.000  0.000  0.000  0.000
   0.46446    -20.785210  0.000  0.000  0.000  0.000
   0.45116    -20.785209  0.000  0.000  0.000  0.000
   0.43785    -20.785209  0.000  0.000  0.000  0.000
   0.43785    -20.785209  0.000  0.000  0.000  0.000
   0.41481    -20.785204  0.000  0.000  0.000  0.000
   0.39176    -20.785193  0.000  0.000  0.000  0.000
   0.36872    -20.785175  0.000  0.000  0.000  0.000
   0.34567    -20.785152  0.000  0.000  0.000  0.000
   0.32263    -20.785125  0.000  0.000  0.000  0.000
   0.29958    -20.785097  0.000  0.000  0.000  0.000
   0.27654    -20.785068  0.000  0.000  0.000  0.000
   0.25349    -20.785039  0.000  0.000  0.000  0.000
   0.23045    -20.785012  0.000  0.000  0.000  0.000
   0.20740    -20.784986  0.000  0.000  0.000  0.000
   0.18436    -20.784962  0.000  0.000  0.000  0.000
   0.16131    -20.784939  0.000  0.000  0.000  0.000
   0.13827    -20.784920  0.000  0.000  0.000  0.000
   0.11522    -20.784904  0.000  0.000  0.000  0.000
   0.09218    -20.784889  0.000  0.000  0.000  0.000
   0.06913    -20.784879  0.000  0.000  0.000  0.000
   0.04609    -20.784872  0.000  0.000  0.000  0.000
   0.02304    -20.784866  0.000  0.000  0.000  0.000
   0.00000    -20.784865  0.000  0.000  0.000  0.000
 
# Band-Index:    3
   0.00000    -20.681063  0.918  0.000  0.000  0.918
   0.02304    -20.681063  0.918  0.000  0.000  0.918
   0.04609    -20.681062  0.918  0.000  0.000  0.918
   0.06913    -20.681058  0.918  0.000  0.000  0.918
   0.09218    -20.681053  0.918  0.000  0.000  0.918
   0.11522    -20.681049  0.918  0.000  0.000  0.918
   0.13827    -20.681043  0.918  0.000  0.000  0.918
   0.16131    -20.681035  0.918  0.000  0.000  0.918
   0.18436    -20.681029  0.918  0.000  0.000  0.918
   0.20740    -20.681022  0.918  0.000  0.000  0.918
   0.23045    -20.681014  0.918  0.000  0.000  0.918
   0.25349    -20.681007  0.918  0.000  0.000  0.918
   0.27654    -20.681000  0.918  0.000  0.000  0.918
   0.29958    -20.680993  0.918  0.000  0.000  0.918
   0.32263    -20.680987  0.919  0.000  0.000  0.919
   0.34567    -20.680982  0.919  0.000  0.000  0.919
   0.36872    -20.680977  0.919  0.000  0.000  0.919
   0.39176    -20.680974  0.919  0.000  0.000  0.919
   0.41481    -20.680972  0.919  0.000  0.000  0.919
   0.43785    -20.680972  0.919  0.000  0.000  0.919
   0.43785    -20.680972  0.919  0.000  0.000  0.919
   0.45116    -20.680971  0.919  0.000  0.000  0.919
   0.46446    -20.680971  0.919  0.000  0.000  0.919
   0.47777    -20.680970  0.919  0.000  0.000  0.919
   0.49107    -20.680971  0.919  0.000  0.000  0.919
   0.50438    -20.680971  0.919  0.000  0.000  0.919
   0.51768    -20.680970  0.919  0.000  0.000  0.919
   0.53099    -20.680970  0.919  0.000  0.000  0.919
   0.54429    -20.680969  0.919  0.000  0.000  0.919
   0.55760    -20.680968  0.919  0.000  0.000  0.919
   0.57090    -20.680967  0.919  0.000  0.000  0.919
   0.58421    -20.680966  0.919  0.000  0.000  0.919
   0.59751    -20.680966  0.919  0.000  0.000  0.919
   0.61082    -20.680966  0.919  0.000  0.000  0.919
   0.62412    -20.680965  0.919  0.000  0.000  0.919
   0.63743    -20.680964  0.919  0.000  0.000  0.919
   0.65073    -20.680963  0.919  0.000  0.000  0.919
   0.66404    -20.680962  0.919  0.000  0.000  0.919
   0.67734    -20.680962  0.919  0.000  0.000  0.919
   0.69065    -20.680962  0.919  0.000  0.000  0.919
   0.69065    -20.680962  0.919  0.000  0.000  0.919
   0.71726    -20.680961  0.919  0.000  0.000  0.919
   0.74387    -20.680963  0.919  0.000  0.000  0.919
   0.77048    -20.680966  0.919  0.000  0.000  0.919
   0.79709    -20.680969  0.919  0.000  0.000  0.919
   0.82370    -20.680974  0.919  0.000  0.000  0.919
   0.85031    -20.680979  0.919  0.000  0.000  0.919
   0.87692    -20.680985  0.919  0.000  0.000  0.919
   0.90353    -20.680994  0.918  0.000  0.000  0.919
   0.93014    -20.681002  0.918  0.000  0.000  0.918
   0.95675    -20.681012  0.918  0.000  0.000  0.918
   0.98336    -20.681019  0.918  0.000  0.000  0.918
   1.00997    -20.681029  0.918  0.000  0.000  0.918
   1.03658    -20.681036  0.918  0.000  0.000  0.918
   1.06319    -20.681044  0.918  0.000  0.000  0.918
   1.08980    -20.681051  0.918  0.000  0.000  0.918
   1.11641    -20.681056  0.918  0.000  0.000  0.918
   1.14302    -20.681060  0.918  0.000  0.000  0.918
   1.16963    -20.681064  0.918  0.000  0.000  0.918
   1.19624    -20.681063  0.918  0.000  0.000  0.918
 
# Band-Index:    4
   1.19624    -20.679542  0.918  0.000  0.000  0.918
   1.16963    -20.679543  0.918  0.000  0.000  0.918
   1.14302    -20.679539  0.918  0.000  0.000  0.918
   1.11641    -20.679535  0.918  0.000  0.000  0.918
   1.08980    -20.679530  0.918  0.000  0.000  0.918
   1.06319    -20.679523  0.918  0.000  0.000  0.918
   1.03658    -20.679516  0.918  0.000  0.000  0.918
   1.00997    -20.679508  0.918  0.000  0.000  0.918
   0.98336    -20.679498  0.918  0.000  0.000  0.918
   0.95675    -20.679491  0.918  0.000  0.000  0.918
   0.93014    -20.679482  0.918  0.000  0.000  0.918
   0.90353    -20.679473  0.919  0.000  0.000  0.919
   0.87692    -20.679464  0.919  0.000  0.000  0.919
   0.85031    -20.679458  0.919  0.000  0.000  0.919
   0.82370    -20.679453  0.919  0.000  0.000  0.919
   0.79709    -20.679448  0.919  0.000  0.000  0.919
   0.77048    -20.679445  0.919  0.000  0.000  0.919
   0.74387    -20.679443  0.919  0.000  0.000  0.919
   0.71726    -20.679441  0.919  0.000  0.000  0.919
   0.69065    -20.679441  0.919  0.000  0.000  0.919
   0.69065    -20.679441  0.919  0.000  0.000  0.919
   0.67734    -20.679441  0.919  0.000  0.000  0.919
   0.66404    -20.679441  0.919  0.000  0.000  0.919
   0.65073    -20.679442  0.919  0.000  0.000  0.919
   0.63743    -20.679443  0.919  0.000  0.000  0.919
   0.62412    -20.679445  0.919  0.000  0.000  0.919
   0.61082    -20.679445  0.919  0.000  0.000  0.919
   0.59751    -20.679446  0.919  0.000  0.000  0.919
   0.58421    -20.679445  0.919  0.000  0.000  0.919
   0.57090    -20.679447  0.919  0.000  0.000  0.919
   0.55760    -20.679447  0.919  0.000  0.000  0.919
   0.54429    -20.679448  0.919  0.000  0.000  0.919
   0.53099    -20.679449  0.919  0.000  0.000  0.919
   0.51768    -20.679449  0.919  0.000  0.000  0.919
   0.50438    -20.679450  0.919  0.000  0.000  0.919
   0.49107    -20.679450  0.919  0.000  0.000  0.919
   0.47777    -20.679449  0.919  0.000  0.000  0.919
   0.46446    -20.679450  0.919  0.000  0.000  0.919
   0.45116    -20.679451  0.919  0.000  0.000  0.919
   0.43785    -20.679451  0.919  0.000  0.000  0.919
   0.43785    -20.679451  0.919  0.000  0.000  0.919
   0.41481    -20.679451  0.919  0.000  0.000  0.919
   0.39176    -20.679453  0.919  0.000  0.000  0.919
   0.36872    -20.679457  0.919  0.000  0.000  0.919
   0.34567    -20.679461  0.919  0.000  0.000  0.919
   0.32263    -20.679466  0.919  0.000  0.000  0.919
   0.29958    -20.679473  0.919  0.000  0.000  0.919
   0.27654    -20.679479  0.918  0.000  0.000  0.919
   0.25349    -20.679486  0.918  0.000  0.000  0.918
   0.23045    -20.679493  0.918  0.000  0.000  0.918
   0.20740    -20.679501  0.918  0.000  0.000  0.918
   0.18436    -20.679508  0.918  0.000  0.000  0.918
   0.16131    -20.679515  0.918  0.000  0.000  0.918
   0.13827    -20.679522  0.918  0.000  0.000  0.918
   0.11522    -20.679528  0.918  0.000  0.000  0.918
   0.09218    -20.679532  0.918  0.000  0.000  0.918
   0.06913    -20.679537  0.918  0.000  0.000  0.918
   0.04609    -20.679541  0.918  0.000  0.000  0.918
   0.02304    -20.679542  0.918  0.000  0.000  0.918
   0.00000    -20.679542  0.918  0.000  0.000  0.918
 
# Band-Index:    5
   0.00000    -20.436997  0.000  0.000  0.000  0.000
   0.02304    -20.436997  0.000  0.000  0.000  0.000
   0.04609    -20.436996  0.000  0.000  0.000  0.000
   0.06913    -20.436992  0.000  0.000  0.000  0.000
   0.09218    -20.436989  0.000  0.000  0.000  0.000
   0.11522    -20.436985  0.000  0.000  0.000  0.000
   0.13827    -20.436980  0.000  0.000  0.000  0.000
   0.16131    -20.436974  0.000  0.000  0.000  0.000
   0.18436    -20.436968  0.000  0.000  0.000  0.000
   0.20740    -20.436962  0.000  0.000  0.000  0.000
   0.23045    -20.436956  0.000  0.000  0.000  0.000
   0.25349    -20.436950  0.000  0.000  0.000  0.000
   0.27654    -20.436944  0.000  0.000  0.000  0.000
   0.29958    -20.436939  0.000  0.000  0.000  0.000
   0.32263    -20.436934  0.000  0.000  0.000  0.000
   0.34567    -20.436929  0.000  0.000  0.000  0.000
   0.36872    -20.436925  0.000  0.000  0.000  0.000
   0.39176    -20.436923  0.000  0.000  0.000  0.000
   0.41481    -20.436921  0.000  0.000  0.000  0.000
   0.43785    -20.436921  0.000  0.000  0.000  0.000
   0.43785    -20.436921  0.000  0.000  0.000  0.000
   0.45116    -20.436920  0.000  0.000  0.000  0.000
   0.46446    -20.436919  0.000  0.000  0.000  0.000
   0.47777    -20.436919  0.000  0.000  0.000  0.000
   0.49107    -20.436920  0.000  0.000  0.000  0.000
   0.50438    -20.436920  0.000  0.000  0.000  0.000
   0.51768    -20.436919  0.000  0.000  0.000  0.000
   0.53099    -20.436919  0.000  0.000  0.000  0.000
   0.54429    -20.436918  0.000  0.000  0.000  0.000
   0.55760    -20.436917  0.000  0.000  0.000  0.000
   0.57090    -20.436917  0.000  0.000  0.000  0.000
   0.58421    -20.436916  0.000  0.000  0.000  0.000
   0.59751    -20.436916  0.000  0.000  0.000  0.000
   0.61082    -20.436916  0.000  0.000  0.000  0.000
   0.62412    -20.436916  0.000  0.000  0.000  0.000
   0.63743    -20.436914  0.000  0.000  0.000  0.000
   0.65073    -20.436913  0.000  0.000  0.000  0.000
   0.66404    -20.436912  0.000  0.000  0.000  0.000
   0.67734    -20.436912  0.000  0.000  0.000  0.000
   0.69065    -20.436912  0.000  0.000  0.000  0.000
   0.69065    -20.436912  0.000  0.000  0.000  0.000
   0.71726    -20.436912  0.000  0.000  0.000  0.000
   0.74387    -20.436914  0.000  0.000  0.000  0.000
   0.77048    -20.436916  0.000  0.000  0.000  0.000
   0.79709    -20.436918  0.000  0.000  0.000  0.000
   0.82370    -20.436922  0.000  0.000  0.000  0.000
   0.85031    -20.436927  0.000  0.000  0.000  0.000
   0.87692    -20.436932  0.000  0.000  0.000  0.000
   0.90353    -20.436939  0.000  0.000  0.000  0.000
   0.93014    -20.436946  0.000  0.000  0.000  0.000
   0.95675    -20.436954  0.000  0.000  0.000  0.000
   0.98336    -20.436960  0.000  0.000  0.000  0.000
   1.00997    -20.436968  0.000  0.000  0.000  0.000
   1.03658    -20.436975  0.000  0.000  0.000  0.000
   1.06319    -20.436981  0.000  0.000  0.000  0.000
   1.08980    -20.436986  0.000  0.000  0.000  0.000
   1.11641    -20.436991  0.000  0.000  0.000  0.000
   1.14302    -20.436994  0.000  0.000  0.000  0.000
   1.16963    -20.436997  0.000  0.000  0.000  0.000
   1.19624    -20.436997  0.000  0.000  0.000  0.000
 
# Band-Index:    6
   1.19624    -20.435956  0.000  0.000  0.000  0.000
   1.16963    -20.435957  0.000  0.000  0.000  0.000
   1.14302    -20.435954  0.000  0.000  0.000  0.000
   1.11641    -20.435950  0.000  0.000  0.000  0.000
   1.08980    -20.435946  0.000  0.000  0.000  0.000
   1.06319    -20.435940  0.000  0.000  0.000  0.000
   1.03658    -20.435934  0.000  0.000  0.000  0.000
   1.00997    -20.435928  0.000  0.000  0.000  0.000
   0.98336    -20.435919  0.000  0.000  0.000  0.000
   0.95675    -20.435913  0.000  0.000  0.000  0.000
   0.93014    -20.435905  0.000  0.000  0.000  0.000
   0.90353    -20.435898  0.000  0.000  0.000  0.000
   0.87692    -20.435891  0.000  0.000  0.000  0.000
   0.85031    -20.435886  0.000  0.000  0.000  0.000
   0.82370    -20.435882  0.000  0.000  0.000  0.000
   0.79709    -20.435878  0.000  0.000  0.000  0.000
   0.77048    -20.435875  0.000  0.000  0.000  0.000
   0.74387    -20.435873  0.000  0.000  0.000  0.000
   0.71726    -20.435871  0.000  0.000  0.000  0.000
   0.69065    -20.435871  0.000  0.000  0.000  0.000
   0.69065    -20.435871  0.000  0.000  0.000  0.000
   0.67734    -20.435872  0.000  0.000  0.000  0.000
   0.66404    -20.435871  0.000  0.000  0.000  0.000
   0.65073    -20.435872  0.000  0.000  0.000  0.000
   0.63743    -20.435874  0.000  0.000  0.000  0.000
   0.62412    -20.435875  0.000  0.000  0.000  0.000
   0.61082    -20.435875  0.000  0.000  0.000  0.000
   0.59751    -20.435876  0.000  0.000  0.000  0.000
   0.58421    -20.435875  0.000  0.000  0.000  0.000
   0.57090    -20.435876  0.000  0.000  0.000  0.000
   0.55760    -20.435877  0.000  0.000  0.000  0.000
   0.54429    -20.435878  0.000  0.000  0.000  0.000
   0.53099    -20.435878  0.000  0.000  0.000  0.000
   0.51768    -20.435879  0.000  0.000  0.000  0.000
   0.50438    -20.435879  0.000  0.000  0.000  0.000
   0.49107    -20.435879  0.000  0.000  0.000  0.000
   0.47777    -20.435879  0.000  0.000  0.000  0.000
   0.46446    -20.435879  0.000  0.000  0.000  0.000
   0.45116    -20.435880  0.000  0.000  0.000  0.000
   0.43785    -20.435880  0.000  0.000  0.000  0.000
   0.43785    -20.435880  0.000  0.000  0.000  0.000
   0.41481    -20.435880  0.000  0.000  0.000  0.000
   0.39176    -20.435882  0.000  0.000  0.000  0.000
   0.36872    -20.435885  0.000  0.000  0.000  0.000
   0.34567    -20.435888  0.000  0.000  0.000  0.000
   0.32263    -20.435893  0.000  0.000  0.000  0.000
   0.29958    -20.435898  0.000  0.000  0.000  0.000
   0.27654    -20.435903  0.000  0.000  0.000  0.000
   0.25349    -20.435909  0.000  0.000  0.000  0.000
   0.23045    -20.435915  0.000  0.000  0.000  0.000
   0.20740    -20.435921  0.000  0.000  0.000  0.000
   0.18436    -20.435928  0.000  0.000  0.000  0.000
   0.16131    -20.435933  0.000  0.000  0.000  0.000
   0.13827    -20.435939  0.000  0.000  0.000  0.000
   0.11522    -20.435944  0.000  0.000  0.000  0.000
   0.09218    -20.435948  0.000  0.000  0.000  0.000
   0.06913    -20.435952  0.000  0.000  0.000  0.000
   0.04609    -20.435955  0.000  0.000  0.000  0.000
   0.02304    -20.435956  0.000  0.000  0.000  0.000
   0.00000    -20.435956  0.000  0.000  0.000  0.000
 
# Band-Index:    7
   0.00000    -14.244922  0.006  0.000  0.000  0.006
   0.02304    -14.244432  0.006  0.000  0.000  0.006
   0.04609    -14.242960  0.006  0.000  0.000  0.006
   0.06913    -14.240514  0.006  0.000  0.000  0.006
   0.09218    -14.237105  0.006  0.000  0.000  0.006
   0.11522    -14.232752  0.006  0.000  0.000  0.006
   0.13827    -14.227478  0.006  0.000  0.000  0.006
   0.16131    -14.221309  0.006  0.000  0.000  0.006
   0.18436    -14.214283  0.006  0.000  0.000  0.006
   0.20740    -14.206444  0.006  0.000  0.000  0.006
   0.23045    -14.197838  0.006  0.000  0.000  0.006
   0.25349    -14.188527  0.006  0.000  0.000  0.006
   0.27654    -14.178589  0.006  0.000  0.000  0.006
   0.29958    -14.168115  0.002  0.000  0.000  0.002
   0.32263    -14.157233  0.002  0.000  0.000  0.002
   0.34567    -14.146119  0.002  0.000  0.000  0.002
   0.36872    -14.135054  0.002  0.000  0.000  0.002
   0.39176    -14.124563  0.002  0.000  0.000  0.002
   0.41481    -14.115884  0.000  0.000  0.000  0.000
   0.43785    -14.112061  0.000  0.000  0.000  0.000
   0.43785    -14.112061  0.000  0.000  0.000  0.000
   0.45116    -14.111907  0.000  0.000  0.000  0.000
   0.46446    -14.111444  0.000  0.000  0.000  0.000
   0.47777    -14.110673  0.000  0.000  0.000  0.000
   0.49107    -14.109597  0.000  0.000  0.000  0.000
   0.50438    -14.108220  0.000  0.000  0.000  0.000
   0.51768    -14.106543  0.000  0.000  0.000  0.000
   0.53099    -14.104573  0.000  0.000  0.000  0.000
   0.54429    -14.102315  0.000  0.000  0.000  0.000
   0.55760    -14.099776  0.000  0.000  0.000  0.000
   0.57090    -14.096965  0.000  0.000  0.000  0.000
   0.58421    -14.093890  0.000  0.000  0.000  0.000
   0.59751    -14.090565  0.000  0.000  0.000  0.000
   0.61082    -14.087005  0.000  0.000  0.000  0.000
   0.62412    -14.083227  0.000  0.000  0.000  0.000
   0.63743    -14.079261  0.000  0.000  0.000  0.000
   0.65073    -14.075157  0.000  0.000  0.000  0.000
   0.66404    -14.071028  0.000  0.000  0.000  0.000
   0.67734    -14.067220  0.000  0.000  0.000  0.000
   0.69065    -14.065183  0.000  0.000  0.000  0.000
   0.69065    -14.065183  0.000  0.000  0.000  0.000
   0.71726    -14.073514  0.000  0.000  0.000  0.000
   0.74387    -14.087112  0.000  0.000  0.000  0.000
   0.77048    -14.101504  0.000  0.000  0.000  0.000
   0.79709    -14.116042  0.000  0.000  0.000  0.000
   0.82370    -14.130429  0.004  0.000  0.000  0.004
   0.85031    -14.144458  0.004  0.000  0.000  0.004
   0.87692    -14.157970  0.004  0.000  0.000  0.004
   0.90353    -14.170829  0.004  0.000  0.000  0.004
   0.93014    -14.182922  0.004  0.000  0.000  0.005
   0.95675    -14.194144  0.006  0.000  0.000  0.006
   0.98336    -14.204408  0.006  0.000  0.000  0.006
   1.00997    -14.213639  0.006  0.000  0.000  0.006
   1.03658    -14.221772  0.006  0.000  0.000  0.006
   1.06319    -14.228748  0.006  0.000  0.000  0.006
   1.08980    -14.234521  0.006  0.000  0.000  0.006
   1.11641    -14.239050  0.006  0.000  0.000  0.006
   1.14302    -14.242307  0.006  0.000  0.000  0.006
   1.16963    -14.244269  0.006  0.000  0.000  0.006
   1.19624    -14.244922  0.006  0.000  0.000  0.006
 
# Band-Index:    8
   1.19624    -14.133023  0.018  0.000  0.000  0.018
   1.16963    -14.132488  0.018  0.000  0.000  0.018
   1.14302    -14.130887  0.018  0.000  0.000  0.018
   1.11641    -14.128241  0.018  0.000  0.000  0.018
   1.08980    -14.124588  0.018  0.000  0.000  0.018
   1.06319    -14.119981  0.018  0.000  0.000  0.018
   1.03658    -14.114491  0.018  0.000  0.000  0.018
   1.00997    -14.108212  0.018  0.000  0.000  0.018
   0.98336    -14.101258  0.018  0.000  0.000  0.018
   0.95675    -14.093782  0.016  0.000  0.000  0.016
   0.93014    -14.085972  0.016  0.000  0.000  0.016
   0.90353    -14.078066  0.016  0.000  0.000  0.016
   0.87692    -14.070370  0.010  0.000  0.000  0.010
   0.85031    -14.063261  0.010  0.000  0.000  0.010
   0.82370    -14.057183  0.010  0.000  0.000  0.010
   0.79709    -14.052600  0.004  0.000  0.000  0.004
   0.77048    -14.049890  0.004  0.000  0.000  0.004
   0.74387    -14.049214  0.004  0.000  0.000  0.004
   0.71726    -14.050459  0.000  0.000  0.000  0.000
   0.69065    -14.053508  0.000  0.000  0.000  0.000
   0.69065    -14.053508  0.000  0.000  0.000  0.000
   0.67734    -14.054924  0.001  0.000  0.000  0.001
   0.66404    -14.056872  0.002  0.000  0.000  0.002
   0.65073    -14.058967  0.002  0.000  0.000  0.002
   0.63743    -14.061146  0.002  0.000  0.000  0.002
   0.62412    -14.063360  0.002  0.000  0.000  0.002
   0.61082    -14.065568  0.002  0.000  0.000  0.002
   0.59751    -14.067731  0.002  0.000  0.000  0.002
   0.58421    -14.069819  0.002  0.000  0.000  0.002
   0.57090    -14.071806  0.002  0.000  0.000  0.002
   0.55760    -14.073665  0.003  0.000  0.000  0.003
   0.54429    -14.075378  0.004  0.000  0.000  0.004
   0.53099    -14.076926  0.004  0.000  0.000  0.004
   0.51768    -14.078295  0.004  0.000  0.000  0.004
   0.50438    -14.079473  0.004  0.000  0.000  0.004
   0.49107    -14.080449  0.004  0.000  0.000  0.004
   0.47777    -14.081217  0.004  0.000  0.000  0.004
   0.46446    -14.081770  0.004  0.000  0.000  0.004
   0.45116    -14.082103  0.004  0.000  0.000  0.004
   0.43785    -14.082215  0.004  0.000  0.000  0.004
   0.43785    -14.082215  0.004  0.000  0.000  0.004
   0.41481    -14.079650  0.004  0.000  0.000  0.004
   0.39176    -14.074999  0.004  0.000  0.000  0.004
   0.36872    -14.071844  0.008  0.000  0.000  0.008
   0.34567    -14.071591  0.008  0.000  0.000  0.008
   0.32263    -14.074117  0.010  0.000  0.000  0.010
   0.29958    -14.078607  0.014  0.000  0.000  0.014
   0.27654    -14.084245  0.014  0.000  0.000  0.014
   0.25349    -14.090424  0.014  0.000  0.000  0.014
   0.23045    -14.096740  0.018  0.000  0.000  0.018
   0.20740    -14.102917  0.018  0.000  0.000  0.018
   0.18436    -14.108769  0.018  0.000  0.000  0.018
   0.16131    -14.114158  0.018  0.000  0.000  0.018
   0.13827    -14.118985  0.018  0.000  0.000  0.018
   0.11522    -14.123174  0.018  0.000  0.000  0.018
   0.09218    -14.126670  0.018  0.000  0.000  0.018
   0.06913    -14.129428  0.018  0.000  0.000  0.018
   0.04609    -14.131419  0.018  0.000  0.000  0.018
   0.02304    -14.132621  0.018  0.000  0.000  0.018
   0.00000    -14.133023  0.018  0.000  0.000  0.018
 
# Band-Index:    9
   0.00000    -13.987609  0.048  0.000  0.000  0.051
   0.02304    -13.987334  0.048  0.000  0.000  0.051
   0.04609    -13.986518  0.048  0.000  0.000  0.049
   0.06913    -13.985191  0.048  0.000  0.000  0.049
   0.09218    -13.983419  0.048  0.000  0.000  0.049
   0.11522    -13.981299  0.048  0.000  0.000  0.048
   0.13827    -13.978984  0.048  0.000  0.000  0.048
   0.16131    -13.976714  0.044  0.000  0.000  0.044
   0.18436    -13.974848  0.044  0.000  0.000  0.044
   0.20740    -13.973910  0.038  0.000  0.000  0.039
   0.23045    -13.974543  0.034  0.000  0.000  0.034
   0.25349    -13.977288  0.028  0.000  0.000  0.028
   0.27654    -13.982194  0.022  0.000  0.000  0.022
   0.29958    -13.988662  0.020  0.000  0.000  0.022
   0.32263    -13.995664  0.018  0.000  0.000  0.018
   0.34567    -14.002007  0.018  0.000  0.000  0.018
   0.36872    -14.006620  0.020  0.000  0.000  0.020
   0.39176    -14.009092  0.020  0.000  0.000  0.020
   0.41481    -14.009961  0.018  0.000  0.000  0.018
   0.43785    -14.010116  0.018  0.000  0.000  0.018
   0.43785    -14.010116  0.018  0.000  0.000  0.018
   0.45116    -14.010135  0.018  0.000  0.000  0.018
   0.46446    -14.010198  0.018  0.000  0.000  0.018
   0.47777    -14.010322  0.018  0.000  0.000  0.018
   0.49107    -14.010531  0.018  0.000  0.000  0.018
   0.50438    -14.010864  0.017  0.000  0.000  0.018
   0.51768    -14.011366  0.016  0.000  0.000  0.016
   0.53099    -14.012098  0.016  0.000  0.000  0.016
   0.54429    -14.013127  0.012  0.000  0.000  0.012
   0.55760    -14.014527  0.010  0.000  0.000  0.010
   0.57090    -14.016373  0.010  0.000  0.000  0.010
   0.58421    -14.018731  0.008  0.000  0.000  0.008
   0.59751    -14.021653  0.008  0.000  0.000  0.008
   0.61082    -14.025157  0.002  0.000  0.000  0.002
   0.62412    -14.029239  0.002  0.000  0.000  0.002
   0.63743    -14.033852  0.002  0.000  0.000  0.002
   0.65073    -14.038913  0.000  0.000  0.000  0.000
   0.66404    -14.044258  0.000  0.000  0.000  0.000
   0.67734    -14.049483  0.000  0.000  0.000  0.000
   0.69065    -14.052756  0.000  0.000  0.000  0.000
   0.69065    -14.052756  0.000  0.000  0.000  0.000
   0.71726    -14.048237  0.000  0.000  0.000  0.000
   0.74387    -14.038319  0.000  0.000  0.000  0.000
   0.77048    -14.027573  0.000  0.000  0.000  0.000
   0.79709    -14.016631  0.004  0.000  0.000  0.004
   0.82370    -14.005872  0.004  0.000  0.000  0.004
   0.85031    -13.995714  0.004  0.000  0.000  0.004
   0.87692    -13.986688  0.010  0.000  0.000  0.010
   0.90353    -13.979446  0.016  0.000  0.000  0.016
   0.93014    -13.974601  0.022  0.000  0.000  0.024
   0.95675    -13.972398  0.032  0.000  0.000  0.032
   0.98336    -13.972491  0.039  0.000  0.000  0.040
   1.00997    -13.974160  0.041  0.000  0.000  0.043
   1.03658    -13.976669  0.046  0.000  0.000  0.046
   1.06319    -13.979456  0.048  0.000  0.000  0.048
   1.08980    -13.982126  0.048  0.000  0.000  0.048
   1.11641    -13.984417  0.048  0.000  0.000  0.048
   1.14302    -13.986159  0.048  0.000  0.000  0.050
   1.16963    -13.987243  0.048  0.000  0.000  0.051
   1.19624    -13.987609  0.048  0.000  0.000  0.051
 
# Band-Index:   10
   1.19624    -13.897615  0.042  0.000  0.000  0.042
   1.16963    -13.897296  0.042  0.000  0.000  0.042
   1.14302    -13.896376  0.042  0.000  0.000  0.042
   1.11641    -13.894983  0.042  0.000  0.000  0.042
   1.08980    -13.893358  0.042  0.000  0.000  0.042
   1.06319    -13.891876  0.042  0.000  0.000  0.042
   1.03658    -13.891049  0.042  0.000  0.000  0.042
   1.00997    -13.891400  0.041  0.000  0.000  0.043
   0.98336    -13.894631  0.020  0.000  0.000  0.020
   0.95675    -13.900127  0.028  0.000  0.000  0.028
   0.93014    -13.903928  0.038  0.000  0.000  0.038
   0.90353    -13.906522  0.042  0.000  0.000  0.044
   0.87692    -13.911910  0.043  0.000  0.000  0.044
   0.85031    -13.917164  0.045  0.000  0.000  0.047
   0.82370    -13.921561  0.048  0.000  0.000  0.048
   0.79709    -13.924569  0.053  0.000  0.000  0.053
   0.77048    -13.925825  0.056  0.000  0.000  0.058
   0.74387    -13.925290  0.060  0.000  0.000  0.060
   0.71726    -13.923350  0.062  0.000  0.000  0.064
   0.69065    -13.921179  0.066  0.000  0.000  0.066
   0.69065    -13.921179  0.066  0.000  0.000  0.066
   0.67734    -13.921950  0.064  0.000  0.000  0.064
   0.66404    -13.922723  0.064  0.000  0.000  0.064
   0.65073    -13.923080  0.061  0.000  0.000  0.062
   0.63743    -13.922918  0.061  0.000  0.000  0.061
   0.62412    -13.922163  0.059  0.000  0.000  0.060
   0.61082    -13.920764  0.056  0.000  0.000  0.056
   0.59751    -13.918731  0.056  0.000  0.000  0.058
   0.58421    -13.917594  0.059  0.000  0.000  0.061
   0.57090    -13.918176  0.058  0.000  0.000  0.058
   0.55760    -13.918906  0.057  0.000  0.000  0.058
   0.54429    -13.919684  0.057  0.000  0.000  0.058
   0.53099    -13.920462  0.055  0.000  0.000  0.056
   0.51768    -13.921201  0.055  0.000  0.000  0.055
   0.50438    -13.921870  0.055  0.000  0.000  0.055
   0.49107    -13.922449  0.054  0.000  0.000  0.054
   0.47777    -13.922916  0.054  0.000  0.000  0.054
   0.46446    -13.923260  0.052  0.000  0.000  0.054
   0.45116    -13.923470  0.052  0.000  0.000  0.054
   0.43785    -13.923541  0.052  0.000  0.000  0.054
   0.43785    -13.923541  0.052  0.000  0.000  0.054
   0.41481    -13.922741  0.052  0.000  0.000  0.054
   0.39176    -13.920628  0.054  0.000  0.000  0.056
   0.36872    -13.917962  0.056  0.000  0.000  0.056
   0.34567    -13.915700  0.058  0.000  0.000  0.058
   0.32263    -13.914494  0.058  0.000  0.000  0.058
   0.29958    -13.914199  0.054  0.000  0.000  0.054
   0.27654    -13.913933  0.052  0.000  0.000  0.052
   0.25349    -13.912650  0.046  0.000  0.000  0.046
   0.23045    -13.909728  0.040  0.000  0.000  0.040
   0.20740    -13.905315  0.034  0.000  0.000  0.034
   0.18436    -13.900258  0.030  0.000  0.000  0.032
   0.16131    -13.895866  0.034  0.000  0.000  0.036
   0.13827    -13.893501  0.038  0.000  0.000  0.038
   0.11522    -13.893350  0.043  0.000  0.000  0.043
   0.09218    -13.894350  0.042  0.000  0.000  0.043
   0.06913    -13.895604  0.042  0.000  0.000  0.042
   0.04609    -13.896677  0.042  0.000  0.000  0.042
   0.02304    -13.897375  0.042  0.000  0.000  0.042
   0.00000    -13.897615  0.042  0.000  0.000  0.042
 
# Band-Index:   11
   0.00000    -13.855231  0.000  0.000  0.000  0.000
   0.02304    -13.855872  0.000  0.000  0.000  0.000
   0.04609    -13.857747  0.000  0.000  0.000  0.000
   0.06913    -13.860710  0.004  0.000  0.000  0.004
   0.09218    -13.864462  0.004  0.000  0.000  0.004
   0.11522    -13.868417  0.008  0.000  0.000  0.008
   0.13827    -13.871475  0.014  0.000  0.000  0.014
   0.16131    -13.872307  0.022  0.000  0.000  0.022
   0.18436    -13.870747  0.030  0.000  0.000  0.030
   0.20740    -13.867706  0.036  0.000  0.000  0.036
   0.23045    -13.864097  0.042  0.000  0.000  0.042
   0.25349    -13.860950  0.046  0.000  0.000  0.046
   0.27654    -13.859987  0.048  0.000  0.000  0.048
   0.29958    -13.861885  0.042  0.000  0.000  0.044
   0.32263    -13.864265  0.042  0.000  0.000  0.042
   0.34567    -13.865081  0.046  0.000  0.000  0.046
   0.36872    -13.863827  0.052  0.000  0.000  0.052
   0.39176    -13.861144  0.058  0.000  0.000  0.058
   0.41481    -13.858720  0.000  0.000  0.000  0.000
   0.43785    -13.858744  0.000  0.000  0.000  0.000
   0.43785    -13.858744  0.000  0.000  0.000  0.000
   0.45116    -13.864024  0.030  0.000  0.000  0.030
   0.46446    -13.870059  0.034  0.000  0.000  0.034
   0.47777    -13.876087  0.036  0.000  0.000  0.036
   0.49107    -13.882044  0.036  0.000  0.000  0.038
   0.50438    -13.887867  0.042  0.000  0.000  0.042
   0.51768    -13.893490  0.042  0.000  0.000  0.042
   0.53099    -13.898838  0.044  0.000  0.000  0.044
   0.54429    -13.903828  0.047  0.000  0.000  0.047
   0.55760    -13.908374  0.047  0.000  0.000  0.047
   0.57090    -13.912387  0.051  0.000  0.000  0.052
   0.58421    -13.915742  0.054  0.000  0.000  0.054
   0.59751    -13.916871  0.061  0.000  0.000  0.062
   0.61082    -13.916623  0.064  0.000  0.000  0.064
   0.62412    -13.916582  0.065  0.000  0.000  0.065
   0.63743    -13.916828  0.065  0.000  0.000  0.065
   0.65073    -13.917384  0.065  0.000  0.000  0.067
   0.66404    -13.918231  0.066  0.000  0.000  0.066
   0.67734    -13.919299  0.064  0.000  0.000  0.066
   0.69065    -13.920171  0.066  0.000  0.000  0.066
   0.69065    -13.920171  0.066  0.000  0.000  0.066
   0.71726    -13.917533  0.066  0.000  0.000  0.068
   0.74387    -13.914024  0.068  0.000  0.000  0.068
   0.77048    -13.910712  0.069  0.000  0.000  0.069
   0.79709    -13.908164  0.067  0.000  0.000  0.069
   0.82370    -13.906707  0.067  0.000  0.000  0.067
   0.85031    -13.906254  0.064  0.000  0.000  0.064
   0.87692    -13.906227  0.058  0.000  0.000  0.058
   0.90353    -13.905575  0.048  0.000  0.000  0.048
   0.93014    -13.900996  0.040  0.000  0.000  0.040
   0.95675    -13.896502  0.042  0.000  0.000  0.042
   0.98336    -13.893175  0.039  0.000  0.000  0.039
   1.00997    -13.887960  0.013  0.000  0.000  0.013
   1.03658    -13.880942  0.009  0.000  0.000  0.009
   1.06319    -13.874088  0.008  0.000  0.000  0.008
   1.08980    -13.867852  0.006  0.000  0.000  0.006
   1.11641    -13.862588  0.002  0.000  0.000  0.002
   1.14302    -13.858589  0.000  0.000  0.000  0.000
   1.16963    -13.856086  0.000  0.000  0.000  0.000
   1.19624    -13.855231  0.000  0.000  0.000  0.000
 
# Band-Index:   12
   1.19624    -13.855231  0.000  0.000  0.000  0.000
   1.16963    -13.855264  0.000  0.000  0.000  0.000
   1.14302    -13.855335  0.000  0.000  0.000  0.000
   1.11641    -13.855379  0.000  0.000  0.000  0.000
   1.08980    -13.855254  0.002  0.000  0.000  0.002
   1.06319    -13.854728  0.002  0.000  0.000  0.002
   1.03658    -13.853492  0.002  0.000  0.000  0.002
   1.00997    -13.851299  0.006  0.000  0.000  0.006
   0.98336    -13.848234  0.006  0.000  0.000  0.006
   0.95675    -13.844977  0.010  0.000  0.000  0.010
   0.93014    -13.842820  0.008  0.000  0.000  0.008
   0.90353    -13.842661  0.004  0.000  0.000  0.004
   0.87692    -13.843998  0.004  0.000  0.000  0.004
   0.85031    -13.846029  0.004  0.000  0.000  0.004
   0.82370    -13.848335  0.004  0.000  0.000  0.004
   0.79709    -13.850741  0.004  0.000  0.000  0.004
   0.77048    -13.853128  0.004  0.000  0.000  0.004
   0.74387    -13.855314  0.000  0.000  0.000  0.002
   0.71726    -13.856987  0.000  0.000  0.000  0.000
   0.69065    -13.857670  0.000  0.000  0.000  0.000
   0.69065    -13.857670  0.000  0.000  0.000  0.000
   0.67734    -13.857464  0.000  0.000  0.000  0.000
   0.66404    -13.856806  0.000  0.000  0.000  0.000
   0.65073    -13.855659  0.002  0.000  0.000  0.002
   0.63743    -13.854012  0.006  0.000  0.000  0.006
   0.62412    -13.851893  0.006  0.000  0.000  0.006
   0.61082    -13.849368  0.006  0.000  0.000  0.007
   0.59751    -13.846538  0.008  0.000  0.000  0.008
   0.58421    -13.843537  0.012  0.000  0.000  0.012
   0.57090    -13.840539  0.014  0.000  0.000  0.014
   0.55760    -13.837753  0.014  0.000  0.000  0.014
   0.54429    -13.835397  0.016  0.000  0.000  0.016
   0.53099    -13.833613  0.016  0.000  0.000  0.016
   0.51768    -13.832392  0.012  0.000  0.000  0.012
   0.50438    -13.831616  0.013  0.000  0.000  0.013
   0.49107    -13.834815  0.032  0.000  0.000  0.034
   0.47777    -13.840339  0.034  0.000  0.000  0.034
   0.46446    -13.846053  0.038  0.000  0.000  0.038
   0.45116    -13.851897  0.038  0.000  0.000  0.038
   0.43785    -13.857113  0.068  0.000  0.000  0.068
   0.43785    -13.857113  0.068  0.000  0.000  0.068
   0.41481    -13.858352  0.066  0.000  0.000  0.068
   0.39176    -13.858651  0.000  0.000  0.000  0.000
   0.36872    -13.858538  0.000  0.000  0.000  0.000
   0.34567    -13.858382  0.000  0.000  0.000  0.000
   0.32263    -13.858190  0.000  0.000  0.000  0.000
   0.29958    -13.857965  0.000  0.000  0.000  0.000
   0.27654    -13.857711  0.000  0.000  0.000  0.000
   0.25349    -13.857437  0.000  0.000  0.000  0.000
   0.23045    -13.857152  0.000  0.000  0.000  0.000
   0.20740    -13.856863  0.000  0.000  0.000  0.000
   0.18436    -13.856578  0.000  0.000  0.000  0.000
   0.16131    -13.856301  0.000  0.000  0.000  0.000
   0.13827    -13.856043  0.000  0.000  0.000  0.000
   0.11522    -13.855811  0.000  0.000  0.000  0.000
   0.09218    -13.855611  0.000  0.000  0.000  0.000
   0.06913    -13.855450  0.000  0.000  0.000  0.000
   0.04609    -13.855331  0.000  0.000  0.000  0.000
   0.02304    -13.855257  0.000  0.000  0.000  0.000
   0.00000    -13.855231  0.000  0.000  0.000  0.000
 
# Band-Index:   13
   0.00000    -13.789192  0.002  0.000  0.000  0.002
   0.02304    -13.789704  0.002  0.000  0.000  0.002
   0.04609    -13.791236  0.002  0.000  0.000  0.002
   0.06913    -13.793769  0.006  0.000  0.000  0.006
   0.09218    -13.797274  0.006  0.000  0.000  0.006
   0.11522    -13.801701  0.006  0.000  0.000  0.006
   0.13827    -13.806970  0.006  0.000  0.000  0.006
   0.16131    -13.812963  0.006  0.000  0.000  0.006
   0.18436    -13.819510  0.006  0.000  0.000  0.006
   0.20740    -13.826343  0.006  0.000  0.000  0.006
   0.23045    -13.833000  0.006  0.000  0.000  0.006
   0.25349    -13.838521  0.002  0.000  0.000  0.002
   0.27654    -13.841001  0.004  0.000  0.000  0.004
   0.29958    -13.839403  0.014  0.000  0.000  0.014
   0.32263    -13.835691  0.020  0.000  0.000  0.020
   0.34567    -13.831851  0.022  0.000  0.000  0.022
   0.36872    -13.829247  0.022  0.000  0.000  0.023
   0.39176    -13.828750  0.020  0.000  0.000  0.020
   0.41481    -13.829826  0.014  0.000  0.000  0.014
   0.43785    -13.830574  0.012  0.000  0.000  0.012
   0.43785    -13.830574  0.012  0.000  0.000  0.012
   0.45116    -13.830600  0.012  0.000  0.000  0.012
   0.46446    -13.830684  0.012  0.000  0.000  0.012
   0.47777    -13.830849  0.012  0.000  0.000  0.012
   0.49107    -13.831135  0.012  0.000  0.000  0.013
   0.50438    -13.829529  0.032  0.000  0.000  0.032
   0.51768    -13.824552  0.032  0.000  0.000  0.032
   0.53099    -13.819950  0.030  0.000  0.000  0.030
   0.54429    -13.817108  0.006  0.000  0.000  0.006
   0.55760    -13.818584  0.006  0.000  0.000  0.006
   0.57090    -13.819383  0.006  0.000  0.000  0.006
   0.58421    -13.819650  0.004  0.000  0.000  0.004
   0.59751    -13.819520  0.004  0.000  0.000  0.005
   0.61082    -13.819082  0.006  0.000  0.000  0.006
   0.62412    -13.818388  0.010  0.000  0.000  0.010
   0.63743    -13.817466  0.010  0.000  0.000  0.010
   0.65073    -13.816331  0.012  0.000  0.000  0.012
   0.66404    -13.814987  0.012  0.000  0.000  0.012
   0.67734    -13.813437  0.012  0.000  0.000  0.012
   0.69065    -13.811870  0.012  0.000  0.000  0.012
   0.69065    -13.811870  0.012  0.000  0.000  0.012
   0.71726    -13.815539  0.012  0.000  0.000  0.012
   0.74387    -13.819270  0.008  0.000  0.000  0.008
   0.77048    -13.822267  0.008  0.000  0.000  0.008
   0.79709    -13.823956  0.004  0.000  0.000  0.004
   0.82370    -13.823923  0.004  0.000  0.000  0.004
   0.85031    -13.822072  0.004  0.000  0.000  0.004
   0.87692    -13.818671  0.004  0.000  0.000  0.004
   0.90353    -13.815057  0.017  0.000  0.000  0.017
   0.93014    -13.818771  0.014  0.000  0.000  0.014
   0.95675    -13.819184  0.010  0.000  0.000  0.012
   0.98336    -13.816871  0.008  0.000  0.000  0.008
   1.00997    -13.813001  0.006  0.000  0.000  0.006
   1.03658    -13.808385  0.008  0.000  0.000  0.008
   1.06319    -13.803566  0.008  0.000  0.000  0.008
   1.08980    -13.798971  0.006  0.000  0.000  0.006
   1.11641    -13.794961  0.006  0.000  0.000  0.006
   1.14302    -13.791846  0.004  0.000  0.000  0.004
   1.16963    -13.789869  0.004  0.000  0.000  0.004
   1.19624    -13.789192  0.002  0.000  0.000  0.002
 
# Band-Index:   14
   1.19624    -13.789184  0.004  0.000  0.000  0.004
   1.16963    -13.789203  0.002  0.000  0.000  0.002
   1.14302    -13.789298  0.002  0.000  0.000  0.002
   1.11641    -13.789600  0.006  0.000  0.000  0.006
   1.08980    -13.790282  0.006  0.000  0.000  0.006
   1.06319    -13.791535  0.004  0.000  0.000  0.004
   1.03658    -13.793522  0.004  0.000  0.000  0.004
   1.00997    -13.796352  0.004  0.000  0.000  0.004
   0.98336    -13.800034  0.008  0.000  0.000  0.008
   0.95675    -13.804443  0.008  0.000  0.000  0.008
   0.93014    -13.809307  0.008  0.000  0.000  0.008
   0.90353    -13.814176  0.007  0.000  0.000  0.007
   0.87692    -13.808780  0.020  0.000  0.000  0.020
   0.85031    -13.801423  0.026  0.000  0.000  0.026
   0.82370    -13.794579  0.032  0.000  0.000  0.032
   0.79709    -13.792727  0.032  0.000  0.000  0.032
   0.77048    -13.797067  0.024  0.000  0.000  0.024
   0.74387    -13.802507  0.018  0.000  0.000  0.018
   0.71726    -13.807478  0.018  0.000  0.000  0.018
   0.69065    -13.811450  0.012  0.000  0.000  0.012
   0.69065    -13.811450  0.012  0.000  0.000  0.012
   0.67734    -13.809844  0.014  0.000  0.000  0.014
   0.66404    -13.808222  0.016  0.000  0.000  0.016
   0.65073    -13.806855  0.016  0.000  0.000  0.016
   0.63743    -13.805833  0.018  0.000  0.000  0.020
   0.62412    -13.805252  0.020  0.000  0.000  0.020
   0.61082    -13.805221  0.020  0.000  0.000  0.022
   0.59751    -13.805846  0.024  0.000  0.000  0.024
   0.58421    -13.807212  0.026  0.000  0.000  0.026
   0.57090    -13.809356  0.030  0.000  0.000  0.030
   0.55760    -13.812249  0.030  0.000  0.000  0.030
   0.54429    -13.815815  0.030  0.000  0.000  0.030
   0.53099    -13.814874  0.004  0.000  0.000  0.004
   0.51768    -13.811944  0.008  0.000  0.000  0.008
   0.50438    -13.808489  0.008  0.000  0.000  0.008
   0.49107    -13.804697  0.012  0.000  0.000  0.012
   0.47777    -13.800722  0.012  0.000  0.000  0.012
   0.46446    -13.796699  0.012  0.000  0.000  0.012
   0.45116    -13.792845  0.008  0.000  0.000  0.008
   0.43785    -13.790471  0.004  0.000  0.000  0.004
   0.43785    -13.790471  0.004  0.000  0.000  0.004
   0.41481    -13.790462  0.004  0.000  0.000  0.004
   0.39176    -13.790435  0.004  0.000  0.000  0.004
   0.36872    -13.790392  0.004  0.000  0.000  0.004
   0.34567    -13.790332  0.004  0.000  0.000  0.004
   0.32263    -13.790259  0.004  0.000  0.000  0.004
   0.29958    -13.790175  0.004  0.000  0.000  0.004
   0.27654    -13.790080  0.004  0.000  0.000  0.004
   0.25349    -13.789979  0.004  0.000  0.000  0.004
   0.23045    -13.789874  0.004  0.000  0.000  0.004
   0.20740    -13.789769  0.004  0.000  0.000  0.004
   0.18436    -13.789666  0.004  0.000  0.000  0.004
   0.16131    -13.789567  0.004  0.000  0.000  0.004
   0.13827    -13.789474  0.004  0.000  0.000  0.004
   0.11522    -13.789392  0.004  0.000  0.000  0.004
   0.09218    -13.789321  0.004  0.000  0.000  0.004
   0.06913    -13.789263  0.004  0.000  0.000  0.004
   0.04609    -13.789221  0.004  0.000  0.000  0.004
   0.02304    -13.789194  0.004  0.000  0.000  0.004
   0.00000    -13.789184  0.004  0.000  0.000  0.004
 
# Band-Index:   15
   0.00000    -13.708459  0.012  0.000  0.000  0.012
   0.02304    -13.708931  0.012  0.000  0.000  0.012
   0.04609    -13.710336  0.012  0.000  0.000  0.012
   0.06913    -13.712647  0.016  0.000  0.000  0.016
   0.09218    -13.715823  0.016  0.000  0.000  0.016
   0.11522    -13.719813  0.016  0.000  0.000  0.016
   0.13827    -13.724558  0.020  0.000  0.000  0.020
   0.16131    -13.729993  0.020  0.000  0.000  0.020
   0.18436    -13.736049  0.024  0.000  0.000  0.024
   0.20740    -13.742641  0.023  0.000  0.000  0.023
   0.23045    -13.749674  0.022  0.000  0.000  0.022
   0.25349    -13.757021  0.022  0.000  0.000  0.022
   0.27654    -13.764519  0.024  0.000  0.000  0.024
   0.29958    -13.771927  0.022  0.000  0.000  0.022
   0.32263    -13.778865  0.022  0.000  0.000  0.022
   0.34567    -13.784701  0.018  0.000  0.000  0.018
   0.36872    -13.788461  0.016  0.000  0.000  0.016
   0.39176    -13.789225  0.020  0.000  0.000  0.020
   0.41481    -13.787326  0.024  0.000  0.000  0.024
   0.43785    -13.785552  0.028  0.000  0.000  0.028
   0.43785    -13.785552  0.028  0.000  0.000  0.028
   0.45116    -13.783230  0.024  0.000  0.000  0.024
   0.46446    -13.779524  0.020  0.000  0.000  0.020
   0.47777    -13.775736  0.020  0.000  0.000  0.020
   0.49107    -13.774663  0.004  0.000  0.000  0.004
   0.50438    -13.774629  0.004  0.000  0.000  0.004
   0.51768    -13.774522  0.004  0.000  0.000  0.004
   0.53099    -13.774287  0.004  0.000  0.000  0.005
   0.54429    -13.773851  0.005  0.000  0.000  0.005
   0.55760    -13.773131  0.006  0.000  0.000  0.006
   0.57090    -13.772040  0.006  0.000  0.000  0.006
   0.58421    -13.770513  0.010  0.000  0.000  0.010
   0.59751    -13.768537  0.010  0.000  0.000  0.010
   0.61082    -13.766157  0.010  0.000  0.000  0.010
   0.62412    -13.763466  0.014  0.000  0.000  0.014
   0.63743    -13.760581  0.014  0.000  0.000  0.014
   0.65073    -13.757617  0.014  0.000  0.000  0.014
   0.66404    -13.754682  0.015  0.000  0.000  0.016
   0.67734    -13.751875  0.016  0.000  0.000  0.016
   0.69065    -13.749400  0.017  0.000  0.000  0.017
   0.69065    -13.749400  0.017  0.000  0.000  0.017
   0.71726    -13.755207  0.015  0.000  0.000  0.015
   0.74387    -13.762538  0.016  0.000  0.000  0.016
   0.77048    -13.770301  0.010  0.000  0.000  0.010
   0.79709    -13.776536  0.008  0.000  0.000  0.008
   0.82370    -13.775923  0.010  0.000  0.000  0.010
   0.85031    -13.769484  0.016  0.000  0.000  0.016
   0.87692    -13.761450  0.016  0.000  0.000  0.016
   0.90353    -13.752965  0.018  0.000  0.000  0.018
   0.93014    -13.744459  0.019  0.000  0.000  0.020
   0.95675    -13.736248  0.019  0.000  0.000  0.019
   0.98336    -13.731378  0.019  0.000  0.000  0.019
   1.00997    -13.728181  0.020  0.000  0.000  0.020
   1.03658    -13.724572  0.020  0.000  0.000  0.020
   1.06319    -13.720754  0.018  0.000  0.000  0.018
   1.08980    -13.716994  0.016  0.000  0.000  0.016
   1.11641    -13.713595  0.014  0.000  0.000  0.014
   1.14302    -13.710862  0.014  0.000  0.000  0.014
   1.16963    -13.709077  0.012  0.000  0.000  0.012
   1.19624    -13.708459  0.012  0.000  0.000  0.012
 
# Band-Index:   16
   1.19624    -13.708436  0.012  0.000  0.000  0.012
   1.16963    -13.708448  0.012  0.000  0.000  0.012
   1.14302    -13.708534  0.010  0.000  0.000  0.010
   1.11641    -13.708929  0.012  0.000  0.000  0.012
   1.08980    -13.710026  0.013  0.000  0.000  0.014
   1.06319    -13.712343  0.012  0.000  0.000  0.012
   1.03658    -13.716267  0.016  0.000  0.000  0.016
   1.00997    -13.721778  0.016  0.000  0.000  0.016
   0.98336    -13.728540  0.017  0.000  0.000  0.017
   0.95675    -13.733983  0.017  0.000  0.000  0.018
   0.93014    -13.736080  0.018  0.000  0.000  0.018
   0.90353    -13.737628  0.016  0.000  0.000  0.016
   0.87692    -13.738723  0.016  0.000  0.000  0.016
   0.85031    -13.739467  0.016  0.000  0.000  0.016
   0.82370    -13.739979  0.016  0.000  0.000  0.016
   0.79709    -13.740431  0.016  0.000  0.000  0.016
   0.77048    -13.741098  0.018  0.000  0.000  0.018
   0.74387    -13.742453  0.016  0.000  0.000  0.016
   0.71726    -13.745092  0.014  0.000  0.000  0.014
   0.69065    -13.749179  0.016  0.000  0.000  0.016
   0.69065    -13.749179  0.016  0.000  0.000  0.016
   0.67734    -13.747155  0.016  0.000  0.000  0.016
   0.66404    -13.745696  0.018  0.000  0.000  0.018
   0.65073    -13.744961  0.016  0.000  0.000  0.016
   0.63743    -13.744939  0.016  0.000  0.000  0.016
   0.62412    -13.745566  0.016  0.000  0.000  0.016
   0.61082    -13.746754  0.018  0.000  0.000  0.020
   0.59751    -13.748414  0.020  0.000  0.000  0.020
   0.58421    -13.750467  0.020  0.000  0.000  0.020
   0.57090    -13.752851  0.020  0.000  0.000  0.020
   0.55760    -13.755517  0.020  0.000  0.000  0.020
   0.54429    -13.758426  0.020  0.000  0.000  0.020
   0.53099    -13.761550  0.020  0.000  0.000  0.020
   0.51768    -13.764863  0.020  0.000  0.000  0.020
   0.50438    -13.768340  0.020  0.000  0.000  0.020
   0.49107    -13.771960  0.020  0.000  0.000  0.020
   0.47777    -13.774619  0.006  0.000  0.000  0.006
   0.46446    -13.774614  0.006  0.000  0.000  0.006
   0.45116    -13.774598  0.006  0.000  0.000  0.006
   0.43785    -13.774592  0.006  0.000  0.000  0.006
   0.43785    -13.774592  0.006  0.000  0.000  0.006
   0.41481    -13.771534  0.010  0.000  0.000  0.012
   0.39176    -13.765423  0.014  0.000  0.000  0.014
   0.36872    -13.758431  0.016  0.000  0.000  0.016
   0.34567    -13.751157  0.017  0.000  0.000  0.017
   0.32263    -13.743842  0.018  0.000  0.000  0.018
   0.29958    -13.736633  0.018  0.000  0.000  0.018
   0.27654    -13.729628  0.018  0.000  0.000  0.018
   0.25349    -13.722904  0.018  0.000  0.000  0.018
   0.23045    -13.716527  0.018  0.000  0.000  0.018
   0.20740    -13.710553  0.018  0.000  0.000  0.018
   0.18436    -13.708368  0.012  0.000  0.000  0.012
   0.16131    -13.708382  0.012  0.000  0.000  0.012
   0.13827    -13.708396  0.012  0.000  0.000  0.012
   0.11522    -13.708408  0.012  0.000  0.000  0.012
   0.09218    -13.708418  0.012  0.000  0.000  0.012
   0.06913    -13.708426  0.012  0.000  0.000  0.012
   0.04609    -13.708433  0.012  0.000  0.000  0.012
   0.02304    -13.708436  0.012  0.000  0.000  0.012
   0.00000    -13.708436  0.012  0.000  0.000  0.012
 
# Band-Index:   17
   0.00000    -13.682494  0.010  0.000  0.000  0.010
   0.02304    -13.682872  0.010  0.000  0.000  0.010
   0.04609    -13.683998  0.010  0.000  0.000  0.010
   0.06913    -13.685859  0.010  0.000  0.000  0.010
   0.09218    -13.688426  0.010  0.000  0.000  0.010
   0.11522    -13.691669  0.014  0.000  0.000  0.014
   0.13827    -13.695545  0.014  0.000  0.000  0.014
   0.16131    -13.700015  0.014  0.000  0.000  0.014
   0.18436    -13.705033  0.016  0.000  0.000  0.016
   0.20740    -13.708352  0.012  0.000  0.000  0.012
   0.23045    -13.708337  0.012  0.000  0.000  0.012
   0.25349    -13.708323  0.012  0.000  0.000  0.012
   0.27654    -13.708310  0.012  0.000  0.000  0.012
   0.29958    -13.708297  0.012  0.000  0.000  0.012
   0.32263    -13.708285  0.012  0.000  0.000  0.012
   0.34567    -13.708277  0.012  0.000  0.000  0.012
   0.36872    -13.708271  0.012  0.000  0.000  0.012
   0.39176    -13.708267  0.012  0.000  0.000  0.012
   0.41481    -13.708264  0.012  0.000  0.000  0.012
   0.43785    -13.708265  0.012  0.000  0.000  0.012
   0.43785    -13.708265  0.012  0.000  0.000  0.012
   0.45116    -13.708350  0.012  0.000  0.000  0.012
   0.46446    -13.708604  0.012  0.000  0.000  0.012
   0.47777    -13.709023  0.012  0.000  0.000  0.012
   0.49107    -13.709600  0.012  0.000  0.000  0.012
   0.50438    -13.710322  0.014  0.000  0.000  0.014
   0.51768    -13.711175  0.014  0.000  0.000  0.014
   0.53099    -13.712143  0.014  0.000  0.000  0.014
   0.54429    -13.713206  0.014  0.000  0.000  0.014
   0.55760    -13.714341  0.016  0.000  0.000  0.016
   0.57090    -13.715526  0.016  0.000  0.000  0.016
   0.58421    -13.716734  0.016  0.000  0.000  0.016
   0.59751    -13.717938  0.017  0.000  0.000  0.017
   0.61082    -13.719108  0.018  0.000  0.000  0.018
   0.62412    -13.720212  0.018  0.000  0.000  0.018
   0.63743    -13.721215  0.018  0.000  0.000  0.018
   0.65073    -13.722080  0.018  0.000  0.000  0.018
   0.66404    -13.722763  0.018  0.000  0.000  0.018
   0.67734    -13.723215  0.018  0.000  0.000  0.018
   0.69065    -13.723379  0.018  0.000  0.000  0.018
   0.69065    -13.723379  0.018  0.000  0.000  0.018
   0.71726    -13.722622  0.016  0.000  0.000  0.016
   0.74387    -13.720269  0.016  0.000  0.000  0.016
   0.77048    -13.716672  0.016  0.000  0.000  0.018
   0.79709    -13.712470  0.015  0.000  0.000  0.015
   0.82370    -13.708150  0.014  0.000  0.000  0.014
   0.85031    -13.703984  0.014  0.000  0.000  0.014
   0.87692    -13.700135  0.013  0.000  0.000  0.013
   0.90353    -13.697462  0.011  0.000  0.000  0.011
   0.93014    -13.696534  0.011  0.000  0.000  0.011
   0.95675    -13.695831  0.012  0.000  0.000  0.012
   0.98336    -13.695180  0.010  0.000  0.000  0.010
   1.00997    -13.694402  0.010  0.000  0.000  0.010
   1.03658    -13.693243  0.010  0.000  0.000  0.010
   1.06319    -13.691467  0.014  0.000  0.000  0.014
   1.08980    -13.689109  0.010  0.000  0.000  0.010
   1.11641    -13.686589  0.012  0.000  0.000  0.012
   1.14302    -13.684423  0.010  0.000  0.000  0.010
   1.16963    -13.682990  0.008  0.000  0.000  0.008
   1.19624    -13.682494  0.010  0.000  0.000  0.010
 
# Band-Index:   18
   1.19624    -13.682482  0.008  0.000  0.000  0.008
   1.16963    -13.682479  0.010  0.000  0.000  0.010
   1.14302    -13.682502  0.009  0.000  0.000  0.009
   1.11641    -13.682662  0.008  0.000  0.000  0.008
   1.08980    -13.683063  0.011  0.000  0.000  0.011
   1.06319    -13.683789  0.010  0.000  0.000  0.010
   1.03658    -13.684886  0.010  0.000  0.000  0.010
   1.00997    -13.686382  0.010  0.000  0.000  0.010
   0.98336    -13.688288  0.011  0.000  0.000  0.011
   0.95675    -13.690609  0.013  0.000  0.000  0.013
   0.93014    -13.693332  0.013  0.000  0.000  0.013
   0.90353    -13.696384  0.013  0.000  0.000  0.013
   0.87692    -13.698281  0.013  0.000  0.000  0.013
   0.85031    -13.699581  0.013  0.000  0.000  0.013
   0.82370    -13.701073  0.014  0.000  0.000  0.014
   0.79709    -13.702751  0.014  0.000  0.000  0.014
   0.77048    -13.704547  0.016  0.000  0.000  0.016
   0.74387    -13.706310  0.016  0.000  0.000  0.016
   0.71726    -13.707754  0.018  0.000  0.000  0.018
   0.69065    -13.708381  0.018  0.000  0.000  0.018
   0.69065    -13.708381  0.018  0.000  0.000  0.018
   0.67734    -13.708182  0.018  0.000  0.000  0.018
   0.66404    -13.707544  0.018  0.000  0.000  0.018
   0.65073    -13.706442  0.016  0.000  0.000  0.018
   0.63743    -13.704910  0.015  0.000  0.000  0.015
   0.62412    -13.703028  0.015  0.000  0.000  0.015
   0.61082    -13.700900  0.014  0.000  0.000  0.014
   0.59751    -13.698634  0.014  0.000  0.000  0.014
   0.58421    -13.696322  0.014  0.000  0.000  0.014
   0.57090    -13.694039  0.012  0.000  0.000  0.012
   0.55760    -13.691847  0.010  0.000  0.000  0.012
   0.54429    -13.689792  0.010  0.000  0.000  0.010
   0.53099    -13.687910  0.010  0.000  0.000  0.010
   0.51768    -13.686231  0.010  0.000  0.000  0.010
   0.50438    -13.684777  0.008  0.000  0.000  0.008
   0.49107    -13.683565  0.008  0.000  0.000  0.008
   0.47777    -13.682609  0.008  0.000  0.000  0.008
   0.46446    -13.681920  0.008  0.000  0.000  0.008
   0.45116    -13.681504  0.008  0.000  0.000  0.008
   0.43785    -13.681366  0.008  0.000  0.000  0.008
   0.43785    -13.681366  0.008  0.000  0.000  0.008
   0.41481    -13.681371  0.008  0.000  0.000  0.008
   0.39176    -13.681393  0.008  0.000  0.000  0.008
   0.36872    -13.681428  0.008  0.000  0.000  0.008
   0.34567    -13.681478  0.008  0.000  0.000  0.008
   0.32263    -13.681539  0.008  0.000  0.000  0.008
   0.29958    -13.681612  0.008  0.000  0.000  0.008
   0.27654    -13.681693  0.008  0.000  0.000  0.008
   0.25349    -13.681780  0.008  0.000  0.000  0.008
   0.23045    -13.681871  0.008  0.000  0.000  0.008
   0.20740    -13.681964  0.008  0.000  0.000  0.008
   0.18436    -13.682055  0.008  0.000  0.000  0.008
   0.16131    -13.682142  0.008  0.000  0.000  0.008
   0.13827    -13.682222  0.008  0.000  0.000  0.008
   0.11522    -13.682294  0.008  0.000  0.000  0.008
   0.09218    -13.682357  0.008  0.000  0.000  0.008
   0.06913    -13.682410  0.008  0.000  0.000  0.008
   0.04609    -13.682449  0.008  0.000  0.000  0.008
   0.02304    -13.682474  0.008  0.000  0.000  0.008
   0.00000    -13.682482  0.008  0.000  0.000  0.008
 
# Band-Index:   19
   0.00000    -13.540397  0.696  0.000  0.000  0.698
   0.02304    -13.540021  0.696  0.000  0.000  0.698
   0.04609    -13.538900  0.695  0.000  0.000  0.696
   0.06913    -13.537063  0.694  0.000  0.000  0.695
   0.09218    -13.534556  0.693  0.000  0.000  0.693
   0.11522    -13.531434  0.690  0.000  0.000  0.690
   0.13827    -13.527767  0.689  0.000  0.000  0.689
   0.16131    -13.523629  0.686  0.000  0.000  0.686
   0.18436    -13.519104  0.684  0.000  0.000  0.685
   0.20740    -13.514281  0.681  0.000  0.000  0.684
   0.23045    -13.509255  0.678  0.000  0.000  0.681
   0.25349    -13.504134  0.678  0.000  0.000  0.678
   0.27654    -13.499040  0.675  0.000  0.000  0.678
   0.29958    -13.494107  0.674  0.000  0.000  0.676
   0.32263    -13.489490  0.672  0.000  0.000  0.675
   0.34567    -13.485356  0.673  0.000  0.000  0.675
   0.36872    -13.481884  0.671  0.002  0.000  0.673
   0.39176    -13.479246  0.671  0.002  0.000  0.671
   0.41481    -13.477594  0.669  0.002  0.000  0.671
   0.43785    -13.477032  0.669  0.002  0.000  0.672
   0.43785    -13.477032  0.669  0.002  0.000  0.672
   0.45116    -13.476977  0.670  0.002  0.000  0.672
   0.46446    -13.476815  0.670  0.002  0.000  0.673
   0.47777    -13.476548  0.671  0.002  0.000  0.672
   0.49107    -13.476181  0.669  0.002  0.000  0.671
   0.50438    -13.475720  0.669  0.002  0.000  0.671
   0.51768    -13.475174  0.669  0.002  0.000  0.671
   0.53099    -13.474551  0.669  0.002  0.000  0.671
   0.54429    -13.473864  0.670  0.003  0.000  0.670
   0.55760    -13.473126  0.669  0.003  0.000  0.672
   0.57090    -13.472355  0.667  0.003  0.000  0.670
   0.58421    -13.471567  0.668  0.003  0.000  0.670
   0.59751    -13.470783  0.669  0.003  0.000  0.671
   0.61082    -13.470025  0.670  0.003  0.000  0.671
   0.62412    -13.469314  0.670  0.003  0.000  0.670
   0.63743    -13.468675  0.670  0.003  0.000  0.670
   0.65073    -13.468134  0.670  0.003  0.000  0.670
   0.66404    -13.467717  0.668  0.003  0.000  0.671
   0.67734    -13.467450  0.669  0.003  0.000  0.671
   0.69065    -13.467355  0.669  0.003  0.000  0.671
   0.69065    -13.467355  0.669  0.003  0.000  0.671
   0.71726    -13.467772  0.669  0.003  0.000  0.672
   0.74387    -13.469103  0.669  0.003  0.000  0.671
   0.77048    -13.471413  0.669  0.003  0.000  0.672
   0.79709    -13.474687  0.670  0.003  0.000  0.671
   0.82370    -13.478839  0.671  0.002  0.000  0.672
   0.85031    -13.483725  0.672  0.000  0.000  0.674
   0.87692    -13.489172  0.674  0.000  0.000  0.676
   0.90353    -13.495000  0.676  0.000  0.000  0.677
   0.93014    -13.501028  0.677  0.000  0.000  0.677
   0.95675    -13.507085  0.678  0.000  0.000  0.679
   0.98336    -13.513015  0.681  0.000  0.000  0.684
   1.00997    -13.518674  0.684  0.000  0.000  0.685
   1.03658    -13.523922  0.686  0.000  0.000  0.686
   1.06319    -13.528634  0.686  0.000  0.000  0.689
   1.08980    -13.532690  0.689  0.000  0.000  0.694
   1.11641    -13.535979  0.692  0.000  0.000  0.695
   1.14302    -13.538406  0.697  0.000  0.000  0.697
   1.16963    -13.539896  0.696  0.000  0.000  0.699
   1.19624    -13.540397  0.696  0.000  0.000  0.698
 
# Band-Index:   20
   1.19624    -13.538252  0.690  0.000  0.000  0.693
   1.16963    -13.537760  0.691  0.000  0.000  0.693
   1.14302    -13.536299  0.691  0.000  0.000  0.691
   1.11641    -13.533917  0.687  0.000  0.000  0.690
   1.08980    -13.530688  0.686  0.000  0.000  0.688
   1.06319    -13.526703  0.685  0.000  0.000  0.686
   1.03658    -13.522069  0.681  0.000  0.000  0.684
   1.00997    -13.516901  0.679  0.000  0.000  0.682
   0.98336    -13.511319  0.678  0.000  0.000  0.678
   0.95675    -13.505462  0.675  0.000  0.000  0.678
   0.93014    -13.499469  0.675  0.000  0.000  0.676
   0.90353    -13.493497  0.676  0.000  0.000  0.677
   0.87692    -13.487715  0.673  0.000  0.000  0.676
   0.85031    -13.482304  0.671  0.000  0.000  0.674
   0.82370    -13.477444  0.671  0.003  0.000  0.673
   0.79709    -13.473310  0.671  0.003  0.000  0.671
   0.77048    -13.470045  0.669  0.003  0.000  0.672
   0.74387    -13.467740  0.669  0.003  0.000  0.672
   0.71726    -13.466412  0.669  0.003  0.000  0.672
   0.69065    -13.465996  0.669  0.003  0.000  0.672
   0.69065    -13.465996  0.669  0.003  0.000  0.672
   0.67734    -13.466090  0.669  0.003  0.000  0.671
   0.66404    -13.466356  0.668  0.003  0.000  0.671
   0.65073    -13.466772  0.670  0.003  0.000  0.671
   0.63743    -13.467312  0.670  0.003  0.000  0.670
   0.62412    -13.467950  0.670  0.003  0.000  0.671
   0.61082    -13.468659  0.668  0.003  0.000  0.671
   0.59751    -13.469416  0.669  0.003  0.000  0.672
   0.58421    -13.470198  0.668  0.003  0.000  0.671
   0.57090    -13.470984  0.668  0.003  0.000  0.670
   0.55760    -13.471753  0.668  0.003  0.000  0.670
   0.54429    -13.472488  0.670  0.003  0.000  0.671
   0.53099    -13.473173  0.670  0.002  0.000  0.672
   0.51768    -13.473793  0.669  0.002  0.000  0.672
   0.50438    -13.474338  0.669  0.002  0.000  0.671
   0.49107    -13.474797  0.669  0.002  0.000  0.670
   0.47777    -13.475162  0.668  0.002  0.000  0.670
   0.46446    -13.475427  0.671  0.002  0.000  0.671
   0.45116    -13.475589  0.670  0.002  0.000  0.672
   0.43785    -13.475643  0.670  0.002  0.000  0.672
   0.43785    -13.475643  0.670  0.002  0.000  0.672
   0.41481    -13.476202  0.669  0.002  0.000  0.671
   0.39176    -13.477843  0.669  0.002  0.000  0.672
   0.36872    -13.480462  0.671  0.002  0.000  0.674
   0.34567    -13.483910  0.673  0.000  0.000  0.675
   0.32263    -13.488013  0.673  0.000  0.000  0.675
   0.29958    -13.492592  0.674  0.000  0.000  0.676
   0.27654    -13.497481  0.675  0.000  0.000  0.678
   0.25349    -13.502525  0.676  0.000  0.000  0.678
   0.23045    -13.507591  0.677  0.000  0.000  0.678
   0.20740    -13.512557  0.679  0.000  0.000  0.680
   0.18436    -13.517316  0.679  0.000  0.000  0.682
   0.16131    -13.521776  0.681  0.000  0.000  0.684
   0.13827    -13.525848  0.684  0.000  0.000  0.685
   0.11522    -13.529453  0.684  0.000  0.000  0.686
   0.09218    -13.532520  0.687  0.000  0.000  0.687
   0.06913    -13.534981  0.689  0.000  0.000  0.691
   0.04609    -13.536784  0.689  0.000  0.000  0.690
   0.02304    -13.537883  0.690  0.000  0.000  0.693
   0.00000    -13.538252  0.690  0.000  0.000  0.693
 
# Band-Index:   21
   0.00000    -13.264866  0.788  0.000  0.000  0.790
   0.02304    -13.265138  0.788  0.000  0.000  0.788
   0.04609    -13.266117  0.789  0.000  0.000  0.789
   0.06913    -13.267732  0.788  0.000  0.000  0.788
   0.09218    -13.269959  0.787  0.000  0.000  0.788
   0.11522    -13.272767  0.787  0.000  0.000  0.788
   0.13827    -13.276109  0.786  0.000  0.000  0.788
   0.16131    -13.279933  0.787  0.000  0.000  0.787
   0.18436    -13.284173  0.784  0.000  0.000  0.785
   0.20740    -13.288752  0.785  0.000  0.000  0.785
   0.23045    -13.293578  0.784  0.000  0.000  0.785
   0.25349    -13.298543  0.784  0.000  0.000  0.785
   0.27654    -13.303525  0.783  0.000  0.000  0.783
   0.29958    -13.308380  0.784  0.000  0.000  0.785
   0.32263    -13.312950  0.784  0.000  0.000  0.785
   0.34567    -13.317058  0.784  0.000  0.000  0.784
   0.36872    -13.320521  0.783  0.000  0.000  0.786
   0.39176    -13.323158  0.785  0.000  0.000  0.786
   0.41481    -13.324812  0.785  0.000  0.000  0.786
   0.43785    -13.325376  0.785  0.000  0.000  0.785
   0.43785    -13.325376  0.785  0.000  0.000  0.785
   0.45116    -13.325414  0.786  0.000  0.000  0.786
   0.46446    -13.325527  0.786  0.000  0.000  0.786
   0.47777    -13.325715  0.785  0.000  0.000  0.786
   0.49107    -13.325976  0.785  0.000  0.000  0.785
   0.50438    -13.326308  0.783  0.000  0.000  0.784
   0.51768    -13.326707  0.782  0.000  0.000  0.782
   0.53099    -13.327169  0.782  0.000  0.000  0.783
   0.54429    -13.327685  0.781  0.000  0.000  0.781
   0.55760    -13.328249  0.781  0.000  0.000  0.781
   0.57090    -13.328850  0.780  0.000  0.000  0.780
   0.58421    -13.329475  0.779  0.000  0.000  0.779
   0.59751    -13.330110  0.777  0.000  0.000  0.779
   0.61082    -13.330735  0.778  0.000  0.000  0.778
   0.62412    -13.331330  0.776  0.000  0.000  0.776
   0.63743    -13.331873  0.776  0.000  0.000  0.776
   0.65073    -13.332340  0.776  0.000  0.000  0.776
   0.66404    -13.332705  0.775  0.000  0.000  0.776
   0.67734    -13.332944  0.775  0.000  0.000  0.776
   0.69065    -13.333030  0.774  0.000  0.000  0.774
   0.69065    -13.333030  0.774  0.000  0.000  0.774
   0.71726    -13.332649  0.774  0.000  0.000  0.776
   0.74387    -13.331419  0.775  0.000  0.000  0.776
   0.77048    -13.329260  0.776  0.000  0.000  0.777
   0.79709    -13.326172  0.777  0.000  0.000  0.778
   0.82370    -13.322236  0.777  0.000  0.000  0.778
   0.85031    -13.317583  0.778  0.000  0.000  0.779
   0.87692    -13.312383  0.780  0.000  0.000  0.780
   0.90353    -13.306820  0.781  0.000  0.000  0.781
   0.93014    -13.301075  0.782  0.000  0.000  0.783
   0.95675    -13.295324  0.782  0.000  0.000  0.783
   0.98336    -13.289729  0.784  0.000  0.000  0.785
   1.00997    -13.284442  0.785  0.000  0.000  0.785
   1.03658    -13.279589  0.786  0.000  0.000  0.787
   1.06319    -13.275286  0.786  0.000  0.000  0.788
   1.08980    -13.271630  0.787  0.000  0.000  0.787
   1.11641    -13.268701  0.787  0.000  0.000  0.788
   1.14302    -13.266563  0.788  0.000  0.000  0.790
   1.16963    -13.265263  0.788  0.000  0.000  0.790
   1.19624    -13.264866  0.788  0.000  0.000  0.790
 
# Band-Index:   22
   1.19624    -13.264810  0.788  0.000  0.000  0.788
   1.16963    -13.264852  0.789  0.000  0.000  0.790
   1.14302    -13.265170  0.788  0.000  0.000  0.789
   1.11641    -13.267309  0.787  0.000  0.000  0.788
   1.08980    -13.270238  0.787  0.000  0.000  0.788
   1.06319    -13.273894  0.787  0.000  0.000  0.787
   1.03658    -13.278197  0.786  0.000  0.000  0.787
   1.00997    -13.283049  0.784  0.000  0.000  0.785
   0.98336    -13.288337  0.784  0.000  0.000  0.785
   0.95675    -13.293932  0.782  0.000  0.000  0.783
   0.93014    -13.299683  0.782  0.000  0.000  0.783
   0.90353    -13.305427  0.781  0.000  0.000  0.781
   0.87692    -13.310989  0.780  0.000  0.000  0.780
   0.85031    -13.316189  0.778  0.000  0.000  0.779
   0.82370    -13.320840  0.777  0.000  0.000  0.778
   0.79709    -13.324775  0.778  0.000  0.000  0.778
   0.77048    -13.327860  0.776  0.000  0.000  0.776
   0.74387    -13.330015  0.775  0.000  0.000  0.775
   0.71726    -13.331241  0.774  0.000  0.000  0.775
   0.69065    -13.331619  0.774  0.000  0.000  0.774
   0.69065    -13.331619  0.774  0.000  0.000  0.774
   0.67734    -13.331536  0.776  0.000  0.000  0.776
   0.66404    -13.331301  0.775  0.000  0.000  0.776
   0.65073    -13.330940  0.776  0.000  0.000  0.776
   0.63743    -13.330478  0.776  0.000  0.000  0.776
   0.62412    -13.329940  0.776  0.000  0.000  0.777
   0.61082    -13.329348  0.776  0.000  0.000  0.778
   0.59751    -13.328727  0.777  0.000  0.000  0.777
   0.58421    -13.328096  0.779  0.000  0.000  0.779
   0.57090    -13.327475  0.780  0.000  0.000  0.780
   0.55760    -13.326877  0.781  0.000  0.000  0.781
   0.54429    -13.326316  0.781  0.000  0.000  0.781
   0.53099    -13.325801  0.782  0.000  0.000  0.783
   0.51768    -13.325342  0.782  0.000  0.000  0.782
   0.50438    -13.324944  0.783  0.000  0.000  0.784
   0.49107    -13.324614  0.784  0.000  0.000  0.785
   0.47777    -13.324353  0.785  0.000  0.000  0.786
   0.46446    -13.324166  0.786  0.000  0.000  0.786
   0.45116    -13.324054  0.785  0.000  0.000  0.786
   0.43785    -13.324016  0.785  0.000  0.000  0.785
   0.43785    -13.324016  0.785  0.000  0.000  0.785
   0.41481    -13.323452  0.785  0.000  0.000  0.786
   0.39176    -13.321797  0.785  0.000  0.000  0.786
   0.36872    -13.319159  0.785  0.000  0.000  0.786
   0.34567    -13.315696  0.784  0.000  0.000  0.784
   0.32263    -13.311586  0.784  0.000  0.000  0.784
   0.29958    -13.307015  0.784  0.000  0.000  0.785
   0.27654    -13.302159  0.783  0.000  0.000  0.783
   0.25349    -13.297177  0.784  0.000  0.000  0.784
   0.23045    -13.292210  0.784  0.000  0.000  0.784
   0.20740    -13.287384  0.785  0.000  0.000  0.785
   0.18436    -13.282804  0.784  0.000  0.000  0.787
   0.16131    -13.278563  0.787  0.000  0.000  0.787
   0.13827    -13.274738  0.785  0.000  0.000  0.788
   0.11522    -13.271396  0.787  0.000  0.000  0.787
   0.09218    -13.268588  0.787  0.000  0.000  0.787
   0.06913    -13.266360  0.787  0.000  0.000  0.788
   0.04609    -13.264866  0.788  0.000  0.000  0.790
   0.02304    -13.264867  0.788  0.000  0.000  0.790
   0.00000    -13.264810  0.788  0.000  0.000  0.788
 
# Band-Index:   23
   0.00000    -13.263437  0.788  0.000  0.000  0.790
   0.02304    -13.263766  0.788  0.000  0.000  0.788
   0.04609    -13.264745  0.788  0.000  0.000  0.789
   0.06913    -13.264864  0.788  0.000  0.000  0.790
   0.09218    -13.264862  0.788  0.000  0.000  0.790
   0.11522    -13.264860  0.788  0.000  0.000  0.790
   0.13827    -13.264858  0.788  0.000  0.000  0.788
   0.16131    -13.264856  0.788  0.000  0.000  0.788
   0.18436    -13.264853  0.788  0.000  0.000  0.788
   0.20740    -13.264850  0.788  0.000  0.000  0.788
   0.23045    -13.264846  0.788  0.000  0.000  0.788
   0.25349    -13.264843  0.788  0.000  0.000  0.788
   0.27654    -13.264840  0.788  0.000  0.000  0.788
   0.29958    -13.264837  0.788  0.000  0.000  0.788
   0.32263    -13.264834  0.788  0.000  0.000  0.788
   0.34567    -13.264832  0.788  0.000  0.000  0.788
   0.36872    -13.264831  0.788  0.000  0.000  0.788
   0.39176    -13.264830  0.788  0.000  0.000  0.788
   0.41481    -13.264830  0.788  0.000  0.000  0.788
   0.43785    -13.264831  0.788  0.000  0.000  0.788
   0.43785    -13.264831  0.788  0.000  0.000  0.788
   0.45116    -13.264845  0.787  0.000  0.000  0.787
   0.46446    -13.264889  0.788  0.000  0.000  0.788
   0.47777    -13.264962  0.787  0.000  0.000  0.789
   0.49107    -13.265060  0.788  0.000  0.000  0.788
   0.50438    -13.265180  0.787  0.000  0.000  0.789
   0.51768    -13.265319  0.788  0.000  0.000  0.790
   0.53099    -13.265470  0.789  0.000  0.000  0.791
   0.54429    -13.265629  0.789  0.000  0.000  0.791
   0.55760    -13.265791  0.790  0.000  0.000  0.791
   0.57090    -13.265951  0.791  0.000  0.000  0.791
   0.58421    -13.266105  0.791  0.000  0.000  0.793
   0.59751    -13.266249  0.791  0.000  0.000  0.793
   0.61082    -13.266378  0.792  0.000  0.000  0.792
   0.62412    -13.266490  0.794  0.000  0.000  0.794
   0.63743    -13.266583  0.793  0.000  0.000  0.793
   0.65073    -13.266654  0.795  0.000  0.000  0.795
   0.66404    -13.266704  0.794  0.000  0.000  0.794
   0.67734    -13.266732  0.795  0.000  0.000  0.795
   0.69065    -13.266740  0.793  0.000  0.000  0.795
   0.69065    -13.266740  0.793  0.000  0.000  0.795
   0.71726    -13.266705  0.793  0.000  0.000  0.795
   0.74387    -13.266603  0.793  0.000  0.000  0.794
   0.77048    -13.266450  0.793  0.000  0.000  0.793
   0.79709    -13.266263  0.792  0.000  0.000  0.793
   0.82370    -13.266057  0.792  0.000  0.000  0.792
   0.85031    -13.265847  0.791  0.000  0.000  0.791
   0.87692    -13.265644  0.790  0.000  0.000  0.791
   0.90353    -13.265458  0.790  0.000  0.000  0.790
   0.93014    -13.265297  0.790  0.000  0.000  0.790
   0.95675    -13.265162  0.789  0.000  0.000  0.789
   0.98336    -13.265054  0.788  0.000  0.000  0.789
   1.00997    -13.264973  0.788  0.000  0.000  0.789
   1.03658    -13.264918  0.788  0.000  0.000  0.789
   1.06319    -13.264883  0.788  0.000  0.000  0.789
   1.08980    -13.264862  0.789  0.000  0.000  0.790
   1.11641    -13.264855  0.788  0.000  0.000  0.790
   1.14302    -13.264851  0.788  0.000  0.000  0.789
   1.16963    -13.263869  0.788  0.000  0.000  0.789
   1.19624    -13.263437  0.788  0.000  0.000  0.790
 
# Band-Index:   24
   1.19624    -13.263413  0.788  0.000  0.000  0.790
   1.16963    -13.263420  0.788  0.000  0.000  0.789
   1.14302    -13.263419  0.789  0.000  0.000  0.789
   1.11641    -13.263422  0.788  0.000  0.000  0.789
   1.08980    -13.263430  0.788  0.000  0.000  0.790
   1.06319    -13.263451  0.789  0.000  0.000  0.789
   1.03658    -13.263486  0.788  0.000  0.000  0.790
   1.00997    -13.263542  0.789  0.000  0.000  0.789
   0.98336    -13.263623  0.789  0.000  0.000  0.789
   0.95675    -13.263731  0.789  0.000  0.000  0.790
   0.93014    -13.263867  0.789  0.000  0.000  0.789
   0.90353    -13.264030  0.790  0.000  0.000  0.791
   0.87692    -13.264217  0.790  0.000  0.000  0.792
   0.85031    -13.264421  0.791  0.000  0.000  0.792
   0.82370    -13.264632  0.792  0.000  0.000  0.793
   0.79709    -13.264839  0.792  0.000  0.000  0.793
   0.77048    -13.265028  0.792  0.000  0.000  0.794
   0.74387    -13.265183  0.793  0.000  0.000  0.794
   0.71726    -13.265287  0.793  0.000  0.000  0.794
   0.69065    -13.265325  0.795  0.000  0.000  0.795
   0.69065    -13.265325  0.795  0.000  0.000  0.795
   0.67734    -13.265314  0.794  0.000  0.000  0.794
   0.66404    -13.265283  0.793  0.000  0.000  0.794
   0.65073    -13.265230  0.794  0.000  0.000  0.794
   0.63743    -13.265156  0.793  0.000  0.000  0.795
   0.62412    -13.265061  0.793  0.000  0.000  0.793
   0.61082    -13.264946  0.792  0.000  0.000  0.794
   0.59751    -13.264814  0.793  0.000  0.000  0.793
   0.58421    -13.264668  0.793  0.000  0.000  0.793
   0.57090    -13.264512  0.791  0.000  0.000  0.791
   0.55760    -13.264348  0.790  0.000  0.000  0.790
   0.54429    -13.264184  0.791  0.000  0.000  0.791
   0.53099    -13.264023  0.789  0.000  0.000  0.791
   0.51768    -13.263871  0.788  0.000  0.000  0.790
   0.50438    -13.263731  0.789  0.000  0.000  0.789
   0.49107    -13.263610  0.788  0.000  0.000  0.788
   0.47777    -13.263510  0.787  0.000  0.000  0.789
   0.46446    -13.263437  0.788  0.000  0.000  0.788
   0.45116    -13.263393  0.787  0.000  0.000  0.789
   0.43785    -13.263378  0.788  0.000  0.000  0.788
   0.43785    -13.263378  0.788  0.000  0.000  0.788
   0.41481    -13.263377  0.788  0.000  0.000  0.788
   0.39176    -13.263377  0.788  0.000  0.000  0.788
   0.36872    -13.263378  0.788  0.000  0.000  0.788
   0.34567    -13.263380  0.788  0.000  0.000  0.788
   0.32263    -13.263381  0.788  0.000  0.000  0.788
   0.29958    -13.263384  0.788  0.000  0.000  0.788
   0.27654    -13.263387  0.788  0.000  0.000  0.788
   0.25349    -13.263389  0.788  0.000  0.000  0.788
   0.23045    -13.263392  0.788  0.000  0.000  0.788
   0.20740    -13.263396  0.788  0.000  0.000  0.788
   0.18436    -13.263400  0.788  0.000  0.000  0.788
   0.16131    -13.263403  0.788  0.000  0.000  0.788
   0.13827    -13.263405  0.788  0.000  0.000  0.788
   0.11522    -13.263407  0.788  0.000  0.000  0.790
   0.09218    -13.263409  0.788  0.000  0.000  0.790
   0.06913    -13.263411  0.788  0.000  0.000  0.790
   0.04609    -13.263413  0.788  0.000  0.000  0.790
   0.02304    -13.263414  0.788  0.000  0.000  0.790
   0.00000    -13.263413  0.788  0.000  0.000  0.790
 
# Band-Index:   25
   0.00000     -8.340698  0.006  0.000  0.000  0.006
   0.02304     -8.338670  0.006  0.000  0.000  0.006
   0.04609     -8.332600  0.006  0.000  0.000  0.006
   0.06913     -8.322529  0.006  0.000  0.000  0.006
   0.09218     -8.308525  0.006  0.000  0.000  0.006
   0.11522     -8.290684  0.006  0.000  0.000  0.006
   0.13827     -8.269134  0.006  0.000  0.000  0.006
   0.16131     -8.244034  0.006  0.000  0.000  0.006
   0.18436     -8.215581  0.006  0.000  0.000  0.006
   0.20740     -8.184014  0.006  0.000  0.000  0.006
   0.23045     -8.149627  0.006  0.000  0.000  0.006
   0.25349     -8.112782  0.004  0.000  0.000  0.006
   0.27654     -8.073941  0.002  0.000  0.000  0.006
   0.29958     -8.033703  0.002  0.000  0.000  0.006
   0.32263     -7.992887  0.002  0.000  0.000  0.006
   0.34567     -7.952665  0.001  0.002  0.000  0.008
   0.36872     -7.914804  0.000  0.002  0.000  0.008
   0.39176     -7.882087  0.000  0.002  0.000  0.004
   0.41481     -7.858786  0.000  0.002  0.000  0.004
   0.43785     -7.850114  0.000  0.002  0.000  0.004
   0.43785     -7.850114  0.000  0.002  0.000  0.004
   0.45116     -7.849454  0.000  0.002  0.000  0.004
   0.46446     -7.847478  0.000  0.002  0.000  0.004
   0.47777     -7.844189  0.000  0.002  0.000  0.004
   0.49107     -7.839597  0.000  0.002  0.000  0.004
   0.50438     -7.833716  0.000  0.002  0.000  0.003
   0.51768     -7.826561  0.000  0.002  0.000  0.002
   0.53099     -7.818153  0.000  0.002  0.000  0.002
   0.54429     -7.808519  0.000  0.002  0.000  0.002
   0.55760     -7.797688  0.000  0.002  0.000  0.002
   0.57090     -7.785698  0.000  0.004  0.000  0.004
   0.58421     -7.772594  0.000  0.004  0.000  0.004
   0.59751     -7.758430  0.000  0.004  0.000  0.004
   0.61082     -7.743273  0.000  0.004  0.000  0.004
   0.62412     -7.727207  0.000  0.006  0.000  0.006
   0.63743     -7.710349  0.000  0.006  0.000  0.006
   0.65073     -7.692876  0.000  0.008  0.000  0.008
   0.66404     -7.675128  0.000  0.008  0.000  0.008
   0.67734     -7.658122  0.000  0.007  0.000  0.007
   0.69065     -7.648006  0.000  0.000  0.000  0.000
   0.69065     -7.648006  0.000  0.000  0.000  0.000
   0.71726     -7.680221  0.000  0.008  0.000  0.008
   0.74387     -7.728160  0.000  0.006  0.000  0.006
   0.77048     -7.779766  0.000  0.004  0.000  0.004
   0.79709     -7.833062  0.000  0.002  0.000  0.006
   0.82370     -7.886833  0.000  0.002  0.000  0.006
   0.85031     -7.940140  0.000  0.002  0.000  0.008
   0.87692     -7.992197  0.000  0.001  0.000  0.007
   0.90353     -8.042334  0.004  0.000  0.000  0.006
   0.93014     -8.089964  0.004  0.000  0.000  0.006
   0.95675     -8.134567  0.004  0.000  0.000  0.006
   0.98336     -8.175682  0.006  0.000  0.000  0.006
   1.00997     -8.212908  0.006  0.000  0.000  0.006
   1.03658     -8.245887  0.006  0.000  0.000  0.006
   1.06319     -8.274312  0.006  0.000  0.000  0.006
   1.08980     -8.297926  0.006  0.000  0.000  0.006
   1.11641     -8.316512  0.006  0.000  0.000  0.006
   1.14302     -8.329909  0.006  0.000  0.000  0.006
   1.16963     -8.337995  0.006  0.000  0.000  0.006
   1.19624     -8.340698  0.006  0.000  0.000  0.006
 
# Band-Index:   26
   1.19624     -7.937456  0.018  0.024  0.000  0.036
   1.16963     -7.935607  0.018  0.024  0.000  0.036
   1.14302     -7.930090  0.018  0.024  0.000  0.036
   1.11641     -7.920995  0.016  0.020  0.000  0.036
   1.08980     -7.908472  0.016  0.018  0.000  0.036
   1.06319     -7.892730  0.016  0.018  0.000  0.036
   1.03658     -7.874038  0.012  0.020  0.000  0.038
   1.00997     -7.852727  0.012  0.020  0.000  0.038
   0.98336     -7.829194  0.012  0.021  0.000  0.038
   0.95675     -7.803905  0.012  0.022  0.000  0.038
   0.93014     -7.777400  0.012  0.024  0.000  0.036
   0.90353     -7.750306  0.012  0.026  0.000  0.038
   0.87692     -7.723361  0.010  0.030  0.000  0.040
   0.85031     -7.697430  0.010  0.034  0.000  0.042
   0.82370     -7.673533  0.006  0.037  0.000  0.047
   0.79709     -7.652848  0.006  0.047  0.000  0.051
   0.77048     -7.636592  0.004  0.057  0.000  0.059
   0.74387     -7.625724  0.000  0.065  0.000  0.069
   0.71726     -7.620547  0.000  0.071  0.000  0.071
   0.69065     -7.621114  0.000  0.071  0.000  0.071
   0.69065     -7.621114  0.000  0.071  0.000  0.071
   0.67734     -7.622540  0.000  0.067  0.000  0.067
   0.66404     -7.625415  0.000  0.064  0.000  0.064
   0.65073     -7.629190  0.000  0.059  0.000  0.059
   0.63743     -7.633691  0.000  0.053  0.000  0.055
   0.62412     -7.638740  0.000  0.049  0.000  0.051
   0.61082     -7.644156  0.002  0.046  0.000  0.050
   0.59751     -7.649772  0.002  0.042  0.000  0.046
   0.58421     -7.655429  0.002  0.038  0.000  0.044
   0.57090     -7.660993  0.004  0.040  0.000  0.042
   0.55760     -7.666342  0.006  0.037  0.000  0.039
   0.54429     -7.671373  0.006  0.035  0.000  0.037
   0.53099     -7.675996  0.006  0.033  0.000  0.035
   0.51768     -7.680140  0.006  0.032  0.000  0.034
   0.50438     -7.683741  0.006  0.030  0.000  0.038
   0.49107     -7.686752  0.006  0.030  0.000  0.038
   0.47777     -7.689132  0.006  0.029  0.000  0.037
   0.46446     -7.690853  0.006  0.028  0.000  0.036
   0.45116     -7.691894  0.006  0.028  0.000  0.036
   0.43785     -7.692242  0.006  0.028  0.000  0.036
   0.43785     -7.692242  0.006  0.028  0.000  0.036
   0.41481     -7.692327  0.008  0.028  0.000  0.036
   0.39176     -7.694430  0.008  0.028  0.000  0.036
   0.36872     -7.701208  0.008  0.028  0.000  0.036
   0.34567     -7.713269  0.008  0.028  0.000  0.040
   0.32263     -7.729664  0.012  0.029  0.000  0.037
   0.29958     -7.749029  0.012  0.026  0.000  0.038
   0.27654     -7.770116  0.012  0.024  0.000  0.038
   0.25349     -7.791918  0.012  0.023  0.000  0.037
   0.23045     -7.813650  0.012  0.022  0.000  0.036
   0.20740     -7.834696  0.014  0.020  0.000  0.038
   0.18436     -7.854571  0.014  0.020  0.000  0.038
   0.16131     -7.872885  0.014  0.020  0.000  0.038
   0.13827     -7.889323  0.014  0.018  0.000  0.036
   0.11522     -7.903631  0.014  0.018  0.000  0.036
   0.09218     -7.915601  0.016  0.018  0.000  0.036
   0.06913     -7.925073  0.018  0.021  0.000  0.036
   0.04609     -7.931925  0.018  0.024  0.000  0.036
   0.02304     -7.936068  0.018  0.024  0.000  0.036
   0.00000     -7.937456  0.018  0.024  0.000  0.036
 
# Band-Index:   27
   0.00000     -7.613917  0.000  0.002  0.000  0.002
   0.02304     -7.613830  0.000  0.002  0.000  0.002
   0.04609     -7.613574  0.000  0.002  0.000  0.002
   0.06913     -7.613155  0.000  0.002  0.000  0.002
   0.09218     -7.612581  0.000  0.002  0.000  0.002
   0.11522     -7.611868  0.000  0.002  0.000  0.002
   0.13827     -7.611032  0.000  0.002  0.000  0.002
   0.16131     -7.610095  0.000  0.002  0.000  0.002
   0.18436     -7.609079  0.000  0.002  0.000  0.002
   0.20740     -7.608010  0.000  0.002  0.000  0.002
   0.23045     -7.606915  0.000  0.002  0.000  0.002
   0.25349     -7.605823  0.000  0.002  0.000  0.002
   0.27654     -7.604765  0.000  0.002  0.000  0.002
   0.29958     -7.603768  0.000  0.002  0.000  0.002
   0.32263     -7.602863  0.000  0.002  0.000  0.002
   0.34567     -7.602078  0.000  0.002  0.000  0.002
   0.36872     -7.601437  0.000  0.002  0.000  0.002
   0.39176     -7.600962  0.000  0.002  0.000  0.002
   0.41481     -7.600669  0.000  0.002  0.000  0.002
   0.43785     -7.600571  0.000  0.002  0.000  0.002
   0.43785     -7.600571  0.000  0.002  0.000  0.002
   0.45116     -7.600519  0.000  0.002  0.000  0.002
   0.46446     -7.600363  0.000  0.002  0.000  0.002
   0.47777     -7.600107  0.000  0.002  0.000  0.002
   0.49107     -7.599752  0.000  0.002  0.000  0.002
   0.50438     -7.599305  0.000  0.002  0.000  0.002
   0.51768     -7.598771  0.000  0.002  0.000  0.002
   0.53099     -7.598158  0.000  0.002  0.000  0.002
   0.54429     -7.597475  0.000  0.003  0.000  0.003
   0.55760     -7.596733  0.000  0.004  0.000  0.004
   0.57090     -7.595943  0.000  0.004  0.000  0.004
   0.58421     -7.595121  0.000  0.006  0.000  0.006
   0.59751     -7.594285  0.000  0.006  0.000  0.006
   0.61082     -7.593461  0.000  0.008  0.000  0.008
   0.62412     -7.592701  0.000  0.010  0.000  0.010
   0.63743     -7.592152  0.000  0.017  0.000  0.017
   0.65073     -7.592620  0.000  0.040  0.000  0.040
   0.66404     -7.598056  0.000  0.076  0.000  0.076
   0.67734     -7.610679  0.000  0.072  0.000  0.072
   0.69065     -7.620246  0.000  0.070  0.000  0.070
   0.69065     -7.620246  0.000  0.070  0.000  0.070
   0.71726     -7.597678  0.000  0.073  0.000  0.073
   0.74387     -7.591413  0.000  0.006  0.000  0.006
   0.77048     -7.592813  0.000  0.003  0.000  0.003
   0.79709     -7.594489  0.000  0.002  0.000  0.002
   0.82370     -7.596285  0.000  0.002  0.000  0.002
   0.85031     -7.598145  0.000  0.002  0.000  0.002
   0.87692     -7.600026  0.000  0.002  0.000  0.002
   0.90353     -7.601892  0.000  0.002  0.000  0.002
   0.93014     -7.603711  0.000  0.002  0.000  0.002
   0.95675     -7.605452  0.000  0.002  0.000  0.002
   0.98336     -7.607088  0.000  0.002  0.000  0.002
   1.00997     -7.608593  0.000  0.002  0.000  0.002
   1.03658     -7.609945  0.000  0.002  0.000  0.002
   1.06319     -7.611123  0.000  0.002  0.000  0.002
   1.08980     -7.612110  0.000  0.002  0.000  0.002
   1.11641     -7.612892  0.000  0.002  0.000  0.002
   1.14302     -7.613459  0.000  0.002  0.000  0.002
   1.16963     -7.613802  0.000  0.002  0.000  0.002
   1.19624     -7.613917  0.000  0.002  0.000  0.002
 
# Band-Index:   28
   1.19624     -7.613916  0.000  0.002  0.000  0.002
   1.16963     -7.613642  0.000  0.002  0.000  0.002
   1.14302     -7.612832  0.000  0.002  0.000  0.002
   1.11641     -7.611521  0.000  0.002  0.000  0.002
   1.08980     -7.609766  0.000  0.003  0.000  0.003
   1.06319     -7.607644  0.000  0.004  0.000  0.004
   1.03658     -7.605251  0.000  0.005  0.000  0.005
   1.00997     -7.602700  0.000  0.006  0.000  0.006
   0.98336     -7.600120  0.000  0.008  0.000  0.008
   0.95675     -7.597650  0.000  0.010  0.000  0.010
   0.93014     -7.595427  0.000  0.011  0.000  0.011
   0.90353     -7.593540  0.000  0.012  0.000  0.012
   0.87692     -7.591992  0.000  0.013  0.000  0.013
   0.85031     -7.590746  0.000  0.012  0.000  0.012
   0.82370     -7.589780  0.000  0.008  0.000  0.008
   0.79709     -7.588979  0.000  0.005  0.000  0.005
   0.77048     -7.588397  0.000  0.003  0.000  0.003
   0.74387     -7.588293  0.000  0.005  0.000  0.005
   0.71726     -7.589196  0.000  0.002  0.000  0.002
   0.69065     -7.588530  0.000  0.002  0.000  0.002
   0.69065     -7.588530  0.000  0.002  0.000  0.002
   0.67734     -7.588775  0.000  0.002  0.000  0.002
   0.66404     -7.589125  0.000  0.002  0.000  0.002
   0.65073     -7.589023  0.000  0.010  0.000  0.010
   0.63743     -7.588614  0.000  0.005  0.000  0.005
   0.62412     -7.588847  0.000  0.003  0.000  0.003
   0.61082     -7.589063  0.000  0.003  0.000  0.003
   0.59751     -7.589252  0.000  0.003  0.000  0.003
   0.58421     -7.589414  0.000  0.003  0.000  0.003
   0.57090     -7.589551  0.000  0.003  0.000  0.003
   0.55760     -7.589662  0.000  0.003  0.000  0.003
   0.54429     -7.589749  0.000  0.003  0.000  0.003
   0.53099     -7.589809  0.000  0.004  0.000  0.004
   0.51768     -7.589841  0.000  0.004  0.000  0.004
   0.50438     -7.589844  0.000  0.004  0.000  0.004
   0.49107     -7.589816  0.000  0.004  0.000  0.004
   0.47777     -7.589759  0.000  0.004  0.000  0.004
   0.46446     -7.589677  0.000  0.005  0.000  0.005
   0.45116     -7.589589  0.000  0.005  0.000  0.005
   0.43785     -7.589545  0.000  0.005  0.000  0.005
   0.43785     -7.589545  0.000  0.005  0.000  0.005
   0.41481     -7.589650  0.000  0.007  0.000  0.007
   0.39176     -7.589957  0.000  0.007  0.000  0.007
   0.36872     -7.590445  0.000  0.009  0.000  0.009
   0.34567     -7.591083  0.000  0.012  0.000  0.012
   0.32263     -7.591841  0.000  0.015  0.000  0.015
   0.29958     -7.592697  0.000  0.019  0.000  0.019
   0.27654     -7.593674  0.000  0.021  0.000  0.021
   0.25349     -7.595209  0.000  0.014  0.000  0.014
   0.23045     -7.597539  0.000  0.009  0.000  0.009
   0.20740     -7.600022  0.000  0.008  0.000  0.008
   0.18436     -7.602491  0.000  0.006  0.000  0.006
   0.16131     -7.604861  0.000  0.005  0.000  0.005
   0.13827     -7.607065  0.000  0.004  0.000  0.004
   0.11522     -7.609039  0.000  0.004  0.000  0.004
   0.09218     -7.610732  0.000  0.002  0.000  0.002
   0.06913     -7.612097  0.000  0.002  0.000  0.002
   0.04609     -7.613099  0.000  0.002  0.000  0.002
   0.02304     -7.613710  0.000  0.002  0.000  0.002
   0.00000     -7.613916  0.000  0.002  0.000  0.002
 
# Band-Index:   29
   0.00000     -7.601148  0.000  0.069  0.000  0.069
   0.02304     -7.601075  0.000  0.069  0.000  0.069
   0.04609     -7.600858  0.000  0.067  0.000  0.067
   0.06913     -7.600505  0.000  0.065  0.000  0.065
   0.09218     -7.600025  0.000  0.061  0.000  0.061
   0.11522     -7.599431  0.000  0.057  0.000  0.057
   0.13827     -7.598738  0.000  0.053  0.000  0.053
   0.16131     -7.597962  0.000  0.048  0.000  0.048
   0.18436     -7.597117  0.000  0.044  0.000  0.044
   0.20740     -7.596218  0.000  0.039  0.000  0.039
   0.23045     -7.595268  0.000  0.033  0.000  0.033
   0.25349     -7.594197  0.000  0.027  0.000  0.027
   0.27654     -7.592468  0.000  0.018  0.000  0.018
   0.29958     -7.590432  0.000  0.017  0.000  0.017
   0.32263     -7.589812  0.000  0.002  0.000  0.002
   0.34567     -7.589475  0.000  0.002  0.000  0.002
   0.36872     -7.589209  0.000  0.002  0.000  0.002
   0.39176     -7.589018  0.000  0.002  0.000  0.002
   0.41481     -7.588903  0.000  0.002  0.000  0.002
   0.43785     -7.588864  0.000  0.002  0.000  0.002
   0.43785     -7.588864  0.000  0.002  0.000  0.002
   0.45116     -7.588775  0.000  0.002  0.000  0.002
   0.46446     -7.588551  0.000  0.002  0.000  0.002
   0.47777     -7.588245  0.000  0.003  0.000  0.003
   0.49107     -7.587879  0.000  0.003  0.000  0.003
   0.50438     -7.587462  0.000  0.003  0.000  0.003
   0.51768     -7.587002  0.000  0.004  0.000  0.004
   0.53099     -7.586635  0.000  0.023  0.000  0.023
   0.54429     -7.586692  0.000  0.025  0.000  0.025
   0.55760     -7.586790  0.000  0.024  0.000  0.024
   0.57090     -7.586916  0.000  0.023  0.000  0.023
   0.58421     -7.587075  0.000  0.021  0.000  0.021
   0.59751     -7.587280  0.000  0.020  0.000  0.020
   0.61082     -7.587545  0.000  0.019  0.000  0.019
   0.62412     -7.587901  0.000  0.018  0.000  0.018
   0.63743     -7.588387  0.000  0.015  0.000  0.015
   0.65073     -7.588308  0.000  0.004  0.000  0.004
   0.66404     -7.588004  0.000  0.003  0.000  0.003
   0.67734     -7.587685  0.000  0.003  0.000  0.003
   0.69065     -7.587429  0.000  0.003  0.000  0.003
   0.69065     -7.587429  0.000  0.003  0.000  0.003
   0.71726     -7.586960  0.000  0.003  0.000  0.003
   0.74387     -7.587027  0.000  0.002  0.000  0.002
   0.77048     -7.587632  0.000  0.004  0.000  0.004
   0.79709     -7.588525  0.000  0.006  0.000  0.006
   0.82370     -7.589537  0.000  0.009  0.000  0.009
   0.85031     -7.590619  0.000  0.011  0.000  0.011
   0.87692     -7.591673  0.000  0.015  0.000  0.015
   0.90353     -7.592740  0.000  0.020  0.000  0.020
   0.93014     -7.593834  0.000  0.026  0.000  0.026
   0.95675     -7.594932  0.000  0.031  0.000  0.031
   0.98336     -7.596012  0.000  0.037  0.000  0.037
   1.00997     -7.597050  0.000  0.043  0.000  0.043
   1.03658     -7.598022  0.000  0.048  0.000  0.048
   1.06319     -7.598904  0.000  0.054  0.000  0.054
   1.08980     -7.599670  0.000  0.059  0.000  0.059
   1.11641     -7.600297  0.000  0.063  0.000  0.063
   1.14302     -7.600763  0.000  0.066  0.000  0.066
   1.16963     -7.601051  0.000  0.069  0.000  0.069
   1.19624     -7.601148  0.000  0.069  0.000  0.069
 
# Band-Index:   30
   1.19624     -7.595545  0.000  0.002  0.000  0.002
   1.16963     -7.595479  0.000  0.002  0.000  0.002
   1.14302     -7.595279  0.000  0.002  0.000  0.002
   1.11641     -7.594949  0.000  0.002  0.000  0.002
   1.08980     -7.594493  0.000  0.002  0.000  0.002
   1.06319     -7.593914  0.000  0.002  0.000  0.002
   1.03658     -7.593213  0.000  0.002  0.000  0.002
   1.00997     -7.592390  0.000  0.002  0.000  0.002
   0.98336     -7.591433  0.000  0.002  0.000  0.002
   0.95675     -7.590323  0.000  0.002  0.000  0.002
   0.93014     -7.589040  0.000  0.002  0.000  0.002
   0.90353     -7.587599  0.000  0.002  0.000  0.002
   0.87692     -7.586089  0.000  0.003  0.000  0.003
   0.85031     -7.584650  0.000  0.004  0.000  0.004
   0.82370     -7.583410  0.000  0.003  0.000  0.003
   0.79709     -7.582431  0.000  0.003  0.000  0.003
   0.77048     -7.581678  0.000  0.003  0.000  0.003
   0.74387     -7.582161  0.000  0.040  0.000  0.040
   0.71726     -7.586322  0.000  0.014  0.000  0.014
   0.69065     -7.587312  0.000  0.003  0.000  0.003
   0.69065     -7.587312  0.000  0.003  0.000  0.003
   0.67734     -7.586584  0.000  0.004  0.000  0.004
   0.66404     -7.584417  0.000  0.016  0.000  0.016
   0.65073     -7.581395  0.000  0.023  0.000  0.023
   0.63743     -7.581631  0.000  0.003  0.000  0.003
   0.62412     -7.582249  0.000  0.004  0.000  0.004
   0.61082     -7.582881  0.000  0.004  0.000  0.004
   0.59751     -7.583517  0.000  0.004  0.000  0.004
   0.58421     -7.584149  0.000  0.004  0.000  0.004
   0.57090     -7.584767  0.000  0.004  0.000  0.004
   0.55760     -7.585366  0.000  0.004  0.000  0.004
   0.54429     -7.585939  0.000  0.004  0.000  0.004
   0.53099     -7.586461  0.000  0.007  0.000  0.007
   0.51768     -7.586539  0.000  0.027  0.000  0.027
   0.50438     -7.586496  0.000  0.028  0.000  0.028
   0.49107     -7.586462  0.000  0.029  0.000  0.029
   0.47777     -7.586437  0.000  0.030  0.000  0.030
   0.46446     -7.586420  0.000  0.031  0.000  0.031
   0.45116     -7.586410  0.000  0.031  0.000  0.031
   0.43785     -7.586407  0.000  0.031  0.000  0.031
   0.43785     -7.586407  0.000  0.031  0.000  0.031
   0.41481     -7.586356  0.000  0.029  0.000  0.029
   0.39176     -7.586323  0.000  0.027  0.000  0.027
   0.36872     -7.586581  0.000  0.023  0.000  0.023
   0.34567     -7.587348  0.000  0.021  0.000  0.021
   0.32263     -7.588666  0.000  0.019  0.000  0.019
   0.29958     -7.590216  0.000  0.002  0.000  0.002
   0.27654     -7.590677  0.000  0.002  0.000  0.002
   0.25349     -7.591184  0.000  0.002  0.000  0.002
   0.23045     -7.591725  0.000  0.002  0.000  0.002
   0.20740     -7.592284  0.000  0.002  0.000  0.002
   0.18436     -7.592845  0.000  0.002  0.000  0.002
   0.16131     -7.593392  0.000  0.002  0.000  0.002
   0.13827     -7.593906  0.000  0.002  0.000  0.002
   0.11522     -7.594373  0.000  0.002  0.000  0.002
   0.09218     -7.594776  0.000  0.002  0.000  0.002
   0.06913     -7.595105  0.000  0.002  0.000  0.002
   0.04609     -7.595347  0.000  0.002  0.000  0.002
   0.02304     -7.595495  0.000  0.002  0.000  0.002
   0.00000     -7.595545  0.000  0.002  0.000  0.002
 
# Band-Index:   31
   0.00000     -7.595545  0.000  0.002  0.000  0.002
   0.02304     -7.595403  0.000  0.002  0.000  0.002
   0.04609     -7.594981  0.000  0.004  0.000  0.004
   0.06913     -7.594291  0.000  0.004  0.000  0.004
   0.09218     -7.593355  0.000  0.006  0.000  0.006
   0.11522     -7.592204  0.000  0.008  0.000  0.008
   0.13827     -7.590874  0.000  0.010  0.000  0.010
   0.16131     -7.589411  0.000  0.012  0.000  0.012
   0.18436     -7.587864  0.000  0.016  0.000  0.016
   0.20740     -7.586294  0.000  0.018  0.000  0.018
   0.23045     -7.584771  0.000  0.022  0.000  0.022
   0.25349     -7.583380  0.000  0.026  0.000  0.026
   0.27654     -7.582222  0.000  0.029  0.000  0.029
   0.29958     -7.581343  0.000  0.029  0.000  0.029
   0.32263     -7.580653  0.000  0.027  0.000  0.027
   0.34567     -7.579995  0.000  0.025  0.000  0.025
   0.36872     -7.579280  0.000  0.023  0.000  0.023
   0.39176     -7.578559  0.000  0.022  0.000  0.022
   0.41481     -7.578009  0.000  0.020  0.000  0.020
   0.43785     -7.577804  0.000  0.020  0.000  0.020
   0.43785     -7.577804  0.000  0.020  0.000  0.020
   0.45116     -7.577807  0.000  0.020  0.000  0.020
   0.46446     -7.577818  0.000  0.019  0.000  0.019
   0.47777     -7.577835  0.000  0.019  0.000  0.019
   0.49107     -7.577860  0.000  0.018  0.000  0.018
   0.50438     -7.577892  0.000  0.017  0.000  0.017
   0.51768     -7.577931  0.000  0.016  0.000  0.016
   0.53099     -7.577978  0.000  0.015  0.000  0.015
   0.54429     -7.578034  0.000  0.014  0.000  0.014
   0.55760     -7.578098  0.000  0.013  0.000  0.013
   0.57090     -7.578174  0.000  0.012  0.000  0.012
   0.58421     -7.578270  0.000  0.010  0.000  0.010
   0.59751     -7.578469  0.000  0.009  0.000  0.009
   0.61082     -7.578906  0.000  0.010  0.000  0.010
   0.62412     -7.579441  0.000  0.011  0.000  0.011
   0.63743     -7.580124  0.000  0.015  0.000  0.015
   0.65073     -7.581026  0.000  0.003  0.000  0.003
   0.66404     -7.580482  0.000  0.002  0.000  0.002
   0.67734     -7.579993  0.000  0.002  0.000  0.002
   0.69065     -7.579666  0.000  0.002  0.000  0.002
   0.69065     -7.579666  0.000  0.002  0.000  0.002
   0.71726     -7.580260  0.000  0.002  0.000  0.002
   0.74387     -7.580979  0.000  0.002  0.000  0.002
   0.77048     -7.581094  0.000  0.033  0.000  0.033
   0.79709     -7.580642  0.000  0.032  0.000  0.032
   0.82370     -7.580521  0.000  0.031  0.000  0.031
   0.85031     -7.580740  0.000  0.031  0.000  0.031
   0.87692     -7.581303  0.000  0.029  0.000  0.029
   0.90353     -7.582193  0.000  0.027  0.000  0.027
   0.93014     -7.583370  0.000  0.024  0.000  0.024
   0.95675     -7.584781  0.000  0.022  0.000  0.022
   0.98336     -7.586357  0.000  0.018  0.000  0.018
   1.00997     -7.588020  0.000  0.016  0.000  0.016
   1.03658     -7.589688  0.000  0.012  0.000  0.012
   1.06319     -7.591276  0.000  0.010  0.000  0.010
   1.08980     -7.592704  0.000  0.008  0.000  0.008
   1.11641     -7.593898  0.000  0.006  0.000  0.006
   1.14302     -7.594797  0.000  0.004  0.000  0.004
   1.16963     -7.595356  0.000  0.002  0.000  0.002
   1.19624     -7.595545  0.000  0.002  0.000  0.002
 
# Band-Index:   32
   1.19624     -7.582501  0.000  0.077  0.000  0.077
   1.16963     -7.582471  0.000  0.076  0.000  0.076
   1.14302     -7.582380  0.000  0.074  0.000  0.074
   1.11641     -7.582233  0.000  0.071  0.000  0.071
   1.08980     -7.582034  0.000  0.067  0.000  0.067
   1.06319     -7.581790  0.000  0.061  0.000  0.061
   1.03658     -7.581509  0.000  0.055  0.000  0.055
   1.00997     -7.581201  0.000  0.048  0.000  0.048
   0.98336     -7.580878  0.000  0.040  0.000  0.040
   0.95675     -7.580551  0.000  0.032  0.000  0.032
   0.93014     -7.580231  0.000  0.024  0.000  0.024
   0.90353     -7.579929  0.000  0.016  0.000  0.016
   0.87692     -7.579650  0.000  0.010  0.000  0.010
   0.85031     -7.579398  0.000  0.006  0.000  0.006
   0.82370     -7.579170  0.000  0.004  0.000  0.004
   0.79709     -7.578968  0.000  0.004  0.000  0.004
   0.77048     -7.578813  0.000  0.003  0.000  0.003
   0.74387     -7.578776  0.000  0.003  0.000  0.003
   0.71726     -7.578989  0.000  0.002  0.000  0.002
   0.69065     -7.579550  0.000  0.003  0.000  0.003
   0.69065     -7.579550  0.000  0.003  0.000  0.003
   0.67734     -7.579318  0.000  0.003  0.000  0.003
   0.66404     -7.579065  0.000  0.003  0.000  0.003
   0.65073     -7.578863  0.000  0.003  0.000  0.003
   0.63743     -7.578694  0.000  0.005  0.000  0.005
   0.62412     -7.578548  0.000  0.006  0.000  0.006
   0.61082     -7.578416  0.000  0.007  0.000  0.007
   0.59751     -7.578260  0.000  0.008  0.000  0.008
   0.58421     -7.577916  0.000  0.008  0.000  0.008
   0.57090     -7.577512  0.000  0.008  0.000  0.008
   0.55760     -7.577129  0.000  0.008  0.000  0.008
   0.54429     -7.576778  0.000  0.007  0.000  0.007
   0.53099     -7.576462  0.000  0.007  0.000  0.007
   0.51768     -7.576183  0.000  0.007  0.000  0.007
   0.50438     -7.575944  0.000  0.007  0.000  0.007
   0.49107     -7.575746  0.000  0.007  0.000  0.007
   0.47777     -7.575591  0.000  0.007  0.000  0.007
   0.46446     -7.575480  0.000  0.007  0.000  0.007
   0.45116     -7.575412  0.000  0.007  0.000  0.007
   0.43785     -7.575390  0.000  0.007  0.000  0.007
   0.43785     -7.575390  0.000  0.007  0.000  0.007
   0.41481     -7.575489  0.000  0.007  0.000  0.007
   0.39176     -7.575787  0.000  0.009  0.000  0.009
   0.36872     -7.576282  0.000  0.010  0.000  0.010
   0.34567     -7.576959  0.000  0.012  0.000  0.012
   0.32263     -7.577774  0.000  0.012  0.000  0.012
   0.29958     -7.578639  0.000  0.014  0.000  0.014
   0.27654     -7.579420  0.000  0.018  0.000  0.018
   0.25349     -7.580031  0.000  0.025  0.000  0.025
   0.23045     -7.580494  0.000  0.033  0.000  0.033
   0.20740     -7.580868  0.000  0.041  0.000  0.041
   0.18436     -7.581190  0.000  0.048  0.000  0.048
   0.16131     -7.581477  0.000  0.055  0.000  0.055
   0.13827     -7.581732  0.000  0.060  0.000  0.060
   0.11522     -7.581957  0.000  0.065  0.000  0.065
   0.09218     -7.582147  0.000  0.069  0.000  0.069
   0.06913     -7.582299  0.000  0.073  0.000  0.073
   0.04609     -7.582410  0.000  0.075  0.000  0.075
   0.02304     -7.582478  0.000  0.076  0.000  0.076
   0.00000     -7.582501  0.000  0.077  0.000  0.077
 
# Band-Index:   33
   0.00000     -7.540828  0.006  0.548  0.000  0.554
   0.02304     -7.540707  0.006  0.550  0.000  0.556
   0.04609     -7.540354  0.006  0.556  0.000  0.562
   0.06913     -7.539801  0.006  0.567  0.000  0.573
   0.09218     -7.539098  0.006  0.580  0.000  0.583
   0.11522     -7.538300  0.006  0.595  0.000  0.595
   0.13827     -7.537464  0.001  0.611  0.000  0.611
   0.16131     -7.536642  0.000  0.626  0.000  0.626
   0.18436     -7.535876  0.000  0.634  0.000  0.640
   0.20740     -7.535196  0.000  0.647  0.000  0.653
   0.23045     -7.534627  0.000  0.657  0.000  0.663
   0.25349     -7.534186  0.000  0.666  0.000  0.667
   0.27654     -7.533892  0.000  0.672  0.000  0.672
   0.29958     -7.533770  0.000  0.674  0.000  0.674
   0.32263     -7.533858  0.000  0.675  0.000  0.675
   0.34567     -7.534210  0.000  0.671  0.000  0.671
   0.36872     -7.534871  0.000  0.661  0.000  0.661
   0.39176     -7.535790  0.000  0.646  0.000  0.647
   0.41481     -7.536674  0.000  0.631  0.000  0.637
   0.43785     -7.537051  0.000  0.624  0.000  0.630
   0.43785     -7.537051  0.000  0.624  0.000  0.630
   0.45116     -7.537064  0.000  0.624  0.000  0.630
   0.46446     -7.537104  0.000  0.624  0.000  0.630
   0.47777     -7.537176  0.000  0.622  0.000  0.628
   0.49107     -7.537289  0.000  0.620  0.000  0.626
   0.50438     -7.537456  0.000  0.617  0.000  0.623
   0.51768     -7.537697  0.000  0.612  0.000  0.618
   0.53099     -7.538041  0.000  0.605  0.000  0.611
   0.54429     -7.538535  0.000  0.594  0.000  0.598
   0.55760     -7.539249  0.000  0.577  0.000  0.581
   0.57090     -7.540299  0.000  0.553  0.000  0.557
   0.58421     -7.541878  0.000  0.515  0.000  0.519
   0.59751     -7.544309  0.000  0.457  0.000  0.463
   0.61082     -7.548099  0.000  0.375  0.000  0.379
   0.62412     -7.553897  0.000  0.272  0.000  0.274
   0.63743     -7.562090  0.000  0.167  0.000  0.169
   0.65073     -7.571667  0.000  0.069  0.000  0.069
   0.66404     -7.577645  0.000  0.006  0.000  0.006
   0.67734     -7.579077  0.000  0.002  0.000  0.002
   0.69065     -7.579385  0.000  0.003  0.000  0.003
   0.69065     -7.579385  0.000  0.003  0.000  0.003
   0.71726     -7.577653  0.000  0.003  0.000  0.003
   0.74387     -7.558310  0.000  0.191  0.000  0.191
   0.77048     -7.541613  0.000  0.501  0.000  0.501
   0.79709     -7.536160  0.000  0.636  0.000  0.636
   0.82370     -7.534327  0.000  0.673  0.000  0.673
   0.85031     -7.533633  0.000  0.683  0.000  0.683
   0.87692     -7.533440  0.000  0.684  0.000  0.684
   0.90353     -7.533540  0.000  0.681  0.000  0.681
   0.93014     -7.533854  0.000  0.674  0.000  0.674
   0.95675     -7.534348  0.000  0.663  0.000  0.666
   0.98336     -7.534999  0.000  0.651  0.000  0.657
   1.00997     -7.535789  0.000  0.637  0.000  0.643
   1.03658     -7.536688  0.000  0.626  0.000  0.626
   1.06319     -7.537649  0.005  0.608  0.000  0.608
   1.08980     -7.538610  0.006  0.589  0.000  0.589
   1.11641     -7.539490  0.006  0.573  0.000  0.579
   1.14302     -7.540202  0.006  0.559  0.000  0.565
   1.16963     -7.540667  0.006  0.551  0.000  0.557
   1.19624     -7.540828  0.006  0.548  0.000  0.554
 
# Band-Index:   34
   1.19624     -7.522960  0.000  0.687  0.000  0.687
   1.16963     -7.522991  0.000  0.687  0.000  0.687
   1.14302     -7.523083  0.000  0.689  0.000  0.689
   1.11641     -7.523230  0.000  0.691  0.000  0.691
   1.08980     -7.523424  0.000  0.695  0.000  0.695
   1.06319     -7.523653  0.000  0.699  0.000  0.699
   1.03658     -7.523903  0.000  0.704  0.000  0.704
   1.00997     -7.524157  0.000  0.710  0.000  0.710
   0.98336     -7.524395  0.000  0.715  0.000  0.715
   0.95675     -7.524594  0.000  0.721  0.000  0.721
   0.93014     -7.524729  0.000  0.726  0.000  0.726
   0.90353     -7.524772  0.000  0.729  0.000  0.729
   0.87692     -7.524692  0.000  0.731  0.000  0.731
   0.85031     -7.524454  0.000  0.731  0.000  0.731
   0.82370     -7.524025  0.000  0.728  0.000  0.728
   0.79709     -7.523396  0.000  0.722  0.000  0.722
   0.77048     -7.522630  0.000  0.713  0.000  0.713
   0.74387     -7.521937  0.000  0.702  0.000  0.702
   0.71726     -7.521804  0.000  0.693  0.000  0.693
   0.69065     -7.522228  0.000  0.698  0.000  0.698
   0.69065     -7.522228  0.000  0.698  0.000  0.698
   0.67734     -7.522165  0.000  0.697  0.000  0.697
   0.66404     -7.522199  0.000  0.700  0.000  0.700
   0.65073     -7.522401  0.000  0.705  0.000  0.705
   0.63743     -7.522673  0.000  0.710  0.000  0.710
   0.62412     -7.522958  0.000  0.714  0.000  0.714
   0.61082     -7.523229  0.000  0.717  0.000  0.717
   0.59751     -7.523474  0.000  0.719  0.000  0.719
   0.58421     -7.523688  0.000  0.720  0.000  0.720
   0.57090     -7.523870  0.000  0.723  0.000  0.723
   0.55760     -7.524023  0.000  0.723  0.000  0.723
   0.54429     -7.524148  0.000  0.724  0.000  0.724
   0.53099     -7.524250  0.000  0.724  0.000  0.724
   0.51768     -7.524330  0.000  0.725  0.000  0.725
   0.50438     -7.524394  0.000  0.725  0.000  0.725
   0.49107     -7.524442  0.000  0.725  0.000  0.725
   0.47777     -7.524477  0.000  0.725  0.000  0.725
   0.46446     -7.524501  0.000  0.725  0.000  0.725
   0.45116     -7.524515  0.000  0.725  0.000  0.725
   0.43785     -7.524519  0.000  0.726  0.000  0.726
   0.43785     -7.524519  0.000  0.726  0.000  0.726
   0.41481     -7.524512  0.000  0.725  0.000  0.725
   0.39176     -7.524521  0.000  0.727  0.000  0.727
   0.36872     -7.524581  0.000  0.729  0.000  0.729
   0.34567     -7.524679  0.000  0.730  0.000  0.730
   0.32263     -7.524764  0.000  0.730  0.000  0.730
   0.29958     -7.524798  0.000  0.729  0.000  0.729
   0.27654     -7.524769  0.000  0.726  0.000  0.726
   0.25349     -7.524676  0.000  0.723  0.000  0.723
   0.23045     -7.524531  0.000  0.719  0.000  0.719
   0.20740     -7.524348  0.000  0.715  0.000  0.715
   0.18436     -7.524139  0.000  0.710  0.000  0.710
   0.16131     -7.523919  0.000  0.705  0.000  0.705
   0.13827     -7.523701  0.000  0.701  0.000  0.701
   0.11522     -7.523496  0.000  0.697  0.000  0.697
   0.09218     -7.523315  0.000  0.693  0.000  0.693
   0.06913     -7.523164  0.000  0.691  0.000  0.691
   0.04609     -7.523052  0.000  0.688  0.000  0.688
   0.02304     -7.522983  0.000  0.687  0.000  0.687
   0.00000     -7.522960  0.000  0.687  0.000  0.687
 
# Band-Index:   35
   0.00000     -7.477369  0.000  0.760  0.000  0.760
   0.02304     -7.477291  0.000  0.759  0.000  0.759
   0.04609     -7.477091  0.000  0.759  0.000  0.759
   0.06913     -7.476764  0.000  0.759  0.000  0.759
   0.09218     -7.476319  0.000  0.759  0.000  0.759
   0.11522     -7.475767  0.000  0.760  0.000  0.760
   0.13827     -7.475124  0.000  0.760  0.000  0.760
   0.16131     -7.474407  0.000  0.761  0.000  0.761
   0.18436     -7.473635  0.000  0.762  0.000  0.762
   0.20740     -7.472829  0.000  0.762  0.000  0.762
   0.23045     -7.472012  0.000  0.763  0.000  0.763
   0.25349     -7.471205  0.000  0.764  0.000  0.764
   0.27654     -7.470431  0.000  0.764  0.000  0.764
   0.29958     -7.469710  0.000  0.765  0.000  0.765
   0.32263     -7.469064  0.000  0.766  0.000  0.766
   0.34567     -7.468509  0.000  0.766  0.000  0.766
   0.36872     -7.468060  0.000  0.767  0.000  0.767
   0.39176     -7.467933  0.018  0.106  0.000  0.126
   0.41481     -7.473948  0.014  0.120  0.000  0.140
   0.43785     -7.476100  0.014  0.127  0.000  0.141
   0.43785     -7.476100  0.014  0.127  0.000  0.141
   0.45116     -7.476177  0.014  0.128  0.000  0.142
   0.46446     -7.476417  0.014  0.131  0.000  0.145
   0.47777     -7.476837  0.014  0.135  0.000  0.149
   0.49107     -7.477472  0.014  0.139  0.000  0.153
   0.50438     -7.478374  0.014  0.141  0.000  0.159
   0.51768     -7.479616  0.014  0.146  0.000  0.158
   0.53099     -7.481293  0.012  0.152  0.000  0.166
   0.54429     -7.483516  0.012  0.161  0.000  0.174
   0.55760     -7.486404  0.008  0.177  0.000  0.185
   0.57090     -7.490058  0.008  0.197  0.000  0.207
   0.58421     -7.494514  0.006  0.232  0.000  0.240
   0.59751     -7.499664  0.006  0.287  0.000  0.289
   0.61082     -7.505158  0.002  0.363  0.000  0.367
   0.62412     -7.510380  0.000  0.459  0.000  0.461
   0.63743     -7.514684  0.000  0.554  0.000  0.554
   0.65073     -7.517758  0.000  0.626  0.000  0.626
   0.66404     -7.519670  0.000  0.671  0.000  0.671
   0.67734     -7.520591  0.000  0.694  0.000  0.694
   0.69065     -7.520798  0.000  0.699  0.000  0.699
   0.69065     -7.520798  0.000  0.699  0.000  0.699
   0.71726     -7.520034  0.000  0.680  0.000  0.680
   0.74387     -7.514019  0.000  0.529  0.000  0.529
   0.77048     -7.496117  0.004  0.239  0.000  0.240
   0.79709     -7.472792  0.006  0.127  0.000  0.137
   0.82370     -7.463863  0.000  0.762  0.000  0.764
   0.85031     -7.465286  0.000  0.765  0.000  0.767
   0.87692     -7.466728  0.000  0.766  0.000  0.766
   0.90353     -7.468153  0.000  0.765  0.000  0.765
   0.93014     -7.469538  0.000  0.765  0.000  0.765
   0.95675     -7.470864  0.000  0.764  0.000  0.764
   0.98336     -7.472111  0.000  0.763  0.000  0.763
   1.00997     -7.473261  0.000  0.763  0.000  0.763
   1.03658     -7.474296  0.000  0.761  0.000  0.761
   1.06319     -7.475200  0.000  0.761  0.000  0.761
   1.08980     -7.475960  0.000  0.760  0.000  0.760
   1.11641     -7.476565  0.000  0.760  0.000  0.760
   1.14302     -7.477004  0.000  0.760  0.000  0.760
   1.16963     -7.477272  0.000  0.760  0.000  0.760
   1.19624     -7.477369  0.000  0.760  0.000  0.760
 
# Band-Index:   36
   1.19624     -7.477358  0.000  0.759  0.000  0.759
   1.16963     -7.477128  0.000  0.759  0.000  0.759
   1.14302     -7.476425  0.000  0.759  0.000  0.759
   1.11641     -7.475287  0.000  0.759  0.000  0.759
   1.08980     -7.474479  0.000  0.760  0.000  0.760
   1.06319     -7.473718  0.000  0.760  0.000  0.760
   1.03658     -7.472813  0.000  0.761  0.000  0.761
   1.00997     -7.471778  0.000  0.763  0.000  0.763
   0.98336     -7.470627  0.000  0.763  0.000  0.763
   0.95675     -7.469379  0.000  0.764  0.000  0.764
   0.93014     -7.468052  0.000  0.764  0.000  0.764
   0.90353     -7.466666  0.000  0.765  0.000  0.765
   0.87692     -7.465241  0.000  0.766  0.000  0.766
   0.85031     -7.463799  0.000  0.765  0.000  0.767
   0.82370     -7.462382  0.000  0.760  0.000  0.762
   0.79709     -7.462363  0.000  0.766  0.000  0.768
   0.77048     -7.460990  0.000  0.768  0.000  0.770
   0.74387     -7.459650  0.000  0.768  0.000  0.770
   0.71726     -7.458376  0.000  0.769  0.000  0.771
   0.69065     -7.457367  0.000  0.766  0.000  0.766
   0.69065     -7.457367  0.000  0.766  0.000  0.766
   0.67734     -7.457791  0.001  0.768  0.000  0.769
   0.66404     -7.458426  0.000  0.769  0.000  0.770
   0.65073     -7.459109  0.000  0.768  0.000  0.769
   0.63743     -7.459819  0.000  0.769  0.000  0.769
   0.62412     -7.460546  0.000  0.769  0.000  0.769
   0.61082     -7.461280  0.000  0.769  0.000  0.769
   0.59751     -7.462009  0.000  0.768  0.000  0.768
   0.58421     -7.462726  0.000  0.767  0.000  0.767
   0.57090     -7.463421  0.000  0.766  0.000  0.766
   0.55760     -7.464086  0.000  0.765  0.000  0.765
   0.54429     -7.464714  0.000  0.764  0.000  0.764
   0.53099     -7.465296  0.000  0.763  0.000  0.763
   0.51768     -7.465826  0.000  0.763  0.000  0.763
   0.50438     -7.466296  0.000  0.763  0.000  0.763
   0.49107     -7.466697  0.000  0.764  0.000  0.764
   0.47777     -7.467022  0.000  0.765  0.000  0.765
   0.46446     -7.467263  0.000  0.765  0.000  0.765
   0.45116     -7.467411  0.000  0.767  0.000  0.767
   0.43785     -7.467461  0.000  0.767  0.000  0.767
   0.43785     -7.467461  0.000  0.767  0.000  0.767
   0.41481     -7.467529  0.000  0.767  0.000  0.767
   0.39176     -7.467730  0.000  0.767  0.000  0.767
   0.36872     -7.466577  0.000  0.767  0.000  0.767
   0.34567     -7.467026  0.000  0.766  0.000  0.766
   0.32263     -7.467582  0.000  0.766  0.000  0.766
   0.29958     -7.468229  0.000  0.765  0.000  0.765
   0.27654     -7.468949  0.000  0.764  0.000  0.764
   0.25349     -7.469724  0.000  0.764  0.000  0.764
   0.23045     -7.470531  0.000  0.763  0.000  0.763
   0.20740     -7.471349  0.000  0.762  0.000  0.762
   0.18436     -7.472155  0.000  0.762  0.000  0.762
   0.16131     -7.472927  0.000  0.761  0.000  0.761
   0.13827     -7.473645  0.000  0.760  0.000  0.760
   0.11522     -7.474288  0.000  0.760  0.000  0.760
   0.09218     -7.474840  0.000  0.759  0.000  0.759
   0.06913     -7.475791  0.000  0.760  0.000  0.760
   0.04609     -7.476659  0.000  0.760  0.000  0.760
   0.02304     -7.477190  0.000  0.760  0.000  0.760
   0.00000     -7.477358  0.000  0.759  0.000  0.759
 
# Band-Index:   37
   0.00000     -7.475880  0.000  0.758  0.000  0.758
   0.02304     -7.475813  0.000  0.759  0.000  0.759
   0.04609     -7.475613  0.000  0.759  0.000  0.759
   0.06913     -7.475286  0.000  0.759  0.000  0.759
   0.09218     -7.474611  0.000  0.760  0.000  0.760
   0.11522     -7.473152  0.000  0.760  0.000  0.760
   0.13827     -7.471452  0.000  0.762  0.000  0.762
   0.16131     -7.469559  0.000  0.762  0.000  0.762
   0.18436     -7.467523  0.000  0.763  0.000  0.763
   0.20740     -7.465401  0.000  0.764  0.000  0.764
   0.23045     -7.463251  0.000  0.763  0.000  0.765
   0.25349     -7.461133  0.000  0.763  0.000  0.765
   0.27654     -7.459109  0.000  0.763  0.000  0.765
   0.29958     -7.457241  0.000  0.761  0.000  0.763
   0.32263     -7.455613  0.000  0.754  0.000  0.756
   0.34567     -7.454631  0.002  0.644  0.000  0.645
   0.36872     -7.459753  0.015  0.119  0.000  0.139
   0.39176     -7.466248  0.000  0.767  0.000  0.767
   0.41481     -7.466046  0.000  0.767  0.000  0.767
   0.43785     -7.465978  0.000  0.767  0.000  0.767
   0.43785     -7.465978  0.000  0.767  0.000  0.767
   0.45116     -7.465929  0.000  0.767  0.000  0.767
   0.46446     -7.465783  0.000  0.766  0.000  0.766
   0.47777     -7.465544  0.000  0.764  0.000  0.764
   0.49107     -7.465218  0.000  0.764  0.000  0.764
   0.50438     -7.464814  0.000  0.763  0.000  0.763
   0.51768     -7.464341  0.000  0.763  0.000  0.763
   0.53099     -7.463808  0.000  0.763  0.000  0.763
   0.54429     -7.463224  0.000  0.764  0.000  0.764
   0.55760     -7.462596  0.000  0.764  0.000  0.764
   0.57090     -7.461932  0.000  0.766  0.000  0.766
   0.58421     -7.461239  0.000  0.767  0.000  0.767
   0.59751     -7.460524  0.000  0.768  0.000  0.768
   0.61082     -7.459796  0.000  0.769  0.000  0.769
   0.62412     -7.459064  0.000  0.769  0.000  0.769
   0.63743     -7.458337  0.000  0.769  0.000  0.769
   0.65073     -7.457627  0.000  0.768  0.000  0.769
   0.66404     -7.456944  0.000  0.769  0.000  0.770
   0.67734     -7.456534  0.000  0.771  0.000  0.773
   0.69065     -7.456923  0.000  0.773  0.000  0.776
   0.69065     -7.456923  0.000  0.773  0.000  0.776
   0.71726     -7.456891  0.000  0.769  0.000  0.771
   0.74387     -7.458165  0.000  0.768  0.000  0.770
   0.77048     -7.459504  0.000  0.768  0.000  0.770
   0.79709     -7.460879  0.000  0.767  0.000  0.769
   0.82370     -7.457611  0.004  0.516  0.000  0.520
   0.85031     -7.456689  0.000  0.744  0.000  0.745
   0.87692     -7.457712  0.001  0.760  0.000  0.761
   0.90353     -7.459222  0.001  0.763  0.000  0.764
   0.93014     -7.461063  0.001  0.764  0.000  0.765
   0.95675     -7.463140  0.001  0.763  0.000  0.764
   0.98336     -7.465362  0.000  0.763  0.000  0.764
   1.00997     -7.467632  0.000  0.763  0.000  0.763
   1.03658     -7.469853  0.000  0.761  0.000  0.761
   1.06319     -7.471927  0.000  0.760  0.000  0.760
   1.08980     -7.473766  0.000  0.760  0.000  0.760
   1.11641     -7.475083  0.000  0.760  0.000  0.760
   1.14302     -7.475523  0.000  0.760  0.000  0.760
   1.16963     -7.475790  0.000  0.760  0.000  0.760
   1.19624     -7.475880  0.000  0.758  0.000  0.758
 
# Band-Index:   38
   1.19624     -7.475878  0.000  0.759  0.000  0.759
   1.16963     -7.475640  0.000  0.759  0.000  0.759
   1.14302     -7.474937  0.000  0.759  0.000  0.759
   1.11641     -7.473800  0.000  0.759  0.000  0.759
   1.08980     -7.472280  0.000  0.760  0.000  0.760
   1.06319     -7.470442  0.000  0.760  0.000  0.760
   1.03658     -7.468367  0.000  0.761  0.000  0.761
   1.00997     -7.466145  0.000  0.762  0.000  0.762
   0.98336     -7.463872  0.000  0.763  0.000  0.764
   0.95675     -7.461646  0.001  0.763  0.000  0.764
   0.93014     -7.459560  0.001  0.764  0.000  0.765
   0.90353     -7.457703  0.001  0.764  0.000  0.765
   0.87692     -7.456159  0.001  0.763  0.000  0.764
   0.85031     -7.455024  0.001  0.758  0.000  0.759
   0.82370     -7.454545  0.001  0.739  0.000  0.740
   0.79709     -7.454677  0.001  0.762  0.000  0.763
   0.77048     -7.454842  0.001  0.769  0.000  0.770
   0.74387     -7.455300  0.001  0.770  0.000  0.771
   0.71726     -7.456070  0.001  0.771  0.000  0.772
   0.69065     -7.455881  0.000  0.766  0.000  0.766
   0.69065     -7.455881  0.000  0.766  0.000  0.766
   0.67734     -7.456310  0.001  0.768  0.000  0.769
   0.66404     -7.456001  0.000  0.771  0.000  0.773
   0.65073     -7.455479  0.000  0.771  0.000  0.773
   0.63743     -7.454980  0.002  0.771  0.000  0.773
   0.62412     -7.454506  0.002  0.771  0.000  0.773
   0.61082     -7.454059  0.002  0.771  0.000  0.773
   0.59751     -7.453641  0.002  0.771  0.000  0.773
   0.58421     -7.453253  0.002  0.771  0.000  0.773
   0.57090     -7.452896  0.002  0.771  0.000  0.773
   0.55760     -7.452571  0.002  0.771  0.000  0.773
   0.54429     -7.452278  0.002  0.771  0.000  0.773
   0.53099     -7.452018  0.002  0.771  0.000  0.773
   0.51768     -7.451792  0.002  0.771  0.000  0.773
   0.50438     -7.451600  0.002  0.771  0.000  0.773
   0.49107     -7.451442  0.002  0.771  0.000  0.773
   0.47777     -7.451319  0.002  0.771  0.000  0.773
   0.46446     -7.451231  0.002  0.771  0.000  0.773
   0.45116     -7.451178  0.002  0.771  0.000  0.773
   0.43785     -7.451161  0.002  0.771  0.000  0.773
   0.43785     -7.451161  0.002  0.771  0.000  0.773
   0.41481     -7.451328  0.002  0.771  0.000  0.773
   0.39176     -7.451819  0.002  0.769  0.000  0.771
   0.36872     -7.452545  0.002  0.754  0.000  0.756
   0.34567     -7.452893  0.002  0.707  0.000  0.713
   0.32263     -7.454071  0.000  0.758  0.000  0.760
   0.29958     -7.455721  0.000  0.763  0.000  0.765
   0.27654     -7.457598  0.000  0.764  0.000  0.766
   0.25349     -7.459629  0.000  0.764  0.000  0.766
   0.23045     -7.461752  0.000  0.762  0.000  0.764
   0.20740     -7.463906  0.000  0.764  0.000  0.764
   0.18436     -7.466031  0.000  0.763  0.000  0.763
   0.16131     -7.468069  0.000  0.761  0.000  0.761
   0.13827     -7.469963  0.000  0.761  0.000  0.761
   0.11522     -7.471663  0.000  0.760  0.000  0.760
   0.09218     -7.473123  0.000  0.760  0.000  0.760
   0.06913     -7.474302  0.000  0.760  0.000  0.760
   0.04609     -7.475169  0.000  0.760  0.000  0.760
   0.02304     -7.475699  0.000  0.760  0.000  0.760
   0.00000     -7.475878  0.000  0.759  0.000  0.759
 
# Band-Index:   39
   0.00000     -7.471779  0.018  0.195  0.000  0.213
   0.02304     -7.471423  0.018  0.193  0.000  0.211
   0.04609     -7.470360  0.018  0.187  0.000  0.205
   0.06913     -7.468601  0.018  0.178  0.000  0.196
   0.09218     -7.466175  0.024  0.168  0.000  0.186
   0.11522     -7.463137  0.024  0.155  0.000  0.179
   0.13827     -7.459579  0.024  0.143  0.000  0.167
   0.16131     -7.455644  0.024  0.130  0.000  0.154
   0.18436     -7.451529  0.024  0.118  0.000  0.142
   0.20740     -7.447503  0.024  0.108  0.000  0.132
   0.23045     -7.443917  0.024  0.098  0.000  0.124
   0.25349     -7.441218  0.024  0.089  0.000  0.119
   0.27654     -7.439959  0.024  0.086  0.000  0.112
   0.29958     -7.440765  0.024  0.089  0.000  0.113
   0.32263     -7.444164  0.024  0.099  0.000  0.123
   0.34567     -7.449772  0.018  0.268  0.000  0.286
   0.36872     -7.451054  0.002  0.754  0.000  0.756
   0.39176     -7.450328  0.002  0.769  0.000  0.771
   0.41481     -7.449834  0.002  0.771  0.000  0.773
   0.43785     -7.449665  0.002  0.771  0.000  0.773
   0.43785     -7.449665  0.002  0.771  0.000  0.773
   0.45116     -7.449682  0.002  0.771  0.000  0.773
   0.46446     -7.449735  0.002  0.771  0.000  0.773
   0.47777     -7.449823  0.002  0.771  0.000  0.773
   0.49107     -7.449946  0.002  0.771  0.000  0.773
   0.50438     -7.450104  0.002  0.771  0.000  0.773
   0.51768     -7.450296  0.002  0.771  0.000  0.773
   0.53099     -7.450523  0.002  0.771  0.000  0.773
   0.54429     -7.450783  0.002  0.771  0.000  0.773
   0.55760     -7.451076  0.002  0.771  0.000  0.773
   0.57090     -7.451401  0.002  0.771  0.000  0.773
   0.58421     -7.451759  0.002  0.771  0.000  0.773
   0.59751     -7.452147  0.002  0.771  0.000  0.773
   0.61082     -7.452564  0.002  0.771  0.000  0.773
   0.62412     -7.453011  0.002  0.771  0.000  0.773
   0.63743     -7.453485  0.002  0.771  0.000  0.773
   0.65073     -7.453985  0.000  0.771  0.000  0.773
   0.66404     -7.454506  0.000  0.771  0.000  0.773
   0.67734     -7.455039  0.000  0.771  0.000  0.773
   0.69065     -7.455431  0.000  0.773  0.000  0.776
   0.69065     -7.455431  0.000  0.773  0.000  0.776
   0.71726     -7.454578  0.001  0.771  0.000  0.772
   0.74387     -7.453808  0.001  0.770  0.000  0.771
   0.77048     -7.453344  0.001  0.769  0.000  0.770
   0.79709     -7.453102  0.001  0.756  0.000  0.757
   0.82370     -7.450425  0.012  0.371  0.000  0.381
   0.85031     -7.441388  0.018  0.102  0.000  0.126
   0.87692     -7.436622  0.022  0.082  0.000  0.106
   0.90353     -7.435884  0.024  0.083  0.000  0.107
   0.93014     -7.437823  0.024  0.085  0.000  0.113
   0.95675     -7.441432  0.024  0.093  0.000  0.121
   0.98336     -7.445983  0.024  0.106  0.000  0.130
   1.00997     -7.450927  0.024  0.116  0.000  0.140
   1.03658     -7.455840  0.024  0.130  0.000  0.154
   1.06319     -7.460397  0.024  0.145  0.000  0.169
   1.08980     -7.464357  0.024  0.160  0.000  0.184
   1.11641     -7.467555  0.023  0.174  0.000  0.192
   1.14302     -7.469889  0.018  0.184  0.000  0.202
   1.16963     -7.471305  0.018  0.192  0.000  0.210
   1.19624     -7.471779  0.018  0.195  0.000  0.213
 
# Band-Index:   40
   1.19624     -7.276322  0.001  0.012  0.000  0.012
   1.16963     -7.276248  0.001  0.012  0.000  0.012
   1.14302     -7.276031  0.001  0.012  0.000  0.012
   1.11641     -7.275686  0.000  0.011  0.000  0.011
   1.08980     -7.275293  0.000  0.010  0.000  0.010
   1.06319     -7.274932  0.000  0.013  0.000  0.013
   1.03658     -7.274597  0.000  0.012  0.000  0.012
   1.00997     -7.274330  0.000  0.011  0.000  0.011
   0.98336     -7.274217  0.000  0.010  0.000  0.010
   0.95675     -7.274388  0.000  0.010  0.000  0.011
   0.93014     -7.275044  0.000  0.010  0.000  0.014
   0.90353     -7.276497  0.004  0.014  0.000  0.016
   0.87692     -7.279250  0.006  0.016  0.000  0.022
   0.85031     -7.284043  0.010  0.022  0.000  0.033
   0.82370     -7.291627  0.016  0.031  0.000  0.048
   0.79709     -7.301890  0.025  0.040  0.000  0.065
   0.77048     -7.313165  0.030  0.045  0.000  0.077
   0.74387     -7.322982  0.036  0.050  0.003  0.088
   0.71726     -7.329198  0.039  0.053  0.003  0.094
   0.69065     -7.331194  0.042  0.053  0.003  0.095
   0.69065     -7.331194  0.042  0.053  0.003  0.095
   0.67734     -7.330723  0.039  0.053  0.003  0.095
   0.66404     -7.329327  0.039  0.052  0.003  0.094
   0.65073     -7.327075  0.039  0.052  0.003  0.092
   0.63743     -7.324272  0.036  0.051  0.003  0.088
   0.62412     -7.321320  0.035  0.049  0.002  0.085
   0.61082     -7.318334  0.035  0.047  0.000  0.084
   0.59751     -7.315382  0.034  0.048  0.000  0.082
   0.58421     -7.312543  0.031  0.045  0.000  0.079
   0.57090     -7.309884  0.029  0.044  0.000  0.075
   0.55760     -7.307452  0.029  0.043  0.000  0.072
   0.54429     -7.305274  0.026  0.039  0.000  0.068
   0.53099     -7.303364  0.026  0.038  0.000  0.067
   0.51768     -7.301725  0.026  0.038  0.000  0.065
   0.50438     -7.300355  0.024  0.038  0.000  0.062
   0.49107     -7.299248  0.024  0.038  0.000  0.061
   0.47777     -7.298396  0.022  0.036  0.000  0.059
   0.46446     -7.297792  0.021  0.036  0.000  0.059
   0.45116     -7.297432  0.021  0.035  0.000  0.058
   0.43785     -7.297313  0.021  0.035  0.000  0.058
   0.43785     -7.297313  0.021  0.035  0.000  0.058
   0.41481     -7.296071  0.020  0.032  0.000  0.056
   0.39176     -7.292658  0.020  0.032  0.000  0.050
   0.36872     -7.287940  0.014  0.026  0.000  0.042
   0.34567     -7.283107  0.008  0.022  0.000  0.032
   0.32263     -7.279158  0.006  0.016  0.000  0.024
   0.29958     -7.276449  0.004  0.014  0.000  0.018
   0.27654     -7.274830  0.002  0.014  0.000  0.014
   0.25349     -7.273999  0.000  0.012  0.000  0.014
   0.23045     -7.273693  0.000  0.008  0.000  0.012
   0.20740     -7.273721  0.000  0.009  0.000  0.009
   0.18436     -7.273947  0.000  0.010  0.000  0.010
   0.16131     -7.274276  0.000  0.011  0.000  0.011
   0.13827     -7.274643  0.000  0.012  0.000  0.012
   0.11522     -7.275023  0.000  0.010  0.000  0.012
   0.09218     -7.275473  0.000  0.011  0.000  0.013
   0.06913     -7.275836  0.000  0.011  0.000  0.013
   0.04609     -7.276102  0.000  0.011  0.000  0.013
   0.02304     -7.276265  0.000  0.011  0.000  0.013
   0.00000     -7.276322  0.001  0.012  0.000  0.012
 
# Band-Index:   41
   0.00000     -7.276320  0.000  0.011  0.000  0.013
   0.02304     -7.276213  0.001  0.012  0.000  0.012
   0.04609     -7.275941  0.000  0.011  0.000  0.011
   0.06913     -7.275632  0.000  0.010  0.000  0.010
   0.09218     -7.275328  0.000  0.009  0.000  0.012
   0.11522     -7.275001  0.000  0.013  0.000  0.013
   0.13827     -7.274500  0.000  0.010  0.000  0.012
   0.16131     -7.273916  0.000  0.010  0.000  0.012
   0.18436     -7.273288  0.000  0.009  0.000  0.011
   0.20740     -7.272633  0.000  0.009  0.000  0.011
   0.23045     -7.271969  0.000  0.008  0.000  0.010
   0.25349     -7.271315  0.000  0.008  0.000  0.010
   0.27654     -7.270687  0.000  0.007  0.000  0.009
   0.29958     -7.270103  0.000  0.007  0.000  0.009
   0.32263     -7.269579  0.000  0.007  0.000  0.009
   0.34567     -7.269130  0.000  0.006  0.000  0.008
   0.36872     -7.268766  0.000  0.006  0.000  0.008
   0.39176     -7.268500  0.000  0.006  0.000  0.008
   0.41481     -7.268732  0.002  0.010  0.000  0.014
   0.43785     -7.269650  0.002  0.010  0.000  0.014
   0.43785     -7.269650  0.002  0.010  0.000  0.014
   0.45116     -7.269901  0.002  0.010  0.000  0.014
   0.46446     -7.270587  0.002  0.012  0.000  0.016
   0.47777     -7.271664  0.004  0.012  0.000  0.018
   0.49107     -7.273171  0.006  0.014  0.000  0.019
   0.50438     -7.275187  0.007  0.017  0.000  0.022
   0.51768     -7.277808  0.008  0.018  0.000  0.027
   0.53099     -7.281130  0.010  0.021  0.000  0.033
   0.54429     -7.285220  0.013  0.026  0.000  0.039
   0.55760     -7.290074  0.017  0.029  0.000  0.046
   0.57090     -7.295580  0.019  0.033  0.000  0.055
   0.58421     -7.301503  0.023  0.038  0.000  0.064
   0.59751     -7.307522  0.028  0.042  0.000  0.072
   0.61082     -7.313276  0.031  0.045  0.000  0.078
   0.62412     -7.318427  0.034  0.047  0.002  0.084
   0.63743     -7.322671  0.036  0.050  0.003  0.087
   0.65073     -7.325821  0.039  0.052  0.003  0.092
   0.66404     -7.328038  0.039  0.052  0.003  0.094
   0.67734     -7.329437  0.039  0.053  0.003  0.095
   0.69065     -7.329928  0.042  0.053  0.003  0.095
   0.69065     -7.329928  0.042  0.053  0.003  0.095
   0.71726     -7.327845  0.039  0.053  0.003  0.095
   0.74387     -7.321416  0.036  0.050  0.003  0.088
   0.77048     -7.310027  0.030  0.042  0.000  0.074
   0.79709     -7.293518  0.019  0.031  0.000  0.053
   0.82370     -7.276309  0.006  0.016  0.000  0.023
   0.85031     -7.266300  0.000  0.007  0.000  0.007
   0.87692     -7.266786  0.001  0.007  0.000  0.007
   0.90353     -7.268091  0.001  0.007  0.000  0.007
   0.93014     -7.269364  0.001  0.007  0.000  0.008
   0.95675     -7.270567  0.001  0.007  0.000  0.008
   0.98336     -7.271686  0.001  0.008  0.000  0.009
   1.00997     -7.272707  0.001  0.008  0.000  0.011
   1.03658     -7.273618  0.000  0.009  0.000  0.012
   1.06319     -7.274404  0.000  0.010  0.000  0.013
   1.08980     -7.275037  0.000  0.011  0.000  0.012
   1.11641     -7.275484  0.000  0.011  0.000  0.011
   1.14302     -7.275845  0.000  0.013  0.000  0.013
   1.16963     -7.276178  0.000  0.012  0.000  0.013
   1.19624     -7.276320  0.000  0.011  0.000  0.013
 
# Band-Index:   42
   1.19624     -7.275258  0.000  0.011  0.000  0.013
   1.16963     -7.275183  0.001  0.012  0.000  0.012
   1.14302     -7.274965  0.001  0.012  0.000  0.012
   1.11641     -7.274602  0.001  0.012  0.000  0.012
   1.08980     -7.274094  0.001  0.011  0.000  0.011
   1.06319     -7.273442  0.001  0.011  0.000  0.011
   1.03658     -7.272653  0.001  0.010  0.000  0.010
   1.00997     -7.271734  0.001  0.010  0.000  0.010
   0.98336     -7.270699  0.001  0.008  0.000  0.009
   0.95675     -7.269564  0.001  0.008  0.000  0.009
   0.93014     -7.268345  0.001  0.007  0.000  0.008
   0.90353     -7.267060  0.001  0.007  0.000  0.007
   0.87692     -7.265745  0.001  0.007  0.000  0.007
   0.85031     -7.264834  0.000  0.006  0.000  0.007
   0.82370     -7.263789  0.001  0.005  0.000  0.007
   0.79709     -7.262406  0.001  0.005  0.000  0.007
   0.77048     -7.261055  0.001  0.004  0.000  0.006
   0.74387     -7.259852  0.001  0.003  0.000  0.005
   0.71726     -7.258967  0.000  0.002  0.000  0.005
   0.69065     -7.258628  0.000  0.002  0.000  0.005
   0.69065     -7.258628  0.000  0.002  0.000  0.005
   0.67734     -7.258718  0.000  0.002  0.000  0.004
   0.66404     -7.258984  0.000  0.002  0.000  0.004
   0.65073     -7.259407  0.000  0.002  0.000  0.004
   0.63743     -7.259958  0.002  0.004  0.000  0.004
   0.62412     -7.260604  0.002  0.005  0.000  0.005
   0.61082     -7.261314  0.002  0.005  0.000  0.005
   0.59751     -7.262061  0.002  0.005  0.000  0.005
   0.58421     -7.262823  0.002  0.006  0.000  0.006
   0.57090     -7.263580  0.002  0.006  0.000  0.006
   0.55760     -7.264317  0.002  0.006  0.000  0.006
   0.54429     -7.265020  0.002  0.006  0.000  0.006
   0.53099     -7.265677  0.002  0.007  0.000  0.007
   0.51768     -7.266277  0.000  0.007  0.000  0.007
   0.50438     -7.266812  0.000  0.007  0.000  0.007
   0.49107     -7.267273  0.000  0.007  0.000  0.007
   0.47777     -7.267657  0.000  0.007  0.000  0.007
   0.46446     -7.267962  0.000  0.007  0.000  0.007
   0.45116     -7.268187  0.000  0.008  0.000  0.008
   0.43785     -7.268282  0.000  0.006  0.000  0.008
   0.43785     -7.268282  0.000  0.006  0.000  0.008
   0.41481     -7.268337  0.000  0.006  0.000  0.008
   0.39176     -7.267454  0.000  0.006  0.000  0.008
   0.36872     -7.267720  0.000  0.006  0.000  0.008
   0.34567     -7.268083  0.000  0.006  0.000  0.008
   0.32263     -7.268532  0.000  0.007  0.000  0.009
   0.29958     -7.269055  0.000  0.007  0.000  0.009
   0.27654     -7.269637  0.000  0.007  0.000  0.009
   0.25349     -7.270264  0.000  0.008  0.000  0.010
   0.23045     -7.270917  0.000  0.008  0.000  0.010
   0.20740     -7.271580  0.000  0.009  0.000  0.011
   0.18436     -7.272233  0.000  0.009  0.000  0.011
   0.16131     -7.272860  0.000  0.010  0.000  0.012
   0.13827     -7.273442  0.000  0.010  0.000  0.012
   0.11522     -7.273964  0.000  0.010  0.000  0.012
   0.09218     -7.274413  0.000  0.011  0.000  0.013
   0.06913     -7.274775  0.000  0.011  0.000  0.013
   0.04609     -7.275041  0.000  0.011  0.000  0.013
   0.02304     -7.275203  0.000  0.011  0.000  0.013
   0.00000     -7.275258  0.000  0.011  0.000  0.013
 
# Band-Index:   43
   0.00000     -7.275249  0.001  0.012  0.000  0.012
   0.02304     -7.275169  0.001  0.012  0.000  0.012
   0.04609     -7.274871  0.000  0.011  0.000  0.011
   0.06913     -7.274230  0.000  0.011  0.000  0.011
   0.09218     -7.273218  0.000  0.010  0.000  0.011
   0.11522     -7.271898  0.000  0.010  0.000  0.012
   0.13827     -7.270334  0.000  0.009  0.000  0.011
   0.16131     -7.268586  0.000  0.008  0.000  0.010
   0.18436     -7.266716  0.000  0.008  0.000  0.010
   0.20740     -7.264798  0.000  0.006  0.000  0.008
   0.23045     -7.262917  0.000  0.006  0.000  0.008
   0.25349     -7.261189  0.000  0.005  0.000  0.007
   0.27654     -7.259779  0.000  0.004  0.000  0.006
   0.29958     -7.258961  0.000  0.002  0.000  0.004
   0.32263     -7.259151  0.000  0.002  0.000  0.002
   0.34567     -7.260683  0.000  0.002  0.000  0.002
   0.36872     -7.263330  0.000  0.005  0.000  0.006
   0.39176     -7.266336  0.001  0.008  0.000  0.010
   0.41481     -7.267292  0.000  0.006  0.000  0.008
   0.43785     -7.267237  0.000  0.006  0.000  0.008
   0.43785     -7.267237  0.000  0.006  0.000  0.008
   0.45116     -7.267160  0.000  0.008  0.000  0.008
   0.46446     -7.266950  0.000  0.007  0.000  0.007
   0.47777     -7.266639  0.000  0.007  0.000  0.007
   0.49107     -7.266246  0.000  0.007  0.000  0.007
   0.50438     -7.265778  0.000  0.007  0.000  0.007
   0.51768     -7.265241  0.000  0.007  0.000  0.007
   0.53099     -7.264640  0.002  0.007  0.000  0.007
   0.54429     -7.263983  0.002  0.006  0.000  0.006
   0.55760     -7.263280  0.002  0.006  0.000  0.006
   0.57090     -7.262542  0.002  0.006  0.000  0.006
   0.58421     -7.261784  0.002  0.006  0.000  0.006
   0.59751     -7.261022  0.002  0.005  0.000  0.005
   0.61082     -7.260274  0.002  0.005  0.000  0.005
   0.62412     -7.259564  0.002  0.005  0.000  0.005
   0.63743     -7.258919  0.002  0.004  0.000  0.004
   0.65073     -7.258368  0.000  0.002  0.000  0.004
   0.66404     -7.257945  0.000  0.002  0.000  0.004
   0.67734     -7.257679  0.000  0.002  0.000  0.004
   0.69065     -7.257589  0.000  0.002  0.000  0.005
   0.69065     -7.257589  0.000  0.002  0.000  0.005
   0.71726     -7.257928  0.000  0.002  0.000  0.005
   0.74387     -7.258811  0.001  0.003  0.000  0.005
   0.77048     -7.260014  0.001  0.004  0.000  0.006
   0.79709     -7.261364  0.001  0.005  0.000  0.007
   0.82370     -7.262746  0.001  0.005  0.000  0.007
   0.85031     -7.263646  0.001  0.005  0.000  0.005
   0.87692     -7.260890  0.000  0.002  0.000  0.002
   0.90353     -7.260401  0.000  0.004  0.000  0.004
   0.93014     -7.261348  0.000  0.004  0.000  0.006
   0.95675     -7.262940  0.000  0.005  0.000  0.007
   0.98336     -7.264845  0.000  0.006  0.000  0.008
   1.00997     -7.266877  0.000  0.008  0.000  0.010
   1.03658     -7.268901  0.000  0.008  0.000  0.010
   1.06319     -7.270801  0.000  0.009  0.000  0.013
   1.08980     -7.272474  0.000  0.010  0.000  0.012
   1.11641     -7.273817  0.000  0.011  0.000  0.013
   1.14302     -7.274718  0.000  0.011  0.000  0.013
   1.16963     -7.275142  0.000  0.012  0.000  0.013
   1.19624     -7.275249  0.001  0.012  0.000  0.012
 
# Band-Index:   44
   1.19624     -7.269268  0.000  0.012  0.000  0.012
   1.16963     -7.269039  0.000  0.008  0.000  0.014
   1.14302     -7.268372  0.000  0.008  0.000  0.010
   1.11641     -7.267326  0.000  0.008  0.000  0.008
   1.08980     -7.265972  0.000  0.009  0.000  0.009
   1.06319     -7.264386  0.000  0.010  0.000  0.010
   1.03658     -7.262644  0.000  0.010  0.000  0.010
   1.00997     -7.260821  0.000  0.011  0.000  0.011
   0.98336     -7.258991  0.000  0.010  0.000  0.010
   0.95675     -7.257224  0.002  0.010  0.000  0.010
   0.93014     -7.255586  0.002  0.010  0.000  0.010
   0.90353     -7.254135  0.004  0.009  0.000  0.009
   0.87692     -7.252922  0.002  0.006  0.000  0.008
   0.85031     -7.251993  0.002  0.006  0.000  0.010
   0.82370     -7.251375  0.002  0.005  0.000  0.007
   0.79709     -7.250980  0.002  0.005  0.000  0.009
   0.77048     -7.250642  0.004  0.005  0.000  0.009
   0.74387     -7.250262  0.004  0.005  0.000  0.013
   0.71726     -7.249777  0.007  0.009  0.000  0.016
   0.69065     -7.249441  0.009  0.009  0.000  0.021
   0.69065     -7.249441  0.009  0.009  0.000  0.021
   0.67734     -7.249538  0.008  0.009  0.000  0.019
   0.66404     -7.249737  0.008  0.009  0.000  0.017
   0.65073     -7.249925  0.005  0.009  0.000  0.014
   0.63743     -7.250058  0.005  0.006  0.000  0.011
   0.62412     -7.250135  0.005  0.006  0.000  0.011
   0.61082     -7.250164  0.003  0.006  0.000  0.008
   0.59751     -7.250157  0.003  0.005  0.000  0.008
   0.58421     -7.250125  0.002  0.005  0.000  0.008
   0.57090     -7.250075  0.002  0.005  0.000  0.008
   0.55760     -7.250015  0.002  0.005  0.000  0.008
   0.54429     -7.249950  0.002  0.005  0.000  0.007
   0.53099     -7.249883  0.002  0.005  0.000  0.007
   0.51768     -7.249819  0.002  0.005  0.000  0.007
   0.50438     -7.249760  0.002  0.003  0.000  0.007
   0.49107     -7.249709  0.002  0.003  0.000  0.007
   0.47777     -7.249667  0.002  0.003  0.000  0.005
   0.46446     -7.249636  0.002  0.003  0.000  0.005
   0.45116     -7.249617  0.002  0.003  0.000  0.005
   0.43785     -7.249610  0.002  0.003  0.000  0.005
   0.43785     -7.249610  0.002  0.003  0.000  0.005
   0.41481     -7.249693  0.002  0.003  0.000  0.005
   0.39176     -7.249952  0.001  0.003  0.000  0.006
   0.36872     -7.250413  0.001  0.004  0.000  0.008
   0.34567     -7.251093  0.002  0.004  0.000  0.008
   0.32263     -7.251998  0.002  0.005  0.000  0.008
   0.29958     -7.253125  0.002  0.006  0.000  0.008
   0.27654     -7.254447  0.002  0.006  0.000  0.010
   0.25349     -7.255926  0.002  0.006  0.000  0.010
   0.23045     -7.257514  0.002  0.010  0.000  0.010
   0.20740     -7.259165  0.002  0.011  0.000  0.011
   0.18436     -7.260830  0.001  0.011  0.000  0.011
   0.16131     -7.262464  0.001  0.010  0.000  0.010
   0.13827     -7.264021  0.000  0.010  0.000  0.010
   0.11522     -7.265456  0.000  0.010  0.000  0.010
   0.09218     -7.266727  0.000  0.009  0.000  0.010
   0.06913     -7.267787  0.000  0.008  0.000  0.009
   0.04609     -7.268591  0.000  0.008  0.000  0.010
   0.02304     -7.269096  0.000  0.008  0.000  0.014
   0.00000     -7.269268  0.000  0.012  0.000  0.012
 
# Band-Index:   45
   0.00000     -7.235787  0.006  0.000  0.000  0.006
   0.02304     -7.235831  0.006  0.000  0.000  0.006
   0.04609     -7.235965  0.006  0.000  0.000  0.006
   0.06913     -7.236195  0.006  0.000  0.000  0.006
   0.09218     -7.236530  0.006  0.000  0.000  0.006
   0.11522     -7.236981  0.006  0.000  0.000  0.006
   0.13827     -7.237563  0.006  0.000  0.000  0.006
   0.16131     -7.238294  0.006  0.000  0.000  0.006
   0.18436     -7.239191  0.006  0.000  0.000  0.006
   0.20740     -7.240271  0.006  0.000  0.000  0.006
   0.23045     -7.241547  0.004  0.000  0.000  0.006
   0.25349     -7.243016  0.002  0.000  0.000  0.006
   0.27654     -7.244635  0.000  0.001  0.000  0.007
   0.29958     -7.246263  0.000  0.004  0.000  0.008
   0.32263     -7.247587  0.001  0.005  0.000  0.008
   0.34567     -7.248298  0.001  0.006  0.000  0.008
   0.36872     -7.248478  0.001  0.006  0.000  0.008
   0.39176     -7.248438  0.001  0.003  0.000  0.007
   0.41481     -7.248374  0.002  0.003  0.000  0.005
   0.43785     -7.248349  0.002  0.003  0.000  0.005
   0.43785     -7.248349  0.002  0.003  0.000  0.005
   0.45116     -7.248357  0.002  0.003  0.000  0.005
   0.46446     -7.248382  0.002  0.003  0.000  0.005
   0.47777     -7.248423  0.002  0.003  0.000  0.007
   0.49107     -7.248478  0.002  0.003  0.000  0.007
   0.50438     -7.248546  0.002  0.005  0.000  0.007
   0.51768     -7.248624  0.002  0.005  0.000  0.007
   0.53099     -7.248709  0.002  0.005  0.000  0.007
   0.54429     -7.248798  0.002  0.005  0.000  0.007
   0.55760     -7.248885  0.002  0.005  0.000  0.008
   0.57090     -7.248966  0.002  0.005  0.000  0.008
   0.58421     -7.249034  0.002  0.005  0.000  0.008
   0.59751     -7.249081  0.003  0.005  0.000  0.008
   0.61082     -7.249098  0.003  0.006  0.000  0.008
   0.62412     -7.249074  0.005  0.006  0.000  0.011
   0.63743     -7.248998  0.005  0.006  0.000  0.011
   0.65073     -7.248862  0.005  0.009  0.000  0.014
   0.66404     -7.248670  0.008  0.009  0.000  0.017
   0.67734     -7.248466  0.008  0.009  0.000  0.019
   0.69065     -7.248366  0.009  0.009  0.000  0.021
   0.69065     -7.248366  0.009  0.009  0.000  0.021
   0.71726     -7.248708  0.007  0.009  0.000  0.016
   0.74387     -7.249198  0.004  0.006  0.000  0.013
   0.77048     -7.249588  0.004  0.005  0.000  0.009
   0.79709     -7.249919  0.002  0.005  0.000  0.009
   0.82370     -7.250102  0.002  0.005  0.000  0.007
   0.85031     -7.249677  0.002  0.006  0.000  0.008
   0.87692     -7.248171  0.000  0.005  0.000  0.008
   0.90353     -7.246030  0.000  0.002  0.000  0.007
   0.93014     -7.243929  0.000  0.000  0.000  0.006
   0.95675     -7.242091  0.002  0.000  0.000  0.006
   0.98336     -7.240543  0.006  0.000  0.000  0.006
   1.00997     -7.239265  0.006  0.000  0.000  0.006
   1.03658     -7.238233  0.006  0.000  0.000  0.006
   1.06319     -7.237418  0.006  0.000  0.000  0.006
   1.08980     -7.236794  0.006  0.000  0.000  0.006
   1.11641     -7.236337  0.006  0.000  0.000  0.006
   1.14302     -7.236026  0.006  0.000  0.000  0.006
   1.16963     -7.235846  0.006  0.000  0.000  0.006
   1.19624     -7.235787  0.006  0.000  0.000  0.006
 
# Band-Index:   46
   1.19624     -7.021205  0.030  0.042  0.000  0.078
   1.16963     -7.022479  0.030  0.042  0.000  0.078
   1.14302     -7.026296  0.030  0.042  0.000  0.078
   1.11641     -7.032652  0.030  0.042  0.000  0.078
   1.08980     -7.041534  0.030  0.042  0.000  0.078
   1.06319     -7.052902  0.030  0.042  0.000  0.078
   1.03658     -7.066680  0.030  0.042  0.000  0.078
   1.00997     -7.082730  0.030  0.042  0.000  0.078
   0.98336     -7.100836  0.032  0.042  0.000  0.074
   0.95675     -7.120666  0.032  0.042  0.000  0.074
   0.93014     -7.141732  0.032  0.040  0.000  0.076
   0.90353     -7.163324  0.032  0.038  0.000  0.074
   0.87692     -7.184421  0.032  0.038  0.000  0.069
   0.85031     -7.203610  0.029  0.032  0.000  0.061
   0.82370     -7.219304  0.023  0.023  0.000  0.049
   0.79709     -7.230709  0.017  0.018  0.000  0.036
   0.77048     -7.238347  0.011  0.013  0.000  0.025
   0.74387     -7.242874  0.008  0.010  0.000  0.018
   0.71726     -7.245569  0.005  0.006  0.000  0.011
   0.69065     -7.246626  0.003  0.004  0.000  0.007
   0.69065     -7.246626  0.003  0.004  0.000  0.007
   0.67734     -7.246348  0.002  0.004  0.000  0.006
   0.66404     -7.245615  0.004  0.005  0.000  0.011
   0.65073     -7.244555  0.006  0.007  0.000  0.014
   0.63743     -7.243233  0.007  0.009  0.000  0.017
   0.62412     -7.241693  0.009  0.008  0.000  0.017
   0.61082     -7.239997  0.011  0.008  0.000  0.020
   0.59751     -7.238204  0.011  0.011  0.000  0.022
   0.58421     -7.236352  0.014  0.011  0.000  0.025
   0.57090     -7.234468  0.014  0.013  0.000  0.029
   0.55760     -7.232584  0.017  0.015  0.000  0.030
   0.54429     -7.230741  0.017  0.017  0.000  0.033
   0.53099     -7.228982  0.017  0.018  0.000  0.035
   0.51768     -7.227352  0.018  0.018  0.000  0.037
   0.50438     -7.225894  0.020  0.020  0.000  0.038
   0.49107     -7.224647  0.020  0.019  0.000  0.038
   0.47777     -7.223641  0.020  0.019  0.000  0.040
   0.46446     -7.222904  0.020  0.020  0.000  0.042
   0.45116     -7.222454  0.020  0.020  0.000  0.042
   0.43785     -7.222303  0.020  0.020  0.000  0.042
   0.43785     -7.222303  0.020  0.020  0.000  0.042
   0.41481     -7.221080  0.020  0.020  0.000  0.043
   0.39176     -7.217195  0.023  0.023  0.000  0.049
   0.36872     -7.210101  0.026  0.027  0.000  0.056
   0.34567     -7.199320  0.028  0.032  0.000  0.062
   0.32263     -7.185020  0.032  0.037  0.000  0.066
   0.29958     -7.168173  0.034  0.038  0.000  0.072
   0.27654     -7.150042  0.034  0.038  0.000  0.073
   0.25349     -7.131687  0.034  0.040  0.000  0.076
   0.23045     -7.113853  0.034  0.042  0.000  0.076
   0.20740     -7.097032  0.030  0.042  0.000  0.076
   0.18436     -7.081554  0.030  0.042  0.000  0.076
   0.16131     -7.067638  0.030  0.042  0.000  0.078
   0.13827     -7.055430  0.030  0.042  0.000  0.078
   0.11522     -7.045019  0.030  0.042  0.000  0.078
   0.09218     -7.036463  0.030  0.042  0.000  0.078
   0.06913     -7.029793  0.030  0.042  0.000  0.078
   0.04609     -7.025023  0.030  0.042  0.000  0.078
   0.02304     -7.022160  0.030  0.042  0.000  0.078
   0.00000     -7.021205  0.030  0.042  0.000  0.078
 
# Band-Index:   47
   0.00000     -6.671432  0.012  0.026  0.000  0.038
   0.02304     -6.674790  0.012  0.026  0.000  0.038
   0.04609     -6.684787  0.012  0.026  0.000  0.038
   0.06913     -6.701200  0.012  0.026  0.000  0.038
   0.09218     -6.723669  0.012  0.026  0.000  0.038
   0.11522     -6.751705  0.012  0.026  0.000  0.038
   0.13827     -6.784701  0.012  0.026  0.000  0.038
   0.16131     -6.821942  0.012  0.026  0.000  0.040
   0.18436     -6.862607  0.012  0.026  0.000  0.042
   0.20740     -6.905758  0.016  0.026  0.000  0.042
   0.23045     -6.950322  0.018  0.026  0.000  0.043
   0.25349     -6.995052  0.018  0.026  0.000  0.046
   0.27654     -7.038484  0.018  0.030  0.000  0.048
   0.29958     -7.078941  0.022  0.030  0.000  0.054
   0.32263     -7.114660  0.023  0.031  0.000  0.056
   0.34567     -7.144109  0.026  0.032  0.000  0.059
   0.36872     -7.166391  0.028  0.032  0.000  0.062
   0.39176     -7.181460  0.028  0.032  0.000  0.061
   0.41481     -7.189949  0.027  0.032  0.000  0.061
   0.43785     -7.192660  0.027  0.032  0.000  0.061
   0.43785     -7.192660  0.027  0.032  0.000  0.061
   0.45116     -7.193226  0.027  0.032  0.000  0.061
   0.46446     -7.194902  0.027  0.032  0.000  0.059
   0.47777     -7.197610  0.026  0.031  0.000  0.058
   0.49107     -7.201226  0.026  0.029  0.000  0.056
   0.50438     -7.205567  0.026  0.029  0.000  0.055
   0.51768     -7.210403  0.026  0.027  0.000  0.055
   0.53099     -7.215464  0.024  0.026  0.000  0.050
   0.54429     -7.220468  0.023  0.023  0.000  0.047
   0.55760     -7.225161  0.020  0.021  0.000  0.041
   0.57090     -7.229363  0.017  0.017  0.000  0.038
   0.58421     -7.232985  0.015  0.016  0.000  0.031
   0.59751     -7.236018  0.013  0.013  0.000  0.026
   0.61082     -7.238504  0.011  0.011  0.000  0.023
   0.62412     -7.240518  0.009  0.008  0.000  0.017
   0.63743     -7.242156  0.007  0.009  0.000  0.017
   0.65073     -7.243496  0.006  0.008  0.000  0.015
   0.66404     -7.244555  0.004  0.005  0.000  0.011
   0.67734     -7.245285  0.002  0.004  0.000  0.006
   0.69065     -7.245561  0.003  0.004  0.000  0.007
   0.69065     -7.245561  0.003  0.004  0.000  0.007
   0.71726     -7.244501  0.005  0.006  0.000  0.011
   0.74387     -7.241788  0.008  0.010  0.000  0.018
   0.77048     -7.237252  0.011  0.013  0.000  0.025
   0.79709     -7.229138  0.019  0.018  0.000  0.038
   0.82370     -7.211375  0.026  0.029  0.000  0.057
   0.85031     -7.178463  0.028  0.033  0.000  0.061
   0.87692     -7.133407  0.024  0.032  0.000  0.057
   0.90353     -7.081813  0.020  0.030  0.000  0.052
   0.93014     -7.027340  0.018  0.028  0.000  0.046
   0.95675     -6.972307  0.018  0.026  0.000  0.044
   0.98336     -6.918412  0.016  0.026  0.000  0.044
   1.00997     -6.867064  0.012  0.026  0.000  0.040
   1.03658     -6.819525  0.012  0.026  0.000  0.040
   1.06319     -6.776956  0.012  0.026  0.000  0.039
   1.08980     -6.740431  0.012  0.026  0.000  0.038
   1.11641     -6.710907  0.012  0.026  0.000  0.038
   1.14302     -6.689194  0.012  0.026  0.000  0.038
   1.16963     -6.675906  0.012  0.026  0.000  0.038
   1.19624     -6.671432  0.012  0.026  0.000  0.038
 
# Band-Index:   48
   1.19624     -3.698993  0.000  0.010  0.000  0.010
   1.16963     -3.698299  0.000  0.010  0.000  0.012
   1.14302     -3.696287  0.000  0.011  0.000  0.012
   1.11641     -3.693114  0.000  0.012  0.000  0.012
   1.08980     -3.688929  0.000  0.012  0.000  0.014
   1.06319     -3.683816  0.000  0.014  0.000  0.014
   1.03658     -3.677739  0.000  0.014  0.000  0.016
   1.00997     -3.670585  0.000  0.016  0.000  0.016
   0.98336     -3.662194  0.000  0.020  0.000  0.022
   0.95675     -3.652450  0.000  0.022  0.000  0.022
   0.93014     -3.641352  0.000  0.022  0.000  0.024
   0.90353     -3.629111  0.000  0.024  0.000  0.024
   0.87692     -3.616133  0.000  0.024  0.000  0.025
   0.85031     -3.602928  0.000  0.020  0.000  0.022
   0.82370     -3.589982  0.000  0.020  0.000  0.021
   0.79709     -3.577775  0.000  0.020  0.000  0.020
   0.77048     -3.567077  0.000  0.018  0.000  0.018
   0.74387     -3.559315  0.000  0.014  0.000  0.016
   0.71726     -3.555639  0.000  0.016  0.000  0.016
   0.69065     -3.554892  0.000  0.018  0.000  0.018
   0.69065     -3.554892  0.000  0.018  0.000  0.018
   0.67734     -3.554974  0.000  0.018  0.000  0.018
   0.66404     -3.555135  0.000  0.016  0.000  0.016
   0.65073     -3.555303  0.000  0.016  0.000  0.016
   0.63743     -3.555473  0.000  0.016  0.000  0.016
   0.62412     -3.555686  0.000  0.016  0.000  0.016
   0.61082     -3.558037  0.000  0.026  0.000  0.026
   0.59751     -3.566091  0.000  0.026  0.000  0.026
   0.58421     -3.573731  0.000  0.026  0.000  0.026
   0.57090     -3.580816  0.000  0.022  0.000  0.026
   0.55760     -3.587242  0.000  0.022  0.000  0.022
   0.54429     -3.592951  0.000  0.022  0.000  0.022
   0.53099     -3.597907  0.000  0.018  0.000  0.022
   0.51768     -3.602105  0.000  0.018  0.000  0.018
   0.50438     -3.605563  0.000  0.016  0.000  0.018
   0.49107     -3.608308  0.000  0.012  0.000  0.012
   0.47777     -3.610382  0.000  0.012  0.000  0.012
   0.46446     -3.611828  0.000  0.012  0.000  0.012
   0.45116     -3.612682  0.000  0.012  0.000  0.012
   0.43785     -3.612965  0.000  0.008  0.000  0.012
   0.43785     -3.612965  0.000  0.008  0.000  0.012
   0.41481     -3.613628  0.000  0.008  0.000  0.012
   0.39176     -3.615603  0.000  0.008  0.000  0.012
   0.36872     -3.618808  0.000  0.008  0.000  0.012
   0.34567     -3.623124  0.000  0.008  0.000  0.012
   0.32263     -3.628388  0.000  0.008  0.000  0.012
   0.29958     -3.634423  0.000  0.010  0.000  0.012
   0.27654     -3.641018  0.000  0.010  0.000  0.012
   0.25349     -3.647969  0.000  0.010  0.000  0.014
   0.23045     -3.655070  0.000  0.014  0.000  0.014
   0.20740     -3.662125  0.000  0.014  0.000  0.014
   0.18436     -3.668949  0.000  0.014  0.000  0.014
   0.16131     -3.675374  0.000  0.014  0.000  0.014
   0.13827     -3.681246  0.000  0.014  0.000  0.014
   0.11522     -3.686436  0.000  0.014  0.000  0.014
   0.09218     -3.690831  0.000  0.014  0.000  0.014
   0.06913     -3.694346  0.000  0.014  0.000  0.014
   0.04609     -3.696908  0.000  0.014  0.000  0.014
   0.02304     -3.698467  0.000  0.014  0.000  0.014
   0.00000     -3.698993  0.000  0.010  0.000  0.010
 
# Band-Index:   49
   0.00000     -3.698989  0.000  0.014  0.000  0.014
   0.02304     -3.698074  0.000  0.010  0.000  0.012
   0.04609     -3.695276  0.000  0.016  0.000  0.016
   0.06913     -3.690489  0.000  0.016  0.000  0.016
   0.09218     -3.683577  0.000  0.020  0.000  0.022
   0.11522     -3.674434  0.000  0.022  0.000  0.022
   0.13827     -3.663093  0.000  0.026  0.000  0.026
   0.16131     -3.649875  0.000  0.030  0.000  0.032
   0.18436     -3.635790  0.000  0.034  0.000  0.034
   0.20740     -3.623115  0.000  0.032  0.000  0.034
   0.23045     -3.614075  0.000  0.028  0.000  0.032
   0.25349     -3.607840  0.000  0.028  0.000  0.028
   0.27654     -3.602607  0.000  0.026  0.000  0.028
   0.29958     -3.597465  0.000  0.026  0.000  0.026
   0.32263     -3.592191  0.000  0.026  0.000  0.026
   0.34567     -3.586975  0.000  0.026  0.000  0.026
   0.36872     -3.582224  0.000  0.026  0.000  0.030
   0.39176     -3.578417  0.000  0.026  0.000  0.030
   0.41481     -3.575965  0.000  0.026  0.000  0.030
   0.43785     -3.575126  0.000  0.026  0.000  0.030
   0.43785     -3.575126  0.000  0.026  0.000  0.030
   0.45116     -3.574830  0.000  0.026  0.000  0.030
   0.46446     -3.573977  0.000  0.026  0.000  0.030
   0.47777     -3.572617  0.000  0.026  0.000  0.026
   0.49107     -3.570833  0.000  0.026  0.000  0.026
   0.50438     -3.568743  0.000  0.022  0.000  0.024
   0.51768     -3.566482  0.000  0.022  0.000  0.022
   0.53099     -3.564202  0.000  0.018  0.000  0.022
   0.54429     -3.562048  0.000  0.018  0.000  0.018
   0.55760     -3.560145  0.000  0.014  0.000  0.018
   0.57090     -3.558583  0.000  0.014  0.000  0.014
   0.58421     -3.557392  0.000  0.014  0.000  0.014
   0.59751     -3.556556  0.000  0.016  0.000  0.016
   0.61082     -3.556016  0.000  0.016  0.000  0.016
   0.62412     -3.549749  0.000  0.026  0.000  0.026
   0.63743     -3.541452  0.000  0.024  0.000  0.026
   0.65073     -3.533401  0.000  0.022  0.000  0.026
   0.66404     -3.525881  0.000  0.022  0.000  0.022
   0.67734     -3.519169  0.000  0.022  0.000  0.022
   0.69065     -3.513559  0.000  0.022  0.000  0.022
   0.69065     -3.513559  0.000  0.022  0.000  0.022
   0.71726     -3.523043  0.000  0.022  0.000  0.022
   0.74387     -3.530484  0.000  0.022  0.000  0.022
   0.77048     -3.535791  0.000  0.020  0.000  0.024
   0.79709     -3.541175  0.000  0.018  0.000  0.020
   0.82370     -3.548390  0.000  0.018  0.000  0.018
   0.85031     -3.557455  0.000  0.018  0.000  0.018
   0.87692     -3.567362  0.000  0.018  0.000  0.018
   0.90353     -3.577012  0.000  0.014  0.000  0.014
   0.93014     -3.585722  0.000  0.014  0.000  0.014
   0.95675     -3.593329  0.000  0.014  0.000  0.016
   0.98336     -3.606975  0.000  0.026  0.000  0.030
   1.00997     -3.628142  0.000  0.028  0.000  0.030
   1.03658     -3.647487  0.000  0.024  0.000  0.028
   1.06319     -3.664058  0.000  0.022  0.000  0.022
   1.08980     -3.677349  0.000  0.019  0.000  0.022
   1.11641     -3.687253  0.000  0.018  0.000  0.018
   1.14302     -3.693947  0.000  0.014  0.000  0.014
   1.16963     -3.697762  0.000  0.014  0.000  0.014
   1.19624     -3.698989  0.000  0.014  0.000  0.014
 
# Band-Index:   50
   1.19624     -3.642584  0.000  0.032  0.000  0.038
   1.16963     -3.641422  0.000  0.032  0.000  0.038
   1.14302     -3.638046  0.000  0.032  0.000  0.032
   1.11641     -3.632835  0.000  0.032  0.000  0.032
   1.08980     -3.626405  0.000  0.026  0.000  0.026
   1.06319     -3.619511  0.000  0.020  0.000  0.026
   1.03658     -3.612762  0.000  0.020  0.000  0.020
   1.00997     -3.606361  0.000  0.018  0.000  0.020
   0.98336     -3.600049  0.000  0.016  0.000  0.018
   0.95675     -3.585390  0.000  0.024  0.000  0.025
   0.93014     -3.565084  0.000  0.024  0.000  0.024
   0.90353     -3.547643  0.000  0.020  0.000  0.022
   0.87692     -3.533886  0.000  0.020  0.000  0.020
   0.85031     -3.523555  0.000  0.020  0.000  0.020
   0.82370     -3.515728  0.000  0.018  0.000  0.024
   0.79709     -3.509648  0.000  0.018  0.000  0.022
   0.77048     -3.505312  0.000  0.018  0.000  0.018
   0.74387     -3.503618  0.000  0.018  0.000  0.018
   0.71726     -3.506002  0.000  0.018  0.000  0.018
   0.69065     -3.513472  0.000  0.022  0.000  0.022
   0.69065     -3.513472  0.000  0.022  0.000  0.022
   0.67734     -3.508391  0.000  0.020  0.000  0.020
   0.66404     -3.503215  0.000  0.020  0.000  0.020
   0.65073     -3.498094  0.000  0.016  0.000  0.017
   0.63743     -3.493107  0.000  0.016  0.000  0.018
   0.62412     -3.488321  0.000  0.016  0.000  0.018
   0.61082     -3.483790  0.000  0.016  0.000  0.018
   0.59751     -3.479552  0.000  0.017  0.000  0.018
   0.58421     -3.475634  0.000  0.018  0.000  0.018
   0.57090     -3.472049  0.000  0.018  0.000  0.018
   0.55760     -3.468798  0.000  0.018  0.000  0.018
   0.54429     -3.465874  0.000  0.018  0.000  0.018
   0.53099     -3.463269  0.000  0.018  0.000  0.020
   0.51768     -3.460982  0.000  0.018  0.000  0.020
   0.50438     -3.459016  0.000  0.018  0.000  0.020
   0.49107     -3.457381  0.000  0.018  0.000  0.020
   0.47777     -3.456086  0.000  0.018  0.000  0.020
   0.46446     -3.455150  0.000  0.018  0.000  0.020
   0.45116     -3.454584  0.000  0.018  0.000  0.020
   0.43785     -3.454395  0.000  0.018  0.000  0.020
   0.43785     -3.454395  0.000  0.018  0.000  0.020
   0.41481     -3.456348  0.000  0.018  0.000  0.020
   0.39176     -3.462096  0.000  0.018  0.000  0.020
   0.36872     -3.471412  0.000  0.018  0.000  0.020
   0.34567     -3.484114  0.000  0.018  0.000  0.019
   0.32263     -3.499959  0.000  0.018  0.000  0.020
   0.29958     -3.518433  0.000  0.018  0.000  0.020
   0.27654     -3.538592  0.000  0.020  0.000  0.024
   0.25349     -3.559103  0.000  0.020  0.000  0.022
   0.23045     -3.578164  0.000  0.020  0.000  0.022
   0.20740     -3.593415  0.000  0.018  0.000  0.018
   0.18436     -3.603716  0.000  0.016  0.000  0.016
   0.16131     -3.611119  0.000  0.018  0.000  0.018
   0.13827     -3.617645  0.000  0.022  0.000  0.022
   0.11522     -3.623945  0.000  0.026  0.000  0.026
   0.09218     -3.629894  0.000  0.026  0.000  0.028
   0.06913     -3.635102  0.000  0.032  0.000  0.032
   0.04609     -3.639150  0.000  0.032  0.000  0.032
   0.02304     -3.641710  0.000  0.032  0.000  0.038
   0.00000     -3.642584  0.000  0.032  0.000  0.038
 
# Band-Index:   51
   0.00000     -3.337751  0.002  0.056  0.000  0.058
   0.02304     -3.338484  0.002  0.056  0.000  0.058
   0.04609     -3.340466  0.002  0.062  0.000  0.064
   0.06913     -3.343073  0.002  0.062  0.000  0.064
   0.09218     -3.345317  0.002  0.068  0.000  0.070
   0.11522     -3.345958  0.002  0.074  0.000  0.076
   0.13827     -3.343686  0.002  0.076  0.000  0.080
   0.16131     -3.337375  0.002  0.080  0.000  0.082
   0.18436     -3.326319  0.002  0.080  0.000  0.082
   0.20740     -3.310395  0.002  0.078  0.000  0.084
   0.23045     -3.304863  0.004  0.054  0.000  0.058
   0.25349     -3.299769  0.004  0.052  0.000  0.058
   0.27654     -3.294852  0.004  0.052  0.000  0.054
   0.29958     -3.290254  0.004  0.052  0.000  0.052
   0.32263     -3.286107  0.004  0.052  0.000  0.052
   0.34567     -3.282535  0.004  0.052  0.000  0.052
   0.36872     -3.279641  0.004  0.052  0.000  0.052
   0.39176     -3.277512  0.004  0.052  0.000  0.052
   0.41481     -3.276209  0.004  0.052  0.000  0.052
   0.43785     -3.275775  0.004  0.052  0.000  0.052
   0.43785     -3.275775  0.004  0.052  0.000  0.052
   0.45116     -3.276245  0.004  0.052  0.000  0.052
   0.46446     -3.277596  0.004  0.052  0.000  0.056
   0.47777     -3.279646  0.004  0.056  0.000  0.056
   0.49107     -3.282108  0.004  0.056  0.000  0.060
   0.50438     -3.284621  0.004  0.060  0.000  0.064
   0.51768     -3.286782  0.004  0.064  0.000  0.068
   0.53099     -3.288186  0.004  0.068  0.000  0.072
   0.54429     -3.288445  0.004  0.072  0.000  0.076
   0.55760     -3.287232  0.000  0.076  0.000  0.076
   0.57090     -3.284309  0.000  0.076  0.000  0.082
   0.58421     -3.279547  0.000  0.078  0.000  0.082
   0.59751     -3.272951  0.000  0.076  0.000  0.082
   0.61082     -3.264668  0.004  0.076  0.000  0.082
   0.62412     -3.254988  0.004  0.072  0.000  0.078
   0.63743     -3.244340  0.004  0.072  0.000  0.074
   0.65073     -3.233299  0.004  0.068  0.000  0.070
   0.66404     -3.222569  0.004  0.064  0.000  0.066
   0.67734     -3.212952  0.004  0.060  0.000  0.062
   0.69065     -3.205302  0.001  0.059  0.000  0.060
   0.69065     -3.205302  0.001  0.059  0.000  0.060
   0.71726     -3.218611  0.002  0.060  0.000  0.062
   0.74387     -3.233062  0.002  0.066  0.000  0.068
   0.77048     -3.248890  0.002  0.068  0.000  0.070
   0.79709     -3.265966  0.002  0.074  0.000  0.076
   0.82370     -3.283714  0.002  0.078  0.000  0.080
   0.85031     -3.300980  0.002  0.082  0.000  0.084
   0.87692     -3.316099  0.002  0.084  0.000  0.086
   0.90353     -3.327390  0.002  0.082  0.000  0.084
   0.93014     -3.334016  0.002  0.082  0.000  0.082
   0.95675     -3.336452  0.002  0.076  0.000  0.078
   0.98336     -3.336120  0.002  0.070  0.000  0.072
   1.00997     -3.334634  0.002  0.066  0.000  0.068
   1.03658     -3.333241  0.002  0.062  0.000  0.064
   1.06319     -3.337690  0.004  0.072  0.000  0.072
   1.08980     -3.342593  0.004  0.068  0.000  0.072
   1.11641     -3.342979  0.004  0.064  0.000  0.068
   1.14302     -3.340965  0.004  0.060  0.000  0.064
   1.16963     -3.338700  0.004  0.056  0.000  0.060
   1.19624     -3.337751  0.002  0.056  0.000  0.058
 
# Band-Index:   52
   1.19624     -3.337741  0.004  0.056  0.000  0.060
   1.16963     -3.337228  0.002  0.056  0.000  0.058
   1.14302     -3.335893  0.002  0.058  0.000  0.060
   1.11641     -3.334298  0.002  0.058  0.000  0.060
   1.08980     -3.333060  0.002  0.056  0.000  0.062
   1.06319     -3.332649  0.002  0.062  0.000  0.063
   1.03658     -3.326785  0.000  0.072  0.000  0.076
   1.00997     -3.309571  0.004  0.072  0.000  0.072
   0.98336     -3.287184  0.004  0.068  0.000  0.072
   0.95675     -3.262289  0.004  0.064  0.000  0.064
   0.93014     -3.238945  0.004  0.058  0.000  0.060
   0.90353     -3.221774  0.004  0.056  0.000  0.060
   0.87692     -3.213392  0.004  0.060  0.000  0.066
   0.85031     -3.211972  0.000  0.070  0.000  0.072
   0.82370     -3.212639  0.000  0.076  0.000  0.080
   0.79709     -3.211089  0.000  0.076  0.000  0.082
   0.77048     -3.205947  0.000  0.072  0.000  0.076
   0.74387     -3.199602  0.000  0.066  0.000  0.068
   0.71726     -3.197587  0.004  0.056  0.000  0.060
   0.69065     -3.205174  0.000  0.057  0.000  0.062
   0.69065     -3.205174  0.000  0.057  0.000  0.062
   0.67734     -3.198742  0.002  0.054  0.000  0.058
   0.66404     -3.192347  0.002  0.052  0.000  0.058
   0.65073     -3.186298  0.002  0.054  0.000  0.056
   0.63743     -3.180899  0.002  0.056  0.000  0.058
   0.62412     -3.176199  0.002  0.061  0.000  0.064
   0.61082     -3.172072  0.002  0.060  0.000  0.066
   0.59751     -3.168439  0.002  0.060  0.000  0.066
   0.58421     -3.165289  0.002  0.060  0.000  0.062
   0.57090     -3.162670  0.002  0.060  0.000  0.066
   0.55760     -3.160670  0.002  0.062  0.000  0.065
   0.54429     -3.159424  0.002  0.060  0.000  0.063
   0.53099     -3.159102  0.002  0.062  0.000  0.064
   0.51768     -3.159865  0.002  0.062  0.000  0.064
   0.50438     -3.161735  0.002  0.066  0.000  0.070
   0.49107     -3.164460  0.002  0.072  0.000  0.072
   0.47777     -3.167494  0.000  0.076  0.000  0.076
   0.46446     -3.170209  0.000  0.078  0.000  0.078
   0.45116     -3.172066  0.000  0.080  0.000  0.080
   0.43785     -3.172724  0.000  0.080  0.000  0.084
   0.43785     -3.172724  0.000  0.080  0.000  0.084
   0.41481     -3.171999  0.000  0.078  0.000  0.082
   0.39176     -3.171023  0.000  0.072  0.000  0.078
   0.36872     -3.172734  0.000  0.068  0.000  0.068
   0.34567     -3.180170  0.000  0.064  0.000  0.064
   0.32263     -3.195048  0.000  0.060  0.000  0.060
   0.29958     -3.216351  0.002  0.060  0.000  0.066
   0.27654     -3.241120  0.002  0.066  0.000  0.070
   0.25349     -3.266448  0.002  0.074  0.000  0.074
   0.23045     -3.290082  0.002  0.076  0.000  0.078
   0.20740     -3.309990  0.004  0.054  0.000  0.060
   0.18436     -3.315009  0.004  0.056  0.000  0.060
   0.16131     -3.319788  0.004  0.056  0.000  0.060
   0.13827     -3.324197  0.004  0.056  0.000  0.060
   0.11522     -3.328124  0.004  0.056  0.000  0.060
   0.09218     -3.331475  0.004  0.056  0.000  0.060
   0.06913     -3.334165  0.004  0.056  0.000  0.060
   0.04609     -3.336138  0.004  0.056  0.000  0.060
   0.02304     -3.337339  0.004  0.056  0.000  0.060
   0.00000     -3.337741  0.004  0.056  0.000  0.060
 
# Band-Index:   53
   0.00000     -3.062404  0.000  0.088  0.000  0.088
   0.02304     -3.060300  0.000  0.082  0.000  0.088
   0.04609     -3.054689  0.000  0.082  0.000  0.084
   0.06913     -3.047729  0.000  0.082  0.000  0.084
   0.09218     -3.042832  0.002  0.084  0.000  0.084
   0.11522     -3.043428  0.002  0.086  0.000  0.088
   0.13827     -3.051030  0.002  0.094  0.000  0.095
   0.16131     -3.064671  0.002  0.098  0.000  0.102
   0.18436     -3.082173  0.002  0.106  0.000  0.108
   0.20740     -3.101258  0.002  0.110  0.000  0.112
   0.23045     -3.119915  0.002  0.112  0.000  0.118
   0.25349     -3.136399  0.002  0.116  0.000  0.118
   0.27654     -3.149177  0.002  0.118  0.000  0.120
   0.29958     -3.156973  0.002  0.120  0.000  0.122
   0.32263     -3.158938  0.002  0.116  0.000  0.118
   0.34567     -3.155026  0.002  0.110  0.000  0.112
   0.36872     -3.146904  0.002  0.100  0.000  0.102
   0.39176     -3.137508  0.002  0.094  0.000  0.096
   0.41481     -3.129901  0.002  0.088  0.000  0.090
   0.43785     -3.126956  0.002  0.084  0.000  0.088
   0.43785     -3.126956  0.002  0.084  0.000  0.088
   0.45116     -3.126854  0.002  0.084  0.000  0.087
   0.46446     -3.126519  0.002  0.084  0.000  0.090
   0.47777     -3.125856  0.002  0.085  0.000  0.087
   0.49107     -3.124739  0.002  0.086  0.000  0.088
   0.50438     -3.123118  0.002  0.086  0.000  0.089
   0.51768     -3.121218  0.004  0.086  0.000  0.086
   0.53099     -3.119649  0.004  0.082  0.000  0.086
   0.54429     -3.119272  0.004  0.080  0.000  0.086
   0.55760     -3.120849  0.004  0.080  0.000  0.085
   0.57090     -3.124745  0.004  0.084  0.000  0.088
   0.58421     -3.130826  0.004  0.088  0.000  0.088
   0.59751     -3.138591  0.004  0.092  0.000  0.094
   0.61082     -3.147334  0.004  0.098  0.000  0.098
   0.62412     -3.156281  0.004  0.104  0.000  0.106
   0.63743     -3.164632  0.004  0.110  0.000  0.114
   0.65073     -3.171628  0.000  0.116  0.000  0.121
   0.66404     -3.176773  0.000  0.120  0.000  0.124
   0.67734     -3.179931  0.000  0.122  0.000  0.124
   0.69065     -3.181018  0.000  0.120  0.000  0.128
   0.69065     -3.181018  0.000  0.120  0.000  0.128
   0.71726     -3.176418  0.000  0.119  0.000  0.126
   0.74387     -3.163139  0.000  0.112  0.000  0.116
   0.77048     -3.144166  0.004  0.102  0.000  0.110
   0.79709     -3.124237  0.004  0.092  0.000  0.098
   0.82370     -3.107941  0.004  0.084  0.000  0.088
   0.85031     -3.097689  0.004  0.080  0.000  0.084
   0.87692     -3.092729  0.006  0.082  0.000  0.086
   0.90353     -3.090323  0.006  0.086  0.000  0.090
   0.93014     -3.087650  0.006  0.088  0.000  0.094
   0.95675     -3.082806  0.006  0.094  0.000  0.098
   0.98336     -3.075031  0.006  0.094  0.000  0.098
   1.00997     -3.064761  0.004  0.094  0.000  0.098
   1.03658     -3.053689  0.004  0.094  0.000  0.094
   1.06319     -3.044751  0.004  0.086  0.000  0.092
   1.08980     -3.041316  0.000  0.084  0.000  0.086
   1.11641     -3.044802  0.000  0.082  0.000  0.086
   1.14302     -3.052529  0.000  0.082  0.000  0.082
   1.16963     -3.059626  0.000  0.082  0.000  0.088
   1.19624     -3.062404  0.000  0.088  0.000  0.088
 
# Band-Index:   54
   1.19624     -2.840977  0.002  0.144  0.000  0.152
   1.16963     -2.841325  0.004  0.146  0.000  0.152
   1.14302     -2.840835  0.004  0.146  0.000  0.149
   1.11641     -2.840838  0.002  0.145  0.000  0.152
   1.08980     -2.843099  0.002  0.144  0.000  0.150
   1.06319     -2.848321  0.002  0.146  0.000  0.152
   1.03658     -2.857316  0.002  0.148  0.000  0.152
   1.00997     -2.870243  0.002  0.153  0.000  0.156
   0.98336     -2.885997  0.000  0.156  0.000  0.160
   0.95675     -2.901632  0.000  0.156  0.000  0.164
   0.93014     -2.912195  0.000  0.160  0.000  0.160
   0.90353     -2.911826  0.000  0.150  0.000  0.156
   0.87692     -2.896774  0.000  0.138  0.000  0.142
   0.85031     -2.868500  0.000  0.120  0.000  0.124
   0.82370     -2.834423  0.000  0.098  0.000  0.104
   0.79709     -2.824382  0.004  0.108  0.000  0.112
   0.77048     -2.859868  0.004  0.142  0.000  0.146
   0.74387     -2.897543  0.004  0.162  0.000  0.166
   0.71726     -2.923916  0.000  0.177  0.000  0.178
   0.69065     -2.932963  0.000  0.180  0.000  0.188
   0.69065     -2.932963  0.000  0.180  0.000  0.188
   0.67734     -2.930938  0.000  0.180  0.000  0.185
   0.66404     -2.925419  0.000  0.176  0.000  0.181
   0.65073     -2.917337  0.002  0.170  0.000  0.176
   0.63743     -2.907622  0.002  0.166  0.000  0.172
   0.62412     -2.897088  0.002  0.160  0.000  0.162
   0.61082     -2.886391  0.002  0.156  0.000  0.158
   0.59751     -2.876040  0.002  0.150  0.000  0.152
   0.58421     -2.866391  0.002  0.142  0.000  0.144
   0.57090     -2.857680  0.002  0.136  0.000  0.138
   0.55760     -2.853530  0.000  0.154  0.000  0.156
   0.54429     -2.858971  0.004  0.154  0.000  0.156
   0.53099     -2.860068  0.004  0.152  0.000  0.156
   0.51768     -2.857607  0.004  0.148  0.000  0.150
   0.50438     -2.852675  0.004  0.146  0.000  0.148
   0.49107     -2.846471  0.004  0.140  0.000  0.144
   0.47777     -2.840157  0.004  0.134  0.000  0.140
   0.46446     -2.834777  0.004  0.130  0.000  0.135
   0.45116     -2.831175  0.004  0.126  0.000  0.134
   0.43785     -2.829908  0.004  0.126  0.000  0.130
   0.43785     -2.829908  0.004  0.126  0.000  0.130
   0.41481     -2.829835  0.004  0.126  0.000  0.130
   0.39176     -2.839790  0.002  0.120  0.000  0.124
   0.36872     -2.848273  0.002  0.142  0.000  0.146
   0.34567     -2.848019  0.002  0.164  0.000  0.166
   0.32263     -2.835821  0.002  0.176  0.000  0.180
   0.29958     -2.828865  0.004  0.132  0.000  0.136
   0.27654     -2.829062  0.004  0.132  0.000  0.138
   0.25349     -2.829535  0.004  0.138  0.000  0.142
   0.23045     -2.830297  0.004  0.138  0.000  0.142
   0.20740     -2.831329  0.004  0.138  0.000  0.144
   0.18436     -2.832587  0.004  0.140  0.000  0.144
   0.16131     -2.833995  0.004  0.140  0.000  0.144
   0.13827     -2.835471  0.004  0.142  0.000  0.150
   0.11522     -2.836922  0.004  0.144  0.000  0.150
   0.09218     -2.838255  0.004  0.146  0.000  0.150
   0.06913     -2.839465  0.002  0.144  0.000  0.146
   0.04609     -2.841480  0.002  0.144  0.000  0.148
   0.02304     -2.841277  0.002  0.144  0.000  0.152
   0.00000     -2.840977  0.002  0.144  0.000  0.152
 
# Band-Index:   55
   0.00000     -2.840973  0.004  0.148  0.000  0.152
   0.02304     -2.840789  0.004  0.148  0.000  0.152
   0.04609     -2.840251  0.004  0.146  0.000  0.152
   0.06913     -2.839388  0.004  0.146  0.000  0.150
   0.09218     -2.831935  0.002  0.138  0.000  0.140
   0.11522     -2.815668  0.002  0.130  0.000  0.132
   0.13827     -2.789534  0.002  0.118  0.000  0.118
   0.16131     -2.755229  0.002  0.106  0.000  0.108
   0.18436     -2.716998  0.002  0.098  0.000  0.100
   0.20740     -2.688864  0.002  0.127  0.000  0.130
   0.23045     -2.706530  0.002  0.180  0.000  0.183
   0.25349     -2.743597  0.002  0.184  0.000  0.188
   0.27654     -2.780498  0.002  0.186  0.000  0.188
   0.29958     -2.812378  0.002  0.180  0.000  0.186
   0.32263     -2.828896  0.004  0.132  0.000  0.136
   0.34567     -2.829093  0.004  0.130  0.000  0.134
   0.36872     -2.829371  0.004  0.128  0.000  0.134
   0.39176     -2.829640  0.004  0.126  0.000  0.132
   0.41481     -2.829503  0.002  0.102  0.000  0.104
   0.43785     -2.824967  0.002  0.094  0.000  0.098
   0.43785     -2.824967  0.002  0.094  0.000  0.098
   0.45116     -2.825124  0.002  0.096  0.000  0.098
   0.46446     -2.825638  0.002  0.096  0.000  0.100
   0.47777     -2.826624  0.002  0.100  0.000  0.102
   0.49107     -2.828227  0.002  0.102  0.000  0.104
   0.50438     -2.830596  0.002  0.106  0.000  0.112
   0.51768     -2.833870  0.002  0.111  0.000  0.114
   0.53099     -2.838157  0.002  0.117  0.000  0.120
   0.54429     -2.843534  0.002  0.122  0.000  0.125
   0.55760     -2.850040  0.002  0.129  0.000  0.131
   0.57090     -2.843439  0.000  0.150  0.000  0.152
   0.58421     -2.828901  0.000  0.144  0.000  0.148
   0.59751     -2.810507  0.000  0.138  0.000  0.140
   0.61082     -2.789068  0.000  0.130  0.000  0.134
   0.62412     -2.765508  0.000  0.122  0.000  0.126
   0.63743     -2.740840  0.000  0.118  0.000  0.118
   0.65073     -2.716223  0.004  0.108  0.000  0.112
   0.66404     -2.693091  0.004  0.104  0.000  0.108
   0.67734     -2.673269  0.004  0.098  0.000  0.104
   0.69065     -2.658983  0.003  0.102  0.000  0.104
   0.69065     -2.658983  0.003  0.102  0.000  0.104
   0.71726     -2.681968  0.002  0.094  0.000  0.096
   0.74387     -2.708763  0.002  0.093  0.000  0.094
   0.77048     -2.740245  0.002  0.098  0.000  0.100
   0.79709     -2.769585  0.002  0.124  0.000  0.128
   0.82370     -2.756648  0.002  0.145  0.000  0.150
   0.85031     -2.722461  0.002  0.141  0.000  0.146
   0.87692     -2.692656  0.002  0.145  0.000  0.150
   0.90353     -2.668218  0.002  0.154  0.000  0.156
   0.93014     -2.646468  0.002  0.160  0.000  0.166
   0.95675     -2.624452  0.002  0.171  0.000  0.173
   0.98336     -2.653374  0.000  0.092  0.000  0.092
   1.00997     -2.699467  0.000  0.096  0.000  0.096
   1.03658     -2.747206  0.000  0.104  0.000  0.108
   1.06319     -2.788781  0.000  0.118  0.000  0.122
   1.08980     -2.818771  0.000  0.132  0.000  0.136
   1.11641     -2.835160  0.004  0.140  0.000  0.146
   1.14302     -2.840428  0.002  0.145  0.000  0.150
   1.16963     -2.840758  0.002  0.144  0.000  0.152
   1.19624     -2.840973  0.004  0.148  0.000  0.152
 
# Band-Index:   56
   1.19624     -2.446112  0.000  0.076  0.000  0.076
   1.16963     -2.446600  0.000  0.082  0.000  0.082
   1.14302     -2.449998  0.000  0.102  0.000  0.106
   1.11641     -2.460973  0.000  0.134  0.000  0.140
   1.08980     -2.481964  0.004  0.164  0.000  0.166
   1.06319     -2.510262  0.004  0.178  0.000  0.184
   1.03658     -2.541500  0.006  0.184  0.000  0.186
   1.00997     -2.572134  0.006  0.182  0.000  0.184
   0.98336     -2.599983  0.002  0.176  0.000  0.180
   0.95675     -2.621529  0.004  0.107  0.000  0.109
   0.93014     -2.619091  0.004  0.148  0.000  0.152
   0.90353     -2.641886  0.004  0.178  0.000  0.184
   0.87692     -2.671814  0.004  0.196  0.000  0.200
   0.85031     -2.696402  0.004  0.202  0.000  0.206
   0.82370     -2.708552  0.004  0.203  0.000  0.207
   0.79709     -2.705613  0.004  0.192  0.000  0.196
   0.77048     -2.689801  0.004  0.174  0.000  0.178
   0.74387     -2.667889  0.004  0.150  0.000  0.152
   0.71726     -2.651986  0.004  0.122  0.000  0.126
   0.69065     -2.658794  0.003  0.102  0.000  0.106
   0.69065     -2.658794  0.003  0.102  0.000  0.106
   0.67734     -2.648047  0.002  0.108  0.000  0.110
   0.66404     -2.637324  0.002  0.113  0.000  0.115
   0.65073     -2.626551  0.002  0.118  0.000  0.120
   0.63743     -2.615673  0.002  0.125  0.000  0.127
   0.62412     -2.604805  0.006  0.132  0.000  0.134
   0.61082     -2.594371  0.006  0.141  0.000  0.147
   0.59751     -2.585293  0.006  0.152  0.000  0.156
   0.58421     -2.579267  0.006  0.165  0.000  0.169
   0.57090     -2.578570  0.006  0.180  0.000  0.188
   0.55760     -2.584353  0.006  0.192  0.000  0.200
   0.54429     -2.595197  0.006  0.203  0.000  0.209
   0.53099     -2.608577  0.002  0.211  0.000  0.217
   0.51768     -2.622502  0.002  0.221  0.000  0.224
   0.50438     -2.635688  0.002  0.227  0.000  0.231
   0.49107     -2.647310  0.002  0.233  0.000  0.239
   0.47777     -2.656806  0.002  0.237  0.000  0.243
   0.46446     -2.663815  0.002  0.241  0.000  0.247
   0.45116     -2.668102  0.002  0.245  0.000  0.249
   0.43785     -2.669546  0.002  0.246  0.000  0.249
   0.43785     -2.669546  0.002  0.246  0.000  0.249
   0.41481     -2.663882  0.002  0.245  0.000  0.251
   0.39176     -2.646477  0.002  0.238  0.000  0.244
   0.36872     -2.618703  0.002  0.223  0.000  0.229
   0.34567     -2.584681  0.002  0.202  0.000  0.206
   0.32263     -2.550905  0.002  0.165  0.000  0.171
   0.29958     -2.530412  0.000  0.108  0.000  0.112
   0.27654     -2.539632  0.000  0.070  0.000  0.071
   0.25349     -2.570304  0.000  0.068  0.000  0.068
   0.23045     -2.607227  0.000  0.084  0.000  0.084
   0.20740     -2.626817  0.000  0.146  0.000  0.146
   0.18436     -2.600748  0.002  0.182  0.000  0.188
   0.16131     -2.563257  0.002  0.188  0.000  0.190
   0.13827     -2.527039  0.002  0.184  0.000  0.186
   0.11522     -2.495485  0.002  0.176  0.000  0.178
   0.09218     -2.471082  0.002  0.152  0.000  0.154
   0.06913     -2.455664  0.000  0.120  0.000  0.124
   0.04609     -2.448578  0.000  0.098  0.000  0.098
   0.02304     -2.446446  0.000  0.080  0.000  0.082
   0.00000     -2.446112  0.000  0.076  0.000  0.076
 
# Band-Index:   57
   0.00000     -2.354713  0.004  0.190  0.000  0.192
   0.02304     -2.356602  0.002  0.184  0.000  0.186
   0.04609     -2.361213  0.002  0.165  0.000  0.166
   0.06913     -2.365604  0.000  0.126  0.000  0.132
   0.09218     -2.366858  0.000  0.088  0.000  0.090
   0.11522     -2.365075  0.000  0.054  0.000  0.056
   0.13827     -2.363084  0.000  0.032  0.000  0.034
   0.16131     -2.363987  0.000  0.016  0.000  0.016
   0.18436     -2.369355  0.000  0.012  0.000  0.012
   0.20740     -2.379016  0.000  0.016  0.000  0.016
   0.23045     -2.392587  0.000  0.026  0.000  0.026
   0.25349     -2.410398  0.000  0.052  0.000  0.052
   0.27654     -2.431326  0.000  0.076  0.000  0.078
   0.29958     -2.445565  0.000  0.062  0.000  0.062
   0.32263     -2.445274  0.000  0.024  0.000  0.024
   0.34567     -2.444243  0.000  0.012  0.000  0.012
   0.36872     -2.464537  0.002  0.141  0.000  0.142
   0.39176     -2.503474  0.002  0.198  0.000  0.200
   0.41481     -2.533865  0.002  0.225  0.000  0.228
   0.43785     -2.545569  0.002  0.237  0.000  0.241
   0.43785     -2.545569  0.002  0.237  0.000  0.241
   0.45116     -2.544167  0.002  0.235  0.000  0.241
   0.46446     -2.540089  0.002  0.231  0.000  0.237
   0.47777     -2.533695  0.002  0.227  0.000  0.231
   0.49107     -2.525470  0.002  0.221  0.000  0.224
   0.50438     -2.515937  0.002  0.213  0.000  0.218
   0.51768     -2.505591  0.002  0.207  0.000  0.210
   0.53099     -2.494870  0.002  0.199  0.000  0.204
   0.54429     -2.484155  0.002  0.192  0.000  0.194
   0.55760     -2.475351  0.000  0.141  0.000  0.143
   0.57090     -2.476456  0.000  0.140  0.000  0.142
   0.58421     -2.470279  0.000  0.140  0.000  0.141
   0.59751     -2.458115  0.000  0.139  0.000  0.143
   0.61082     -2.443225  0.002  0.138  0.000  0.141
   0.62412     -2.440784  0.002  0.125  0.000  0.128
   0.63743     -2.441807  0.002  0.117  0.000  0.121
   0.65073     -2.446009  0.000  0.118  0.000  0.118
   0.66404     -2.452051  0.000  0.123  0.000  0.124
   0.67734     -2.457617  0.000  0.128  0.000  0.128
   0.69065     -2.460018  0.000  0.132  0.000  0.132
   0.69065     -2.460018  0.000  0.132  0.000  0.132
   0.71726     -2.448666  0.000  0.120  0.000  0.120
   0.74387     -2.422994  0.000  0.094  0.000  0.095
   0.77048     -2.445771  0.004  0.170  0.000  0.174
   0.79709     -2.456925  0.004  0.176  0.000  0.180
   0.82370     -2.453864  0.000  0.168  0.000  0.170
   0.85031     -2.438305  0.000  0.136  0.000  0.136
   0.87692     -2.417062  0.000  0.084  0.000  0.086
   0.90353     -2.425206  0.000  0.060  0.000  0.060
   0.93014     -2.445748  0.000  0.106  0.000  0.108
   0.95675     -2.449167  0.000  0.158  0.000  0.160
   0.98336     -2.430990  0.000  0.188  0.000  0.192
   1.00997     -2.405205  0.000  0.198  0.000  0.204
   1.03658     -2.382187  0.000  0.208  0.000  0.210
   1.06319     -2.366082  0.002  0.210  0.000  0.214
   1.08980     -2.363979  0.000  0.066  0.000  0.070
   1.11641     -2.365569  0.000  0.112  0.000  0.112
   1.14302     -2.362442  0.000  0.154  0.000  0.158
   1.16963     -2.357171  0.004  0.182  0.000  0.186
   1.19624     -2.354713  0.004  0.190  0.000  0.192
 
# Band-Index:   58
   1.19624     -2.354710  0.002  0.190  0.000  0.192
   1.16963     -2.354345  0.002  0.192  0.000  0.194
   1.14302     -2.353673  0.002  0.196  0.000  0.198
   1.11641     -2.353981  0.002  0.202  0.000  0.204
   1.08980     -2.357293  0.002  0.206  0.000  0.212
   1.06319     -2.360480  0.000  0.038  0.000  0.040
   1.03658     -2.359113  0.000  0.020  0.000  0.022
   1.00997     -2.361661  0.000  0.010  0.000  0.010
   0.98336     -2.367594  0.000  0.006  0.000  0.006
   0.95675     -2.375802  0.000  0.008  0.000  0.008
   0.93014     -2.385895  0.000  0.018  0.000  0.018
   0.90353     -2.398923  0.000  0.040  0.000  0.040
   0.87692     -2.404483  0.000  0.032  0.000  0.034
   0.85031     -2.391947  0.000  0.020  0.000  0.022
   0.82370     -2.387930  0.000  0.022  0.000  0.024
   0.79709     -2.390829  0.000  0.036  0.000  0.036
   0.77048     -2.401544  0.000  0.057  0.000  0.058
   0.74387     -2.422408  0.004  0.144  0.000  0.149
   0.71726     -2.393555  0.000  0.106  0.000  0.108
   0.69065     -2.373552  0.000  0.064  0.000  0.065
   0.69065     -2.373552  0.000  0.064  0.000  0.065
   0.67734     -2.377961  0.000  0.066  0.000  0.072
   0.66404     -2.382378  0.000  0.070  0.000  0.073
   0.65073     -2.392387  0.000  0.111  0.000  0.112
   0.63743     -2.408206  0.000  0.123  0.000  0.125
   0.62412     -2.425319  0.000  0.133  0.000  0.133
   0.61082     -2.442323  0.001  0.136  0.000  0.139
   0.59751     -2.448216  0.002  0.152  0.000  0.154
   0.58421     -2.455408  0.002  0.164  0.000  0.168
   0.57090     -2.464078  0.002  0.173  0.000  0.178
   0.55760     -2.473770  0.002  0.184  0.000  0.188
   0.54429     -2.468280  0.000  0.144  0.000  0.146
   0.53099     -2.457757  0.004  0.148  0.000  0.152
   0.51768     -2.445773  0.004  0.156  0.000  0.156
   0.50438     -2.435179  0.000  0.020  0.000  0.020
   0.49107     -2.437952  0.000  0.020  0.000  0.020
   0.47777     -2.440150  0.000  0.020  0.000  0.020
   0.46446     -2.441741  0.000  0.020  0.000  0.020
   0.45116     -2.442704  0.000  0.020  0.000  0.020
   0.43785     -2.443028  0.000  0.020  0.000  0.020
   0.43785     -2.443028  0.000  0.020  0.000  0.020
   0.41481     -2.442447  0.000  0.020  0.000  0.020
   0.39176     -2.440754  0.000  0.024  0.000  0.024
   0.36872     -2.437187  0.000  0.056  0.000  0.058
   0.34567     -2.414825  0.002  0.154  0.000  0.159
   0.32263     -2.387738  0.004  0.178  0.000  0.182
   0.29958     -2.383195  0.004  0.178  0.000  0.184
   0.27654     -2.378104  0.004  0.186  0.000  0.190
   0.25349     -2.372681  0.004  0.188  0.000  0.192
   0.23045     -2.367194  0.004  0.194  0.000  0.198
   0.20740     -2.361994  0.004  0.198  0.000  0.200
   0.18436     -2.357483  0.004  0.204  0.000  0.208
   0.16131     -2.354042  0.004  0.210  0.000  0.214
   0.13827     -2.351944  0.004  0.210  0.000  0.214
   0.11522     -2.351205  0.004  0.208  0.000  0.212
   0.09218     -2.351550  0.004  0.204  0.000  0.208
   0.06913     -2.352516  0.004  0.200  0.000  0.204
   0.04609     -2.353604  0.004  0.196  0.000  0.196
   0.02304     -2.354416  0.004  0.190  0.000  0.196
   0.00000     -2.354710  0.002  0.190  0.000  0.192
 
# Band-Index:   59
   0.00000     -2.306909  0.000  0.012  0.000  0.014
   0.02304     -2.306747  0.000  0.012  0.000  0.014
   0.04609     -2.306332  0.000  0.014  0.000  0.016
   0.06913     -2.305882  0.000  0.014  0.000  0.016
   0.09218     -2.305715  0.000  0.016  0.000  0.018
   0.11522     -2.306024  0.000  0.018  0.000  0.020
   0.13827     -2.306458  0.000  0.024  0.000  0.026
   0.16131     -2.306149  0.000  0.026  0.000  0.027
   0.18436     -2.305186  0.000  0.022  0.000  0.022
   0.20740     -2.307092  0.000  0.031  0.000  0.031
   0.23045     -2.318881  0.000  0.075  0.000  0.077
   0.25349     -2.337908  0.000  0.103  0.000  0.106
   0.27654     -2.356275  0.000  0.101  0.000  0.104
   0.29958     -2.370104  0.001  0.094  0.000  0.098
   0.32263     -2.384999  0.002  0.110  0.000  0.112
   0.34567     -2.391594  0.004  0.176  0.000  0.180
   0.36872     -2.394664  0.004  0.176  0.000  0.180
   0.39176     -2.396887  0.004  0.174  0.000  0.178
   0.41481     -2.398231  0.004  0.174  0.000  0.178
   0.43785     -2.398684  0.004  0.174  0.000  0.178
   0.43785     -2.398684  0.004  0.174  0.000  0.178
   0.45116     -2.400325  0.004  0.174  0.000  0.178
   0.46446     -2.405102  0.004  0.170  0.000  0.174
   0.47777     -2.412628  0.004  0.166  0.000  0.171
   0.49107     -2.422363  0.004  0.164  0.000  0.168
   0.50438     -2.433657  0.004  0.160  0.000  0.164
   0.51768     -2.431870  0.000  0.020  0.000  0.020
   0.53099     -2.428081  0.000  0.020  0.000  0.020
   0.54429     -2.423873  0.000  0.020  0.000  0.020
   0.55760     -2.419327  0.000  0.020  0.000  0.024
   0.57090     -2.414540  0.000  0.025  0.000  0.026
   0.58421     -2.409628  0.000  0.026  0.000  0.026
   0.59751     -2.404730  0.000  0.032  0.000  0.032
   0.61082     -2.399966  0.000  0.038  0.000  0.039
   0.62412     -2.395416  0.000  0.048  0.000  0.048
   0.63743     -2.391040  0.000  0.057  0.000  0.060
   0.65073     -2.386724  0.000  0.065  0.000  0.069
   0.66404     -2.379614  0.000  0.092  0.000  0.095
   0.67734     -2.372616  0.000  0.071  0.000  0.073
   0.69065     -2.373319  0.000  0.065  0.000  0.067
   0.69065     -2.373319  0.000  0.065  0.000  0.067
   0.71726     -2.363463  0.000  0.052  0.000  0.053
   0.74387     -2.353181  0.000  0.068  0.000  0.072
   0.77048     -2.359305  0.000  0.058  0.000  0.060
   0.79709     -2.361895  0.000  0.056  0.000  0.062
   0.82370     -2.360344  0.000  0.066  0.000  0.068
   0.85031     -2.352660  0.000  0.086  0.000  0.088
   0.87692     -2.335003  0.000  0.116  0.000  0.118
   0.90353     -2.318520  0.000  0.056  0.000  0.056
   0.93014     -2.318080  0.000  0.040  0.000  0.040
   0.95675     -2.316292  0.000  0.034  0.000  0.034
   0.98336     -2.314026  0.000  0.030  0.000  0.030
   1.00997     -2.311755  0.000  0.024  0.000  0.024
   1.03658     -2.309586  0.000  0.020  0.000  0.022
   1.06319     -2.307592  0.000  0.018  0.000  0.020
   1.08980     -2.306195  0.000  0.016  0.000  0.018
   1.11641     -2.305812  0.000  0.016  0.000  0.018
   1.14302     -2.306186  0.000  0.016  0.000  0.018
   1.16963     -2.306696  0.000  0.012  0.000  0.014
   1.19624     -2.306909  0.000  0.012  0.000  0.014
 
# Band-Index:   60
   1.19624     -2.250598  0.000  0.052  0.000  0.052
   1.16963     -2.251945  0.000  0.052  0.000  0.052
   1.14302     -2.255624  0.000  0.050  0.000  0.050
   1.11641     -2.260628  0.000  0.050  0.000  0.050
   1.08980     -2.265470  0.000  0.054  0.000  0.054
   1.06319     -2.268466  0.000  0.060  0.000  0.060
   1.03658     -2.268536  0.000  0.064  0.000  0.064
   1.00997     -2.266427  0.000  0.064  0.000  0.066
   0.98336     -2.264744  0.000  0.068  0.000  0.068
   0.95675     -2.267174  0.000  0.076  0.000  0.076
   0.93014     -2.279654  0.000  0.098  0.000  0.099
   0.90353     -2.306502  0.000  0.126  0.000  0.130
   0.87692     -2.316806  0.000  0.070  0.000  0.071
   0.85031     -2.313769  0.000  0.080  0.000  0.084
   0.82370     -2.312758  0.000  0.080  0.000  0.083
   0.79709     -2.317994  0.000  0.063  0.000  0.065
   0.77048     -2.332404  0.000  0.042  0.000  0.044
   0.74387     -2.350141  0.000  0.044  0.000  0.044
   0.71726     -2.342290  0.000  0.096  0.000  0.098
   0.69065     -2.324165  0.004  0.163  0.000  0.168
   0.69065     -2.324165  0.004  0.163  0.000  0.168
   0.67734     -2.328142  0.004  0.157  0.000  0.160
   0.66404     -2.331182  0.004  0.166  0.000  0.173
   0.65073     -2.332467  0.004  0.169  0.000  0.175
   0.63743     -2.331237  0.004  0.169  0.000  0.175
   0.62412     -2.327186  0.004  0.165  0.000  0.171
   0.61082     -2.320741  0.004  0.152  0.000  0.157
   0.59751     -2.317892  0.000  0.058  0.000  0.058
   0.58421     -2.315877  0.000  0.059  0.000  0.060
   0.57090     -2.314405  0.000  0.062  0.000  0.063
   0.55760     -2.313484  0.000  0.062  0.000  0.064
   0.54429     -2.313088  0.000  0.066  0.000  0.066
   0.53099     -2.313159  0.000  0.066  0.000  0.072
   0.51768     -2.313617  0.000  0.068  0.000  0.070
   0.50438     -2.314371  0.000  0.068  0.000  0.070
   0.49107     -2.315313  0.000  0.068  0.000  0.070
   0.47777     -2.316321  0.000  0.068  0.000  0.070
   0.46446     -2.317239  0.000  0.068  0.000  0.070
   0.45116     -2.317893  0.000  0.068  0.000  0.070
   0.43785     -2.318132  0.000  0.068  0.000  0.070
   0.43785     -2.318132  0.000  0.068  0.000  0.070
   0.41481     -2.319607  0.000  0.068  0.000  0.071
   0.39176     -2.324012  0.000  0.074  0.000  0.077
   0.36872     -2.330643  0.000  0.087  0.000  0.088
   0.34567     -2.335864  0.000  0.104  0.000  0.104
   0.32263     -2.329199  0.000  0.127  0.000  0.127
   0.29958     -2.308869  0.000  0.103  0.000  0.107
   0.27654     -2.295439  0.000  0.071  0.000  0.076
   0.25349     -2.291269  0.000  0.066  0.000  0.067
   0.23045     -2.290585  0.000  0.075  0.000  0.077
   0.20740     -2.288288  0.000  0.093  0.000  0.095
   0.18436     -2.282365  0.000  0.081  0.000  0.082
   0.16131     -2.277101  0.000  0.066  0.000  0.066
   0.13827     -2.272911  0.000  0.056  0.000  0.056
   0.11522     -2.268630  0.000  0.054  0.000  0.054
   0.09218     -2.263792  0.000  0.050  0.000  0.050
   0.06913     -2.258822  0.000  0.048  0.000  0.048
   0.04609     -2.254517  0.000  0.048  0.000  0.051
   0.02304     -2.251616  0.000  0.052  0.000  0.052
   0.00000     -2.250598  0.000  0.052  0.000  0.052
 
# Band-Index:   61
   0.00000     -2.250593  0.000  0.052  0.000  0.052
   0.02304     -2.250737  0.000  0.050  0.000  0.052
   0.04609     -2.251038  0.000  0.042  0.000  0.044
   0.06913     -2.251149  0.000  0.032  0.000  0.032
   0.09218     -2.250516  0.000  0.026  0.000  0.026
   0.11522     -2.248442  0.000  0.015  0.000  0.015
   0.13827     -2.244234  0.000  0.008  0.000  0.008
   0.16131     -2.237381  0.000  0.006  0.000  0.006
   0.18436     -2.227672  0.000  0.008  0.000  0.008
   0.20740     -2.215154  0.000  0.012  0.000  0.012
   0.23045     -2.200046  0.000  0.020  0.000  0.020
   0.25349     -2.209389  0.000  0.139  0.000  0.142
   0.27654     -2.221686  0.000  0.127  0.000  0.129
   0.29958     -2.238495  0.000  0.132  0.000  0.132
   0.32263     -2.250912  0.000  0.106  0.000  0.108
   0.34567     -2.255818  0.000  0.094  0.000  0.094
   0.36872     -2.257223  0.000  0.088  0.000  0.090
   0.39176     -2.257067  0.000  0.084  0.000  0.086
   0.41481     -2.256431  0.000  0.083  0.000  0.086
   0.43785     -2.256115  0.000  0.082  0.000  0.085
   0.43785     -2.256115  0.000  0.082  0.000  0.085
   0.45116     -2.256495  0.000  0.082  0.000  0.085
   0.46446     -2.257641  0.000  0.082  0.000  0.084
   0.47777     -2.259561  0.000  0.082  0.000  0.086
   0.49107     -2.262269  0.000  0.084  0.000  0.088
   0.50438     -2.265785  0.000  0.086  0.000  0.090
   0.51768     -2.270133  0.000  0.090  0.000  0.092
   0.53099     -2.275337  0.000  0.097  0.000  0.100
   0.54429     -2.281413  0.000  0.104  0.000  0.104
   0.55760     -2.288348  0.000  0.110  0.000  0.112
   0.57090     -2.296061  0.000  0.120  0.000  0.122
   0.58421     -2.304349  0.004  0.132  0.000  0.134
   0.59751     -2.312805  0.004  0.143  0.000  0.148
   0.61082     -2.320373  0.000  0.058  0.000  0.058
   0.62412     -2.323220  0.000  0.055  0.000  0.057
   0.63743     -2.326165  0.000  0.055  0.000  0.059
   0.65073     -2.328738  0.000  0.062  0.000  0.063
   0.66404     -2.329873  0.001  0.075  0.000  0.077
   0.67734     -2.327641  0.001  0.108  0.000  0.112
   0.69065     -2.323536  0.004  0.165  0.000  0.171
   0.69065     -2.323536  0.004  0.165  0.000  0.171
   0.71726     -2.313944  0.003  0.169  0.000  0.174
   0.74387     -2.303340  0.004  0.181  0.000  0.183
   0.77048     -2.291207  0.004  0.187  0.000  0.193
   0.79709     -2.275194  0.002  0.180  0.000  0.183
   0.82370     -2.258355  0.002  0.174  0.000  0.176
   0.85031     -2.245622  0.001  0.174  0.000  0.176
   0.87692     -2.237608  0.001  0.097  0.000  0.098
   0.90353     -2.230610  0.002  0.181  0.000  0.183
   0.93014     -2.226531  0.002  0.157  0.000  0.159
   0.95675     -2.225498  0.000  0.116  0.000  0.116
   0.98336     -2.228284  0.000  0.068  0.000  0.070
   1.00997     -2.234085  0.000  0.034  0.000  0.035
   1.03658     -2.240877  0.000  0.018  0.000  0.020
   1.06319     -2.246649  0.000  0.012  0.000  0.012
   1.08980     -2.250141  0.000  0.016  0.000  0.016
   1.11641     -2.251331  0.000  0.028  0.000  0.028
   1.14302     -2.251207  0.000  0.038  0.000  0.040
   1.16963     -2.250786  0.000  0.047  0.000  0.050
   1.19624     -2.250593  0.000  0.052  0.000  0.052
 
# Band-Index:   62
   1.19624     -2.121592  0.000  0.054  0.000  0.054
   1.16963     -2.122126  0.000  0.054  0.000  0.054
   1.14302     -2.123404  0.000  0.058  0.000  0.058
   1.11641     -2.124632  0.000  0.058  0.000  0.060
   1.08980     -2.124917  0.000  0.062  0.000  0.062
   1.06319     -2.123481  0.000  0.064  0.000  0.066
   1.03658     -2.119744  0.000  0.067  0.000  0.069
   1.00997     -2.132174  0.000  0.212  0.000  0.215
   0.98336     -2.142967  0.000  0.186  0.000  0.187
   0.95675     -2.167523  0.001  0.174  0.000  0.179
   0.93014     -2.204418  0.002  0.151  0.000  0.153
   0.90353     -2.226632  0.002  0.112  0.000  0.115
   0.87692     -2.236770  0.001  0.177  0.000  0.184
   0.85031     -2.244876  0.001  0.088  0.000  0.089
   0.82370     -2.251857  0.000  0.080  0.000  0.082
   0.79709     -2.259817  0.000  0.081  0.000  0.084
   0.77048     -2.269970  0.000  0.084  0.000  0.085
   0.74387     -2.283510  0.000  0.089  0.000  0.090
   0.71726     -2.301044  0.000  0.093  0.000  0.096
   0.69065     -2.318377  0.000  0.054  0.000  0.057
   0.69065     -2.318377  0.000  0.054  0.000  0.057
   0.67734     -2.307218  0.000  0.110  0.000  0.112
   0.66404     -2.292469  0.000  0.112  0.000  0.112
   0.65073     -2.278203  0.000  0.104  0.000  0.108
   0.63743     -2.265363  0.000  0.098  0.000  0.100
   0.62412     -2.254381  0.000  0.092  0.000  0.093
   0.61082     -2.245353  0.000  0.086  0.000  0.088
   0.59751     -2.238148  0.000  0.084  0.000  0.084
   0.58421     -2.232512  0.000  0.080  0.000  0.080
   0.57090     -2.228165  0.000  0.078  0.000  0.078
   0.55760     -2.224839  0.000  0.076  0.000  0.076
   0.54429     -2.222330  0.000  0.076  0.000  0.076
   0.53099     -2.220490  0.000  0.074  0.000  0.074
   0.51768     -2.219210  0.000  0.072  0.000  0.074
   0.50438     -2.218409  0.000  0.072  0.000  0.074
   0.49107     -2.217999  0.000  0.071  0.000  0.074
   0.47777     -2.217872  0.000  0.072  0.000  0.074
   0.46446     -2.217911  0.000  0.072  0.000  0.074
   0.45116     -2.217995  0.000  0.070  0.000  0.074
   0.43785     -2.218033  0.000  0.070  0.000  0.072
   0.43785     -2.218033  0.000  0.070  0.000  0.072
   0.41481     -2.218279  0.000  0.072  0.000  0.074
   0.39176     -2.218886  0.000  0.072  0.000  0.074
   0.36872     -2.219480  0.000  0.074  0.000  0.077
   0.34567     -2.219455  0.000  0.084  0.000  0.084
   0.32263     -2.217861  0.000  0.092  0.000  0.092
   0.29958     -2.212469  0.000  0.116  0.000  0.117
   0.27654     -2.195010  0.000  0.166  0.000  0.168
   0.25349     -2.182614  0.000  0.024  0.000  0.028
   0.23045     -2.195274  0.000  0.169  0.000  0.172
   0.20740     -2.176624  0.001  0.200  0.000  0.201
   0.18436     -2.154913  0.002  0.211  0.000  0.214
   0.16131     -2.134833  0.002  0.175  0.000  0.177
   0.13827     -2.128372  0.000  0.070  0.000  0.072
   0.11522     -2.127528  0.000  0.062  0.000  0.064
   0.09218     -2.126312  0.000  0.062  0.000  0.062
   0.06913     -2.124722  0.000  0.058  0.000  0.058
   0.04609     -2.123151  0.000  0.058  0.000  0.058
   0.02304     -2.122003  0.000  0.054  0.000  0.054
   0.00000     -2.121592  0.000  0.054  0.000  0.054
 
# Band-Index:   63
   0.00000     -2.121587  0.000  0.054  0.000  0.054
   0.02304     -2.120858  0.000  0.054  0.000  0.054
   0.04609     -2.118674  0.000  0.054  0.000  0.054
   0.06913     -2.115094  0.000  0.054  0.000  0.054
   0.09218     -2.110208  0.000  0.058  0.000  0.058
   0.11522     -2.104111  0.000  0.058  0.000  0.058
   0.13827     -2.111256  0.000  0.217  0.000  0.219
   0.16131     -2.122507  0.000  0.115  0.000  0.116
   0.18436     -2.121561  0.000  0.078  0.000  0.078
   0.20740     -2.119455  0.000  0.114  0.000  0.114
   0.23045     -2.133337  0.000  0.185  0.000  0.188
   0.25349     -2.163523  0.000  0.187  0.000  0.188
   0.27654     -2.163147  0.000  0.032  0.000  0.032
   0.29958     -2.141955  0.000  0.040  0.000  0.040
   0.32263     -2.119401  0.000  0.050  0.000  0.050
   0.34567     -2.095986  0.000  0.058  0.000  0.058
   0.36872     -2.072511  0.000  0.065  0.000  0.070
   0.39176     -2.050524  0.000  0.080  0.000  0.080
   0.41481     -2.033246  0.000  0.096  0.000  0.098
   0.43785     -2.026266  0.000  0.108  0.000  0.108
   0.43785     -2.026266  0.000  0.108  0.000  0.108
   0.45116     -2.026963  0.000  0.108  0.000  0.108
   0.46446     -2.029048  0.000  0.108  0.000  0.108
   0.47777     -2.032503  0.000  0.110  0.000  0.114
   0.49107     -2.037290  0.000  0.114  0.000  0.114
   0.50438     -2.043339  0.000  0.114  0.000  0.114
   0.51768     -2.050561  0.000  0.120  0.000  0.120
   0.53099     -2.058813  0.000  0.122  0.000  0.124
   0.54429     -2.067900  0.000  0.128  0.000  0.128
   0.55760     -2.077560  0.000  0.130  0.000  0.130
   0.57090     -2.087477  0.000  0.132  0.000  0.132
   0.58421     -2.097273  0.000  0.133  0.000  0.136
   0.59751     -2.106572  0.000  0.134  0.000  0.134
   0.61082     -2.115015  0.000  0.132  0.000  0.133
   0.62412     -2.122302  0.000  0.132  0.000  0.132
   0.63743     -2.128234  0.000  0.132  0.000  0.132
   0.65073     -2.132705  0.000  0.131  0.000  0.132
   0.66404     -2.135719  0.000  0.131  0.000  0.131
   0.67734     -2.137377  0.000  0.131  0.000  0.131
   0.69065     -2.137872  0.000  0.132  0.000  0.132
   0.69065     -2.137872  0.000  0.132  0.000  0.132
   0.71726     -2.136577  0.000  0.130  0.000  0.130
   0.74387     -2.134652  0.000  0.124  0.000  0.124
   0.77048     -2.134025  0.000  0.110  0.000  0.110
   0.79709     -2.134474  0.000  0.094  0.000  0.096
   0.82370     -2.135269  0.000  0.076  0.000  0.076
   0.85031     -2.136867  0.000  0.062  0.000  0.062
   0.87692     -2.140088  0.000  0.060  0.000  0.060
   0.90353     -2.144502  0.000  0.070  0.000  0.072
   0.93014     -2.148174  0.000  0.102  0.000  0.102
   0.95675     -2.148350  0.000  0.143  0.000  0.144
   0.98336     -2.128376  0.001  0.184  0.000  0.187
   1.00997     -2.113218  0.000  0.067  0.000  0.067
   1.03658     -2.118168  0.000  0.218  0.000  0.222
   1.06319     -2.103924  0.001  0.219  0.000  0.222
   1.08980     -2.108451  0.000  0.055  0.000  0.057
   1.11641     -2.113795  0.000  0.056  0.000  0.057
   1.14302     -2.117913  0.000  0.054  0.000  0.055
   1.16963     -2.120628  0.000  0.056  0.000  0.056
   1.19624     -2.121587  0.000  0.054  0.000  0.054
 
# Band-Index:   64
   1.19624     -2.095772  0.000  0.210  0.000  0.211
   1.16963     -2.094241  0.000  0.212  0.000  0.213
   1.14302     -2.090004  0.000  0.211  0.000  0.212
   1.11641     -2.084489  0.001  0.207  0.000  0.211
   1.08980     -2.091960  0.001  0.214  0.000  0.216
   1.06319     -2.101782  0.000  0.057  0.000  0.057
   1.03658     -2.093541  0.000  0.055  0.000  0.056
   1.00997     -2.098341  0.000  0.191  0.000  0.192
   0.98336     -2.103597  0.000  0.066  0.000  0.066
   0.95675     -2.090728  0.000  0.070  0.000  0.070
   0.93014     -2.074819  0.000  0.074  0.000  0.074
   0.90353     -2.056697  0.000  0.076  0.000  0.078
   0.87692     -2.038178  0.000  0.086  0.000  0.086
   0.85031     -2.022869  0.000  0.095  0.000  0.096
   0.82370     -2.016673  0.000  0.100  0.000  0.100
   0.79709     -2.022858  0.000  0.092  0.000  0.092
   0.77048     -2.035064  0.000  0.077  0.000  0.077
   0.74387     -2.044460  0.000  0.064  0.000  0.066
   0.71726     -2.046664  0.000  0.061  0.000  0.063
   0.69065     -2.042069  0.001  0.062  0.000  0.063
   0.69065     -2.042069  0.001  0.062  0.000  0.063
   0.67734     -2.045168  0.001  0.062  0.000  0.064
   0.66404     -2.047547  0.000  0.059  0.000  0.061
   0.65073     -2.048801  0.000  0.055  0.000  0.059
   0.63743     -2.048887  0.000  0.054  0.000  0.055
   0.62412     -2.047809  0.000  0.050  0.000  0.050
   0.61082     -2.045626  0.000  0.050  0.000  0.050
   0.59751     -2.042451  0.000  0.046  0.000  0.046
   0.58421     -2.038432  0.000  0.042  0.000  0.042
   0.57090     -2.033732  0.000  0.038  0.000  0.040
   0.55760     -2.028495  0.000  0.038  0.000  0.039
   0.54429     -2.022854  0.000  0.035  0.000  0.036
   0.53099     -2.016916  0.000  0.036  0.000  0.036
   0.51768     -2.010774  0.000  0.032  0.000  0.033
   0.50438     -2.004516  0.000  0.034  0.000  0.034
   0.49107     -1.998266  0.000  0.035  0.000  0.035
   0.47777     -1.992208  0.000  0.032  0.000  0.032
   0.46446     -1.986718  0.000  0.034  0.000  0.034
   0.45116     -1.982555  0.000  0.036  0.000  0.036
   0.43785     -1.980920  0.000  0.036  0.000  0.038
   0.43785     -1.980920  0.000  0.036  0.000  0.038
   0.41481     -1.985619  0.000  0.040  0.000  0.040
   0.39176     -1.997459  0.000  0.042  0.000  0.042
   0.36872     -2.012938  0.000  0.044  0.000  0.044
   0.34567     -2.029881  0.000  0.042  0.000  0.042
   0.32263     -2.047034  0.000  0.042  0.000  0.042
   0.29958     -2.063534  0.000  0.042  0.000  0.042
   0.27654     -2.078660  0.000  0.042  0.000  0.044
   0.25349     -2.091651  0.000  0.044  0.000  0.046
   0.23045     -2.100935  0.000  0.050  0.000  0.052
   0.20740     -2.097909  0.000  0.132  0.000  0.136
   0.18436     -2.084622  0.000  0.178  0.000  0.180
   0.16131     -2.088636  0.000  0.050  0.000  0.056
   0.13827     -2.096889  0.000  0.056  0.000  0.058
   0.11522     -2.097457  0.001  0.217  0.000  0.218
   0.09218     -2.087755  0.001  0.209  0.000  0.213
   0.06913     -2.086682  0.001  0.210  0.000  0.212
   0.04609     -2.091361  0.000  0.211  0.000  0.212
   0.02304     -2.094618  0.000  0.211  0.000  0.213
   0.00000     -2.095772  0.000  0.210  0.000  0.211
 
# Band-Index:   65
   0.00000     -2.076654  0.001  0.193  0.000  0.197
   0.02304     -2.077017  0.001  0.197  0.000  0.198
   0.04609     -2.078388  0.001  0.200  0.000  0.201
   0.06913     -2.081458  0.001  0.205  0.000  0.206
   0.09218     -2.081079  0.000  0.207  0.000  0.210
   0.11522     -2.076653  0.000  0.208  0.000  0.208
   0.13827     -2.074527  0.000  0.201  0.000  0.201
   0.16131     -2.076601  0.000  0.193  0.000  0.194
   0.18436     -2.079418  0.000  0.050  0.000  0.050
   0.20740     -2.069293  0.000  0.048  0.000  0.048
   0.23045     -2.058314  0.000  0.046  0.000  0.046
   0.25349     -2.046517  0.000  0.044  0.000  0.044
   0.27654     -2.033954  0.000  0.038  0.000  0.038
   0.29958     -2.020690  0.000  0.034  0.000  0.036
   0.32263     -2.006834  0.000  0.036  0.000  0.036
   0.34567     -1.992596  0.000  0.036  0.000  0.036
   0.36872     -1.978316  0.000  0.034  0.000  0.034
   0.39176     -1.964509  0.000  0.034  0.000  0.034
   0.41481     -1.951756  0.000  0.026  0.000  0.026
   0.43785     -1.943751  0.000  0.020  0.000  0.020
   0.43785     -1.943751  0.000  0.020  0.000  0.020
   0.45116     -1.941832  0.000  0.020  0.000  0.020
   0.46446     -1.936835  0.000  0.022  0.000  0.022
   0.47777     -1.930607  0.000  0.045  0.000  0.047
   0.49107     -1.934734  0.000  0.052  0.000  0.054
   0.50438     -1.939299  0.000  0.062  0.000  0.064
   0.51768     -1.944567  0.000  0.068  0.000  0.068
   0.53099     -1.950769  0.000  0.074  0.000  0.074
   0.54429     -1.957976  0.000  0.078  0.000  0.078
   0.55760     -1.966051  0.000  0.082  0.000  0.082
   0.57090     -1.974717  0.000  0.080  0.000  0.080
   0.58421     -1.983660  0.000  0.081  0.000  0.084
   0.59751     -1.992614  0.000  0.081  0.000  0.083
   0.61082     -2.001366  0.000  0.080  0.000  0.082
   0.62412     -2.009752  0.000  0.076  0.000  0.078
   0.63743     -2.017647  0.001  0.072  0.000  0.075
   0.65073     -2.024928  0.001  0.070  0.000  0.072
   0.66404     -2.031468  0.001  0.069  0.000  0.071
   0.67734     -2.037114  0.001  0.064  0.000  0.066
   0.69065     -2.041331  0.001  0.062  0.000  0.063
   0.69065     -2.041331  0.001  0.062  0.000  0.063
   0.71726     -2.031936  0.001  0.069  0.000  0.071
   0.74387     -2.019345  0.000  0.071  0.000  0.073
   0.77048     -2.005992  0.000  0.072  0.000  0.072
   0.79709     -1.995227  0.000  0.071  0.000  0.071
   0.82370     -1.990830  0.000  0.066  0.000  0.066
   0.85031     -1.994784  0.000  0.060  0.000  0.060
   0.87692     -2.005925  0.000  0.054  0.000  0.054
   0.90353     -2.021426  0.000  0.048  0.000  0.048
   0.93014     -2.038570  0.000  0.048  0.000  0.050
   0.95675     -2.055338  0.000  0.048  0.000  0.048
   0.98336     -2.070416  0.000  0.050  0.000  0.050
   1.00997     -2.083138  0.000  0.048  0.000  0.048
   1.03658     -2.081542  0.000  0.192  0.000  0.192
   1.06319     -2.076446  0.000  0.202  0.000  0.202
   1.08980     -2.078630  0.000  0.206  0.000  0.207
   1.11641     -2.083355  0.001  0.208  0.000  0.209
   1.14302     -2.079108  0.001  0.200  0.000  0.201
   1.16963     -2.077149  0.001  0.195  0.000  0.198
   1.19624     -2.076654  0.001  0.193  0.000  0.197
 
# Band-Index:   66
   1.19624     -1.857355  0.000  0.060  0.000  0.060
   1.16963     -1.859407  0.000  0.066  0.000  0.066
   1.14302     -1.864900  0.000  0.080  0.000  0.080
   1.11641     -1.872599  0.000  0.100  0.000  0.100
   1.08980     -1.881662  0.000  0.116  0.000  0.116
   1.06319     -1.891779  0.000  0.130  0.000  0.130
   1.03658     -1.902503  0.000  0.142  0.000  0.145
   1.00997     -1.912199  0.000  0.156  0.000  0.158
   0.98336     -1.918538  0.000  0.160  0.000  0.162
   0.95675     -1.920670  0.000  0.160  0.000  0.167
   0.93014     -1.919427  0.000  0.164  0.000  0.166
   0.90353     -1.916082  0.000  0.167  0.000  0.168
   0.87692     -1.911840  0.000  0.172  0.000  0.172
   0.85031     -1.907967  0.000  0.184  0.000  0.184
   0.82370     -1.905812  0.000  0.194  0.000  0.198
   0.79709     -1.906365  0.000  0.214  0.000  0.217
   0.77048     -1.910174  0.000  0.236  0.000  0.236
   0.74387     -1.916828  0.000  0.251  0.000  0.253
   0.71726     -1.923778  0.000  0.258  0.000  0.260
   0.69065     -1.926983  0.000  0.264  0.000  0.264
   0.69065     -1.926983  0.000  0.264  0.000  0.264
   0.67734     -1.925988  0.000  0.264  0.000  0.264
   0.66404     -1.922841  0.000  0.260  0.000  0.260
   0.65073     -1.917458  0.000  0.256  0.000  0.256
   0.63743     -1.909984  0.000  0.248  0.000  0.250
   0.62412     -1.900844  0.000  0.240  0.000  0.240
   0.61082     -1.890841  0.000  0.224  0.000  0.224
   0.59751     -1.881433  0.000  0.197  0.000  0.201
   0.58421     -1.878615  0.000  0.108  0.000  0.110
   0.57090     -1.882127  0.000  0.103  0.000  0.104
   0.55760     -1.884355  0.000  0.101  0.000  0.102
   0.54429     -1.887543  0.000  0.057  0.000  0.057
   0.53099     -1.896010  0.000  0.046  0.000  0.046
   0.51768     -1.904833  0.000  0.040  0.000  0.040
   0.50438     -1.913624  0.000  0.034  0.000  0.034
   0.49107     -1.922109  0.000  0.030  0.000  0.030
   0.47777     -1.929991  0.000  0.026  0.000  0.026
   0.46446     -1.926791  0.000  0.034  0.000  0.034
   0.45116     -1.923551  0.000  0.022  0.000  0.022
   0.43785     -1.922067  0.000  0.012  0.000  0.012
   0.43785     -1.922067  0.000  0.012  0.000  0.012
   0.41481     -1.909773  0.000  0.010  0.000  0.010
   0.39176     -1.897130  0.000  0.076  0.000  0.076
   0.36872     -1.889507  0.000  0.078  0.000  0.078
   0.34567     -1.884060  0.000  0.086  0.000  0.088
   0.32263     -1.881458  0.000  0.092  0.000  0.094
   0.29958     -1.881180  0.000  0.098  0.000  0.100
   0.27654     -1.882412  0.000  0.104  0.000  0.104
   0.25349     -1.884519  0.000  0.110  0.000  0.110
   0.23045     -1.886969  0.000  0.115  0.000  0.117
   0.20740     -1.889143  0.000  0.121  0.000  0.123
   0.18436     -1.890309  0.000  0.124  0.000  0.124
   0.16131     -1.889773  0.000  0.126  0.000  0.126
   0.13827     -1.887118  0.000  0.122  0.000  0.122
   0.11522     -1.882375  0.000  0.116  0.000  0.116
   0.09218     -1.876118  0.000  0.104  0.000  0.104
   0.06913     -1.869339  0.000  0.092  0.000  0.092
   0.04609     -1.863213  0.000  0.076  0.000  0.076
   0.02304     -1.858909  0.000  0.066  0.000  0.066
   0.00000     -1.857355  0.000  0.060  0.000  0.060
 
# Band-Index:   67
   0.00000     -1.857351  0.000  0.060  0.000  0.060
   0.02304     -1.858056  0.000  0.066  0.000  0.066
   0.04609     -1.859821  0.000  0.078  0.000  0.078
   0.06913     -1.861879  0.000  0.092  0.000  0.092
   0.09218     -1.863443  0.000  0.106  0.000  0.106
   0.11522     -1.863911  0.000  0.120  0.000  0.120
   0.13827     -1.862906  0.000  0.132  0.000  0.134
   0.16131     -1.860239  0.000  0.144  0.000  0.146
   0.18436     -1.855870  0.000  0.152  0.000  0.152
   0.20740     -1.849869  0.000  0.156  0.000  0.156
   0.23045     -1.842427  0.000  0.158  0.000  0.160
   0.25349     -1.833843  0.000  0.160  0.000  0.162
   0.27654     -1.824601  0.000  0.162  0.000  0.162
   0.29958     -1.815553  0.000  0.160  0.000  0.160
   0.32263     -1.809570  0.000  0.106  0.000  0.106
   0.34567     -1.832201  0.000  0.008  0.000  0.008
   0.36872     -1.860157  0.000  0.008  0.000  0.008
   0.39176     -1.886752  0.000  0.006  0.000  0.006
   0.41481     -1.904539  0.000  0.076  0.000  0.076
   0.43785     -1.907827  0.000  0.074  0.000  0.074
   0.43785     -1.907827  0.000  0.074  0.000  0.074
   0.45116     -1.906014  0.000  0.068  0.000  0.068
   0.46446     -1.901886  0.000  0.057  0.000  0.057
   0.47777     -1.896957  0.000  0.052  0.000  0.052
   0.49107     -1.892119  0.000  0.050  0.000  0.050
   0.50438     -1.888264  0.000  0.056  0.000  0.056
   0.51768     -1.886177  0.000  0.072  0.000  0.072
   0.53099     -1.885618  0.000  0.084  0.000  0.085
   0.54429     -1.885337  0.000  0.094  0.000  0.097
   0.55760     -1.880051  0.000  0.071  0.000  0.071
   0.57090     -1.875101  0.000  0.103  0.000  0.104
   0.58421     -1.875229  0.000  0.153  0.000  0.155
   0.59751     -1.873806  0.000  0.111  0.000  0.111
   0.61082     -1.867908  0.000  0.112  0.000  0.112
   0.62412     -1.860985  0.000  0.116  0.000  0.116
   0.63743     -1.853173  0.000  0.116  0.000  0.116
   0.65073     -1.844653  0.000  0.116  0.000  0.118
   0.66404     -1.835748  0.000  0.118  0.000  0.119
   0.67734     -1.827360  0.000  0.115  0.000  0.119
   0.69065     -1.822946  0.000  0.114  0.001  0.114
   0.69065     -1.822946  0.000  0.114  0.001  0.114
   0.71726     -1.834615  0.000  0.119  0.000  0.119
   0.74387     -1.853995  0.000  0.111  0.000  0.111
   0.77048     -1.872254  0.000  0.095  0.000  0.095
   0.79709     -1.885270  0.000  0.073  0.000  0.073
   0.82370     -1.886362  0.000  0.059  0.000  0.059
   0.85031     -1.871828  0.000  0.058  0.000  0.058
   0.87692     -1.847831  0.000  0.062  0.000  0.062
   0.90353     -1.823462  0.000  0.072  0.000  0.072
   0.93014     -1.810013  0.000  0.072  0.000  0.074
   0.95675     -1.815874  0.000  0.090  0.000  0.092
   0.98336     -1.828811  0.000  0.110  0.000  0.110
   1.00997     -1.841967  0.000  0.120  0.000  0.120
   1.03658     -1.852774  0.000  0.124  0.000  0.124
   1.06319     -1.859929  0.000  0.122  0.000  0.122
   1.08980     -1.863037  0.000  0.116  0.000  0.116
   1.11641     -1.862739  0.000  0.102  0.000  0.102
   1.14302     -1.860550  0.000  0.082  0.000  0.082
   1.16963     -1.858287  0.000  0.068  0.000  0.070
   1.19624     -1.857351  0.000  0.060  0.000  0.060
 
# Band-Index:   68
   1.19624     -1.760910  0.000  0.240  0.000  0.240
   1.16963     -1.759410  0.000  0.232  0.000  0.234
   1.14302     -1.755190  0.000  0.214  0.000  0.216
   1.11641     -1.749052  0.000  0.196  0.000  0.196
   1.08980     -1.742287  0.000  0.182  0.000  0.182
   1.06319     -1.736921  0.000  0.178  0.000  0.182
   1.03658     -1.735987  0.000  0.190  0.000  0.192
   1.00997     -1.741661  0.000  0.204  0.000  0.205
   0.98336     -1.752441  0.000  0.201  0.000  0.203
   0.95675     -1.766062  0.000  0.182  0.000  0.183
   0.93014     -1.778500  0.000  0.136  0.000  0.137
   0.90353     -1.780386  0.000  0.086  0.000  0.087
   0.87692     -1.789940  0.000  0.106  0.000  0.107
   0.85031     -1.804681  0.000  0.083  0.000  0.086
   0.82370     -1.814433  0.000  0.071  0.000  0.071
   0.79709     -1.819608  0.000  0.075  0.000  0.076
   0.77048     -1.822834  0.000  0.088  0.000  0.090
   0.74387     -1.824502  0.000  0.102  0.000  0.104
   0.71726     -1.824145  0.000  0.111  0.000  0.113
   0.69065     -1.822356  0.000  0.115  0.001  0.117
   0.69065     -1.822356  0.000  0.115  0.001  0.117
   0.67734     -1.822001  0.000  0.117  0.000  0.118
   0.66404     -1.821830  0.000  0.112  0.000  0.114
   0.65073     -1.822436  0.000  0.106  0.000  0.108
   0.63743     -1.824129  0.000  0.098  0.000  0.100
   0.62412     -1.827044  0.000  0.090  0.000  0.090
   0.61082     -1.830891  0.000  0.087  0.000  0.087
   0.59751     -1.834583  0.000  0.090  0.000  0.090
   0.58421     -1.835704  0.000  0.117  0.000  0.117
   0.57090     -1.831697  0.000  0.150  0.000  0.150
   0.55760     -1.830243  0.000  0.045  0.000  0.045
   0.54429     -1.838205  0.000  0.055  0.000  0.055
   0.53099     -1.844574  0.000  0.068  0.000  0.070
   0.51768     -1.848285  0.000  0.092  0.000  0.094
   0.50438     -1.848380  0.000  0.114  0.000  0.114
   0.49107     -1.845159  0.000  0.131  0.000  0.131
   0.47777     -1.840112  0.000  0.137  0.000  0.139
   0.46446     -1.834904  0.000  0.142  0.000  0.143
   0.45116     -1.832282  0.000  0.029  0.000  0.029
   0.43785     -1.832735  0.000  0.029  0.000  0.029
   0.43785     -1.832735  0.000  0.029  0.000  0.029
   0.41481     -1.829176  0.000  0.038  0.000  0.038
   0.39176     -1.825688  0.000  0.149  0.000  0.149
   0.36872     -1.821088  0.000  0.149  0.000  0.149
   0.34567     -1.814852  0.000  0.150  0.000  0.150
   0.32263     -1.807175  0.000  0.152  0.000  0.153
   0.29958     -1.798486  0.000  0.161  0.000  0.162
   0.27654     -1.789232  0.000  0.167  0.000  0.169
   0.25349     -1.779926  0.000  0.176  0.000  0.176
   0.23045     -1.771423  0.000  0.193  0.000  0.194
   0.20740     -1.761978  0.000  0.195  0.000  0.196
   0.18436     -1.752258  0.000  0.191  0.000  0.192
   0.16131     -1.745260  0.000  0.180  0.000  0.182
   0.13827     -1.742869  0.000  0.175  0.000  0.179
   0.11522     -1.744326  0.000  0.181  0.000  0.182
   0.09218     -1.747992  0.000  0.190  0.000  0.191
   0.06913     -1.752496  0.000  0.203  0.000  0.204
   0.04609     -1.756743  0.000  0.224  0.000  0.224
   0.02304     -1.759793  0.000  0.234  0.000  0.234
   0.00000     -1.760910  0.000  0.240  0.000  0.240
 
# Band-Index:   69
   0.00000     -1.760903  0.000  0.240  0.000  0.242
   0.02304     -1.758715  0.000  0.236  0.000  0.236
   0.04609     -1.752535  0.000  0.224  0.000  0.226
   0.06913     -1.743283  0.000  0.208  0.000  0.210
   0.09218     -1.732056  0.000  0.198  0.000  0.200
   0.11522     -1.719984  0.000  0.190  0.000  0.190
   0.13827     -1.708435  0.000  0.188  0.000  0.192
   0.16131     -1.718731  0.000  0.170  0.000  0.170
   0.18436     -1.736258  0.000  0.180  0.000  0.180
   0.20740     -1.751951  0.000  0.190  0.000  0.190
   0.23045     -1.765393  0.000  0.197  0.000  0.198
   0.25349     -1.775342  0.000  0.213  0.000  0.215
   0.27654     -1.780376  0.000  0.208  0.000  0.209
   0.29958     -1.782572  0.000  0.195  0.000  0.196
   0.32263     -1.801268  0.000  0.070  0.000  0.070
   0.34567     -1.804457  0.000  0.156  0.000  0.156
   0.36872     -1.809904  0.000  0.110  0.000  0.110
   0.39176     -1.820152  0.000  0.066  0.000  0.066
   0.41481     -1.828553  0.000  0.147  0.000  0.147
   0.43785     -1.829537  0.000  0.147  0.000  0.147
   0.43785     -1.829537  0.000  0.147  0.000  0.147
   0.45116     -1.830990  0.000  0.145  0.000  0.146
   0.46446     -1.830921  0.000  0.029  0.000  0.029
   0.47777     -1.828715  0.000  0.030  0.000  0.030
   0.49107     -1.825733  0.000  0.030  0.000  0.030
   0.50438     -1.822081  0.000  0.034  0.000  0.034
   0.51768     -1.817961  0.000  0.038  0.000  0.038
   0.53099     -1.814061  0.000  0.055  0.000  0.056
   0.54429     -1.815380  0.000  0.139  0.000  0.140
   0.55760     -1.823725  0.000  0.163  0.000  0.163
   0.57090     -1.821377  0.000  0.037  0.000  0.037
   0.58421     -1.812037  0.000  0.029  0.000  0.029
   0.59751     -1.802558  0.000  0.025  0.000  0.026
   0.61082     -1.793326  0.000  0.017  0.000  0.018
   0.62412     -1.785064  0.000  0.016  0.000  0.016
   0.63743     -1.779731  0.000  0.032  0.000  0.032
   0.65073     -1.780721  0.000  0.075  0.000  0.076
   0.66404     -1.786909  0.000  0.105  0.000  0.107
   0.67734     -1.794240  0.000  0.120  0.000  0.120
   0.69065     -1.798184  0.000  0.126  0.000  0.126
   0.69065     -1.798184  0.000  0.126  0.000  0.126
   0.71726     -1.784807  0.000  0.106  0.000  0.109
   0.74387     -1.782370  0.000  0.036  0.000  0.036
   0.77048     -1.798446  0.000  0.064  0.000  0.065
   0.79709     -1.807680  0.000  0.090  0.000  0.090
   0.82370     -1.807482  0.000  0.112  0.000  0.112
   0.85031     -1.797751  0.000  0.125  0.000  0.127
   0.87692     -1.783661  0.000  0.105  0.000  0.105
   0.90353     -1.773107  0.000  0.131  0.000  0.131
   0.93014     -1.757972  0.000  0.160  0.000  0.160
   0.95675     -1.746695  0.000  0.184  0.000  0.186
   0.98336     -1.738050  0.000  0.197  0.000  0.200
   1.00997     -1.728382  0.000  0.201  0.000  0.203
   1.03658     -1.717721  0.000  0.197  0.000  0.197
   1.06319     -1.718062  0.000  0.188  0.000  0.188
   1.08980     -1.727870  0.000  0.194  0.000  0.194
   1.11641     -1.739523  0.000  0.204  0.000  0.205
   1.14302     -1.750263  0.000  0.222  0.000  0.222
   1.16963     -1.758027  0.000  0.234  0.000  0.234
   1.19624     -1.760903  0.000  0.240  0.000  0.242
 
# Band-Index:   70
   1.19624     -1.612076  0.000  0.119  0.000  0.120
   1.16963     -1.616630  0.000  0.124  0.000  0.126
   1.14302     -1.628244  0.000  0.131  0.000  0.131
   1.11641     -1.643501  0.000  0.131  0.000  0.132
   1.08980     -1.659651  0.000  0.129  0.000  0.129
   1.06319     -1.678823  0.000  0.179  0.000  0.179
   1.03658     -1.690131  0.000  0.174  0.000  0.174
   1.00997     -1.689213  0.000  0.061  0.000  0.061
   0.98336     -1.692998  0.000  0.052  0.000  0.052
   0.95675     -1.700741  0.000  0.081  0.000  0.081
   0.93014     -1.717215  0.000  0.164  0.000  0.164
   0.90353     -1.742663  0.000  0.167  0.000  0.167
   0.87692     -1.760985  0.000  0.119  0.000  0.121
   0.85031     -1.762359  0.000  0.081  0.000  0.081
   0.82370     -1.758738  0.000  0.073  0.000  0.073
   0.79709     -1.754466  0.000  0.069  0.000  0.071
   0.77048     -1.752294  0.000  0.075  0.000  0.075
   0.74387     -1.760469  0.000  0.120  0.000  0.120
   0.71726     -1.756545  0.000  0.056  0.000  0.056
   0.69065     -1.741000  0.000  0.036  0.000  0.038
   0.69065     -1.741000  0.000  0.036  0.000  0.038
   0.67734     -1.743729  0.000  0.040  0.000  0.042
   0.66404     -1.748983  0.000  0.055  0.000  0.057
   0.65073     -1.754291  0.000  0.053  0.000  0.053
   0.63743     -1.762532  0.000  0.051  0.000  0.051
   0.62412     -1.770031  0.000  0.054  0.000  0.058
   0.61082     -1.776813  0.000  0.058  0.000  0.058
   0.59751     -1.783088  0.000  0.054  0.000  0.054
   0.58421     -1.789068  0.000  0.054  0.000  0.055
   0.57090     -1.794843  0.000  0.051  0.000  0.051
   0.55760     -1.800283  0.000  0.049  0.000  0.049
   0.54429     -1.804378  0.000  0.075  0.000  0.077
   0.53099     -1.801075  0.000  0.155  0.000  0.156
   0.51768     -1.792684  0.000  0.164  0.000  0.169
   0.50438     -1.784392  0.002  0.164  0.000  0.166
   0.49107     -1.776994  0.002  0.162  0.000  0.164
   0.47777     -1.770814  0.002  0.161  0.000  0.163
   0.46446     -1.766134  0.002  0.158  0.000  0.160
   0.45116     -1.763205  0.002  0.156  0.000  0.158
   0.43785     -1.762209  0.002  0.155  0.000  0.157
   0.43785     -1.762209  0.002  0.155  0.000  0.157
   0.41481     -1.765698  0.002  0.153  0.000  0.155
   0.39176     -1.772630  0.000  0.151  0.000  0.155
   0.36872     -1.778615  0.000  0.157  0.000  0.159
   0.34567     -1.782058  0.000  0.166  0.000  0.167
   0.32263     -1.783148  0.000  0.182  0.000  0.182
   0.29958     -1.774457  0.000  0.016  0.000  0.016
   0.27654     -1.746904  0.000  0.012  0.000  0.012
   0.25349     -1.720491  0.000  0.012  0.000  0.012
   0.23045     -1.703137  0.000  0.201  0.000  0.201
   0.20740     -1.697340  0.000  0.210  0.000  0.212
   0.18436     -1.695512  0.000  0.206  0.000  0.208
   0.16131     -1.699428  0.000  0.194  0.000  0.196
   0.13827     -1.699513  0.000  0.162  0.000  0.163
   0.11522     -1.679237  0.000  0.153  0.000  0.154
   0.09218     -1.659122  0.000  0.146  0.000  0.147
   0.06913     -1.640695  0.000  0.141  0.000  0.141
   0.04609     -1.625628  0.000  0.131  0.000  0.131
   0.02304     -1.615613  0.000  0.122  0.000  0.125
   0.00000     -1.612076  0.000  0.119  0.000  0.120
 
# Band-Index:   71
   0.00000     -1.612076  0.000  0.118  0.000  0.120
   0.02304     -1.613868  0.000  0.122  0.000  0.126
   0.04609     -1.618698  0.000  0.132  0.000  0.134
   0.06913     -1.625455  0.000  0.140  0.000  0.142
   0.09218     -1.633120  0.000  0.148  0.000  0.150
   0.11522     -1.640871  0.000  0.150  0.000  0.150
   0.13827     -1.647936  0.000  0.142  0.000  0.144
   0.16131     -1.653695  0.000  0.117  0.000  0.117
   0.18436     -1.662840  0.000  0.090  0.000  0.091
   0.20740     -1.674462  0.000  0.022  0.000  0.022
   0.23045     -1.695711  0.000  0.014  0.000  0.014
   0.25349     -1.711217  0.000  0.184  0.000  0.186
   0.27654     -1.721656  0.000  0.154  0.000  0.154
   0.29958     -1.733944  0.000  0.116  0.000  0.116
   0.32263     -1.746797  0.000  0.078  0.000  0.078
   0.34567     -1.756681  0.000  0.056  0.000  0.056
   0.36872     -1.759495  0.000  0.068  0.000  0.068
   0.39176     -1.757180  0.000  0.086  0.000  0.086
   0.41481     -1.754259  0.000  0.096  0.000  0.096
   0.43785     -1.753074  0.000  0.100  0.000  0.100
   0.43785     -1.753074  0.000  0.100  0.000  0.100
   0.45116     -1.752314  0.000  0.096  0.000  0.100
   0.46446     -1.750399  0.000  0.092  0.000  0.094
   0.47777     -1.748071  0.000  0.090  0.000  0.090
   0.49107     -1.745896  0.000  0.082  0.000  0.084
   0.50438     -1.744103  0.000  0.080  0.000  0.080
   0.51768     -1.742729  0.000  0.078  0.000  0.080
   0.53099     -1.741756  0.000  0.076  0.000  0.076
   0.54429     -1.741180  0.000  0.078  0.000  0.079
   0.55760     -1.741058  0.000  0.082  0.000  0.082
   0.57090     -1.741509  0.000  0.086  0.000  0.086
   0.58421     -1.742718  0.000  0.096  0.000  0.096
   0.59751     -1.744919  0.000  0.106  0.000  0.106
   0.61082     -1.748253  0.000  0.120  0.000  0.120
   0.62412     -1.752393  0.000  0.132  0.000  0.132
   0.63743     -1.755510  0.000  0.125  0.000  0.127
   0.65073     -1.754043  0.000  0.079  0.000  0.081
   0.66404     -1.745287  0.000  0.044  0.000  0.044
   0.67734     -1.735881  0.000  0.038  0.000  0.038
   0.69065     -1.726314  0.000  0.036  0.000  0.036
   0.69065     -1.726314  0.000  0.036  0.000  0.036
   0.71726     -1.731755  0.000  0.048  0.000  0.048
   0.74387     -1.730093  0.000  0.084  0.000  0.086
   0.77048     -1.742197  0.000  0.101  0.000  0.103
   0.79709     -1.747756  0.000  0.138  0.000  0.142
   0.82370     -1.742838  0.000  0.169  0.000  0.172
   0.85031     -1.730673  0.000  0.187  0.000  0.187
   0.87692     -1.715835  0.000  0.190  0.000  0.190
   0.90353     -1.701773  0.000  0.190  0.000  0.190
   0.93014     -1.699251  0.000  0.100  0.000  0.100
   0.95675     -1.684923  0.000  0.175  0.000  0.177
   0.98336     -1.684090  0.000  0.179  0.000  0.179
   1.00997     -1.687484  0.000  0.172  0.000  0.172
   1.03658     -1.684318  0.000  0.089  0.000  0.090
   1.06319     -1.674159  0.000  0.113  0.000  0.115
   1.08980     -1.657532  0.000  0.173  0.000  0.173
   1.11641     -1.637337  0.000  0.159  0.000  0.159
   1.14302     -1.622719  0.000  0.139  0.000  0.139
   1.16963     -1.614596  0.000  0.123  0.000  0.127
   1.19624     -1.612076  0.000  0.118  0.000  0.120
 
# Band-Index:   72
   1.19624     -1.558814  0.000  0.185  0.000  0.185
   1.16963     -1.561108  0.000  0.182  0.000  0.182
   1.14302     -1.567110  0.000  0.166  0.000  0.166
   1.11641     -1.574936  0.000  0.149  0.000  0.150
   1.08980     -1.583400  0.000  0.024  0.000  0.024
   1.06319     -1.599838  0.000  0.032  0.000  0.032
   1.03658     -1.619429  0.000  0.040  0.000  0.040
   1.00997     -1.641054  0.000  0.063  0.000  0.064
   0.98336     -1.663028  0.000  0.099  0.000  0.101
   0.95675     -1.684298  0.000  0.130  0.000  0.130
   0.93014     -1.690900  0.000  0.184  0.000  0.190
   0.90353     -1.699496  0.000  0.139  0.000  0.141
   0.87692     -1.690910  0.000  0.155  0.000  0.155
   0.85031     -1.679054  0.000  0.139  0.000  0.139
   0.82370     -1.673774  0.000  0.113  0.000  0.113
   0.79709     -1.692072  0.000  0.130  0.000  0.130
   0.77048     -1.716453  0.000  0.132  0.000  0.132
   0.74387     -1.727757  0.000  0.073  0.000  0.076
   0.71726     -1.709683  0.000  0.040  0.000  0.040
   0.69065     -1.726225  0.000  0.036  0.000  0.036
   0.69065     -1.726225  0.000  0.036  0.000  0.036
   0.67734     -1.714665  0.000  0.034  0.000  0.034
   0.66404     -1.702734  0.000  0.044  0.000  0.044
   0.65073     -1.700868  0.000  0.067  0.000  0.071
   0.63743     -1.704443  0.000  0.078  0.000  0.082
   0.62412     -1.706454  0.000  0.092  0.000  0.094
   0.61082     -1.706358  0.000  0.108  0.000  0.110
   0.59751     -1.703858  0.000  0.120  0.000  0.124
   0.58421     -1.698906  0.000  0.134  0.000  0.136
   0.57090     -1.691729  0.000  0.146  0.000  0.148
   0.55760     -1.683533  0.000  0.156  0.000  0.156
   0.54429     -1.684265  0.000  0.122  0.000  0.124
   0.53099     -1.686470  0.000  0.118  0.000  0.120
   0.51768     -1.688251  0.000  0.116  0.000  0.118
   0.50438     -1.689475  0.000  0.118  0.000  0.120
   0.49107     -1.690080  0.000  0.122  0.000  0.123
   0.47777     -1.697160  0.000  0.098  0.000  0.102
   0.46446     -1.702813  0.000  0.090  0.000  0.090
   0.45116     -1.706287  0.000  0.086  0.000  0.086
   0.43785     -1.707452  0.000  0.084  0.000  0.084
   0.43785     -1.707452  0.000  0.084  0.000  0.084
   0.41481     -1.702472  0.000  0.086  0.000  0.086
   0.39176     -1.693976  0.000  0.088  0.000  0.092
   0.36872     -1.689999  0.000  0.100  0.000  0.102
   0.34567     -1.687581  0.000  0.096  0.000  0.098
   0.32263     -1.685267  0.000  0.092  0.000  0.094
   0.29958     -1.682896  0.000  0.082  0.000  0.084
   0.27654     -1.680521  0.000  0.077  0.000  0.079
   0.25349     -1.678107  0.000  0.074  0.000  0.074
   0.23045     -1.675278  0.000  0.071  0.000  0.073
   0.20740     -1.670895  0.000  0.076  0.000  0.077
   0.18436     -1.660180  0.000  0.058  0.000  0.058
   0.16131     -1.649136  0.000  0.105  0.000  0.105
   0.13827     -1.630472  0.000  0.123  0.000  0.123
   0.11522     -1.610135  0.000  0.137  0.000  0.137
   0.09218     -1.591471  0.000  0.149  0.000  0.150
   0.06913     -1.576608  0.000  0.161  0.000  0.161
   0.04609     -1.566372  0.000  0.172  0.000  0.173
   0.02304     -1.560627  0.000  0.181  0.000  0.182
   0.00000     -1.558814  0.000  0.185  0.000  0.185
 
# Band-Index:   73
   0.00000     -1.558808  0.000  0.184  0.000  0.184
   0.02304     -1.558037  0.000  0.168  0.000  0.168
   0.04609     -1.559871  0.000  0.034  0.000  0.034
   0.06913     -1.566385  0.000  0.018  0.000  0.018
   0.09218     -1.575726  0.000  0.018  0.000  0.018
   0.11522     -1.587652  0.000  0.018  0.000  0.018
   0.13827     -1.601761  0.000  0.026  0.000  0.026
   0.16131     -1.616848  0.000  0.042  0.000  0.042
   0.18436     -1.628627  0.000  0.078  0.000  0.078
   0.20740     -1.629952  0.000  0.104  0.000  0.104
   0.23045     -1.624908  0.000  0.106  0.000  0.106
   0.25349     -1.622567  0.000  0.096  0.000  0.096
   0.27654     -1.628234  0.000  0.090  0.000  0.090
   0.29958     -1.637435  0.000  0.098  0.000  0.098
   0.32263     -1.645575  0.000  0.106  0.000  0.106
   0.34567     -1.651445  0.000  0.110  0.000  0.110
   0.36872     -1.666809  0.000  0.136  0.000  0.136
   0.39176     -1.680979  0.000  0.146  0.000  0.146
   0.41481     -1.687111  0.000  0.146  0.000  0.150
   0.43785     -1.688230  0.000  0.142  0.000  0.144
   0.43785     -1.688230  0.000  0.142  0.000  0.144
   0.45116     -1.688598  0.000  0.140  0.000  0.142
   0.46446     -1.689373  0.000  0.132  0.000  0.134
   0.47777     -1.689982  0.000  0.128  0.000  0.130
   0.49107     -1.689648  0.000  0.106  0.000  0.107
   0.50438     -1.680928  0.000  0.110  0.000  0.112
   0.51768     -1.671726  0.000  0.114  0.000  0.116
   0.53099     -1.663222  0.000  0.116  0.000  0.118
   0.54429     -1.671968  0.000  0.140  0.000  0.140
   0.55760     -1.680264  0.000  0.105  0.000  0.107
   0.57090     -1.678141  0.000  0.113  0.000  0.115
   0.58421     -1.674924  0.000  0.118  0.000  0.120
   0.59751     -1.677097  0.000  0.109  0.000  0.109
   0.61082     -1.684687  0.000  0.095  0.000  0.096
   0.62412     -1.690798  0.000  0.082  0.000  0.082
   0.63743     -1.695177  0.000  0.072  0.000  0.074
   0.65073     -1.698083  0.000  0.066  0.000  0.066
   0.66404     -1.696662  0.000  0.059  0.000  0.061
   0.67734     -1.696537  0.000  0.055  0.000  0.055
   0.69065     -1.694296  0.000  0.054  0.000  0.054
   0.69065     -1.694296  0.000  0.054  0.000  0.054
   0.71726     -1.706459  0.000  0.048  0.000  0.048
   0.74387     -1.689230  0.000  0.030  0.000  0.030
   0.77048     -1.673428  0.000  0.030  0.000  0.030
   0.79709     -1.660525  0.000  0.039  0.000  0.039
   0.82370     -1.656743  0.000  0.114  0.000  0.114
   0.85031     -1.647835  0.000  0.075  0.000  0.075
   0.87692     -1.643827  0.000  0.062  0.000  0.062
   0.90353     -1.641574  0.000  0.058  0.000  0.058
   0.93014     -1.638498  0.000  0.059  0.000  0.060
   0.95675     -1.631199  0.000  0.070  0.000  0.070
   0.98336     -1.619492  0.000  0.107  0.000  0.108
   1.00997     -1.611070  0.000  0.118  0.000  0.120
   1.03658     -1.601543  0.000  0.125  0.000  0.126
   1.06319     -1.592151  0.000  0.132  0.000  0.133
   1.08980     -1.583318  0.000  0.137  0.000  0.138
   1.11641     -1.570635  0.000  0.022  0.000  0.022
   1.14302     -1.561694  0.000  0.030  0.000  0.031
   1.16963     -1.558005  0.000  0.157  0.000  0.157
   1.19624     -1.558808  0.000  0.184  0.000  0.184
 
# Band-Index:   74
   1.19624     -1.553867  0.000  0.006  0.000  0.006
   1.16963     -1.555192  0.000  0.030  0.000  0.030
   1.14302     -1.554932  0.000  0.148  0.000  0.149
   1.11641     -1.555239  0.000  0.150  0.000  0.150
   1.08980     -1.559314  0.000  0.143  0.000  0.143
   1.06319     -1.567993  0.000  0.134  0.000  0.134
   1.03658     -1.581330  0.000  0.122  0.000  0.122
   1.00997     -1.598474  0.000  0.109  0.000  0.109
   0.98336     -1.616777  0.000  0.089  0.000  0.089
   0.95675     -1.625125  0.000  0.096  0.000  0.096
   0.93014     -1.628411  0.000  0.092  0.000  0.092
   0.90353     -1.632531  0.000  0.088  0.000  0.088
   0.87692     -1.637900  0.000  0.084  0.000  0.086
   0.85031     -1.643867  0.000  0.073  0.000  0.074
   0.82370     -1.650967  0.000  0.056  0.000  0.056
   0.79709     -1.658583  0.000  0.101  0.000  0.101
   0.77048     -1.659764  0.000  0.078  0.000  0.078
   0.74387     -1.669214  0.000  0.048  0.000  0.048
   0.71726     -1.683310  0.000  0.054  0.000  0.054
   0.69065     -1.693673  0.000  0.054  0.000  0.054
   0.69065     -1.693673  0.000  0.054  0.000  0.054
   0.67734     -1.693251  0.000  0.056  0.000  0.056
   0.66404     -1.695814  0.000  0.042  0.000  0.042
   0.65073     -1.685906  0.000  0.023  0.000  0.023
   0.63743     -1.672461  0.000  0.024  0.000  0.024
   0.62412     -1.664314  0.000  0.130  0.000  0.132
   0.61082     -1.667916  0.000  0.126  0.000  0.128
   0.59751     -1.671476  0.000  0.122  0.000  0.124
   0.58421     -1.668781  0.000  0.119  0.000  0.122
   0.57090     -1.661149  0.000  0.124  0.000  0.126
   0.55760     -1.656517  0.000  0.122  0.000  0.122
   0.54429     -1.657321  0.000  0.120  0.000  0.122
   0.53099     -1.661688  0.000  0.132  0.000  0.135
   0.51768     -1.652970  0.000  0.116  0.000  0.118
   0.50438     -1.648053  0.000  0.098  0.000  0.100
   0.49107     -1.647799  0.000  0.092  0.000  0.092
   0.47777     -1.650616  0.000  0.092  0.000  0.092
   0.46446     -1.654396  0.000  0.088  0.000  0.088
   0.45116     -1.657505  0.000  0.088  0.000  0.088
   0.43785     -1.658719  0.000  0.088  0.000  0.088
   0.43785     -1.658719  0.000  0.088  0.000  0.088
   0.41481     -1.658407  0.000  0.088  0.000  0.090
   0.39176     -1.657354  0.000  0.098  0.000  0.098
   0.36872     -1.655200  0.000  0.108  0.000  0.108
   0.34567     -1.650768  0.000  0.134  0.000  0.134
   0.32263     -1.636492  0.000  0.132  0.000  0.132
   0.29958     -1.624645  0.000  0.118  0.000  0.120
   0.27654     -1.613732  0.000  0.102  0.000  0.104
   0.25349     -1.602174  0.000  0.090  0.000  0.093
   0.23045     -1.589427  0.000  0.078  0.000  0.079
   0.20740     -1.575606  0.000  0.070  0.000  0.070
   0.18436     -1.561014  0.000  0.063  0.000  0.064
   0.16131     -1.552124  0.000  0.122  0.000  0.122
   0.13827     -1.548837  0.000  0.130  0.000  0.132
   0.11522     -1.548048  0.000  0.138  0.000  0.140
   0.09218     -1.549180  0.000  0.146  0.000  0.146
   0.06913     -1.551619  0.000  0.152  0.000  0.154
   0.04609     -1.554482  0.000  0.146  0.000  0.146
   0.02304     -1.554915  0.000  0.020  0.000  0.020
   0.00000     -1.553867  0.000  0.006  0.000  0.006
 
# Band-Index:   75
   0.00000     -1.471641  0.000  0.041  0.000  0.041
   0.02304     -1.472944  0.000  0.041  0.000  0.041
   0.04609     -1.477412  0.000  0.041  0.000  0.041
   0.06913     -1.487284  0.000  0.045  0.000  0.045
   0.09218     -1.500982  0.000  0.049  0.000  0.049
   0.11522     -1.515699  0.000  0.053  0.000  0.053
   0.13827     -1.530788  0.000  0.056  0.000  0.056
   0.16131     -1.545977  0.000  0.059  0.000  0.059
   0.18436     -1.558471  0.000  0.108  0.000  0.108
   0.20740     -1.567933  0.000  0.095  0.000  0.095
   0.23045     -1.578755  0.000  0.088  0.000  0.088
   0.25349     -1.585793  0.000  0.098  0.000  0.098
   0.27654     -1.584104  0.000  0.114  0.000  0.116
   0.29958     -1.577735  0.000  0.127  0.000  0.129
   0.32263     -1.571244  0.000  0.140  0.000  0.140
   0.34567     -1.568687  0.000  0.134  0.000  0.135
   0.36872     -1.564033  0.000  0.147  0.000  0.150
   0.39176     -1.560396  0.000  0.168  0.000  0.170
   0.41481     -1.558947  0.000  0.172  0.000  0.176
   0.43785     -1.558422  0.000  0.176  0.000  0.178
   0.43785     -1.558422  0.000  0.176  0.000  0.178
   0.45116     -1.562514  0.000  0.185  0.000  0.185
   0.46446     -1.571507  0.000  0.195  0.000  0.195
   0.47777     -1.581906  0.000  0.204  0.000  0.206
   0.49107     -1.591687  0.000  0.212  0.000  0.214
   0.50438     -1.598762  0.000  0.206  0.000  0.210
   0.51768     -1.601615  0.000  0.187  0.000  0.190
   0.53099     -1.601161  0.000  0.162  0.000  0.162
   0.54429     -1.599664  0.000  0.136  0.000  0.137
   0.55760     -1.600415  0.000  0.158  0.000  0.159
   0.57090     -1.607224  0.000  0.026  0.000  0.026
   0.58421     -1.619421  0.000  0.026  0.000  0.026
   0.59751     -1.632192  0.000  0.026  0.000  0.026
   0.61082     -1.645367  0.000  0.022  0.000  0.022
   0.62412     -1.658835  0.000  0.022  0.000  0.022
   0.63743     -1.660760  0.000  0.134  0.000  0.136
   0.65073     -1.657407  0.000  0.134  0.000  0.136
   0.66404     -1.655407  0.000  0.098  0.000  0.100
   0.67734     -1.659757  0.000  0.040  0.000  0.040
   0.69065     -1.662557  0.000  0.032  0.000  0.035
   0.69065     -1.662557  0.000  0.032  0.000  0.035
   0.71726     -1.655805  0.000  0.051  0.000  0.051
   0.74387     -1.653473  0.000  0.139  0.000  0.141
   0.77048     -1.648777  0.000  0.094  0.000  0.096
   0.79709     -1.638060  0.000  0.082  0.000  0.082
   0.82370     -1.628925  0.000  0.112  0.000  0.112
   0.85031     -1.618019  0.000  0.093  0.000  0.095
   0.87692     -1.612227  0.000  0.103  0.000  0.106
   0.90353     -1.610808  0.000  0.117  0.000  0.120
   0.93014     -1.608668  0.000  0.116  0.000  0.116
   0.95675     -1.599594  0.000  0.102  0.000  0.102
   0.98336     -1.584570  0.000  0.084  0.000  0.084
   1.00997     -1.566322  0.000  0.070  0.000  0.070
   1.03658     -1.546911  0.000  0.062  0.000  0.062
   1.06319     -1.527704  0.000  0.056  0.000  0.058
   1.08980     -1.509357  0.000  0.053  0.000  0.053
   1.11641     -1.492105  0.000  0.049  0.000  0.049
   1.14302     -1.478122  0.000  0.042  0.000  0.042
   1.16963     -1.473315  0.000  0.040  0.000  0.040
   1.19624     -1.471641  0.000  0.041  0.000  0.041
 
# Band-Index:   76
   1.19624     -1.471638  0.000  0.040  0.000  0.040
   1.16963     -1.472490  0.000  0.040  0.000  0.040
   1.14302     -1.477372  0.000  0.041  0.000  0.041
   1.11641     -1.485299  0.000  0.044  0.000  0.044
   1.08980     -1.494123  0.000  0.048  0.000  0.048
   1.06319     -1.503666  0.000  0.052  0.000  0.052
   1.03658     -1.513221  0.000  0.056  0.000  0.056
   1.00997     -1.522327  0.000  0.060  0.000  0.062
   0.98336     -1.530911  0.000  0.064  0.000  0.066
   0.95675     -1.539604  0.000  0.069  0.000  0.071
   0.93014     -1.550069  0.000  0.082  0.000  0.082
   0.90353     -1.565490  0.000  0.107  0.000  0.107
   0.87692     -1.587938  0.000  0.133  0.000  0.133
   0.85031     -1.612397  0.000  0.142  0.000  0.142
   0.82370     -1.626684  0.000  0.100  0.000  0.102
   0.79709     -1.635154  0.000  0.108  0.000  0.110
   0.77048     -1.641935  0.000  0.106  0.000  0.108
   0.74387     -1.647992  0.000  0.086  0.000  0.086
   0.71726     -1.651237  0.000  0.152  0.000  0.155
   0.69065     -1.645289  0.000  0.167  0.000  0.169
   0.69065     -1.645289  0.000  0.167  0.000  0.169
   0.67734     -1.648650  0.000  0.156  0.000  0.158
   0.66404     -1.648959  0.000  0.090  0.000  0.092
   0.65073     -1.641142  0.000  0.052  0.000  0.052
   0.63743     -1.631753  0.000  0.048  0.000  0.048
   0.62412     -1.622669  0.000  0.052  0.000  0.052
   0.61082     -1.614494  0.000  0.060  0.000  0.060
   0.59751     -1.607696  0.000  0.068  0.000  0.068
   0.58421     -1.602677  0.000  0.080  0.000  0.081
   0.57090     -1.599725  0.000  0.097  0.000  0.097
   0.55760     -1.598856  0.000  0.115  0.000  0.115
   0.54429     -1.599356  0.000  0.174  0.000  0.174
   0.53099     -1.592865  0.000  0.174  0.000  0.176
   0.51768     -1.583294  0.000  0.170  0.000  0.172
   0.50438     -1.572734  0.000  0.154  0.000  0.154
   0.49107     -1.562780  0.000  0.122  0.000  0.122
   0.47777     -1.554958  0.000  0.076  0.000  0.076
   0.46446     -1.549854  0.000  0.046  0.000  0.046
   0.45116     -1.547046  0.000  0.034  0.000  0.034
   0.43785     -1.546145  0.000  0.032  0.000  0.032
   0.43785     -1.546145  0.000  0.032  0.000  0.032
   0.41481     -1.545356  0.000  0.030  0.000  0.030
   0.39176     -1.554034  0.000  0.160  0.000  0.163
   0.36872     -1.562714  0.000  0.160  0.000  0.160
   0.34567     -1.566200  0.000  0.150  0.000  0.152
   0.32263     -1.566605  0.000  0.126  0.000  0.126
   0.29958     -1.558800  0.000  0.120  0.000  0.120
   0.27654     -1.550195  0.000  0.120  0.000  0.120
   0.25349     -1.545274  0.000  0.116  0.000  0.116
   0.23045     -1.541336  0.000  0.099  0.000  0.099
   0.20740     -1.535257  0.000  0.081  0.000  0.083
   0.18436     -1.526808  0.000  0.070  0.000  0.072
   0.16131     -1.516847  0.000  0.062  0.000  0.062
   0.13827     -1.506345  0.000  0.054  0.000  0.054
   0.11522     -1.496112  0.000  0.050  0.000  0.050
   0.09218     -1.486747  0.000  0.045  0.000  0.046
   0.06913     -1.478285  0.000  0.043  0.000  0.043
   0.04609     -1.473891  0.000  0.037  0.000  0.039
   0.02304     -1.472215  0.000  0.040  0.000  0.040
   0.00000     -1.471638  0.000  0.040  0.000  0.040
 
# Band-Index:   77
   0.00000     -1.449384  0.000  0.014  0.000  0.014
   0.02304     -1.456577  0.000  0.030  0.000  0.032
   0.04609     -1.468483  0.000  0.039  0.000  0.039
   0.06913     -1.476542  0.000  0.036  0.000  0.036
   0.09218     -1.479989  0.000  0.035  0.000  0.035
   0.11522     -1.484070  0.000  0.034  0.000  0.034
   0.13827     -1.488757  0.000  0.032  0.000  0.032
   0.16131     -1.494620  0.000  0.032  0.000  0.032
   0.18436     -1.503098  0.000  0.032  0.000  0.034
   0.20740     -1.512544  0.000  0.042  0.000  0.042
   0.23045     -1.520305  0.000  0.048  0.000  0.048
   0.25349     -1.526042  0.000  0.046  0.000  0.048
   0.27654     -1.530198  0.000  0.038  0.000  0.038
   0.29958     -1.533282  0.000  0.030  0.000  0.030
   0.32263     -1.535834  0.000  0.020  0.000  0.020
   0.34567     -1.538307  0.000  0.019  0.000  0.019
   0.36872     -1.540875  0.000  0.018  0.000  0.020
   0.39176     -1.543377  0.000  0.024  0.000  0.026
   0.41481     -1.540836  0.000  0.166  0.000  0.169
   0.43785     -1.531264  0.000  0.166  0.000  0.166
   0.43785     -1.531264  0.000  0.166  0.000  0.166
   0.45116     -1.528095  0.000  0.158  0.000  0.160
   0.46446     -1.528744  0.000  0.186  0.000  0.186
   0.47777     -1.538934  0.000  0.148  0.000  0.148
   0.49107     -1.548148  0.000  0.098  0.000  0.098
   0.50438     -1.556537  0.000  0.058  0.000  0.058
   0.51768     -1.565026  0.000  0.036  0.000  0.036
   0.53099     -1.574214  0.000  0.030  0.000  0.030
   0.54429     -1.584263  0.000  0.026  0.000  0.026
   0.55760     -1.594918  0.000  0.032  0.000  0.033
   0.57090     -1.594394  0.000  0.156  0.000  0.156
   0.58421     -1.585167  0.000  0.178  0.000  0.182
   0.59751     -1.594508  0.000  0.188  0.000  0.191
   0.61082     -1.603941  0.000  0.186  0.000  0.188
   0.62412     -1.612794  0.000  0.183  0.000  0.185
   0.63743     -1.620968  0.000  0.182  0.000  0.184
   0.65073     -1.628362  0.000  0.178  0.000  0.180
   0.66404     -1.634889  0.000  0.176  0.000  0.179
   0.67734     -1.640470  0.000  0.172  0.000  0.174
   0.69065     -1.644845  0.000  0.166  0.000  0.168
   0.69065     -1.644845  0.000  0.166  0.000  0.168
   0.71726     -1.634131  0.000  0.164  0.000  0.164
   0.74387     -1.615646  0.000  0.132  0.000  0.134
   0.77048     -1.592151  0.000  0.108  0.000  0.108
   0.79709     -1.575799  0.000  0.156  0.000  0.157
   0.82370     -1.579912  0.000  0.126  0.000  0.128
   0.85031     -1.572378  0.000  0.100  0.000  0.100
   0.87692     -1.559444  0.000  0.092  0.000  0.092
   0.90353     -1.549743  0.000  0.078  0.000  0.078
   0.93014     -1.544438  0.000  0.054  0.000  0.054
   0.95675     -1.534931  0.000  0.043  0.000  0.043
   0.98336     -1.523695  0.000  0.036  0.000  0.036
   1.00997     -1.512010  0.000  0.032  0.000  0.032
   1.03658     -1.500744  0.000  0.030  0.000  0.030
   1.06319     -1.490729  0.000  0.032  0.000  0.032
   1.08980     -1.482615  0.000  0.032  0.000  0.032
   1.11641     -1.476548  0.000  0.034  0.000  0.034
   1.14302     -1.470852  0.000  0.038  0.000  0.038
   1.16963     -1.458362  0.000  0.032  0.000  0.036
   1.19624     -1.449384  0.000  0.014  0.000  0.014
 
# Band-Index:   78
   1.19624     -1.427416  0.000  0.098  0.000  0.099
   1.16963     -1.427673  0.000  0.098  0.000  0.098
   1.14302     -1.429156  0.000  0.034  0.000  0.034
   1.11641     -1.437066  0.000  0.036  0.000  0.036
   1.08980     -1.446239  0.000  0.041  0.000  0.042
   1.06319     -1.455437  0.000  0.046  0.000  0.046
   1.03658     -1.463870  0.000  0.048  0.000  0.048
   1.00997     -1.471442  0.000  0.044  0.000  0.044
   0.98336     -1.481965  0.000  0.093  0.000  0.095
   0.95675     -1.501519  0.000  0.104  0.000  0.104
   0.93014     -1.522718  0.000  0.110  0.000  0.110
   0.90353     -1.543062  0.000  0.102  0.000  0.102
   0.87692     -1.547257  0.000  0.106  0.000  0.108
   0.85031     -1.538972  0.000  0.104  0.000  0.104
   0.82370     -1.546407  0.000  0.072  0.000  0.073
   0.79709     -1.567714  0.000  0.090  0.000  0.090
   0.77048     -1.559470  0.000  0.160  0.000  0.162
   0.74387     -1.537563  0.000  0.148  0.000  0.150
   0.71726     -1.520396  0.000  0.044  0.000  0.045
   0.69065     -1.521984  0.000  0.042  0.000  0.042
   0.69065     -1.521984  0.000  0.042  0.000  0.042
   0.67734     -1.521586  0.000  0.044  0.000  0.044
   0.66404     -1.520427  0.000  0.046  0.000  0.047
   0.65073     -1.526252  0.000  0.135  0.000  0.137
   0.63743     -1.537427  0.000  0.139  0.000  0.141
   0.62412     -1.549425  0.000  0.143  0.000  0.146
   0.61082     -1.561719  0.000  0.145  0.000  0.146
   0.59751     -1.573829  0.000  0.147  0.000  0.148
   0.58421     -1.584529  0.000  0.162  0.000  0.164
   0.57090     -1.574236  0.000  0.196  0.000  0.198
   0.55760     -1.563529  0.000  0.200  0.000  0.202
   0.54429     -1.552519  0.000  0.208  0.000  0.210
   0.53099     -1.541319  0.000  0.216  0.000  0.218
   0.51768     -1.530168  0.000  0.226  0.000  0.226
   0.50438     -1.519517  0.000  0.234  0.000  0.234
   0.49107     -1.510154  0.000  0.237  0.000  0.238
   0.47777     -1.515262  0.000  0.131  0.000  0.133
   0.46446     -1.521748  0.000  0.144  0.000  0.148
   0.45116     -1.518502  0.000  0.206  0.000  0.209
   0.43785     -1.509882  0.000  0.212  0.000  0.212
   0.43785     -1.509882  0.000  0.212  0.000  0.212
   0.41481     -1.507135  0.000  0.238  0.000  0.238
   0.39176     -1.502897  0.000  0.216  0.000  0.218
   0.36872     -1.499567  0.000  0.174  0.000  0.176
   0.34567     -1.501910  0.000  0.142  0.000  0.144
   0.32263     -1.505716  0.000  0.136  0.000  0.136
   0.29958     -1.507464  0.000  0.126  0.000  0.126
   0.27654     -1.506890  0.000  0.112  0.000  0.112
   0.25349     -1.504644  0.000  0.098  0.000  0.100
   0.23045     -1.501317  0.000  0.086  0.000  0.086
   0.20740     -1.497142  0.000  0.074  0.000  0.074
   0.18436     -1.491663  0.000  0.068  0.000  0.068
   0.16131     -1.482954  0.000  0.056  0.000  0.056
   0.13827     -1.470806  0.000  0.050  0.000  0.050
   0.11522     -1.458056  0.000  0.046  0.000  0.046
   0.09218     -1.446388  0.000  0.046  0.000  0.046
   0.06913     -1.436670  0.000  0.048  0.000  0.048
   0.04609     -1.429871  0.000  0.070  0.000  0.070
   0.02304     -1.427659  0.000  0.098  0.000  0.100
   0.00000     -1.427416  0.000  0.098  0.000  0.099
 
# Band-Index:   79
   0.00000     -1.427405  0.000  0.100  0.000  0.100
   0.02304     -1.423192  0.000  0.030  0.000  0.030
   0.04609     -1.425713  0.000  0.058  0.000  0.058
   0.06913     -1.426456  0.000  0.080  0.000  0.080
   0.09218     -1.426717  0.000  0.078  0.000  0.078
   0.11522     -1.426991  0.000  0.077  0.000  0.077
   0.13827     -1.427380  0.000  0.076  0.000  0.076
   0.16131     -1.430655  0.000  0.100  0.000  0.102
   0.18436     -1.447980  0.000  0.094  0.000  0.096
   0.20740     -1.465741  0.000  0.092  0.000  0.094
   0.23045     -1.483200  0.000  0.090  0.000  0.092
   0.25349     -1.498199  0.000  0.092  0.000  0.094
   0.27654     -1.505486  0.000  0.116  0.000  0.116
   0.29958     -1.500153  0.000  0.154  0.000  0.154
   0.32263     -1.484992  0.000  0.196  0.000  0.196
   0.34567     -1.470684  0.000  0.188  0.000  0.188
   0.36872     -1.476115  0.000  0.174  0.000  0.174
   0.39176     -1.480008  0.000  0.216  0.000  0.218
   0.41481     -1.498459  0.000  0.208  0.000  0.210
   0.43785     -1.508782  0.000  0.243  0.000  0.243
   0.43785     -1.508782  0.000  0.243  0.000  0.243
   0.45116     -1.502715  0.000  0.242  0.000  0.244
   0.46446     -1.500423  0.000  0.254  0.000  0.254
   0.47777     -1.503228  0.000  0.250  0.000  0.250
   0.49107     -1.509621  0.000  0.124  0.000  0.127
   0.50438     -1.505244  0.000  0.106  0.000  0.107
   0.51768     -1.502169  0.000  0.094  0.000  0.094
   0.53099     -1.500417  0.000  0.086  0.000  0.086
   0.54429     -1.499908  0.000  0.078  0.000  0.078
   0.55760     -1.500527  0.000  0.070  0.000  0.070
   0.57090     -1.502118  0.000  0.062  0.000  0.062
   0.58421     -1.504460  0.000  0.058  0.000  0.058
   0.59751     -1.507289  0.000  0.056  0.000  0.056
   0.61082     -1.510337  0.000  0.054  0.000  0.054
   0.62412     -1.513371  0.000  0.052  0.000  0.052
   0.63743     -1.516180  0.000  0.050  0.000  0.050
   0.65073     -1.518581  0.000  0.048  0.000  0.048
   0.66404     -1.516653  0.000  0.130  0.001  0.132
   0.67734     -1.509819  0.000  0.124  0.002  0.126
   0.69065     -1.507256  0.000  0.121  0.002  0.126
   0.69065     -1.507256  0.000  0.121  0.002  0.126
   0.71726     -1.516851  0.000  0.133  0.001  0.135
   0.74387     -1.515931  0.000  0.050  0.000  0.050
   0.77048     -1.509723  0.000  0.064  0.000  0.064
   0.79709     -1.505585  0.000  0.086  0.000  0.088
   0.82370     -1.512693  0.000  0.124  0.000  0.124
   0.85031     -1.518074  0.000  0.078  0.000  0.080
   0.87692     -1.508901  0.000  0.042  0.000  0.044
   0.90353     -1.499893  0.000  0.035  0.000  0.038
   0.93014     -1.492232  0.000  0.036  0.000  0.038
   0.95675     -1.485247  0.000  0.040  0.000  0.040
   0.98336     -1.478438  0.000  0.043  0.000  0.043
   1.00997     -1.464771  0.000  0.086  0.000  0.088
   1.03658     -1.450605  0.000  0.078  0.000  0.080
   1.06319     -1.440419  0.000  0.076  0.000  0.076
   1.08980     -1.434111  0.000  0.080  0.000  0.080
   1.11641     -1.430514  0.000  0.089  0.000  0.089
   1.14302     -1.428580  0.000  0.092  0.000  0.094
   1.16963     -1.423769  0.000  0.028  0.000  0.029
   1.19624     -1.427405  0.000  0.100  0.000  0.100
 
# Band-Index:   80
   1.19624     -1.421823  0.000  0.030  0.000  0.030
   1.16963     -1.417762  0.000  0.084  0.000  0.086
   1.14302     -1.401347  0.000  0.084  0.000  0.086
   1.11641     -1.383929  0.000  0.095  0.000  0.095
   1.08980     -1.389004  0.000  0.127  0.000  0.127
   1.06319     -1.404034  0.000  0.110  0.000  0.110
   1.03658     -1.416647  0.000  0.092  0.000  0.092
   1.00997     -1.426295  0.000  0.078  0.000  0.078
   0.98336     -1.433294  0.000  0.074  0.000  0.074
   0.95675     -1.436966  0.000  0.078  0.000  0.078
   0.93014     -1.435439  0.000  0.098  0.000  0.100
   0.90353     -1.427126  0.000  0.128  0.000  0.128
   0.87692     -1.428853  0.000  0.139  0.000  0.143
   0.85031     -1.451209  0.000  0.148  0.000  0.148
   0.82370     -1.467039  0.000  0.148  0.000  0.148
   0.79709     -1.467341  0.000  0.174  0.000  0.176
   0.77048     -1.451299  0.000  0.190  0.000  0.190
   0.74387     -1.434547  0.000  0.189  0.000  0.189
   0.71726     -1.427354  0.000  0.183  0.000  0.185
   0.69065     -1.428021  0.000  0.190  0.000  0.190
   0.69065     -1.428021  0.000  0.190  0.000  0.190
   0.67734     -1.430167  0.000  0.192  0.000  0.194
   0.66404     -1.434109  0.000  0.195  0.000  0.197
   0.65073     -1.439557  0.000  0.194  0.000  0.197
   0.63743     -1.446091  0.000  0.194  0.000  0.196
   0.62412     -1.453103  0.000  0.192  0.000  0.192
   0.61082     -1.459949  0.000  0.185  0.000  0.186
   0.59751     -1.466012  0.000  0.174  0.000  0.176
   0.58421     -1.470715  0.000  0.163  0.000  0.165
   0.57090     -1.473582  0.000  0.152  0.000  0.154
   0.55760     -1.474357  0.000  0.136  0.000  0.136
   0.54429     -1.473139  0.000  0.124  0.000  0.124
   0.53099     -1.470333  0.000  0.114  0.000  0.114
   0.51768     -1.466501  0.000  0.106  0.000  0.106
   0.50438     -1.462197  0.000  0.102  0.000  0.102
   0.49107     -1.457914  0.000  0.100  0.000  0.100
   0.47777     -1.454084  0.000  0.098  0.000  0.100
   0.46446     -1.451064  0.000  0.097  0.000  0.100
   0.45116     -1.449569  0.000  0.104  0.000  0.104
   0.43785     -1.450184  0.000  0.105  0.000  0.105
   0.43785     -1.450184  0.000  0.105  0.000  0.105
   0.41481     -1.460469  0.000  0.124  0.000  0.124
   0.39176     -1.470991  0.000  0.144  0.000  0.144
   0.36872     -1.464315  0.000  0.240  0.000  0.240
   0.34567     -1.467203  0.000  0.240  0.000  0.240
   0.32263     -1.459179  0.000  0.174  0.000  0.174
   0.29958     -1.446750  0.000  0.144  0.000  0.146
   0.27654     -1.437740  0.000  0.098  0.000  0.101
   0.25349     -1.433468  0.000  0.076  0.000  0.078
   0.23045     -1.431260  0.000  0.066  0.000  0.066
   0.20740     -1.429803  0.000  0.066  0.000  0.066
   0.18436     -1.428737  0.000  0.068  0.000  0.068
   0.16131     -1.427947  0.000  0.070  0.000  0.070
   0.13827     -1.414009  0.000  0.108  0.000  0.108
   0.11522     -1.398255  0.000  0.116  0.000  0.116
   0.09218     -1.385118  0.000  0.117  0.000  0.119
   0.06913     -1.391444  0.000  0.088  0.000  0.090
   0.04609     -1.406062  0.000  0.082  0.000  0.084
   0.02304     -1.419769  0.000  0.086  0.000  0.086
   0.00000     -1.421823  0.000  0.030  0.000  0.030
 
# Band-Index:   81
   0.00000     -1.345459  0.000  0.194  0.000  0.194
   0.02304     -1.348298  0.000  0.188  0.000  0.188
   0.04609     -1.356093  0.000  0.172  0.000  0.172
   0.06913     -1.367005  0.000  0.156  0.000  0.156
   0.09218     -1.371507  0.000  0.127  0.000  0.127
   0.11522     -1.358371  0.000  0.138  0.000  0.138
   0.13827     -1.345204  0.000  0.171  0.000  0.171
   0.16131     -1.351107  0.000  0.110  0.000  0.110
   0.18436     -1.361869  0.000  0.102  0.000  0.102
   0.20740     -1.375086  0.000  0.100  0.000  0.100
   0.23045     -1.389632  0.000  0.102  0.000  0.102
   0.25349     -1.404433  0.000  0.104  0.000  0.104
   0.27654     -1.417579  0.000  0.092  0.000  0.092
   0.29958     -1.425765  0.000  0.066  0.000  0.066
   0.32263     -1.429511  0.000  0.054  0.000  0.055
   0.34567     -1.431715  0.000  0.052  0.000  0.052
   0.36872     -1.433653  0.000  0.056  0.000  0.056
   0.39176     -1.436205  0.000  0.062  0.000  0.062
   0.41481     -1.440854  0.000  0.079  0.000  0.079
   0.43785     -1.448457  0.000  0.097  0.000  0.099
   0.43785     -1.448457  0.000  0.097  0.000  0.099
   0.45116     -1.449116  0.000  0.097  0.000  0.097
   0.46446     -1.446942  0.000  0.105  0.000  0.105
   0.47777     -1.441460  0.000  0.112  0.000  0.112
   0.49107     -1.433612  0.000  0.122  0.000  0.122
   0.50438     -1.424452  0.000  0.130  0.000  0.132
   0.51768     -1.414762  0.000  0.137  0.000  0.139
   0.53099     -1.407721  0.000  0.166  0.000  0.168
   0.54429     -1.407459  0.000  0.168  0.000  0.170
   0.55760     -1.407055  0.000  0.169  0.000  0.171
   0.57090     -1.406552  0.000  0.168  0.000  0.170
   0.58421     -1.405995  0.000  0.166  0.000  0.168
   0.59751     -1.405410  0.000  0.162  0.000  0.164
   0.61082     -1.404787  0.000  0.159  0.000  0.160
   0.62412     -1.404074  0.000  0.156  0.000  0.156
   0.63743     -1.403171  0.000  0.151  0.000  0.152
   0.65073     -1.405742  0.000  0.158  0.000  0.160
   0.66404     -1.415907  0.000  0.169  0.000  0.171
   0.67734     -1.423780  0.000  0.181  0.000  0.183
   0.69065     -1.427560  0.000  0.187  0.000  0.187
   0.69065     -1.427560  0.000  0.187  0.000  0.187
   0.71726     -1.421998  0.000  0.186  0.000  0.186
   0.74387     -1.410753  0.000  0.131  0.000  0.133
   0.77048     -1.413673  0.000  0.125  0.000  0.126
   0.79709     -1.412173  0.000  0.119  0.000  0.119
   0.82370     -1.407655  0.000  0.112  0.000  0.112
   0.85031     -1.400048  0.000  0.110  0.000  0.110
   0.87692     -1.412519  0.000  0.163  0.000  0.163
   0.90353     -1.406155  0.000  0.120  0.000  0.121
   0.93014     -1.387845  0.000  0.101  0.000  0.101
   0.95675     -1.374036  0.000  0.097  0.000  0.097
   0.98336     -1.363639  0.000  0.104  0.000  0.104
   1.00997     -1.356640  0.000  0.118  0.000  0.118
   1.03658     -1.353624  0.000  0.129  0.000  0.131
   1.06319     -1.356554  0.000  0.131  0.000  0.131
   1.08980     -1.367720  0.000  0.114  0.000  0.114
   1.11641     -1.373377  0.000  0.147  0.000  0.147
   1.14302     -1.359323  0.000  0.167  0.000  0.167
   1.16963     -1.349216  0.000  0.187  0.000  0.187
   1.19624     -1.345459  0.000  0.194  0.000  0.194
 
# Band-Index:   82
   1.19624     -1.345452  0.000  0.193  0.000  0.193
   1.16963     -1.344928  0.000  0.193  0.000  0.193
   1.14302     -1.343532  0.000  0.187  0.000  0.187
   1.11641     -1.341635  0.000  0.182  0.000  0.183
   1.08980     -1.339176  0.000  0.179  0.000  0.181
   1.06319     -1.334735  0.000  0.193  0.000  0.193
   1.03658     -1.327861  0.000  0.219  0.000  0.220
   1.00997     -1.322679  0.000  0.205  0.000  0.205
   0.98336     -1.325839  0.000  0.199  0.000  0.199
   0.95675     -1.329309  0.000  0.146  0.000  0.146
   0.93014     -1.349822  0.000  0.132  0.000  0.134
   0.90353     -1.372068  0.000  0.128  0.000  0.130
   0.87692     -1.388689  0.000  0.113  0.000  0.113
   0.85031     -1.394728  0.000  0.194  0.000  0.197
   0.82370     -1.378477  0.000  0.193  0.000  0.194
   0.79709     -1.374320  0.000  0.142  0.000  0.142
   0.77048     -1.387970  0.000  0.159  0.000  0.160
   0.74387     -1.405791  0.000  0.174  0.000  0.174
   0.71726     -1.402374  0.000  0.144  0.000  0.144
   0.69065     -1.398143  0.000  0.146  0.000  0.148
   0.69065     -1.398143  0.000  0.146  0.000  0.148
   0.67734     -1.398891  0.000  0.145  0.000  0.147
   0.66404     -1.400430  0.000  0.146  0.000  0.147
   0.65073     -1.401957  0.000  0.148  0.000  0.151
   0.63743     -1.394546  0.000  0.147  0.000  0.150
   0.62412     -1.383301  0.000  0.134  0.000  0.136
   0.61082     -1.373242  0.000  0.112  0.000  0.116
   0.59751     -1.367896  0.000  0.098  0.000  0.100
   0.58421     -1.370895  0.000  0.122  0.000  0.124
   0.57090     -1.377916  0.000  0.140  0.000  0.140
   0.55760     -1.386319  0.000  0.144  0.000  0.144
   0.54429     -1.395437  0.000  0.145  0.000  0.146
   0.53099     -1.404982  0.000  0.144  0.000  0.144
   0.51768     -1.407784  0.000  0.163  0.000  0.168
   0.50438     -1.407686  0.000  0.160  0.000  0.162
   0.49107     -1.407448  0.000  0.154  0.000  0.154
   0.47777     -1.407140  0.000  0.152  0.000  0.152
   0.46446     -1.406845  0.000  0.146  0.000  0.146
   0.45116     -1.406636  0.000  0.146  0.000  0.146
   0.43785     -1.406559  0.000  0.146  0.000  0.146
   0.43785     -1.406559  0.000  0.146  0.000  0.146
   0.41481     -1.402020  0.000  0.150  0.000  0.150
   0.39176     -1.395665  0.000  0.264  0.000  0.264
   0.36872     -1.415260  0.000  0.205  0.000  0.206
   0.34567     -1.415384  0.000  0.162  0.000  0.162
   0.32263     -1.396675  0.000  0.164  0.000  0.165
   0.29958     -1.373827  0.000  0.164  0.000  0.167
   0.27654     -1.351665  0.000  0.157  0.000  0.159
   0.25349     -1.335002  0.000  0.168  0.000  0.168
   0.23045     -1.327464  0.000  0.208  0.000  0.208
   0.20740     -1.326160  0.000  0.230  0.000  0.230
   0.18436     -1.328711  0.000  0.230  0.000  0.230
   0.16131     -1.334999  0.000  0.206  0.000  0.206
   0.13827     -1.344166  0.000  0.128  0.000  0.130
   0.11522     -1.341447  0.000  0.154  0.000  0.156
   0.09218     -1.341465  0.000  0.171  0.000  0.171
   0.06913     -1.342616  0.000  0.182  0.000  0.182
   0.04609     -1.343991  0.000  0.188  0.000  0.188
   0.02304     -1.345055  0.000  0.193  0.000  0.193
   0.00000     -1.345452  0.000  0.193  0.000  0.193
 
# Band-Index:   83
   0.00000     -1.280602  0.000  0.320  0.000  0.320
   0.02304     -1.282103  0.000  0.310  0.000  0.310
   0.04609     -1.286172  0.000  0.284  0.000  0.286
   0.06913     -1.291961  0.000  0.258  0.000  0.260
   0.09218     -1.298641  0.000  0.238  0.000  0.238
   0.11522     -1.305151  0.000  0.233  0.000  0.233
   0.13827     -1.309768  0.000  0.238  0.000  0.238
   0.16131     -1.310863  0.000  0.239  0.000  0.241
   0.18436     -1.308665  0.000  0.231  0.000  0.233
   0.20740     -1.304334  0.000  0.221  0.000  0.222
   0.23045     -1.298740  0.000  0.205  0.000  0.205
   0.25349     -1.301274  0.000  0.373  0.000  0.375
   0.27654     -1.308502  0.000  0.352  0.000  0.353
   0.29958     -1.318418  0.000  0.132  0.000  0.132
   0.32263     -1.336944  0.000  0.138  0.000  0.140
   0.34567     -1.355646  0.000  0.146  0.000  0.146
   0.36872     -1.373738  0.000  0.150  0.000  0.152
   0.39176     -1.389977  0.000  0.153  0.000  0.154
   0.41481     -1.374592  0.000  0.297  0.000  0.299
   0.43785     -1.359487  0.000  0.307  0.001  0.310
   0.43785     -1.359487  0.000  0.307  0.001  0.310
   0.45116     -1.359197  0.000  0.308  0.001  0.310
   0.46446     -1.358366  0.000  0.308  0.001  0.310
   0.47777     -1.357080  0.000  0.308  0.001  0.310
   0.49107     -1.355439  0.000  0.305  0.001  0.308
   0.50438     -1.353547  0.000  0.305  0.001  0.307
   0.51768     -1.351486  0.000  0.305  0.001  0.306
   0.53099     -1.349321  0.000  0.305  0.001  0.306
   0.54429     -1.347090  0.000  0.303  0.001  0.304
   0.55760     -1.344824  0.000  0.303  0.001  0.303
   0.57090     -1.342550  0.000  0.301  0.001  0.301
   0.58421     -1.343501  0.000  0.234  0.000  0.235
   0.59751     -1.348875  0.000  0.252  0.000  0.255
   0.61082     -1.347543  0.000  0.243  0.000  0.244
   0.62412     -1.342716  0.000  0.230  0.000  0.231
   0.63743     -1.337637  0.000  0.230  0.000  0.232
   0.65073     -1.333239  0.000  0.236  0.000  0.239
   0.66404     -1.329981  0.000  0.249  0.001  0.250
   0.67734     -1.328220  0.000  0.266  0.001  0.267
   0.69065     -1.327805  0.000  0.269  0.001  0.270
   0.69065     -1.327805  0.000  0.269  0.001  0.270
   0.71726     -1.329918  0.000  0.284  0.001  0.285
   0.74387     -1.336011  0.000  0.295  0.001  0.297
   0.77048     -1.344665  0.000  0.305  0.001  0.306
   0.79709     -1.353415  0.000  0.312  0.000  0.314
   0.82370     -1.350185  0.000  0.245  0.000  0.245
   0.85031     -1.340710  0.000  0.209  0.000  0.211
   0.87692     -1.333321  0.000  0.194  0.000  0.196
   0.90353     -1.329060  0.000  0.182  0.000  0.185
   0.93014     -1.327632  0.000  0.181  0.000  0.181
   0.95675     -1.327201  0.000  0.191  0.000  0.191
   0.98336     -1.321430  0.000  0.203  0.000  0.203
   1.00997     -1.322536  0.000  0.232  0.000  0.232
   1.03658     -1.317568  0.000  0.210  0.000  0.210
   1.06319     -1.310804  0.000  0.216  0.000  0.218
   1.08980     -1.303006  0.000  0.232  0.000  0.232
   1.11641     -1.295023  0.000  0.247  0.000  0.248
   1.14302     -1.287830  0.000  0.276  0.000  0.277
   1.16963     -1.282587  0.000  0.305  0.000  0.306
   1.19624     -1.280602  0.000  0.320  0.000  0.320
 
# Band-Index:   84
   1.19624     -1.280598  0.000  0.320  0.000  0.321
   1.16963     -1.281478  0.000  0.321  0.000  0.321
   1.14302     -1.283632  0.000  0.313  0.000  0.315
   1.11641     -1.285817  0.000  0.299  0.000  0.299
   1.08980     -1.286394  0.000  0.274  0.000  0.276
   1.06319     -1.283634  0.000  0.240  0.000  0.240
   1.03658     -1.276388  0.000  0.197  0.000  0.198
   1.00997     -1.266635  0.000  0.175  0.000  0.175
   0.98336     -1.275815  0.000  0.403  0.000  0.404
   0.95675     -1.290721  0.000  0.338  0.000  0.339
   0.93014     -1.298626  0.000  0.343  0.000  0.345
   0.90353     -1.300740  0.000  0.321  0.000  0.322
   0.87692     -1.301954  0.000  0.304  0.000  0.306
   0.85031     -1.303545  0.000  0.291  0.000  0.291
   0.82370     -1.305916  0.000  0.283  0.000  0.284
   0.79709     -1.309294  0.000  0.275  0.000  0.276
   0.77048     -1.313986  0.000  0.268  0.000  0.270
   0.74387     -1.320117  0.000  0.259  0.000  0.260
   0.71726     -1.325689  0.000  0.257  0.000  0.258
   0.69065     -1.326885  0.000  0.269  0.001  0.270
   0.69065     -1.326885  0.000  0.269  0.001  0.270
   0.67734     -1.327266  0.000  0.272  0.001  0.275
   0.66404     -1.328262  0.000  0.283  0.001  0.284
   0.65073     -1.329709  0.000  0.288  0.001  0.288
   0.63743     -1.331513  0.000  0.292  0.002  0.292
   0.62412     -1.333546  0.000  0.293  0.002  0.295
   0.61082     -1.335713  0.000  0.297  0.002  0.297
   0.59751     -1.337951  0.000  0.299  0.002  0.299
   0.58421     -1.340202  0.000  0.298  0.001  0.300
   0.57090     -1.336435  0.000  0.240  0.000  0.241
   0.55760     -1.331863  0.000  0.271  0.000  0.271
   0.54429     -1.330889  0.000  0.294  0.001  0.296
   0.53099     -1.332320  0.000  0.308  0.001  0.310
   0.51768     -1.335028  0.000  0.311  0.001  0.314
   0.50438     -1.338525  0.000  0.315  0.001  0.317
   0.49107     -1.342536  0.000  0.316  0.001  0.319
   0.47777     -1.346730  0.000  0.318  0.001  0.322
   0.46446     -1.350584  0.000  0.321  0.001  0.323
   0.45116     -1.353378  0.000  0.322  0.001  0.324
   0.43785     -1.354410  0.000  0.324  0.001  0.325
   0.43785     -1.354410  0.000  0.324  0.001  0.325
   0.41481     -1.343512  0.000  0.323  0.002  0.325
   0.39176     -1.333725  0.000  0.324  0.002  0.326
   0.36872     -1.326278  0.000  0.325  0.001  0.327
   0.34567     -1.320587  0.000  0.324  0.000  0.326
   0.32263     -1.316257  0.000  0.327  0.000  0.329
   0.29958     -1.312742  0.000  0.333  0.000  0.336
   0.27654     -1.300671  0.000  0.125  0.000  0.125
   0.25349     -1.292488  0.000  0.184  0.000  0.184
   0.23045     -1.292332  0.000  0.399  0.000  0.402
   0.20740     -1.282527  0.000  0.409  0.000  0.411
   0.18436     -1.271698  0.000  0.380  0.000  0.381
   0.16131     -1.277814  0.000  0.214  0.000  0.217
   0.13827     -1.284087  0.000  0.246  0.000  0.247
   0.11522     -1.286738  0.000  0.273  0.000  0.273
   0.09218     -1.286727  0.000  0.294  0.000  0.295
   0.06913     -1.285144  0.000  0.308  0.000  0.308
   0.04609     -1.283014  0.000  0.314  0.000  0.318
   0.02304     -1.281267  0.000  0.318  0.000  0.318
   0.00000     -1.280598  0.000  0.320  0.000  0.321
 
# Band-Index:   85
   0.00000     -1.248563  0.000  0.072  0.000  0.072
   0.02304     -1.247765  0.000  0.086  0.000  0.086
   0.04609     -1.245746  0.000  0.112  0.000  0.114
   0.06913     -1.243168  0.000  0.144  0.000  0.144
   0.09218     -1.240481  0.000  0.172  0.000  0.172
   0.11522     -1.238173  0.000  0.374  0.000  0.375
   0.13827     -1.247915  0.000  0.391  0.000  0.392
   0.16131     -1.259472  0.000  0.407  0.000  0.407
   0.18436     -1.267413  0.000  0.234  0.000  0.235
   0.20740     -1.256563  0.000  0.134  0.000  0.134
   0.23045     -1.273924  0.000  0.310  0.000  0.312
   0.25349     -1.291241  0.000  0.374  0.000  0.376
   0.27654     -1.299490  0.000  0.396  0.000  0.397
   0.29958     -1.302855  0.000  0.387  0.000  0.387
   0.32263     -1.303046  0.000  0.367  0.000  0.371
   0.34567     -1.300188  0.000  0.350  0.000  0.352
   0.36872     -1.294632  0.000  0.338  0.000  0.340
   0.39176     -1.287159  0.000  0.330  0.000  0.330
   0.41481     -1.279855  0.000  0.332  0.000  0.332
   0.43785     -1.276602  0.000  0.336  0.000  0.336
   0.43785     -1.276602  0.000  0.336  0.000  0.336
   0.45116     -1.276626  0.000  0.320  0.000  0.322
   0.46446     -1.277105  0.000  0.276  0.000  0.276
   0.47777     -1.278814  0.000  0.222  0.000  0.224
   0.49107     -1.282055  0.000  0.180  0.000  0.184
   0.50438     -1.286659  0.000  0.160  0.000  0.160
   0.51768     -1.292336  0.000  0.150  0.000  0.150
   0.53099     -1.298731  0.000  0.150  0.000  0.150
   0.54429     -1.305193  0.000  0.158  0.000  0.158
   0.55760     -1.310382  0.000  0.184  0.000  0.186
   0.57090     -1.312790  0.000  0.222  0.000  0.222
   0.58421     -1.312858  0.000  0.246  0.000  0.246
   0.59751     -1.311914  0.000  0.253  0.000  0.253
   0.61082     -1.310642  0.000  0.253  0.000  0.254
   0.62412     -1.309282  0.000  0.246  0.000  0.246
   0.63743     -1.307871  0.000  0.240  0.000  0.240
   0.65073     -1.306314  0.000  0.228  0.000  0.228
   0.66404     -1.304431  0.000  0.212  0.000  0.214
   0.67734     -1.302048  0.000  0.196  0.000  0.198
   0.69065     -1.299181  0.000  0.183  0.000  0.185
   0.69065     -1.299181  0.000  0.183  0.000  0.185
   0.71726     -1.300188  0.000  0.198  0.000  0.200
   0.74387     -1.294090  0.000  0.197  0.000  0.198
   0.77048     -1.284259  0.000  0.189  0.000  0.190
   0.79709     -1.274125  0.000  0.190  0.000  0.190
   0.82370     -1.266805  0.000  0.207  0.000  0.209
   0.85031     -1.264748  0.000  0.308  0.000  0.308
   0.87692     -1.278448  0.000  0.343  0.000  0.345
   0.90353     -1.287325  0.000  0.370  0.000  0.372
   0.93014     -1.288619  0.000  0.390  0.000  0.391
   0.95675     -1.283996  0.000  0.402  0.000  0.402
   0.98336     -1.270336  0.000  0.229  0.000  0.232
   1.00997     -1.265456  0.000  0.397  0.000  0.397
   1.03658     -1.254412  0.000  0.391  0.000  0.391
   1.06319     -1.244300  0.000  0.352  0.000  0.352
   1.08980     -1.240115  0.000  0.213  0.000  0.213
   1.11641     -1.242135  0.000  0.160  0.000  0.160
   1.14302     -1.245014  0.000  0.123  0.000  0.123
   1.16963     -1.247518  0.000  0.088  0.000  0.088
   1.19624     -1.248563  0.000  0.072  0.000  0.072
 
# Band-Index:   86
   1.19624     -1.244756  0.000  0.285  0.000  0.285
   1.16963     -1.242673  0.000  0.295  0.000  0.295
   1.14302     -1.237631  0.000  0.313  0.000  0.313
   1.11641     -1.232956  0.000  0.334  0.000  0.334
   1.08980     -1.233295  0.000  0.340  0.000  0.340
   1.06319     -1.234298  0.000  0.247  0.000  0.247
   1.03658     -1.234613  0.000  0.260  0.000  0.260
   1.00997     -1.243685  0.000  0.283  0.000  0.284
   0.98336     -1.259528  0.000  0.296  0.000  0.296
   0.95675     -1.261485  0.000  0.274  0.000  0.277
   0.93014     -1.262679  0.000  0.276  0.000  0.278
   0.90353     -1.262784  0.000  0.271  0.000  0.273
   0.87692     -1.262544  0.000  0.256  0.000  0.256
   0.85031     -1.263309  0.000  0.234  0.000  0.235
   0.82370     -1.261681  0.000  0.195  0.000  0.197
   0.79709     -1.268498  0.000  0.160  0.000  0.160
   0.77048     -1.276533  0.000  0.154  0.000  0.157
   0.74387     -1.284459  0.000  0.158  0.000  0.160
   0.71726     -1.292120  0.000  0.170  0.000  0.170
   0.69065     -1.299056  0.000  0.186  0.000  0.186
   0.69065     -1.299056  0.000  0.186  0.000  0.186
   0.67734     -1.294428  0.000  0.175  0.000  0.175
   0.66404     -1.286989  0.000  0.168  0.000  0.168
   0.65073     -1.277619  0.000  0.160  0.000  0.162
   0.63743     -1.267158  0.000  0.158  0.000  0.162
   0.62412     -1.256228  0.000  0.158  0.000  0.162
   0.61082     -1.245288  0.000  0.158  0.000  0.162
   0.59751     -1.234709  0.000  0.165  0.000  0.169
   0.58421     -1.224822  0.000  0.181  0.000  0.181
   0.57090     -1.215932  0.000  0.205  0.000  0.207
   0.55760     -1.215115  0.000  0.360  0.000  0.360
   0.54429     -1.222819  0.000  0.348  0.000  0.351
   0.53099     -1.230944  0.000  0.337  0.000  0.337
   0.51768     -1.239032  0.000  0.325  0.000  0.325
   0.50438     -1.246603  0.000  0.301  0.000  0.301
   0.49107     -1.253143  0.000  0.271  0.000  0.271
   0.47777     -1.258140  0.000  0.225  0.000  0.227
   0.46446     -1.261223  0.000  0.168  0.000  0.168
   0.45116     -1.262568  0.000  0.118  0.000  0.121
   0.43785     -1.262884  0.000  0.102  0.000  0.104
   0.43785     -1.262884  0.000  0.102  0.000  0.104
   0.41481     -1.263301  0.000  0.104  0.000  0.106
   0.39176     -1.264586  0.000  0.106  0.000  0.110
   0.36872     -1.266825  0.000  0.110  0.000  0.110
   0.34567     -1.270118  0.000  0.120  0.000  0.120
   0.32263     -1.274510  0.000  0.134  0.000  0.136
   0.29958     -1.279908  0.000  0.153  0.000  0.153
   0.27654     -1.286024  0.000  0.173  0.000  0.173
   0.25349     -1.284181  0.000  0.129  0.000  0.129
   0.23045     -1.269419  0.000  0.127  0.000  0.127
   0.20740     -1.255588  0.000  0.170  0.000  0.170
   0.18436     -1.245753  0.000  0.142  0.000  0.142
   0.16131     -1.237885  0.000  0.160  0.000  0.160
   0.13827     -1.236134  0.000  0.193  0.000  0.193
   0.11522     -1.237959  0.000  0.192  0.000  0.192
   0.09218     -1.233125  0.000  0.350  0.000  0.352
   0.06913     -1.234590  0.000  0.326  0.000  0.326
   0.04609     -1.239134  0.000  0.304  0.000  0.306
   0.02304     -1.243174  0.000  0.291  0.000  0.291
   0.00000     -1.244756  0.000  0.285  0.000  0.285
 
# Band-Index:   87
   0.00000     -1.190412  0.000  0.301  0.000  0.301
   0.02304     -1.191887  0.000  0.304  0.000  0.304
   0.04609     -1.195885  0.000  0.316  0.000  0.316
   0.06913     -1.201027  0.000  0.270  0.000  0.270
   0.09218     -1.207833  0.000  0.256  0.000  0.256
   0.11522     -1.215289  0.000  0.243  0.000  0.247
   0.13827     -1.222607  0.000  0.247  0.000  0.249
   0.16131     -1.226887  0.000  0.288  0.000  0.289
   0.18436     -1.225800  0.000  0.302  0.000  0.305
   0.20740     -1.249790  0.000  0.331  0.000  0.332
   0.23045     -1.241067  0.000  0.242  0.000  0.242
   0.25349     -1.227028  0.000  0.260  0.000  0.260
   0.27654     -1.213147  0.000  0.278  0.000  0.278
   0.29958     -1.204286  0.000  0.356  0.000  0.356
   0.32263     -1.197004  0.000  0.366  0.000  0.366
   0.34567     -1.188150  0.000  0.372  0.000  0.372
   0.36872     -1.177818  0.000  0.376  0.000  0.377
   0.39176     -1.166479  0.000  0.378  0.000  0.379
   0.41481     -1.155514  0.000  0.421  0.000  0.421
   0.43785     -1.160349  0.000  0.411  0.000  0.412
   0.43785     -1.160349  0.000  0.411  0.000  0.412
   0.45116     -1.162875  0.000  0.401  0.000  0.401
   0.46446     -1.168071  0.000  0.390  0.000  0.391
   0.47777     -1.173810  0.000  0.379  0.000  0.382
   0.49107     -1.179490  0.000  0.370  0.000  0.371
   0.50438     -1.184991  0.000  0.358  0.000  0.359
   0.51768     -1.190370  0.000  0.337  0.000  0.339
   0.53099     -1.195810  0.000  0.312  0.000  0.314
   0.54429     -1.201627  0.000  0.277  0.000  0.283
   0.55760     -1.208222  0.000  0.241  0.000  0.242
   0.57090     -1.208262  0.000  0.368  0.000  0.368
   0.58421     -1.202642  0.000  0.374  0.000  0.374
   0.59751     -1.198534  0.000  0.378  0.000  0.379
   0.61082     -1.195996  0.000  0.381  0.000  0.383
   0.62412     -1.194903  0.000  0.390  0.000  0.391
   0.63743     -1.194745  0.000  0.398  0.000  0.399
   0.65073     -1.194635  0.000  0.399  0.000  0.402
   0.66404     -1.194428  0.000  0.398  0.001  0.399
   0.67734     -1.194223  0.000  0.395  0.001  0.396
   0.69065     -1.194126  0.000  0.396  0.001  0.397
   0.69065     -1.194126  0.000  0.396  0.001  0.397
   0.71726     -1.194800  0.000  0.397  0.000  0.399
   0.74387     -1.196886  0.000  0.402  0.000  0.403
   0.77048     -1.199053  0.000  0.404  0.000  0.404
   0.79709     -1.201797  0.000  0.330  0.000  0.331
   0.82370     -1.225205  0.000  0.253  0.000  0.255
   0.85031     -1.238097  0.000  0.144  0.000  0.144
   0.87692     -1.234837  0.000  0.149  0.000  0.150
   0.90353     -1.230540  0.000  0.191  0.000  0.194
   0.93014     -1.228465  0.000  0.232  0.000  0.232
   0.95675     -1.228202  0.000  0.247  0.000  0.248
   0.98336     -1.235144  0.000  0.267  0.000  0.267
   1.00997     -1.234889  0.000  0.277  0.000  0.277
   1.03658     -1.232461  0.000  0.238  0.000  0.238
   1.06319     -1.224775  0.000  0.254  0.000  0.255
   1.08980     -1.214441  0.000  0.258  0.000  0.258
   1.11641     -1.204914  0.000  0.265  0.000  0.268
   1.14302     -1.197227  0.000  0.308  0.000  0.308
   1.16963     -1.192349  0.000  0.306  0.000  0.306
   1.19624     -1.190412  0.000  0.301  0.000  0.301
 
# Band-Index:   88
   1.19624     -1.190409  0.000  0.300  0.000  0.300
   1.16963     -1.192175  0.000  0.293  0.000  0.294
   1.14302     -1.197206  0.000  0.290  0.000  0.290
   1.11641     -1.201959  0.000  0.329  0.000  0.329
   1.08980     -1.201203  0.000  0.332  0.000  0.335
   1.06319     -1.193857  0.000  0.339  0.000  0.339
   1.03658     -1.208221  0.000  0.245  0.000  0.245
   1.00997     -1.230556  0.000  0.247  0.000  0.247
   0.98336     -1.229039  0.000  0.249  0.000  0.250
   0.95675     -1.221531  0.000  0.265  0.000  0.267
   0.93014     -1.205346  0.000  0.278  0.000  0.280
   0.90353     -1.190453  0.000  0.285  0.000  0.285
   0.87692     -1.193485  0.000  0.359  0.000  0.360
   0.85031     -1.197153  0.000  0.395  0.000  0.396
   0.82370     -1.198183  0.000  0.408  0.000  0.410
   0.79709     -1.199273  0.000  0.395  0.000  0.396
   0.77048     -1.196403  0.000  0.405  0.000  0.406
   0.74387     -1.194648  0.000  0.402  0.000  0.403
   0.71726     -1.193344  0.000  0.399  0.000  0.400
   0.69065     -1.192856  0.000  0.396  0.001  0.397
   0.69065     -1.192856  0.000  0.396  0.001  0.397
   0.67734     -1.192953  0.000  0.395  0.001  0.396
   0.66404     -1.193148  0.000  0.396  0.001  0.397
   0.65073     -1.193326  0.000  0.397  0.000  0.398
   0.63743     -1.193490  0.000  0.397  0.000  0.398
   0.62412     -1.193583  0.000  0.400  0.000  0.401
   0.61082     -1.192988  0.000  0.403  0.000  0.405
   0.59751     -1.191501  0.000  0.397  0.000  0.399
   0.58421     -1.189095  0.000  0.385  0.000  0.385
   0.57090     -1.185647  0.000  0.361  0.000  0.361
   0.55760     -1.181107  0.000  0.332  0.000  0.332
   0.54429     -1.175677  0.000  0.299  0.000  0.300
   0.53099     -1.169808  0.000  0.277  0.000  0.277
   0.51768     -1.164019  0.000  0.266  0.000  0.267
   0.50438     -1.158731  0.000  0.271  0.000  0.271
   0.49107     -1.154227  0.000  0.288  0.000  0.290
   0.47777     -1.150686  0.000  0.322  0.000  0.322
   0.46446     -1.148367  0.000  0.407  0.000  0.408
   0.45116     -1.147363  0.000  0.437  0.000  0.437
   0.43785     -1.147061  0.000  0.440  0.000  0.440
   0.43785     -1.147061  0.000  0.440  0.000  0.440
   0.41481     -1.155145  0.000  0.383  0.000  0.384
   0.39176     -1.154355  0.000  0.359  0.000  0.359
   0.36872     -1.163645  0.000  0.344  0.000  0.344
   0.34567     -1.174688  0.000  0.330  0.000  0.330
   0.32263     -1.186805  0.000  0.315  0.000  0.315
   0.29958     -1.199685  0.000  0.299  0.000  0.299
   0.27654     -1.210193  0.000  0.345  0.000  0.349
   0.25349     -1.215076  0.000  0.335  0.000  0.338
   0.23045     -1.219246  0.000  0.325  0.000  0.326
   0.20740     -1.222861  0.000  0.314  0.000  0.316
   0.18436     -1.225275  0.000  0.267  0.000  0.267
   0.16131     -1.200479  0.000  0.246  0.000  0.246
   0.13827     -1.193578  0.000  0.343  0.000  0.344
   0.11522     -1.200755  0.000  0.337  0.000  0.337
   0.09218     -1.203714  0.000  0.335  0.000  0.335
   0.06913     -1.200931  0.000  0.329  0.000  0.329
   0.04609     -1.195450  0.000  0.285  0.000  0.285
   0.02304     -1.191730  0.000  0.295  0.000  0.295
   0.00000     -1.190409  0.000  0.300  0.000  0.300
 
# Band-Index:   89
   0.00000     -1.136197  0.000  0.060  0.000  0.060
   0.02304     -1.136159  0.000  0.068  0.000  0.068
   0.04609     -1.136259  0.000  0.086  0.000  0.086
   0.06913     -1.137034  0.000  0.106  0.000  0.109
   0.09218     -1.139067  0.000  0.136  0.000  0.136
   0.11522     -1.155038  0.000  0.219  0.000  0.219
   0.13827     -1.176750  0.000  0.233  0.000  0.233
   0.16131     -1.184370  0.000  0.350  0.000  0.350
   0.18436     -1.174188  0.000  0.352  0.000  0.352
   0.20740     -1.165572  0.000  0.299  0.000  0.299
   0.23045     -1.169380  0.000  0.326  0.000  0.328
   0.25349     -1.171101  0.000  0.350  0.000  0.350
   0.27654     -1.170578  0.000  0.368  0.000  0.370
   0.29958     -1.167947  0.000  0.384  0.000  0.384
   0.32263     -1.163541  0.000  0.395  0.000  0.396
   0.34567     -1.157817  0.000  0.405  0.000  0.405
   0.36872     -1.151393  0.000  0.410  0.000  0.410
   0.39176     -1.145310  0.000  0.414  0.000  0.416
   0.41481     -1.146902  0.000  0.351  0.000  0.351
   0.43785     -1.144519  0.000  0.356  0.000  0.357
   0.43785     -1.144519  0.000  0.356  0.000  0.357
   0.45116     -1.146202  0.000  0.365  0.000  0.366
   0.46446     -1.147868  0.000  0.379  0.000  0.379
   0.47777     -1.149617  0.000  0.431  0.000  0.432
   0.49107     -1.151651  0.000  0.433  0.000  0.433
   0.50438     -1.154101  0.000  0.432  0.000  0.432
   0.51768     -1.156880  0.000  0.431  0.000  0.432
   0.53099     -1.159863  0.000  0.431  0.000  0.431
   0.54429     -1.162911  0.000  0.433  0.000  0.433
   0.55760     -1.165863  0.000  0.433  0.000  0.433
   0.57090     -1.168563  0.000  0.437  0.000  0.438
   0.58421     -1.170835  0.000  0.442  0.000  0.446
   0.59751     -1.172553  0.000  0.450  0.000  0.451
   0.61082     -1.173689  0.000  0.458  0.000  0.458
   0.62412     -1.174387  0.000  0.464  0.000  0.466
   0.63743     -1.174875  0.000  0.469  0.000  0.469
   0.65073     -1.175319  0.000  0.474  0.000  0.474
   0.66404     -1.175752  0.000  0.476  0.000  0.477
   0.67734     -1.176102  0.000  0.477  0.000  0.479
   0.69065     -1.176245  0.000  0.477  0.000  0.479
   0.69065     -1.176245  0.000  0.477  0.000  0.479
   0.71726     -1.175618  0.000  0.474  0.000  0.475
   0.74387     -1.175081  0.000  0.458  0.000  0.458
   0.77048     -1.180851  0.000  0.410  0.000  0.411
   0.79709     -1.196071  0.000  0.417  0.000  0.420
   0.82370     -1.196227  0.000  0.377  0.000  0.379
   0.85031     -1.190556  0.000  0.339  0.000  0.340
   0.87692     -1.185155  0.000  0.297  0.000  0.299
   0.90353     -1.186251  0.000  0.309  0.000  0.309
   0.93014     -1.176190  0.000  0.267  0.000  0.267
   0.95675     -1.165625  0.000  0.251  0.000  0.251
   0.98336     -1.161919  0.000  0.309  0.000  0.309
   1.00997     -1.171613  0.000  0.344  0.000  0.344
   1.03658     -1.183344  0.000  0.346  0.000  0.346
   1.06319     -1.180375  0.000  0.219  0.000  0.219
   1.08980     -1.156266  0.000  0.189  0.000  0.189
   1.11641     -1.140764  0.000  0.136  0.000  0.136
   1.14302     -1.136607  0.000  0.094  0.000  0.094
   1.16963     -1.136158  0.000  0.070  0.000  0.070
   1.19624     -1.136197  0.000  0.060  0.000  0.060
 
# Band-Index:   90
   1.19624     -1.121067  0.000  0.426  0.000  0.426
   1.16963     -1.118991  0.000  0.425  0.000  0.425
   1.14302     -1.113900  0.000  0.349  0.000  0.349
   1.11641     -1.122791  0.000  0.183  0.000  0.183
   1.08980     -1.129051  0.000  0.168  0.000  0.168
   1.06319     -1.131840  0.000  0.181  0.000  0.181
   1.03658     -1.134820  0.000  0.201  0.000  0.201
   1.00997     -1.138835  0.000  0.218  0.000  0.218
   0.98336     -1.144074  0.000  0.239  0.000  0.239
   0.95675     -1.150359  0.000  0.257  0.000  0.261
   0.93014     -1.157506  0.000  0.283  0.000  0.283
   0.90353     -1.163717  0.000  0.318  0.000  0.318
   0.87692     -1.160738  0.000  0.353  0.000  0.353
   0.85031     -1.146950  0.000  0.362  0.000  0.362
   0.82370     -1.132514  0.000  0.380  0.000  0.380
   0.79709     -1.126171  0.000  0.413  0.000  0.413
   0.77048     -1.133123  0.000  0.434  0.000  0.436
   0.74387     -1.142212  0.000  0.444  0.000  0.446
   0.71726     -1.148652  0.000  0.452  0.000  0.455
   0.69065     -1.150879  0.000  0.456  0.000  0.458
   0.69065     -1.150879  0.000  0.456  0.000  0.458
   0.67734     -1.150375  0.000  0.455  0.000  0.457
   0.66404     -1.148992  0.000  0.452  0.000  0.454
   0.65073     -1.146954  0.000  0.449  0.000  0.451
   0.63743     -1.144476  0.000  0.446  0.000  0.448
   0.62412     -1.141752  0.000  0.442  0.000  0.444
   0.61082     -1.138957  0.000  0.439  0.000  0.441
   0.59751     -1.136262  0.000  0.430  0.000  0.432
   0.58421     -1.133830  0.000  0.421  0.000  0.423
   0.57090     -1.131837  0.000  0.407  0.000  0.411
   0.55760     -1.130429  0.000  0.391  0.000  0.392
   0.54429     -1.129689  0.000  0.369  0.000  0.369
   0.53099     -1.129592  0.000  0.341  0.000  0.341
   0.51768     -1.130008  0.000  0.310  0.000  0.310
   0.50438     -1.130750  0.000  0.275  0.000  0.276
   0.49107     -1.131664  0.000  0.232  0.000  0.232
   0.47777     -1.132754  0.000  0.187  0.000  0.187
   0.46446     -1.135023  0.000  0.199  0.000  0.199
   0.45116     -1.140074  0.000  0.300  0.000  0.301
   0.43785     -1.144002  0.000  0.334  0.000  0.335
   0.43785     -1.144002  0.000  0.334  0.000  0.335
   0.41481     -1.141854  0.000  0.412  0.000  0.412
   0.39176     -1.142138  0.000  0.424  0.000  0.424
   0.36872     -1.125840  0.000  0.161  0.000  0.161
   0.34567     -1.123974  0.000  0.166  0.000  0.166
   0.32263     -1.122178  0.000  0.168  0.000  0.168
   0.29958     -1.120371  0.000  0.169  0.000  0.171
   0.27654     -1.123703  0.000  0.345  0.000  0.345
   0.25349     -1.138052  0.000  0.351  0.000  0.351
   0.23045     -1.151123  0.000  0.355  0.000  0.355
   0.20740     -1.163111  0.000  0.355  0.000  0.357
   0.18436     -1.160174  0.000  0.267  0.000  0.267
   0.16131     -1.153968  0.000  0.235  0.000  0.235
   0.13827     -1.147869  0.000  0.200  0.000  0.200
   0.11522     -1.142715  0.000  0.168  0.000  0.168
   0.09218     -1.135930  0.000  0.207  0.000  0.207
   0.06913     -1.120316  0.000  0.206  0.000  0.207
   0.04609     -1.115164  0.000  0.405  0.000  0.405
   0.02304     -1.119507  0.000  0.425  0.000  0.425
   0.00000     -1.121067  0.000  0.426  0.000  0.426
 
# Band-Index:   91
   0.00000     -1.097608  0.000  0.176  0.000  0.176
   0.02304     -1.100087  0.000  0.177  0.000  0.178
   0.04609     -1.107002  0.000  0.199  0.000  0.200
   0.06913     -1.105554  0.000  0.400  0.000  0.400
   0.09218     -1.104184  0.000  0.177  0.000  0.177
   0.11522     -1.106460  0.000  0.175  0.000  0.175
   0.13827     -1.108422  0.000  0.172  0.000  0.172
   0.16131     -1.110127  0.000  0.171  0.000  0.173
   0.18436     -1.111723  0.000  0.171  0.000  0.173
   0.20740     -1.113325  0.000  0.171  0.000  0.171
   0.23045     -1.114995  0.000  0.173  0.000  0.173
   0.25349     -1.116745  0.000  0.171  0.000  0.171
   0.27654     -1.118548  0.000  0.171  0.000  0.171
   0.29958     -1.108088  0.000  0.337  0.000  0.337
   0.32263     -1.095966  0.000  0.390  0.000  0.390
   0.34567     -1.108341  0.000  0.456  0.000  0.456
   0.36872     -1.125827  0.000  0.446  0.000  0.446
   0.39176     -1.128043  0.000  0.161  0.000  0.161
   0.41481     -1.130665  0.000  0.161  0.000  0.161
   0.43785     -1.131852  0.000  0.183  0.000  0.183
   0.43785     -1.131852  0.000  0.183  0.000  0.183
   0.45116     -1.131482  0.000  0.218  0.000  0.218
   0.46446     -1.129331  0.000  0.354  0.000  0.354
   0.47777     -1.123014  0.000  0.409  0.000  0.412
   0.49107     -1.114794  0.000  0.409  0.000  0.409
   0.50438     -1.106267  0.000  0.406  0.000  0.406
   0.51768     -1.104922  0.000  0.451  0.000  0.452
   0.53099     -1.107278  0.000  0.454  0.000  0.455
   0.54429     -1.108904  0.000  0.454  0.000  0.455
   0.55760     -1.109668  0.000  0.452  0.000  0.454
   0.57090     -1.109428  0.000  0.452  0.000  0.453
   0.58421     -1.108034  0.000  0.448  0.000  0.449
   0.59751     -1.105396  0.000  0.445  0.000  0.445
   0.61082     -1.101531  0.000  0.439  0.000  0.439
   0.62412     -1.096609  0.000  0.435  0.000  0.436
   0.63743     -1.090949  0.000  0.432  0.000  0.434
   0.65073     -1.085036  0.000  0.429  0.000  0.430
   0.66404     -1.079625  0.000  0.428  0.000  0.429
   0.67734     -1.076215  0.000  0.424  0.000  0.426
   0.69065     -1.074992  0.000  0.426  0.000  0.429
   0.69065     -1.074992  0.000  0.426  0.000  0.429
   0.71726     -1.084548  0.000  0.424  0.000  0.426
   0.74387     -1.103515  0.000  0.419  0.000  0.420
   0.77048     -1.118867  0.000  0.428  0.000  0.431
   0.79709     -1.121016  0.000  0.451  0.000  0.451
   0.82370     -1.113112  0.000  0.464  0.000  0.464
   0.85031     -1.100575  0.000  0.469  0.000  0.469
   0.87692     -1.087310  0.000  0.443  0.000  0.445
   0.90353     -1.098876  0.000  0.331  0.000  0.333
   0.93014     -1.118844  0.000  0.337  0.000  0.338
   0.95675     -1.135392  0.000  0.330  0.000  0.330
   0.98336     -1.142647  0.000  0.255  0.000  0.255
   1.00997     -1.135520  0.000  0.207  0.000  0.207
   1.03658     -1.125939  0.000  0.192  0.000  0.196
   1.06319     -1.117219  0.000  0.188  0.000  0.188
   1.08980     -1.109983  0.000  0.183  0.000  0.183
   1.11641     -1.104419  0.000  0.180  0.000  0.180
   1.14302     -1.108808  0.000  0.254  0.000  0.254
   1.16963     -1.100879  0.000  0.179  0.000  0.179
   1.19624     -1.097608  0.000  0.176  0.000  0.176
 
# Band-Index:   92
   1.19624     -1.097606  0.000  0.176  0.000  0.176
   1.16963     -1.098333  0.000  0.177  0.000  0.177
   1.14302     -1.100560  0.000  0.177  0.000  0.177
   1.11641     -1.100663  0.000  0.402  0.000  0.402
   1.08980     -1.084403  0.000  0.392  0.000  0.392
   1.06319     -1.062137  0.000  0.368  0.000  0.368
   1.03658     -1.033274  0.000  0.341  0.000  0.341
   1.00997     -0.997789  0.000  0.313  0.000  0.313
   0.98336     -1.002282  0.000  0.510  0.000  0.511
   0.95675     -1.025008  0.000  0.502  0.000  0.502
   0.93014     -1.046048  0.000  0.492  0.000  0.494
   0.90353     -1.064808  0.000  0.480  0.000  0.480
   0.87692     -1.069272  0.000  0.340  0.000  0.342
   0.85031     -1.078697  0.000  0.428  0.000  0.428
   0.82370     -1.093450  0.000  0.425  0.000  0.425
   0.79709     -1.098615  0.000  0.409  0.000  0.410
   0.77048     -1.089944  0.000  0.406  0.000  0.407
   0.74387     -1.079934  0.000  0.415  0.000  0.416
   0.71726     -1.074479  0.000  0.423  0.000  0.425
   0.69065     -1.073808  0.000  0.429  0.000  0.429
   0.69065     -1.073808  0.000  0.429  0.000  0.429
   0.67734     -1.074989  0.000  0.424  0.000  0.426
   0.66404     -1.077600  0.000  0.425  0.000  0.425
   0.65073     -1.080076  0.000  0.419  0.000  0.420
   0.63743     -1.082668  0.000  0.415  0.000  0.417
   0.62412     -1.085298  0.000  0.412  0.000  0.414
   0.61082     -1.087846  0.000  0.409  0.000  0.411
   0.59751     -1.090185  0.000  0.408  0.000  0.408
   0.58421     -1.092177  0.000  0.407  0.000  0.409
   0.57090     -1.093689  0.000  0.411  0.000  0.411
   0.55760     -1.094620  0.000  0.416  0.000  0.416
   0.54429     -1.095032  0.000  0.419  0.000  0.420
   0.53099     -1.095526  0.000  0.416  0.000  0.417
   0.51768     -1.098748  0.000  0.405  0.000  0.407
   0.50438     -1.101843  0.000  0.446  0.000  0.447
   0.49107     -1.098289  0.000  0.444  0.000  0.444
   0.47777     -1.094228  0.000  0.439  0.000  0.439
   0.46446     -1.089780  0.000  0.433  0.000  0.433
   0.45116     -1.085151  0.000  0.429  0.000  0.432
   0.43785     -1.083392  0.000  0.457  0.001  0.458
   0.43785     -1.083392  0.000  0.457  0.001  0.458
   0.41481     -1.081161  0.000  0.463  0.000  0.464
   0.39176     -1.072590  0.000  0.473  0.000  0.475
   0.36872     -1.065154  0.000  0.404  0.000  0.404
   0.34567     -1.068210  0.000  0.334  0.000  0.334
   0.32263     -1.080306  0.000  0.406  0.000  0.406
   0.29958     -1.067556  0.000  0.483  0.000  0.483
   0.27654     -1.049264  0.000  0.495  0.000  0.497
   0.25349     -1.030324  0.000  0.504  0.000  0.504
   0.23045     -1.011071  0.000  0.509  0.000  0.509
   0.20740     -0.992163  0.000  0.507  0.000  0.507
   0.18436     -1.003287  0.000  0.320  0.000  0.320
   0.16131     -1.032878  0.000  0.343  0.000  0.343
   0.13827     -1.057926  0.000  0.368  0.000  0.368
   0.11522     -1.078173  0.000  0.387  0.000  0.387
   0.09218     -1.093963  0.000  0.399  0.000  0.399
   0.06913     -1.101776  0.000  0.177  0.000  0.177
   0.04609     -1.099624  0.000  0.177  0.000  0.177
   0.02304     -1.098139  0.000  0.175  0.000  0.175
   0.00000     -1.097606  0.000  0.176  0.000  0.176
 
# Band-Index:   93
   0.00000     -0.854337  0.000  0.583  0.000  0.583
   0.02304     -0.857641  0.000  0.578  0.000  0.578
   0.04609     -0.866198  0.000  0.566  0.000  0.569
   0.06913     -0.878510  0.000  0.561  0.000  0.562
   0.09218     -0.893814  0.000  0.555  0.000  0.557
   0.11522     -0.911390  0.000  0.548  0.000  0.550
   0.13827     -0.930454  0.000  0.541  0.000  0.541
   0.16131     -0.950260  0.000  0.533  0.000  0.533
   0.18436     -0.969908  0.000  0.520  0.000  0.521
   0.20740     -0.970247  0.000  0.355  0.000  0.355
   0.23045     -0.979346  0.000  0.449  0.000  0.451
   0.25349     -0.994455  0.000  0.446  0.000  0.446
   0.27654     -1.009018  0.000  0.437  0.000  0.439
   0.29958     -1.022707  0.000  0.432  0.000  0.432
   0.32263     -1.035119  0.000  0.421  0.000  0.421
   0.34567     -1.043817  0.000  0.384  0.000  0.385
   0.36872     -1.059001  0.000  0.480  0.000  0.482
   0.39176     -1.072546  0.000  0.412  0.000  0.413
   0.41481     -1.078861  0.000  0.410  0.000  0.413
   0.43785     -1.081319  0.000  0.410  0.000  0.410
   0.43785     -1.081319  0.000  0.410  0.000  0.410
   0.45116     -1.083511  0.000  0.454  0.000  0.455
   0.46446     -1.084390  0.000  0.458  0.000  0.458
   0.47777     -1.085630  0.000  0.460  0.000  0.460
   0.49107     -1.087053  0.000  0.461  0.000  0.461
   0.50438     -1.088219  0.000  0.458  0.000  0.459
   0.51768     -1.087810  0.000  0.457  0.000  0.459
   0.53099     -1.082632  0.000  0.440  0.000  0.442
   0.54429     -1.074064  0.000  0.434  0.000  0.436
   0.55760     -1.064714  0.000  0.433  0.000  0.436
   0.57090     -1.055242  0.000  0.436  0.000  0.438
   0.58421     -1.045858  0.000  0.438  0.000  0.439
   0.59751     -1.036674  0.000  0.441  0.000  0.441
   0.61082     -1.027799  0.000  0.443  0.000  0.444
   0.62412     -1.022715  0.000  0.420  0.000  0.422
   0.63743     -1.021680  0.000  0.423  0.000  0.423
   0.65073     -1.021956  0.000  0.425  0.000  0.425
   0.66404     -1.023559  0.000  0.429  0.000  0.431
   0.67734     -1.025789  0.000  0.433  0.000  0.433
   0.69065     -1.026963  0.000  0.435  0.000  0.435
   0.69065     -1.026963  0.000  0.435  0.000  0.435
   0.71726     -1.021204  0.000  0.431  0.000  0.431
   0.74387     -1.008391  0.000  0.422  0.000  0.425
   0.77048     -0.995408  0.000  0.462  0.000  0.462
   0.79709     -0.987714  0.000  0.481  0.000  0.482
   0.82370     -1.007916  0.000  0.240  0.000  0.240
   0.85031     -1.041909  0.000  0.276  0.000  0.277
   0.87692     -1.060871  0.000  0.431  0.000  0.431
   0.90353     -1.041464  0.000  0.436  0.000  0.436
   0.93014     -1.020966  0.000  0.440  0.000  0.442
   0.95675     -0.999727  0.000  0.448  0.000  0.448
   0.98336     -0.979001  0.000  0.444  0.000  0.445
   1.00997     -0.978259  0.000  0.521  0.000  0.521
   1.03658     -0.953552  0.000  0.531  0.000  0.531
   1.06319     -0.929095  0.000  0.540  0.000  0.542
   1.08980     -0.906105  0.000  0.549  0.000  0.550
   1.11641     -0.885935  0.000  0.558  0.000  0.559
   1.14302     -0.869799  0.000  0.567  0.000  0.567
   1.16963     -0.858687  0.000  0.574  0.000  0.576
   1.19624     -0.854337  0.000  0.583  0.000  0.583
 
# Band-Index:   94
   1.19624     -0.854326  0.000  0.585  0.000  0.586
   1.16963     -0.854611  0.000  0.584  0.000  0.584
   1.14302     -0.855931  0.000  0.565  0.000  0.566
   1.11641     -0.869711  0.000  0.531  0.000  0.532
   1.08980     -0.888000  0.000  0.516  0.000  0.519
   1.06319     -0.908878  0.000  0.502  0.000  0.502
   1.03658     -0.931057  0.000  0.489  0.000  0.489
   1.00997     -0.953197  0.000  0.471  0.000  0.471
   0.98336     -0.951795  0.000  0.296  0.000  0.296
   0.95675     -0.909180  0.000  0.327  0.000  0.327
   0.93014     -0.915614  0.000  0.515  0.000  0.516
   0.90353     -0.932307  0.000  0.515  0.000  0.517
   0.87692     -0.948455  0.000  0.513  0.000  0.515
   0.85031     -0.963428  0.000  0.504  0.000  0.507
   0.82370     -0.976698  0.000  0.496  0.000  0.499
   0.79709     -0.985621  0.000  0.346  0.000  0.347
   0.77048     -0.994072  0.000  0.426  0.000  0.427
   0.74387     -0.997520  0.000  0.463  0.000  0.467
   0.71726     -0.993700  0.000  0.450  0.000  0.450
   0.69065     -0.988463  0.000  0.435  0.000  0.435
   0.69065     -0.988463  0.000  0.435  0.000  0.435
   0.67734     -0.990745  0.000  0.441  0.000  0.441
   0.66404     -0.996234  0.000  0.448  0.000  0.448
   0.65073     -1.003174  0.000  0.449  0.000  0.449
   0.63743     -1.010869  0.000  0.448  0.000  0.448
   0.62412     -1.019030  0.000  0.446  0.000  0.446
   0.61082     -1.024508  0.000  0.421  0.000  0.421
   0.59751     -1.027204  0.000  0.418  0.000  0.419
   0.58421     -1.030337  0.000  0.418  0.000  0.418
   0.57090     -1.033818  0.000  0.416  0.000  0.418
   0.55760     -1.037570  0.000  0.418  0.000  0.418
   0.54429     -1.041552  0.000  0.416  0.000  0.416
   0.53099     -1.045738  0.000  0.419  0.000  0.419
   0.51768     -1.050123  0.000  0.418  0.000  0.418
   0.50438     -1.054697  0.000  0.418  0.000  0.419
   0.49107     -1.059452  0.000  0.422  0.000  0.423
   0.47777     -1.064365  0.000  0.425  0.000  0.425
   0.46446     -1.069389  0.000  0.426  0.000  0.426
   0.45116     -1.074406  0.000  0.433  0.000  0.435
   0.43785     -1.078179  0.000  0.449  0.000  0.450
   0.43785     -1.078179  0.000  0.449  0.000  0.450
   0.41481     -1.072982  0.000  0.443  0.000  0.446
   0.39176     -1.061363  0.000  0.441  0.000  0.443
   0.36872     -1.046339  0.000  0.442  0.000  0.444
   0.34567     -1.042538  0.000  0.483  0.000  0.485
   0.32263     -1.024365  0.000  0.490  0.000  0.492
   0.29958     -1.005081  0.000  0.496  0.000  0.500
   0.27654     -0.985077  0.000  0.503  0.000  0.507
   0.25349     -0.964737  0.000  0.511  0.000  0.515
   0.23045     -0.944475  0.000  0.519  0.000  0.522
   0.20740     -0.956387  0.000  0.406  0.000  0.406
   0.18436     -0.944192  0.000  0.477  0.000  0.477
   0.16131     -0.927078  0.000  0.489  0.000  0.489
   0.13827     -0.909619  0.000  0.501  0.000  0.501
   0.11522     -0.892565  0.000  0.512  0.000  0.513
   0.09218     -0.876704  0.000  0.523  0.000  0.524
   0.06913     -0.862939  0.000  0.535  0.000  0.536
   0.04609     -0.855273  0.000  0.581  0.000  0.581
   0.02304     -0.854548  0.000  0.584  0.000  0.586
   0.00000     -0.854326  0.000  0.585  0.000  0.586
 
# Band-Index:   95
   0.00000     -0.843029  0.000  0.552  0.000  0.553
   0.02304     -0.845379  0.000  0.550  0.000  0.551
   0.04609     -0.852218  0.000  0.545  0.000  0.546
   0.06913     -0.856840  0.000  0.579  0.000  0.579
   0.09218     -0.859981  0.000  0.573  0.000  0.574
   0.11522     -0.865972  0.000  0.562  0.000  0.562
   0.13827     -0.875932  0.000  0.554  0.000  0.554
   0.16131     -0.889681  0.000  0.544  0.000  0.545
   0.18436     -0.906276  0.000  0.533  0.000  0.535
   0.20740     -0.924787  0.000  0.526  0.000  0.529
   0.23045     -0.931683  0.000  0.487  0.000  0.488
   0.25349     -0.951255  0.000  0.475  0.000  0.476
   0.27654     -0.971196  0.000  0.466  0.000  0.468
   0.29958     -0.991101  0.000  0.456  0.000  0.458
   0.32263     -1.010569  0.000  0.450  0.000  0.452
   0.34567     -1.029161  0.000  0.446  0.000  0.448
   0.36872     -1.033302  0.000  0.271  0.000  0.271
   0.39176     -1.007260  0.000  0.211  0.000  0.211
   0.41481     -0.980309  0.000  0.162  0.000  0.162
   0.43785     -0.966833  0.000  0.132  0.000  0.132
   0.43785     -0.966833  0.000  0.132  0.000  0.132
   0.45116     -0.966021  0.000  0.131  0.000  0.131
   0.46446     -0.963597  0.000  0.131  0.000  0.131
   0.47777     -0.959617  0.000  0.130  0.000  0.130
   0.49107     -0.954177  0.000  0.126  0.000  0.126
   0.50438     -0.947420  0.000  0.126  0.000  0.126
   0.51768     -0.939553  0.000  0.126  0.000  0.126
   0.53099     -0.930920  0.000  0.130  0.000  0.130
   0.54429     -0.922200  0.000  0.148  0.000  0.148
   0.55760     -0.915120  0.000  0.212  0.000  0.212
   0.57090     -0.913263  0.000  0.344  0.000  0.344
   0.58421     -0.917896  0.000  0.445  0.000  0.445
   0.59751     -0.925881  0.000  0.484  0.000  0.484
   0.61082     -0.934956  0.000  0.502  0.000  0.502
   0.62412     -0.944052  0.000  0.508  0.000  0.508
   0.63743     -0.952413  0.000  0.510  0.000  0.510
   0.65073     -0.959331  0.000  0.510  0.000  0.510
   0.66404     -0.964211  0.000  0.507  0.000  0.507
   0.67734     -0.966860  0.000  0.503  0.000  0.504
   0.69065     -0.967845  0.000  0.501  0.000  0.501
   0.69065     -0.967845  0.000  0.501  0.000  0.501
   0.71726     -0.963996  0.000  0.502  0.000  0.502
   0.74387     -0.957472  0.000  0.504  0.000  0.504
   0.77048     -0.949751  0.000  0.507  0.000  0.507
   0.79709     -0.949901  0.000  0.367  0.000  0.367
   0.82370     -0.954097  0.000  0.443  0.000  0.447
   0.85031     -0.942479  0.000  0.457  0.000  0.461
   0.87692     -0.929331  0.000  0.470  0.000  0.473
   0.90353     -0.916262  0.000  0.487  0.000  0.489
   0.93014     -0.903661  0.000  0.504  0.000  0.505
   0.95675     -0.894902  0.000  0.487  0.000  0.487
   0.98336     -0.881325  0.000  0.532  0.000  0.534
   1.00997     -0.871862  0.000  0.544  0.000  0.544
   1.03658     -0.864770  0.000  0.555  0.000  0.555
   1.06319     -0.861283  0.000  0.565  0.000  0.565
   1.08980     -0.858684  0.000  0.570  0.000  0.571
   1.11641     -0.856712  0.000  0.577  0.000  0.577
   1.14302     -0.854789  0.000  0.560  0.000  0.560
   1.16963     -0.846162  0.000  0.549  0.000  0.551
   1.19624     -0.843029  0.000  0.552  0.000  0.553
 
# Band-Index:   96
   1.19624     -0.843024  0.000  0.552  0.000  0.553
   1.16963     -0.843575  0.000  0.552  0.000  0.553
   1.14302     -0.845230  0.000  0.552  0.000  0.554
   1.11641     -0.848024  0.000  0.551  0.000  0.552
   1.08980     -0.851994  0.000  0.552  0.000  0.553
   1.06319     -0.857177  0.000  0.551  0.000  0.552
   1.03658     -0.863402  0.000  0.551  0.000  0.552
   1.00997     -0.868094  0.000  0.544  0.000  0.545
   0.98336     -0.879606  0.000  0.523  0.000  0.525
   0.95675     -0.891735  0.000  0.519  0.000  0.522
   0.93014     -0.889000  0.000  0.503  0.000  0.503
   0.90353     -0.894689  0.000  0.521  0.000  0.522
   0.87692     -0.905639  0.000  0.529  0.000  0.529
   0.85031     -0.916719  0.000  0.528  0.000  0.528
   0.82370     -0.927179  0.000  0.523  0.000  0.524
   0.79709     -0.933416  0.000  0.441  0.000  0.441
   0.77048     -0.938041  0.000  0.494  0.000  0.494
   0.74387     -0.949201  0.000  0.493  0.000  0.493
   0.71726     -0.960385  0.000  0.496  0.000  0.496
   0.69065     -0.966545  0.000  0.501  0.000  0.501
   0.69065     -0.966545  0.000  0.501  0.000  0.501
   0.67734     -0.963979  0.000  0.495  0.000  0.495
   0.66404     -0.957219  0.000  0.492  0.000  0.492
   0.65073     -0.948618  0.000  0.488  0.000  0.488
   0.63743     -0.939146  0.000  0.490  0.000  0.490
   0.62412     -0.929225  0.000  0.490  0.000  0.490
   0.61082     -0.919108  0.000  0.495  0.000  0.495
   0.59751     -0.908979  0.000  0.497  0.000  0.497
   0.58421     -0.898991  0.000  0.500  0.000  0.500
   0.57090     -0.889302  0.000  0.503  0.000  0.503
   0.55760     -0.880191  0.000  0.497  0.000  0.497
   0.54429     -0.873742  0.000  0.501  0.000  0.502
   0.53099     -0.866863  0.000  0.526  0.000  0.526
   0.51768     -0.859853  0.000  0.535  0.000  0.537
   0.50438     -0.853367  0.000  0.541  0.000  0.541
   0.49107     -0.847740  0.000  0.544  0.000  0.544
   0.47777     -0.843175  0.000  0.548  0.000  0.548
   0.46446     -0.839812  0.000  0.547  0.000  0.547
   0.45116     -0.837745  0.000  0.550  0.000  0.550
   0.43785     -0.837045  0.000  0.550  0.000  0.550
   0.43785     -0.837045  0.000  0.550  0.000  0.550
   0.41481     -0.837038  0.000  0.550  0.000  0.550
   0.39176     -0.837016  0.000  0.552  0.000  0.552
   0.36872     -0.836981  0.000  0.552  0.000  0.552
   0.34567     -0.836933  0.000  0.552  0.000  0.552
   0.32263     -0.836866  0.000  0.552  0.000  0.554
   0.29958     -0.836775  0.000  0.554  0.000  0.554
   0.27654     -0.836635  0.000  0.556  0.000  0.556
   0.25349     -0.880743  0.000  0.228  0.000  0.228
   0.23045     -0.924127  0.000  0.261  0.000  0.261
   0.20740     -0.912912  0.000  0.494  0.000  0.497
   0.18436     -0.895476  0.000  0.507  0.000  0.508
   0.16131     -0.880055  0.000  0.516  0.000  0.519
   0.13827     -0.867457  0.000  0.533  0.000  0.533
   0.11522     -0.858098  0.000  0.542  0.000  0.542
   0.09218     -0.851576  0.000  0.547  0.000  0.547
   0.06913     -0.847316  0.000  0.550  0.000  0.550
   0.04609     -0.844772  0.000  0.550  0.000  0.551
   0.02304     -0.843443  0.000  0.551  0.000  0.552
   0.00000     -0.843024  0.000  0.552  0.000  0.553
 
# Band-Index:   97
   0.00000     -0.809489  0.000  0.297  0.000  0.300
   0.02304     -0.802714  0.000  0.300  0.000  0.302
   0.04609     -0.802042  0.000  0.538  0.000  0.538
   0.06913     -0.806940  0.000  0.534  0.000  0.534
   0.09218     -0.813718  0.000  0.532  0.000  0.532
   0.11522     -0.821250  0.000  0.538  0.000  0.538
   0.13827     -0.827510  0.000  0.546  0.000  0.546
   0.16131     -0.831631  0.000  0.553  0.000  0.553
   0.18436     -0.833998  0.000  0.557  0.000  0.557
   0.20740     -0.835295  0.000  0.555  0.000  0.555
   0.23045     -0.836009  0.000  0.556  0.000  0.558
   0.25349     -0.836408  0.000  0.556  0.000  0.556
   0.27654     -0.835201  0.000  0.198  0.000  0.198
   0.29958     -0.828955  0.000  0.532  0.000  0.532
   0.32263     -0.829234  0.000  0.530  0.000  0.532
   0.34567     -0.829437  0.000  0.530  0.000  0.530
   0.36872     -0.829577  0.000  0.532  0.000  0.532
   0.39176     -0.829671  0.000  0.530  0.000  0.530
   0.41481     -0.829724  0.000  0.530  0.000  0.530
   0.43785     -0.832421  0.000  0.172  0.000  0.172
   0.43785     -0.832421  0.000  0.172  0.000  0.172
   0.45116     -0.833606  0.000  0.319  0.000  0.319
   0.46446     -0.835995  0.000  0.416  0.000  0.416
   0.47777     -0.839367  0.000  0.462  0.000  0.462
   0.49107     -0.843792  0.000  0.486  0.000  0.486
   0.50438     -0.849257  0.000  0.498  0.000  0.498
   0.51768     -0.855695  0.000  0.503  0.000  0.505
   0.53099     -0.863012  0.000  0.506  0.000  0.506
   0.54429     -0.871065  0.000  0.504  0.000  0.506
   0.55760     -0.878297  0.000  0.438  0.000  0.438
   0.57090     -0.877895  0.000  0.288  0.000  0.288
   0.58421     -0.870493  0.000  0.179  0.000  0.179
   0.59751     -0.859339  0.000  0.130  0.000  0.130
   0.61082     -0.846612  0.000  0.105  0.000  0.105
   0.62412     -0.833276  0.000  0.090  0.000  0.090
   0.63743     -0.819939  0.000  0.078  0.000  0.078
   0.65073     -0.807239  0.000  0.070  0.000  0.070
   0.66404     -0.796069  0.000  0.062  0.000  0.062
   0.67734     -0.787817  0.000  0.056  0.000  0.056
   0.69065     -0.784531  0.000  0.054  0.000  0.054
   0.69065     -0.784531  0.000  0.054  0.000  0.054
   0.71726     -0.800871  0.000  0.070  0.000  0.070
   0.74387     -0.844641  0.000  0.106  0.000  0.106
   0.77048     -0.897231  0.000  0.171  0.000  0.171
   0.79709     -0.927515  0.000  0.499  0.000  0.499
   0.82370     -0.917809  0.000  0.503  0.000  0.503
   0.85031     -0.908887  0.000  0.508  0.000  0.508
   0.87692     -0.900788  0.000  0.512  0.000  0.513
   0.90353     -0.893384  0.000  0.520  0.000  0.521
   0.93014     -0.882829  0.000  0.519  0.000  0.519
   0.95675     -0.873370  0.000  0.493  0.000  0.494
   0.98336     -0.871783  0.000  0.546  0.000  0.546
   1.00997     -0.862859  0.000  0.535  0.000  0.535
   1.03658     -0.847241  0.000  0.529  0.000  0.529
   1.06319     -0.832826  0.000  0.528  0.000  0.528
   1.08980     -0.820174  0.000  0.528  0.000  0.528
   1.11641     -0.810124  0.000  0.531  0.000  0.531
   1.14302     -0.803429  0.000  0.537  0.000  0.537
   1.16963     -0.800554  0.000  0.302  0.000  0.302
   1.19624     -0.809489  0.000  0.297  0.000  0.300
 
# Band-Index:   98
   1.19624     -0.797851  0.000  0.543  0.000  0.543
   1.16963     -0.799273  0.000  0.538  0.000  0.538
   1.14302     -0.800969  0.000  0.528  0.000  0.529
   1.11641     -0.808744  0.000  0.529  0.000  0.529
   1.08980     -0.817456  0.000  0.529  0.000  0.529
   1.06319     -0.827049  0.000  0.523  0.000  0.523
   1.03658     -0.837574  0.000  0.518  0.000  0.519
   1.00997     -0.848700  0.000  0.512  0.000  0.513
   0.98336     -0.860072  0.000  0.512  0.000  0.512
   0.95675     -0.871350  0.000  0.513  0.000  0.513
   0.93014     -0.841005  0.000  0.244  0.000  0.244
   0.90353     -0.785251  0.000  0.192  0.000  0.192
   0.87692     -0.727890  0.000  0.162  0.000  0.162
   0.85031     -0.673747  0.000  0.138  0.000  0.138
   0.82370     -0.627015  0.000  0.114  0.000  0.114
   0.79709     -0.591876  0.000  0.094  0.000  0.094
   0.77048     -0.571709  0.000  0.078  0.000  0.078
   0.74387     -0.594718  0.000  0.074  0.000  0.074
   0.71726     -0.611645  0.000  0.081  0.000  0.081
   0.69065     -0.600843  0.000  0.081  0.000  0.081
   0.69065     -0.600843  0.000  0.081  0.000  0.081
   0.67734     -0.614313  0.000  0.085  0.000  0.085
   0.66404     -0.629516  0.000  0.088  0.000  0.089
   0.65073     -0.645628  0.000  0.094  0.000  0.094
   0.63743     -0.662284  0.000  0.100  0.000  0.100
   0.62412     -0.679164  0.000  0.106  0.000  0.106
   0.61082     -0.695995  0.000  0.116  0.000  0.116
   0.59751     -0.712538  0.000  0.122  0.000  0.122
   0.58421     -0.728579  0.000  0.128  0.000  0.128
   0.57090     -0.743941  0.000  0.136  0.000  0.136
   0.55760     -0.758450  0.000  0.142  0.000  0.142
   0.54429     -0.771957  0.000  0.151  0.000  0.151
   0.53099     -0.784323  0.000  0.162  0.000  0.162
   0.51768     -0.795413  0.000  0.172  0.000  0.172
   0.50438     -0.805107  0.000  0.186  0.000  0.186
   0.49107     -0.813294  0.000  0.206  0.000  0.206
   0.47777     -0.819888  0.000  0.236  0.000  0.236
   0.46446     -0.824849  0.000  0.286  0.000  0.286
   0.45116     -0.828221  0.000  0.384  0.000  0.384
   0.43785     -0.829743  0.000  0.530  0.000  0.530
   0.43785     -0.829743  0.000  0.530  0.000  0.530
   0.41481     -0.814739  0.000  0.148  0.000  0.148
   0.39176     -0.777815  0.000  0.110  0.000  0.110
   0.36872     -0.744405  0.000  0.092  0.000  0.092
   0.34567     -0.734213  0.000  0.100  0.000  0.100
   0.32263     -0.753579  0.000  0.136  0.000  0.136
   0.29958     -0.790880  0.000  0.168  0.000  0.168
   0.27654     -0.828576  0.000  0.532  0.000  0.532
   0.25349     -0.828061  0.000  0.533  0.000  0.533
   0.23045     -0.827361  0.000  0.533  0.000  0.533
   0.20740     -0.826401  0.000  0.533  0.000  0.533
   0.18436     -0.825050  0.000  0.532  0.000  0.532
   0.16131     -0.823103  0.000  0.531  0.000  0.531
   0.13827     -0.820272  0.000  0.530  0.000  0.530
   0.11522     -0.816273  0.000  0.533  0.000  0.533
   0.09218     -0.811117  0.000  0.531  0.000  0.533
   0.06913     -0.805062  0.000  0.529  0.000  0.530
   0.04609     -0.799268  0.000  0.528  0.000  0.528
   0.02304     -0.798928  0.000  0.541  0.000  0.541
   0.00000     -0.797851  0.000  0.543  0.000  0.543
 
# Band-Index:   99
   0.00000     -0.794064  0.000  0.529  0.000  0.529
   0.02304     -0.795402  0.000  0.529  0.000  0.529
   0.04609     -0.784160  0.000  0.295  0.000  0.298
   0.06913     -0.756286  0.000  0.286  0.000  0.286
   0.09218     -0.721091  0.000  0.272  0.000  0.272
   0.11522     -0.680557  0.000  0.254  0.000  0.256
   0.13827     -0.636739  0.000  0.240  0.000  0.242
   0.16131     -0.591839  0.000  0.226  0.000  0.228
   0.18436     -0.548338  0.000  0.210  0.000  0.211
   0.20740     -0.509272  0.000  0.194  0.000  0.194
   0.23045     -0.478556  0.000  0.172  0.000  0.172
   0.25349     -0.460924  0.000  0.150  0.000  0.150
   0.27654     -0.460582  0.000  0.134  0.000  0.134
   0.29958     -0.477754  0.000  0.130  0.000  0.130
   0.32263     -0.505391  0.000  0.141  0.000  0.141
   0.34567     -0.528556  0.000  0.164  0.000  0.164
   0.36872     -0.531767  0.000  0.177  0.000  0.178
   0.39176     -0.518353  0.000  0.169  0.000  0.169
   0.41481     -0.503563  0.000  0.156  0.000  0.156
   0.43785     -0.497554  0.000  0.154  0.000  0.154
   0.43785     -0.497554  0.000  0.154  0.000  0.154
   0.45116     -0.497125  0.000  0.154  0.000  0.154
   0.46446     -0.495872  0.000  0.152  0.000  0.152
   0.47777     -0.493889  0.000  0.146  0.000  0.146
   0.49107     -0.491334  0.000  0.144  0.000  0.144
   0.50438     -0.488429  0.000  0.139  0.000  0.139
   0.51768     -0.485465  0.000  0.134  0.000  0.134
   0.53099     -0.482802  0.000  0.124  0.000  0.124
   0.54429     -0.480869  0.000  0.118  0.000  0.118
   0.55760     -0.480160  0.000  0.110  0.000  0.110
   0.57090     -0.481212  0.000  0.098  0.000  0.098
   0.58421     -0.484571  0.000  0.090  0.000  0.090
   0.59751     -0.490735  0.000  0.082  0.000  0.082
   0.61082     -0.500053  0.000  0.074  0.000  0.074
   0.62412     -0.512655  0.000  0.070  0.000  0.070
   0.63743     -0.528331  0.000  0.068  0.000  0.068
   0.65073     -0.546458  0.000  0.067  0.000  0.067
   0.66404     -0.565875  0.000  0.071  0.000  0.071
   0.67734     -0.584735  0.000  0.075  0.000  0.075
   0.69065     -0.600000  0.000  0.081  0.000  0.081
   0.69065     -0.600000  0.000  0.081  0.000  0.081
   0.71726     -0.578491  0.000  0.073  0.000  0.073
   0.74387     -0.567744  0.000  0.072  0.000  0.072
   0.77048     -0.562783  0.000  0.066  0.000  0.066
   0.79709     -0.525221  0.000  0.060  0.000  0.060
   0.82370     -0.487236  0.000  0.062  0.000  0.062
   0.85031     -0.453526  0.000  0.066  0.000  0.066
   0.87692     -0.429499  0.000  0.084  0.000  0.084
   0.90353     -0.420564  0.000  0.106  0.000  0.108
   0.93014     -0.429661  0.000  0.138  0.000  0.138
   0.95675     -0.455674  0.000  0.164  0.000  0.164
   0.98336     -0.494693  0.000  0.192  0.000  0.192
   1.00997     -0.542158  0.000  0.208  0.000  0.210
   1.03658     -0.593925  0.000  0.226  0.000  0.226
   1.06319     -0.646399  0.000  0.244  0.000  0.244
   1.08980     -0.696347  0.000  0.261  0.000  0.262
   1.11641     -0.740689  0.000  0.278  0.000  0.278
   1.14302     -0.776417  0.000  0.294  0.000  0.295
   1.16963     -0.795846  0.000  0.528  0.000  0.528
   1.19624     -0.794064  0.000  0.529  0.000  0.529
 
# Band-Index:  100
   1.19624     -0.124984  0.006  0.222  0.000  0.228
   1.16963     -0.119594  0.006  0.226  0.000  0.228
   1.14302     -0.104223  0.006  0.226  0.000  0.232
   1.11641     -0.081071  0.006  0.234  0.000  0.236
   1.08980     -0.053202  0.006  0.238  0.000  0.242
   1.06319     -0.023981  0.002  0.242  0.000  0.247
   1.03658      0.003353  0.000  0.250  0.000  0.254
   1.00997      0.026007  0.000  0.256  0.000  0.261
   0.98336      0.041857  0.000  0.264  0.000  0.267
   0.95675      0.049611  0.000  0.271  0.000  0.274
   0.93014      0.048926  0.000  0.281  0.000  0.285
   0.90353      0.038764  0.000  0.277  0.000  0.278
   0.87692      0.021559  0.000  0.306  0.000  0.306
   0.85031      0.007901  0.000  0.319  0.000  0.321
   0.82370     -0.010208  0.000  0.336  0.000  0.339
   0.79709     -0.024819  0.000  0.355  0.000  0.355
   0.77048     -0.032888  0.000  0.366  0.000  0.370
   0.74387     -0.033403  0.000  0.377  0.000  0.379
   0.71726     -0.027997  0.000  0.379  0.000  0.379
   0.69065     -0.020627  0.000  0.375  0.000  0.378
   0.69065     -0.020627  0.000  0.375  0.000  0.378
   0.67734     -0.023585  0.000  0.377  0.000  0.379
   0.66404     -0.025846  0.000  0.376  0.000  0.379
   0.65073     -0.026424  0.000  0.378  0.000  0.378
   0.63743     -0.024940  0.000  0.372  0.000  0.372
   0.62412     -0.021158  0.000  0.367  0.000  0.367
   0.61082     -0.015051  0.000  0.361  0.000  0.362
   0.59751     -0.011628  0.000  0.363  0.000  0.363
   0.58421     -0.014480  0.000  0.360  0.000  0.364
   0.57090     -0.018206  0.000  0.361  0.000  0.361
   0.55760     -0.022567  0.000  0.360  0.000  0.360
   0.54429     -0.027339  0.000  0.360  0.000  0.360
   0.53099     -0.032291  0.000  0.359  0.000  0.359
   0.51768     -0.037184  0.000  0.358  0.000  0.360
   0.50438     -0.041787  0.000  0.357  0.000  0.357
   0.49107     -0.045886  0.000  0.358  0.000  0.359
   0.47777     -0.049289  0.000  0.357  0.000  0.359
   0.46446     -0.051838  0.000  0.355  0.000  0.359
   0.45116     -0.053417  0.000  0.356  0.000  0.358
   0.43785     -0.053952  0.000  0.356  0.000  0.358
   0.43785     -0.053952  0.000  0.356  0.000  0.358
   0.41481     -0.051362  0.000  0.355  0.000  0.357
   0.39176     -0.045535  0.000  0.351  0.000  0.353
   0.36872     -0.040712  0.000  0.347  0.000  0.349
   0.34567     -0.039763  0.000  0.342  0.000  0.343
   0.32263     -0.041335  0.000  0.334  0.000  0.337
   0.29958     -0.040491  0.000  0.323  0.000  0.325
   0.27654     -0.032072  0.000  0.305  0.000  0.308
   0.25349     -0.015210  0.000  0.284  0.000  0.287
   0.23045      0.003877  0.000  0.270  0.000  0.272
   0.20740      0.015211  0.000  0.262  0.000  0.264
   0.18436      0.013413  0.000  0.256  0.000  0.259
   0.16131      0.000278  0.000  0.250  0.000  0.252
   0.13827     -0.020102  0.000  0.244  0.000  0.248
   0.11522     -0.044092  0.004  0.239  0.000  0.244
   0.09218     -0.068661  0.006  0.236  0.000  0.240
   0.06913     -0.091153  0.006  0.232  0.000  0.234
   0.04609     -0.109220  0.006  0.224  0.000  0.230
   0.02304     -0.120928  0.006  0.224  0.000  0.228
   0.00000     -0.124984  0.006  0.222  0.000  0.228
 
# Band-Index:  101
   0.00000      0.418677  0.006  0.114  0.000  0.120
   0.02304      0.415461  0.006  0.114  0.000  0.120
   0.04609      0.405740  0.006  0.118  0.000  0.121
   0.06913      0.389356  0.006  0.120  0.000  0.126
   0.09218      0.366239  0.004  0.126  0.000  0.132
   0.11522      0.336655  0.000  0.132  0.000  0.138
   0.13827      0.301527  0.000  0.142  0.000  0.146
   0.16131      0.262836  0.000  0.152  0.000  0.156
   0.18436      0.224126  0.000  0.165  0.000  0.168
   0.20740      0.190698  0.000  0.182  0.000  0.184
   0.23045      0.167131  0.000  0.202  0.000  0.204
   0.25349      0.152479  0.000  0.219  0.000  0.221
   0.27654      0.141673  0.000  0.232  0.000  0.234
   0.29958      0.131042  0.000  0.239  0.000  0.243
   0.32263      0.119839  0.000  0.246  0.000  0.248
   0.34567      0.109489  0.000  0.253  0.000  0.253
   0.36872      0.102183  0.000  0.258  0.000  0.258
   0.39176      0.098835  0.000  0.264  0.000  0.264
   0.41481      0.098155  0.000  0.266  0.000  0.268
   0.43785      0.098207  0.000  0.267  0.000  0.271
   0.43785      0.098207  0.000  0.267  0.000  0.271
   0.45116      0.097179  0.000  0.267  0.000  0.271
   0.46446      0.094110  0.000  0.271  0.000  0.271
   0.47777      0.089061  0.000  0.273  0.000  0.277
   0.49107      0.082136  0.000  0.277  0.000  0.277
   0.50438      0.073496  0.000  0.283  0.000  0.283
   0.51768      0.063365  0.000  0.290  0.000  0.290
   0.53099      0.052040  0.000  0.297  0.000  0.299
   0.54429      0.039901  0.000  0.306  0.000  0.308
   0.55760      0.027414  0.000  0.317  0.000  0.319
   0.57090      0.015114  0.000  0.327  0.000  0.329
   0.58421      0.003589  0.000  0.340  0.000  0.340
   0.59751     -0.006546  0.000  0.349  0.000  0.353
   0.61082     -0.009533  0.000  0.362  0.000  0.366
   0.62412     -0.008721  0.000  0.366  0.000  0.369
   0.63743     -0.009008  0.000  0.366  0.000  0.370
   0.65073     -0.010405  0.000  0.370  0.000  0.370
   0.66404     -0.012821  0.000  0.373  0.000  0.373
   0.67734     -0.016069  0.000  0.374  0.000  0.376
   0.69065     -0.019328  0.000  0.375  0.000  0.378
   0.69065     -0.019328  0.000  0.375  0.000  0.378
   0.71726     -0.010818  0.000  0.372  0.000  0.372
   0.74387     -0.001579  0.000  0.367  0.000  0.367
   0.77048      0.005602  0.000  0.358  0.000  0.362
   0.79709      0.009833  0.000  0.350  0.000  0.353
   0.82370      0.011854  0.000  0.342  0.000  0.343
   0.85031      0.014338  0.000  0.327  0.000  0.327
   0.87692      0.026065  0.000  0.304  0.000  0.306
   0.90353      0.040703  0.000  0.290  0.000  0.290
   0.93014      0.069068  0.000  0.242  0.000  0.243
   0.95675      0.110736  0.000  0.211  0.000  0.212
   0.98336      0.159988  0.000  0.185  0.000  0.187
   1.00997      0.212125  0.000  0.166  0.000  0.168
   1.03658      0.262980  0.000  0.152  0.000  0.154
   1.06319      0.309246  0.000  0.139  0.000  0.144
   1.08980      0.348540  0.002  0.132  0.000  0.136
   1.11641      0.379447  0.006  0.125  0.000  0.126
   1.14302      0.401389  0.006  0.120  0.000  0.126
   1.16963      0.414385  0.006  0.114  0.000  0.120
   1.19624      0.418677  0.006  0.114  0.000  0.120
 
# Band-Index:  102
   1.19624      2.502218  0.006  0.030  0.006  0.038
   1.16963      2.509764  0.006  0.026  0.006  0.038
   1.14302      2.531506  0.006  0.026  0.006  0.040
   1.11641      2.564714  0.006  0.028  0.002  0.038
   1.08980      2.604909  0.004  0.026  0.002  0.034
   1.06319      2.646989  0.002  0.030  0.000  0.032
   1.03658      2.687870  0.002  0.026  0.000  0.030
   1.00997      2.727627  0.002  0.028  0.000  0.032
   0.98336      2.767617  0.002  0.028  0.000  0.032
   0.95675      2.808926  0.002  0.028  0.000  0.032
   0.93014      2.852100  0.002  0.028  0.002  0.031
   0.90353      2.897221  0.002  0.028  0.002  0.030
   0.87692      2.944008  0.002  0.028  0.002  0.030
   0.85031      2.991910  0.002  0.026  0.002  0.030
   0.82370      3.040254  0.002  0.026  0.002  0.030
   0.79709      3.088335  0.002  0.026  0.002  0.030
   0.77048      3.135496  0.002  0.026  0.002  0.028
   0.74387      3.181145  0.002  0.026  0.002  0.028
   0.71726      3.224739  0.002  0.024  0.002  0.028
   0.69065      3.264713  0.000  0.025  0.000  0.028
   0.69065      3.264713  0.000  0.025  0.000  0.028
   0.67734      3.251407  0.000  0.028  0.000  0.028
   0.66404      3.235925  0.000  0.028  0.000  0.032
   0.65073      3.218971  0.000  0.028  0.000  0.032
   0.63743      3.201290  0.000  0.028  0.000  0.032
   0.62412      3.183616  0.004  0.028  0.000  0.032
   0.61082      3.166622  0.004  0.028  0.004  0.032
   0.59751      3.150893  0.004  0.028  0.004  0.032
   0.58421      3.136904  0.004  0.028  0.004  0.032
   0.57090      3.125007  0.004  0.024  0.004  0.032
   0.55760      3.115431  0.004  0.024  0.000  0.028
   0.54429      3.108267  0.004  0.024  0.000  0.028
   0.53099      3.103165  0.002  0.023  0.000  0.027
   0.51768      3.085675  0.000  0.024  0.000  0.028
   0.50438      3.069809  0.004  0.024  0.000  0.028
   0.49107      3.056110  0.004  0.024  0.000  0.028
   0.47777      3.045013  0.004  0.024  0.004  0.032
   0.46446      3.036851  0.004  0.024  0.004  0.034
   0.45116      3.031859  0.004  0.024  0.004  0.034
   0.43785      3.030180  0.004  0.024  0.004  0.034
   0.43785      3.030180  0.004  0.024  0.004  0.034
   0.41481      3.026551  0.004  0.024  0.004  0.034
   0.39176      3.015788  0.004  0.024  0.004  0.034
   0.36872      2.998292  0.004  0.028  0.004  0.034
   0.34567      2.974758  0.004  0.028  0.004  0.034
   0.32263      2.946075  0.004  0.028  0.004  0.034
   0.29958      2.913121  0.004  0.028  0.004  0.034
   0.27654      2.876667  0.004  0.030  0.004  0.034
   0.25349      2.837516  0.004  0.030  0.004  0.034
   0.23045      2.796761  0.004  0.030  0.004  0.038
   0.20740      2.755908  0.004  0.030  0.004  0.038
   0.18436      2.716621  0.004  0.030  0.004  0.038
   0.16131      2.680147  0.004  0.028  0.004  0.038
   0.13827      2.646529  0.004  0.028  0.004  0.034
   0.11522      2.614124  0.004  0.028  0.004  0.034
   0.09218      2.581299  0.004  0.026  0.004  0.038
   0.06913      2.549961  0.006  0.028  0.004  0.040
   0.04609      2.524385  0.006  0.028  0.006  0.038
   0.02304      2.507891  0.006  0.028  0.006  0.038
   0.00000      2.502218  0.006  0.030  0.006  0.038
 
# Band-Index:  103
   0.00000      2.662000  0.002  0.022  0.000  0.028
   0.02304      2.662377  0.002  0.022  0.000  0.028
   0.04609      2.664605  0.002  0.024  0.000  0.030
   0.06913      2.671781  0.002  0.024  0.000  0.026
   0.09218      2.688539  0.002  0.026  0.000  0.030
   0.11522      2.719682  0.002  0.028  0.000  0.032
   0.13827      2.756197  0.000  0.022  0.000  0.026
   0.16131      2.786920  0.000  0.022  0.000  0.026
   0.18436      2.820303  0.000  0.022  0.000  0.026
   0.20740      2.855539  0.000  0.022  0.000  0.022
   0.23045      2.891753  0.000  0.022  0.000  0.022
   0.25349      2.928016  0.000  0.022  0.000  0.022
   0.27654      2.963353  0.000  0.018  0.000  0.022
   0.29958      2.996766  0.000  0.018  0.000  0.022
   0.32263      3.027250  0.000  0.018  0.000  0.022
   0.34567      3.053828  0.000  0.018  0.000  0.022
   0.36872      3.075598  0.000  0.018  0.000  0.018
   0.39176      3.091770  0.000  0.018  0.000  0.018
   0.41481      3.101735  0.000  0.018  0.000  0.018
   0.43785      3.105101  0.000  0.018  0.000  0.018
   0.43785      3.105101  0.000  0.018  0.000  0.018
   0.45116      3.104659  0.000  0.018  0.000  0.018
   0.46446      3.103472  0.000  0.018  0.000  0.018
   0.47777      3.101930  0.000  0.018  0.000  0.022
   0.49107      3.100580  0.000  0.018  0.000  0.022
   0.50438      3.100026  0.000  0.020  0.000  0.024
   0.51768      3.100832  0.004  0.024  0.000  0.024
   0.53099      3.103483  0.002  0.023  0.002  0.027
   0.54429      3.121722  0.000  0.024  0.000  0.024
   0.55760      3.140625  0.000  0.022  0.000  0.024
   0.57090      3.159213  0.000  0.018  0.000  0.022
   0.58421      3.176869  0.000  0.018  0.000  0.018
   0.59751      3.193114  0.000  0.018  0.000  0.018
   0.61082      3.207679  0.000  0.014  0.000  0.018
   0.62412      3.220532  0.000  0.014  0.000  0.018
   0.63743      3.231846  0.000  0.014  0.000  0.018
   0.65073      3.241923  0.000  0.014  0.000  0.018
   0.66404      3.251085  0.000  0.014  0.000  0.018
   0.67734      3.259563  0.000  0.018  0.000  0.018
   0.69065      3.264749  0.000  0.023  0.000  0.026
   0.69065      3.264749  0.000  0.023  0.000  0.026
   0.71726      3.282151  0.000  0.022  0.000  0.022
   0.74387      3.288563  0.000  0.014  0.000  0.018
   0.77048      3.282849  0.000  0.014  0.000  0.014
   0.79709      3.267722  0.000  0.014  0.000  0.014
   0.82370      3.243640  0.000  0.014  0.000  0.018
   0.85031      3.209016  0.000  0.020  0.000  0.022
   0.87692      3.159072  0.000  0.018  0.000  0.022
   0.90353      3.102393  0.000  0.032  0.000  0.032
   0.93014      3.033870  0.004  0.032  0.000  0.038
   0.95675      2.961359  0.004  0.032  0.000  0.038
   0.98336      2.890102  0.004  0.032  0.000  0.038
   1.00997      2.824683  0.004  0.032  0.004  0.038
   1.03658      2.768719  0.004  0.028  0.004  0.036
   1.06319      2.724666  0.004  0.028  0.000  0.032
   1.08980      2.693541  0.004  0.026  0.000  0.032
   1.11641      2.674655  0.004  0.022  0.000  0.032
   1.14302      2.665549  0.004  0.022  0.000  0.026
   1.16963      2.662515  0.004  0.026  0.000  0.026
   1.19624      2.662000  0.002  0.022  0.000  0.028
 
# Band-Index:  104
   1.19624      2.662006  0.000  0.026  0.000  0.026
   1.16963      2.665771  0.002  0.022  0.000  0.028
   1.14302      2.677314  0.002  0.024  0.000  0.026
   1.11641      2.697451  0.000  0.022  0.000  0.028
   1.08980      2.727604  0.000  0.024  0.000  0.024
   1.06319      2.768919  0.000  0.020  0.000  0.026
   1.03658      2.820057  0.000  0.022  0.000  0.024
   1.00997      2.876825  0.000  0.018  0.000  0.022
   0.98336      2.935024  0.000  0.018  0.000  0.022
   0.95675      2.992549  0.000  0.018  0.000  0.018
   0.93014      3.049133  0.000  0.014  0.000  0.018
   0.90353      3.104918  0.000  0.018  0.000  0.018
   0.87692      3.161870  0.000  0.028  0.000  0.028
   0.85031      3.209034  0.000  0.022  0.000  0.026
   0.82370      3.250576  0.000  0.026  0.000  0.026
   0.79709      3.279134  0.000  0.026  0.000  0.030
   0.77048      3.292328  0.000  0.026  0.000  0.030
   0.74387      3.291810  0.000  0.022  0.000  0.026
   0.71726      3.282904  0.000  0.018  0.000  0.022
   0.69065      3.268950  0.000  0.012  0.000  0.018
   0.69065      3.268950  0.000  0.012  0.000  0.018
   0.67734      3.285547  0.002  0.020  0.002  0.022
   0.66404      3.304185  0.002  0.020  0.002  0.022
   0.65073      3.322047  0.002  0.020  0.002  0.022
   0.63743      3.339055  0.002  0.018  0.002  0.021
   0.62412      3.355166  0.002  0.018  0.002  0.020
   0.61082      3.370341  0.002  0.018  0.002  0.020
   0.59751      3.384546  0.000  0.018  0.002  0.020
   0.58421      3.397750  0.000  0.018  0.002  0.020
   0.57090      3.409920  0.000  0.018  0.002  0.020
   0.55760      3.421026  0.000  0.018  0.002  0.020
   0.54429      3.431039  0.000  0.018  0.002  0.020
   0.53099      3.439933  0.000  0.018  0.002  0.020
   0.51768      3.447684  0.000  0.018  0.002  0.020
   0.50438      3.454272  0.000  0.018  0.002  0.020
   0.49107      3.459683  0.000  0.018  0.002  0.020
   0.47777      3.463902  0.000  0.018  0.002  0.020
   0.46446      3.466922  0.000  0.018  0.002  0.020
   0.45116      3.468736  0.000  0.018  0.002  0.020
   0.43785      3.469341  0.000  0.018  0.002  0.020
   0.43785      3.469341  0.000  0.018  0.002  0.020
   0.41481      3.461617  0.000  0.018  0.002  0.020
   0.39176      3.439146  0.000  0.018  0.002  0.020
   0.36872      3.403489  0.000  0.018  0.001  0.020
   0.34567      3.356509  0.002  0.018  0.000  0.020
   0.32263      3.300515  0.002  0.020  0.000  0.022
   0.29958      3.238151  0.002  0.020  0.000  0.022
   0.27654      3.171760  0.002  0.020  0.000  0.022
   0.25349      3.102909  0.002  0.020  0.000  0.024
   0.23045      3.032518  0.002  0.022  0.000  0.024
   0.20740      2.961534  0.002  0.022  0.000  0.028
   0.18436      2.891595  0.002  0.026  0.000  0.030
   0.16131      2.825332  0.002  0.028  0.000  0.030
   0.13827      2.766466  0.002  0.028  0.000  0.032
   0.11522      2.728864  0.000  0.022  0.000  0.026
   0.09218      2.705566  0.000  0.022  0.000  0.026
   0.06913      2.686851  0.000  0.022  0.000  0.026
   0.04609      2.673158  0.000  0.026  0.000  0.026
   0.02304      2.664811  0.000  0.026  0.000  0.026
   0.00000      2.662006  0.000  0.026  0.000  0.026
 
# Band-Index:  105
   0.00000      3.389600  0.012  0.030  0.010  0.052
   0.02304      3.398711  0.012  0.030  0.010  0.052
   0.04609      3.424590  0.012  0.030  0.010  0.056
   0.06913      3.462368  0.010  0.032  0.010  0.056
   0.09218      3.499572  0.012  0.034  0.010  0.056
   0.11522      3.511471  0.014  0.040  0.008  0.062
   0.13827      3.500682  0.014  0.040  0.008  0.062
   0.16131      3.488661  0.012  0.042  0.008  0.066
   0.18436      3.484763  0.012  0.042  0.008  0.066
   0.20740      3.492889  0.012  0.048  0.008  0.072
   0.23045      3.514309  0.010  0.048  0.008  0.072
   0.25349      3.547526  0.010  0.052  0.012  0.074
   0.27654      3.587783  0.010  0.056  0.008  0.072
   0.29958      3.627723  0.008  0.052  0.008  0.074
   0.32263      3.660679  0.008  0.050  0.012  0.070
   0.34567      3.684961  0.008  0.050  0.012  0.070
   0.36872      3.702882  0.008  0.050  0.012  0.070
   0.39176      3.716003  0.008  0.050  0.012  0.070
   0.41481      3.724028  0.008  0.050  0.012  0.068
   0.43785      3.726667  0.008  0.050  0.012  0.068
   0.43785      3.726667  0.008  0.050  0.012  0.068
   0.45116      3.730593  0.008  0.050  0.012  0.068
   0.46446      3.742166  0.008  0.050  0.012  0.064
   0.47777      3.760799  0.008  0.050  0.008  0.064
   0.49107      3.785593  0.008  0.048  0.008  0.064
   0.50438      3.815407  0.008  0.048  0.008  0.064
   0.51768      3.848886  0.006  0.048  0.008  0.064
   0.53099      3.831722  0.008  0.052  0.010  0.070
   0.54429      3.814055  0.008  0.054  0.010  0.070
   0.55760      3.800922  0.008  0.054  0.010  0.072
   0.57090      3.793114  0.008  0.058  0.010  0.076
   0.58421      3.791191  0.008  0.058  0.010  0.076
   0.59751      3.795404  0.008  0.058  0.010  0.076
   0.61082      3.805625  0.008  0.062  0.010  0.080
   0.62412      3.821294  0.008  0.062  0.010  0.080
   0.63743      3.841406  0.008  0.066  0.008  0.080
   0.65073      3.864546  0.004  0.066  0.006  0.080
   0.66404      3.888943  0.004  0.066  0.006  0.078
   0.67734      3.912564  0.004  0.066  0.006  0.076
   0.69065      3.933164  0.003  0.063  0.007  0.073
   0.69065      3.933164  0.003  0.063  0.007  0.073
   0.71726      3.895068  0.004  0.066  0.006  0.076
   0.74387      3.854375  0.004  0.072  0.008  0.084
   0.77048      3.811261  0.004  0.072  0.008  0.086
   0.79709      3.767280  0.010  0.070  0.008  0.086
   0.82370      3.725773  0.010  0.064  0.008  0.084
   0.85031      3.691494  0.010  0.058  0.008  0.082
   0.87692      3.668769  0.012  0.052  0.008  0.078
   0.90353      3.658800  0.012  0.048  0.010  0.072
   0.93014      3.658532  0.012  0.048  0.010  0.068
   0.95675      3.661880  0.012  0.046  0.010  0.066
   0.98336      3.636052  0.008  0.054  0.008  0.074
   1.00997      3.595388  0.012  0.050  0.008  0.070
   1.03658      3.575414  0.012  0.046  0.008  0.070
   1.06319      3.575306  0.012  0.046  0.008  0.066
   1.08980      3.540421  0.010  0.036  0.010  0.056
   1.11641      3.484920  0.010  0.034  0.010  0.054
   1.14302      3.435615  0.012  0.032  0.010  0.054
   1.16963      3.401698  0.012  0.030  0.010  0.054
   1.19624      3.389600  0.012  0.030  0.010  0.052
 
# Band-Index:  106
   1.19624      3.679086  0.010  0.058  0.008  0.072
   1.16963      3.670088  0.008  0.056  0.008  0.072
   1.14302      3.646811  0.008  0.052  0.008  0.072
   1.11641      3.617624  0.012  0.048  0.008  0.070
   1.08980      3.591310  0.012  0.050  0.008  0.070
   1.06319      3.591556  0.008  0.040  0.008  0.058
   1.03658      3.629757  0.008  0.042  0.008  0.058
   1.00997      3.652499  0.008  0.046  0.008  0.064
   0.98336      3.661852  0.008  0.044  0.008  0.066
   0.95675      3.694443  0.008  0.058  0.008  0.074
   0.93014      3.763609  0.008  0.062  0.008  0.074
   0.90353      3.832817  0.004  0.060  0.008  0.072
   0.87692      3.888650  0.004  0.056  0.008  0.068
   0.85031      3.921222  0.004  0.048  0.008  0.060
   0.82370      3.934395  0.008  0.038  0.008  0.054
   0.79709      3.941877  0.010  0.034  0.008  0.050
   0.77048      3.952313  0.010  0.034  0.006  0.052
   0.74387      3.962290  0.006  0.044  0.006  0.056
   0.71726      3.959266  0.004  0.052  0.006  0.065
   0.69065      3.933417  0.003  0.063  0.007  0.073
   0.69065      3.933417  0.003  0.063  0.007  0.073
   0.67734      3.951679  0.002  0.058  0.006  0.069
   0.66404      3.969489  0.002  0.056  0.006  0.066
   0.65073      3.985707  0.004  0.058  0.008  0.064
   0.63743      3.997082  0.006  0.058  0.008  0.072
   0.62412      4.004880  0.010  0.058  0.008  0.076
   0.61082      4.010373  0.008  0.062  0.008  0.076
   0.59751      4.010774  0.006  0.062  0.006  0.074
   0.58421      4.001640  0.006  0.058  0.006  0.070
   0.57090      3.981801  0.004  0.054  0.008  0.066
   0.55760      3.953570  0.004  0.054  0.008  0.064
   0.54429      3.920136  0.004  0.052  0.008  0.064
   0.53099      3.884441  0.004  0.048  0.008  0.064
   0.51768      3.852935  0.008  0.052  0.006  0.066
   0.50438      3.876489  0.008  0.052  0.006  0.066
   0.49107      3.900897  0.008  0.052  0.006  0.066
   0.47777      3.924264  0.004  0.052  0.004  0.066
   0.46446      3.944182  0.004  0.056  0.004  0.064
   0.45116      3.957852  0.004  0.056  0.004  0.064
   0.43785      3.962760  0.004  0.056  0.004  0.064
   0.43785      3.962760  0.004  0.056  0.004  0.064
   0.41481      3.960869  0.004  0.056  0.004  0.064
   0.39176      3.955238  0.004  0.056  0.004  0.064
   0.36872      3.946003  0.004  0.056  0.004  0.066
   0.34567      3.933395  0.004  0.060  0.006  0.068
   0.32263      3.917733  0.004  0.060  0.006  0.068
   0.29958      3.899421  0.004  0.058  0.006  0.068
   0.27654      3.878947  0.004  0.058  0.006  0.068
   0.25349      3.856860  0.004  0.058  0.006  0.070
   0.23045      3.833763  0.008  0.058  0.008  0.074
   0.20740      3.810287  0.008  0.058  0.008  0.074
   0.18436      3.787082  0.008  0.058  0.008  0.072
   0.16131      3.760561  0.006  0.046  0.008  0.062
   0.13827      3.696909  0.006  0.042  0.008  0.060
   0.11522      3.642148  0.008  0.046  0.008  0.064
   0.09218      3.619496  0.008  0.048  0.008  0.066
   0.06913      3.632003  0.012  0.050  0.008  0.070
   0.04609      3.654297  0.010  0.054  0.008  0.072
   0.02304      3.672284  0.010  0.054  0.008  0.072
   0.00000      3.679086  0.010  0.058  0.008  0.072
 
# Band-Index:  107
   0.00000      3.679088  0.008  0.060  0.008  0.072
   0.02304      3.681047  0.008  0.060  0.008  0.072
   0.04609      3.686868  0.008  0.060  0.008  0.072
   0.06913      3.696390  0.008  0.058  0.008  0.072
   0.09218      3.709346  0.008  0.056  0.008  0.072
   0.11522      3.725375  0.008  0.056  0.008  0.072
   0.13827      3.744029  0.008  0.056  0.008  0.072
   0.16131      3.764790  0.008  0.056  0.008  0.072
   0.18436      3.820093  0.004  0.046  0.008  0.060
   0.20740      3.866228  0.004  0.046  0.008  0.058
   0.23045      3.893756  0.010  0.042  0.008  0.060
   0.25349      3.906030  0.010  0.042  0.008  0.060
   0.27654      3.913460  0.010  0.044  0.010  0.064
   0.29958      3.927220  0.010  0.046  0.008  0.066
   0.32263      3.953712  0.010  0.054  0.008  0.066
   0.34567      3.990288  0.004  0.056  0.008  0.068
   0.36872      4.027016  0.004  0.056  0.008  0.066
   0.39176      4.054831  0.004  0.054  0.008  0.062
   0.41481      4.071061  0.004  0.054  0.008  0.060
   0.43785      4.076385  0.004  0.054  0.008  0.060
   0.43785      4.076385  0.004  0.054  0.008  0.060
   0.45116      4.076068  0.004  0.054  0.008  0.060
   0.46446      4.075114  0.004  0.054  0.008  0.060
   0.47777      4.073520  0.004  0.054  0.008  0.060
   0.49107      4.071283  0.004  0.054  0.008  0.060
   0.50438      4.068403  0.004  0.054  0.008  0.060
   0.51768      4.064881  0.004  0.054  0.008  0.060
   0.53099      4.060729  0.004  0.053  0.008  0.060
   0.54429      4.055981  0.004  0.048  0.008  0.060
   0.55760      4.050712  0.004  0.048  0.008  0.060
   0.57090      4.045091  0.004  0.046  0.006  0.058
   0.58421      4.039462  0.004  0.044  0.002  0.056
   0.59751      4.034176  0.002  0.040  0.004  0.050
   0.61082      4.028053  0.000  0.040  0.008  0.050
   0.62412      4.018608  0.004  0.040  0.006  0.052
   0.63743      4.005942  0.008  0.044  0.004  0.056
   0.65073      3.994116  0.010  0.046  0.006  0.062
   0.66404      3.986660  0.012  0.048  0.006  0.066
   0.67734      3.982013  0.012  0.044  0.006  0.068
   0.69065      3.980331  0.012  0.048  0.006  0.066
   0.69065      3.980331  0.012  0.048  0.006  0.066
   0.71726      3.987799  0.012  0.048  0.006  0.066
   0.74387      4.009146  0.012  0.050  0.006  0.068
   0.77048      4.037028  0.006  0.054  0.006  0.070
   0.79709      4.058705  0.006  0.054  0.006  0.066
   0.82370      4.062308  0.006  0.056  0.006  0.062
   0.85031      4.045138  0.006  0.050  0.006  0.062
   0.87692      4.013874  0.006  0.048  0.008  0.060
   0.90353      3.976657  0.004  0.044  0.008  0.056
   0.93014      3.938634  0.004  0.042  0.008  0.054
   0.95675      3.901842  0.004  0.042  0.008  0.054
   0.98336      3.865820  0.008  0.042  0.008  0.058
   1.00997      3.828599  0.008  0.048  0.008  0.060
   1.03658      3.789783  0.004  0.050  0.008  0.066
   1.06319      3.753432  0.006  0.052  0.008  0.070
   1.08980      3.724419  0.008  0.058  0.008  0.072
   1.11641      3.703615  0.008  0.056  0.008  0.072
   1.14302      3.689730  0.008  0.056  0.008  0.072
   1.16963      3.681715  0.010  0.058  0.008  0.072
   1.19624      3.679088  0.008  0.060  0.008  0.072
 
# Band-Index:  108
   1.19624      3.907193  0.014  0.006  0.000  0.022
   1.16963      3.913258  0.014  0.006  0.000  0.022
   1.14302      3.931339  0.014  0.006  0.000  0.022
   1.11641      3.961108  0.014  0.006  0.000  0.022
   1.08980      4.002052  0.014  0.006  0.000  0.022
   1.06319      4.053513  0.014  0.006  0.000  0.022
   1.03658      4.114691  0.014  0.006  0.000  0.022
   1.00997      4.184459  0.014  0.006  0.000  0.022
   0.98336      4.260908  0.014  0.006  0.000  0.022
   0.95675      4.340772  0.014  0.010  0.000  0.024
   0.93014      4.411156  0.024  0.041  0.014  0.077
   0.90353      4.378391  0.024  0.040  0.014  0.076
   0.87692      4.364375  0.020  0.040  0.014  0.074
   0.85031      4.380274  0.020  0.050  0.014  0.080
   0.82370      4.422759  0.014  0.056  0.010  0.082
   0.79709      4.476948  0.010  0.068  0.010  0.086
   0.77048      4.527436  0.006  0.074  0.008  0.090
   0.74387      4.543439  0.012  0.070  0.010  0.092
   0.71726      4.510761  0.020  0.052  0.012  0.084
   0.69065      4.496957  0.024  0.050  0.012  0.086
   0.69065      4.496957  0.024  0.050  0.012  0.086
   0.67734      4.499750  0.020  0.048  0.012  0.086
   0.66404      4.506790  0.022  0.052  0.012  0.086
   0.65073      4.516084  0.022  0.054  0.012  0.088
   0.63743      4.525976  0.018  0.058  0.014  0.088
   0.62412      4.501622  0.012  0.056  0.012  0.080
   0.61082      4.470223  0.018  0.052  0.010  0.082
   0.59751      4.448873  0.018  0.048  0.010  0.082
   0.58421      4.439876  0.018  0.048  0.010  0.082
   0.57090      4.443487  0.022  0.048  0.010  0.078
   0.55760      4.458010  0.018  0.048  0.010  0.080
   0.54429      4.480881  0.018  0.052  0.010  0.080
   0.53099      4.509666  0.018  0.052  0.010  0.080
   0.51768      4.542426  0.018  0.052  0.010  0.080
   0.50438      4.505521  0.012  0.050  0.012  0.074
   0.49107      4.465609  0.012  0.044  0.012  0.070
   0.47777      4.429884  0.016  0.040  0.012  0.070
   0.46446      4.401101  0.016  0.040  0.012  0.070
   0.45116      4.382112  0.016  0.036  0.012  0.070
   0.43785      4.375431  0.018  0.036  0.012  0.066
   0.43785      4.375431  0.018  0.036  0.012  0.066
   0.41481      4.374832  0.016  0.036  0.012  0.070
   0.39176      4.372576  0.018  0.038  0.012  0.066
   0.36872      4.373576  0.018  0.032  0.012  0.068
   0.34567      4.385204  0.020  0.032  0.012  0.066
   0.32263      4.405060  0.018  0.032  0.012  0.066
   0.29958      4.418072  0.012  0.036  0.012  0.064
   0.27654      4.401127  0.008  0.040  0.012  0.058
   0.25349      4.360517  0.006  0.034  0.012  0.054
   0.23045      4.311040  0.008  0.010  0.002  0.020
   0.20740      4.242943  0.014  0.008  0.000  0.022
   0.18436      4.177780  0.014  0.004  0.000  0.022
   0.16131      4.117992  0.014  0.004  0.000  0.022
   0.13827      4.064427  0.014  0.004  0.000  0.022
   0.11522      4.017794  0.014  0.004  0.000  0.022
   0.09218      3.978727  0.014  0.004  0.000  0.022
   0.06913      3.947762  0.014  0.006  0.000  0.022
   0.04609      3.925330  0.014  0.006  0.000  0.022
   0.02304      3.911743  0.014  0.006  0.000  0.022
   0.00000      3.907193  0.014  0.006  0.000  0.022
 
# Band-Index:  109
   0.00000      4.226401  0.056  0.006  0.008  0.070
   0.02304      4.233817  0.056  0.006  0.008  0.070
   0.04609      4.253800  0.058  0.006  0.004  0.066
   0.06913      4.281549  0.058  0.006  0.002  0.066
   0.09218      4.312992  0.056  0.006  0.002  0.064
   0.11522      4.341931  0.048  0.014  0.002  0.064
   0.13827      4.339313  0.030  0.028  0.010  0.070
   0.16131      4.316865  0.024  0.030  0.014  0.070
   0.18436      4.301020  0.024  0.030  0.014  0.068
   0.20740      4.301941  0.022  0.032  0.014  0.068
   0.23045      4.325897  0.024  0.034  0.012  0.068
   0.25349      4.387780  0.023  0.014  0.000  0.037
   0.27654      4.455260  0.021  0.014  0.000  0.036
   0.29958      4.501137  0.020  0.026  0.002  0.048
   0.32263      4.532265  0.016  0.042  0.008  0.062
   0.34567      4.550873  0.016  0.048  0.010  0.072
   0.36872      4.555828  0.016  0.058  0.010  0.080
   0.39176      4.556504  0.018  0.064  0.008  0.088
   0.41481      4.562707  0.012  0.070  0.008  0.096
   0.43785      4.568189  0.010  0.076  0.008  0.098
   0.43785      4.568189  0.010  0.076  0.008  0.098
   0.45116      4.568257  0.010  0.074  0.008  0.098
   0.46446      4.568455  0.010  0.072  0.008  0.098
   0.47777      4.568773  0.010  0.072  0.008  0.098
   0.49107      4.569250  0.012  0.072  0.008  0.098
   0.50438      4.570184  0.012  0.070  0.008  0.093
   0.51768      4.544837  0.008  0.062  0.010  0.082
   0.53099      4.562080  0.008  0.080  0.008  0.098
   0.54429      4.563327  0.010  0.078  0.008  0.096
   0.55760      4.562045  0.010  0.074  0.008  0.098
   0.57090      4.559431  0.014  0.072  0.008  0.098
   0.58421      4.555537  0.014  0.070  0.010  0.096
   0.59751      4.550262  0.014  0.068  0.010  0.094
   0.61082      4.543518  0.014  0.066  0.014  0.096
   0.62412      4.535334  0.018  0.062  0.014  0.092
   0.63743      4.539670  0.012  0.056  0.012  0.080
   0.65073      4.580711  0.010  0.060  0.012  0.080
   0.66404      4.621011  0.008  0.060  0.008  0.080
   0.67734      4.656492  0.008  0.064  0.008  0.080
   0.69065      4.682636  0.007  0.062  0.007  0.079
   0.69065      4.682636  0.007  0.062  0.007  0.079
   0.71726      4.643783  0.008  0.062  0.010  0.078
   0.74387      4.616354  0.012  0.052  0.010  0.072
   0.77048      4.609138  0.019  0.046  0.012  0.072
   0.79709      4.568572  0.020  0.046  0.012  0.074
   0.82370      4.547690  0.020  0.046  0.012  0.074
   0.85031      4.540019  0.016  0.048  0.008  0.068
   0.87692      4.524856  0.014  0.038  0.008  0.058
   0.90353      4.484053  0.012  0.024  0.006  0.040
   0.93014      4.418474  0.012  0.014  0.000  0.026
   0.95675      4.446661  0.028  0.040  0.012  0.078
   0.98336      4.461318  0.020  0.050  0.008  0.082
   1.00997      4.422909  0.022  0.044  0.008  0.081
   1.03658      4.406591  0.023  0.040  0.008  0.077
   1.06319      4.380651  0.048  0.010  0.004  0.060
   1.08980      4.336801  0.050  0.008  0.000  0.058
   1.11641      4.296666  0.056  0.006  0.000  0.064
   1.14302      4.261869  0.058  0.006  0.000  0.066
   1.16963      4.236199  0.056  0.006  0.008  0.070
   1.19624      4.226401  0.056  0.006  0.008  0.070
 
# Band-Index:  110
   1.19624      4.315386  0.006  0.018  0.014  0.040
   1.16963      4.323702  0.004  0.024  0.016  0.038
   1.14302      4.348539  0.008  0.024  0.016  0.048
   1.11641      4.387855  0.006  0.032  0.016  0.056
   1.08980      4.430053  0.028  0.036  0.008  0.074
   1.06319      4.410993  0.026  0.038  0.008  0.073
   1.03658      4.424931  0.044  0.012  0.004  0.060
   1.00997      4.459985  0.042  0.020  0.004  0.066
   0.98336      4.468175  0.036  0.032  0.006  0.074
   0.95675      4.517328  0.018  0.056  0.010  0.086
   0.93014      4.583573  0.018  0.062  0.010  0.091
   0.90353      4.655227  0.014  0.056  0.008  0.086
   0.87692      4.733773  0.016  0.048  0.008  0.072
   0.85031      4.784714  0.010  0.074  0.010  0.096
   0.82370      4.782343  0.010  0.070  0.010  0.092
   0.79709      4.730215  0.010  0.062  0.010  0.086
   0.77048      4.656361  0.016  0.050  0.014  0.078
   0.74387      4.658945  0.014  0.052  0.012  0.074
   0.71726      4.693995  0.010  0.060  0.008  0.076
   0.69065      4.682673  0.007  0.064  0.007  0.081
   0.69065      4.682673  0.007  0.064  0.007  0.081
   0.67734      4.702929  0.008  0.064  0.008  0.078
   0.66404      4.723501  0.008  0.062  0.008  0.076
   0.65073      4.743738  0.008  0.062  0.008  0.076
   0.63743      4.762173  0.008  0.060  0.008  0.076
   0.62412      4.776138  0.008  0.060  0.008  0.078
   0.61082      4.781764  0.008  0.062  0.008  0.080
   0.59751      4.775237  0.008  0.062  0.008  0.082
   0.58421      4.755349  0.012  0.060  0.008  0.080
   0.57090      4.724384  0.012  0.060  0.008  0.078
   0.55760      4.686087  0.012  0.054  0.008  0.078
   0.54429      4.643889  0.012  0.050  0.008  0.074
   0.53099      4.601512  0.014  0.050  0.008  0.076
   0.51768      4.574356  0.018  0.060  0.008  0.088
   0.50438      4.577702  0.018  0.056  0.010  0.084
   0.49107      4.614338  0.018  0.056  0.010  0.084
   0.47777      4.651282  0.014  0.060  0.012  0.084
   0.46446      4.687109  0.014  0.062  0.012  0.088
   0.45116      4.718411  0.012  0.072  0.010  0.096
   0.43785      4.733539  0.008  0.080  0.010  0.098
   0.43785      4.733539  0.008  0.080  0.010  0.098
   0.41481      4.733386  0.008  0.080  0.010  0.100
   0.39176      4.732840  0.008  0.080  0.010  0.100
   0.36872      4.731668  0.008  0.080  0.012  0.100
   0.34567      4.729550  0.008  0.080  0.012  0.100
   0.32263      4.667806  0.016  0.036  0.006  0.058
   0.29958      4.594859  0.020  0.042  0.008  0.070
   0.27654      4.553227  0.026  0.046  0.008  0.082
   0.25349      4.546426  0.030  0.040  0.008  0.078
   0.23045      4.537798  0.032  0.032  0.008  0.072
   0.20740      4.514588  0.034  0.024  0.008  0.064
   0.18436      4.479825  0.036  0.016  0.006  0.058
   0.16131      4.440231  0.036  0.012  0.004  0.054
   0.13827      4.402795  0.036  0.010  0.004  0.052
   0.11522      4.388261  0.022  0.028  0.012  0.056
   0.09218      4.392894  0.010  0.032  0.014  0.058
   0.06913      4.368917  0.006  0.030  0.014  0.052
   0.04609      4.340215  0.004  0.024  0.016  0.044
   0.02304      4.321620  0.006  0.024  0.016  0.038
   0.00000      4.315386  0.006  0.018  0.014  0.040
 
# Band-Index:  111
   0.00000      4.513814  0.043  0.008  0.000  0.051
   0.02304      4.507050  0.042  0.014  0.006  0.058
   0.04609      4.490076  0.035  0.024  0.008  0.066
   0.06913      4.469467  0.031  0.028  0.008  0.070
   0.09218      4.461555  0.026  0.038  0.010  0.074
   0.11522      4.493840  0.020  0.044  0.014  0.076
   0.13827      4.545870  0.018  0.046  0.014  0.082
   0.16131      4.601303  0.018  0.056  0.016  0.091
   0.18436      4.654202  0.024  0.060  0.016  0.094
   0.20740      4.684933  0.012  0.072  0.016  0.100
   0.23045      4.696149  0.012  0.076  0.016  0.100
   0.25349      4.706107  0.012  0.076  0.016  0.102
   0.27654      4.714506  0.012  0.078  0.016  0.104
   0.29958      4.721186  0.012  0.078  0.012  0.102
   0.32263      4.726149  0.012  0.078  0.012  0.100
   0.34567      4.745583  0.018  0.034  0.006  0.054
   0.36872      4.815649  0.014  0.030  0.006  0.051
   0.39176      4.854707  0.018  0.026  0.008  0.052
   0.41481      4.836462  0.020  0.026  0.014  0.060
   0.43785      4.820328  0.026  0.024  0.016  0.062
   0.43785      4.820328  0.026  0.024  0.016  0.062
   0.45116      4.835000  0.022  0.034  0.016  0.070
   0.46446      4.864956  0.022  0.042  0.016  0.078
   0.47777      4.898593  0.018  0.048  0.016  0.080
   0.49107      4.932429  0.018  0.054  0.016  0.088
   0.50438      4.964284  0.018  0.060  0.018  0.094
   0.51768      4.990160  0.020  0.062  0.014  0.102
   0.53099      5.007312  0.018  0.062  0.014  0.094
   0.54429      5.020105  0.020  0.058  0.012  0.090
   0.55760      5.031568  0.018  0.056  0.012  0.086
   0.57090      5.042333  0.018  0.052  0.012  0.082
   0.58421      5.052253  0.018  0.052  0.011  0.082
   0.59751      5.060877  0.016  0.046  0.010  0.076
   0.61082      5.067561  0.016  0.044  0.010  0.070
   0.62412      5.071529  0.018  0.037  0.010  0.066
   0.63743      5.072007  0.016  0.034  0.010  0.060
   0.65073      5.068620  0.014  0.026  0.010  0.054
   0.66404      5.062099  0.018  0.022  0.008  0.052
   0.67734      5.055006  0.020  0.018  0.008  0.046
   0.69065      5.051606  0.018  0.020  0.008  0.046
   0.69065      5.051606  0.018  0.020  0.008  0.046
   0.71726      5.069458  0.016  0.020  0.008  0.048
   0.74387      5.101132  0.016  0.028  0.010  0.052
   0.77048      5.079637  0.012  0.024  0.010  0.043
   0.79709      5.005193  0.008  0.026  0.006  0.044
   0.82370      4.914147  0.013  0.030  0.006  0.048
   0.85031      4.821268  0.012  0.036  0.008  0.057
   0.87692      4.756878  0.016  0.068  0.012  0.094
   0.90353      4.719644  0.014  0.064  0.012  0.090
   0.93014      4.678693  0.016  0.052  0.012  0.080
   0.95675      4.635427  0.018  0.046  0.012  0.076
   0.98336      4.593368  0.012  0.046  0.012  0.072
   1.00997      4.558878  0.008  0.049  0.016  0.074
   1.03658      4.525983  0.008  0.046  0.016  0.072
   1.06319      4.484155  0.012  0.042  0.016  0.072
   1.08980      4.435704  0.010  0.040  0.016  0.064
   1.11641      4.456390  0.032  0.030  0.008  0.072
   1.14302      4.483368  0.038  0.026  0.008  0.066
   1.16963      4.504941  0.040  0.012  0.008  0.058
   1.19624      4.513814  0.043  0.008  0.000  0.051
 
# Band-Index:  112
   1.19624      4.606667  0.014  0.062  0.020  0.100
   1.16963      4.608429  0.014  0.062  0.020  0.100
   1.14302      4.613574  0.014  0.064  0.020  0.102
   1.11641      4.621680  0.016  0.065  0.020  0.100
   1.08980      4.632085  0.014  0.068  0.018  0.102
   1.06319      4.644333  0.016  0.068  0.018  0.102
   1.03658      4.659813  0.018  0.066  0.018  0.100
   1.00997      4.683587  0.022  0.058  0.018  0.100
   0.98336      4.720278  0.027  0.052  0.018  0.096
   0.95675      4.769598  0.028  0.046  0.016  0.092
   0.93014      4.829428  0.032  0.038  0.010  0.084
   0.90353      4.896731  0.034  0.034  0.010  0.080
   0.87692      4.967428  0.035  0.030  0.012  0.076
   0.85031      5.029133  0.032  0.024  0.008  0.064
   0.82370      5.015084  0.026  0.042  0.010  0.080
   0.79709      5.031571  0.024  0.056  0.010  0.092
   0.77048      5.085773  0.020  0.064  0.014  0.098
   0.74387      5.154245  0.018  0.068  0.014  0.102
   0.71726      5.216276  0.014  0.078  0.014  0.107
   0.69065      5.237758  0.009  0.078  0.017  0.105
   0.69065      5.237758  0.009  0.078  0.017  0.105
   0.67734      5.224920  0.012  0.072  0.016  0.097
   0.66404      5.199786  0.012  0.062  0.014  0.088
   0.65073      5.168190  0.012  0.052  0.010  0.082
   0.63743      5.135033  0.012  0.044  0.010  0.072
   0.62412      5.104698  0.016  0.040  0.010  0.068
   0.61082      5.081579  0.016  0.032  0.012  0.058
   0.59751      5.069225  0.016  0.024  0.012  0.056
   0.58421      5.068024  0.018  0.020  0.012  0.054
   0.57090      5.074431  0.018  0.020  0.014  0.052
   0.55760      5.083236  0.020  0.016  0.014  0.056
   0.54429      5.081040  0.014  0.045  0.016  0.069
   0.53099      5.050453  0.014  0.040  0.011  0.065
   0.51768      5.024153  0.014  0.036  0.008  0.060
   0.50438      5.006948  0.016  0.040  0.010  0.066
   0.49107      4.996528  0.020  0.044  0.010  0.070
   0.47777      4.989464  0.018  0.045  0.010  0.073
   0.46446      4.984660  0.018  0.044  0.010  0.076
   0.45116      4.981826  0.018  0.046  0.010  0.076
   0.43785      4.980886  0.018  0.046  0.010  0.076
   0.43785      4.980886  0.018  0.046  0.010  0.076
   0.41481      4.967416  0.020  0.046  0.012  0.080
   0.39176      4.951219  0.020  0.054  0.014  0.088
   0.36872      4.979817  0.016  0.046  0.022  0.083
   0.34567      4.953814  0.026  0.022  0.014  0.064
   0.32263      4.915771  0.028  0.026  0.014  0.068
   0.29958      4.874207  0.032  0.030  0.012  0.074
   0.27654      4.829543  0.033  0.034  0.012  0.078
   0.25349      4.785260  0.032  0.038  0.012  0.083
   0.23045      4.743446  0.030  0.048  0.016  0.092
   0.20740      4.701340  0.024  0.058  0.018  0.099
   0.18436      4.672879  0.012  0.070  0.018  0.100
   0.16131      4.660486  0.012  0.070  0.018  0.100
   0.13827      4.648294  0.012  0.070  0.018  0.100
   0.11522      4.636849  0.016  0.064  0.018  0.100
   0.09218      4.626672  0.016  0.064  0.020  0.100
   0.06913      4.618229  0.016  0.064  0.022  0.102
   0.04609      4.611906  0.016  0.064  0.022  0.102
   0.02304      4.607993  0.016  0.064  0.022  0.100
   0.00000      4.606667  0.014  0.062  0.020  0.100
 
# Band-Index:  113
   0.00000      4.606669  0.016  0.064  0.022  0.100
   0.02304      4.613034  0.016  0.056  0.018  0.094
   0.04609      4.629460  0.022  0.046  0.018  0.086
   0.06913      4.652404  0.024  0.040  0.014  0.078
   0.09218      4.680145  0.026  0.032  0.010  0.072
   0.11522      4.711672  0.030  0.030  0.008  0.066
   0.13827      4.745954  0.032  0.024  0.008  0.064
   0.16131      4.781933  0.032  0.022  0.008  0.062
   0.18436      4.819132  0.032  0.019  0.008  0.059
   0.20740      4.858446  0.032  0.020  0.008  0.058
   0.23045      4.901291  0.030  0.022  0.010  0.060
   0.25349      4.946994  0.030  0.024  0.010  0.062
   0.27654      4.992211  0.028  0.022  0.012  0.068
   0.29958      5.031913  0.026  0.028  0.016  0.068
   0.32263      5.057264  0.026  0.036  0.020  0.077
   0.34567      5.036010  0.020  0.048  0.018  0.080
   0.36872      4.998620  0.029  0.028  0.010  0.066
   0.39176      5.031969  0.024  0.017  0.018  0.056
   0.41481      5.062051  0.020  0.012  0.020  0.052
   0.43785      5.074138  0.020  0.012  0.020  0.052
   0.43785      5.074138  0.020  0.012  0.020  0.052
   0.45116      5.074869  0.020  0.012  0.020  0.052
   0.46446      5.076996  0.020  0.012  0.020  0.052
   0.47777      5.080312  0.020  0.012  0.020  0.052
   0.49107      5.084421  0.020  0.012  0.020  0.052
   0.50438      5.088655  0.019  0.012  0.020  0.052
   0.51768      5.091970  0.022  0.012  0.020  0.054
   0.53099      5.092924  0.020  0.016  0.018  0.056
   0.54429      5.090104  0.020  0.016  0.016  0.057
   0.55760      5.112386  0.012  0.048  0.016  0.076
   0.57090      5.143163  0.010  0.050  0.018  0.078
   0.58421      5.172630  0.010  0.056  0.018  0.080
   0.59751      5.199981  0.010  0.056  0.020  0.086
   0.61082      5.224043  0.010  0.062  0.021  0.092
   0.62412      5.242842  0.010  0.068  0.022  0.099
   0.63743      5.253348  0.010  0.078  0.020  0.108
   0.65073      5.254312  0.012  0.084  0.018  0.114
   0.66404      5.249592  0.010  0.086  0.016  0.112
   0.67734      5.243540  0.010  0.083  0.016  0.111
   0.69065      5.238150  0.009  0.078  0.017  0.105
   0.69065      5.238150  0.009  0.078  0.017  0.105
   0.71726      5.227749  0.012  0.066  0.014  0.091
   0.74387      5.215697  0.012  0.054  0.014  0.080
   0.77048      5.199938  0.014  0.046  0.014  0.075
   0.79709      5.171848  0.017  0.038  0.012  0.066
   0.82370      5.117600  0.030  0.035  0.020  0.085
   0.85031      5.073904  0.018  0.048  0.022  0.090
   0.87692      5.058154  0.026  0.020  0.006  0.054
   0.90353      5.026236  0.030  0.020  0.006  0.057
   0.93014      4.988528  0.028  0.022  0.006  0.058
   0.95675      4.942126  0.030  0.026  0.006  0.062
   0.98336      4.891096  0.028  0.024  0.008  0.060
   1.00997      4.839246  0.028  0.024  0.008  0.062
   1.03658      4.789152  0.032  0.024  0.008  0.065
   1.06319      4.742637  0.030  0.024  0.008  0.066
   1.08980      4.701021  0.028  0.032  0.008  0.068
   1.11641      4.665236  0.028  0.036  0.012  0.074
   1.14302      4.636049  0.024  0.042  0.016  0.084
   1.16963      4.615032  0.020  0.054  0.018  0.094
   1.19624      4.606669  0.016  0.064  0.022  0.100
 
# Band-Index:  114
   1.19624      4.947722  0.000  0.000  0.020  0.024
   1.16963      4.951425  0.000  0.000  0.020  0.024
   1.14302      4.962488  0.000  0.000  0.019  0.024
   1.11641      4.980776  0.000  0.000  0.018  0.024
   1.08980      5.006043  0.000  0.000  0.018  0.023
   1.06319      5.037879  0.000  0.002  0.018  0.022
   1.03658      5.075570  0.000  0.002  0.017  0.022
   1.00997      5.117710  0.000  0.002  0.016  0.022
   0.98336      5.161154  0.000  0.004  0.014  0.022
   0.95675      5.197978  0.004  0.014  0.015  0.029
   0.93014      5.184263  0.016  0.037  0.030  0.086
   0.90353      5.179844  0.018  0.036  0.028  0.082
   0.87692      5.128881  0.012  0.044  0.014  0.076
   0.85031      5.093969  0.023  0.022  0.010  0.053
   0.82370      5.134277  0.022  0.029  0.010  0.056
   0.79709      5.181309  0.028  0.031  0.022  0.084
   0.77048      5.237942  0.030  0.032  0.026  0.088
   0.74387      5.283393  0.030  0.032  0.029  0.089
   0.71726      5.315095  0.027  0.030  0.032  0.092
   0.69065      5.330949  0.029  0.031  0.029  0.093
   0.69065      5.330949  0.029  0.031  0.029  0.093
   0.67734      5.326321  0.029  0.032  0.032  0.093
   0.66404      5.318648  0.030  0.029  0.031  0.090
   0.65073      5.309852  0.031  0.029  0.027  0.090
   0.63743      5.302177  0.036  0.031  0.022  0.089
   0.62412      5.296545  0.032  0.033  0.022  0.087
   0.61082      5.283388  0.026  0.028  0.026  0.080
   0.59751      5.269624  0.024  0.029  0.023  0.077
   0.58421      5.257131  0.025  0.028  0.021  0.074
   0.57090      5.247268  0.023  0.027  0.019  0.069
   0.55760      5.241369  0.023  0.026  0.017  0.067
   0.54429      5.240073  0.027  0.027  0.017  0.066
   0.53099      5.240697  0.028  0.028  0.020  0.077
   0.51768      5.232433  0.028  0.027  0.021  0.077
   0.50438      5.224926  0.028  0.026  0.021  0.078
   0.49107      5.218482  0.027  0.026  0.021  0.076
   0.47777      5.213280  0.027  0.026  0.021  0.076
   0.46446      5.209460  0.027  0.026  0.021  0.076
   0.45116      5.207126  0.027  0.026  0.021  0.076
   0.43785      5.206341  0.027  0.026  0.021  0.076
   0.43785      5.206341  0.027  0.026  0.021  0.076
   0.41481      5.191226  0.026  0.022  0.024  0.072
   0.39176      5.166528  0.024  0.020  0.026  0.069
   0.36872      5.136938  0.022  0.022  0.026  0.068
   0.34567      5.108735  0.022  0.024  0.024  0.070
   0.32263      5.103909  0.014  0.036  0.022  0.076
   0.29958      5.128117  0.016  0.042  0.026  0.080
   0.27654      5.151070  0.016  0.041  0.026  0.081
   0.25349      5.158730  0.002  0.012  0.012  0.032
   0.23045      5.147457  0.002  0.006  0.014  0.022
   0.20740      5.127813  0.000  0.004  0.014  0.022
   0.18436      5.101083  0.000  0.004  0.016  0.020
   0.16131      5.070851  0.000  0.000  0.016  0.020
   0.13827      5.041064  0.000  0.000  0.020  0.022
   0.11522      5.014014  0.000  0.000  0.020  0.022
   0.09218      4.990877  0.000  0.000  0.020  0.024
   0.06913      4.972314  0.000  0.000  0.021  0.024
   0.04609      4.958756  0.000  0.000  0.022  0.024
   0.02304      4.950498  0.000  0.000  0.022  0.024
   0.00000      4.947722  0.000  0.000  0.020  0.024
 
# Band-Index:  115
   0.00000      4.947725  0.000  0.000  0.022  0.024
   0.02304      4.951581  0.000  0.000  0.020  0.024
   0.04609      4.963087  0.000  0.000  0.020  0.024
   0.06913      4.982028  0.000  0.000  0.020  0.024
   0.09218      5.008053  0.000  0.000  0.020  0.024
   0.11522      5.040684  0.000  0.000  0.020  0.024
   0.13827      5.079326  0.000  0.000  0.020  0.024
   0.16131      5.123282  0.000  0.004  0.020  0.024
   0.18436      5.171773  0.000  0.006  0.020  0.025
   0.20740      5.214704  0.016  0.024  0.030  0.068
   0.23045      5.200594  0.014  0.036  0.035  0.086
   0.25349      5.177609  0.016  0.042  0.030  0.087
   0.27654      5.162233  0.013  0.017  0.016  0.048
   0.29958      5.155663  0.018  0.022  0.013  0.052
   0.32263      5.157197  0.024  0.022  0.014  0.059
   0.34567      5.174983  0.027  0.026  0.014  0.067
   0.36872      5.198413  0.028  0.026  0.010  0.069
   0.39176      5.218541  0.029  0.026  0.012  0.072
   0.41481      5.227666  0.028  0.026  0.013  0.066
   0.43785      5.222252  0.025  0.024  0.011  0.060
   0.43785      5.222252  0.025  0.024  0.011  0.060
   0.45116      5.223142  0.025  0.024  0.010  0.060
   0.46446      5.225764  0.026  0.024  0.010  0.060
   0.47777      5.229944  0.026  0.024  0.010  0.060
   0.49107      5.235258  0.027  0.024  0.010  0.065
   0.50438      5.240614  0.029  0.026  0.011  0.068
   0.51768      5.243475  0.028  0.028  0.012  0.070
   0.53099      5.242244  0.028  0.029  0.016  0.070
   0.54429      5.249849  0.029  0.027  0.021  0.078
   0.55760      5.259203  0.029  0.029  0.020  0.078
   0.57090      5.268592  0.029  0.030  0.019  0.081
   0.58421      5.277591  0.029  0.030  0.019  0.082
   0.59751      5.285642  0.030  0.034  0.019  0.084
   0.61082      5.292149  0.036  0.034  0.018  0.086
   0.62412      5.297755  0.029  0.032  0.024  0.087
   0.63743      5.310139  0.028  0.031  0.030  0.088
   0.65073      5.320899  0.027  0.031  0.031  0.092
   0.66404      5.328709  0.028  0.033  0.032  0.092
   0.67734      5.332650  0.029  0.030  0.033  0.092
   0.69065      5.332300  0.029  0.031  0.030  0.093
   0.69065      5.332300  0.029  0.031  0.030  0.093
   0.71726      5.329173  0.028  0.029  0.030  0.088
   0.74387      5.306805  0.023  0.030  0.025  0.076
   0.77048      5.305420  0.018  0.034  0.020  0.076
   0.79709      5.305283  0.015  0.034  0.028  0.077
   0.82370      5.274776  0.015  0.032  0.030  0.078
   0.85031      5.235070  0.013  0.034  0.030  0.078
   0.87692      5.199483  0.014  0.032  0.030  0.078
   0.90353      5.184737  0.010  0.038  0.014  0.060
   0.93014      5.210798  0.004  0.024  0.012  0.044
   0.95675      5.204112  0.016  0.042  0.032  0.090
   0.98336      5.219852  0.004  0.014  0.027  0.050
   1.00997      5.166391  0.000  0.006  0.022  0.024
   1.03658      5.114387  0.000  0.004  0.022  0.024
   1.06319      5.067170  0.000  0.000  0.022  0.024
   1.08980      5.026213  0.000  0.000  0.022  0.024
   1.11641      4.992813  0.000  0.000  0.022  0.024
   1.14302      4.968076  0.000  0.000  0.022  0.024
   1.16963      4.952859  0.000  0.000  0.022  0.024
   1.19624      4.947725  0.000  0.000  0.022  0.024
 
# Band-Index:  116
   1.19624      5.206942  0.004  0.000  0.063  0.070
   1.16963      5.208112  0.004  0.000  0.062  0.070
   1.14302      5.211563  0.004  0.004  0.061  0.070
   1.11641      5.217031  0.008  0.008  0.056  0.070
   1.08980      5.223822  0.008  0.010  0.051  0.071
   1.06319      5.230597  0.009  0.016  0.049  0.075
   1.03658      5.235144  0.013  0.021  0.044  0.079
   1.00997      5.234152  0.014  0.030  0.039  0.084
   0.98336      5.225635  0.012  0.026  0.026  0.068
   0.95675      5.277944  0.000  0.006  0.017  0.024
   0.93014      5.328439  0.002  0.010  0.020  0.032
   0.90353      5.356223  0.006  0.028  0.018  0.054
   0.87692      5.367364  0.014  0.036  0.016  0.066
   0.85031      5.374510  0.012  0.042  0.016  0.072
   0.82370      5.380262  0.016  0.044  0.012  0.074
   0.79709      5.386327  0.014  0.036  0.014  0.062
   0.77048      5.394265  0.010  0.012  0.018  0.038
   0.74387      5.402577  0.010  0.012  0.012  0.038
   0.71726      5.430602  0.006  0.014  0.010  0.028
   0.69065      5.474585  0.012  0.002  0.008  0.022
   0.69065      5.474585  0.012  0.002  0.008  0.022
   0.67734      5.457613  0.004  0.010  0.010  0.026
   0.66404      5.439129  0.004  0.010  0.010  0.022
   0.65073      5.420624  0.004  0.007  0.010  0.022
   0.63743      5.402276  0.006  0.008  0.010  0.022
   0.62412      5.384216  0.002  0.008  0.010  0.024
   0.61082      5.366547  0.006  0.008  0.010  0.026
   0.59751      5.349378  0.008  0.012  0.009  0.027
   0.58421      5.332856  0.008  0.012  0.009  0.029
   0.57090      5.317185  0.008  0.012  0.009  0.030
   0.55760      5.302663  0.009  0.012  0.009  0.030
   0.54429      5.289780  0.008  0.012  0.009  0.029
   0.53099      5.279559  0.005  0.011  0.009  0.027
   0.51768      5.274142  0.002  0.010  0.010  0.024
   0.50438      5.274771  0.002  0.008  0.010  0.026
   0.49107      5.278245  0.004  0.010  0.012  0.030
   0.47777      5.281568  0.006  0.010  0.012  0.035
   0.46446      5.283863  0.006  0.012  0.014  0.038
   0.45116      5.285127  0.006  0.012  0.016  0.038
   0.43785      5.285524  0.006  0.012  0.016  0.036
   0.43785      5.285524  0.006  0.012  0.016  0.036
   0.41481      5.295970  0.006  0.012  0.014  0.034
   0.39176      5.326946  0.006  0.012  0.012  0.030
   0.36872      5.364978  0.004  0.012  0.010  0.026
   0.34567      5.399363  0.004  0.010  0.010  0.024
   0.32263      5.418939  0.004  0.012  0.006  0.024
   0.29958      5.395822  0.004  0.014  0.012  0.026
   0.27654      5.348426  0.002  0.014  0.014  0.030
   0.25349      5.300859  0.004  0.012  0.016  0.032
   0.23045      5.260546  0.006  0.014  0.016  0.036
   0.20740      5.223953  0.000  0.006  0.020  0.026
   0.18436      5.211083  0.010  0.012  0.027  0.052
   0.16131      5.210020  0.010  0.012  0.030  0.055
   0.13827      5.212718  0.010  0.014  0.034  0.060
   0.11522      5.215120  0.009  0.014  0.042  0.063
   0.09218      5.215169  0.008  0.008  0.050  0.066
   0.06913      5.213031  0.008  0.008  0.056  0.070
   0.04609      5.210110  0.008  0.000  0.062  0.070
   0.02304      5.207801  0.004  0.000  0.062  0.071
   0.00000      5.206942  0.004  0.000  0.063  0.070
 
# Band-Index:  117
   0.00000      5.206944  0.004  0.000  0.063  0.072
   0.02304      5.210647  0.004  0.000  0.063  0.070
   0.04609      5.221682  0.004  0.000  0.063  0.070
   0.06913      5.239807  0.004  0.000  0.062  0.074
   0.09218      5.251295  0.008  0.024  0.027  0.064
   0.11522      5.252446  0.016  0.024  0.031  0.072
   0.13827      5.252155  0.014  0.026  0.032  0.076
   0.16131      5.248852  0.016  0.030  0.032  0.078
   0.18436      5.241666  0.016  0.034  0.031  0.080
   0.20740      5.237462  0.010  0.026  0.024  0.058
   0.23045      5.278916  0.000  0.006  0.021  0.030
   0.25349      5.335631  0.004  0.006  0.020  0.030
   0.27654      5.392529  0.004  0.006  0.020  0.030
   0.29958      5.444131  0.004  0.020  0.018  0.040
   0.32263      5.468927  0.012  0.054  0.012  0.080
   0.34567      5.473723  0.014  0.062  0.012  0.090
   0.36872      5.474661  0.016  0.066  0.012  0.096
   0.39176      5.474669  0.016  0.072  0.012  0.100
   0.41481      5.474503  0.016  0.072  0.012  0.100
   0.43785      5.474423  0.016  0.072  0.012  0.100
   0.43785      5.474423  0.016  0.072  0.012  0.100
   0.45116      5.471194  0.016  0.068  0.012  0.096
   0.46446      5.462912  0.012  0.066  0.012  0.094
   0.47777      5.452171  0.014  0.064  0.012  0.088
   0.49107      5.441198  0.014  0.062  0.012  0.090
   0.50438      5.431719  0.010  0.060  0.014  0.084
   0.51768      5.424933  0.012  0.058  0.012  0.082
   0.53099      5.421380  0.014  0.052  0.014  0.078
   0.54429      5.420988  0.010  0.052  0.014  0.078
   0.55760      5.423309  0.012  0.050  0.016  0.076
   0.57090      5.427793  0.012  0.046  0.016  0.074
   0.58421      5.433934  0.012  0.046  0.018  0.070
   0.59751      5.441322  0.014  0.040  0.018  0.070
   0.61082      5.449637  0.010  0.040  0.016  0.064
   0.62412      5.458602  0.010  0.038  0.016  0.064
   0.63743      5.467869  0.012  0.035  0.016  0.059
   0.65073      5.476627  0.012  0.027  0.012  0.053
   0.66404      5.482146  0.010  0.018  0.008  0.040
   0.67734      5.479112  0.010  0.008  0.008  0.030
   0.69065      5.475688  0.003  0.011  0.011  0.025
   0.69065      5.475688  0.003  0.011  0.011  0.025
   0.71726      5.497456  0.010  0.011  0.010  0.032
   0.74387      5.466793  0.016  0.054  0.012  0.078
   0.77048      5.445334  0.018  0.060  0.010  0.085
   0.79709      5.471748  0.014  0.040  0.010  0.064
   0.82370      5.530160  0.010  0.034  0.016  0.061
   0.85031      5.526609  0.008  0.017  0.026  0.046
   0.87692      5.471566  0.000  0.014  0.011  0.029
   0.90353      5.413671  0.004  0.018  0.017  0.037
   0.93014      5.363601  0.004  0.026  0.016  0.046
   0.95675      5.323842  0.004  0.030  0.014  0.050
   0.98336      5.290344  0.008  0.028  0.014  0.052
   1.00997      5.264382  0.008  0.026  0.018  0.052
   1.03658      5.248859  0.008  0.026  0.021  0.054
   1.06319      5.242680  0.010  0.024  0.023  0.059
   1.08980      5.241601  0.010  0.022  0.026  0.059
   1.11641      5.239408  0.008  0.018  0.036  0.062
   1.14302      5.225598  0.004  0.004  0.063  0.070
   1.16963      5.211841  0.004  0.000  0.063  0.072
   1.19624      5.206944  0.004  0.000  0.063  0.072
 
# Band-Index:  118
   1.19624      5.246328  0.008  0.024  0.008  0.040
   1.16963      5.246974  0.008  0.024  0.008  0.040
   1.14302      5.249060  0.010  0.025  0.014  0.050
   1.11641      5.259818  0.008  0.016  0.046  0.064
   1.08980      5.290229  0.008  0.009  0.057  0.070
   1.06319      5.330809  0.004  0.008  0.059  0.071
   1.03658      5.363295  0.010  0.030  0.041  0.081
   1.00997      5.368197  0.012  0.030  0.036  0.082
   0.98336      5.368384  0.010  0.028  0.032  0.076
   0.95675      5.370454  0.010  0.030  0.032  0.074
   0.93014      5.382374  0.010  0.028  0.030  0.070
   0.90353      5.419720  0.004  0.016  0.028  0.052
   0.87692      5.473764  0.003  0.013  0.026  0.044
   0.85031      5.528425  0.001  0.014  0.006  0.023
   0.82370      5.565780  0.004  0.014  0.016  0.036
   0.79709      5.569885  0.006  0.020  0.022  0.048
   0.77048      5.558141  0.006  0.022  0.022  0.050
   0.74387      5.535347  0.008  0.024  0.018  0.050
   0.71726      5.500354  0.014  0.044  0.011  0.068
   0.69065      5.476057  0.003  0.011  0.011  0.025
   0.69065      5.476057  0.003  0.011  0.011  0.025
   0.67734      5.486906  0.004  0.012  0.012  0.028
   0.66404      5.484723  0.004  0.014  0.010  0.030
   0.65073      5.477955  0.008  0.015  0.009  0.033
   0.63743      5.474772  0.008  0.016  0.008  0.039
   0.62412      5.478742  0.012  0.024  0.012  0.046
   0.61082      5.489076  0.012  0.028  0.010  0.051
   0.59751      5.501513  0.008  0.034  0.012  0.052
   0.58421      5.511312  0.008  0.030  0.008  0.050
   0.57090      5.516583  0.008  0.028  0.008  0.044
   0.55760      5.518146  0.006  0.024  0.010  0.040
   0.54429      5.517385  0.006  0.024  0.010  0.042
   0.53099      5.515338  0.006  0.022  0.010  0.038
   0.51768      5.512691  0.006  0.022  0.010  0.042
   0.50438      5.509900  0.002  0.022  0.012  0.038
   0.49107      5.507279  0.002  0.023  0.012  0.038
   0.47777      5.505048  0.002  0.024  0.012  0.041
   0.46446      5.503356  0.002  0.022  0.012  0.042
   0.45116      5.502304  0.002  0.022  0.012  0.038
   0.43785      5.501947  0.002  0.022  0.013  0.038
   0.43785      5.501947  0.002  0.022  0.013  0.038
   0.41481      5.509674  0.004  0.021  0.014  0.038
   0.39176      5.526268  0.004  0.022  0.016  0.041
   0.36872      5.537366  0.004  0.010  0.020  0.032
   0.34567      5.519508  0.000  0.012  0.020  0.032
   0.32263      5.477407  0.002  0.016  0.024  0.042
   0.29958      5.462305  0.004  0.018  0.026  0.048
   0.27654      5.453727  0.006  0.024  0.023  0.052
   0.25349      5.438529  0.006  0.024  0.020  0.050
   0.23045      5.421206  0.006  0.024  0.018  0.050
   0.20740      5.402863  0.008  0.024  0.017  0.051
   0.18436      5.383939  0.008  0.026  0.017  0.051
   0.16131      5.365099  0.009  0.022  0.017  0.051
   0.13827      5.331873  0.004  0.004  0.062  0.070
   0.11522      5.295558  0.004  0.004  0.062  0.073
   0.09218      5.264620  0.004  0.004  0.062  0.073
   0.06913      5.249705  0.008  0.026  0.017  0.053
   0.04609      5.248084  0.008  0.024  0.012  0.048
   0.02304      5.246814  0.008  0.024  0.008  0.040
   0.00000      5.246328  0.008  0.024  0.008  0.040
 
# Band-Index:  119
   0.00000      5.291283  0.006  0.016  0.018  0.040
   0.02304      5.293370  0.006  0.016  0.020  0.041
   0.04609      5.299526  0.007  0.018  0.023  0.048
   0.06913      5.307461  0.015  0.019  0.039  0.072
   0.09218      5.317592  0.015  0.018  0.031  0.064
   0.11522      5.331048  0.010  0.022  0.026  0.059
   0.13827      5.347172  0.009  0.022  0.023  0.055
   0.16131      5.372472  0.004  0.008  0.060  0.072
   0.18436      5.414324  0.004  0.020  0.049  0.075
   0.20740      5.443387  0.012  0.044  0.035  0.091
   0.23045      5.459705  0.016  0.050  0.030  0.096
   0.25349      5.470918  0.016  0.056  0.026  0.098
   0.27654      5.479291  0.016  0.056  0.025  0.098
   0.29958      5.490582  0.012  0.050  0.030  0.092
   0.32263      5.526539  0.004  0.018  0.032  0.058
   0.34567      5.542981  0.004  0.014  0.022  0.042
   0.36872      5.553769  0.002  0.017  0.012  0.032
   0.39176      5.547345  0.004  0.012  0.011  0.028
   0.41481      5.542798  0.004  0.014  0.010  0.024
   0.43785      5.541335  0.004  0.010  0.010  0.024
   0.43785      5.541335  0.004  0.010  0.010  0.024
   0.45116      5.543947  0.004  0.014  0.010  0.028
   0.46446      5.550612  0.004  0.016  0.010  0.034
   0.47777      5.559420  0.004  0.016  0.012  0.033
   0.49107      5.569177  0.004  0.020  0.014  0.038
   0.50438      5.579318  0.004  0.020  0.015  0.040
   0.51768      5.589556  0.004  0.020  0.016  0.040
   0.53099      5.599697  0.004  0.018  0.016  0.040
   0.54429      5.609544  0.004  0.018  0.018  0.041
   0.55760      5.618804  0.004  0.018  0.018  0.042
   0.57090      5.626844  0.004  0.019  0.018  0.040
   0.58421      5.605726  0.008  0.021  0.012  0.042
   0.59751      5.587557  0.008  0.020  0.008  0.036
   0.61082      5.575044  0.008  0.016  0.008  0.034
   0.62412      5.566221  0.010  0.014  0.006  0.036
   0.63743      5.558762  0.010  0.018  0.006  0.036
   0.65073      5.548102  0.014  0.036  0.009  0.060
   0.66404      5.528099  0.016  0.040  0.008  0.064
   0.67734      5.522298  0.016  0.044  0.008  0.066
   0.69065      5.529197  0.014  0.042  0.007  0.064
   0.69065      5.529197  0.014  0.042  0.007  0.064
   0.71726      5.511069  0.000  0.010  0.014  0.026
   0.74387      5.552429  0.008  0.006  0.010  0.026
   0.77048      5.595369  0.010  0.022  0.010  0.042
   0.79709      5.610569  0.010  0.028  0.012  0.042
   0.82370      5.591561  0.004  0.026  0.023  0.054
   0.85031      5.568357  0.006  0.028  0.030  0.062
   0.87692      5.541170  0.004  0.024  0.022  0.054
   0.90353      5.505082  0.004  0.026  0.016  0.046
   0.93014      5.469326  0.004  0.026  0.018  0.051
   0.95675      5.441937  0.006  0.028  0.018  0.053
   0.98336      5.419310  0.006  0.028  0.018  0.057
   1.00997      5.395826  0.006  0.026  0.018  0.057
   1.03658      5.371187  0.006  0.022  0.018  0.054
   1.06319      5.348712  0.009  0.023  0.028  0.061
   1.08980      5.328560  0.013  0.021  0.030  0.063
   1.11641      5.313014  0.013  0.020  0.038  0.070
   1.14302      5.302197  0.005  0.019  0.023  0.049
   1.16963      5.294061  0.006  0.016  0.020  0.040
   1.19624      5.291283  0.006  0.016  0.018  0.040
 
# Band-Index:  120
   1.19624      5.296554  0.014  0.020  0.054  0.088
   1.16963      5.297947  0.016  0.020  0.054  0.087
   1.14302      5.303019  0.014  0.018  0.044  0.078
   1.11641      5.315411  0.004  0.017  0.027  0.053
   1.08980      5.332411  0.007  0.022  0.034  0.061
   1.06319      5.350359  0.007  0.026  0.041  0.074
   1.03658      5.378611  0.008  0.012  0.064  0.079
   1.00997      5.429455  0.008  0.012  0.063  0.081
   0.98336      5.477316  0.004  0.016  0.051  0.070
   0.95675      5.523901  0.004  0.015  0.054  0.073
   0.93014      5.573011  0.008  0.020  0.050  0.077
   0.90353      5.594107  0.008  0.014  0.034  0.058
   0.87692      5.618969  0.004  0.012  0.024  0.042
   0.85031      5.625432  0.006  0.018  0.006  0.034
   0.82370      5.606670  0.000  0.006  0.012  0.020
   0.79709      5.632793  0.006  0.010  0.012  0.030
   0.77048      5.606264  0.006  0.014  0.010  0.034
   0.74387      5.580061  0.010  0.024  0.008  0.044
   0.71726      5.553404  0.015  0.032  0.008  0.052
   0.69065      5.529202  0.014  0.042  0.007  0.064
   0.69065      5.529202  0.014  0.042  0.007  0.064
   0.67734      5.536620  0.014  0.034  0.006  0.054
   0.66404      5.543474  0.010  0.028  0.006  0.045
   0.65073      5.551262  0.010  0.021  0.006  0.042
   0.63743      5.572859  0.010  0.034  0.010  0.056
   0.62412      5.596824  0.010  0.034  0.010  0.055
   0.61082      5.616883  0.010  0.032  0.012  0.056
   0.59751      5.629659  0.006  0.027  0.016  0.052
   0.58421      5.631964  0.004  0.022  0.018  0.046
   0.57090      5.628996  0.008  0.024  0.014  0.047
   0.55760      5.654566  0.010  0.026  0.016  0.052
   0.54429      5.679164  0.006  0.026  0.010  0.042
   0.53099      5.678630  0.006  0.028  0.012  0.042
   0.51768      5.676706  0.006  0.024  0.012  0.040
   0.50438      5.674081  0.006  0.024  0.012  0.042
   0.49107      5.671323  0.006  0.026  0.014  0.044
   0.47777      5.668844  0.006  0.026  0.014  0.040
   0.46446      5.666914  0.006  0.022  0.014  0.040
   0.45116      5.665699  0.006  0.022  0.014  0.040
   0.43785      5.665284  0.006  0.022  0.014  0.041
   0.43785      5.665284  0.006  0.022  0.014  0.041
   0.41481      5.650831  0.006  0.022  0.014  0.040
   0.39176      5.616123  0.004  0.020  0.016  0.038
   0.36872      5.573348  0.006  0.018  0.020  0.040
   0.34567      5.556417  0.002  0.016  0.018  0.032
   0.32263      5.532070  0.004  0.012  0.024  0.046
   0.29958      5.516117  0.006  0.012  0.030  0.050
   0.27654      5.508959  0.005  0.012  0.040  0.058
   0.25349      5.501030  0.006  0.010  0.050  0.072
   0.23045      5.481269  0.004  0.012  0.058  0.074
   0.20740      5.452087  0.004  0.012  0.056  0.072
   0.18436      5.420550  0.002  0.014  0.052  0.067
   0.16131      5.390697  0.002  0.014  0.048  0.068
   0.13827      5.364284  0.002  0.018  0.041  0.062
   0.11522      5.341982  0.003  0.020  0.034  0.057
   0.09218      5.323876  0.004  0.019  0.032  0.054
   0.06913      5.309818  0.005  0.019  0.027  0.050
   0.04609      5.301031  0.014  0.019  0.047  0.080
   0.02304      5.297570  0.014  0.020  0.052  0.087
   0.00000      5.296554  0.014  0.020  0.054  0.088
 
# Band-Index:  121
   0.00000      5.296558  0.016  0.020  0.056  0.088
   0.02304      5.299482  0.016  0.020  0.056  0.090
   0.04609      5.308103  0.016  0.022  0.056  0.094
   0.06913      5.321948  0.016  0.022  0.054  0.092
   0.09218      5.340218  0.016  0.026  0.053  0.092
   0.11522      5.361787  0.016  0.028  0.052  0.094
   0.13827      5.385248  0.016  0.032  0.050  0.098
   0.16131      5.409202  0.016  0.034  0.048  0.097
   0.18436      5.434095  0.016  0.032  0.048  0.095
   0.20740      5.471644  0.008  0.012  0.063  0.080
   0.23045      5.520090  0.004  0.010  0.064  0.075
   0.25349      5.561224  0.002  0.010  0.008  0.020
   0.27654      5.555660  0.002  0.010  0.012  0.024
   0.29958      5.551902  0.002  0.012  0.014  0.028
   0.32263      5.551270  0.002  0.014  0.014  0.028
   0.34567      5.580310  0.004  0.014  0.030  0.046
   0.36872      5.635014  0.004  0.010  0.030  0.046
   0.39176      5.685405  0.004  0.010  0.032  0.048
   0.41481      5.724776  0.004  0.010  0.038  0.050
   0.43785      5.740402  0.004  0.006  0.008  0.022
   0.43785      5.740402  0.004  0.006  0.008  0.022
   0.45116      5.740334  0.004  0.010  0.030  0.044
   0.46446      5.739871  0.004  0.014  0.038  0.052
   0.47777      5.738563  0.004  0.014  0.038  0.056
   0.49107      5.735494  0.004  0.016  0.036  0.054
   0.50438      5.729202  0.008  0.020  0.032  0.058
   0.51768      5.718057  0.008  0.024  0.028  0.058
   0.53099      5.701254  0.008  0.026  0.022  0.060
   0.54429      5.679483  0.008  0.026  0.018  0.056
   0.55760      5.677628  0.006  0.028  0.010  0.042
   0.57090      5.673686  0.006  0.026  0.008  0.040
   0.58421      5.668294  0.006  0.024  0.008  0.038
   0.59751      5.665416  0.004  0.018  0.008  0.028
   0.61082      5.668014  0.000  0.016  0.010  0.026
   0.62412      5.673281  0.000  0.012  0.012  0.026
   0.63743      5.678851  0.000  0.012  0.008  0.026
   0.65073      5.662405  0.006  0.010  0.010  0.028
   0.66404      5.630811  0.006  0.010  0.008  0.026
   0.67734      5.605357  0.006  0.012  0.006  0.022
   0.69065      5.595273  0.006  0.006  0.004  0.018
   0.69065      5.595273  0.006  0.006  0.004  0.018
   0.71726      5.620187  0.006  0.014  0.006  0.024
   0.74387      5.655159  0.006  0.011  0.008  0.025
   0.77048      5.666407  0.000  0.015  0.010  0.026
   0.79709      5.645742  0.000  0.006  0.014  0.022
   0.82370      5.648355  0.006  0.014  0.012  0.032
   0.85031      5.641022  0.002  0.008  0.018  0.028
   0.87692      5.652431  0.006  0.017  0.054  0.075
   0.90353      5.623137  0.004  0.017  0.052  0.077
   0.93014      5.574440  0.003  0.013  0.058  0.075
   0.95675      5.533620  0.008  0.016  0.063  0.087
   0.98336      5.482290  0.008  0.014  0.063  0.082
   1.00997      5.436007  0.006  0.017  0.049  0.070
   1.03658      5.400886  0.008  0.018  0.044  0.073
   1.06319      5.372400  0.014  0.024  0.047  0.081
   1.08980      5.348909  0.014  0.023  0.048  0.088
   1.11641      5.328332  0.015  0.022  0.051  0.094
   1.14302      5.311516  0.015  0.022  0.053  0.093
   1.16963      5.300428  0.014  0.020  0.054  0.091
   1.19624      5.296558  0.016  0.020  0.056  0.088
 
# Band-Index:  122
   1.19624      5.357360  0.002  0.006  0.002  0.010
   1.16963      5.362442  0.002  0.006  0.002  0.010
   1.14302      5.377038  0.002  0.006  0.002  0.010
   1.11641      5.399685  0.002  0.006  0.003  0.010
   1.08980      5.428622  0.002  0.006  0.004  0.011
   1.06319      5.461751  0.000  0.006  0.006  0.012
   1.03658      5.496434  0.000  0.006  0.009  0.016
   1.00997      5.529092  0.000  0.006  0.016  0.024
   0.98336      5.553842  0.000  0.008  0.030  0.044
   0.95675      5.566555  0.006  0.008  0.038  0.058
   0.93014      5.585928  0.004  0.008  0.046  0.060
   0.90353      5.626635  0.000  0.012  0.062  0.079
   0.87692      5.664056  0.004  0.012  0.008  0.026
   0.85031      5.660406  0.002  0.004  0.023  0.028
   0.82370      5.652607  0.000  0.004  0.026  0.030
   0.79709      5.653232  0.000  0.010  0.020  0.030
   0.77048      5.668531  0.002  0.009  0.011  0.023
   0.74387      5.679394  0.000  0.014  0.008  0.024
   0.71726      5.687619  0.000  0.012  0.008  0.024
   0.69065      5.690528  0.000  0.012  0.008  0.020
   0.69065      5.690528  0.000  0.012  0.008  0.020
   0.67734      5.689762  0.000  0.012  0.008  0.024
   0.66404      5.687467  0.000  0.012  0.008  0.026
   0.65073      5.683746  0.000  0.012  0.008  0.026
   0.63743      5.694680  0.002  0.010  0.012  0.028
   0.62412      5.724551  0.002  0.010  0.016  0.028
   0.61082      5.749812  0.000  0.010  0.018  0.030
   0.59751      5.768717  0.000  0.010  0.018  0.030
   0.58421      5.780208  0.000  0.006  0.018  0.030
   0.57090      5.784384  0.000  0.006  0.017  0.026
   0.55760      5.782956  0.004  0.008  0.016  0.026
   0.54429      5.778374  0.004  0.008  0.016  0.026
   0.53099      5.772328  0.004  0.008  0.014  0.024
   0.51768      5.765706  0.004  0.008  0.010  0.024
   0.50438      5.759094  0.004  0.008  0.008  0.022
   0.49107      5.753004  0.004  0.008  0.008  0.020
   0.47777      5.747866  0.004  0.006  0.008  0.020
   0.46446      5.743997  0.004  0.006  0.008  0.022
   0.45116      5.741612  0.004  0.010  0.016  0.030
   0.43785      5.740845  0.004  0.010  0.038  0.052
   0.43785      5.740845  0.004  0.010  0.038  0.052
   0.41481      5.732808  0.004  0.010  0.010  0.028
   0.39176      5.711051  0.004  0.016  0.008  0.028
   0.36872      5.686975  0.006  0.016  0.008  0.024
   0.34567      5.674332  0.006  0.016  0.008  0.029
   0.32263      5.670708  0.002  0.016  0.020  0.040
   0.29958      5.651135  0.000  0.014  0.040  0.056
   0.27654      5.617693  0.000  0.014  0.046  0.060
   0.25349      5.570899  0.004  0.008  0.064  0.074
   0.23045      5.556254  0.000  0.006  0.018  0.026
   0.20740      5.539848  0.000  0.006  0.020  0.026
   0.18436      5.519732  0.000  0.006  0.016  0.023
   0.16131      5.495054  0.000  0.006  0.008  0.020
   0.13827      5.467199  0.000  0.006  0.006  0.012
   0.11522      5.438804  0.000  0.006  0.004  0.012
   0.09218      5.412346  0.002  0.006  0.004  0.010
   0.06913      5.389701  0.002  0.006  0.002  0.010
   0.04609      5.372268  0.002  0.006  0.002  0.010
   0.02304      5.361183  0.002  0.006  0.002  0.010
   0.00000      5.357360  0.002  0.006  0.002  0.010
 
# Band-Index:  123
   0.00000      5.476730  0.000  0.026  0.012  0.038
   0.02304      5.479327  0.000  0.026  0.012  0.038
   0.04609      5.486956  0.000  0.026  0.014  0.040
   0.06913      5.499137  0.000  0.026  0.016  0.042
   0.09218      5.515124  0.000  0.026  0.018  0.044
   0.11522      5.533951  0.000  0.022  0.021  0.048
   0.13827      5.554420  0.000  0.022  0.024  0.051
   0.16131      5.574413  0.002  0.022  0.030  0.054
   0.18436      5.586849  0.002  0.018  0.032  0.058
   0.20740      5.584942  0.004  0.016  0.032  0.050
   0.23045      5.578581  0.002  0.017  0.032  0.051
   0.25349      5.587726  0.000  0.013  0.044  0.056
   0.27654      5.622059  0.004  0.008  0.064  0.072
   0.29958      5.672301  0.004  0.008  0.062  0.074
   0.32263      5.720359  0.000  0.012  0.060  0.074
   0.34567      5.758346  0.002  0.010  0.070  0.086
   0.36872      5.788931  0.002  0.010  0.073  0.085
   0.39176      5.804536  0.004  0.014  0.028  0.044
   0.41481      5.802608  0.000  0.012  0.033  0.047
   0.43785      5.805900  0.002  0.016  0.063  0.083
   0.43785      5.805900  0.002  0.016  0.063  0.083
   0.45116      5.805997  0.002  0.016  0.063  0.083
   0.46446      5.806350  0.002  0.016  0.064  0.081
   0.47777      5.807131  0.002  0.016  0.065  0.083
   0.49107      5.808591  0.002  0.012  0.067  0.085
   0.50438      5.811020  0.002  0.012  0.069  0.087
   0.51768      5.814730  0.002  0.012  0.073  0.089
   0.53099      5.815854  0.000  0.010  0.022  0.034
   0.54429      5.817366  0.000  0.010  0.028  0.040
   0.55760      5.819346  0.000  0.010  0.038  0.053
   0.57090      5.821966  0.004  0.010  0.047  0.063
   0.58421      5.826314  0.004  0.010  0.057  0.069
   0.59751      5.832939  0.004  0.010  0.059  0.071
   0.61082      5.841369  0.004  0.010  0.062  0.071
   0.62412      5.850893  0.002  0.010  0.065  0.074
   0.63743      5.860718  0.002  0.010  0.070  0.082
   0.65073      5.869405  0.003  0.012  0.078  0.093
   0.66404      5.874465  0.004  0.013  0.083  0.098
   0.67734      5.875614  0.006  0.012  0.076  0.099
   0.69065      5.875874  0.006  0.012  0.076  0.098
   0.69065      5.875874  0.006  0.012  0.076  0.098
   0.71726      5.870252  0.004  0.011  0.083  0.097
   0.74387      5.831065  0.000  0.010  0.047  0.059
   0.77048      5.797436  0.000  0.010  0.047  0.058
   0.79709      5.779416  0.000  0.010  0.053  0.063
   0.82370      5.736508  0.006  0.026  0.027  0.057
   0.85031      5.688810  0.010  0.031  0.030  0.068
   0.87692      5.668935  0.006  0.019  0.049  0.070
   0.90353      5.653031  0.002  0.004  0.010  0.014
   0.93014      5.637197  0.000  0.004  0.010  0.014
   0.95675      5.619250  0.000  0.004  0.014  0.018
   0.98336      5.608649  0.004  0.010  0.024  0.034
   1.00997      5.606040  0.000  0.019  0.029  0.055
   1.03658      5.576853  0.000  0.020  0.026  0.052
   1.06319      5.550392  0.000  0.024  0.024  0.050
   1.08980      5.526591  0.000  0.024  0.020  0.046
   1.11641      5.506140  0.000  0.026  0.016  0.042
   1.14302      5.490268  0.000  0.026  0.014  0.040
   1.16963      5.480187  0.000  0.026  0.012  0.038
   1.19624      5.476730  0.000  0.026  0.012  0.038
 
# Band-Index:  124
   1.19624      5.632856  0.002  0.000  0.047  0.052
   1.16963      5.635457  0.002  0.000  0.047  0.052
   1.14302      5.641458  0.001  0.006  0.074  0.082
   1.11641      5.639911  0.002  0.006  0.072  0.084
   1.08980      5.637440  0.002  0.006  0.068  0.080
   1.06319      5.632212  0.000  0.006  0.060  0.073
   1.03658      5.623173  0.000  0.012  0.052  0.066
   1.00997      5.612829  0.004  0.012  0.039  0.055
   0.98336      5.637998  0.004  0.020  0.032  0.054
   0.95675      5.671693  0.004  0.018  0.033  0.054
   0.93014      5.703550  0.004  0.020  0.030  0.053
   0.90353      5.716767  0.004  0.020  0.018  0.040
   0.87692      5.693391  0.000  0.016  0.022  0.040
   0.85031      5.727173  0.000  0.012  0.060  0.071
   0.82370      5.759878  0.000  0.012  0.058  0.069
   0.79709      5.799344  0.006  0.020  0.030  0.051
   0.77048      5.866276  0.004  0.016  0.051  0.067
   0.74387      5.877323  0.006  0.013  0.051  0.074
   0.71726      5.877848  0.004  0.014  0.075  0.094
   0.69065      5.876865  0.006  0.013  0.074  0.097
   0.69065      5.876865  0.006  0.013  0.074  0.097
   0.67734      5.876708  0.006  0.011  0.076  0.097
   0.66404      5.875788  0.007  0.014  0.077  0.096
   0.65073      5.875073  0.005  0.014  0.078  0.098
   0.63743      5.874209  0.006  0.014  0.080  0.099
   0.62412      5.872653  0.006  0.013  0.083  0.101
   0.61082      5.869632  0.006  0.014  0.088  0.106
   0.59751      5.864145  0.006  0.013  0.090  0.106
   0.58421      5.855855  0.002  0.012  0.087  0.105
   0.57090      5.845859  0.002  0.012  0.084  0.103
   0.55760      5.835860  0.002  0.012  0.081  0.097
   0.54429      5.827072  0.002  0.012  0.078  0.094
   0.53099      5.820014  0.002  0.012  0.075  0.091
   0.51768      5.815292  0.000  0.010  0.019  0.032
   0.50438      5.815413  0.000  0.012  0.018  0.032
   0.49107      5.815089  0.002  0.012  0.018  0.032
   0.47777      5.813869  0.002  0.010  0.018  0.032
   0.46446      5.812298  0.002  0.010  0.016  0.030
   0.45116      5.811064  0.002  0.010  0.014  0.026
   0.43785      5.810605  0.002  0.010  0.014  0.025
   0.43785      5.810605  0.002  0.010  0.014  0.025
   0.41481      5.815687  0.002  0.010  0.049  0.067
   0.39176      5.810343  0.002  0.014  0.061  0.077
   0.36872      5.803748  0.000  0.012  0.048  0.062
   0.34567      5.764776  0.000  0.012  0.056  0.070
   0.32263      5.729741  0.002  0.014  0.056  0.072
   0.29958      5.722524  0.002  0.014  0.037  0.052
   0.27654      5.726382  0.000  0.018  0.038  0.054
   0.25349      5.702632  0.000  0.018  0.040  0.054
   0.23045      5.674463  0.000  0.014  0.038  0.052
   0.20740      5.647635  0.000  0.012  0.038  0.056
   0.18436      5.628388  0.000  0.012  0.042  0.058
   0.16131      5.625387  0.000  0.008  0.052  0.062
   0.13827      5.630679  0.000  0.008  0.058  0.070
   0.11522      5.635777  0.001  0.008  0.064  0.078
   0.09218      5.638805  0.002  0.006  0.071  0.083
   0.06913      5.640533  0.002  0.006  0.075  0.085
   0.04609      5.640572  0.001  0.000  0.048  0.052
   0.02304      5.634808  0.002  0.000  0.048  0.052
   0.00000      5.632856  0.002  0.000  0.047  0.052
 
# Band-Index:  125
   0.00000      5.643489  0.002  0.006  0.078  0.087
   0.02304      5.643029  0.002  0.006  0.078  0.086
   0.04609      5.642006  0.001  0.006  0.074  0.084
   0.06913      5.650360  0.002  0.000  0.045  0.047
   0.09218      5.663520  0.000  0.000  0.043  0.045
   0.11522      5.679314  0.000  0.000  0.041  0.042
   0.13827      5.696485  0.002  0.000  0.040  0.041
   0.16131      5.715794  0.002  0.004  0.040  0.045
   0.18436      5.738672  0.002  0.004  0.033  0.040
   0.20740      5.757730  0.002  0.004  0.017  0.023
   0.23045      5.757694  0.002  0.008  0.018  0.026
   0.25349      5.747642  0.002  0.010  0.022  0.034
   0.27654      5.738553  0.006  0.011  0.024  0.040
   0.29958      5.757725  0.002  0.016  0.036  0.054
   0.32263      5.779077  0.000  0.016  0.034  0.052
   0.34567      5.795234  0.000  0.018  0.030  0.048
   0.36872      5.803991  0.000  0.018  0.024  0.042
   0.39176      5.835019  0.000  0.012  0.038  0.056
   0.41481      5.856034  0.004  0.018  0.025  0.042
   0.43785      5.863824  0.004  0.014  0.018  0.034
   0.43785      5.863824  0.004  0.014  0.018  0.034
   0.45116      5.863135  0.004  0.014  0.018  0.034
   0.46446      5.861028  0.004  0.014  0.018  0.036
   0.47777      5.857649  0.004  0.014  0.018  0.038
   0.49107      5.853897  0.006  0.014  0.024  0.044
   0.50438      5.851486  0.006  0.016  0.034  0.051
   0.51768      5.851853  0.002  0.014  0.046  0.062
   0.53099      5.855387  0.002  0.012  0.057  0.067
   0.54429      5.862191  0.002  0.008  0.056  0.071
   0.55760      5.872376  0.002  0.008  0.055  0.070
   0.57090      5.885319  0.004  0.008  0.051  0.063
   0.58421      5.897595  0.004  0.008  0.043  0.057
   0.59751      5.900124  0.006  0.010  0.028  0.044
   0.61082      5.896233  0.006  0.010  0.024  0.042
   0.62412      5.892557  0.006  0.012  0.028  0.040
   0.63743      5.890658  0.004  0.012  0.020  0.038
   0.65073      5.891533  0.004  0.008  0.016  0.031
   0.66404      5.896962  0.002  0.008  0.016  0.026
   0.67734      5.906579  0.000  0.008  0.022  0.032
   0.69065      5.917319  0.000  0.006  0.026  0.033
   0.69065      5.917319  0.000  0.006  0.026  0.033
   0.71726      5.881950  0.006  0.012  0.016  0.030
   0.74387      5.880519  0.004  0.013  0.074  0.090
   0.77048      5.879702  0.010  0.014  0.052  0.073
   0.79709      5.883562  0.008  0.017  0.047  0.067
   0.82370      5.869967  0.006  0.020  0.040  0.062
   0.85031      5.835436  0.006  0.018  0.036  0.058
   0.87692      5.800891  0.002  0.018  0.034  0.056
   0.90353      5.777682  0.002  0.018  0.026  0.046
   0.93014      5.781212  0.006  0.016  0.012  0.035
   0.95675      5.783430  0.004  0.014  0.010  0.028
   0.98336      5.760583  0.004  0.010  0.079  0.095
   1.00997      5.737780  0.004  0.009  0.075  0.090
   1.03658      5.721249  0.002  0.003  0.043  0.055
   1.06319      5.696027  0.000  0.000  0.035  0.038
   1.08980      5.673927  0.000  0.000  0.041  0.042
   1.11641      5.656175  0.002  0.000  0.044  0.046
   1.14302      5.643329  0.001  0.000  0.044  0.051
   1.16963      5.642888  0.002  0.006  0.078  0.087
   1.19624      5.643489  0.002  0.006  0.078  0.087
 
# Band-Index:  126
   1.19624      5.688929  0.000  0.002  0.037  0.040
   1.16963      5.691318  0.000  0.002  0.037  0.040
   1.14302      5.697398  0.000  0.004  0.038  0.040
   1.11641      5.704280  0.000  0.006  0.040  0.046
   1.08980      5.708862  0.000  0.008  0.046  0.054
   1.06319      5.712723  0.004  0.008  0.058  0.070
   1.03658      5.721743  0.002  0.004  0.054  0.062
   1.00997      5.747914  0.004  0.006  0.019  0.030
   0.98336      5.770841  0.004  0.008  0.013  0.025
   0.95675      5.787902  0.004  0.010  0.082  0.097
   0.93014      5.816021  0.004  0.012  0.080  0.094
   0.90353      5.837975  0.004  0.012  0.066  0.082
   0.87692      5.855755  0.000  0.013  0.062  0.078
   0.85031      5.875504  0.000  0.012  0.066  0.080
   0.82370      5.892274  0.000  0.010  0.068  0.082
   0.79709      5.897752  0.000  0.010  0.065  0.076
   0.77048      5.897595  0.002  0.012  0.045  0.060
   0.74387      5.943085  0.002  0.012  0.020  0.032
   0.71726      5.935412  0.000  0.009  0.022  0.034
   0.69065      5.919288  0.001  0.007  0.026  0.034
   0.69065      5.919288  0.001  0.007  0.026  0.034
   0.67734      5.913284  0.000  0.008  0.023  0.034
   0.66404      5.909049  0.000  0.008  0.024  0.034
   0.65073      5.906750  0.000  0.008  0.025  0.035
   0.63743      5.906345  0.000  0.006  0.025  0.033
   0.62412      5.907689  0.000  0.010  0.023  0.035
   0.61082      5.910583  0.000  0.010  0.022  0.035
   0.59751      5.914710  0.000  0.010  0.021  0.033
   0.58421      5.919161  0.000  0.011  0.025  0.035
   0.57090      5.921574  0.000  0.014  0.033  0.049
   0.55760      5.920696  0.000  0.012  0.023  0.035
   0.54429      5.912793  0.000  0.012  0.035  0.052
   0.53099      5.903892  0.000  0.012  0.044  0.060
   0.51768      5.895958  0.000  0.012  0.054  0.071
   0.50438      5.889781  0.000  0.012  0.064  0.080
   0.49107      5.885581  0.000  0.016  0.076  0.091
   0.47777      5.883189  0.000  0.014  0.082  0.096
   0.46446      5.882164  0.000  0.018  0.084  0.102
   0.45116      5.881911  0.000  0.018  0.085  0.104
   0.43785      5.881897  0.000  0.018  0.085  0.104
   0.43785      5.881897  0.000  0.018  0.085  0.104
   0.41481      5.880320  0.002  0.018  0.082  0.101
   0.39176      5.878893  0.002  0.020  0.076  0.096
   0.36872      5.881144  0.006  0.020  0.072  0.095
   0.34567      5.885127  0.006  0.016  0.070  0.094
   0.32263      5.886939  0.006  0.014  0.070  0.092
   0.29958      5.882639  0.006  0.010  0.070  0.090
   0.27654      5.868592  0.006  0.010  0.070  0.088
   0.25349      5.843909  0.006  0.006  0.074  0.087
   0.23045      5.813136  0.006  0.008  0.076  0.084
   0.20740      5.785680  0.006  0.008  0.077  0.088
   0.18436      5.768421  0.002  0.010  0.061  0.073
   0.16131      5.746758  0.001  0.010  0.054  0.063
   0.13827      5.726365  0.001  0.008  0.054  0.060
   0.11522      5.713735  0.001  0.008  0.049  0.054
   0.09218      5.707134  0.000  0.008  0.040  0.046
   0.06913      5.701474  0.000  0.002  0.038  0.044
   0.04609      5.695482  0.000  0.002  0.038  0.042
   0.02304      5.690729  0.000  0.004  0.039  0.040
   0.00000      5.688929  0.000  0.002  0.037  0.040
 
# Band-Index:  127
   0.00000      5.688930  0.000  0.004  0.039  0.040
   0.02304      5.690739  0.000  0.002  0.036  0.039
   0.04609      5.696104  0.000  0.004  0.040  0.042
   0.06913      5.704999  0.000  0.004  0.040  0.046
   0.09218      5.717371  0.000  0.004  0.040  0.046
   0.11522      5.733245  0.000  0.004  0.042  0.048
   0.13827      5.752745  0.000  0.004  0.043  0.050
   0.16131      5.775997  0.000  0.006  0.048  0.056
   0.18436      5.801156  0.000  0.006  0.020  0.027
   0.20740      5.827166  0.000  0.006  0.020  0.028
   0.23045      5.861918  0.000  0.008  0.024  0.028
   0.25349      5.892383  0.004  0.016  0.057  0.074
   0.27654      5.917417  0.004  0.016  0.056  0.076
   0.29958      5.936653  0.004  0.020  0.054  0.079
   0.32263      5.950093  0.004  0.020  0.054  0.079
   0.34567      5.959002  0.004  0.020  0.057  0.082
   0.36872      5.964911  0.004  0.020  0.063  0.088
   0.39176      5.963208  0.004  0.018  0.026  0.046
   0.41481      5.955228  0.004  0.018  0.026  0.048
   0.43785      5.948671  0.000  0.012  0.014  0.030
   0.43785      5.948671  0.000  0.012  0.014  0.030
   0.45116      5.946750  0.000  0.014  0.020  0.040
   0.46446      5.943597  0.000  0.014  0.024  0.044
   0.47777      5.940149  0.000  0.017  0.027  0.047
   0.49107      5.936611  0.004  0.017  0.030  0.050
   0.50438      5.933124  0.004  0.016  0.032  0.052
   0.51768      5.929817  0.004  0.016  0.034  0.054
   0.53099      5.926830  0.004  0.016  0.036  0.056
   0.54429      5.924354  0.004  0.016  0.036  0.057
   0.55760      5.922627  0.004  0.015  0.036  0.057
   0.57090      5.923619  0.002  0.009  0.015  0.027
   0.58421      5.923524  0.000  0.008  0.017  0.028
   0.59751      5.933802  0.000  0.008  0.027  0.040
   0.61082      5.950780  0.006  0.017  0.032  0.057
   0.62412      5.968405  0.003  0.013  0.021  0.039
   0.63743      5.966944  0.002  0.012  0.026  0.038
   0.65073      5.960816  0.002  0.010  0.027  0.036
   0.66404      5.950395  0.000  0.010  0.028  0.037
   0.67734      5.936089  0.000  0.008  0.029  0.036
   0.69065      5.919385  0.001  0.008  0.025  0.033
   0.69065      5.919385  0.001  0.008  0.025  0.033
   0.71726      5.942093  0.000  0.012  0.028  0.040
   0.74387      5.964020  0.002  0.013  0.025  0.039
   0.77048      5.972986  0.006  0.014  0.032  0.047
   0.79709      5.949298  0.004  0.016  0.040  0.058
   0.82370      5.930072  0.006  0.010  0.040  0.056
   0.85031      5.932055  0.005  0.011  0.036  0.052
   0.87692      5.901460  0.006  0.014  0.058  0.079
   0.90353      5.870528  0.006  0.016  0.050  0.069
   0.93014      5.849285  0.002  0.014  0.031  0.046
   0.95675      5.837330  0.000  0.012  0.024  0.032
   0.98336      5.825572  0.000  0.008  0.022  0.028
   1.00997      5.803996  0.002  0.006  0.038  0.048
   1.03658      5.772255  0.000  0.006  0.040  0.046
   1.06319      5.746014  0.000  0.006  0.040  0.046
   1.08980      5.725440  0.000  0.006  0.040  0.044
   1.11641      5.709735  0.000  0.006  0.038  0.044
   1.14302      5.698348  0.000  0.002  0.038  0.044
   1.16963      5.691324  0.000  0.002  0.038  0.041
   1.19624      5.688930  0.000  0.004  0.039  0.040
 
# Band-Index:  128
   1.19624      5.786699  0.000  0.010  0.034  0.046
   1.16963      5.783146  0.000  0.008  0.034  0.046
   1.14302      5.775191  0.000  0.008  0.034  0.048
   1.11641      5.768452  0.000  0.008  0.034  0.044
   1.08980      5.769061  0.000  0.004  0.030  0.040
   1.06319      5.778957  0.000  0.004  0.026  0.032
   1.03658      5.794340  0.000  0.006  0.022  0.028
   1.00997      5.810894  0.000  0.006  0.020  0.028
   0.98336      5.839101  0.004  0.006  0.038  0.048
   0.95675      5.873486  0.004  0.004  0.034  0.046
   0.93014      5.902364  0.004  0.004  0.032  0.040
   0.90353      5.922198  0.004  0.008  0.032  0.045
   0.87692      5.931774  0.002  0.010  0.034  0.047
   0.85031      5.933555  0.007  0.015  0.053  0.075
   0.82370      5.960286  0.008  0.015  0.046  0.069
   0.79709      5.974874  0.006  0.014  0.037  0.059
   0.77048      5.977340  0.004  0.014  0.020  0.038
   0.74387      5.966902  0.006  0.013  0.036  0.056
   0.71726      6.022696  0.006  0.020  0.045  0.067
   0.69065      6.057292  0.006  0.032  0.069  0.107
   0.69065      6.057292  0.006  0.032  0.069  0.107
   0.67734      6.049480  0.006  0.029  0.062  0.098
   0.66404      6.032341  0.005  0.024  0.055  0.086
   0.65073      6.011438  0.004  0.023  0.048  0.077
   0.63743      5.989561  0.004  0.018  0.042  0.070
   0.62412      5.968760  0.004  0.019  0.035  0.058
   0.61082      5.953506  0.000  0.007  0.028  0.039
   0.59751      5.937739  0.008  0.016  0.026  0.052
   0.58421      5.930954  0.008  0.019  0.018  0.048
   0.57090      5.931639  0.004  0.018  0.010  0.036
   0.55760      5.936978  0.004  0.014  0.008  0.030
   0.54429      5.942995  0.004  0.018  0.008  0.030
   0.53099      5.948333  0.004  0.018  0.008  0.030
   0.51768      5.952433  0.004  0.015  0.008  0.030
   0.50438      5.955063  0.004  0.015  0.010  0.031
   0.49107      5.956220  0.004  0.014  0.012  0.032
   0.47777      5.956065  0.004  0.014  0.014  0.034
   0.46446      5.954874  0.004  0.014  0.016  0.036
   0.45116      5.953006  0.004  0.017  0.022  0.040
   0.43785      5.951503  0.004  0.018  0.025  0.048
   0.43785      5.951503  0.004  0.018  0.025  0.048
   0.41481      5.959780  0.000  0.012  0.018  0.034
   0.39176      5.968050  0.004  0.014  0.062  0.081
   0.36872      5.970790  0.006  0.018  0.022  0.048
   0.34567      5.974596  0.006  0.014  0.022  0.044
   0.32263      5.969495  0.006  0.008  0.024  0.039
   0.29958      5.953543  0.000  0.008  0.023  0.033
   0.27654      5.929064  0.000  0.008  0.022  0.032
   0.25349      5.897623  0.000  0.008  0.022  0.032
   0.23045      5.863203  0.004  0.010  0.056  0.070
   0.20740      5.832509  0.004  0.010  0.054  0.064
   0.18436      5.802856  0.004  0.010  0.050  0.058
   0.16131      5.787844  0.000  0.006  0.024  0.030
   0.13827      5.778482  0.000  0.006  0.030  0.034
   0.11522      5.770990  0.000  0.008  0.032  0.036
   0.09218      5.767943  0.000  0.008  0.034  0.040
   0.06913      5.770846  0.000  0.010  0.034  0.046
   0.04609      5.777504  0.000  0.010  0.034  0.047
   0.02304      5.783983  0.000  0.010  0.034  0.046
   0.00000      5.786699  0.000  0.010  0.034  0.046
 
# Band-Index:  129
   0.00000      5.786705  0.000  0.012  0.034  0.046
   0.02304      5.788311  0.000  0.012  0.035  0.047
   0.04609      5.793256  0.000  0.012  0.036  0.048
   0.06913      5.801881  0.000  0.008  0.036  0.048
   0.09218      5.814628  0.000  0.008  0.036  0.048
   0.11522      5.831871  0.000  0.008  0.036  0.048
   0.13827      5.853698  0.000  0.008  0.038  0.046
   0.16131      5.879662  0.000  0.008  0.038  0.046
   0.18436      5.908442  0.000  0.008  0.038  0.050
   0.20740      5.935546  0.012  0.008  0.026  0.046
   0.23045      5.950464  0.010  0.010  0.038  0.058
   0.25349      5.966763  0.011  0.010  0.048  0.069
   0.27654      5.986512  0.009  0.014  0.060  0.084
   0.29958      6.004226  0.010  0.016  0.066  0.092
   0.32263      6.011372  0.008  0.012  0.068  0.090
   0.34567      6.009500  0.008  0.012  0.061  0.080
   0.36872      5.999620  0.006  0.012  0.044  0.062
   0.39176      5.984891  0.006  0.018  0.028  0.052
   0.41481      5.974051  0.008  0.019  0.018  0.048
   0.43785      5.970650  0.008  0.020  0.016  0.046
   0.43785      5.970650  0.008  0.020  0.016  0.046
   0.45116      5.969783  0.008  0.019  0.018  0.048
   0.46446      5.967508  0.008  0.018  0.022  0.049
   0.47777      5.964560  0.006  0.018  0.026  0.050
   0.49107      5.961605  0.006  0.016  0.030  0.052
   0.50438      5.958903  0.006  0.016  0.034  0.052
   0.51768      5.956284  0.004  0.015  0.034  0.050
   0.53099      5.953342  0.002  0.014  0.034  0.048
   0.54429      5.949852  0.002  0.012  0.034  0.048
   0.55760      5.946811  0.002  0.014  0.036  0.051
   0.57090      5.948066  0.000  0.016  0.040  0.056
   0.58421      5.954539  0.002  0.016  0.037  0.054
   0.59751      5.961791  0.002  0.016  0.034  0.050
   0.61082      5.967252  0.002  0.017  0.034  0.051
   0.62412      5.977515  0.000  0.015  0.040  0.057
   0.63743      6.001687  0.000  0.013  0.036  0.050
   0.65073      6.026392  0.000  0.014  0.037  0.056
   0.66404      6.049732  0.004  0.016  0.045  0.065
   0.67734      6.067937  0.006  0.023  0.058  0.087
   0.69065      6.074149  0.006  0.029  0.069  0.101
   0.69065      6.074149  0.006  0.029  0.069  0.101
   0.71726      6.061541  0.006  0.024  0.061  0.092
   0.74387      6.033221  0.006  0.024  0.058  0.084
   0.77048      5.998897  0.002  0.018  0.054  0.078
   0.79709      5.998795  0.002  0.014  0.034  0.052
   0.82370      6.004666  0.004  0.016  0.032  0.050
   0.85031      6.005839  0.004  0.016  0.034  0.052
   0.87692      6.001652  0.004  0.012  0.038  0.056
   0.90353      5.991022  0.004  0.010  0.039  0.054
   0.93014      5.973943  0.004  0.010  0.036  0.050
   0.95675      5.952095  0.004  0.010  0.030  0.044
   0.98336      5.927170  0.004  0.010  0.024  0.038
   1.00997      5.900336  0.004  0.010  0.024  0.038
   1.03658      5.872934  0.002  0.010  0.026  0.040
   1.06319      5.846918  0.002  0.010  0.034  0.046
   1.08980      5.824523  0.000  0.010  0.036  0.046
   1.11641      5.807275  0.000  0.010  0.036  0.048
   1.14302      5.795526  0.000  0.010  0.038  0.048
   1.16963      5.788851  0.000  0.010  0.038  0.048
   1.19624      5.786705  0.000  0.012  0.034  0.046
 
# Band-Index:  130
   1.19624      5.814776  0.016  0.000  0.010  0.033
   1.16963      5.817299  0.016  0.000  0.010  0.033
   1.14302      5.824951  0.015  0.000  0.010  0.030
   1.11641      5.837844  0.014  0.000  0.012  0.030
   1.08980      5.855858  0.012  0.000  0.012  0.029
   1.06319      5.878372  0.010  0.001  0.014  0.030
   1.03658      5.903820  0.008  0.006  0.020  0.034
   1.00997      5.929248  0.006  0.006  0.030  0.042
   0.98336      5.952286  0.004  0.006  0.040  0.054
   0.95675      5.975413  0.002  0.008  0.048  0.062
   0.93014      6.003621  0.002  0.010  0.056  0.066
   0.90353      6.037652  0.002  0.010  0.058  0.074
   0.87692      6.073408  0.002  0.014  0.066  0.082
   0.85031      6.081548  0.002  0.014  0.063  0.083
   0.82370      6.064252  0.004  0.022  0.063  0.090
   0.79709      6.053931  0.004  0.024  0.071  0.099
   0.77048      6.059976  0.002  0.030  0.069  0.103
   0.74387      6.075306  0.002  0.028  0.058  0.093
   0.71726      6.090917  0.000  0.020  0.042  0.068
   0.69065      6.103438  0.001  0.007  0.013  0.020
   0.69065      6.103438  0.001  0.007  0.013  0.020
   0.67734      6.094300  0.000  0.010  0.024  0.036
   0.66404      6.090271  0.002  0.018  0.040  0.060
   0.65073      6.086888  0.006  0.018  0.048  0.066
   0.63743      6.082476  0.006  0.018  0.052  0.072
   0.62412      6.077362  0.006  0.018  0.052  0.074
   0.61082      6.072301  0.006  0.022  0.052  0.074
   0.59751      6.067959  0.006  0.020  0.050  0.073
   0.58421      6.064702  0.006  0.020  0.050  0.074
   0.57090      6.062513  0.006  0.022  0.051  0.077
   0.55760      6.060998  0.003  0.023  0.053  0.076
   0.54429      6.049186  0.000  0.022  0.106  0.130
   0.53099      6.036197  0.000  0.020  0.110  0.132
   0.51768      6.023910  0.000  0.018  0.114  0.134
   0.50438      6.012573  0.000  0.018  0.119  0.137
   0.49107      6.002501  0.000  0.016  0.123  0.141
   0.47777      5.994064  0.000  0.014  0.127  0.145
   0.46446      5.987651  0.000  0.012  0.133  0.145
   0.45116      5.983617  0.000  0.012  0.135  0.147
   0.43785      5.982236  0.000  0.012  0.135  0.148
   0.43785      5.982236  0.000  0.012  0.135  0.148
   0.41481      5.983314  0.000  0.016  0.121  0.139
   0.39176      6.000287  0.000  0.016  0.063  0.081
   0.36872      6.021614  0.000  0.016  0.063  0.079
   0.34567      6.028370  0.000  0.016  0.071  0.089
   0.32263      6.024929  0.000  0.016  0.072  0.089
   0.29958      6.015497  0.000  0.016  0.066  0.082
   0.27654      6.002031  0.000  0.016  0.059  0.075
   0.25349      5.984998  0.000  0.012  0.050  0.068
   0.23045      5.963633  0.000  0.012  0.042  0.054
   0.20740      5.937508  0.000  0.012  0.038  0.050
   0.18436      5.919053  0.012  0.004  0.018  0.035
   0.16131      5.899965  0.012  0.004  0.012  0.030
   0.13827      5.879916  0.012  0.004  0.010  0.025
   0.11522      5.861090  0.013  0.000  0.010  0.024
   0.09218      5.844825  0.014  0.000  0.010  0.024
   0.06913      5.831796  0.014  0.000  0.010  0.027
   0.04609      5.822353  0.016  0.000  0.010  0.030
   0.02304      5.816666  0.016  0.000  0.010  0.033
   0.00000      5.814776  0.016  0.000  0.010  0.033
 
# Band-Index:  131
   0.00000      5.847238  0.010  0.010  0.018  0.038
   0.02304      5.850645  0.010  0.010  0.019  0.039
   0.04609      5.859794  0.010  0.008  0.020  0.040
   0.06913      5.872976  0.010  0.008  0.022  0.040
   0.09218      5.888970  0.010  0.008  0.022  0.040
   0.11522      5.906743  0.010  0.008  0.026  0.042
   0.13827      5.925288  0.010  0.012  0.026  0.046
   0.16131      5.944266  0.010  0.010  0.028  0.048
   0.18436      5.965120  0.009  0.010  0.028  0.046
   0.20740      5.990155  0.010  0.010  0.022  0.044
   0.23045      6.019304  0.010  0.010  0.021  0.042
   0.25349      6.048900  0.010  0.012  0.022  0.046
   0.27654      6.073786  0.012  0.016  0.024  0.049
   0.29958      6.098036  0.010  0.020  0.022  0.050
   0.32263      6.107001  0.006  0.014  0.023  0.044
   0.34567      6.091443  0.004  0.014  0.034  0.052
   0.36872      6.083116  0.000  0.012  0.068  0.084
   0.39176      6.060498  0.004  0.018  0.077  0.099
   0.41481      6.049627  0.004  0.022  0.073  0.103
   0.43785      6.046004  0.004  0.026  0.069  0.101
   0.43785      6.046004  0.004  0.026  0.069  0.101
   0.45116      6.046477  0.004  0.026  0.069  0.100
   0.46446      6.047771  0.004  0.028  0.067  0.097
   0.47777      6.049632  0.004  0.026  0.064  0.091
   0.49107      6.051805  0.004  0.026  0.061  0.089
   0.50438      6.054085  0.004  0.026  0.056  0.085
   0.51768      6.056275  0.004  0.026  0.055  0.081
   0.53099      6.058193  0.000  0.024  0.053  0.080
   0.54429      6.059741  0.000  0.023  0.052  0.078
   0.55760      6.062741  0.000  0.023  0.101  0.125
   0.57090      6.076564  0.000  0.024  0.096  0.124
   0.58421      6.090615  0.000  0.027  0.093  0.121
   0.59751      6.104662  0.000  0.028  0.092  0.120
   0.61082      6.118404  0.000  0.028  0.088  0.115
   0.62412      6.131233  0.000  0.028  0.082  0.109
   0.63743      6.141329  0.000  0.028  0.069  0.097
   0.65073      6.142558  0.000  0.022  0.049  0.071
   0.66404      6.132024  0.004  0.018  0.032  0.054
   0.67734      6.117295  0.001  0.010  0.024  0.036
   0.69065      6.103562  0.001  0.007  0.013  0.020
   0.69065      6.103562  0.001  0.007  0.013  0.020
   0.71726      6.120742  0.002  0.012  0.026  0.044
   0.74387      6.127587  0.006  0.022  0.044  0.069
   0.77048      6.131751  0.006  0.020  0.066  0.092
   0.79709      6.132756  0.000  0.020  0.082  0.105
   0.82370      6.124697  0.000  0.020  0.085  0.107
   0.85031      6.104402  0.002  0.020  0.077  0.095
   0.87692      6.074088  0.004  0.012  0.056  0.071
   0.90353      6.050520  0.004  0.013  0.048  0.064
   0.93014      6.025239  0.004  0.014  0.044  0.059
   0.95675      6.001235  0.006  0.010  0.042  0.058
   0.98336      5.979342  0.006  0.010  0.040  0.056
   1.00997      5.959106  0.006  0.008  0.038  0.056
   1.03658      5.939372  0.008  0.010  0.030  0.048
   1.06319      5.919352  0.008  0.010  0.026  0.044
   1.08980      5.899198  0.010  0.010  0.024  0.042
   1.11641      5.879988  0.010  0.008  0.022  0.040
   1.14302      5.863496  0.010  0.008  0.020  0.040
   1.16963      5.851732  0.010  0.010  0.019  0.039
   1.19624      5.847238  0.010  0.010  0.018  0.038
 
# Band-Index:  132
   1.19624      5.869962  0.000  0.000  0.048  0.048
   1.16963      5.873041  0.000  0.000  0.048  0.048
   1.14302      5.882197  0.000  0.000  0.049  0.050
   1.11641      5.897342  0.000  0.000  0.050  0.052
   1.08980      5.918601  0.000  0.000  0.050  0.054
   1.06319      5.945993  0.002  0.000  0.050  0.056
   1.03658      5.978774  0.002  0.004  0.048  0.054
   1.00997      6.015473  0.004  0.008  0.044  0.054
   0.98336      6.053985  0.003  0.010  0.040  0.052
   0.95675      6.091792  0.002  0.010  0.034  0.046
   0.93014      6.126208  0.002  0.012  0.030  0.044
   0.90353      6.144979  0.012  0.018  0.036  0.062
   0.87692      6.141689  0.009  0.025  0.037  0.072
   0.85031      6.131203  0.010  0.028  0.034  0.075
   0.82370      6.149196  0.012  0.024  0.047  0.079
   0.79709      6.172914  0.005  0.020  0.048  0.076
   0.77048      6.172276  0.006  0.018  0.047  0.073
   0.74387      6.168907  0.008  0.021  0.043  0.073
   0.71726      6.164967  0.008  0.028  0.038  0.074
   0.69065      6.173747  0.008  0.029  0.025  0.062
   0.69065      6.173747  0.008  0.029  0.025  0.062
   0.67734      6.169371  0.008  0.028  0.030  0.068
   0.66404      6.170006  0.010  0.028  0.032  0.068
   0.65073      6.172440  0.010  0.029  0.051  0.086
   0.63743      6.177541  0.011  0.028  0.041  0.079
   0.62412      6.170043  0.000  0.022  0.069  0.093
   0.61082      6.159304  0.000  0.022  0.072  0.096
   0.59751      6.149095  0.002  0.022  0.075  0.097
   0.58421      6.140141  0.002  0.022  0.075  0.098
   0.57090      6.132770  0.002  0.020  0.077  0.099
   0.55760      6.126998  0.002  0.018  0.075  0.100
   0.54429      6.122471  0.004  0.016  0.080  0.104
   0.53099      6.118523  0.004  0.014  0.084  0.104
   0.51768      6.114457  0.004  0.012  0.090  0.110
   0.50438      6.109903  0.004  0.012  0.095  0.115
   0.49107      6.104951  0.004  0.010  0.099  0.119
   0.47777      6.100053  0.004  0.010  0.103  0.121
   0.46446      6.095853  0.004  0.010  0.105  0.123
   0.45116      6.093004  0.004  0.010  0.106  0.124
   0.43785      6.091994  0.004  0.014  0.106  0.125
   0.43785      6.091994  0.004  0.014  0.106  0.125
   0.41481      6.089487  0.004  0.010  0.097  0.117
   0.39176      6.084986  0.003  0.012  0.079  0.096
   0.36872      6.083837  0.004  0.012  0.058  0.074
   0.34567      6.117768  0.000  0.012  0.053  0.068
   0.32263      6.136509  0.008  0.018  0.036  0.062
   0.29958      6.127389  0.004  0.012  0.032  0.048
   0.27654      6.132391  0.000  0.010  0.034  0.046
   0.25349      6.101356  0.000  0.004  0.044  0.052
   0.23045      6.058968  0.000  0.004  0.048  0.056
   0.20740      6.023028  0.000  0.004  0.050  0.060
   0.18436      5.993264  0.000  0.004  0.054  0.062
   0.16131      5.967470  0.000  0.004  0.053  0.062
   0.13827      5.944224  0.000  0.004  0.050  0.054
   0.11522      5.923299  0.000  0.000  0.050  0.054
   0.09218      5.905091  0.000  0.000  0.048  0.052
   0.06913      5.890175  0.000  0.000  0.048  0.052
   0.04609      5.879095  0.000  0.000  0.046  0.050
   0.02304      5.872272  0.000  0.000  0.046  0.046
   0.00000      5.869962  0.000  0.000  0.048  0.048
 
# Band-Index:  133
   0.00000      5.869967  0.000  0.000  0.046  0.046
   0.02304      5.873341  0.000  0.000  0.048  0.048
   0.04609      5.883345  0.002  0.000  0.046  0.048
   0.06913      5.899611  0.002  0.000  0.045  0.050
   0.09218      5.921589  0.004  0.000  0.046  0.049
   0.11522      5.948479  0.004  0.000  0.044  0.053
   0.13827      5.979175  0.004  0.006  0.042  0.052
   0.16131      6.012283  0.004  0.008  0.040  0.052
   0.18436      6.046364  0.004  0.008  0.038  0.050
   0.20740      6.079470  0.004  0.008  0.036  0.048
   0.23045      6.104965  0.004  0.008  0.038  0.050
   0.25349      6.121742  0.002  0.008  0.036  0.046
   0.27654      6.144644  0.000  0.008  0.038  0.046
   0.29958      6.168116  0.000  0.012  0.035  0.047
   0.32263      6.151954  0.000  0.012  0.044  0.056
   0.34567      6.177706  0.008  0.024  0.046  0.080
   0.36872      6.188497  0.004  0.006  0.098  0.109
   0.39176      6.169440  0.004  0.006  0.093  0.103
   0.41481      6.154023  0.004  0.006  0.087  0.097
   0.43785      6.147857  0.004  0.002  0.081  0.093
   0.43785      6.147857  0.004  0.002  0.081  0.093
   0.45116      6.148619  0.004  0.002  0.081  0.093
   0.46446      6.150916  0.004  0.002  0.081  0.093
   0.47777      6.154772  0.004  0.002  0.081  0.093
   0.49107      6.160221  0.004  0.002  0.080  0.091
   0.50438      6.167294  0.004  0.004  0.079  0.091
   0.51768      6.175990  0.004  0.004  0.078  0.089
   0.53099      6.186240  0.004  0.004  0.077  0.088
   0.54429      6.197828  0.004  0.004  0.076  0.087
   0.55760      6.210160  0.002  0.004  0.074  0.082
   0.57090      6.221195  0.004  0.008  0.072  0.084
   0.58421      6.224179  0.005  0.016  0.058  0.084
   0.59751      6.216018  0.005  0.021  0.056  0.084
   0.61082      6.203509  0.010  0.030  0.043  0.080
   0.62412      6.189886  0.010  0.028  0.040  0.078
   0.63743      6.178172  0.004  0.022  0.043  0.072
   0.65073      6.174463  0.010  0.025  0.034  0.065
   0.66404      6.176205  0.008  0.030  0.047  0.083
   0.67734      6.178524  0.008  0.028  0.031  0.065
   0.69065      6.173949  0.008  0.028  0.025  0.063
   0.69065      6.173949  0.008  0.028  0.025  0.063
   0.71726      6.188140  0.004  0.030  0.038  0.074
   0.74387      6.183069  0.004  0.028  0.048  0.080
   0.77048      6.176627  0.005  0.028  0.038  0.070
   0.79709      6.173658  0.005  0.020  0.042  0.068
   0.82370      6.172124  0.010  0.019  0.026  0.051
   0.85031      6.166568  0.010  0.018  0.030  0.052
   0.87692      6.156538  0.010  0.019  0.035  0.058
   0.90353      6.149884  0.004  0.016  0.033  0.056
   0.93014      6.131032  0.010  0.016  0.036  0.059
   0.95675      6.112124  0.008  0.010  0.034  0.050
   0.98336      6.085912  0.008  0.010  0.030  0.048
   1.00997      6.048343  0.006  0.010  0.034  0.050
   1.03658      6.007693  0.006  0.006  0.039  0.054
   1.06319      5.969983  0.004  0.004  0.042  0.051
   1.08980      5.936564  0.004  0.002  0.044  0.050
   1.11641      5.908699  0.002  0.000  0.046  0.051
   1.14302      5.887636  0.002  0.000  0.048  0.050
   1.16963      5.874458  0.000  0.000  0.046  0.050
   1.19624      5.869967  0.000  0.000  0.046  0.046
 
# Band-Index:  134
   1.19624      6.038587  0.000  0.004  0.049  0.053
   1.16963      6.039454  0.000  0.004  0.048  0.052
   1.14302      6.041950  0.000  0.004  0.046  0.050
   1.11641      6.045815  0.000  0.006  0.044  0.048
   1.08980      6.050873  0.000  0.006  0.038  0.044
   1.06319      6.057488  0.000  0.006  0.034  0.040
   1.03658      6.067313  0.000  0.006  0.032  0.040
   1.00997      6.084048  0.000  0.006  0.034  0.042
   0.98336      6.116043  0.000  0.004  0.040  0.046
   0.95675      6.169312  0.000  0.004  0.040  0.050
   0.93014      6.220471  0.008  0.016  0.028  0.052
   0.90353      6.203067  0.006  0.016  0.020  0.043
   0.87692      6.208541  0.002  0.010  0.016  0.027
   0.85031      6.214364  0.000  0.010  0.030  0.039
   0.82370      6.197670  0.002  0.012  0.036  0.048
   0.79709      6.183349  0.005  0.022  0.030  0.058
   0.77048      6.204364  0.010  0.026  0.055  0.087
   0.74387      6.228615  0.004  0.026  0.072  0.103
   0.71726      6.216347  0.002  0.025  0.068  0.096
   0.69065      6.206858  0.000  0.030  0.090  0.119
   0.69065      6.206858  0.000  0.030  0.090  0.119
   0.67734      6.205862  0.000  0.030  0.086  0.119
   0.66404      6.201583  0.000  0.028  0.086  0.117
   0.65073      6.194112  0.000  0.028  0.086  0.117
   0.63743      6.188161  0.002  0.029  0.079  0.110
   0.62412      6.194998  0.004  0.024  0.056  0.088
   0.61082      6.205400  0.002  0.022  0.055  0.084
   0.59751      6.216059  0.010  0.024  0.050  0.082
   0.58421      6.226098  0.002  0.020  0.060  0.086
   0.57090      6.235446  0.004  0.020  0.062  0.087
   0.55760      6.244338  0.006  0.022  0.062  0.084
   0.54429      6.253291  0.004  0.022  0.060  0.084
   0.53099      6.262820  0.004  0.022  0.058  0.081
   0.51768      6.273147  0.004  0.018  0.056  0.078
   0.50438      6.284062  0.004  0.018  0.056  0.078
   0.49107      6.294960  0.004  0.018  0.056  0.074
   0.47777      6.299895  0.006  0.036  0.052  0.094
   0.46446      6.302041  0.006  0.036  0.051  0.092
   0.45116      6.303238  0.006  0.032  0.050  0.090
   0.43785      6.303606  0.006  0.032  0.046  0.089
   0.43785      6.303606  0.006  0.032  0.046  0.089
   0.41481      6.292538  0.006  0.030  0.040  0.080
   0.39176      6.263446  0.006  0.028  0.038  0.071
   0.36872      6.225145  0.006  0.022  0.030  0.060
   0.34567      6.211690  0.002  0.006  0.076  0.084
   0.32263      6.224303  0.002  0.008  0.080  0.088
   0.29958      6.226960  0.004  0.004  0.065  0.074
   0.27654      6.199313  0.002  0.006  0.014  0.022
   0.25349      6.165739  0.000  0.006  0.018  0.026
   0.23045      6.130230  0.000  0.002  0.020  0.026
   0.20740      6.102218  0.002  0.000  0.022  0.028
   0.18436      6.082863  0.002  0.006  0.022  0.030
   0.16131      6.068071  0.002  0.006  0.024  0.030
   0.13827      6.057853  0.000  0.006  0.028  0.036
   0.11522      6.051326  0.000  0.006  0.034  0.040
   0.09218      6.046953  0.000  0.006  0.038  0.044
   0.06913      6.043640  0.000  0.002  0.046  0.048
   0.04609      6.041018  0.000  0.002  0.048  0.054
   0.02304      6.039231  0.002  0.002  0.050  0.054
   0.00000      6.038587  0.000  0.004  0.049  0.053
 
# Band-Index:  135
   0.00000      6.038587  0.002  0.002  0.051  0.055
   0.02304      6.040823  0.000  0.004  0.048  0.052
   0.04609      6.047449  0.000  0.004  0.048  0.052
   0.06913      6.058239  0.000  0.004  0.044  0.052
   0.09218      6.072850  0.000  0.004  0.042  0.050
   0.11522      6.090868  0.000  0.004  0.036  0.048
   0.13827      6.111816  0.000  0.004  0.034  0.044
   0.16131      6.135127  0.000  0.006  0.032  0.038
   0.18436      6.160047  0.000  0.006  0.032  0.038
   0.20740      6.185451  0.000  0.006  0.034  0.040
   0.23045      6.209382  0.000  0.006  0.038  0.044
   0.25349      6.213358  0.004  0.006  0.046  0.056
   0.27654      6.218690  0.004  0.004  0.054  0.060
   0.29958      6.239358  0.002  0.010  0.016  0.024
   0.32263      6.273500  0.000  0.010  0.076  0.088
   0.34567      6.296738  0.000  0.011  0.074  0.084
   0.36872      6.309973  0.004  0.016  0.068  0.082
   0.39176      6.316644  0.004  0.016  0.063  0.078
   0.41481      6.311818  0.002  0.018  0.058  0.078
   0.43785      6.310377  0.002  0.018  0.056  0.070
   0.43785      6.310377  0.002  0.018  0.056  0.070
   0.45116      6.311052  0.002  0.014  0.054  0.070
   0.46446      6.313156  0.002  0.014  0.053  0.070
   0.47777      6.304990  0.004  0.016  0.058  0.072
   0.49107      6.296728  0.006  0.036  0.052  0.094
   0.50438      6.292464  0.010  0.038  0.050  0.094
   0.51768      6.287031  0.010  0.038  0.049  0.093
   0.53099      6.280385  0.010  0.038  0.048  0.092
   0.54429      6.272599  0.012  0.038  0.044  0.092
   0.55760      6.264104  0.012  0.040  0.042  0.092
   0.57090      6.256754  0.012  0.042  0.042  0.091
   0.58421      6.257048  0.012  0.030  0.048  0.090
   0.59751      6.267582  0.008  0.022  0.062  0.094
   0.61082      6.280722  0.008  0.022  0.068  0.098
   0.62412      6.291217  0.007  0.022  0.074  0.103
   0.63743      6.291101  0.007  0.029  0.036  0.071
   0.65073      6.275986  0.002  0.025  0.083  0.111
   0.66404      6.254852  0.002  0.028  0.093  0.123
   0.67734      6.238672  0.000  0.030  0.109  0.142
   0.69065      6.233437  0.000  0.030  0.118  0.151
   0.69065      6.233437  0.000  0.030  0.118  0.151
   0.71726      6.239252  0.002  0.030  0.105  0.137
   0.74387      6.258666  0.002  0.018  0.053  0.076
   0.77048      6.290505  0.002  0.022  0.062  0.088
   0.79709      6.295985  0.002  0.020  0.052  0.075
   0.82370      6.289232  0.004  0.015  0.082  0.102
   0.85031      6.280147  0.002  0.013  0.091  0.107
   0.87692      6.274258  0.006  0.012  0.101  0.113
   0.90353      6.262980  0.004  0.008  0.103  0.117
   0.93014      6.231270  0.000  0.004  0.062  0.068
   0.95675      6.222732  0.004  0.010  0.030  0.044
   0.98336      6.196060  0.002  0.008  0.022  0.032
   1.00997      6.163062  0.002  0.006  0.022  0.030
   1.03658      6.131974  0.002  0.006  0.026  0.034
   1.06319      6.104785  0.002  0.006  0.030  0.040
   1.08980      6.082048  0.002  0.006  0.036  0.044
   1.11641      6.063806  0.002  0.006  0.042  0.050
   1.14302      6.050158  0.002  0.002  0.044  0.052
   1.16963      6.041550  0.002  0.002  0.050  0.054
   1.19624      6.038587  0.002  0.002  0.051  0.055
 
# Band-Index:  136
   1.19624      6.149626  0.004  0.006  0.026  0.036
   1.16963      6.152835  0.004  0.006  0.026  0.037
   1.14302      6.162418  0.004  0.006  0.027  0.038
   1.11641      6.178176  0.004  0.006  0.028  0.038
   1.08980      6.199595  0.006  0.006  0.028  0.044
   1.06319      6.225573  0.006  0.006  0.030  0.044
   1.03658      6.241840  0.004  0.006  0.085  0.099
   1.00997      6.240250  0.004  0.007  0.087  0.097
   0.98336      6.241482  0.004  0.008  0.087  0.098
   0.95675      6.246864  0.004  0.008  0.082  0.095
   0.93014      6.259483  0.004  0.006  0.058  0.070
   0.90353      6.301592  0.000  0.012  0.050  0.061
   0.87692      6.293221  0.000  0.008  0.047  0.053
   0.85031      6.281811  0.000  0.009  0.035  0.047
   0.82370      6.290662  0.001  0.012  0.039  0.054
   0.79709      6.304533  0.008  0.018  0.083  0.109
   0.77048      6.300556  0.002  0.022  0.070  0.096
   0.74387      6.279940  0.002  0.024  0.062  0.091
   0.71726      6.277995  0.006  0.024  0.041  0.075
   0.69065      6.293936  0.009  0.022  0.043  0.077
   0.69065      6.293936  0.009  0.022  0.043  0.077
   0.67734      6.286645  0.006  0.025  0.039  0.072
   0.66404      6.283713  0.006  0.026  0.036  0.072
   0.65073      6.285479  0.006  0.027  0.033  0.069
   0.63743      6.292079  0.005  0.026  0.076  0.106
   0.62412      6.299875  0.006  0.028  0.028  0.067
   0.61082      6.311020  0.006  0.030  0.026  0.066
   0.59751      6.324084  0.006  0.030  0.026  0.062
   0.58421      6.338488  0.006  0.028  0.024  0.059
   0.57090      6.353535  0.006  0.028  0.026  0.059
   0.55760      6.364479  0.003  0.014  0.054  0.071
   0.54429      6.354684  0.002  0.014  0.056  0.074
   0.53099      6.345104  0.002  0.014  0.056  0.074
   0.51768      6.336227  0.002  0.014  0.054  0.072
   0.50438      6.328406  0.002  0.014  0.054  0.071
   0.49107      6.321874  0.002  0.014  0.052  0.070
   0.47777      6.316768  0.002  0.014  0.050  0.072
   0.46446      6.313181  0.004  0.016  0.058  0.073
   0.45116      6.318588  0.004  0.016  0.060  0.074
   0.43785      6.320485  0.004  0.016  0.060  0.076
   0.43785      6.320485  0.004  0.016  0.060  0.076
   0.41481      6.319642  0.004  0.016  0.060  0.076
   0.39176      6.316901  0.002  0.018  0.064  0.086
   0.36872      6.324342  0.002  0.018  0.069  0.090
   0.34567      6.331783  0.002  0.022  0.057  0.080
   0.32263      6.290500  0.002  0.010  0.012  0.024
   0.29958      6.246821  0.000  0.006  0.076  0.086
   0.27654      6.237178  0.000  0.006  0.062  0.072
   0.25349      6.228139  0.000  0.006  0.048  0.056
   0.23045      6.215673  0.004  0.006  0.050  0.061
   0.20740      6.218799  0.004  0.006  0.060  0.070
   0.18436      6.221797  0.004  0.006  0.062  0.074
   0.16131      6.223998  0.004  0.008  0.059  0.071
   0.13827      6.220745  0.006  0.004  0.044  0.056
   0.11522      6.205793  0.006  0.006  0.032  0.046
   0.09218      6.187130  0.004  0.006  0.030  0.042
   0.06913      6.171077  0.004  0.006  0.028  0.038
   0.04609      6.159228  0.004  0.006  0.027  0.038
   0.02304      6.152033  0.004  0.006  0.026  0.036
   0.00000      6.149626  0.004  0.006  0.026  0.036
 
# Band-Index:  137
   0.00000      6.256898  0.000  0.008  0.078  0.086
   0.02304      6.257019  0.000  0.008  0.078  0.088
   0.04609      6.256723  0.002  0.004  0.079  0.089
   0.06913      6.255068  0.002  0.006  0.081  0.091
   0.09218      6.252432  0.002  0.010  0.081  0.093
   0.11522      6.250866  0.006  0.010  0.083  0.095
   0.13827      6.256877  0.008  0.008  0.072  0.087
   0.16131      6.278120  0.010  0.008  0.056  0.075
   0.18436      6.305528  0.010  0.012  0.050  0.069
   0.20740      6.322201  0.002  0.008  0.078  0.092
   0.23045      6.321285  0.002  0.018  0.071  0.096
   0.25349      6.311816  0.002  0.018  0.068  0.092
   0.27654      6.316047  0.002  0.021  0.057  0.079
   0.29958      6.342569  0.002  0.016  0.035  0.057
   0.32263      6.350444  0.002  0.016  0.084  0.102
   0.34567      6.349760  0.002  0.010  0.032  0.042
   0.36872      6.395549  0.002  0.014  0.016  0.034
   0.39176      6.430423  0.002  0.018  0.021  0.040
   0.41481      6.441370  0.000  0.016  0.038  0.052
   0.43785      6.437434  0.000  0.008  0.038  0.052
   0.43785      6.437434  0.000  0.008  0.038  0.052
   0.45116      6.436618  0.000  0.008  0.038  0.052
   0.46446      6.434129  0.000  0.012  0.038  0.052
   0.47777      6.429908  0.000  0.012  0.038  0.052
   0.49107      6.423932  0.000  0.014  0.036  0.055
   0.50438      6.416198  0.000  0.014  0.034  0.054
   0.51768      6.406703  0.001  0.018  0.032  0.052
   0.53099      6.395473  0.006  0.018  0.030  0.055
   0.54429      6.382630  0.006  0.020  0.027  0.053
   0.55760      6.368482  0.006  0.024  0.026  0.057
   0.57090      6.373856  0.002  0.014  0.050  0.066
   0.58421      6.381511  0.002  0.008  0.046  0.060
   0.59751      6.377962  0.000  0.016  0.052  0.066
   0.61082      6.358318  0.000  0.020  0.056  0.076
   0.62412      6.336706  0.000  0.022  0.056  0.078
   0.63743      6.319480  0.002  0.020  0.054  0.080
   0.65073      6.313398  0.006  0.024  0.054  0.085
   0.66404      6.309117  0.006  0.024  0.052  0.084
   0.67734      6.302468  0.007  0.024  0.048  0.083
   0.69065      6.293982  0.009  0.022  0.044  0.077
   0.69065      6.293982  0.009  0.022  0.044  0.077
   0.71726      6.314823  0.008  0.026  0.053  0.085
   0.74387      6.332677  0.008  0.026  0.056  0.088
   0.77048      6.345509  0.006  0.018  0.040  0.065
   0.79709      6.375228  0.000  0.006  0.014  0.024
   0.82370      6.358092  0.002  0.016  0.041  0.057
   0.85031      6.345883  0.004  0.020  0.054  0.075
   0.87692      6.339673  0.004  0.016  0.059  0.079
   0.90353      6.307967  0.000  0.002  0.015  0.016
   0.93014      6.287694  0.004  0.008  0.036  0.048
   0.95675      6.277951  0.008  0.008  0.021  0.038
   0.98336      6.282236  0.010  0.012  0.024  0.042
   1.00997      6.275889  0.008  0.010  0.026  0.044
   1.03658      6.253483  0.008  0.006  0.028  0.042
   1.06319      6.245224  0.004  0.006  0.085  0.097
   1.08980      6.249494  0.004  0.006  0.084  0.093
   1.11641      6.253617  0.004  0.006  0.083  0.093
   1.14302      6.256346  0.004  0.006  0.079  0.089
   1.16963      6.257031  0.000  0.006  0.078  0.088
   1.19624      6.256898  0.000  0.008  0.078  0.086
 
# Band-Index:  138
   1.19624      6.279384  0.004  0.010  0.067  0.083
   1.16963      6.280328  0.004  0.008  0.069  0.082
   1.14302      6.284451  0.004  0.008  0.068  0.079
   1.11641      6.293346  0.004  0.008  0.068  0.076
   1.08980      6.305922  0.000  0.008  0.070  0.082
   1.06319      6.316344  0.004  0.010  0.080  0.088
   1.03658      6.315196  0.004  0.009  0.088  0.104
   1.00997      6.311168  0.000  0.012  0.097  0.108
   0.98336      6.314597  0.002  0.012  0.094  0.106
   0.95675      6.327728  0.002  0.014  0.084  0.098
   0.93014      6.348266  0.002  0.018  0.072  0.092
   0.90353      6.347625  0.000  0.010  0.054  0.064
   0.87692      6.356517  0.004  0.012  0.024  0.041
   0.85031      6.363402  0.004  0.018  0.041  0.065
   0.82370      6.372786  0.004  0.014  0.035  0.050
   0.79709      6.381573  0.000  0.010  0.021  0.034
   0.77048      6.415183  0.000  0.007  0.011  0.020
   0.74387      6.453585  0.000  0.006  0.008  0.015
   0.71726      6.493489  0.000  0.006  0.006  0.012
   0.69065      6.527718  0.001  0.006  0.009  0.018
   0.69065      6.527718  0.001  0.006  0.009  0.018
   0.67734      6.498626  0.000  0.006  0.008  0.016
   0.66404      6.470009  0.000  0.006  0.008  0.016
   0.65073      6.445599  0.000  0.006  0.010  0.018
   0.63743      6.426531  0.000  0.006  0.014  0.022
   0.62412      6.412852  0.002  0.010  0.024  0.036
   0.61082      6.403262  0.002  0.014  0.033  0.046
   0.59751      6.397446  0.002  0.016  0.049  0.068
   0.58421      6.407316  0.002  0.024  0.056  0.084
   0.57090      6.427461  0.002  0.020  0.054  0.082
   0.55760      6.448683  0.004  0.020  0.053  0.081
   0.54429      6.470255  0.004  0.021  0.051  0.078
   0.53099      6.482202  0.002  0.015  0.044  0.064
   0.51768      6.479452  0.002  0.016  0.038  0.058
   0.50438      6.476833  0.002  0.016  0.032  0.050
   0.49107      6.474015  0.002  0.012  0.026  0.044
   0.47777      6.471036  0.002  0.012  0.022  0.036
   0.46446      6.468278  0.002  0.012  0.018  0.036
   0.45116      6.466296  0.002  0.010  0.016  0.034
   0.43785      6.465574  0.002  0.010  0.015  0.034
   0.43785      6.465574  0.002  0.010  0.015  0.034
   0.41481      6.462796  0.002  0.006  0.018  0.028
   0.39176      6.470882  0.000  0.006  0.039  0.046
   0.36872      6.486376  0.000  0.010  0.034  0.044
   0.34567      6.434863  0.000  0.006  0.030  0.036
   0.32263      6.387296  0.000  0.010  0.028  0.034
   0.29958      6.356371  0.000  0.010  0.036  0.046
   0.27654      6.342408  0.000  0.012  0.051  0.066
   0.25349      6.342488  0.000  0.016  0.070  0.088
   0.23045      6.343638  0.008  0.010  0.052  0.069
   0.20740      6.328431  0.010  0.012  0.054  0.078
   0.18436      6.312170  0.002  0.008  0.092  0.106
   0.16131      6.306103  0.004  0.010  0.091  0.105
   0.13827      6.307281  0.004  0.010  0.090  0.103
   0.11522      6.307445  0.002  0.009  0.078  0.087
   0.09218      6.298759  0.002  0.008  0.071  0.080
   0.06913      6.289238  0.002  0.008  0.069  0.080
   0.04609      6.282925  0.002  0.008  0.068  0.079
   0.02304      6.280068  0.002  0.010  0.067  0.080
   0.00000      6.279384  0.004  0.010  0.067  0.083
 
# Band-Index:  139
   0.00000      6.279388  0.004  0.008  0.071  0.083
   0.02304      6.280863  0.004  0.008  0.071  0.083
   0.04609      6.285222  0.004  0.008  0.069  0.083
   0.06913      6.292259  0.004  0.008  0.066  0.083
   0.09218      6.301635  0.004  0.008  0.066  0.083
   0.11522      6.312870  0.004  0.008  0.067  0.083
   0.13827      6.325300  0.004  0.014  0.070  0.089
   0.16131      6.337746  0.004  0.016  0.081  0.100
   0.18436      6.347258  0.004  0.018  0.103  0.125
   0.20740      6.350290  0.004  0.022  0.109  0.131
   0.23045      6.347727  0.000  0.018  0.090  0.112
   0.25349      6.369898  0.000  0.008  0.052  0.062
   0.27654      6.387071  0.002  0.010  0.085  0.103
   0.29958      6.370372  0.002  0.014  0.091  0.109
   0.32263      6.390888  0.002  0.016  0.028  0.046
   0.34567      6.444746  0.002  0.014  0.022  0.040
   0.36872      6.491984  0.000  0.006  0.032  0.044
   0.39176      6.549728  0.000  0.012  0.038  0.050
   0.41481      6.596427  0.004  0.010  0.024  0.044
   0.43785      6.612250  0.004  0.011  0.026  0.044
   0.43785      6.612250  0.004  0.011  0.026  0.044
   0.45116      6.606598  0.004  0.012  0.028  0.046
   0.46446      6.593213  0.004  0.016  0.032  0.052
   0.47777      6.575919  0.004  0.018  0.040  0.062
   0.49107      6.556386  0.004  0.018  0.042  0.066
   0.50438      6.535517  0.006  0.020  0.046  0.070
   0.51768      6.513930  0.004  0.021  0.047  0.072
   0.53099      6.492087  0.004  0.021  0.049  0.077
   0.54429      6.485729  0.002  0.016  0.050  0.069
   0.55760      6.490609  0.002  0.015  0.053  0.073
   0.57090      6.497324  0.002  0.016  0.054  0.075
   0.58421      6.505993  0.002  0.014  0.054  0.074
   0.59751      6.516420  0.000  0.014  0.050  0.066
   0.61082      6.528184  0.000  0.014  0.042  0.058
   0.62412      6.540561  0.000  0.012  0.032  0.046
   0.63743      6.551448  0.000  0.010  0.016  0.028
   0.65073      6.554581  0.000  0.006  0.008  0.018
   0.66404      6.549390  0.000  0.006  0.008  0.020
   0.67734      6.540106  0.000  0.006  0.008  0.020
   0.69065      6.527741  0.001  0.006  0.009  0.018
   0.69065      6.527741  0.001  0.006  0.009  0.018
   0.71726      6.495295  0.000  0.006  0.010  0.022
   0.74387      6.457479  0.000  0.006  0.018  0.026
   0.77048      6.422751  0.000  0.008  0.028  0.036
   0.79709      6.404993  0.004  0.020  0.052  0.079
   0.82370      6.441747  0.000  0.018  0.042  0.064
   0.85031      6.438848  0.000  0.006  0.030  0.038
   0.87692      6.384892  0.004  0.016  0.060  0.078
   0.90353      6.366062  0.004  0.024  0.073  0.095
   0.93014      6.368493  0.000  0.010  0.064  0.076
   0.95675      6.369501  0.002  0.016  0.111  0.129
   0.98336      6.353826  0.006  0.016  0.112  0.130
   1.00997      6.334236  0.006  0.012  0.106  0.122
   1.03658      6.323845  0.008  0.012  0.105  0.123
   1.06319      6.319763  0.006  0.012  0.086  0.104
   1.08980      6.308430  0.004  0.008  0.065  0.083
   1.11641      6.296474  0.004  0.010  0.066  0.083
   1.14302      6.287164  0.004  0.010  0.067  0.084
   1.16963      6.281355  0.004  0.010  0.067  0.082
   1.19624      6.279388  0.004  0.008  0.071  0.083
 
# Band-Index:  140
   1.19624      6.370559  0.002  0.013  0.083  0.102
   1.16963      6.367221  0.004  0.012  0.083  0.103
   1.14302      6.358287  0.004  0.012  0.086  0.105
   1.11641      6.346593  0.004  0.014  0.091  0.109
   1.08980      6.335843  0.004  0.010  0.089  0.108
   1.06319      6.331289  0.006  0.010  0.072  0.088
   1.03658      6.340511  0.004  0.010  0.056  0.076
   1.00997      6.352656  0.006  0.014  0.057  0.076
   0.98336      6.369392  0.010  0.010  0.060  0.074
   0.95675      6.390659  0.004  0.006  0.056  0.068
   0.93014      6.407813  0.004  0.014  0.087  0.105
   0.90353      6.445671  0.003  0.018  0.069  0.092
   0.87692      6.480093  0.004  0.018  0.045  0.067
   0.85031      6.497160  0.000  0.023  0.061  0.084
   0.82370      6.503733  0.000  0.010  0.046  0.056
   0.79709      6.553940  0.000  0.008  0.031  0.040
   0.77048      6.566851  0.000  0.014  0.072  0.092
   0.74387      6.581065  0.000  0.014  0.056  0.072
   0.71726      6.596082  0.000  0.010  0.026  0.036
   0.69065      6.535500  0.000  0.000  0.004  0.007
   0.69065      6.535500  0.000  0.000  0.004  0.007
   0.67734      6.551328  0.000  0.004  0.004  0.012
   0.66404      6.568516  0.000  0.004  0.006  0.012
   0.65073      6.580251  0.000  0.016  0.047  0.068
   0.63743      6.574536  0.002  0.016  0.048  0.066
   0.62412      6.576366  0.002  0.012  0.043  0.062
   0.61082      6.580124  0.002  0.016  0.042  0.060
   0.59751      6.584219  0.002  0.016  0.044  0.062
   0.58421      6.588411  0.002  0.014  0.046  0.066
   0.57090      6.592712  0.002  0.020  0.048  0.068
   0.55760      6.597195  0.002  0.020  0.050  0.074
   0.54429      6.601928  0.002  0.020  0.052  0.078
   0.53099      6.606916  0.002  0.024  0.053  0.080
   0.51768      6.612054  0.002  0.024  0.054  0.082
   0.50438      6.617125  0.002  0.024  0.055  0.086
   0.49107      6.621888  0.002  0.024  0.054  0.086
   0.47777      6.626188  0.002  0.024  0.052  0.081
   0.46446      6.630001  0.004  0.024  0.046  0.074
   0.45116      6.633330  0.004  0.020  0.035  0.064
   0.43785      6.635267  0.006  0.022  0.022  0.050
   0.43785      6.635267  0.006  0.022  0.022  0.050
   0.41481      6.601475  0.000  0.014  0.044  0.060
   0.39176      6.560998  0.006  0.014  0.019  0.038
   0.36872      6.513689  0.002  0.012  0.038  0.052
   0.34567      6.502229  0.002  0.006  0.052  0.062
   0.32263      6.466549  0.000  0.007  0.052  0.060
   0.29958      6.433065  0.000  0.008  0.050  0.058
   0.27654      6.402080  0.001  0.014  0.050  0.064
   0.25349      6.400377  0.002  0.010  0.080  0.096
   0.23045      6.390741  0.008  0.010  0.066  0.082
   0.20740      6.370482  0.006  0.010  0.060  0.076
   0.18436      6.368226  0.004  0.010  0.062  0.076
   0.16131      6.359302  0.006  0.010  0.073  0.088
   0.13827      6.342532  0.006  0.008  0.083  0.093
   0.11522      6.333183  0.008  0.011  0.091  0.107
   0.09218      6.339148  0.004  0.012  0.095  0.111
   0.06913      6.350401  0.004  0.012  0.089  0.108
   0.04609      6.360859  0.002  0.012  0.085  0.106
   0.02304      6.368022  0.002  0.012  0.083  0.103
   0.00000      6.370559  0.002  0.013  0.083  0.102
 
# Band-Index:  141
   0.00000      6.370564  0.004  0.012  0.082  0.102
   0.02304      6.372004  0.004  0.012  0.083  0.103
   0.04609      6.375786  0.004  0.016  0.085  0.105
   0.06913      6.380182  0.004  0.016  0.092  0.111
   0.09218      6.382438  0.004  0.016  0.098  0.122
   0.11522      6.380622  0.004  0.020  0.105  0.131
   0.13827      6.376129  0.004  0.020  0.107  0.132
   0.16131      6.372929  0.000  0.018  0.101  0.122
   0.18436      6.376129  0.004  0.018  0.075  0.092
   0.20740      6.389794  0.004  0.016  0.064  0.080
   0.23045      6.412576  0.004  0.016  0.070  0.091
   0.25349      6.443138  0.004  0.018  0.080  0.102
   0.27654      6.481005  0.004  0.024  0.090  0.117
   0.29958      6.525402  0.004  0.026  0.095  0.127
   0.32263      6.546038  0.000  0.014  0.058  0.076
   0.34567      6.523256  0.000  0.012  0.052  0.066
   0.36872      6.539556  0.002  0.008  0.052  0.062
   0.39176      6.577733  0.004  0.008  0.050  0.066
   0.41481      6.622548  0.004  0.010  0.042  0.056
   0.43785      6.639927  0.000  0.018  0.072  0.094
   0.43785      6.639927  0.000  0.018  0.072  0.094
   0.45116      6.642012  0.002  0.018  0.055  0.074
   0.46446      6.645741  0.002  0.018  0.044  0.066
   0.47777      6.650087  0.002  0.014  0.036  0.060
   0.49107      6.654895  0.003  0.014  0.030  0.052
   0.50438      6.656231  0.000  0.006  0.013  0.020
   0.51768      6.656621  0.000  0.006  0.012  0.020
   0.53099      6.656513  0.000  0.006  0.010  0.018
   0.54429      6.655450  0.000  0.006  0.010  0.017
   0.55760      6.652736  0.000  0.004  0.012  0.018
   0.57090      6.648103  0.000  0.004  0.014  0.020
   0.58421      6.641679  0.000  0.004  0.014  0.020
   0.59751      6.633540  0.000  0.004  0.012  0.016
   0.61082      6.623700  0.000  0.004  0.010  0.016
   0.62412      6.612197  0.000  0.004  0.010  0.014
   0.63743      6.599104  0.000  0.004  0.008  0.014
   0.65073      6.584508  0.000  0.004  0.006  0.012
   0.66404      6.593113  0.000  0.016  0.040  0.056
   0.67734      6.607380  0.000  0.016  0.034  0.048
   0.69065      6.619627  0.000  0.014  0.030  0.047
   0.69065      6.619627  0.000  0.014  0.030  0.047
   0.71726      6.600555  0.000  0.010  0.019  0.030
   0.74387      6.618126  0.000  0.012  0.020  0.034
   0.77048      6.594492  0.000  0.012  0.024  0.034
   0.79709      6.556437  0.000  0.014  0.088  0.107
   0.82370      6.546656  0.000  0.016  0.098  0.114
   0.85031      6.529272  0.000  0.012  0.103  0.114
   0.87692      6.494709  0.000  0.012  0.094  0.107
   0.90353      6.448246  0.003  0.010  0.089  0.106
   0.93014      6.441361  0.000  0.024  0.091  0.121
   0.95675      6.426157  0.006  0.018  0.057  0.078
   0.98336      6.421323  0.002  0.016  0.064  0.080
   1.00997      6.403238  0.004  0.008  0.104  0.117
   1.03658      6.377298  0.004  0.014  0.102  0.119
   1.06319      6.366234  0.004  0.016  0.110  0.131
   1.08980      6.372639  0.002  0.020  0.109  0.130
   1.11641      6.378480  0.002  0.016  0.095  0.119
   1.14302      6.376647  0.002  0.017  0.088  0.107
   1.16963      6.372434  0.002  0.013  0.084  0.103
   1.19624      6.370564  0.004  0.012  0.082  0.102
 
# Band-Index:  142
   1.19624      6.572343  0.002  0.014  0.041  0.057
   1.16963      6.551187  0.000  0.018  0.067  0.085
   1.14302      6.523318  0.000  0.014  0.069  0.082
   1.11641      6.502826  0.001  0.016  0.077  0.094
   1.08980      6.481775  0.000  0.018  0.077  0.095
   1.06319      6.462842  0.000  0.014  0.075  0.095
   1.03658      6.445665  0.000  0.016  0.076  0.092
   1.00997      6.431144  0.000  0.016  0.073  0.089
   0.98336      6.433724  0.004  0.013  0.110  0.127
   0.95675      6.449120  0.003  0.026  0.108  0.137
   0.93014      6.461358  0.008  0.014  0.057  0.084
   0.90353      6.503746  0.012  0.014  0.063  0.085
   0.87692      6.548257  0.014  0.014  0.067  0.095
   0.85031      6.558122  0.000  0.010  0.034  0.046
   0.82370      6.612017  0.004  0.012  0.024  0.038
   0.79709      6.657837  0.004  0.012  0.030  0.042
   0.77048      6.684515  0.000  0.008  0.042  0.051
   0.74387      6.657330  0.000  0.004  0.006  0.011
   0.71726      6.627807  0.000  0.014  0.022  0.040
   0.69065      6.619790  0.000  0.014  0.031  0.048
   0.69065      6.619790  0.000  0.014  0.031  0.048
   0.67734      6.629769  0.000  0.016  0.028  0.044
   0.66404      6.639222  0.000  0.016  0.028  0.044
   0.65073      6.647654  0.000  0.016  0.027  0.042
   0.63743      6.654686  0.000  0.012  0.028  0.042
   0.62412      6.659968  0.000  0.012  0.028  0.039
   0.61082      6.663269  0.000  0.012  0.028  0.039
   0.59751      6.664695  0.000  0.010  0.028  0.038
   0.58421      6.664838  0.000  0.006  0.026  0.038
   0.57090      6.664529  0.000  0.006  0.026  0.034
   0.55760      6.664521  0.000  0.006  0.028  0.034
   0.54429      6.665316  0.000  0.004  0.030  0.036
   0.53099      6.666763  0.000  0.004  0.030  0.038
   0.51768      6.665970  0.005  0.014  0.031  0.047
   0.50438      6.660234  0.004  0.014  0.028  0.050
   0.49107      6.655500  0.001  0.006  0.013  0.022
   0.47777      6.654093  0.000  0.008  0.012  0.020
   0.46446      6.651612  0.000  0.010  0.012  0.022
   0.45116      6.647860  0.004  0.013  0.015  0.030
   0.43785      6.645501  0.004  0.014  0.015  0.035
   0.43785      6.645501  0.004  0.014  0.015  0.035
   0.41481      6.653198  0.004  0.012  0.014  0.030
   0.39176      6.663635  0.004  0.013  0.010  0.026
   0.36872      6.659299  0.002  0.014  0.030  0.050
   0.34567      6.625846  0.004  0.035  0.105  0.148
   0.32263      6.574764  0.004  0.032  0.101  0.137
   0.29958      6.552979  0.004  0.024  0.078  0.107
   0.27654      6.518138  0.012  0.026  0.097  0.132
   0.25349      6.478307  0.008  0.024  0.110  0.143
   0.23045      6.458047  0.004  0.020  0.120  0.151
   0.20740      6.445800  0.004  0.014  0.110  0.132
   0.18436      6.427009  0.004  0.014  0.092  0.110
   0.16131      6.425940  0.002  0.014  0.073  0.092
   0.13827      6.439278  0.002  0.014  0.067  0.082
   0.11522      6.457299  0.002  0.016  0.066  0.083
   0.09218      6.478291  0.000  0.016  0.068  0.086
   0.06913      6.502120  0.000  0.016  0.070  0.087
   0.04609      6.528136  0.000  0.018  0.070  0.089
   0.02304      6.554536  0.000  0.018  0.066  0.085
   0.00000      6.572343  0.002  0.014  0.041  0.057
 
# Band-Index:  143
   0.00000      6.572350  0.004  0.016  0.039  0.059
   0.02304      6.556698  0.000  0.018  0.065  0.084
   0.04609      6.535908  0.000  0.014  0.074  0.092
   0.06913      6.519584  0.000  0.014  0.072  0.088
   0.09218      6.511643  0.000  0.010  0.067  0.078
   0.11522      6.514275  0.004  0.008  0.056  0.067
   0.13827      6.525292  0.004  0.008  0.050  0.062
   0.16131      6.528159  0.000  0.028  0.106  0.135
   0.18436      6.506489  0.002  0.024  0.105  0.133
   0.20740      6.496072  0.002  0.020  0.097  0.119
   0.23045      6.513983  0.004  0.016  0.083  0.106
   0.25349      6.548840  0.004  0.016  0.083  0.100
   0.27654      6.574038  0.002  0.012  0.073  0.087
   0.29958      6.585964  0.004  0.010  0.069  0.088
   0.32263      6.614430  0.006  0.018  0.066  0.090
   0.34567      6.638880  0.004  0.014  0.052  0.072
   0.36872      6.668594  0.004  0.036  0.088  0.128
   0.39176      6.680741  0.004  0.026  0.054  0.083
   0.41481      6.670009  0.004  0.022  0.044  0.069
   0.43785      6.662296  0.002  0.002  0.038  0.042
   0.43785      6.662296  0.002  0.002  0.038  0.042
   0.45116      6.662867  0.002  0.002  0.038  0.042
   0.46446      6.664527  0.002  0.002  0.038  0.045
   0.47777      6.666664  0.001  0.002  0.034  0.042
   0.49107      6.668237  0.000  0.002  0.032  0.040
   0.50438      6.668710  0.000  0.002  0.030  0.038
   0.51768      6.668106  0.000  0.004  0.030  0.037
   0.53099      6.672306  0.006  0.015  0.032  0.048
   0.54429      6.679550  0.006  0.012  0.032  0.048
   0.55760      6.688117  0.006  0.012  0.034  0.050
   0.57090      6.698407  0.006  0.012  0.036  0.054
   0.58421      6.710565  0.006  0.012  0.038  0.057
   0.59751      6.722286  0.004  0.014  0.028  0.043
   0.61082      6.717271  0.000  0.008  0.012  0.022
   0.62412      6.706254  0.000  0.008  0.014  0.024
   0.63743      6.694811  0.000  0.010  0.016  0.024
   0.65073      6.683981  0.000  0.010  0.018  0.030
   0.66404      6.674678  0.000  0.010  0.022  0.032
   0.67734      6.667960  0.000  0.010  0.022  0.032
   0.69065      6.665292  0.000  0.012  0.020  0.032
   0.69065      6.665292  0.000  0.012  0.020  0.032
   0.71726      6.676313  0.000  0.010  0.024  0.034
   0.74387      6.690648  0.000  0.008  0.034  0.044
   0.77048      6.696099  0.000  0.004  0.008  0.014
   0.79709      6.692436  0.008  0.012  0.043  0.058
   0.82370      6.648282  0.010  0.017  0.067  0.093
   0.85031      6.597664  0.014  0.014  0.070  0.097
   0.87692      6.562469  0.000  0.018  0.075  0.094
   0.90353      6.562928  0.002  0.015  0.111  0.130
   0.93014      6.527891  0.004  0.012  0.104  0.118
   0.95675      6.495023  0.002  0.014  0.084  0.101
   0.98336      6.493037  0.002  0.026  0.077  0.104
   1.00997      6.511039  0.002  0.024  0.070  0.096
   1.03658      6.522602  0.002  0.016  0.050  0.068
   1.06319      6.512714  0.002  0.008  0.042  0.056
   1.08980      6.500246  0.002  0.010  0.050  0.060
   1.11641      6.503352  0.001  0.010  0.063  0.075
   1.14302      6.526614  0.002  0.016  0.076  0.094
   1.16963      6.552703  0.002  0.016  0.068  0.087
   1.19624      6.572350  0.004  0.016  0.039  0.059
 
# Band-Index:  144
   1.19624      6.587976  0.006  0.000  0.073  0.079
   1.16963      6.589816  0.006  0.000  0.071  0.083
   1.14302      6.595862  0.004  0.006  0.071  0.086
   1.11641      6.603139  0.004  0.010  0.075  0.088
   1.08980      6.604022  0.002  0.030  0.082  0.115
   1.06319      6.590068  0.002  0.034  0.096  0.128
   1.03658      6.587125  0.000  0.024  0.088  0.120
   1.00997      6.587417  0.000  0.018  0.100  0.118
   0.98336      6.583844  0.000  0.020  0.108  0.130
   0.95675      6.591126  0.000  0.022  0.110  0.136
   0.93014      6.608962  0.000  0.026  0.109  0.136
   0.90353      6.629639  0.000  0.027  0.088  0.117
   0.87692      6.633666  0.002  0.012  0.083  0.096
   0.85031      6.664655  0.000  0.016  0.031  0.047
   0.82370      6.692304  0.000  0.010  0.023  0.031
   0.79709      6.712613  0.000  0.010  0.041  0.051
   0.77048      6.734166  0.002  0.013  0.020  0.037
   0.74387      6.761715  0.004  0.010  0.053  0.071
   0.71726      6.763831  0.000  0.015  0.138  0.156
   0.69065      6.766655  0.000  0.015  0.148  0.163
   0.69065      6.766655  0.000  0.015  0.148  0.163
   0.67734      6.763054  0.000  0.016  0.144  0.161
   0.66404      6.759916  0.000  0.014  0.134  0.149
   0.65073      6.755943  0.002  0.014  0.116  0.131
   0.63743      6.750524  0.002  0.012  0.095  0.111
   0.62412      6.744877  0.002  0.011  0.079  0.093
   0.61082      6.740997  0.002  0.011  0.065  0.078
   0.59751      6.733430  0.002  0.006  0.039  0.048
   0.58421      6.739769  0.000  0.004  0.024  0.030
   0.57090      6.745685  0.000  0.001  0.026  0.032
   0.55760      6.744883  0.000  0.002  0.032  0.038
   0.54429      6.738594  0.006  0.002  0.032  0.038
   0.53099      6.732012  0.006  0.002  0.030  0.036
   0.51768      6.726891  0.006  0.004  0.027  0.036
   0.50438      6.723662  0.006  0.004  0.024  0.034
   0.49107      6.722201  0.008  0.004  0.022  0.034
   0.47777      6.722024  0.008  0.008  0.022  0.034
   0.46446      6.722492  0.008  0.008  0.022  0.034
   0.45116      6.723027  0.008  0.008  0.022  0.034
   0.43785      6.723248  0.008  0.008  0.022  0.034
   0.43785      6.723248  0.008  0.008  0.022  0.034
   0.41481      6.729928  0.004  0.010  0.024  0.038
   0.39176      6.704508  0.002  0.012  0.032  0.046
   0.36872      6.692826  0.002  0.010  0.022  0.036
   0.34567      6.669209  0.004  0.021  0.058  0.084
   0.32263      6.640099  0.004  0.024  0.067  0.095
   0.29958      6.608623  0.004  0.026  0.077  0.109
   0.27654      6.580659  0.004  0.026  0.086  0.116
   0.25349      6.560905  0.004  0.022  0.088  0.114
   0.23045      6.551109  0.004  0.022  0.084  0.105
   0.20740      6.548606  0.004  0.018  0.070  0.091
   0.18436      6.546492  0.004  0.010  0.058  0.072
   0.16131      6.538360  0.004  0.010  0.050  0.062
   0.13827      6.553211  0.000  0.028  0.101  0.130
   0.11522      6.576531  0.002  0.024  0.094  0.120
   0.09218      6.592975  0.002  0.022  0.085  0.106
   0.06913      6.597485  0.004  0.010  0.075  0.089
   0.04609      6.593465  0.004  0.004  0.073  0.085
   0.02304      6.589195  0.006  0.002  0.073  0.085
   0.00000      6.587976  0.006  0.000  0.073  0.079
 
# Band-Index:  145
   0.00000      6.594874  0.000  0.028  0.134  0.163
   0.02304      6.610571  0.000  0.022  0.108  0.132
   0.04609      6.615421  0.004  0.018  0.049  0.073
   0.06913      6.616800  0.004  0.018  0.057  0.079
   0.09218      6.620854  0.004  0.014  0.063  0.079
   0.11522      6.629438  0.004  0.012  0.063  0.078
   0.13827      6.639124  0.004  0.012  0.060  0.076
   0.16131      6.647721  0.002  0.014  0.058  0.074
   0.18436      6.653669  0.002  0.014  0.054  0.072
   0.20740      6.656225  0.002  0.016  0.050  0.068
   0.23045      6.656695  0.002  0.016  0.045  0.062
   0.25349      6.659574  0.002  0.016  0.036  0.054
   0.27654      6.669304  0.000  0.016  0.026  0.042
   0.29958      6.676469  0.000  0.017  0.022  0.040
   0.32263      6.690599  0.000  0.014  0.022  0.035
   0.34567      6.699630  0.000  0.012  0.016  0.028
   0.36872      6.695660  0.000  0.022  0.074  0.098
   0.39176      6.732307  0.004  0.032  0.111  0.145
   0.41481      6.763211  0.004  0.038  0.117  0.158
   0.43785      6.774894  0.004  0.040  0.120  0.163
   0.43785      6.774894  0.004  0.040  0.120  0.163
   0.45116      6.775521  0.004  0.040  0.118  0.162
   0.46446      6.777198  0.004  0.038  0.114  0.155
   0.47777      6.779287  0.004  0.034  0.104  0.146
   0.49107      6.780672  0.002  0.027  0.089  0.116
   0.50438      6.778802  0.000  0.008  0.025  0.033
   0.51768      6.776128  0.000  0.007  0.023  0.030
   0.53099      6.770844  0.000  0.022  0.052  0.074
   0.54429      6.763574  0.002  0.018  0.046  0.068
   0.55760      6.755856  0.002  0.018  0.048  0.066
   0.57090      6.748706  0.002  0.018  0.048  0.062
   0.58421      6.743198  0.002  0.012  0.051  0.065
   0.59751      6.740407  0.002  0.012  0.057  0.070
   0.61082      6.744362  0.005  0.009  0.063  0.078
   0.62412      6.761549  0.004  0.010  0.070  0.085
   0.63743      6.778113  0.004  0.010  0.084  0.098
   0.65073      6.787494  0.000  0.014  0.120  0.134
   0.66404      6.782736  0.000  0.016  0.142  0.158
   0.67734      6.774117  0.000  0.016  0.146  0.163
   0.69065      6.767830  0.000  0.015  0.148  0.163
   0.69065      6.767830  0.000  0.015  0.148  0.163
   0.71726      6.785543  0.000  0.016  0.138  0.160
   0.74387      6.789384  0.002  0.018  0.124  0.146
   0.77048      6.750623  0.008  0.016  0.076  0.103
   0.79709      6.716510  0.002  0.011  0.046  0.061
   0.82370      6.693710  0.000  0.016  0.081  0.098
   0.85031      6.665537  0.002  0.015  0.104  0.121
   0.87692      6.645815  0.000  0.024  0.055  0.080
   0.90353      6.640530  0.000  0.017  0.033  0.051
   0.93014      6.680846  0.000  0.020  0.018  0.038
   0.95675      6.688156  0.002  0.017  0.019  0.038
   0.98336      6.651807  0.002  0.014  0.047  0.064
   1.00997      6.612512  0.002  0.020  0.066  0.086
   1.03658      6.597021  0.000  0.020  0.092  0.110
   1.06319      6.605592  0.000  0.016  0.082  0.100
   1.08980      6.607674  0.002  0.012  0.076  0.092
   1.11641      6.613661  0.003  0.026  0.066  0.096
   1.14302      6.615727  0.004  0.020  0.052  0.077
   1.16963      6.613420  0.002  0.024  0.084  0.107
   1.19624      6.594874  0.000  0.028  0.134  0.163
 
# Band-Index:  146
   1.19624      6.594877  0.000  0.028  0.135  0.163
   1.16963      6.613964  0.004  0.018  0.070  0.095
   1.14302      6.636700  0.000  0.024  0.099  0.127
   1.11641      6.656911  0.002  0.024  0.091  0.118
   1.08980      6.673319  0.002  0.020  0.111  0.133
   1.06319      6.680665  0.002  0.014  0.113  0.130
   1.03658      6.683976  0.002  0.014  0.106  0.122
   1.00997      6.685646  0.002  0.018  0.092  0.112
   0.98336      6.688666  0.002  0.017  0.076  0.096
   0.95675      6.696212  0.002  0.016  0.058  0.076
   0.93014      6.710237  0.000  0.014  0.044  0.059
   0.90353      6.733204  0.003  0.017  0.019  0.040
   0.87692      6.729755  0.002  0.016  0.016  0.038
   0.85031      6.727343  0.002  0.016  0.026  0.044
   0.82370      6.737820  0.002  0.014  0.064  0.080
   0.79709      6.768515  0.002  0.018  0.109  0.127
   0.77048      6.799685  0.000  0.021  0.136  0.161
   0.74387      6.793028  0.006  0.016  0.073  0.096
   0.71726      6.815235  0.008  0.009  0.064  0.079
   0.69065      6.833829  0.006  0.011  0.069  0.079
   0.69065      6.833829  0.006  0.011  0.069  0.079
   0.67734      6.829743  0.006  0.009  0.067  0.080
   0.66404      6.820218  0.007  0.010  0.064  0.079
   0.65073      6.811971  0.006  0.012  0.071  0.090
   0.63743      6.813476  0.004  0.012  0.078  0.094
   0.62412      6.812072  0.004  0.006  0.058  0.065
   0.61082      6.801920  0.004  0.006  0.044  0.052
   0.59751      6.789238  0.004  0.006  0.038  0.046
   0.58421      6.777267  0.004  0.006  0.034  0.042
   0.57090      6.768062  0.000  0.006  0.028  0.034
   0.55760      6.765635  0.000  0.006  0.020  0.026
   0.54429      6.768807  0.000  0.006  0.016  0.028
   0.53099      6.772752  0.000  0.006  0.019  0.027
   0.51768      6.776672  0.000  0.021  0.062  0.088
   0.50438      6.780072  0.000  0.028  0.078  0.105
   0.49107      6.780839  0.000  0.010  0.033  0.046
   0.47777      6.782287  0.000  0.008  0.028  0.036
   0.46446      6.783280  0.000  0.008  0.030  0.038
   0.45116      6.783856  0.000  0.008  0.030  0.038
   0.43785      6.784045  0.000  0.008  0.030  0.038
   0.43785      6.784045  0.000  0.008  0.030  0.038
   0.41481      6.786468  0.002  0.006  0.036  0.048
   0.39176      6.814071  0.002  0.010  0.034  0.046
   0.36872      6.796359  0.002  0.012  0.024  0.042
   0.34567      6.755577  0.004  0.016  0.030  0.050
   0.32263      6.728689  0.004  0.020  0.034  0.059
   0.29958      6.714417  0.006  0.020  0.044  0.068
   0.27654      6.706293  0.006  0.020  0.050  0.075
   0.25349      6.721963  0.004  0.016  0.048  0.070
   0.23045      6.734267  0.004  0.012  0.053  0.071
   0.20740      6.711406  0.000  0.026  0.096  0.122
   0.18436      6.685910  0.000  0.028  0.108  0.136
   0.16131      6.674203  0.000  0.033  0.117  0.150
   0.13827      6.672982  0.000  0.034  0.118  0.149
   0.11522      6.673709  0.000  0.030  0.116  0.146
   0.09218      6.664562  0.002  0.016  0.088  0.108
   0.06913      6.647589  0.002  0.018  0.096  0.114
   0.04609      6.630183  0.000  0.022  0.100  0.126
   0.02304      6.611167  0.000  0.024  0.108  0.134
   0.00000      6.594877  0.000  0.028  0.135  0.163
 
# Band-Index:  147
   0.00000      6.612366  0.006  0.014  0.045  0.065
   0.02304      6.613406  0.006  0.014  0.045  0.065
   0.04609      6.634082  0.000  0.024  0.100  0.130
   0.06913      6.654476  0.000  0.028  0.101  0.132
   0.09218      6.668527  0.000  0.030  0.106  0.140
   0.11522      6.682190  0.002  0.016  0.086  0.103
   0.13827      6.699842  0.002  0.012  0.084  0.098
   0.16131      6.715750  0.002  0.012  0.081  0.096
   0.18436      6.727461  0.002  0.012  0.072  0.089
   0.20740      6.733605  0.002  0.012  0.061  0.079
   0.23045      6.747216  0.000  0.022  0.085  0.107
   0.25349      6.761591  0.000  0.016  0.028  0.044
   0.27654      6.768327  0.002  0.012  0.028  0.048
   0.29958      6.783828  0.004  0.012  0.036  0.050
   0.32263      6.798639  0.008  0.016  0.034  0.058
   0.34567      6.816651  0.008  0.020  0.032  0.060
   0.36872      6.843679  0.012  0.024  0.020  0.054
   0.39176      6.837758  0.006  0.014  0.018  0.040
   0.41481      6.828644  0.004  0.020  0.022  0.044
   0.43785      6.822597  0.004  0.024  0.026  0.053
   0.43785      6.822597  0.004  0.024  0.026  0.053
   0.45116      6.822157  0.004  0.024  0.026  0.054
   0.46446      6.820953  0.004  0.024  0.027  0.055
   0.47777      6.819387  0.004  0.026  0.030  0.058
   0.49107      6.818265  0.004  0.026  0.038  0.067
   0.50438      6.818699  0.004  0.026  0.047  0.076
   0.51768      6.821379  0.004  0.026  0.052  0.084
   0.53099      6.826079  0.004  0.026  0.054  0.086
   0.54429      6.832218  0.002  0.026  0.054  0.081
   0.55760      6.839378  0.002  0.022  0.050  0.076
   0.57090      6.847303  0.002  0.020  0.042  0.064
   0.58421      6.855557  0.002  0.016  0.028  0.046
   0.59751      6.859860  0.004  0.012  0.032  0.044
   0.61082      6.851802  0.006  0.020  0.083  0.107
   0.62412      6.842439  0.006  0.020  0.090  0.118
   0.63743      6.835539  0.006  0.018  0.085  0.111
   0.65073      6.832540  0.006  0.020  0.074  0.098
   0.66404      6.833530  0.006  0.016  0.060  0.079
   0.67734      6.836571  0.006  0.015  0.051  0.068
   0.69065      6.838364  0.006  0.015  0.047  0.065
   0.69065      6.838364  0.006  0.015  0.047  0.065
   0.71726      6.826693  0.006  0.016  0.056  0.076
   0.74387      6.824699  0.001  0.020  0.113  0.133
   0.77048      6.828150  0.002  0.016  0.098  0.118
   0.79709      6.837054  0.004  0.024  0.102  0.129
   0.82370      6.840198  0.002  0.024  0.084  0.111
   0.85031      6.820063  0.000  0.012  0.054  0.066
   0.87692      6.772634  0.000  0.012  0.050  0.058
   0.90353      6.734196  0.000  0.013  0.040  0.051
   0.93014      6.730589  0.002  0.014  0.030  0.052
   0.95675      6.741877  0.000  0.018  0.037  0.054
   0.98336      6.740448  0.002  0.018  0.042  0.062
   1.00997      6.727091  0.002  0.018  0.051  0.071
   1.03658      6.711548  0.002  0.020  0.060  0.081
   1.06319      6.694235  0.002  0.020  0.069  0.092
   1.08980      6.675844  0.002  0.022  0.080  0.104
   1.11641      6.659737  0.000  0.020  0.103  0.129
   1.14302      6.639546  0.000  0.024  0.100  0.124
   1.16963      6.614716  0.000  0.024  0.106  0.130
   1.19624      6.612366  0.006  0.014  0.045  0.065
 
# Band-Index:  148
   1.19624      6.763728  0.000  0.028  0.099  0.125
   1.16963      6.762564  0.000  0.028  0.098  0.124
   1.14302      6.759531  0.000  0.026  0.095  0.121
   1.11641      6.756276  0.000  0.024  0.089  0.113
   1.08980      6.755968  0.000  0.024  0.078  0.103
   1.06319      6.761845  0.000  0.020  0.071  0.090
   1.03658      6.774219  0.000  0.018  0.071  0.088
   1.00997      6.789971  0.000  0.016  0.078  0.091
   0.98336      6.794060  0.000  0.028  0.036  0.061
   0.95675      6.764013  0.002  0.026  0.042  0.066
   0.93014      6.782382  0.000  0.020  0.032  0.052
   0.90353      6.813681  0.000  0.016  0.028  0.038
   0.87692      6.828922  0.001  0.018  0.065  0.087
   0.85031      6.834083  0.002  0.020  0.074  0.096
   0.82370      6.864611  0.000  0.010  0.056  0.066
   0.79709      6.902677  0.000  0.008  0.056  0.065
   0.77048      6.880777  0.002  0.022  0.095  0.120
   0.74387      6.867646  0.004  0.016  0.096  0.115
   0.71726      6.915824  0.000  0.014  0.089  0.104
   0.69065      6.944926  0.005  0.016  0.045  0.069
   0.69065      6.944926  0.005  0.016  0.045  0.069
   0.67734      6.936887  0.004  0.014  0.046  0.066
   0.66404      6.911030  0.004  0.016  0.087  0.108
   0.65073      6.886042  0.004  0.018  0.092  0.114
   0.63743      6.867696  0.004  0.022  0.104  0.131
   0.62412      6.863025  0.002  0.024  0.126  0.156
   0.61082      6.872004  0.002  0.028  0.131  0.161
   0.59751      6.871694  0.006  0.032  0.128  0.166
   0.58421      6.877855  0.006  0.028  0.125  0.160
   0.57090      6.888386  0.008  0.022  0.105  0.133
   0.55760      6.898615  0.007  0.020  0.089  0.114
   0.54429      6.908125  0.006  0.018  0.075  0.099
   0.53099      6.916925  0.000  0.012  0.026  0.040
   0.51768      6.914825  0.000  0.012  0.030  0.042
   0.50438      6.913508  0.000  0.016  0.032  0.050
   0.49107      6.913169  0.000  0.016  0.036  0.054
   0.47777      6.913602  0.000  0.015  0.038  0.056
   0.46446      6.914396  0.000  0.014  0.040  0.058
   0.45116      6.915097  0.000  0.014  0.042  0.058
   0.43785      6.915371  0.000  0.014  0.042  0.060
   0.43785      6.915371  0.000  0.014  0.042  0.060
   0.41481      6.914260  0.000  0.014  0.040  0.056
   0.39176      6.895719  0.004  0.010  0.026  0.044
   0.36872      6.885971  0.002  0.016  0.044  0.062
   0.34567      6.873881  0.002  0.018  0.056  0.076
   0.32263      6.838158  0.000  0.010  0.048  0.060
   0.29958      6.819128  0.000  0.008  0.036  0.048
   0.27654      6.823988  0.003  0.008  0.032  0.048
   0.25349      6.788409  0.000  0.020  0.076  0.098
   0.23045      6.775654  0.000  0.018  0.028  0.054
   0.20740      6.793692  0.000  0.016  0.069  0.086
   0.18436      6.784142  0.000  0.016  0.063  0.080
   0.16131      6.778385  0.000  0.016  0.061  0.080
   0.13827      6.775303  0.000  0.018  0.065  0.084
   0.11522      6.772227  0.000  0.022  0.072  0.091
   0.09218      6.762236  0.000  0.026  0.085  0.109
   0.06913      6.759407  0.000  0.026  0.091  0.118
   0.04609      6.760814  0.000  0.026  0.096  0.122
   0.02304      6.762869  0.000  0.028  0.098  0.125
   0.00000      6.763728  0.000  0.028  0.099  0.125
 
# Band-Index:  149
   0.00000      6.763729  0.000  0.028  0.099  0.126
   0.02304      6.763608  0.000  0.026  0.097  0.124
   0.04609      6.763808  0.000  0.026  0.093  0.120
   0.06913      6.765400  0.000  0.026  0.087  0.109
   0.09218      6.768579  0.000  0.022  0.079  0.102
   0.11522      6.772838  0.000  0.024  0.076  0.102
   0.13827      6.790616  0.000  0.024  0.071  0.099
   0.16131      6.812075  0.000  0.026  0.066  0.094
   0.18436      6.833855  0.000  0.028  0.060  0.088
   0.20740      6.813684  0.000  0.014  0.030  0.048
   0.23045      6.815958  0.002  0.006  0.070  0.083
   0.25349      6.833464  0.002  0.008  0.046  0.057
   0.27654      6.830863  0.000  0.016  0.068  0.089
   0.29958      6.869357  0.000  0.020  0.061  0.084
   0.32263      6.893803  0.000  0.022  0.056  0.080
   0.34567      6.918544  0.000  0.026  0.064  0.090
   0.36872      6.929632  0.002  0.012  0.094  0.114
   0.39176      6.941317  0.004  0.030  0.090  0.126
   0.41481      6.966078  0.010  0.018  0.040  0.064
   0.43785      6.974870  0.008  0.008  0.028  0.040
   0.43785      6.974870  0.008  0.008  0.028  0.040
   0.45116      6.970354  0.008  0.008  0.026  0.042
   0.46446      6.961689  0.006  0.008  0.030  0.044
   0.47777      6.952382  0.006  0.012  0.034  0.046
   0.49107      6.943220  0.006  0.010  0.040  0.052
   0.50438      6.934352  0.006  0.010  0.046  0.064
   0.51768      6.925699  0.006  0.014  0.056  0.071
   0.53099      6.917056  0.004  0.013  0.064  0.082
   0.54429      6.918890  0.000  0.011  0.023  0.036
   0.55760      6.918394  0.000  0.012  0.036  0.049
   0.57090      6.912305  0.000  0.016  0.068  0.084
   0.58421      6.900623  0.002  0.020  0.099  0.121
   0.59751      6.886176  0.002  0.025  0.120  0.148
   0.61082      6.879115  0.004  0.022  0.073  0.102
   0.62412      6.890075  0.004  0.018  0.059  0.081
   0.63743      6.902010  0.004  0.016  0.051  0.072
   0.65073      6.914273  0.004  0.014  0.046  0.068
   0.66404      6.926200  0.004  0.014  0.046  0.064
   0.67734      6.937617  0.005  0.016  0.081  0.102
   0.69065      6.945105  0.005  0.015  0.045  0.069
   0.69065      6.945105  0.005  0.015  0.045  0.069
   0.71726      6.943695  0.004  0.016  0.054  0.076
   0.74387      6.943882  0.002  0.016  0.044  0.066
   0.77048      6.933478  0.000  0.014  0.034  0.052
   0.79709      6.917038  0.004  0.018  0.034  0.057
   0.82370      6.898500  0.002  0.016  0.044  0.066
   0.85031      6.867266  0.004  0.016  0.072  0.092
   0.87692      6.839885  0.004  0.012  0.085  0.101
   0.90353      6.821218  0.003  0.013  0.089  0.103
   0.93014      6.812433  0.002  0.014  0.088  0.102
   0.95675      6.809480  0.002  0.012  0.086  0.100
   0.98336      6.803331  0.002  0.012  0.081  0.099
   1.00997      6.812725  0.000  0.026  0.060  0.087
   1.03658      6.805557  0.000  0.022  0.070  0.096
   1.06319      6.793117  0.000  0.022  0.073  0.096
   1.08980      6.780119  0.000  0.022  0.078  0.101
   1.11641      6.769919  0.000  0.022  0.085  0.107
   1.14302      6.764736  0.000  0.026  0.092  0.118
   1.16963      6.763627  0.000  0.028  0.097  0.123
   1.19624      6.763729  0.000  0.028  0.099  0.126
 
# Band-Index:  150
   1.19624      6.882445  0.000  0.010  0.016  0.028
   1.16963      6.880586  0.000  0.010  0.017  0.028
   1.14302      6.875379  0.000  0.010  0.018  0.030
   1.11641      6.867904  0.000  0.010  0.020  0.030
   1.08980      6.859808  0.000  0.012  0.020  0.034
   1.06319      6.852924  0.000  0.012  0.022  0.038
   1.03658      6.848843  0.000  0.014  0.026  0.039
   1.00997      6.848938  0.000  0.012  0.024  0.036
   0.98336      6.838748  0.002  0.012  0.078  0.092
   0.95675      6.837882  0.002  0.016  0.078  0.098
   0.93014      6.836076  0.000  0.020  0.070  0.090
   0.90353      6.832275  0.000  0.016  0.063  0.085
   0.87692      6.850911  0.000  0.012  0.026  0.036
   0.85031      6.884820  0.000  0.008  0.028  0.036
   0.82370      6.910760  0.000  0.012  0.032  0.044
   0.79709      6.922088  0.000  0.012  0.032  0.046
   0.77048      6.934681  0.000  0.017  0.050  0.072
   0.74387      6.957216  0.004  0.022  0.041  0.064
   0.71726      6.953760  0.008  0.018  0.043  0.069
   0.69065      6.957714  0.000  0.012  0.096  0.108
   0.69065      6.957714  0.000  0.012  0.096  0.108
   0.67734      6.954482  0.002  0.016  0.058  0.080
   0.66404      6.961758  0.002  0.018  0.054  0.078
   0.65073      6.966837  0.002  0.018  0.052  0.075
   0.63743      6.969003  0.000  0.018  0.053  0.072
   0.62412      6.968586  0.000  0.016  0.051  0.070
   0.61082      6.966040  0.000  0.016  0.051  0.070
   0.59751      6.961965  0.000  0.018  0.054  0.076
   0.58421      6.957412  0.000  0.022  0.060  0.082
   0.57090      6.954182  0.000  0.020  0.072  0.096
   0.55760      6.954538  0.000  0.022  0.076  0.096
   0.54429      6.958678  0.000  0.018  0.064  0.084
   0.53099      6.964659  0.000  0.016  0.046  0.062
   0.51768      6.971556  0.002  0.012  0.038  0.058
   0.50438      6.979310  0.002  0.012  0.034  0.054
   0.49107      6.987953  0.004  0.014  0.032  0.054
   0.47777      6.997253  0.004  0.016  0.036  0.058
   0.46446      7.006382  0.006  0.016  0.040  0.066
   0.45116      7.001684  0.000  0.012  0.018  0.034
   0.43785      6.996956  0.000  0.012  0.018  0.030
   0.43785      6.996956  0.000  0.012  0.018  0.030
   0.41481      6.994155  0.000  0.012  0.018  0.033
   0.39176      6.984993  0.000  0.016  0.028  0.044
   0.36872      6.954071  0.000  0.026  0.070  0.096
   0.34567      6.937487  0.000  0.012  0.060  0.068
   0.32263      6.916184  0.000  0.018  0.044  0.065
   0.29958      6.889663  0.000  0.024  0.040  0.064
   0.27654      6.866383  0.006  0.010  0.064  0.085
   0.25349      6.838293  0.004  0.013  0.055  0.070
   0.23045      6.840249  0.000  0.014  0.028  0.044
   0.20740      6.845290  0.000  0.010  0.028  0.040
   0.18436      6.836167  0.000  0.014  0.030  0.046
   0.16131      6.843183  0.000  0.014  0.027  0.040
   0.13827      6.849152  0.000  0.014  0.025  0.039
   0.11522      6.856151  0.000  0.014  0.024  0.034
   0.09218      6.863728  0.000  0.010  0.022  0.033
   0.06913      6.871003  0.000  0.010  0.018  0.032
   0.04609      6.877045  0.000  0.010  0.018  0.032
   0.02304      6.881045  0.000  0.010  0.017  0.028
   0.00000      6.882445  0.000  0.010  0.016  0.028
 
# Band-Index:  151
   0.00000      7.102980  0.004  0.006  0.032  0.048
   0.02304      7.101012  0.004  0.008  0.032  0.044
   0.04609      7.087819  0.002  0.012  0.038  0.052
   0.06913      7.060566  0.002  0.016  0.040  0.054
   0.09218      7.026398  0.002  0.016  0.040  0.055
   0.11522      6.987980  0.002  0.016  0.037  0.054
   0.13827      6.946744  0.002  0.015  0.034  0.052
   0.16131      6.904305  0.002  0.016  0.032  0.048
   0.18436      6.864613  0.002  0.016  0.030  0.042
   0.20740      6.852786  0.000  0.026  0.052  0.082
   0.23045      6.866125  0.000  0.028  0.044  0.071
   0.25349      6.873801  0.000  0.028  0.040  0.068
   0.27654      6.879430  0.000  0.024  0.040  0.064
   0.29958      6.902873  0.008  0.018  0.058  0.081
   0.32263      6.936029  0.006  0.018  0.039  0.069
   0.34567      6.946263  0.000  0.018  0.040  0.058
   0.36872      6.970127  0.000  0.018  0.029  0.048
   0.39176      6.994463  0.002  0.008  0.052  0.060
   0.41481      7.007108  0.006  0.014  0.056  0.076
   0.43785      7.016410  0.008  0.018  0.049  0.074
   0.43785      7.016410  0.008  0.018  0.049  0.074
   0.45116      7.013579  0.008  0.020  0.043  0.072
   0.46446      7.010878  0.001  0.016  0.020  0.040
   0.47777      7.020526  0.002  0.016  0.018  0.038
   0.49107      7.021145  0.002  0.012  0.061  0.077
   0.50438      7.017540  0.002  0.012  0.065  0.080
   0.51768      7.012950  0.001  0.014  0.065  0.080
   0.53099      7.007522  0.001  0.014  0.065  0.080
   0.54429      7.001478  0.001  0.013  0.064  0.081
   0.55760      6.994768  0.004  0.027  0.105  0.139
   0.57090      6.988896  0.002  0.020  0.072  0.094
   0.58421      6.983570  0.000  0.018  0.057  0.073
   0.59751      6.979204  0.000  0.018  0.055  0.073
   0.61082      6.976482  0.000  0.018  0.054  0.071
   0.62412      6.975986  0.000  0.018  0.053  0.072
   0.63743      6.978232  0.000  0.018  0.051  0.070
   0.65073      6.983043  0.000  0.018  0.040  0.063
   0.66404      6.986166  0.000  0.014  0.016  0.036
   0.67734      6.981789  0.002  0.016  0.031  0.051
   0.69065      6.977757  0.001  0.014  0.044  0.060
   0.69065      6.977757  0.001  0.014  0.044  0.060
   0.71726      6.985478  0.000  0.010  0.044  0.054
   0.74387      6.977372  0.000  0.008  0.064  0.074
   0.77048      6.949047  0.000  0.010  0.069  0.076
   0.79709      6.928165  0.004  0.020  0.115  0.142
   0.82370      6.921019  0.004  0.024  0.101  0.124
   0.85031      6.913969  0.002  0.016  0.065  0.083
   0.87692      6.906876  0.000  0.014  0.050  0.066
   0.90353      6.896015  0.000  0.014  0.036  0.056
   0.93014      6.882367  0.000  0.020  0.030  0.050
   0.95675      6.867496  0.000  0.018  0.025  0.042
   0.98336      6.854985  0.000  0.018  0.022  0.040
   1.00997      6.864058  0.002  0.012  0.048  0.064
   1.03658      6.912408  0.002  0.018  0.038  0.054
   1.06319      6.961687  0.002  0.016  0.038  0.054
   1.08980      7.007629  0.002  0.014  0.038  0.052
   1.11641      7.048388  0.002  0.016  0.038  0.054
   1.14302      7.081656  0.002  0.016  0.037  0.054
   1.16963      7.100090  0.004  0.010  0.032  0.048
   1.19624      7.102980  0.004  0.006  0.032  0.048
 
# Band-Index:  152
   1.19624      7.133899  0.000  0.022  0.057  0.077
   1.16963      7.122899  0.000  0.020  0.052  0.073
   1.14302      7.101528  0.000  0.020  0.051  0.071
   1.11641      7.076560  0.000  0.018  0.053  0.071
   1.08980      7.049590  0.000  0.018  0.054  0.072
   1.06319      7.021650  0.000  0.018  0.058  0.072
   1.03658      6.994128  0.000  0.014  0.059  0.073
   1.00997      6.969430  0.000  0.012  0.060  0.076
   0.98336      6.951740  0.000  0.012  0.064  0.081
   0.95675      6.946621  0.000  0.012  0.068  0.083
   0.93014      6.956923  0.001  0.015  0.073  0.090
   0.90353      6.973535  0.005  0.026  0.097  0.131
   0.87692      7.005142  0.007  0.030  0.089  0.126
   0.85031      7.028530  0.000  0.026  0.078  0.106
   0.82370      7.032359  0.002  0.013  0.047  0.062
   0.79709      7.029542  0.002  0.016  0.061  0.084
   0.77048      7.014894  0.004  0.022  0.083  0.114
   0.74387      6.996049  0.003  0.021  0.087  0.113
   0.71726      6.998404  0.002  0.020  0.111  0.134
   0.69065      6.977918  0.001  0.013  0.046  0.063
   0.69065      6.977918  0.001  0.013  0.046  0.063
   0.67734      6.991109  0.000  0.010  0.045  0.057
   0.66404      7.003347  0.004  0.019  0.113  0.134
   0.65073      7.005317  0.002  0.015  0.072  0.092
   0.63743      7.003650  0.000  0.010  0.033  0.044
   0.62412      6.998621  0.000  0.014  0.038  0.052
   0.61082      6.993342  0.002  0.015  0.044  0.060
   0.59751      6.989257  0.002  0.016  0.054  0.070
   0.58421      6.987511  0.003  0.020  0.068  0.091
   0.57090      6.989277  0.003  0.022  0.076  0.101
   0.55760      6.995317  0.002  0.019  0.073  0.093
   0.54429      7.004852  0.006  0.040  0.143  0.183
   0.53099      7.017642  0.006  0.038  0.155  0.197
   0.51768      7.031351  0.006  0.038  0.147  0.190
   0.50438      7.038687  0.000  0.016  0.042  0.058
   0.49107      7.030520  0.000  0.014  0.040  0.056
   0.47777      7.024449  0.000  0.010  0.076  0.086
   0.46446      7.026045  0.000  0.010  0.072  0.080
   0.45116      7.027106  0.001  0.010  0.070  0.080
   0.43785      7.027457  0.001  0.010  0.070  0.079
   0.43785      7.027457  0.001  0.010  0.070  0.079
   0.41481      7.020440  0.002  0.006  0.066  0.078
   0.39176      7.000795  0.000  0.026  0.060  0.088
   0.36872      6.970578  0.000  0.012  0.054  0.062
   0.34567      6.982803  0.002  0.010  0.062  0.072
   0.32263      6.958009  0.004  0.016  0.095  0.117
   0.29958      6.941334  0.000  0.016  0.086  0.100
   0.27654      6.942942  0.000  0.016  0.074  0.086
   0.25349      6.956174  0.002  0.012  0.064  0.076
   0.23045      6.981816  0.002  0.012  0.056  0.070
   0.20740      7.005882  0.000  0.017  0.084  0.102
   0.18436      7.009632  0.000  0.014  0.074  0.088
   0.16131      7.020805  0.000  0.014  0.068  0.083
   0.13827      7.036409  0.000  0.016  0.058  0.078
   0.11522      7.054368  0.000  0.020  0.056  0.076
   0.09218      7.073310  0.000  0.020  0.054  0.073
   0.06913      7.092262  0.000  0.020  0.052  0.072
   0.04609      7.110349  0.000  0.020  0.052  0.071
   0.02304      7.125899  0.000  0.020  0.056  0.073
   0.00000      7.133899  0.000  0.022  0.057  0.077
 
# Band-Index:  153
   0.00000      7.133900  0.000  0.021  0.055  0.078
   0.02304      7.126065  0.000  0.020  0.052  0.074
   0.04609      7.117704  0.002  0.014  0.048  0.065
   0.06913      7.117935  0.004  0.014  0.046  0.062
   0.09218      7.120251  0.004  0.010  0.048  0.063
   0.11522      7.120409  0.004  0.006  0.052  0.063
   0.13827      7.110821  0.004  0.008  0.054  0.066
   0.16131      7.086023  0.002  0.008  0.052  0.064
   0.18436      7.052204  0.002  0.009  0.052  0.062
   0.20740      7.015702  0.002  0.012  0.054  0.064
   0.23045      7.012620  0.000  0.015  0.094  0.108
   0.25349      7.030385  0.000  0.018  0.100  0.118
   0.27654      7.056124  0.000  0.018  0.102  0.120
   0.29958      7.085285  0.000  0.022  0.100  0.125
   0.32263      7.033190  0.002  0.006  0.056  0.065
   0.34567      7.002433  0.010  0.022  0.060  0.090
   0.36872      7.018777  0.006  0.012  0.048  0.064
   0.39176      7.012165  0.004  0.008  0.056  0.070
   0.41481      7.047354  0.000  0.026  0.060  0.086
   0.43785      7.071563  0.000  0.025  0.050  0.078
   0.43785      7.071563  0.000  0.025  0.050  0.078
   0.45116      7.070563  0.000  0.024  0.052  0.080
   0.46446      7.067469  0.002  0.024  0.061  0.086
   0.47777      7.062164  0.002  0.024  0.076  0.103
   0.49107      7.054464  0.004  0.024  0.101  0.135
   0.50438      7.044086  0.004  0.032  0.129  0.167
   0.51768      7.045103  0.000  0.017  0.044  0.063
   0.53099      7.049094  0.000  0.018  0.047  0.067
   0.54429      7.050074  0.000  0.020  0.048  0.067
   0.55760      7.047795  0.000  0.015  0.048  0.063
   0.57090      7.042806  0.000  0.014  0.040  0.058
   0.58421      7.036384  0.000  0.014  0.034  0.052
   0.59751      7.029754  0.000  0.014  0.034  0.048
   0.61082      7.023509  0.000  0.012  0.034  0.050
   0.62412      7.017564  0.002  0.014  0.039  0.054
   0.63743      7.011494  0.002  0.015  0.050  0.066
   0.65073      7.006573  0.000  0.012  0.030  0.044
   0.66404      7.003972  0.000  0.010  0.027  0.037
   0.67734      7.010493  0.002  0.023  0.118  0.145
   0.69065      7.015127  0.002  0.025  0.112  0.139
   0.69065      7.015127  0.002  0.025  0.112  0.139
   0.71726      7.002159  0.000  0.012  0.025  0.038
   0.74387      7.023233  0.000  0.017  0.043  0.059
   0.77048      7.044846  0.003  0.010  0.029  0.044
   0.79709      7.039332  0.000  0.010  0.043  0.053
   0.82370      7.039130  0.000  0.022  0.081  0.108
   0.85031      7.031407  0.004  0.030  0.072  0.108
   0.87692      7.006041  0.005  0.027  0.081  0.111
   0.90353      6.979189  0.002  0.018  0.074  0.095
   0.93014      6.960214  0.004  0.018  0.085  0.106
   0.95675      6.975299  0.004  0.010  0.071  0.084
   0.98336      7.010378  0.002  0.012  0.057  0.071
   1.00997      7.051758  0.002  0.010  0.054  0.066
   1.03658      7.089281  0.002  0.010  0.054  0.066
   1.06319      7.114690  0.004  0.006  0.054  0.064
   1.08980      7.123326  0.004  0.008  0.052  0.064
   1.11641      7.121668  0.004  0.010  0.048  0.062
   1.14302      7.119201  0.002  0.014  0.050  0.066
   1.16963      7.125013  0.000  0.018  0.055  0.073
   1.19624      7.133900  0.000  0.021  0.055  0.078
 
# Band-Index:  154
   1.19624      7.166879  0.000  0.012  0.039  0.049
   1.16963      7.173300  0.000  0.014  0.043  0.059
   1.14302      7.181105  0.000  0.016  0.047  0.060
   1.11641      7.183335  0.000  0.018  0.048  0.061
   1.08980      7.180371  0.000  0.018  0.050  0.068
   1.06319      7.178535  0.000  0.020  0.052  0.068
   1.03658      7.183428  0.002  0.016  0.058  0.074
   1.00997      7.191433  0.002  0.016  0.062  0.079
   0.98336      7.196956  0.002  0.016  0.062  0.080
   0.95675      7.194635  0.002  0.014  0.062  0.078
   0.93014      7.179758  0.002  0.014  0.059  0.075
   0.90353      7.152119  0.000  0.012  0.058  0.072
   0.87692      7.118397  0.000  0.014  0.066  0.078
   0.85031      7.093065  0.000  0.016  0.090  0.110
   0.82370      7.089496  0.000  0.019  0.053  0.072
   0.79709      7.050161  0.000  0.020  0.063  0.087
   0.77048      7.047360  0.000  0.015  0.036  0.052
   0.74387      7.041995  0.004  0.010  0.044  0.054
   0.71726      7.031136  0.004  0.024  0.129  0.155
   0.69065      7.015750  0.002  0.025  0.115  0.142
   0.69065      7.015750  0.002  0.025  0.115  0.142
   0.67734      7.017822  0.002  0.023  0.119  0.145
   0.66404      7.027098  0.002  0.024  0.137  0.163
   0.65073      7.042693  0.000  0.022  0.137  0.161
   0.63743      7.058136  0.000  0.022  0.133  0.156
   0.62412      7.069816  0.000  0.024  0.124  0.148
   0.61082      7.074408  0.000  0.020  0.103  0.124
   0.59751      7.072034  0.000  0.020  0.083  0.103
   0.58421      7.067294  0.000  0.016  0.069  0.088
   0.57090      7.063279  0.000  0.017  0.060  0.079
   0.55760      7.061085  0.000  0.016  0.054  0.072
   0.54429      7.061044  0.000  0.016  0.050  0.067
   0.53099      7.063276  0.000  0.016  0.047  0.064
   0.51768      7.067904  0.000  0.018  0.050  0.068
   0.50438      7.075090  0.000  0.022  0.063  0.086
   0.49107      7.084602  0.000  0.028  0.082  0.112
   0.47777      7.095156  0.002  0.032  0.091  0.125
   0.46446      7.104900  0.002  0.030  0.093  0.129
   0.45116      7.112356  0.002  0.028  0.081  0.111
   0.43785      7.115703  0.002  0.026  0.068  0.095
   0.43785      7.115703  0.002  0.026  0.068  0.095
   0.41481      7.121888  0.002  0.020  0.065  0.087
   0.39176      7.140142  0.000  0.040  0.080  0.118
   0.36872      7.113681  0.006  0.022  0.082  0.110
   0.34567      7.091416  0.002  0.014  0.082  0.093
   0.32263      7.110372  0.000  0.010  0.064  0.075
   0.29958      7.093547  0.000  0.006  0.053  0.062
   0.27654      7.156235  0.000  0.008  0.049  0.057
   0.25349      7.169913  0.004  0.014  0.062  0.078
   0.23045      7.160979  0.004  0.012  0.060  0.075
   0.20740      7.155250  0.004  0.010  0.058  0.070
   0.18436      7.151789  0.004  0.014  0.055  0.072
   0.16131      7.150141  0.002  0.012  0.051  0.067
   0.13827      7.152447  0.002  0.016  0.047  0.063
   0.11522      7.162365  0.000  0.018  0.046  0.062
   0.09218      7.173572  0.000  0.018  0.046  0.061
   0.06913      7.179236  0.000  0.014  0.042  0.062
   0.04609      7.178151  0.000  0.014  0.042  0.060
   0.02304      7.171889  0.000  0.014  0.041  0.055
   0.00000      7.166879  0.000  0.012  0.039  0.049
 
# Band-Index:  155
   0.00000      7.166880  0.000  0.012  0.041  0.049
   0.02304      7.173687  0.000  0.015  0.043  0.057
   0.04609      7.186377  0.000  0.016  0.044  0.059
   0.06913      7.199620  0.000  0.016  0.045  0.060
   0.09218      7.212226  0.000  0.016  0.046  0.062
   0.11522      7.223831  0.000  0.016  0.047  0.062
   0.13827      7.234252  0.000  0.016  0.048  0.066
   0.16131      7.243359  0.000  0.016  0.051  0.070
   0.18436      7.251029  0.000  0.022  0.054  0.076
   0.20740      7.257158  0.000  0.022  0.057  0.080
   0.23045      7.261649  0.000  0.022  0.061  0.084
   0.25349      7.219437  0.000  0.008  0.045  0.051
   0.27654      7.179114  0.004  0.014  0.058  0.076
   0.29958      7.146370  0.000  0.012  0.058  0.070
   0.32263      7.112993  0.000  0.024  0.098  0.122
   0.34567      7.133748  0.000  0.032  0.088  0.122
   0.36872      7.142705  0.000  0.034  0.084  0.119
   0.39176      7.150079  0.002  0.020  0.077  0.099
   0.41481      7.132855  0.000  0.040  0.079  0.123
   0.43785      7.129296  0.000  0.040  0.081  0.125
   0.43785      7.129296  0.000  0.040  0.081  0.125
   0.45116      7.133289  0.000  0.038  0.071  0.111
   0.46446      7.141575  0.002  0.038  0.069  0.109
   0.47777      7.150428  0.002  0.041  0.075  0.120
   0.49107      7.157676  0.004  0.040  0.086  0.128
   0.50438      7.162313  0.004  0.039  0.096  0.137
   0.51768      7.152805  0.000  0.024  0.075  0.105
   0.53099      7.139981  0.000  0.022  0.069  0.092
   0.54429      7.128576  0.000  0.016  0.067  0.088
   0.55760      7.119743  0.000  0.014  0.067  0.082
   0.57090      7.113707  0.000  0.012  0.070  0.082
   0.58421      7.109764  0.000  0.010  0.076  0.086
   0.59751      7.106972  0.000  0.008  0.076  0.088
   0.61082      7.104716  0.000  0.008  0.078  0.088
   0.62412      7.102798  0.000  0.008  0.078  0.088
   0.63743      7.100992  0.000  0.008  0.076  0.085
   0.65073      7.093955  0.001  0.016  0.091  0.108
   0.66404      7.078458  0.000  0.020  0.095  0.115
   0.67734      7.064877  0.000  0.020  0.088  0.103
   0.69065      7.059054  0.000  0.018  0.079  0.097
   0.69065      7.059054  0.000  0.018  0.079  0.097
   0.71726      7.060448  0.000  0.016  0.061  0.079
   0.74387      7.053109  0.002  0.020  0.102  0.122
   0.77048      7.062219  0.002  0.024  0.103  0.130
   0.79709      7.082810  0.002  0.034  0.105  0.139
   0.82370      7.090835  0.002  0.034  0.110  0.148
   0.85031      7.145834  0.000  0.018  0.054  0.073
   0.87692      7.186257  0.000  0.020  0.056  0.078
   0.90353      7.207809  0.000  0.026  0.056  0.082
   0.93014      7.217800  0.000  0.024  0.054  0.080
   0.95675      7.221792  0.000  0.022  0.050  0.074
   0.98336      7.222852  0.000  0.021  0.048  0.070
   1.00997      7.222300  0.000  0.020  0.048  0.066
   1.03658      7.220294  0.000  0.018  0.047  0.065
   1.06319      7.216378  0.000  0.018  0.046  0.062
   1.08980      7.209972  0.000  0.016  0.046  0.062
   1.11641      7.200719  0.000  0.016  0.046  0.060
   1.14302      7.188743  0.000  0.014  0.046  0.059
   1.16963      7.175244  0.000  0.014  0.045  0.057
   1.19624      7.166880  0.000  0.012  0.041  0.049
 
# Band-Index:  156
   1.19624      7.349116  0.006  0.014  0.020  0.040
   1.16963      7.350153  0.006  0.014  0.020  0.040
   1.14302      7.353373  0.006  0.014  0.020  0.040
   1.11641      7.359034  0.006  0.014  0.020  0.040
   1.08980      7.367338  0.006  0.014  0.016  0.040
   1.06319      7.378078  0.006  0.014  0.016  0.040
   1.03658      7.390122  0.006  0.014  0.018  0.040
   1.00997      7.400470  0.006  0.018  0.021  0.042
   0.98336      7.385495  0.000  0.016  0.030  0.047
   0.95675      7.358385  0.000  0.014  0.033  0.047
   0.93014      7.328790  0.000  0.012  0.038  0.051
   0.90353      7.298336  0.000  0.008  0.043  0.051
   0.87692      7.267926  0.000  0.010  0.046  0.055
   0.85031      7.237603  0.001  0.009  0.041  0.053
   0.82370      7.179999  0.002  0.014  0.038  0.050
   0.79709      7.119595  0.002  0.016  0.046  0.064
   0.77048      7.088814  0.000  0.018  0.069  0.088
   0.74387      7.098659  0.002  0.016  0.074  0.094
   0.71726      7.096569  0.004  0.008  0.068  0.078
   0.69065      7.105714  0.002  0.006  0.028  0.036
   0.69065      7.105714  0.002  0.006  0.028  0.036
   0.67734      7.104667  0.004  0.006  0.028  0.038
   0.66404      7.105489  0.000  0.008  0.059  0.067
   0.65073      7.105541  0.000  0.012  0.085  0.097
   0.63743      7.116665  0.002  0.024  0.115  0.140
   0.62412      7.126455  0.006  0.017  0.055  0.081
   0.61082      7.124920  0.006  0.024  0.075  0.105
   0.59751      7.130343  0.004  0.026  0.096  0.128
   0.58421      7.138903  0.004  0.028  0.106  0.137
   0.57090      7.147479  0.004  0.030  0.110  0.142
   0.55760      7.154749  0.004  0.034  0.110  0.146
   0.54429      7.160144  0.004  0.034  0.110  0.146
   0.53099      7.163358  0.004  0.034  0.106  0.144
   0.51768      7.164158  0.004  0.038  0.102  0.140
   0.50438      7.165368  0.000  0.030  0.082  0.113
   0.49107      7.174745  0.002  0.030  0.081  0.113
   0.47777      7.177314  0.004  0.028  0.061  0.093
   0.46446      7.176686  0.004  0.027  0.052  0.081
   0.45116      7.175871  0.004  0.026  0.048  0.078
   0.43785      7.175554  0.004  0.026  0.047  0.077
   0.43785      7.175554  0.004  0.026  0.047  0.077
   0.41481      7.177009  0.006  0.028  0.043  0.074
   0.39176      7.157187  0.006  0.024  0.034  0.067
   0.36872      7.204160  0.002  0.020  0.039  0.060
   0.34567      7.251282  0.002  0.022  0.058  0.085
   0.32263      7.231612  0.002  0.020  0.064  0.086
   0.29958      7.208172  0.004  0.018  0.060  0.084
   0.27654      7.200802  0.002  0.016  0.053  0.071
   0.25349      7.245073  0.000  0.016  0.050  0.065
   0.23045      7.276016  0.000  0.008  0.039  0.048
   0.20740      7.324239  0.000  0.010  0.032  0.048
   0.18436      7.363036  0.000  0.014  0.030  0.044
   0.16131      7.380330  0.004  0.014  0.023  0.040
   0.13827      7.377245  0.004  0.014  0.019  0.040
   0.11522      7.369646  0.006  0.014  0.018  0.040
   0.09218      7.362285  0.006  0.014  0.018  0.040
   0.06913      7.356396  0.006  0.014  0.020  0.040
   0.04609      7.352278  0.006  0.014  0.020  0.040
   0.02304      7.349892  0.006  0.014  0.020  0.040
   0.00000      7.349116  0.006  0.014  0.020  0.040
 
# Band-Index:  157
   0.00000      7.567943  0.000  0.012  0.020  0.038
   0.02304      7.563613  0.000  0.012  0.020  0.038
   0.04609      7.551124  0.000  0.013  0.020  0.038
   0.06913      7.531843  0.000  0.017  0.022  0.040
   0.09218      7.507612  0.000  0.016  0.024  0.044
   0.11522      7.480154  0.000  0.018  0.028  0.046
   0.13827      7.450649  0.000  0.018  0.028  0.046
   0.16131      7.420977  0.000  0.020  0.030  0.048
   0.18436      7.396852  0.002  0.020  0.029  0.052
   0.20740      7.357916  0.000  0.018  0.039  0.060
   0.23045      7.300836  0.000  0.016  0.047  0.064
   0.25349      7.264432  0.000  0.024  0.066  0.093
   0.27654      7.265501  0.000  0.024  0.072  0.102
   0.29958      7.265034  0.000  0.030  0.079  0.109
   0.32263      7.263639  0.000  0.028  0.087  0.121
   0.34567      7.262392  0.000  0.028  0.100  0.128
   0.36872      7.260711  0.000  0.028  0.111  0.137
   0.39176      7.251411  0.000  0.032  0.111  0.143
   0.41481      7.227330  0.000  0.038  0.109  0.149
   0.43785      7.209395  0.000  0.042  0.109  0.155
   0.43785      7.209395  0.000  0.042  0.109  0.155
   0.45116      7.207562  0.000  0.042  0.107  0.151
   0.46446      7.202434  0.000  0.038  0.099  0.137
   0.47777      7.195170  0.000  0.032  0.085  0.119
   0.49107      7.189247  0.002  0.026  0.059  0.089
   0.50438      7.188737  0.004  0.022  0.055  0.081
   0.51768      7.190517  0.004  0.022  0.062  0.086
   0.53099      7.192232  0.004  0.025  0.071  0.098
   0.54429      7.192708  0.004  0.023  0.084  0.108
   0.55760      7.190936  0.003  0.026  0.093  0.125
   0.57090      7.186090  0.002  0.024  0.106  0.136
   0.58421      7.177736  0.002  0.026  0.115  0.145
   0.59751      7.165915  0.002  0.026  0.121  0.149
   0.61082      7.151102  0.002  0.024  0.120  0.151
   0.62412      7.134172  0.002  0.026  0.119  0.149
   0.63743      7.130777  0.008  0.010  0.046  0.063
   0.65073      7.123838  0.008  0.004  0.037  0.048
   0.66404      7.111181  0.006  0.005  0.029  0.041
   0.67734      7.107174  0.001  0.004  0.038  0.050
   0.69065      7.105943  0.002  0.004  0.030  0.037
   0.69065      7.105943  0.002  0.004  0.030  0.037
   0.71726      7.124596  0.002  0.006  0.038  0.047
   0.74387      7.149137  0.002  0.010  0.050  0.062
   0.77048      7.165403  0.000  0.016  0.060  0.080
   0.79709      7.183828  0.000  0.016  0.060  0.074
   0.82370      7.208670  0.000  0.014  0.056  0.064
   0.85031      7.237845  0.001  0.008  0.039  0.052
   0.87692      7.278808  0.000  0.008  0.033  0.043
   0.90353      7.318096  0.000  0.008  0.033  0.043
   0.93014      7.355662  0.000  0.016  0.031  0.047
   0.95675      7.387059  0.001  0.016  0.031  0.048
   0.98336      7.402500  0.004  0.017  0.022  0.045
   1.00997      7.410899  0.000  0.016  0.031  0.046
   1.03658      7.436527  0.000  0.018  0.026  0.044
   1.06319      7.463914  0.000  0.014  0.028  0.042
   1.08980      7.492983  0.000  0.016  0.026  0.042
   1.11641      7.521525  0.000  0.016  0.024  0.040
   1.14302      7.545845  0.000  0.016  0.022  0.040
   1.16963      7.562189  0.000  0.012  0.020  0.038
   1.19624      7.567943  0.000  0.012  0.020  0.038
 
# Band-Index:  158
   1.19624      7.706649  0.002  0.020  0.026  0.048
   1.16963      7.703213  0.002  0.020  0.026  0.048
   1.14302      7.692852  0.002  0.020  0.026  0.048
   1.11641      7.675495  0.002  0.024  0.022  0.046
   1.08980      7.651320  0.002  0.028  0.024  0.050
   1.06319      7.621046  0.002  0.028  0.020  0.048
   1.03658      7.586153  0.002  0.030  0.018  0.051
   1.00997      7.525531  0.000  0.028  0.033  0.060
   0.98336      7.463539  0.000  0.024  0.041  0.066
   0.95675      7.413973  0.002  0.024  0.046  0.075
   0.93014      7.381206  0.002  0.022  0.057  0.082
   0.90353      7.362195  0.001  0.017  0.065  0.080
   0.87692      7.327566  0.002  0.014  0.070  0.086
   0.85031      7.283455  0.004  0.022  0.041  0.066
   0.82370      7.239182  0.000  0.020  0.050  0.068
   0.79709      7.209845  0.000  0.016  0.057  0.073
   0.77048      7.186243  0.000  0.016  0.060  0.076
   0.74387      7.176536  0.002  0.016  0.054  0.070
   0.71726      7.176429  0.002  0.014  0.098  0.112
   0.69065      7.152933  0.000  0.008  0.110  0.124
   0.69065      7.152933  0.000  0.008  0.110  0.124
   0.67734      7.158705  0.000  0.012  0.102  0.114
   0.66404      7.171037  0.000  0.012  0.087  0.100
   0.65073      7.177600  0.000  0.022  0.027  0.049
   0.63743      7.178460  0.000  0.016  0.028  0.044
   0.62412      7.200130  0.002  0.008  0.033  0.045
   0.61082      7.216360  0.000  0.012  0.044  0.058
   0.59751      7.222485  0.000  0.014  0.038  0.054
   0.58421      7.226544  0.002  0.012  0.038  0.052
   0.57090      7.229090  0.002  0.012  0.042  0.054
   0.55760      7.230752  0.002  0.010  0.045  0.060
   0.54429      7.231982  0.002  0.010  0.050  0.066
   0.53099      7.232961  0.000  0.010  0.057  0.072
   0.51768      7.233726  0.000  0.010  0.062  0.076
   0.50438      7.234298  0.000  0.009  0.064  0.078
   0.49107      7.234697  0.000  0.008  0.066  0.080
   0.47777      7.234912  0.000  0.008  0.066  0.080
   0.46446      7.234920  0.000  0.008  0.066  0.080
   0.45116      7.234779  0.000  0.008  0.065  0.075
   0.43785      7.234686  0.000  0.008  0.065  0.074
   0.43785      7.234686  0.000  0.008  0.065  0.074
   0.41481      7.239602  0.000  0.008  0.084  0.092
   0.39176      7.265088  0.000  0.012  0.092  0.105
   0.36872      7.281990  0.000  0.018  0.090  0.104
   0.34567      7.278004  0.002  0.014  0.049  0.065
   0.32263      7.332942  0.002  0.018  0.030  0.050
   0.29958      7.386498  0.004  0.020  0.024  0.046
   0.27654      7.425685  0.004  0.020  0.018  0.046
   0.25349      7.447189  0.006  0.022  0.016  0.044
   0.23045      7.454156  0.006  0.022  0.014  0.044
   0.20740      7.457631  0.006  0.020  0.016  0.046
   0.18436      7.480843  0.004  0.022  0.022  0.050
   0.16131      7.533191  0.002  0.026  0.024  0.054
   0.13827      7.590304  0.002  0.028  0.022  0.052
   0.11522      7.634619  0.002  0.026  0.020  0.048
   0.09218      7.663487  0.002  0.024  0.022  0.048
   0.06913      7.683057  0.002  0.022  0.026  0.050
   0.04609      7.696293  0.002  0.020  0.026  0.048
   0.02304      7.704073  0.002  0.020  0.026  0.048
   0.00000      7.706649  0.002  0.020  0.026  0.048
 
# Band-Index:  159
   0.00000      7.899974  0.000  0.028  0.012  0.042
   0.02304      7.891683  0.000  0.034  0.008  0.042
   0.04609      7.866694  0.000  0.034  0.008  0.042
   0.06913      7.824563  0.000  0.033  0.012  0.045
   0.09218      7.768610  0.000  0.030  0.018  0.048
   0.11522      7.709637  0.000  0.028  0.020  0.050
   0.13827      7.660593  0.000  0.028  0.024  0.055
   0.16131      7.625062  0.000  0.030  0.022  0.056
   0.18436      7.597415  0.000  0.030  0.022  0.056
   0.20740      7.574045  0.000  0.031  0.022  0.055
   0.23045      7.545100  0.000  0.024  0.018  0.042
   0.25349      7.500943  0.000  0.018  0.012  0.034
   0.27654      7.451735  0.000  0.014  0.012  0.028
   0.29958      7.404798  0.000  0.012  0.014  0.032
   0.32263      7.365278  0.000  0.012  0.023  0.034
   0.34567      7.337826  0.000  0.014  0.035  0.047
   0.36872      7.319059  0.000  0.018  0.055  0.073
   0.39176      7.306136  0.002  0.016  0.066  0.085
   0.41481      7.287516  0.002  0.022  0.089  0.113
   0.43785      7.269465  0.002  0.020  0.109  0.131
   0.43785      7.269465  0.002  0.020  0.109  0.131
   0.45116      7.271655  0.002  0.020  0.103  0.125
   0.46446      7.278190  0.000  0.018  0.088  0.111
   0.47777      7.288663  0.004  0.018  0.068  0.090
   0.49107      7.301586  0.004  0.018  0.050  0.076
   0.50438      7.314055  0.004  0.018  0.041  0.067
   0.51768      7.322909  0.004  0.018  0.042  0.070
   0.53099      7.326692  0.004  0.020  0.050  0.072
   0.54429      7.325220  0.002  0.018  0.058  0.076
   0.55760      7.318010  0.002  0.014  0.058  0.079
   0.57090      7.304246  0.002  0.012  0.057  0.072
   0.58421      7.283801  0.002  0.012  0.052  0.066
   0.59751      7.257908  0.002  0.006  0.044  0.060
   0.61082      7.228907  0.002  0.008  0.036  0.052
   0.62412      7.207897  0.000  0.012  0.053  0.070
   0.63743      7.197167  0.000  0.012  0.062  0.078
   0.65073      7.184581  0.000  0.014  0.073  0.088
   0.66404      7.192850  0.002  0.020  0.026  0.048
   0.67734      7.212200  0.002  0.020  0.024  0.048
   0.69065      7.230621  0.003  0.019  0.022  0.049
   0.69065      7.230621  0.003  0.019  0.022  0.049
   0.71726      7.197751  0.002  0.022  0.022  0.044
   0.74387      7.231312  0.002  0.018  0.070  0.090
   0.77048      7.288692  0.002  0.018  0.066  0.088
   0.79709      7.318710  0.002  0.020  0.058  0.080
   0.82370      7.315635  0.004  0.018  0.058  0.080
   0.85031      7.318527  0.002  0.018  0.056  0.076
   0.87692      7.360700  0.004  0.020  0.059  0.086
   0.90353      7.364696  0.004  0.022  0.061  0.086
   0.93014      7.405644  0.000  0.018  0.055  0.075
   0.95675      7.454285  0.000  0.019  0.049  0.068
   0.98336      7.506952  0.000  0.020  0.043  0.063
   1.00997      7.549281  0.002  0.029  0.020  0.053
   1.03658      7.595008  0.000  0.029  0.026  0.055
   1.06319      7.667751  0.000  0.030  0.022  0.052
   1.08980      7.739430  0.000  0.031  0.016  0.047
   1.11641      7.804489  0.000  0.032  0.012  0.044
   1.14302      7.856235  0.000  0.034  0.008  0.042
   1.16963      7.888932  0.000  0.034  0.008  0.042
   1.19624      7.899974  0.000  0.028  0.012  0.042
 
# Band-Index:  160
   1.19624      7.965016  0.000  0.026  0.002  0.029
   1.16963      7.946315  0.000  0.026  0.004  0.033
   1.14302      7.898347  0.000  0.023  0.014  0.038
   1.11641      7.835049  0.000  0.022  0.020  0.043
   1.08980      7.765968  0.000  0.021  0.026  0.047
   1.06319      7.696310  0.000  0.020  0.030  0.051
   1.03658      7.628955  0.000  0.020  0.035  0.055
   1.00997      7.565754  0.000  0.016  0.038  0.054
   0.98336      7.516260  0.004  0.020  0.018  0.044
   0.95675      7.490931  0.006  0.020  0.016  0.042
   0.93014      7.466250  0.006  0.020  0.014  0.040
   0.90353      7.423715  0.006  0.022  0.016  0.042
   0.87692      7.361463  0.005  0.022  0.023  0.049
   0.85031      7.366668  0.006  0.018  0.056  0.079
   0.82370      7.377937  0.006  0.014  0.042  0.064
   0.79709      7.371486  0.006  0.010  0.019  0.039
   0.77048      7.325459  0.004  0.012  0.034  0.051
   0.74387      7.279653  0.004  0.014  0.040  0.056
   0.71726      7.256132  0.004  0.018  0.030  0.050
   0.69065      7.230733  0.003  0.021  0.023  0.045
   0.69065      7.230733  0.003  0.021  0.023  0.045
   0.67734      7.247279  0.004  0.018  0.024  0.046
   0.66404      7.262903  0.004  0.022  0.026  0.048
   0.65073      7.277460  0.004  0.020  0.030  0.048
   0.63743      7.291262  0.004  0.020  0.034  0.058
   0.62412      7.304916  0.002  0.018  0.040  0.062
   0.61082      7.319167  0.002  0.018  0.046  0.066
   0.59751      7.334630  0.002  0.020  0.050  0.070
   0.58421      7.351517  0.000  0.020  0.054  0.078
   0.57090      7.369453  0.000  0.020  0.056  0.079
   0.55760      7.387378  0.000  0.024  0.058  0.080
   0.54429      7.403323  0.000  0.022  0.060  0.085
   0.53099      7.414267  0.002  0.028  0.065  0.094
   0.51768      7.402084  0.000  0.014  0.071  0.086
   0.50438      7.388338  0.000  0.012  0.080  0.092
   0.49107      7.380599  0.000  0.012  0.081  0.096
   0.47777      7.378397  0.000  0.014  0.079  0.093
   0.46446      7.380576  0.004  0.018  0.068  0.090
   0.45116      7.385801  0.004  0.020  0.064  0.089
   0.43785      7.389650  0.004  0.022  0.060  0.090
   0.43785      7.389650  0.004  0.022  0.060  0.090
   0.41481      7.375643  0.002  0.022  0.066  0.090
   0.39176      7.359916  0.002  0.026  0.046  0.074
   0.36872      7.349286  0.002  0.018  0.029  0.054
   0.34567      7.386038  0.002  0.016  0.040  0.058
   0.32263      7.446260  0.000  0.020  0.036  0.056
   0.29958      7.510564  0.004  0.025  0.030  0.056
   0.27654      7.554086  0.004  0.034  0.024  0.056
   0.25349      7.564870  0.004  0.028  0.022  0.054
   0.23045      7.578486  0.000  0.024  0.019  0.047
   0.20740      7.608412  0.000  0.022  0.012  0.035
   0.18436      7.645817  0.000  0.026  0.012  0.037
   0.16131      7.684378  0.000  0.025  0.014  0.040
   0.13827      7.725770  0.000  0.026  0.014  0.040
   0.11522      7.770814  0.000  0.026  0.016  0.042
   0.09218      7.818225  0.000  0.028  0.016  0.043
   0.06913      7.866595  0.000  0.022  0.016  0.038
   0.04609      7.913904  0.000  0.024  0.013  0.038
   0.02304      7.950846  0.000  0.025  0.004  0.034
   0.00000      7.965016  0.000  0.026  0.002  0.029
 
# Band-Index:  161
   0.00000      8.122356  0.000  0.006  0.000  0.006
   0.02304      8.112538  0.000  0.006  0.000  0.008
   0.04609      8.086199  0.000  0.010  0.002  0.012
   0.06913      8.050315  0.000  0.010  0.006  0.018
   0.09218      8.009982  0.000  0.010  0.006  0.018
   0.11522      7.966593  0.000  0.010  0.006  0.018
   0.13827      7.919812  0.000  0.012  0.006  0.020
   0.16131      7.869936  0.000  0.012  0.008  0.020
   0.18436      7.819504  0.000  0.014  0.008  0.026
   0.20740      7.773133  0.000  0.018  0.010  0.030
   0.23045      7.735009  0.000  0.020  0.012  0.034
   0.25349      7.683958  0.000  0.018  0.016  0.034
   0.27654      7.612535  0.000  0.020  0.016  0.038
   0.29958      7.582923  0.002  0.030  0.016  0.048
   0.32263      7.580479  0.004  0.031  0.014  0.052
   0.34567      7.529098  0.004  0.034  0.040  0.076
   0.36872      7.469085  0.004  0.034  0.040  0.078
   0.39176      7.419039  0.000  0.012  0.056  0.072
   0.41481      7.396226  0.004  0.023  0.056  0.088
   0.43785      7.401924  0.004  0.028  0.080  0.114
   0.43785      7.401924  0.004  0.028  0.080  0.114
   0.45116      7.402673  0.004  0.029  0.081  0.115
   0.46446      7.404850  0.004  0.030  0.081  0.119
   0.47777      7.408237  0.004  0.032  0.081  0.119
   0.49107      7.412378  0.004  0.036  0.083  0.118
   0.50438      7.416316  0.004  0.036  0.079  0.114
   0.51768      7.418030  0.002  0.032  0.072  0.106
   0.53099      7.419735  0.000  0.018  0.057  0.076
   0.54429      7.436400  0.004  0.024  0.040  0.068
   0.55760      7.445588  0.004  0.030  0.024  0.058
   0.57090      7.446912  0.004  0.032  0.018  0.055
   0.58421      7.446626  0.004  0.030  0.022  0.056
   0.59751      7.443292  0.000  0.018  0.022  0.044
   0.61082      7.435905  0.000  0.014  0.022  0.040
   0.62412      7.428153  0.000  0.014  0.025  0.042
   0.63743      7.420167  0.000  0.014  0.026  0.042
   0.65073      7.411994  0.000  0.012  0.028  0.044
   0.66404      7.404093  0.000  0.012  0.032  0.046
   0.67734      7.397724  0.000  0.012  0.034  0.046
   0.69065      7.395050  0.000  0.012  0.036  0.048
   0.69065      7.395050  0.000  0.012  0.036  0.048
   0.71726      7.406925  0.000  0.013  0.028  0.042
   0.74387      7.423819  0.000  0.018  0.024  0.042
   0.77048      7.421964  0.004  0.020  0.026  0.052
   0.79709      7.430130  0.004  0.015  0.032  0.050
   0.82370      7.481707  0.002  0.015  0.029  0.045
   0.85031      7.533607  0.002  0.026  0.028  0.054
   0.87692      7.601743  0.002  0.030  0.018  0.050
   0.90353      7.664276  0.002  0.008  0.010  0.022
   0.93014      7.714218  0.002  0.006  0.012  0.020
   0.95675      7.769692  0.000  0.006  0.014  0.022
   0.98336      7.822161  0.000  0.018  0.012  0.034
   1.00997      7.858946  0.000  0.018  0.010  0.028
   1.03658      7.898926  0.000  0.018  0.008  0.026
   1.06319      7.941836  0.000  0.014  0.008  0.022
   1.08980      7.986551  0.000  0.014  0.008  0.022
   1.11641      8.031959  0.000  0.012  0.008  0.020
   1.14302      8.075505  0.000  0.010  0.002  0.018
   1.16963      8.109368  0.000  0.006  0.000  0.010
   1.19624      8.122356  0.000  0.006  0.000  0.006
 
# Band-Index:  162
   1.19624      8.196579  0.000  0.032  0.030  0.064
   1.16963      8.183536  0.000  0.032  0.032  0.063
   1.14302      8.154566  0.000  0.028  0.034  0.060
   1.11641      8.123814  0.000  0.022  0.035  0.061
   1.08980      8.091497  0.002  0.009  0.036  0.049
   1.06319      8.026363  0.000  0.006  0.030  0.040
   1.03658      7.960456  0.000  0.004  0.026  0.031
   1.00997      7.894821  0.000  0.004  0.022  0.026
   0.98336      7.830734  0.000  0.004  0.018  0.024
   0.95675      7.785678  0.000  0.018  0.014  0.036
   0.93014      7.740073  0.000  0.026  0.014  0.042
   0.90353      7.675866  0.000  0.028  0.016  0.046
   0.87692      7.609815  0.002  0.012  0.014  0.026
   0.85031      7.546452  0.002  0.012  0.022  0.036
   0.82370      7.483062  0.003  0.030  0.037  0.068
   0.79709      7.450279  0.002  0.028  0.053  0.082
   0.77048      7.432403  0.000  0.020  0.038  0.058
   0.74387      7.446018  0.006  0.024  0.022  0.056
   0.71726      7.474282  0.004  0.026  0.018  0.054
   0.69065      7.485667  0.000  0.026  0.074  0.108
   0.69065      7.485667  0.000  0.026  0.074  0.108
   0.67734      7.481621  0.002  0.027  0.052  0.086
   0.66404      7.473866  0.008  0.028  0.041  0.074
   0.65073      7.466731  0.008  0.028  0.036  0.072
   0.63743      7.460490  0.008  0.028  0.034  0.070
   0.62412      7.455212  0.006  0.028  0.030  0.066
   0.61082      7.451112  0.006  0.028  0.030  0.064
   0.59751      7.448652  0.008  0.026  0.030  0.062
   0.58421      7.451381  0.002  0.012  0.030  0.046
   0.57090      7.456425  0.002  0.014  0.030  0.052
   0.55760      7.457731  0.004  0.012  0.036  0.051
   0.54429      7.458148  0.004  0.014  0.034  0.052
   0.53099      7.459995  0.004  0.018  0.032  0.050
   0.51768      7.462002  0.004  0.016  0.032  0.052
   0.50438      7.463536  0.004  0.018  0.032  0.052
   0.49107      7.464107  0.002  0.018  0.032  0.058
   0.47777      7.459586  0.002  0.024  0.048  0.078
   0.46446      7.441622  0.006  0.024  0.052  0.078
   0.45116      7.424661  0.002  0.018  0.050  0.074
   0.43785      7.416732  0.000  0.018  0.052  0.072
   0.43785      7.416732  0.000  0.018  0.052  0.072
   0.41481      7.418507  0.002  0.024  0.062  0.084
   0.39176      7.421621  0.004  0.028  0.048  0.080
   0.36872      7.476789  0.000  0.016  0.046  0.060
   0.34567      7.548298  0.000  0.014  0.036  0.054
   0.32263      7.592463  0.004  0.034  0.036  0.076
   0.29958      7.652130  0.000  0.022  0.024  0.044
   0.27654      7.680506  0.000  0.026  0.020  0.042
   0.25349      7.705578  0.000  0.021  0.018  0.039
   0.23045      7.765408  0.000  0.018  0.012  0.030
   0.20740      7.847552  0.000  0.018  0.008  0.026
   0.18436      7.910317  0.000  0.024  0.040  0.070
   0.16131      7.954262  0.000  0.024  0.040  0.069
   0.13827      7.997613  0.000  0.024  0.039  0.069
   0.11522      8.040608  0.000  0.024  0.039  0.068
   0.09218      8.082948  0.000  0.027  0.038  0.067
   0.06913      8.123503  0.000  0.028  0.036  0.067
   0.04609      8.159677  0.000  0.028  0.032  0.065
   0.02304      8.186401  0.000  0.032  0.029  0.065
   0.00000      8.196579  0.000  0.032  0.030  0.064
 
# Band-Index:  163
   0.00000      8.196592  0.000  0.032  0.028  0.064
   0.02304      8.195444  0.000  0.030  0.028  0.058
   0.04609      8.192911  0.002  0.026  0.025  0.053
   0.06913      8.186549  0.002  0.020  0.025  0.047
   0.09218      8.153574  0.002  0.004  0.026  0.034
   0.11522      8.104139  0.002  0.002  0.020  0.022
   0.13827      8.049705  0.002  0.006  0.016  0.022
   0.16131      7.991004  0.000  0.008  0.012  0.020
   0.18436      7.924299  0.000  0.014  0.010  0.024
   0.20740      7.865144  0.000  0.026  0.040  0.070
   0.23045      7.817828  0.000  0.030  0.040  0.070
   0.25349      7.767375  0.000  0.030  0.039  0.072
   0.27654      7.713000  0.000  0.032  0.038  0.071
   0.29958      7.654469  0.004  0.034  0.038  0.074
   0.32263      7.611346  0.000  0.020  0.028  0.048
   0.34567      7.584779  0.004  0.040  0.014  0.054
   0.36872      7.582220  0.000  0.032  0.012  0.048
   0.39176      7.547152  0.004  0.016  0.028  0.046
   0.41481      7.492835  0.004  0.014  0.026  0.044
   0.43785      7.468301  0.004  0.012  0.026  0.040
   0.43785      7.468301  0.004  0.012  0.026  0.040
   0.45116      7.468329  0.004  0.012  0.026  0.040
   0.46446      7.468614  0.002  0.012  0.024  0.040
   0.47777      7.472083  0.002  0.007  0.028  0.040
   0.49107      7.491320  0.004  0.020  0.042  0.062
   0.50438      7.504172  0.008  0.030  0.062  0.099
   0.51768      7.492724  0.008  0.030  0.069  0.112
   0.53099      7.486494  0.010  0.034  0.081  0.127
   0.54429      7.487580  0.010  0.038  0.082  0.131
   0.55760      7.493773  0.010  0.038  0.077  0.126
   0.57090      7.501468  0.010  0.037  0.068  0.122
   0.58421      7.507752  0.010  0.038  0.056  0.104
   0.59751      7.511230  0.008  0.038  0.046  0.092
   0.61082      7.512349  0.008  0.035  0.036  0.080
   0.62412      7.512208  0.006  0.036  0.030  0.072
   0.63743      7.511452  0.006  0.031  0.027  0.066
   0.65073      7.510063  0.006  0.030  0.025  0.061
   0.66404      7.502269  0.002  0.028  0.051  0.083
   0.67734      7.494726  0.004  0.028  0.042  0.072
   0.69065      7.495994  0.005  0.026  0.020  0.051
   0.69065      7.495994  0.005  0.026  0.020  0.051
   0.71726      7.491268  0.004  0.026  0.074  0.106
   0.74387      7.530507  0.004  0.026  0.076  0.102
   0.77048      7.551312  0.010  0.032  0.038  0.082
   0.79709      7.525941  0.006  0.020  0.030  0.062
   0.82370      7.568804  0.004  0.014  0.032  0.054
   0.85031      7.651469  0.002  0.016  0.034  0.054
   0.87692      7.732670  0.002  0.018  0.034  0.053
   0.90353      7.779901  0.000  0.008  0.018  0.026
   0.93014      7.832288  0.000  0.010  0.014  0.024
   0.95675      7.893911  0.000  0.014  0.010  0.024
   0.98336      7.954957  0.000  0.013  0.011  0.027
   1.00997      7.997370  0.000  0.022  0.031  0.057
   1.03658      8.032532  0.000  0.020  0.037  0.053
   1.06319      8.064629  0.000  0.020  0.035  0.056
   1.08980      8.094461  0.000  0.019  0.038  0.057
   1.11641      8.154324  0.000  0.018  0.036  0.057
   1.14302      8.188805  0.000  0.029  0.025  0.055
   1.16963      8.194855  0.000  0.030  0.026  0.060
   1.19624      8.196592  0.000  0.032  0.028  0.064
 
# Band-Index:  164
   1.19624      8.307561  0.000  0.044  0.032  0.075
   1.16963      8.277133  0.000  0.032  0.033  0.066
   1.14302      8.222917  0.004  0.022  0.031  0.058
   1.11641      8.185832  0.000  0.020  0.018  0.040
   1.08980      8.159395  0.000  0.017  0.008  0.026
   1.06319      8.110912  0.000  0.018  0.014  0.030
   1.03658      8.059142  0.000  0.018  0.016  0.034
   1.00997      8.008562  0.000  0.018  0.018  0.033
   0.98336      7.959075  0.000  0.026  0.030  0.058
   0.95675      7.916255  0.000  0.031  0.032  0.065
   0.93014      7.861054  0.000  0.024  0.042  0.066
   0.90353      7.800306  0.000  0.016  0.040  0.057
   0.87692      7.748060  0.000  0.006  0.020  0.028
   0.85031      7.738027  0.000  0.010  0.022  0.034
   0.82370      7.733210  0.002  0.048  0.044  0.096
   0.79709      7.673680  0.000  0.022  0.038  0.060
   0.77048      7.600585  0.000  0.022  0.054  0.076
   0.74387      7.565612  0.004  0.032  0.022  0.060
   0.71726      7.523518  0.004  0.028  0.024  0.056
   0.69065      7.496185  0.005  0.026  0.020  0.051
   0.69065      7.496185  0.005  0.026  0.020  0.051
   0.67734      7.503079  0.008  0.028  0.022  0.054
   0.66404      7.507525  0.006  0.030  0.023  0.057
   0.65073      7.513530  0.000  0.026  0.053  0.085
   0.63743      7.527332  0.000  0.026  0.055  0.082
   0.62412      7.542308  0.000  0.022  0.052  0.078
   0.61082      7.556057  0.002  0.018  0.052  0.072
   0.59751      7.564424  0.004  0.012  0.044  0.062
   0.58421      7.563652  0.006  0.014  0.042  0.058
   0.57090      7.557354  0.004  0.012  0.040  0.056
   0.55760      7.554928  0.004  0.014  0.032  0.056
   0.54429      7.561664  0.008  0.022  0.028  0.060
   0.53099      7.566108  0.008  0.030  0.042  0.078
   0.51768      7.543263  0.006  0.024  0.040  0.072
   0.50438      7.516790  0.006  0.020  0.041  0.068
   0.49107      7.516964  0.008  0.030  0.054  0.088
   0.47777      7.528427  0.004  0.028  0.048  0.082
   0.46446      7.537141  0.004  0.026  0.042  0.073
   0.45116      7.542482  0.004  0.028  0.038  0.070
   0.43785      7.544269  0.002  0.028  0.038  0.068
   0.43785      7.544269  0.002  0.028  0.038  0.068
   0.41481      7.561074  0.004  0.026  0.032  0.068
   0.39176      7.593408  0.006  0.033  0.032  0.072
   0.36872      7.629528  0.008  0.028  0.038  0.074
   0.34567      7.689955  0.008  0.024  0.038  0.070
   0.32263      7.749849  0.002  0.022  0.030  0.060
   0.29958      7.793420  0.002  0.020  0.030  0.052
   0.27654      7.827288  0.000  0.016  0.030  0.048
   0.25349      7.867299  0.000  0.014  0.030  0.046
   0.23045      7.913494  0.000  0.014  0.022  0.040
   0.20740      7.962116  0.000  0.012  0.018  0.032
   0.18436      8.013093  0.000  0.012  0.014  0.028
   0.16131      8.065517  0.000  0.012  0.016  0.026
   0.13827      8.108505  0.000  0.026  0.047  0.078
   0.11522      8.142603  0.000  0.028  0.044  0.076
   0.09218      8.177646  0.000  0.028  0.041  0.073
   0.06913      8.202720  0.002  0.010  0.023  0.035
   0.04609      8.241943  0.001  0.018  0.027  0.048
   0.02304      8.281025  0.000  0.030  0.028  0.060
   0.00000      8.307561  0.000  0.044  0.032  0.075
 
# Band-Index:  165
   0.00000      8.307591  0.000  0.044  0.034  0.077
   0.02304      8.285883  0.000  0.036  0.036  0.070
   0.04609      8.250323  0.000  0.030  0.036  0.070
   0.06913      8.213660  0.000  0.029  0.038  0.072
   0.09218      8.178038  0.002  0.014  0.016  0.031
   0.11522      8.149622  0.000  0.012  0.018  0.030
   0.13827      8.111805  0.000  0.012  0.018  0.032
   0.16131      8.075189  0.000  0.026  0.048  0.080
   0.18436      8.042446  0.000  0.025  0.050  0.075
   0.20740      8.010114  0.000  0.025  0.050  0.076
   0.23045      7.978144  0.000  0.024  0.050  0.076
   0.25349      7.946646  0.000  0.020  0.050  0.075
   0.27654      7.915896  0.000  0.018  0.050  0.074
   0.29958      7.886356  0.000  0.018  0.050  0.072
   0.32263      7.842675  0.002  0.029  0.033  0.069
   0.34567      7.779970  0.006  0.030  0.032  0.066
   0.36872      7.705875  0.006  0.028  0.026  0.062
   0.39176      7.649762  0.006  0.036  0.022  0.064
   0.41481      7.636501  0.008  0.045  0.020  0.074
   0.43785      7.640388  0.008  0.045  0.022  0.072
   0.43785      7.640388  0.008  0.045  0.022  0.072
   0.45116      7.638644  0.008  0.045  0.024  0.073
   0.46446      7.633845  0.006  0.043  0.024  0.071
   0.47777      7.626983  0.004  0.042  0.022  0.069
   0.49107      7.619028  0.004  0.043  0.022  0.067
   0.50438      7.610623  0.004  0.040  0.022  0.067
   0.51768      7.599196  0.006  0.024  0.031  0.063
   0.53099      7.585707  0.004  0.014  0.030  0.047
   0.54429      7.586996  0.004  0.038  0.016  0.064
   0.55760      7.581811  0.004  0.042  0.018  0.066
   0.57090      7.579977  0.006  0.042  0.022  0.070
   0.58421      7.583051  0.006  0.046  0.030  0.082
   0.59751      7.591574  0.008  0.046  0.038  0.094
   0.61082      7.604306  0.008  0.048  0.042  0.100
   0.62412      7.619057  0.008  0.050  0.052  0.108
   0.63743      7.633367  0.008  0.054  0.052  0.115
   0.65073      7.644136  0.006  0.061  0.056  0.121
   0.66404      7.648508  0.006  0.065  0.054  0.128
   0.67734      7.648056  0.006  0.070  0.054  0.128
   0.69065      7.647211  0.006  0.069  0.052  0.130
   0.69065      7.647211  0.006  0.069  0.052  0.130
   0.71726      7.652294  0.006  0.069  0.054  0.129
   0.74387      7.619859  0.012  0.029  0.034  0.074
   0.77048      7.643358  0.006  0.026  0.028  0.062
   0.79709      7.707347  0.006  0.057  0.051  0.109
   0.82370      7.743327  0.000  0.018  0.030  0.052
   0.85031      7.778708  0.000  0.050  0.033  0.088
   0.87692      7.816823  0.000  0.046  0.032  0.082
   0.90353      7.841728  0.002  0.036  0.026  0.064
   0.93014      7.876902  0.000  0.032  0.026  0.062
   0.95675      7.928698  0.000  0.035  0.023  0.058
   0.98336      7.991728  0.000  0.036  0.022  0.060
   1.00997      8.062683  0.000  0.038  0.022  0.060
   1.03658      8.125322  0.000  0.035  0.026  0.062
   1.06319      8.161503  0.001  0.016  0.041  0.057
   1.08980      8.187568  0.002  0.016  0.039  0.055
   1.11641      8.215694  0.002  0.018  0.034  0.054
   1.14302      8.244999  0.002  0.020  0.032  0.055
   1.16963      8.278155  0.002  0.030  0.029  0.061
   1.19624      8.307591  0.000  0.044  0.034  0.077
 
# Band-Index:  166
   1.19624      8.334565  0.000  0.017  0.015  0.028
   1.16963      8.321177  0.000  0.018  0.016  0.030
   1.14302      8.284385  0.000  0.018  0.018  0.036
   1.11641      8.236167  0.000  0.020  0.024  0.042
   1.08980      8.193055  0.000  0.028  0.035  0.064
   1.06319      8.164664  0.000  0.032  0.031  0.063
   1.03658      8.138282  0.000  0.016  0.042  0.060
   1.00997      8.116268  0.000  0.010  0.048  0.058
   0.98336      8.039811  0.000  0.019  0.018  0.040
   0.95675      7.953791  0.000  0.014  0.016  0.038
   0.93014      7.891548  0.000  0.024  0.014  0.039
   0.90353      7.852820  0.000  0.025  0.020  0.047
   0.87692      7.825168  0.000  0.020  0.028  0.050
   0.85031      7.795670  0.000  0.018  0.030  0.050
   0.82370      7.752096  0.000  0.014  0.016  0.032
   0.79709      7.730275  0.006  0.034  0.037  0.075
   0.77048      7.684654  0.006  0.060  0.051  0.118
   0.74387      7.665988  0.006  0.062  0.056  0.123
   0.71726      7.682728  0.010  0.033  0.032  0.080
   0.69065      7.742067  0.012  0.028  0.032  0.075
   0.69065      7.742067  0.012  0.028  0.032  0.075
   0.67734      7.727548  0.012  0.030  0.031  0.074
   0.66404      7.717611  0.012  0.030  0.030  0.070
   0.65073      7.709422  0.008  0.046  0.036  0.090
   0.63743      7.693775  0.008  0.044  0.038  0.088
   0.62412      7.678400  0.008  0.044  0.040  0.091
   0.61082      7.665119  0.006  0.046  0.038  0.093
   0.59751      7.658009  0.006  0.046  0.039  0.091
   0.58421      7.661426  0.004  0.040  0.036  0.080
   0.57090      7.655544  0.000  0.014  0.034  0.047
   0.55760      7.629085  0.000  0.014  0.040  0.056
   0.54429      7.602496  0.000  0.014  0.041  0.056
   0.53099      7.594117  0.004  0.037  0.016  0.064
   0.51768      7.602217  0.004  0.040  0.021  0.064
   0.50438      7.616485  0.006  0.030  0.036  0.072
   0.49107      7.631957  0.008  0.033  0.038  0.077
   0.47777      7.644455  0.008  0.035  0.039  0.083
   0.46446      7.653521  0.010  0.037  0.040  0.085
   0.45116      7.658991  0.010  0.039  0.042  0.088
   0.43785      7.660817  0.010  0.039  0.042  0.088
   0.43785      7.660817  0.010  0.039  0.042  0.088
   0.41481      7.684260  0.006  0.035  0.045  0.087
   0.39176      7.728589  0.006  0.034  0.048  0.086
   0.36872      7.775455  0.006  0.028  0.042  0.076
   0.34567      7.817973  0.002  0.022  0.036  0.062
   0.32263      7.858743  0.000  0.018  0.048  0.066
   0.29958      7.891537  0.002  0.032  0.024  0.063
   0.27654      7.947057  0.002  0.032  0.016  0.048
   0.25349      7.990272  0.000  0.026  0.018  0.044
   0.23045      8.029227  0.000  0.022  0.022  0.046
   0.20740      8.070141  0.000  0.028  0.026  0.054
   0.18436      8.112536  0.000  0.030  0.028  0.057
   0.16131      8.154409  0.000  0.030  0.024  0.058
   0.13827      8.184663  0.000  0.030  0.029  0.060
   0.11522      8.203846  0.000  0.030  0.032  0.064
   0.09218      8.226200  0.000  0.024  0.032  0.056
   0.06913      8.260517  0.000  0.020  0.022  0.041
   0.04609      8.297132  0.000  0.018  0.018  0.034
   0.02304      8.324742  0.000  0.016  0.016  0.032
   0.00000      8.334565  0.000  0.017  0.015  0.028
 
# Band-Index:  167
   0.00000      8.334567  0.000  0.014  0.015  0.028
   0.02304      8.334755  0.000  0.014  0.014  0.028
   0.04609      8.334255  0.000  0.010  0.012  0.022
   0.06913      8.338038  0.000  0.008  0.010  0.018
   0.09218      8.344179  0.000  0.008  0.008  0.016
   0.11522      8.309997  0.000  0.026  0.022  0.048
   0.13827      8.243454  0.002  0.020  0.032  0.052
   0.16131      8.189687  0.002  0.018  0.046  0.064
   0.18436      8.153089  0.002  0.020  0.046  0.066
   0.20740      8.117477  0.002  0.020  0.046  0.068
   0.23045      8.079228  0.002  0.022  0.048  0.070
   0.25349      8.036089  0.002  0.024  0.048  0.074
   0.27654      7.985990  0.000  0.028  0.050  0.079
   0.29958      7.928196  0.000  0.026  0.047  0.075
   0.32263      7.862779  0.002  0.022  0.038  0.063
   0.34567      7.834076  0.000  0.012  0.048  0.064
   0.36872      7.813564  0.000  0.012  0.048  0.064
   0.39176      7.798299  0.000  0.010  0.048  0.063
   0.41481      7.788966  0.002  0.008  0.048  0.064
   0.43785      7.785836  0.002  0.008  0.048  0.064
   0.43785      7.785836  0.002  0.008  0.048  0.064
   0.45116      7.787026  0.004  0.008  0.048  0.062
   0.46446      7.790303  0.004  0.010  0.043  0.058
   0.47777      7.795020  0.004  0.010  0.042  0.054
   0.49107      7.800584  0.004  0.012  0.038  0.050
   0.50438      7.806649  0.006  0.010  0.032  0.045
   0.51768      7.786005  0.004  0.028  0.022  0.054
   0.53099      7.754766  0.004  0.032  0.024  0.058
   0.54429      7.725909  0.004  0.034  0.030  0.068
   0.55760      7.700183  0.004  0.040  0.038  0.078
   0.57090      7.679438  0.004  0.048  0.042  0.094
   0.58421      7.686271  0.002  0.022  0.044  0.068
   0.59751      7.713352  0.000  0.016  0.041  0.058
   0.61082      7.740961  0.000  0.016  0.040  0.054
   0.62412      7.742887  0.008  0.034  0.024  0.072
   0.63743      7.726223  0.009  0.035  0.026  0.074
   0.65073      7.716757  0.010  0.032  0.026  0.071
   0.66404      7.724632  0.008  0.044  0.034  0.088
   0.67734      7.738684  0.009  0.040  0.032  0.084
   0.69065      7.742401  0.012  0.030  0.034  0.073
   0.69065      7.742401  0.012  0.030  0.034  0.073
   0.71726      7.774627  0.012  0.028  0.028  0.068
   0.74387      7.795474  0.004  0.024  0.024  0.054
   0.77048      7.787058  0.002  0.014  0.020  0.036
   0.79709      7.765902  0.000  0.010  0.016  0.030
   0.82370      7.815458  0.004  0.020  0.046  0.070
   0.85031      7.860390  0.004  0.014  0.037  0.056
   0.87692      7.864314  0.002  0.032  0.034  0.068
   0.90353      7.903918  0.000  0.044  0.042  0.084
   0.93014      7.956658  0.000  0.040  0.046  0.086
   0.95675      8.010864  0.000  0.034  0.046  0.084
   0.98336      8.067894  0.000  0.028  0.042  0.072
   1.00997      8.126372  0.000  0.023  0.034  0.062
   1.03658      8.188431  0.000  0.024  0.024  0.050
   1.06319      8.259378  0.000  0.028  0.014  0.046
   1.08980      8.325846  0.000  0.030  0.017  0.048
   1.11641      8.341304  0.000  0.006  0.010  0.018
   1.14302      8.336621  0.000  0.010  0.012  0.018
   1.16963      8.335067  0.000  0.012  0.014  0.026
   1.19624      8.334567  0.000  0.014  0.015  0.028
 
# Band-Index:  168
   1.19624      8.365116  0.006  0.030  0.012  0.048
   1.16963      8.360149  0.004  0.026  0.020  0.054
   1.14302      8.359452  0.004  0.026  0.022  0.052
   1.11641      8.358344  0.004  0.028  0.020  0.050
   1.08980      8.335085  0.000  0.016  0.010  0.024
   1.06319      8.293630  0.000  0.020  0.010  0.030
   1.03658      8.220564  0.000  0.020  0.012  0.034
   1.00997      8.132852  0.000  0.020  0.015  0.036
   0.98336      8.095130  0.006  0.012  0.044  0.058
   0.95675      8.068877  0.006  0.012  0.042  0.060
   0.93014      8.035264  0.006  0.012  0.044  0.062
   0.90353      7.989204  0.004  0.020  0.035  0.062
   0.87692      7.925547  0.004  0.020  0.030  0.055
   0.85031      7.864046  0.002  0.022  0.027  0.055
   0.82370      7.831985  0.004  0.034  0.034  0.067
   0.79709      7.810489  0.004  0.016  0.036  0.054
   0.77048      7.806085  0.004  0.024  0.030  0.057
   0.74387      7.801003  0.002  0.040  0.032  0.072
   0.71726      7.783334  0.006  0.046  0.032  0.084
   0.69065      7.761887  0.006  0.057  0.030  0.092
   0.69065      7.761887  0.006  0.057  0.030  0.092
   0.67734      7.778713  0.006  0.042  0.032  0.079
   0.66404      7.797778  0.006  0.036  0.028  0.070
   0.65073      7.802751  0.002  0.028  0.034  0.062
   0.63743      7.790227  0.000  0.020  0.032  0.052
   0.62412      7.767511  0.000  0.016  0.036  0.050
   0.61082      7.763643  0.008  0.036  0.022  0.066
   0.59751      7.786307  0.006  0.032  0.022  0.064
   0.58421      7.808576  0.006  0.030  0.022  0.058
   0.57090      7.825597  0.004  0.026  0.024  0.054
   0.55760      7.829933  0.002  0.018  0.026  0.046
   0.54429      7.825868  0.002  0.014  0.024  0.042
   0.53099      7.819634  0.006  0.012  0.024  0.038
   0.51768      7.813059  0.006  0.012  0.028  0.040
   0.50438      7.818760  0.000  0.026  0.022  0.048
   0.49107      7.851544  0.000  0.024  0.018  0.044
   0.47777      7.881824  0.000  0.026  0.016  0.046
   0.46446      7.905707  0.000  0.028  0.016  0.050
   0.45116      7.919670  0.000  0.036  0.014  0.052
   0.43785      7.923919  0.000  0.038  0.012  0.050
   0.43785      7.923919  0.000  0.038  0.012  0.050
   0.41481      7.914020  0.000  0.034  0.022  0.054
   0.39176      7.899515  0.000  0.032  0.026  0.058
   0.36872      7.885721  0.000  0.030  0.030  0.060
   0.34567      7.882077  0.000  0.030  0.030  0.062
   0.32263      7.907177  0.000  0.025  0.029  0.056
   0.29958      7.956219  0.002  0.018  0.026  0.047
   0.27654      8.023963  0.004  0.020  0.027  0.050
   0.25349      8.107742  0.004  0.022  0.026  0.050
   0.23045      8.191984  0.004  0.022  0.020  0.046
   0.20740      8.248724  0.000  0.016  0.022  0.037
   0.18436      8.285164  0.000  0.016  0.016  0.032
   0.16131      8.317228  0.000  0.016  0.010  0.026
   0.13827      8.339988  0.000  0.014  0.006  0.020
   0.11522      8.347756  0.000  0.010  0.006  0.016
   0.09218      8.354722  0.002  0.026  0.016  0.044
   0.06913      8.357473  0.002  0.026  0.018  0.046
   0.04609      8.357367  0.002  0.022  0.020  0.049
   0.02304      8.359731  0.002  0.027  0.024  0.055
   0.00000      8.365116  0.006  0.030  0.012  0.048
 
# Band-Index:  169
   0.00000      8.365370  0.002  0.021  0.035  0.058
   0.02304      8.374829  0.004  0.020  0.028  0.051
   0.04609      8.392781  0.000  0.026  0.024  0.051
   0.06913      8.401184  0.000  0.030  0.026  0.056
   0.09218      8.377240  0.000  0.030  0.024  0.049
   0.11522      8.363479  0.006  0.022  0.016  0.044
   0.13827      8.352790  0.006  0.022  0.012  0.036
   0.16131      8.328831  0.006  0.014  0.012  0.034
   0.18436      8.296282  0.006  0.008  0.024  0.040
   0.20740      8.261881  0.002  0.016  0.018  0.038
   0.23045      8.210665  0.000  0.016  0.024  0.040
   0.25349      8.172668  0.000  0.016  0.028  0.042
   0.27654      8.135888  0.000  0.013  0.030  0.042
   0.29958      8.101252  0.000  0.012  0.034  0.042
   0.32263      8.069740  0.000  0.008  0.036  0.044
   0.34567      8.042672  0.000  0.008  0.036  0.044
   0.36872      8.021823  0.000  0.006  0.038  0.044
   0.39176      8.002649  0.000  0.018  0.026  0.040
   0.41481      7.968635  0.000  0.018  0.026  0.044
   0.43785      7.950453  0.000  0.010  0.032  0.047
   0.43785      7.950453  0.000  0.010  0.032  0.047
   0.45116      7.949570  0.000  0.010  0.032  0.046
   0.46446      7.947047  0.000  0.010  0.030  0.042
   0.47777      7.943126  0.000  0.008  0.024  0.036
   0.49107      7.937872  0.000  0.009  0.018  0.032
   0.50438      7.930896  0.002  0.012  0.012  0.026
   0.51768      7.921333  0.002  0.012  0.010  0.024
   0.53099      7.908343  0.002  0.012  0.010  0.026
   0.54429      7.892079  0.004  0.014  0.012  0.028
   0.55760      7.874902  0.004  0.018  0.008  0.028
   0.57090      7.864048  0.006  0.010  0.008  0.026
   0.58421      7.864868  0.006  0.008  0.014  0.024
   0.59751      7.870934  0.002  0.008  0.014  0.024
   0.61082      7.878403  0.002  0.010  0.014  0.026
   0.62412      7.886155  0.002  0.010  0.014  0.030
   0.63743      7.893718  0.002  0.011  0.016  0.030
   0.65073      7.892296  0.004  0.020  0.030  0.055
   0.66404      7.897308  0.004  0.018  0.028  0.049
   0.67734      7.907709  0.001  0.016  0.026  0.048
   0.69065      7.912540  0.003  0.016  0.022  0.045
   0.69065      7.912540  0.003  0.016  0.022  0.045
   0.71726      7.902942  0.003  0.017  0.029  0.048
   0.74387      7.894099  0.008  0.016  0.028  0.051
   0.77048      7.905610  0.008  0.022  0.027  0.054
   0.79709      7.904549  0.008  0.018  0.022  0.048
   0.82370      7.884352  0.004  0.022  0.026  0.050
   0.85031      7.906764  0.004  0.048  0.039  0.086
   0.87692      7.976618  0.004  0.038  0.040  0.082
   0.90353      8.050801  0.000  0.034  0.034  0.068
   0.93014      8.136683  0.002  0.028  0.028  0.056
   0.95675      8.220788  0.002  0.022  0.022  0.046
   0.98336      8.293089  0.002  0.020  0.018  0.036
   1.00997      8.343236  0.002  0.022  0.010  0.034
   1.03658      8.359017  0.004  0.024  0.010  0.036
   1.06319      8.361159  0.004  0.022  0.012  0.034
   1.08980      8.358080  0.004  0.022  0.013  0.038
   1.11641      8.371215  0.000  0.032  0.018  0.053
   1.14302      8.387015  0.000  0.030  0.025  0.055
   1.16963      8.376780  0.002  0.023  0.028  0.053
   1.19624      8.365370  0.002  0.021  0.035  0.058
 
# Band-Index:  170
   1.19624      8.365408  0.004  0.020  0.035  0.056
   1.16963      8.389622  0.004  0.025  0.026  0.051
   1.14302      8.416120  0.000  0.027  0.025  0.052
   1.11641      8.431616  0.000  0.026  0.018  0.048
   1.08980      8.429454  0.000  0.024  0.016  0.042
   1.06319      8.422530  0.000  0.026  0.010  0.038
   1.03658      8.400125  0.004  0.002  0.038  0.046
   1.00997      8.348020  0.004  0.002  0.042  0.050
   0.98336      8.308110  0.004  0.004  0.045  0.056
   0.95675      8.269287  0.006  0.010  0.040  0.056
   0.93014      8.214239  0.002  0.012  0.033  0.047
   0.90353      8.157707  0.002  0.012  0.030  0.044
   0.87692      8.113678  0.000  0.016  0.027  0.047
   0.85031      8.069430  0.002  0.018  0.014  0.035
   0.82370      8.014023  0.002  0.031  0.020  0.052
   0.79709      7.967021  0.006  0.036  0.022  0.062
   0.77048      7.926748  0.004  0.030  0.021  0.056
   0.74387      7.903395  0.004  0.018  0.020  0.043
   0.71726      7.904931  0.002  0.015  0.022  0.039
   0.69065      7.912901  0.003  0.016  0.022  0.045
   0.69065      7.912901  0.003  0.016  0.022  0.045
   0.67734      7.911369  0.002  0.015  0.021  0.039
   0.66404      7.906947  0.002  0.014  0.018  0.034
   0.65073      7.900818  0.002  0.014  0.016  0.033
   0.63743      7.898955  0.004  0.027  0.028  0.062
   0.62412      7.911977  0.004  0.025  0.027  0.059
   0.61082      7.926666  0.004  0.023  0.028  0.058
   0.59751      7.941453  0.004  0.022  0.027  0.054
   0.58421      7.955824  0.004  0.020  0.029  0.050
   0.57090      7.968988  0.008  0.016  0.030  0.050
   0.55760      7.978807  0.002  0.017  0.029  0.052
   0.54429      7.982637  0.002  0.023  0.027  0.053
   0.53099      7.981723  0.002  0.026  0.025  0.053
   0.51768      7.979235  0.001  0.030  0.022  0.054
   0.50438      7.977064  0.000  0.030  0.022  0.056
   0.49107      7.976384  0.000  0.028  0.020  0.054
   0.47777      7.978539  0.000  0.026  0.024  0.050
   0.46446      7.985370  0.000  0.018  0.030  0.048
   0.45116      7.996658  0.000  0.012  0.034  0.046
   0.43785      8.003646  0.000  0.006  0.038  0.044
   0.43785      8.003646  0.000  0.006  0.038  0.044
   0.41481      8.004076  0.000  0.006  0.038  0.044
   0.39176      8.008926  0.000  0.006  0.038  0.042
   0.36872      8.040341  0.000  0.014  0.024  0.040
   0.34567      8.078300  0.000  0.014  0.026  0.042
   0.32263      8.113828  0.002  0.018  0.030  0.046
   0.29958      8.148538  0.004  0.020  0.030  0.056
   0.27654      8.185277  0.004  0.019  0.036  0.063
   0.25349      8.218815  0.004  0.018  0.038  0.065
   0.23045      8.245572  0.008  0.010  0.042  0.056
   0.20740      8.272234  0.006  0.008  0.037  0.050
   0.18436      8.323279  0.004  0.006  0.033  0.043
   0.16131      8.372987  0.004  0.004  0.042  0.050
   0.13827      8.403588  0.000  0.016  0.014  0.030
   0.11522      8.405299  0.000  0.026  0.018  0.038
   0.09218      8.408811  0.000  0.026  0.018  0.044
   0.06913      8.405452  0.000  0.026  0.020  0.048
   0.04609      8.399755  0.002  0.026  0.030  0.058
   0.02304      8.384270  0.002  0.024  0.028  0.054
   0.00000      8.365408  0.004  0.020  0.035  0.056
 
# Band-Index:  171
   0.00000      8.378876  0.002  0.017  0.023  0.042
   0.02304      8.399603  0.002  0.024  0.028  0.052
   0.04609      8.438043  0.000  0.028  0.026  0.056
   0.06913      8.478976  0.000  0.028  0.024  0.056
   0.09218      8.508209  0.002  0.004  0.024  0.034
   0.11522      8.485681  0.002  0.010  0.026  0.039
   0.13827      8.428851  0.004  0.006  0.042  0.054
   0.16131      8.407791  0.000  0.012  0.012  0.024
   0.18436      8.411803  0.000  0.011  0.012  0.022
   0.20740      8.396057  0.002  0.028  0.030  0.064
   0.23045      8.347058  0.002  0.020  0.034  0.058
   0.25349      8.298399  0.002  0.020  0.032  0.060
   0.27654      8.246359  0.002  0.022  0.036  0.058
   0.29958      8.193391  0.002  0.024  0.034  0.058
   0.32263      8.145427  0.002  0.026  0.028  0.058
   0.34567      8.109390  0.004  0.030  0.024  0.058
   0.36872      8.084146  0.004  0.028  0.024  0.058
   0.39176      8.066561  0.004  0.028  0.028  0.060
   0.41481      8.059696  0.006  0.022  0.028  0.055
   0.43785      8.059835  0.008  0.020  0.028  0.052
   0.43785      8.059835  0.008  0.020  0.028  0.052
   0.45116      8.064397  0.002  0.014  0.020  0.037
   0.46446      8.049820  0.002  0.018  0.020  0.045
   0.47777      8.036242  0.004  0.020  0.026  0.053
   0.49107      8.023478  0.004  0.022  0.030  0.054
   0.50438      8.011523  0.004  0.024  0.030  0.060
   0.51768      8.000876  0.004  0.022  0.034  0.062
   0.53099      7.992282  0.002  0.021  0.031  0.058
   0.54429      7.986085  0.002  0.021  0.029  0.053
   0.55760      7.981943  0.002  0.020  0.025  0.046
   0.57090      7.979226  0.002  0.017  0.022  0.040
   0.58421      7.977393  0.002  0.018  0.016  0.038
   0.59751      7.976094  0.000  0.016  0.016  0.032
   0.61082      7.975184  0.000  0.014  0.012  0.032
   0.62412      7.974669  0.000  0.014  0.014  0.027
   0.63743      7.974664  0.000  0.012  0.014  0.026
   0.65073      7.975326  0.000  0.012  0.010  0.026
   0.66404      7.976763  0.000  0.010  0.010  0.022
   0.67734      7.978824  0.000  0.010  0.010  0.022
   0.69065      7.980223  0.000  0.008  0.010  0.024
   0.69065      7.980223  0.000  0.008  0.010  0.024
   0.71726      7.978594  0.004  0.014  0.012  0.026
   0.74387      7.984798  0.000  0.022  0.017  0.040
   0.77048      7.996638  0.000  0.030  0.018  0.050
   0.79709      8.022546  0.000  0.030  0.018  0.054
   0.82370      8.052327  0.004  0.026  0.020  0.050
   0.85031      8.080741  0.000  0.020  0.024  0.048
   0.87692      8.134123  0.000  0.010  0.014  0.024
   0.90353      8.196287  0.000  0.010  0.014  0.021
   0.93014      8.248535  0.000  0.012  0.014  0.028
   0.95675      8.294160  0.002  0.020  0.012  0.034
   0.98336      8.332804  0.006  0.024  0.012  0.042
   1.00997      8.367904  0.006  0.018  0.012  0.042
   1.03658      8.407585  0.006  0.022  0.008  0.036
   1.06319      8.462664  0.004  0.006  0.030  0.038
   1.08980      8.516141  0.002  0.016  0.020  0.038
   1.11641      8.482609  0.002  0.022  0.026  0.050
   1.14302      8.437952  0.002  0.026  0.027  0.053
   1.16963      8.398844  0.000  0.023  0.027  0.052
   1.19624      8.378876  0.002  0.017  0.023  0.042
 
# Band-Index:  172
   1.19624      8.378898  0.004  0.017  0.026  0.044
   1.16963      8.417018  0.002  0.030  0.022  0.054
   1.14302      8.488070  0.002  0.036  0.022  0.060
   1.11641      8.535599  0.000  0.016  0.019  0.038
   1.08980      8.528953  0.000  0.014  0.017  0.034
   1.06319      8.497776  0.000  0.010  0.016  0.028
   1.03658      8.464317  0.000  0.004  0.020  0.027
   1.00997      8.454540  0.000  0.013  0.018  0.031
   0.98336      8.398360  0.000  0.020  0.024  0.044
   0.95675      8.337415  0.000  0.010  0.036  0.047
   0.93014      8.304216  0.000  0.006  0.050  0.056
   0.90353      8.259803  0.004  0.014  0.010  0.030
   0.87692      8.195562  0.000  0.010  0.012  0.026
   0.85031      8.135146  0.000  0.012  0.016  0.028
   0.82370      8.080090  0.000  0.010  0.020  0.030
   0.79709      8.038873  0.002  0.010  0.022  0.036
   0.77048      8.014399  0.002  0.012  0.026  0.041
   0.74387      8.002401  0.002  0.014  0.028  0.046
   0.71726      8.000013  0.002  0.008  0.026  0.042
   0.69065      7.995795  0.006  0.005  0.019  0.031
   0.69065      7.995795  0.006  0.005  0.019  0.031
   0.67734      7.992769  0.004  0.006  0.016  0.030
   0.66404      7.998771  0.008  0.014  0.016  0.034
   0.65073      8.010936  0.008  0.020  0.018  0.042
   0.63743      8.023571  0.006  0.028  0.018  0.052
   0.62412      8.031289  0.000  0.036  0.022  0.060
   0.61082      8.032921  0.000  0.040  0.020  0.062
   0.59751      8.030580  0.000  0.042  0.020  0.062
   0.58421      8.026571  0.000  0.046  0.018  0.064
   0.57090      8.023227  0.000  0.046  0.016  0.058
   0.55760      8.023865  0.000  0.042  0.016  0.060
   0.54429      8.031998  0.000  0.038  0.014  0.054
   0.53099      8.046957  0.000  0.032  0.020  0.054
   0.51768      8.065842  0.000  0.026  0.022  0.052
   0.50438      8.086239  0.000  0.024  0.024  0.052
   0.49107      8.100557  0.002  0.024  0.028  0.054
   0.47777      8.095429  0.004  0.018  0.030  0.056
   0.46446      8.081973  0.004  0.014  0.030  0.054
   0.45116      8.067409  0.007  0.015  0.030  0.053
   0.43785      8.076358  0.000  0.008  0.016  0.022
   0.43785      8.076358  0.000  0.008  0.016  0.022
   0.41481      8.087055  0.000  0.008  0.016  0.023
   0.39176      8.114236  0.000  0.008  0.016  0.022
   0.36872      8.150874  0.000  0.008  0.014  0.022
   0.34567      8.192942  0.000  0.008  0.014  0.020
   0.32263      8.238157  0.000  0.008  0.012  0.020
   0.29958      8.284322  0.000  0.008  0.012  0.020
   0.27654      8.328434  0.000  0.008  0.012  0.018
   0.25349      8.354299  0.000  0.008  0.014  0.022
   0.23045      8.392574  0.000  0.016  0.016  0.032
   0.20740      8.408882  0.000  0.010  0.012  0.022
   0.18436      8.438500  0.002  0.028  0.028  0.062
   0.16131      8.460727  0.002  0.022  0.026  0.050
   0.13827      8.474171  0.002  0.012  0.024  0.038
   0.11522      8.496308  0.002  0.002  0.034  0.043
   0.09218      8.516427  0.000  0.028  0.024  0.057
   0.06913      8.517640  0.004  0.022  0.030  0.052
   0.04609      8.462147  0.004  0.034  0.022  0.056
   0.02304      8.405577  0.004  0.028  0.024  0.051
   0.00000      8.378898  0.004  0.017  0.026  0.044
 
# Band-Index:  173
   0.00000      8.544917  0.000  0.006  0.034  0.034
   0.02304      8.543673  0.000  0.006  0.032  0.034
   0.04609      8.539146  0.000  0.006  0.030  0.036
   0.06913      8.532107  0.000  0.021  0.016  0.038
   0.09218      8.555745  0.002  0.006  0.033  0.042
   0.11522      8.545347  0.000  0.022  0.028  0.050
   0.13827      8.562137  0.000  0.014  0.026  0.044
   0.16131      8.537273  0.002  0.018  0.012  0.028
   0.18436      8.487734  0.000  0.016  0.014  0.030
   0.20740      8.439989  0.002  0.016  0.014  0.034
   0.23045      8.394227  0.000  0.010  0.010  0.020
   0.25349      8.366521  0.000  0.008  0.010  0.018
   0.27654      8.329918  0.000  0.008  0.014  0.022
   0.29958      8.310149  0.002  0.006  0.014  0.024
   0.32263      8.279782  0.002  0.008  0.018  0.028
   0.34567      8.230685  0.008  0.018  0.020  0.046
   0.36872      8.176502  0.010  0.024  0.028  0.058
   0.39176      8.131069  0.006  0.024  0.026  0.058
   0.41481      8.099882  0.006  0.025  0.024  0.054
   0.43785      8.087640  0.004  0.026  0.022  0.052
   0.43785      8.087640  0.004  0.026  0.022  0.052
   0.45116      8.101446  0.002  0.015  0.022  0.039
   0.46446      8.121194  0.002  0.012  0.018  0.036
   0.47777      8.142202  0.002  0.010  0.020  0.035
   0.49107      8.129183  0.002  0.008  0.027  0.036
   0.50438      8.128898  0.002  0.008  0.030  0.042
   0.51768      8.134684  0.004  0.008  0.028  0.042
   0.53099      8.139344  0.004  0.008  0.026  0.040
   0.54429      8.141679  0.004  0.008  0.022  0.038
   0.55760      8.141067  0.004  0.008  0.018  0.034
   0.57090      8.136792  0.004  0.008  0.012  0.032
   0.58421      8.128086  0.006  0.014  0.010  0.030
   0.59751      8.114630  0.006  0.014  0.008  0.026
   0.61082      8.097336  0.006  0.010  0.010  0.026
   0.62412      8.078846  0.006  0.008  0.012  0.028
   0.63743      8.062813  0.004  0.008  0.016  0.028
   0.65073      8.044204  0.004  0.010  0.028  0.041
   0.66404      8.023808  0.004  0.008  0.024  0.034
   0.67734      8.006720  0.004  0.008  0.022  0.034
   0.69065      7.995928  0.007  0.005  0.019  0.031
   0.69065      7.995928  0.007  0.005  0.019  0.031
   0.71726      8.000448  0.004  0.006  0.012  0.026
   0.74387      8.019233  0.008  0.014  0.008  0.026
   0.77048      8.049662  0.008  0.020  0.012  0.042
   0.79709      8.100902  0.012  0.032  0.017  0.062
   0.82370      8.179508  0.009  0.042  0.026  0.082
   0.85031      8.273323  0.006  0.052  0.034  0.094
   0.87692      8.289312  0.000  0.006  0.056  0.062
   0.90353      8.292241  0.000  0.006  0.054  0.062
   0.93014      8.327471  0.004  0.018  0.012  0.030
   0.95675      8.391780  0.004  0.020  0.014  0.040
   0.98336      8.448688  0.004  0.024  0.020  0.048
   1.00997      8.460398  0.000  0.018  0.024  0.042
   1.03658      8.506022  0.000  0.012  0.028  0.040
   1.06319      8.532253  0.002  0.008  0.032  0.042
   1.08980      8.530600  0.004  0.008  0.033  0.043
   1.11641      8.563136  0.000  0.007  0.028  0.035
   1.14302      8.541080  0.000  0.004  0.032  0.038
   1.16963      8.543510  0.000  0.006  0.032  0.038
   1.19624      8.544917  0.000  0.006  0.034  0.034
 
# Band-Index:  174
   1.19624      8.544922  0.000  0.006  0.032  0.038
   1.16963      8.548754  0.000  0.006  0.034  0.037
   1.14302      8.557936  0.000  0.004  0.034  0.040
   1.11641      8.563844  0.002  0.030  0.030  0.062
   1.08980      8.570844  0.000  0.012  0.030  0.044
   1.06319      8.558338  0.004  0.012  0.028  0.044
   1.03658      8.531771  0.004  0.018  0.024  0.045
   1.00997      8.497454  0.004  0.024  0.022  0.046
   0.98336      8.450701  0.004  0.018  0.010  0.038
   0.95675      8.444651  0.006  0.026  0.016  0.046
   0.93014      8.437409  0.008  0.028  0.016  0.056
   0.90353      8.419382  0.008  0.024  0.024  0.056
   0.87692      8.365203  0.002  0.050  0.036  0.088
   0.85031      8.289412  0.000  0.008  0.048  0.058
   0.82370      8.263182  0.000  0.012  0.030  0.042
   0.79709      8.227218  0.000  0.010  0.028  0.040
   0.77048      8.183631  0.004  0.016  0.032  0.044
   0.74387      8.116425  0.002  0.012  0.028  0.042
   0.71726      8.056803  0.002  0.010  0.028  0.042
   0.69065      8.026368  0.000  0.010  0.030  0.046
   0.69065      8.026368  0.000  0.010  0.030  0.046
   0.67734      8.031001  0.000  0.010  0.030  0.041
   0.66404      8.040036  0.002  0.010  0.028  0.040
   0.65073      8.050502  0.002  0.008  0.024  0.036
   0.63743      8.066729  0.004  0.010  0.028  0.044
   0.62412      8.090799  0.004  0.012  0.032  0.049
   0.61082      8.116050  0.004  0.014  0.034  0.048
   0.59751      8.142117  0.004  0.014  0.034  0.050
   0.58421      8.168536  0.004  0.016  0.032  0.050
   0.57090      8.194623  0.004  0.016  0.032  0.050
   0.55760      8.219250  0.002  0.016  0.028  0.046
   0.54429      8.223916  0.000  0.008  0.026  0.038
   0.53099      8.214032  0.002  0.008  0.024  0.034
   0.51768      8.200440  0.002  0.008  0.024  0.034
   0.50438      8.183179  0.002  0.008  0.024  0.033
   0.49107      8.163303  0.002  0.008  0.019  0.034
   0.47777      8.148988  0.000  0.010  0.020  0.031
   0.46446      8.177899  0.000  0.010  0.022  0.032
   0.45116      8.211115  0.000  0.012  0.020  0.032
   0.43785      8.247873  0.000  0.016  0.018  0.034
   0.43785      8.247873  0.000  0.016  0.018  0.034
   0.41481      8.246130  0.000  0.012  0.022  0.036
   0.39176      8.254524  0.000  0.012  0.032  0.046
   0.36872      8.280569  0.000  0.016  0.038  0.056
   0.34567      8.321721  0.000  0.032  0.033  0.070
   0.32263      8.363017  0.004  0.024  0.028  0.056
   0.29958      8.412982  0.006  0.010  0.026  0.038
   0.27654      8.452615  0.000  0.006  0.019  0.024
   0.25349      8.479791  0.002  0.024  0.020  0.048
   0.23045      8.499069  0.000  0.020  0.020  0.042
   0.20740      8.519159  0.000  0.018  0.022  0.042
   0.18436      8.554123  0.000  0.024  0.028  0.052
   0.16131      8.567166  0.000  0.010  0.026  0.036
   0.13827      8.588869  0.002  0.020  0.012  0.034
   0.11522      8.612462  0.000  0.032  0.022  0.054
   0.09218      8.575731  0.000  0.036  0.020  0.056
   0.06913      8.575198  0.000  0.008  0.034  0.042
   0.04609      8.557785  0.000  0.006  0.034  0.040
   0.02304      8.547998  0.000  0.006  0.032  0.038
   0.00000      8.544922  0.000  0.006  0.032  0.038
 
# Band-Index:  175
   0.00000      8.678948  0.006  0.060  0.008  0.074
   0.02304      8.680846  0.006  0.052  0.008  0.066
   0.04609      8.660819  0.000  0.010  0.020  0.030
   0.06913      8.611724  0.002  0.004  0.026  0.032
   0.09218      8.599600  0.000  0.012  0.034  0.047
   0.11522      8.627738  0.000  0.016  0.032  0.048
   0.13827      8.617092  0.000  0.022  0.036  0.060
   0.16131      8.600145  0.000  0.022  0.038  0.064
   0.18436      8.561741  0.000  0.006  0.028  0.034
   0.20740      8.545013  0.004  0.000  0.026  0.030
   0.23045      8.518869  0.004  0.002  0.024  0.030
   0.25349      8.487615  0.000  0.004  0.020  0.026
   0.27654      8.456671  0.004  0.016  0.030  0.051
   0.29958      8.414074  0.000  0.006  0.018  0.024
   0.32263      8.373459  0.000  0.006  0.018  0.022
   0.34567      8.330896  0.000  0.010  0.033  0.048
   0.36872      8.298355  0.000  0.006  0.014  0.020
   0.39176      8.270946  0.004  0.002  0.014  0.020
   0.41481      8.253801  0.004  0.002  0.014  0.020
   0.43785      8.248000  0.004  0.002  0.012  0.020
   0.43785      8.248000  0.004  0.002  0.012  0.020
   0.45116      8.256133  0.000  0.012  0.022  0.036
   0.46446      8.259169  0.002  0.012  0.022  0.037
   0.47777      8.263544  0.002  0.012  0.024  0.038
   0.49107      8.268023  0.002  0.014  0.026  0.042
   0.50438      8.270476  0.002  0.012  0.024  0.042
   0.51768      8.267959  0.004  0.014  0.028  0.044
   0.53099      8.258211  0.004  0.020  0.024  0.048
   0.54429      8.241470  0.004  0.022  0.024  0.050
   0.55760      8.231794  0.002  0.016  0.024  0.044
   0.57090      8.238284  0.002  0.016  0.024  0.046
   0.58421      8.245119  0.002  0.020  0.026  0.046
   0.59751      8.252766  0.002  0.020  0.024  0.048
   0.61082      8.261398  0.002  0.026  0.024  0.050
   0.62412      8.270963  0.002  0.026  0.022  0.050
   0.63743      8.281249  0.002  0.026  0.020  0.048
   0.65073      8.291518  0.001  0.007  0.022  0.030
   0.66404      8.296546  0.002  0.010  0.018  0.027
   0.67734      8.305642  0.002  0.024  0.017  0.042
   0.69065      8.307305  0.001  0.018  0.022  0.044
   0.69065      8.307305  0.001  0.018  0.022  0.044
   0.71726      8.273001  0.002  0.020  0.014  0.040
   0.74387      8.232879  0.002  0.018  0.020  0.040
   0.77048      8.215581  0.000  0.016  0.026  0.042
   0.79709      8.255773  0.004  0.018  0.030  0.056
   0.82370      8.301716  0.000  0.006  0.052  0.058
   0.85031      8.327431  0.000  0.010  0.032  0.046
   0.87692      8.382299  0.004  0.016  0.032  0.056
   0.90353      8.442759  0.000  0.032  0.030  0.064
   0.93014      8.502574  0.000  0.018  0.024  0.040
   0.95675      8.541677  0.000  0.010  0.022  0.030
   0.98336      8.566059  0.000  0.010  0.020  0.032
   1.00997      8.581214  0.000  0.012  0.027  0.042
   1.03658      8.577925  0.000  0.022  0.028  0.050
   1.06319      8.565002  0.000  0.024  0.028  0.050
   1.08980      8.596447  0.006  0.008  0.030  0.042
   1.11641      8.597802  0.000  0.008  0.029  0.038
   1.14302      8.649627  0.000  0.006  0.024  0.030
   1.16963      8.680546  0.006  0.044  0.010  0.060
   1.19624      8.678948  0.006  0.060  0.008  0.074
 
# Band-Index:  176
   1.19624      8.742616  0.000  0.006  0.022  0.026
   1.16963      8.723829  0.000  0.022  0.030  0.058
   1.14302      8.706392  0.000  0.008  0.028  0.035
   1.11641      8.659276  0.004  0.014  0.026  0.042
   1.08980      8.629662  0.000  0.038  0.024  0.064
   1.06319      8.638553  0.000  0.036  0.030  0.064
   1.03658      8.622654  0.000  0.032  0.022  0.056
   1.00997      8.605553  0.000  0.036  0.024  0.060
   0.98336      8.594240  0.000  0.038  0.023  0.063
   0.95675      8.571266  0.002  0.042  0.026  0.068
   0.93014      8.528003  0.002  0.043  0.029  0.075
   0.90353      8.465704  0.004  0.034  0.027  0.066
   0.87692      8.393611  0.004  0.016  0.024  0.045
   0.85031      8.347647  0.003  0.014  0.036  0.056
   0.82370      8.326451  0.004  0.026  0.044  0.072
   0.79709      8.303449  0.000  0.006  0.045  0.052
   0.77048      8.303966  0.000  0.010  0.036  0.046
   0.74387      8.303138  0.000  0.010  0.031  0.042
   0.71726      8.304208  0.000  0.010  0.027  0.038
   0.69065      8.307741  0.001  0.018  0.021  0.044
   0.69065      8.307741  0.001  0.018  0.021  0.044
   0.67734      8.306769  0.002  0.007  0.021  0.027
   0.66404      8.301687  0.002  0.028  0.018  0.048
   0.65073      8.291841  0.001  0.028  0.018  0.049
   0.63743      8.291871  0.000  0.004  0.026  0.030
   0.62412      8.297372  0.000  0.002  0.032  0.038
   0.61082      8.308028  0.000  0.004  0.041  0.042
   0.59751      8.324499  0.000  0.002  0.044  0.047
   0.58421      8.331567  0.000  0.020  0.028  0.049
   0.57090      8.327531  0.000  0.020  0.029  0.050
   0.55760      8.322524  0.000  0.020  0.030  0.050
   0.54429      8.317921  0.000  0.024  0.028  0.055
   0.53099      8.315612  0.000  0.028  0.024  0.052
   0.51768      8.317256  0.002  0.032  0.018  0.052
   0.50438      8.323478  0.002  0.032  0.014  0.050
   0.49107      8.333545  0.004  0.032  0.012  0.046
   0.47777      8.345624  0.004  0.028  0.010  0.046
   0.46446      8.330009  0.002  0.008  0.020  0.030
   0.45116      8.287883  0.000  0.010  0.018  0.030
   0.43785      8.255057  0.000  0.012  0.020  0.034
   0.43785      8.255057  0.000  0.012  0.020  0.034
   0.41481      8.264475  0.000  0.016  0.018  0.036
   0.39176      8.280938  0.000  0.016  0.019  0.038
   0.36872      8.301463  0.000  0.018  0.021  0.039
   0.34567      8.333671  0.000  0.006  0.014  0.020
   0.32263      8.384420  0.000  0.026  0.049  0.078
   0.29958      8.441036  0.002  0.022  0.032  0.060
   0.27654      8.459168  0.002  0.018  0.024  0.038
   0.25349      8.497077  0.002  0.016  0.026  0.052
   0.23045      8.532896  0.004  0.024  0.030  0.056
   0.20740      8.561143  0.002  0.028  0.026  0.058
   0.18436      8.584846  0.002  0.026  0.026  0.054
   0.16131      8.615462  0.002  0.034  0.014  0.052
   0.13827      8.653349  0.000  0.021  0.030  0.056
   0.11522      8.638108  0.002  0.026  0.020  0.048
   0.09218      8.665795  0.000  0.020  0.048  0.068
   0.06913      8.699954  0.000  0.010  0.028  0.040
   0.04609      8.715480  0.006  0.056  0.026  0.092
   0.02304      8.727098  0.000  0.018  0.030  0.048
   0.00000      8.742617  0.000  0.006  0.022  0.026
 
# Band-Index:  177
   0.00000      8.742634  0.000  0.004  0.022  0.028
   0.02304      8.736109  0.000  0.006  0.023  0.030
   0.04609      8.719629  0.000  0.010  0.024  0.032
   0.06913      8.701200  0.000  0.024  0.044  0.068
   0.09218      8.683593  0.004  0.016  0.028  0.046
   0.11522      8.655435  0.000  0.026  0.034  0.060
   0.13827      8.654550  0.000  0.048  0.020  0.068
   0.16131      8.660344  0.000  0.023  0.019  0.047
   0.18436      8.638248  0.000  0.024  0.016  0.044
   0.20740      8.613465  0.000  0.028  0.018  0.046
   0.23045      8.590968  0.000  0.030  0.022  0.054
   0.25349      8.553966  0.000  0.016  0.040  0.056
   0.27654      8.514619  0.000  0.022  0.044  0.067
   0.29958      8.449828  0.000  0.040  0.046  0.088
   0.32263      8.436236  0.003  0.020  0.038  0.060
   0.34567      8.440226  0.004  0.022  0.037  0.062
   0.36872      8.422842  0.004  0.024  0.022  0.050
   0.39176      8.397837  0.006  0.024  0.016  0.048
   0.41481      8.377138  0.006  0.026  0.014  0.044
   0.43785      8.369146  0.006  0.026  0.014  0.044
   0.43785      8.369146  0.006  0.026  0.014  0.044
   0.45116      8.365936  0.006  0.026  0.014  0.044
   0.46446      8.357309  0.006  0.026  0.010  0.042
   0.47777      8.372556  0.002  0.010  0.022  0.030
   0.49107      8.412150  0.002  0.008  0.024  0.034
   0.50438      8.410720  0.000  0.018  0.034  0.056
   0.51768      8.403856  0.000  0.018  0.030  0.052
   0.53099      8.404145  0.000  0.018  0.028  0.050
   0.54429      8.411840  0.000  0.022  0.025  0.047
   0.55760      8.409473  0.004  0.010  0.038  0.052
   0.57090      8.376297  0.002  0.008  0.044  0.052
   0.58421      8.347384  0.002  0.008  0.044  0.049
   0.59751      8.333929  0.000  0.016  0.028  0.046
   0.61082      8.331813  0.004  0.017  0.010  0.032
   0.62412      8.318533  0.004  0.016  0.014  0.034
   0.63743      8.310077  0.004  0.018  0.016  0.042
   0.65073      8.305939  0.002  0.018  0.022  0.044
   0.66404      8.304895  0.002  0.020  0.023  0.044
   0.67734      8.307710  0.002  0.024  0.020  0.045
   0.69065      8.321327  0.003  0.013  0.014  0.029
   0.69065      8.321327  0.003  0.013  0.014  0.029
   0.71726      8.311662  0.000  0.018  0.025  0.044
   0.74387      8.314372  0.000  0.016  0.026  0.045
   0.77048      8.315709  0.000  0.016  0.026  0.044
   0.79709      8.318458  0.002  0.012  0.030  0.046
   0.82370      8.333316  0.002  0.014  0.022  0.040
   0.85031      8.412200  0.004  0.030  0.034  0.072
   0.87692      8.481857  0.006  0.026  0.024  0.054
   0.90353      8.499893  0.004  0.016  0.032  0.048
   0.93014      8.543262  0.000  0.004  0.030  0.034
   0.95675      8.583629  0.000  0.008  0.015  0.024
   0.98336      8.602220  0.000  0.018  0.010  0.028
   1.00997      8.618732  0.000  0.026  0.014  0.042
   1.03658      8.642551  0.000  0.034  0.020  0.056
   1.06319      8.665679  0.000  0.028  0.028  0.054
   1.08980      8.653019  0.000  0.026  0.046  0.072
   1.11641      8.685741  0.000  0.022  0.042  0.066
   1.14302      8.715561  0.004  0.056  0.028  0.089
   1.16963      8.733557  0.000  0.006  0.024  0.028
   1.19624      8.742632  0.000  0.004  0.022  0.028
 
# Band-Index:  178
   1.19624      8.819896  0.000  0.012  0.028  0.038
   1.16963      8.800732  0.000  0.014  0.028  0.040
   1.14302      8.762908  0.000  0.022  0.028  0.050
   1.11641      8.725414  0.000  0.014  0.022  0.034
   1.08980      8.688082  0.000  0.018  0.030  0.048
   1.06319      8.674096  0.000  0.040  0.026  0.067
   1.03658      8.689823  0.000  0.032  0.031  0.059
   1.00997      8.673739  0.000  0.022  0.036  0.058
   0.98336      8.649098  0.000  0.018  0.036  0.058
   0.95675      8.616559  0.000  0.020  0.038  0.060
   0.93014      8.585826  0.002  0.024  0.034  0.060
   0.90353      8.550281  0.002  0.032  0.040  0.078
   0.87692      8.494270  0.000  0.036  0.048  0.086
   0.85031      8.491067  0.004  0.024  0.030  0.062
   0.82370      8.477121  0.002  0.020  0.034  0.056
   0.79709      8.443011  0.002  0.020  0.030  0.052
   0.77048      8.411797  0.002  0.022  0.026  0.052
   0.74387      8.384438  0.002  0.026  0.024  0.050
   0.71726      8.359683  0.000  0.032  0.020  0.052
   0.69065      8.321390  0.003  0.012  0.012  0.031
   0.69065      8.321390  0.003  0.012  0.012  0.031
   0.67734      8.324696  0.000  0.016  0.024  0.040
   0.66404      8.324329  0.000  0.014  0.026  0.040
   0.65073      8.327179  0.000  0.014  0.028  0.041
   0.63743      8.330516  0.000  0.014  0.026  0.044
   0.62412      8.333139  0.000  0.014  0.027  0.046
   0.61082      8.334408  0.000  0.014  0.027  0.046
   0.59751      8.349270  0.004  0.016  0.010  0.030
   0.58421      8.369552  0.004  0.010  0.010  0.028
   0.57090      8.391219  0.004  0.009  0.012  0.028
   0.55760      8.413302  0.002  0.006  0.018  0.031
   0.54429      8.432174  0.004  0.010  0.014  0.033
   0.53099      8.447625  0.004  0.010  0.018  0.036
   0.51768      8.453507  0.004  0.008  0.022  0.038
   0.50438      8.442005  0.004  0.008  0.022  0.038
   0.49107      8.421661  0.000  0.018  0.036  0.058
   0.47777      8.432980  0.000  0.020  0.038  0.060
   0.46446      8.442025  0.004  0.020  0.034  0.058
   0.45116      8.447516  0.004  0.020  0.036  0.056
   0.43785      8.449299  0.004  0.020  0.036  0.058
   0.43785      8.449299  0.004  0.020  0.036  0.058
   0.41481      8.451297  0.004  0.020  0.036  0.058
   0.39176      8.457418  0.004  0.022  0.036  0.060
   0.36872      8.467875  0.004  0.024  0.034  0.062
   0.34567      8.453242  0.004  0.018  0.022  0.045
   0.32263      8.466115  0.002  0.022  0.024  0.052
   0.29958      8.486556  0.002  0.022  0.031  0.056
   0.27654      8.526891  0.004  0.036  0.032  0.072
   0.25349      8.568207  0.000  0.033  0.026  0.062
   0.23045      8.599953  0.000  0.016  0.036  0.052
   0.20740      8.652168  0.000  0.018  0.035  0.053
   0.18436      8.665211  0.000  0.042  0.028  0.071
   0.16131      8.668720  0.000  0.036  0.030  0.067
   0.13827      8.671653  0.004  0.031  0.022  0.056
   0.11522      8.674592  0.004  0.025  0.028  0.050
   0.09218      8.690799  0.002  0.026  0.012  0.036
   0.06913      8.726874  0.002  0.038  0.014  0.058
   0.04609      8.766590  0.000  0.016  0.028  0.044
   0.02304      8.804414  0.000  0.012  0.028  0.042
   0.00000      8.819896  0.000  0.012  0.028  0.038
 
# Band-Index:  179
   0.00000      8.819901  0.000  0.012  0.030  0.038
   0.02304      8.817064  0.000  0.010  0.030  0.040
   0.04609      8.811767  0.000  0.010  0.032  0.042
   0.06913      8.789763  0.004  0.022  0.014  0.042
   0.09218      8.776556  0.000  0.034  0.022  0.058
   0.11522      8.746058  0.000  0.034  0.022  0.058
   0.13827      8.699073  0.000  0.024  0.025  0.049
   0.16131      8.686147  0.000  0.032  0.022  0.056
   0.18436      8.683008  0.000  0.036  0.026  0.059
   0.20740      8.659243  0.000  0.042  0.026  0.068
   0.23045      8.653767  0.000  0.017  0.034  0.057
   0.25349      8.601791  0.004  0.032  0.030  0.066
   0.27654      8.544974  0.000  0.036  0.032  0.068
   0.29958      8.522239  0.000  0.036  0.036  0.068
   0.32263      8.501071  0.000  0.034  0.034  0.068
   0.34567      8.482613  0.000  0.026  0.034  0.064
   0.36872      8.467904  0.006  0.016  0.034  0.056
   0.39176      8.494016  0.006  0.016  0.038  0.058
   0.41481      8.524793  0.006  0.018  0.036  0.058
   0.43785      8.550384  0.000  0.016  0.032  0.052
   0.43785      8.550384  0.000  0.016  0.032  0.052
   0.45116      8.550095  0.000  0.015  0.032  0.051
   0.46446      8.549204  0.000  0.016  0.030  0.049
   0.47777      8.547641  0.000  0.014  0.032  0.045
   0.49107      8.545314  0.000  0.010  0.029  0.044
   0.50438      8.542144  0.000  0.012  0.030  0.038
   0.51768      8.522859  0.002  0.010  0.042  0.054
   0.53099      8.485255  0.002  0.010  0.040  0.054
   0.54429      8.447173  0.002  0.010  0.042  0.054
   0.55760      8.424612  0.000  0.020  0.024  0.044
   0.57090      8.439236  0.000  0.020  0.022  0.044
   0.58421      8.451892  0.000  0.016  0.024  0.040
   0.59751      8.457586  0.002  0.016  0.020  0.037
   0.61082      8.453500  0.002  0.018  0.018  0.036
   0.62412      8.441944  0.002  0.016  0.018  0.034
   0.63743      8.425337  0.002  0.018  0.016  0.036
   0.65073      8.404799  0.002  0.022  0.016  0.040
   0.66404      8.381259  0.002  0.024  0.016  0.040
   0.67734      8.356431  0.002  0.028  0.018  0.046
   0.69065      8.340994  0.000  0.032  0.022  0.056
   0.69065      8.340994  0.000  0.032  0.022  0.056
   0.71726      8.360434  0.002  0.014  0.014  0.030
   0.74387      8.406902  0.002  0.014  0.014  0.030
   0.77048      8.453577  0.002  0.014  0.014  0.030
   0.79709      8.488963  0.002  0.018  0.018  0.040
   0.82370      8.497350  0.006  0.020  0.026  0.054
   0.85031      8.511454  0.002  0.020  0.036  0.058
   0.87692      8.544753  0.002  0.024  0.038  0.062
   0.90353      8.578184  0.000  0.028  0.040  0.068
   0.93014      8.616426  0.004  0.034  0.043  0.080
   0.95675      8.662221  0.004  0.046  0.049  0.100
   0.98336      8.689633  0.006  0.051  0.050  0.105
   1.00997      8.700712  0.004  0.047  0.045  0.097
   1.03658      8.714460  0.000  0.045  0.040  0.086
   1.06319      8.730542  0.000  0.045  0.032  0.078
   1.08980      8.744110  0.000  0.044  0.024  0.070
   1.11641      8.750934  0.000  0.048  0.022  0.076
   1.14302      8.784632  0.000  0.008  0.020  0.029
   1.16963      8.815366  0.000  0.012  0.030  0.042
   1.19624      8.819899  0.000  0.012  0.030  0.038
 
# Band-Index:  180
   1.19624      8.821897  0.002  0.014  0.042  0.060
   1.16963      8.828324  0.002  0.010  0.031  0.048
   1.14302      8.817876  0.000  0.014  0.020  0.034
   1.11641      8.809756  0.000  0.008  0.026  0.034
   1.08980      8.800966  0.000  0.008  0.026  0.032
   1.06319      8.767024  0.000  0.008  0.030  0.038
   1.03658      8.736786  0.000  0.012  0.031  0.043
   1.00997      8.723217  0.000  0.016  0.029  0.045
   0.98336      8.707046  0.000  0.011  0.022  0.034
   0.95675      8.692044  0.000  0.013  0.022  0.036
   0.93014      8.678142  0.000  0.016  0.034  0.052
   0.90353      8.667712  0.000  0.018  0.032  0.050
   0.87692      8.642280  0.000  0.008  0.014  0.022
   0.85031      8.607507  0.000  0.006  0.014  0.016
   0.82370      8.574003  0.000  0.004  0.016  0.022
   0.79709      8.549846  0.002  0.024  0.036  0.059
   0.77048      8.533472  0.000  0.020  0.044  0.064
   0.74387      8.528179  0.000  0.016  0.054  0.074
   0.71726      8.529829  0.000  0.012  0.060  0.073
   0.69065      8.536133  0.001  0.008  0.058  0.070
   0.69065      8.536133  0.001  0.008  0.058  0.070
   0.67734      8.531977  0.000  0.012  0.062  0.072
   0.66404      8.527624  0.000  0.012  0.063  0.076
   0.65073      8.523699  0.000  0.012  0.064  0.076
   0.63743      8.520676  0.000  0.012  0.066  0.076
   0.62412      8.518961  0.002  0.012  0.066  0.080
   0.61082      8.518085  0.000  0.012  0.035  0.047
   0.59751      8.511332  0.000  0.012  0.034  0.044
   0.58421      8.510776  0.000  0.006  0.032  0.038
   0.57090      8.515146  0.000  0.006  0.028  0.034
   0.55760      8.521257  0.000  0.008  0.026  0.032
   0.54429      8.527477  0.000  0.010  0.024  0.032
   0.53099      8.533173  0.000  0.010  0.026  0.036
   0.51768      8.538094  0.000  0.010  0.026  0.037
   0.50438      8.555497  0.004  0.018  0.046  0.072
   0.49107      8.557105  0.008  0.019  0.040  0.066
   0.47777      8.559026  0.008  0.024  0.040  0.070
   0.46446      8.561847  0.012  0.022  0.040  0.074
   0.45116      8.563853  0.012  0.022  0.040  0.074
   0.43785      8.564554  0.014  0.023  0.040  0.073
   0.43785      8.564554  0.014  0.023  0.040  0.073
   0.41481      8.580785  0.008  0.022  0.034  0.062
   0.39176      8.588956  0.008  0.018  0.033  0.060
   0.36872      8.595776  0.008  0.024  0.032  0.064
   0.34567      8.607843  0.008  0.024  0.034  0.068
   0.32263      8.623190  0.008  0.026  0.036  0.072
   0.29958      8.636472  0.004  0.028  0.036  0.072
   0.27654      8.646522  0.004  0.028  0.038  0.074
   0.25349      8.657712  0.004  0.034  0.038  0.074
   0.23045      8.657682  0.000  0.034  0.026  0.062
   0.20740      8.673205  0.000  0.023  0.033  0.058
   0.18436      8.704806  0.000  0.016  0.042  0.058
   0.16131      8.729722  0.000  0.024  0.012  0.040
   0.13827      8.747103  0.000  0.024  0.014  0.038
   0.11522      8.778600  0.000  0.018  0.022  0.040
   0.09218      8.798373  0.000  0.008  0.032  0.040
   0.06913      8.806208  0.000  0.008  0.034  0.042
   0.04609      8.815812  0.000  0.016  0.008  0.026
   0.02304      8.827578  0.002  0.012  0.034  0.050
   0.00000      8.821897  0.002  0.014  0.042  0.060
 
# Band-Index:  181
   0.00000      8.855877  0.002  0.014  0.014  0.030
   0.02304      8.848054  0.002  0.012  0.010  0.024
   0.04609      8.830986  0.002  0.016  0.022  0.040
   0.06913      8.822445  0.000  0.032  0.012  0.048
   0.09218      8.824997  0.004  0.053  0.008  0.063
   0.11522      8.799856  0.000  0.006  0.042  0.050
   0.13827      8.775254  0.000  0.012  0.044  0.058
   0.16131      8.746231  0.000  0.020  0.043  0.060
   0.18436      8.735500  0.000  0.020  0.018  0.038
   0.20740      8.736654  0.004  0.038  0.024  0.068
   0.23045      8.687616  0.004  0.048  0.026  0.080
   0.25349      8.661571  0.000  0.028  0.026  0.054
   0.27654      8.665151  0.000  0.020  0.022  0.044
   0.29958      8.661964  0.000  0.014  0.022  0.036
   0.32263      8.656828  0.000  0.012  0.022  0.034
   0.34567      8.655991  0.000  0.010  0.022  0.028
   0.36872      8.660831  0.000  0.010  0.024  0.028
   0.39176      8.650858  0.004  0.024  0.024  0.050
   0.41481      8.625264  0.004  0.022  0.018  0.050
   0.43785      8.615101  0.004  0.022  0.018  0.044
   0.43785      8.615101  0.004  0.022  0.018  0.044
   0.45116      8.612099  0.004  0.022  0.018  0.044
   0.46446      8.604008  0.002  0.020  0.016  0.042
   0.47777      8.592652  0.002  0.020  0.018  0.042
   0.49107      8.578917  0.002  0.018  0.024  0.048
   0.50438      8.562439  0.008  0.016  0.026  0.052
   0.51768      8.561506  0.008  0.022  0.040  0.068
   0.53099      8.552209  0.004  0.017  0.046  0.066
   0.54429      8.543422  0.004  0.016  0.050  0.072
   0.55760      8.535624  0.002  0.012  0.054  0.074
   0.57090      8.529043  0.002  0.012  0.058  0.074
   0.58421      8.523932  0.002  0.014  0.060  0.076
   0.59751      8.520497  0.002  0.012  0.064  0.078
   0.61082      8.518851  0.002  0.012  0.064  0.079
   0.62412      8.527390  0.000  0.012  0.036  0.050
   0.63743      8.535732  0.000  0.012  0.040  0.052
   0.65073      8.541270  0.000  0.012  0.042  0.052
   0.66404      8.542808  0.000  0.010  0.048  0.058
   0.67734      8.540363  0.000  0.009  0.053  0.064
   0.69065      8.536404  0.001  0.008  0.057  0.071
   0.69065      8.536404  0.001  0.008  0.057  0.071
   0.71726      8.543102  0.000  0.010  0.052  0.064
   0.74387      8.546355  0.000  0.010  0.044  0.052
   0.77048      8.546727  0.000  0.008  0.037  0.044
   0.79709      8.551004  0.000  0.004  0.028  0.034
   0.82370      8.581343  0.002  0.024  0.024  0.049
   0.85031      8.628899  0.002  0.022  0.022  0.048
   0.87692      8.683145  0.004  0.024  0.026  0.055
   0.90353      8.693088  0.000  0.008  0.018  0.026
   0.93014      8.716467  0.006  0.042  0.026  0.073
   0.95675      8.717601  0.000  0.038  0.026  0.066
   0.98336      8.747599  0.000  0.020  0.040  0.065
   1.00997      8.773736  0.000  0.014  0.032  0.048
   1.03658      8.799412  0.000  0.006  0.034  0.042
   1.06319      8.810127  0.000  0.006  0.036  0.044
   1.08980      8.819349  0.000  0.014  0.038  0.050
   1.11641      8.826669  0.000  0.048  0.004  0.056
   1.14302      8.826594  0.000  0.026  0.014  0.040
   1.16963      8.844769  0.002  0.010  0.012  0.026
   1.19624      8.855878  0.002  0.014  0.014  0.030
 
# Band-Index:  182
   1.19624      8.883294  0.000  0.020  0.036  0.056
   1.16963      8.877550  0.000  0.020  0.030  0.054
   1.14302      8.866085  0.000  0.022  0.026  0.046
   1.11641      8.847741  0.000  0.016  0.030  0.046
   1.08980      8.843390  0.006  0.059  0.008  0.071
   1.06319      8.858500  0.000  0.022  0.019  0.040
   1.03658      8.839683  0.000  0.020  0.030  0.050
   1.00997      8.805276  0.000  0.034  0.034  0.068
   0.98336      8.750601  0.000  0.036  0.030  0.064
   0.95675      8.731178  0.000  0.028  0.048  0.076
   0.93014      8.726455  0.000  0.028  0.030  0.056
   0.90353      8.714217  0.006  0.040  0.029  0.070
   0.87692      8.686198  0.000  0.006  0.029  0.036
   0.85031      8.685336  0.002  0.026  0.054  0.080
   0.82370      8.647634  0.000  0.018  0.052  0.078
   0.79709      8.616576  0.000  0.016  0.052  0.070
   0.77048      8.592617  0.000  0.014  0.054  0.066
   0.74387      8.576597  0.000  0.010  0.048  0.061
   0.71726      8.568405  0.000  0.012  0.044  0.058
   0.69065      8.566054  0.000  0.011  0.042  0.056
   0.69065      8.566054  0.000  0.009  0.042  0.056
   0.67734      8.566931  0.000  0.010  0.046  0.054
   0.66404      8.571025  0.000  0.012  0.046  0.058
   0.65073      8.580421  0.000  0.012  0.046  0.060
   0.63743      8.594836  0.000  0.012  0.046  0.060
   0.62412      8.612753  0.000  0.016  0.042  0.060
   0.61082      8.632509  0.000  0.018  0.036  0.056
   0.59751      8.652421  0.000  0.018  0.031  0.054
   0.58421      8.671009  0.000  0.018  0.032  0.052
   0.57090      8.687236  0.000  0.020  0.030  0.050
   0.55760      8.686612  0.002  0.018  0.032  0.056
   0.54429      8.653103  0.002  0.014  0.028  0.048
   0.53099      8.616497  0.002  0.010  0.024  0.040
   0.51768      8.585188  0.000  0.010  0.016  0.026
   0.50438      8.579920  0.002  0.006  0.016  0.024
   0.49107      8.602998  0.002  0.006  0.024  0.032
   0.47777      8.631852  0.002  0.006  0.026  0.036
   0.46446      8.657615  0.002  0.006  0.024  0.032
   0.45116      8.677562  0.000  0.006  0.020  0.026
   0.43785      8.686592  0.000  0.000  0.016  0.020
   0.43785      8.686592  0.000  0.000  0.016  0.020
   0.41481      8.681020  0.000  0.002  0.016  0.022
   0.39176      8.670216  0.000  0.010  0.022  0.026
   0.36872      8.679340  0.004  0.022  0.020  0.049
   0.34567      8.707772  0.004  0.018  0.020  0.044
   0.32263      8.724073  0.000  0.023  0.024  0.048
   0.29958      8.714998  0.000  0.022  0.022  0.044
   0.27654      8.713600  0.000  0.020  0.016  0.036
   0.25349      8.724053  0.000  0.016  0.014  0.030
   0.23045      8.736797  0.000  0.020  0.014  0.030
   0.20740      8.741471  0.000  0.020  0.016  0.036
   0.18436      8.773572  0.004  0.034  0.024  0.056
   0.16131      8.801943  0.000  0.024  0.022  0.044
   0.13827      8.818825  0.000  0.012  0.034  0.046
   0.11522      8.820839  0.000  0.018  0.026  0.042
   0.09218      8.830387  0.000  0.011  0.036  0.047
   0.06913      8.855010  0.000  0.016  0.030  0.046
   0.04609      8.869080  0.000  0.022  0.026  0.048
   0.02304      8.878936  0.000  0.022  0.032  0.054
   0.00000      8.883294  0.000  0.020  0.036  0.056
 
# Band-Index:  183
   0.00000      8.883306  0.000  0.020  0.032  0.056
   0.02304      8.887577  0.000  0.020  0.030  0.052
   0.04609      8.890622  0.000  0.024  0.024  0.048
   0.06913      8.874705  0.000  0.028  0.016  0.044
   0.09218      8.843497  0.000  0.026  0.012  0.042
   0.11522      8.838557  0.004  0.044  0.010  0.060
   0.13827      8.827817  0.004  0.026  0.014  0.044
   0.16131      8.830190  0.000  0.012  0.040  0.053
   0.18436      8.851319  0.000  0.016  0.040  0.054
   0.20740      8.877559  0.000  0.018  0.040  0.061
   0.23045      8.856427  0.002  0.018  0.026  0.048
   0.25349      8.829657  0.002  0.020  0.020  0.044
   0.27654      8.801103  0.002  0.022  0.019  0.044
   0.29958      8.769760  0.002  0.022  0.014  0.040
   0.32263      8.737772  0.002  0.020  0.018  0.040
   0.34567      8.732917  0.000  0.024  0.024  0.047
   0.36872      8.736989  0.000  0.022  0.023  0.043
   0.39176      8.731851  0.002  0.008  0.018  0.032
   0.41481      8.722266  0.002  0.012  0.022  0.034
   0.43785      8.719134  0.002  0.012  0.022  0.036
   0.43785      8.719134  0.002  0.012  0.022  0.036
   0.45116      8.725306  0.000  0.028  0.021  0.050
   0.46446      8.726033  0.000  0.027  0.022  0.051
   0.47777      8.726921  0.000  0.025  0.022  0.047
   0.49107      8.727307  0.000  0.024  0.022  0.046
   0.50438      8.726425  0.000  0.022  0.022  0.044
   0.51768      8.723671  0.000  0.021  0.022  0.042
   0.53099      8.718631  0.000  0.020  0.022  0.043
   0.54429      8.711016  0.000  0.020  0.024  0.044
   0.55760      8.700601  0.000  0.022  0.025  0.046
   0.57090      8.709406  0.006  0.027  0.036  0.067
   0.58421      8.718750  0.006  0.036  0.034  0.072
   0.59751      8.719968  0.006  0.036  0.036  0.076
   0.61082      8.717567  0.006  0.034  0.036  0.076
   0.62412      8.713542  0.006  0.034  0.036  0.076
   0.63743      8.708876  0.006  0.034  0.036  0.076
   0.65073      8.704237  0.006  0.034  0.034  0.074
   0.66404      8.700224  0.006  0.034  0.034  0.072
   0.67734      8.697421  0.006  0.034  0.036  0.072
   0.69065      8.696376  0.006  0.032  0.036  0.074
   0.69065      8.696376  0.006  0.032  0.036  0.074
   0.71726      8.701200  0.006  0.036  0.036  0.074
   0.74387      8.715960  0.004  0.036  0.036  0.072
   0.77048      8.738933  0.004  0.036  0.034  0.074
   0.79709      8.765221  0.004  0.030  0.034  0.068
   0.82370      8.748550  0.000  0.006  0.032  0.040
   0.85031      8.710522  0.000  0.006  0.028  0.036
   0.87692      8.733427  0.002  0.030  0.048  0.084
   0.90353      8.767449  0.000  0.018  0.038  0.061
   0.93014      8.760148  0.000  0.014  0.038  0.054
   0.95675      8.795931  0.000  0.020  0.034  0.052
   0.98336      8.827987  0.000  0.024  0.032  0.054
   1.00997      8.838291  0.000  0.020  0.036  0.056
   1.03658      8.854073  0.000  0.034  0.028  0.062
   1.06319      8.866913  0.004  0.054  0.013  0.071
   1.08980      8.891723  0.000  0.024  0.016  0.040
   1.11641      8.902354  0.002  0.016  0.030  0.050
   1.14302      8.897103  0.002  0.020  0.030  0.052
   1.16963      8.888841  0.002  0.020  0.034  0.052
   1.19624      8.883309  0.000  0.020  0.034  0.056
 
# Band-Index:  184
   1.19624      8.989154  0.000  0.012  0.026  0.038
   1.16963      8.967825  0.000  0.020  0.026  0.044
   1.14302      8.947231  0.000  0.028  0.020  0.054
   1.11641      8.924888  0.000  0.028  0.018  0.047
   1.08980      8.901568  0.002  0.022  0.030  0.053
   1.06319      8.888022  0.000  0.022  0.032  0.058
   1.03658      8.886198  0.000  0.032  0.026  0.058
   1.00997      8.892304  0.000  0.026  0.026  0.054
   0.98336      8.889407  0.000  0.026  0.028  0.056
   0.95675      8.870071  0.000  0.024  0.038  0.064
   0.93014      8.834495  0.000  0.020  0.042  0.066
   0.90353      8.794894  0.002  0.028  0.046  0.076
   0.87692      8.790152  0.000  0.024  0.037  0.065
   0.85031      8.809135  0.004  0.028  0.040  0.067
   0.82370      8.801134  0.004  0.028  0.024  0.060
   0.79709      8.805311  0.000  0.008  0.026  0.034
   0.77048      8.854992  0.000  0.008  0.052  0.060
   0.74387      8.890320  0.000  0.010  0.066  0.080
   0.71726      8.920841  0.000  0.006  0.075  0.082
   0.69065      8.944445  0.001  0.004  0.078  0.083
   0.69065      8.944448  0.001  0.004  0.078  0.083
   0.67734      8.936380  0.000  0.008  0.077  0.083
   0.66404      8.928067  0.000  0.008  0.078  0.085
   0.65073      8.919984  0.000  0.008  0.077  0.086
   0.63743      8.912450  0.000  0.008  0.076  0.085
   0.62412      8.901143  0.000  0.014  0.045  0.061
   0.61082      8.874167  0.000  0.016  0.040  0.058
   0.59751      8.843966  0.000  0.020  0.036  0.056
   0.58421      8.813287  0.000  0.018  0.034  0.052
   0.57090      8.787325  0.000  0.024  0.030  0.054
   0.55760      8.772164  0.000  0.028  0.026  0.058
   0.54429      8.766252  0.000  0.034  0.028  0.062
   0.53099      8.764287  0.000  0.034  0.028  0.062
   0.51768      8.763369  0.000  0.031  0.026  0.060
   0.50438      8.761858  0.000  0.026  0.022  0.049
   0.49107      8.757878  0.000  0.021  0.018  0.037
   0.47777      8.749531  0.000  0.012  0.014  0.028
   0.46446      8.737631  0.000  0.010  0.016  0.026
   0.45116      8.725571  0.000  0.012  0.019  0.032
   0.43785      8.725084  0.000  0.030  0.023  0.048
   0.43785      8.725083  0.000  0.030  0.023  0.048
   0.41481      8.728758  0.000  0.024  0.023  0.046
   0.39176      8.734752  0.000  0.022  0.024  0.042
   0.36872      8.748875  0.002  0.012  0.018  0.032
   0.34567      8.775379  0.002  0.016  0.018  0.036
   0.32263      8.810022  0.002  0.016  0.022  0.042
   0.29958      8.844153  0.000  0.011  0.030  0.046
   0.27654      8.871799  0.000  0.010  0.038  0.048
   0.25349      8.896558  0.000  0.014  0.040  0.060
   0.23045      8.903123  0.000  0.018  0.046  0.068
   0.20740      8.883351  0.002  0.020  0.028  0.050
   0.18436      8.908229  0.002  0.026  0.028  0.056
   0.16131      8.916167  0.004  0.046  0.026  0.072
   0.13827      8.902091  0.004  0.052  0.022  0.076
   0.11522      8.894311  0.000  0.040  0.014  0.058
   0.09218      8.912339  0.000  0.028  0.016  0.046
   0.06913      8.936007  0.000  0.032  0.016  0.050
   0.04609      8.953196  0.000  0.026  0.024  0.052
   0.02304      8.972137  0.000  0.020  0.024  0.044
   0.00000      8.989157  0.000  0.012  0.026  0.038
 
# Band-Index:  185
   0.00000      8.989180  0.000  0.010  0.026  0.036
   0.02304      8.980690  0.000  0.010  0.024  0.036
   0.04609      8.963852  0.000  0.008  0.022  0.034
   0.06913      8.957129  0.000  0.004  0.028  0.034
   0.09218      8.962322  0.000  0.004  0.034  0.038
   0.11522      8.970733  0.000  0.004  0.037  0.045
   0.13827      8.978441  0.000  0.010  0.038  0.050
   0.16131      8.970844  0.002  0.030  0.032  0.064
   0.18436      8.955174  0.000  0.040  0.030  0.076
   0.20740      8.941306  0.000  0.038  0.038  0.075
   0.23045      8.920451  0.000  0.026  0.040  0.068
   0.25349      8.910872  0.000  0.010  0.060  0.074
   0.27654      8.894416  0.000  0.013  0.056  0.073
   0.29958      8.872690  0.000  0.018  0.054  0.072
   0.32263      8.849509  0.000  0.020  0.052  0.072
   0.34567      8.826421  0.000  0.024  0.050  0.074
   0.36872      8.805164  0.000  0.028  0.050  0.076
   0.39176      8.787301  0.000  0.028  0.052  0.082
   0.41481      8.774347  0.000  0.028  0.056  0.086
   0.43785      8.769317  0.000  0.028  0.058  0.088
   0.43785      8.769317  0.000  0.028  0.058  0.088
   0.45116      8.771490  0.000  0.032  0.057  0.086
   0.46446      8.776970  0.000  0.033  0.056  0.086
   0.47777      8.784697  0.000  0.032  0.050  0.086
   0.49107      8.795713  0.004  0.024  0.048  0.078
   0.50438      8.810536  0.004  0.022  0.044  0.065
   0.51768      8.827701  0.004  0.018  0.037  0.059
   0.53099      8.845936  0.004  0.017  0.038  0.056
   0.54429      8.864627  0.004  0.012  0.037  0.052
   0.55760      8.880875  0.000  0.022  0.062  0.088
   0.57090      8.884342  0.000  0.022  0.067  0.088
   0.58421      8.888837  0.000  0.018  0.068  0.088
   0.59751      8.893967  0.000  0.018  0.072  0.086
   0.61082      8.899541  0.000  0.012  0.072  0.088
   0.62412      8.905642  0.000  0.010  0.076  0.087
   0.63743      8.923218  0.000  0.012  0.052  0.066
   0.65073      8.939232  0.000  0.008  0.058  0.071
   0.66404      8.948267  0.000  0.006  0.068  0.075
   0.67734      8.949828  0.000  0.006  0.075  0.080
   0.69065      8.944771  0.001  0.004  0.078  0.083
   0.69065      8.944822  0.001  0.004  0.077  0.083
   0.71726      8.959893  0.000  0.002  0.072  0.076
   0.74387      8.935556  0.000  0.008  0.026  0.034
   0.77048      8.880794  0.000  0.016  0.034  0.050
   0.79709      8.855104  0.000  0.020  0.044  0.064
   0.82370      8.841053  0.000  0.022  0.034  0.058
   0.85031      8.839485  0.000  0.018  0.029  0.050
   0.87692      8.817721  0.000  0.018  0.028  0.050
   0.90353      8.830084  0.004  0.016  0.030  0.051
   0.93014      8.900407  0.004  0.020  0.026  0.054
   0.95675      8.920165  0.002  0.012  0.037  0.048
   0.98336      8.935235  0.002  0.018  0.039  0.059
   1.00997      8.949676  0.002  0.024  0.034  0.063
   1.03658      8.945994  0.004  0.020  0.036  0.062
   1.06319      8.945796  0.004  0.010  0.038  0.048
   1.08980      8.955769  0.000  0.006  0.034  0.042
   1.11641      8.963462  0.000  0.006  0.034  0.038
   1.14302      8.968259  0.000  0.006  0.031  0.038
   1.16963      8.979382  0.000  0.012  0.022  0.038
   1.19624      8.989180  0.000  0.010  0.026  0.036
 
# Band-Index:  186
   1.19624      9.057120  0.000  0.042  0.000  0.042
   1.16963      9.056008  0.000  0.033  0.018  0.053
   1.14302      9.036408  0.002  0.014  0.016  0.028
   1.11641      9.022999  0.001  0.010  0.016  0.030
   1.08980      9.026905  0.000  0.018  0.016  0.036
   1.06319      9.027758  0.000  0.020  0.012  0.036
   1.03658      9.011207  0.000  0.022  0.018  0.038
   1.00997      8.978910  0.000  0.020  0.028  0.050
   0.98336      8.944620  0.000  0.016  0.039  0.061
   0.95675      8.925411  0.000  0.015  0.048  0.061
   0.93014      8.909064  0.000  0.009  0.045  0.054
   0.90353      8.886699  0.000  0.010  0.032  0.038
   0.87692      8.864038  0.000  0.014  0.022  0.036
   0.85031      8.842700  0.000  0.018  0.016  0.034
   0.82370      8.871099  0.000  0.024  0.028  0.052
   0.79709      8.906496  0.000  0.022  0.028  0.052
   0.77048      8.942484  0.000  0.016  0.030  0.050
   0.74387      8.969306  0.000  0.004  0.056  0.060
   0.71726      8.997258  0.000  0.008  0.028  0.036
   0.69065      9.025803  0.000  0.012  0.030  0.042
   0.69065      9.025796  0.000  0.012  0.030  0.042
   0.67734      9.017796  0.000  0.014  0.032  0.046
   0.66404      9.003697  0.000  0.012  0.034  0.045
   0.65073      8.988809  0.000  0.012  0.032  0.044
   0.63743      8.973260  0.000  0.016  0.030  0.045
   0.62412      8.957657  0.000  0.016  0.032  0.048
   0.61082      8.943085  0.000  0.018  0.030  0.048
   0.59751      8.930159  0.000  0.018  0.030  0.054
   0.58421      8.918210  0.000  0.020  0.034  0.058
   0.57090      8.901938  0.004  0.016  0.036  0.056
   0.55760      8.883438  0.004  0.014  0.036  0.052
   0.54429      8.878693  0.000  0.022  0.062  0.084
   0.53099      8.875749  0.000  0.016  0.062  0.078
   0.51768      8.859279  0.002  0.008  0.038  0.048
   0.50438      8.837312  0.002  0.006  0.032  0.042
   0.49107      8.816254  0.002  0.006  0.028  0.036
   0.47777      8.797841  0.002  0.006  0.026  0.034
   0.46446      8.783387  0.000  0.002  0.026  0.028
   0.45116      8.774042  0.000  0.002  0.024  0.027
   0.43785      8.770782  0.000  0.002  0.024  0.026
   0.43785      8.770782  0.000  0.002  0.024  0.026
   0.41481      8.774701  0.000  0.002  0.024  0.028
   0.39176      8.789354  0.000  0.008  0.028  0.036
   0.36872      8.816803  0.000  0.008  0.024  0.038
   0.34567      8.850888  0.000  0.008  0.024  0.032
   0.32263      8.881841  0.002  0.010  0.024  0.038
   0.29958      8.912487  0.004  0.026  0.026  0.054
   0.27654      8.949938  0.002  0.040  0.020  0.064
   0.25349      8.946687  0.000  0.026  0.030  0.057
   0.23045      8.946933  0.000  0.018  0.045  0.066
   0.20740      8.962560  0.000  0.018  0.050  0.068
   0.18436      8.976577  0.000  0.018  0.048  0.066
   0.16131      8.981810  0.000  0.016  0.042  0.054
   0.13827      8.997585  0.002  0.024  0.034  0.058
   0.11522      9.024781  0.002  0.026  0.038  0.066
   0.09218      9.031642  0.000  0.024  0.028  0.051
   0.06913      9.031316  0.002  0.008  0.026  0.036
   0.04609      9.045608  0.002  0.014  0.020  0.032
   0.02304      9.054955  0.000  0.033  0.014  0.050
   0.00000      9.057121  0.000  0.040  0.000  0.042
 
# Band-Index:  187
   0.00000      9.057283  0.000  0.038  0.000  0.042
   0.02304      9.059405  0.000  0.034  0.008  0.044
   0.04609      9.055753  0.000  0.026  0.032  0.058
   0.06913      9.057348  0.002  0.020  0.038  0.062
   0.09218      9.048620  0.002  0.017  0.039  0.057
   0.11522      9.044376  0.002  0.026  0.026  0.054
   0.13827      9.053812  0.002  0.034  0.024  0.062
   0.16131      9.036948  0.000  0.014  0.030  0.044
   0.18436      9.007657  0.000  0.008  0.024  0.032
   0.20740      8.986954  0.000  0.008  0.020  0.032
   0.23045      8.976780  0.000  0.010  0.018  0.030
   0.25349      8.973966  0.000  0.016  0.016  0.034
   0.27654      8.960750  0.000  0.007  0.026  0.034
   0.29958      8.955808  0.000  0.004  0.024  0.032
   0.32263      8.938283  0.000  0.022  0.022  0.052
   0.34567      8.919813  0.004  0.018  0.042  0.064
   0.36872      8.898832  0.002  0.006  0.036  0.046
   0.39176      8.880248  0.002  0.006  0.030  0.039
   0.41481      8.866057  0.002  0.004  0.030  0.038
   0.43785      8.860408  0.002  0.004  0.030  0.038
   0.43785      8.860408  0.002  0.004  0.030  0.038
   0.45116      8.860807  0.002  0.004  0.030  0.038
   0.46446      8.863289  0.002  0.006  0.032  0.040
   0.47777      8.870344  0.000  0.006  0.030  0.038
   0.49107      8.883272  0.000  0.010  0.030  0.038
   0.50438      8.889381  0.000  0.026  0.044  0.072
   0.51768      8.885154  0.000  0.026  0.042  0.070
   0.53099      8.888995  0.002  0.023  0.026  0.050
   0.54429      8.907494  0.001  0.015  0.028  0.046
   0.55760      8.908775  0.000  0.012  0.032  0.044
   0.57090      8.913615  0.000  0.010  0.030  0.044
   0.58421      8.923540  0.000  0.006  0.032  0.039
   0.59751      8.939989  0.000  0.006  0.038  0.046
   0.61082      8.957055  0.000  0.006  0.038  0.044
   0.62412      8.973354  0.000  0.010  0.034  0.046
   0.63743      8.988655  0.000  0.012  0.034  0.046
   0.65073      9.002688  0.000  0.012  0.030  0.046
   0.66404      9.014755  0.000  0.016  0.028  0.044
   0.67734      9.023668  0.000  0.014  0.028  0.044
   0.69065      9.032520  0.000  0.013  0.029  0.043
   0.69065      9.032515  0.000  0.012  0.029  0.044
   0.71726      9.007560  0.000  0.016  0.032  0.044
   0.74387      8.983259  0.000  0.018  0.038  0.057
   0.77048      8.986267  0.000  0.010  0.040  0.050
   0.79709      8.978363  0.000  0.018  0.036  0.053
   0.82370      8.960239  0.000  0.016  0.036  0.056
   0.85031      8.950239  0.000  0.015  0.025  0.039
   0.87692      8.938964  0.000  0.016  0.030  0.046
   0.90353      8.932623  0.000  0.018  0.034  0.050
   0.93014      8.937395  0.000  0.020  0.045  0.065
   0.95675      8.996906  0.002  0.028  0.046  0.072
   0.98336      9.030550  0.000  0.016  0.042  0.056
   1.00997      9.027626  0.000  0.006  0.038  0.042
   1.03658      9.029503  0.000  0.006  0.034  0.040
   1.06319      9.037116  0.000  0.006  0.034  0.040
   1.08980      9.047138  0.000  0.008  0.038  0.044
   1.11641      9.057772  0.000  0.031  0.026  0.058
   1.14302      9.058656  0.000  0.034  0.014  0.052
   1.16963      9.058069  0.000  0.038  0.006  0.044
   1.19624      9.057257  0.000  0.038  0.000  0.042
 
# Band-Index:  188
   1.19624      9.081970  0.000  0.036  0.012  0.048
   1.16963      9.065386  0.000  0.022  0.016  0.040
   1.14302      9.060043  0.000  0.023  0.032  0.058
   1.11641      9.057966  0.000  0.023  0.031  0.054
   1.08980      9.058732  0.000  0.038  0.028  0.069
   1.06319      9.060557  0.002  0.034  0.028  0.070
   1.03658      9.058001  0.002  0.030  0.030  0.064
   1.00997      9.046743  0.002  0.026  0.028  0.058
   0.98336      9.036768  0.002  0.032  0.019  0.056
   0.95675      9.012951  0.000  0.032  0.014  0.048
   0.93014      8.981584  0.002  0.026  0.016  0.044
   0.90353      8.963544  0.000  0.024  0.024  0.052
   0.87692      8.954877  0.000  0.022  0.034  0.058
   0.85031      8.952869  0.000  0.017  0.038  0.057
   0.82370      8.966713  0.000  0.012  0.022  0.034
   0.79709      8.982855  0.000  0.012  0.025  0.036
   0.77048      9.002725  0.000  0.020  0.032  0.052
   0.74387      9.026207  0.000  0.022  0.026  0.048
   0.71726      9.043144  0.000  0.020  0.020  0.040
   0.69065      9.032603  0.000  0.012  0.032  0.044
   0.69065      9.032614  0.000  0.013  0.031  0.044
   0.67734      9.044411  0.000  0.018  0.026  0.044
   0.66404      9.037359  0.000  0.014  0.022  0.036
   0.65073      9.016547  0.000  0.014  0.024  0.039
   0.63743      8.998200  0.000  0.012  0.023  0.038
   0.62412      8.983106  0.002  0.012  0.026  0.038
   0.61082      8.971413  0.002  0.012  0.024  0.038
   0.59751      8.962360  0.002  0.012  0.026  0.040
   0.58421      8.953735  0.002  0.016  0.026  0.042
   0.57090      8.942417  0.002  0.016  0.030  0.048
   0.55760      8.926768  0.002  0.016  0.028  0.046
   0.54429      8.907793  0.002  0.016  0.027  0.045
   0.53099      8.909705  0.000  0.014  0.028  0.042
   0.51768      8.911656  0.000  0.012  0.024  0.036
   0.50438      8.900514  0.000  0.010  0.024  0.034
   0.49107      8.896217  0.000  0.024  0.042  0.069
   0.47777      8.904540  0.000  0.022  0.040  0.062
   0.46446      8.913208  0.000  0.018  0.034  0.052
   0.45116      8.920508  0.000  0.014  0.028  0.044
   0.43785      8.923631  0.000  0.012  0.022  0.035
   0.43785      8.923632  0.000  0.012  0.022  0.035
   0.41481      8.923440  0.000  0.012  0.024  0.036
   0.39176      8.920353  0.000  0.014  0.044  0.058
   0.36872      8.919138  0.000  0.012  0.038  0.056
   0.34567      8.926153  0.002  0.012  0.020  0.036
   0.32263      8.941873  0.000  0.008  0.031  0.040
   0.29958      8.966951  0.002  0.022  0.022  0.048
   0.27654      8.977315  0.000  0.038  0.024  0.062
   0.25349      8.988542  0.000  0.048  0.020  0.068
   0.23045      9.022021  0.000  0.044  0.018  0.070
   0.20740      9.044495  0.002  0.046  0.026  0.070
   0.18436      9.053852  0.002  0.044  0.026  0.070
   0.16131      9.056547  0.002  0.040  0.022  0.070
   0.13827      9.059571  0.000  0.024  0.034  0.058
   0.11522      9.067261  0.000  0.026  0.032  0.058
   0.09218      9.069939  0.000  0.028  0.029  0.058
   0.06913      9.068522  0.000  0.030  0.022  0.052
   0.04609      9.064246  0.000  0.033  0.016  0.051
   0.02304      9.068597  0.000  0.025  0.014  0.044
   0.00000      9.081970  0.000  0.036  0.012  0.048
 
# Band-Index:  189
   0.00000      9.130519  0.000  0.022  0.019  0.034
   0.02304      9.140191  0.004  0.015  0.033  0.052
   0.04609      9.129701  0.004  0.021  0.028  0.054
   0.06913      9.117586  0.004  0.026  0.022  0.055
   0.09218      9.107822  0.002  0.028  0.023  0.055
   0.11522      9.102324  0.002  0.026  0.027  0.056
   0.13827      9.084641  0.000  0.010  0.024  0.034
   0.16131      9.069609  0.000  0.012  0.032  0.044
   0.18436      9.072753  0.000  0.012  0.036  0.046
   0.20740      9.082981  0.000  0.010  0.038  0.052
   0.23045      9.088991  0.000  0.030  0.038  0.070
   0.25349      9.051133  0.002  0.024  0.034  0.064
   0.27654      9.005919  0.002  0.024  0.030  0.052
   0.29958      8.993746  0.000  0.037  0.036  0.074
   0.32263      8.955145  0.002  0.014  0.038  0.059
   0.34567      8.927668  0.000  0.010  0.036  0.046
   0.36872      8.920931  0.000  0.014  0.026  0.040
   0.39176      8.922305  0.000  0.014  0.027  0.040
   0.41481      8.932204  0.000  0.018  0.042  0.063
   0.43785      8.948475  0.000  0.018  0.037  0.054
   0.43785      8.948475  0.000  0.018  0.037  0.054
   0.45116      8.951093  0.000  0.016  0.036  0.052
   0.46446      8.957484  0.000  0.015  0.034  0.047
   0.47777      8.961101  0.000  0.008  0.032  0.040
   0.49107      8.951134  0.000  0.010  0.038  0.052
   0.50438      8.939506  0.000  0.012  0.042  0.059
   0.51768      8.942100  0.000  0.008  0.042  0.056
   0.53099      8.965510  0.000  0.008  0.036  0.044
   0.54429      8.994406  0.000  0.008  0.030  0.038
   0.55760      9.021409  0.000  0.004  0.031  0.037
   0.57090      9.042860  0.002  0.015  0.035  0.052
   0.58421      9.045192  0.002  0.019  0.038  0.064
   0.59751      9.053040  0.004  0.024  0.040  0.070
   0.61082      9.064544  0.004  0.030  0.044  0.080
   0.62412      9.077070  0.008  0.034  0.044  0.081
   0.63743      9.085174  0.002  0.016  0.040  0.056
   0.65073      9.072774  0.000  0.010  0.040  0.049
   0.66404      9.059749  0.000  0.010  0.040  0.050
   0.67734      9.063143  0.000  0.008  0.040  0.047
   0.69065      9.087065  0.000  0.009  0.034  0.041
   0.69065      9.087119  0.000  0.011  0.033  0.044
   0.71726      9.066995  0.000  0.010  0.050  0.060
   0.74387      9.085738  0.000  0.012  0.050  0.060
   0.77048      9.063331  0.000  0.014  0.050  0.063
   0.79709      9.050666  0.002  0.012  0.068  0.083
   0.82370      9.051413  0.004  0.012  0.075  0.088
   0.85031      9.053538  0.004  0.012  0.073  0.088
   0.87692      9.056718  0.004  0.008  0.070  0.086
   0.90353      9.066654  0.004  0.008  0.070  0.082
   0.93014      9.089022  0.004  0.012  0.067  0.083
   0.95675      9.112809  0.000  0.012  0.061  0.074
   0.98336      9.123583  0.000  0.012  0.073  0.085
   1.00997      9.130759  0.000  0.046  0.039  0.090
   1.03658      9.108690  0.000  0.046  0.033  0.082
   1.06319      9.098618  0.002  0.034  0.018  0.058
   1.08980      9.098494  0.002  0.030  0.016  0.042
   1.11641      9.110530  0.004  0.028  0.018  0.048
   1.14302      9.126012  0.004  0.020  0.024  0.054
   1.16963      9.138952  0.004  0.015  0.033  0.052
   1.19624      9.130528  0.000  0.022  0.018  0.034
 
# Band-Index:  190
   1.19624      9.145722  0.006  0.008  0.039  0.053
   1.16963      9.146606  0.000  0.017  0.015  0.034
   1.14302      9.169498  0.000  0.016  0.024  0.040
   1.11641      9.189777  0.000  0.010  0.028  0.038
   1.08980      9.167941  0.000  0.010  0.034  0.046
   1.06319      9.140654  0.000  0.008  0.030  0.040
   1.03658      9.134561  0.000  0.008  0.022  0.030
   1.00997      9.149239  0.000  0.006  0.017  0.026
   0.98336      9.143374  0.000  0.028  0.057  0.088
   0.95675      9.116824  0.000  0.020  0.055  0.078
   0.93014      9.107353  0.000  0.028  0.048  0.078
   0.90353      9.107557  0.000  0.030  0.045  0.073
   0.87692      9.094930  0.000  0.021  0.048  0.068
   0.85031      9.083189  0.000  0.022  0.049  0.070
   0.82370      9.083432  0.000  0.020  0.049  0.070
   0.79709      9.091442  0.000  0.016  0.050  0.067
   0.77048      9.095671  0.000  0.014  0.050  0.064
   0.74387      9.092284  0.000  0.016  0.032  0.051
   0.71726      9.106960  0.006  0.042  0.061  0.107
   0.69065      9.087264  0.000  0.011  0.033  0.044
   0.69065      9.087176  0.000  0.009  0.034  0.042
   0.67734      9.108826  0.006  0.040  0.060  0.110
   0.66404      9.105509  0.008  0.040  0.058  0.104
   0.65073      9.099110  0.008  0.042  0.052  0.100
   0.63743      9.091492  0.002  0.034  0.048  0.085
   0.62412      9.100365  0.000  0.007  0.036  0.044
   0.61082      9.087887  0.000  0.006  0.037  0.045
   0.59751      9.074726  0.000  0.006  0.036  0.043
   0.58421      9.060222  0.000  0.006  0.036  0.038
   0.57090      9.043113  0.000  0.005  0.033  0.040
   0.55760      9.044379  0.002  0.010  0.036  0.048
   0.54429      9.043596  0.002  0.008  0.034  0.044
   0.53099      9.035548  0.000  0.013  0.039  0.048
   0.51768      9.019260  0.000  0.014  0.038  0.054
   0.50438      9.004652  0.000  0.014  0.037  0.056
   0.49107      8.992304  0.000  0.020  0.040  0.060
   0.47777      8.982443  0.002  0.012  0.044  0.058
   0.46446      8.970814  0.002  0.016  0.052  0.066
   0.45116      8.962260  0.000  0.021  0.055  0.075
   0.43785      8.958844  0.000  0.023  0.059  0.082
   0.43785      8.958846  0.000  0.023  0.059  0.082
   0.41481      8.980123  0.000  0.023  0.049  0.071
   0.39176      9.004804  0.000  0.018  0.046  0.066
   0.36872      9.018321  0.000  0.019  0.044  0.063
   0.34567      9.017702  0.000  0.026  0.042  0.067
   0.32263      9.008831  0.000  0.034  0.040  0.072
   0.29958      8.999791  0.002  0.026  0.038  0.068
   0.27654      9.053901  0.002  0.026  0.036  0.070
   0.25349      9.090553  0.000  0.020  0.048  0.070
   0.23045      9.091573  0.000  0.016  0.042  0.058
   0.20740      9.106577  0.000  0.030  0.042  0.070
   0.18436      9.117640  0.000  0.028  0.044  0.072
   0.16131      9.114276  0.000  0.026  0.040  0.068
   0.13827      9.104538  0.002  0.026  0.035  0.062
   0.11522      9.116996  0.000  0.008  0.027  0.036
   0.09218      9.148962  0.000  0.008  0.027  0.036
   0.06913      9.174132  0.000  0.008  0.024  0.036
   0.04609      9.165171  0.000  0.018  0.022  0.035
   0.02304      9.143601  0.000  0.017  0.015  0.033
   0.00000      9.145710  0.006  0.009  0.039  0.053
 
# Band-Index:  191
   0.00000      9.185911  0.000  0.006  0.010  0.014
   0.02304      9.187071  0.000  0.004  0.010  0.016
   0.04609      9.186470  0.000  0.008  0.018  0.026
   0.06913      9.188785  0.000  0.010  0.028  0.038
   0.09218      9.221282  0.000  0.010  0.034  0.046
   0.11522      9.257140  0.000  0.010  0.038  0.050
   0.13827      9.264432  0.000  0.022  0.041  0.065
   0.16131      9.229185  0.004  0.020  0.044  0.068
   0.18436      9.196509  0.004  0.018  0.058  0.080
   0.20740      9.164389  0.000  0.014  0.072  0.086
   0.23045      9.128269  0.000  0.014  0.068  0.083
   0.25349      9.108311  0.000  0.024  0.056  0.080
   0.27654      9.081977  0.000  0.024  0.051  0.076
   0.29958      9.074523  0.000  0.024  0.046  0.070
   0.32263      9.069702  0.000  0.028  0.040  0.070
   0.34567      9.062497  0.000  0.034  0.040  0.072
   0.36872      9.050511  0.000  0.038  0.036  0.076
   0.39176      9.041713  0.000  0.038  0.036  0.073
   0.41481      9.039267  0.004  0.030  0.034  0.068
   0.43785      9.038805  0.004  0.027  0.034  0.067
   0.43785      9.038812  0.004  0.027  0.034  0.067
   0.45116      9.025565  0.000  0.026  0.036  0.067
   0.46446      9.003662  0.000  0.026  0.041  0.072
   0.47777      8.988546  0.000  0.031  0.045  0.075
   0.49107      8.995990  0.002  0.010  0.044  0.056
   0.50438      9.010434  0.002  0.010  0.040  0.052
   0.51768      9.024491  0.002  0.008  0.040  0.049
   0.53099      9.036412  0.002  0.008  0.038  0.047
   0.54429      9.054740  0.000  0.010  0.035  0.044
   0.55760      9.079320  0.000  0.008  0.031  0.044
   0.57090      9.102384  0.000  0.018  0.040  0.058
   0.58421      9.109244  0.000  0.018  0.038  0.056
   0.59751      9.113989  0.000  0.016  0.039  0.055
   0.61082      9.111744  0.000  0.014  0.040  0.056
   0.62412      9.101476  0.000  0.014  0.041  0.054
   0.63743      9.112487  0.000  0.010  0.034  0.046
   0.65073      9.124869  0.000  0.012  0.030  0.044
   0.66404      9.133926  0.000  0.018  0.028  0.046
   0.67734      9.112077  0.000  0.012  0.032  0.049
   0.69065      9.109501  0.006  0.042  0.060  0.110
   0.69065      9.109856  0.006  0.042  0.060  0.109
   0.71726      9.121497  0.000  0.018  0.026  0.044
   0.74387      9.108660  0.004  0.037  0.060  0.104
   0.77048      9.115163  0.008  0.038  0.057  0.101
   0.79709      9.132108  0.008  0.036  0.051  0.092
   0.82370      9.133371  0.000  0.014  0.051  0.064
   0.85031      9.124729  0.000  0.016  0.056  0.072
   0.87692      9.116291  0.000  0.024  0.056  0.081
   0.90353      9.119240  0.000  0.018  0.054  0.070
   0.93014      9.140303  0.000  0.010  0.030  0.042
   0.95675      9.146834  0.006  0.020  0.032  0.062
   0.98336      9.168803  0.002  0.026  0.026  0.058
   1.00997      9.154934  0.000  0.018  0.081  0.097
   1.03658      9.189471  0.000  0.018  0.074  0.097
   1.06319      9.215514  0.000  0.012  0.064  0.082
   1.08980      9.209242  0.000  0.012  0.032  0.044
   1.11641      9.198155  0.000  0.008  0.032  0.040
   1.14302      9.196328  0.000  0.008  0.014  0.022
   1.16963      9.187995  0.000  0.006  0.014  0.016
   1.19624      9.185903  0.000  0.006  0.012  0.014
 
# Band-Index:  192
   1.19624      9.185995  0.000  0.004  0.010  0.014
   1.16963      9.223634  0.000  0.013  0.018  0.030
   1.14302      9.224514  0.000  0.008  0.022  0.034
   1.11641      9.213716  0.000  0.008  0.020  0.032
   1.08980      9.229017  0.000  0.018  0.031  0.048
   1.06319      9.230335  0.000  0.020  0.020  0.040
   1.03658      9.231614  0.000  0.022  0.022  0.042
   1.00997      9.215984  0.000  0.024  0.021  0.046
   0.98336      9.175552  0.000  0.010  0.022  0.034
   0.95675      9.162474  0.000  0.020  0.032  0.050
   0.93014      9.143504  0.000  0.016  0.044  0.060
   0.90353      9.153284  0.000  0.006  0.029  0.040
   0.87692      9.168386  0.000  0.006  0.027  0.034
   0.85031      9.184244  0.000  0.010  0.028  0.038
   0.82370      9.163876  0.004  0.034  0.044  0.082
   0.79709      9.139793  0.000  0.011  0.046  0.058
   0.77048      9.146988  0.000  0.013  0.036  0.046
   0.74387      9.155137  0.000  0.018  0.026  0.044
   0.71726      9.157884  0.000  0.010  0.035  0.045
   0.69065      9.164890  0.001  0.017  0.024  0.042
   0.69065      9.164849  0.001  0.018  0.024  0.043
   0.67734      9.152293  0.002  0.018  0.028  0.048
   0.66404      9.139264  0.002  0.017  0.036  0.056
   0.65073      9.155049  0.000  0.022  0.040  0.064
   0.63743      9.159771  0.000  0.016  0.034  0.051
   0.62412      9.153011  0.000  0.012  0.038  0.050
   0.61082      9.149330  0.000  0.012  0.042  0.054
   0.59751      9.153864  0.000  0.010  0.048  0.058
   0.58421      9.144719  0.000  0.004  0.028  0.034
   0.57090      9.110481  0.000  0.007  0.030  0.036
   0.55760      9.096864  0.000  0.020  0.040  0.062
   0.54429      9.095704  0.000  0.024  0.040  0.064
   0.53099      9.098152  0.002  0.028  0.039  0.064
   0.51768      9.098845  0.002  0.030  0.036  0.068
   0.50438      9.094733  0.002  0.030  0.036  0.074
   0.49107      9.086533  0.008  0.030  0.038  0.078
   0.47777      9.076426  0.008  0.032  0.038  0.080
   0.46446      9.066796  0.008  0.032  0.040  0.076
   0.45116      9.059805  0.010  0.030  0.040  0.078
   0.43785      9.057246  0.010  0.030  0.042  0.078
   0.43785      9.057242  0.010  0.030  0.042  0.078
   0.41481      9.051058  0.008  0.026  0.040  0.076
   0.39176      9.048975  0.004  0.024  0.042  0.074
   0.36872      9.058921  0.004  0.024  0.040  0.072
   0.34567      9.077006  0.006  0.026  0.040  0.070
   0.32263      9.095107  0.006  0.024  0.044  0.074
   0.29958      9.106957  0.004  0.026  0.046  0.076
   0.27654      9.112700  0.004  0.022  0.046  0.076
   0.25349      9.122319  0.010  0.032  0.034  0.072
   0.23045      9.177624  0.008  0.038  0.026  0.072
   0.20740      9.216421  0.000  0.030  0.028  0.060
   0.18436      9.237916  0.000  0.020  0.047  0.065
   0.16131      9.279565  0.000  0.014  0.063  0.080
   0.13827      9.287066  0.000  0.016  0.046  0.062
   0.11522      9.278750  0.000  0.008  0.031  0.041
   0.09218      9.261252  0.000  0.004  0.020  0.024
   0.06913      9.246696  0.000  0.006  0.014  0.020
   0.04609      9.244114  0.000  0.006  0.014  0.018
   0.02304      9.217309  0.000  0.010  0.018  0.026
   0.00000      9.185933  0.000  0.006  0.010  0.014
 
# Band-Index:  193
   0.00000      9.257436  0.000  0.006  0.012  0.012
   0.02304      9.252191  0.000  0.006  0.014  0.018
   0.04609      9.270333  0.000  0.014  0.026  0.042
   0.06913      9.319198  0.000  0.015  0.036  0.052
   0.09218      9.347359  0.000  0.020  0.062  0.082
   0.11522      9.337524  0.000  0.020  0.082  0.104
   0.13827      9.318362  0.000  0.018  0.073  0.089
   0.16131      9.279724  0.000  0.017  0.063  0.080
   0.18436      9.259213  0.000  0.022  0.070  0.090
   0.20740      9.234403  0.004  0.020  0.072  0.094
   0.23045      9.214482  0.004  0.012  0.076  0.089
   0.25349      9.208518  0.000  0.010  0.072  0.081
   0.27654      9.216157  0.000  0.008  0.064  0.072
   0.29958      9.206219  0.000  0.018  0.036  0.057
   0.32263      9.187133  0.000  0.020  0.036  0.056
   0.34567      9.172647  0.000  0.018  0.034  0.054
   0.36872      9.155438  0.000  0.020  0.032  0.054
   0.39176      9.131033  0.002  0.020  0.036  0.058
   0.41481      9.104645  0.000  0.018  0.036  0.060
   0.43785      9.090037  0.000  0.014  0.038  0.052
   0.43785      9.090028  0.000  0.014  0.038  0.052
   0.45116      9.105075  0.000  0.016  0.036  0.053
   0.46446      9.133235  0.000  0.017  0.034  0.052
   0.47777      9.163758  0.000  0.018  0.036  0.052
   0.49107      9.194642  0.000  0.018  0.032  0.050
   0.50438      9.216882  0.000  0.016  0.071  0.089
   0.51768      9.209350  0.000  0.015  0.075  0.090
   0.53099      9.202181  0.000  0.012  0.073  0.086
   0.54429      9.195177  0.000  0.008  0.070  0.082
   0.55760      9.187101  0.000  0.006  0.064  0.076
   0.57090      9.177021  0.000  0.006  0.058  0.064
   0.58421      9.165110  0.000  0.007  0.053  0.060
   0.59751      9.175087  0.000  0.004  0.028  0.040
   0.61082      9.191964  0.000  0.010  0.036  0.052
   0.62412      9.187943  0.000  0.020  0.044  0.066
   0.63743      9.173010  0.000  0.022  0.042  0.067
   0.65073      9.165534  0.000  0.018  0.030  0.050
   0.66404      9.169375  0.000  0.018  0.024  0.048
   0.67734      9.169499  0.000  0.018  0.022  0.042
   0.69065      9.165374  0.001  0.018  0.021  0.043
   0.69065      9.165463  0.001  0.017  0.024  0.042
   0.71726      9.159975  0.004  0.023  0.023  0.051
   0.74387      9.196179  0.000  0.008  0.034  0.046
   0.77048      9.204982  0.000  0.030  0.045  0.078
   0.79709      9.209803  0.000  0.032  0.042  0.076
   0.82370      9.205253  0.000  0.010  0.031  0.041
   0.85031      9.215606  0.004  0.029  0.040  0.076
   0.87692      9.259945  0.000  0.040  0.040  0.084
   0.90353      9.252503  0.002  0.034  0.038  0.076
   0.93014      9.231735  0.002  0.032  0.038  0.070
   0.95675      9.203904  0.002  0.026  0.032  0.060
   0.98336      9.188806  0.002  0.028  0.024  0.058
   1.00997      9.224845  0.002  0.020  0.046  0.068
   1.03658      9.292735  0.002  0.027  0.056  0.082
   1.06319      9.341759  0.000  0.015  0.036  0.054
   1.08980      9.342988  0.000  0.011  0.070  0.081
   1.11641      9.335473  0.000  0.012  0.039  0.052
   1.14302      9.290744  0.000  0.012  0.029  0.038
   1.16963      9.251472  0.000  0.006  0.014  0.020
   1.19624      9.257096  0.000  0.006  0.012  0.012
 
# Band-Index:  194
   1.19624      9.366755  0.000  0.006  0.073  0.081
   1.16963      9.371339  0.000  0.015  0.068  0.088
   1.14302      9.367171  0.000  0.017  0.073  0.090
   1.11641      9.355081  0.000  0.015  0.080  0.094
   1.08980      9.370039  0.000  0.013  0.045  0.058
   1.06319      9.359700  0.002  0.027  0.060  0.090
   1.03658      9.336813  0.000  0.016  0.018  0.032
   1.00997      9.345517  0.002  0.020  0.018  0.040
   0.98336      9.303217  0.004  0.024  0.047  0.077
   0.95675      9.274486  0.004  0.017  0.047  0.068
   0.93014      9.281279  0.002  0.015  0.048  0.064
   0.90353      9.302495  0.001  0.016  0.048  0.064
   0.87692      9.273832  0.004  0.033  0.034  0.070
   0.85031      9.247599  0.003  0.041  0.041  0.086
   0.82370      9.226312  0.000  0.040  0.042  0.082
   0.79709      9.218757  0.000  0.008  0.029  0.038
   0.77048      9.220237  0.000  0.009  0.032  0.040
   0.74387      9.213113  0.000  0.028  0.048  0.080
   0.71726      9.199152  0.006  0.026  0.028  0.054
   0.69065      9.172803  0.006  0.030  0.028  0.064
   0.69065      9.172447  0.006  0.030  0.028  0.064
   0.67734      9.181795  0.006  0.024  0.026  0.055
   0.66404      9.199967  0.006  0.018  0.028  0.049
   0.65073      9.222821  0.001  0.010  0.022  0.038
   0.63743      9.232767  0.000  0.026  0.046  0.076
   0.62412      9.231383  0.000  0.026  0.051  0.081
   0.61082      9.230392  0.001  0.028  0.050  0.084
   0.59751      9.230479  0.003  0.033  0.052  0.086
   0.58421      9.231719  0.002  0.032  0.051  0.086
   0.57090      9.231388  0.004  0.036  0.048  0.087
   0.55760      9.231497  0.003  0.036  0.044  0.082
   0.54429      9.232565  0.000  0.032  0.044  0.077
   0.53099      9.236114  0.000  0.030  0.043  0.077
   0.51768      9.236564  0.000  0.023  0.043  0.071
   0.50438      9.225394  0.000  0.016  0.030  0.048
   0.49107      9.222057  0.000  0.018  0.068  0.092
   0.47777      9.226569  0.001  0.018  0.070  0.088
   0.46446      9.229850  0.002  0.020  0.068  0.090
   0.45116      9.231223  0.002  0.021  0.067  0.090
   0.43785      9.231786  0.002  0.021  0.067  0.090
   0.43785      9.231661  0.002  0.022  0.067  0.090
   0.41481      9.234071  0.002  0.022  0.067  0.090
   0.39176      9.241062  0.002  0.022  0.068  0.092
   0.36872      9.245595  0.000  0.014  0.053  0.067
   0.34567      9.243629  0.000  0.012  0.054  0.068
   0.32263      9.239078  0.000  0.010  0.056  0.067
   0.29958      9.229441  0.000  0.009  0.060  0.069
   0.27654      9.229066  0.000  0.024  0.038  0.060
   0.25349      9.251576  0.000  0.024  0.035  0.059
   0.23045      9.249924  0.002  0.024  0.044  0.068
   0.20740      9.263726  0.008  0.030  0.050  0.088
   0.18436      9.305926  0.002  0.024  0.064  0.091
   0.16131      9.324066  0.000  0.016  0.058  0.077
   0.13827      9.328979  0.000  0.012  0.054  0.066
   0.11522      9.369176  0.000  0.014  0.046  0.062
   0.09218      9.377398  0.000  0.012  0.070  0.082
   0.06913      9.375539  0.000  0.014  0.069  0.086
   0.04609      9.375831  0.000  0.017  0.069  0.086
   0.02304      9.371204  0.000  0.014  0.072  0.085
   0.00000      9.367108  0.000  0.007  0.072  0.081
 
# Band-Index:  195
   0.00000      9.371128  0.000  0.009  0.072  0.084
   0.02304      9.374439  0.000  0.015  0.071  0.084
   0.04609      9.384856  0.000  0.015  0.074  0.089
   0.06913      9.389458  0.000  0.015  0.077  0.090
   0.09218      9.389876  0.000  0.012  0.056  0.069
   0.11522      9.388103  0.000  0.010  0.064  0.076
   0.13827      9.402811  0.000  0.006  0.049  0.057
   0.16131      9.404587  0.006  0.042  0.024  0.068
   0.18436      9.345313  0.002  0.034  0.019  0.062
   0.20740      9.303340  0.001  0.022  0.038  0.060
   0.23045      9.276934  0.000  0.017  0.049  0.067
   0.25349      9.267204  0.000  0.016  0.061  0.078
   0.27654      9.284263  0.000  0.017  0.056  0.077
   0.29958      9.297794  0.000  0.018  0.058  0.076
   0.32263      9.298627  0.000  0.022  0.060  0.084
   0.34567      9.279616  0.001  0.028  0.064  0.091
   0.36872      9.255813  0.002  0.024  0.066  0.093
   0.39176      9.246307  0.000  0.010  0.054  0.065
   0.41481      9.248351  0.000  0.012  0.052  0.063
   0.43785      9.248999  0.000  0.012  0.050  0.063
   0.43785      9.249447  0.000  0.012  0.050  0.063
   0.45116      9.249120  0.000  0.013  0.051  0.064
   0.46446      9.247129  0.000  0.017  0.050  0.065
   0.47777      9.244692  0.000  0.016  0.049  0.065
   0.49107      9.242488  0.000  0.016  0.049  0.068
   0.50438      9.239061  0.000  0.020  0.049  0.070
   0.51768      9.255320  0.000  0.016  0.030  0.046
   0.53099      9.284567  0.000  0.017  0.027  0.046
   0.54429      9.310274  0.000  0.016  0.027  0.047
   0.55760      9.324012  0.000  0.024  0.054  0.077
   0.57090      9.302515  0.000  0.024  0.051  0.076
   0.58421      9.281690  0.000  0.023  0.048  0.071
   0.59751      9.263785  0.000  0.022  0.039  0.064
   0.61082      9.252117  0.000  0.016  0.026  0.042
   0.62412      9.251384  0.000  0.008  0.015  0.027
   0.63743      9.243403  0.000  0.006  0.018  0.026
   0.65073      9.237627  0.000  0.022  0.042  0.069
   0.66404      9.244817  0.000  0.020  0.044  0.064
   0.67734      9.255610  0.000  0.022  0.039  0.062
   0.69065      9.266275  0.000  0.023  0.038  0.061
   0.69065      9.266802  0.000  0.022  0.037  0.061
   0.71726      9.241212  0.000  0.020  0.041  0.059
   0.74387      9.237393  0.000  0.010  0.026  0.038
   0.77048      9.275069  0.000  0.006  0.026  0.039
   0.79709      9.315710  0.000  0.008  0.029  0.038
   0.82370      9.348092  0.002  0.008  0.032  0.041
   0.85031      9.344602  0.002  0.010  0.031  0.045
   0.87692      9.327669  0.000  0.014  0.048  0.062
   0.90353      9.307011  0.000  0.013  0.016  0.033
   0.93014      9.282257  0.000  0.017  0.018  0.040
   0.95675      9.275629  0.001  0.024  0.034  0.058
   0.98336      9.303598  0.003  0.024  0.047  0.074
   1.00997      9.359504  0.000  0.017  0.048  0.067
   1.03658      9.417564  0.000  0.019  0.036  0.057
   1.06319      9.410847  0.000  0.015  0.040  0.054
   1.08980      9.422224  0.002  0.027  0.062  0.091
   1.11641      9.417094  0.000  0.012  0.070  0.084
   1.14302      9.395431  0.000  0.012  0.074  0.087
   1.16963      9.374980  0.000  0.012  0.072  0.085
   1.19624      9.367572  0.000  0.006  0.072  0.081
 
# Band-Index:  196
   1.19624      9.378425  0.000  0.022  0.059  0.083
   1.16963      9.397179  0.000  0.015  0.057  0.072
   1.14302      9.451944  0.000  0.020  0.050  0.068
   1.11641      9.454141  0.000  0.020  0.068  0.089
   1.08980      9.431445  0.000  0.025  0.046  0.071
   1.06319      9.414783  0.000  0.017  0.052  0.073
   1.03658      9.437973  0.000  0.017  0.058  0.074
   1.00997      9.390703  0.006  0.027  0.042  0.079
   0.98336      9.383370  0.000  0.014  0.016  0.032
   0.95675      9.406204  0.000  0.022  0.018  0.042
   0.93014      9.394169  0.003  0.034  0.026  0.063
   0.90353      9.338105  0.004  0.036  0.028  0.065
   0.87692      9.330257  0.002  0.015  0.024  0.039
   0.85031      9.352531  0.000  0.013  0.048  0.062
   0.82370      9.373046  0.000  0.015  0.047  0.063
   0.79709      9.380541  0.000  0.018  0.042  0.060
   0.77048      9.355611  0.002  0.026  0.042  0.067
   0.74387      9.322053  0.002  0.025  0.038  0.067
   0.71726      9.292210  0.002  0.025  0.035  0.061
   0.69065      9.271933  0.000  0.020  0.037  0.057
   0.69065      9.267903  0.000  0.022  0.037  0.060
   0.67734      9.278686  0.000  0.024  0.036  0.061
   0.66404      9.285286  0.000  0.024  0.039  0.064
   0.65073      9.290921  0.000  0.026  0.044  0.071
   0.63743      9.297139  0.000  0.027  0.047  0.076
   0.62412      9.313828  0.002  0.022  0.049  0.076
   0.61082      9.338242  0.000  0.018  0.050  0.071
   0.59751      9.364831  0.000  0.010  0.046  0.062
   0.58421      9.349222  0.002  0.008  0.049  0.060
   0.57090      9.337108  0.002  0.007  0.048  0.059
   0.55760      9.328801  0.002  0.006  0.048  0.058
   0.54429      9.330152  0.003  0.008  0.047  0.059
   0.53099      9.335826  0.003  0.008  0.047  0.056
   0.51768      9.349069  0.002  0.008  0.047  0.056
   0.50438      9.358333  0.000  0.012  0.034  0.047
   0.49107      9.337836  0.000  0.012  0.026  0.039
   0.47777      9.321893  0.000  0.006  0.029  0.040
   0.46446      9.306883  0.000  0.008  0.025  0.033
   0.45116      9.299939  0.000  0.003  0.027  0.033
   0.43785      9.294250  0.000  0.002  0.026  0.034
   0.43785      9.294159  0.000  0.003  0.027  0.033
   0.41481      9.294957  0.000  0.006  0.027  0.033
   0.39176      9.300002  0.000  0.006  0.030  0.039
   0.36872      9.310089  0.000  0.008  0.033  0.045
   0.34567      9.323084  0.002  0.017  0.035  0.054
   0.32263      9.339335  0.004  0.031  0.039  0.077
   0.29958      9.364259  0.006  0.040  0.044  0.087
   0.27654      9.389951  0.006  0.037  0.040  0.082
   0.25349      9.411486  0.004  0.035  0.033  0.074
   0.23045      9.428582  0.002  0.034  0.030  0.068
   0.20740      9.443919  0.002  0.033  0.027  0.063
   0.18436      9.450519  0.000  0.006  0.034  0.040
   0.16131      9.425349  0.000  0.006  0.040  0.043
   0.13827      9.437476  0.000  0.016  0.028  0.047
   0.11522      9.421337  0.000  0.018  0.041  0.060
   0.09218      9.423704  0.000  0.022  0.056  0.083
   0.06913      9.456105  0.000  0.019  0.060  0.079
   0.04609      9.425032  0.000  0.013  0.055  0.068
   0.02304      9.388298  0.000  0.015  0.057  0.073
   0.00000      9.378611  0.000  0.022  0.061  0.084
 
# Band-Index:  197
   0.00000      9.385547  0.000  0.021  0.065  0.085
   0.02304      9.397858  0.000  0.018  0.056  0.074
   0.04609      9.454429  0.000  0.019  0.048  0.068
   0.06913      9.467752  0.000  0.017  0.051  0.069
   0.09218      9.498272  0.000  0.026  0.053  0.079
   0.11522      9.507073  0.000  0.032  0.036  0.072
   0.13827      9.469040  0.006  0.041  0.032  0.081
   0.16131      9.453817  0.002  0.024  0.032  0.061
   0.18436      9.452448  0.002  0.026  0.030  0.058
   0.20740      9.474924  0.000  0.008  0.036  0.046
   0.23045      9.496580  0.000  0.012  0.038  0.049
   0.25349      9.508630  0.000  0.019  0.047  0.066
   0.27654      9.496295  0.002  0.025  0.050  0.077
   0.29958      9.466324  0.001  0.025  0.043  0.070
   0.32263      9.444273  0.001  0.023  0.042  0.070
   0.34567      9.433686  0.000  0.021  0.045  0.069
   0.36872      9.424728  0.002  0.018  0.047  0.069
   0.39176      9.424009  0.002  0.017  0.047  0.068
   0.41481      9.432586  0.002  0.017  0.052  0.072
   0.43785      9.435540  0.002  0.018  0.055  0.075
   0.43785      9.432588  0.003  0.018  0.054  0.075
   0.45116      9.430945  0.003  0.017  0.055  0.074
   0.46446      9.421025  0.002  0.014  0.052  0.070
   0.47777      9.407018  0.003  0.013  0.050  0.065
   0.49107      9.390306  0.003  0.010  0.044  0.060
   0.50438      9.372418  0.002  0.007  0.047  0.057
   0.51768      9.377618  0.000  0.012  0.037  0.052
   0.53099      9.368996  0.000  0.021  0.054  0.075
   0.54429      9.348766  0.000  0.020  0.052  0.073
   0.55760      9.335130  0.000  0.018  0.022  0.040
   0.57090      9.358345  0.000  0.019  0.026  0.045
   0.58421      9.375088  0.000  0.016  0.019  0.039
   0.59751      9.369994  0.002  0.011  0.045  0.058
   0.61082      9.389147  0.002  0.008  0.051  0.061
   0.62412      9.409963  0.001  0.010  0.055  0.065
   0.63743      9.417230  0.001  0.022  0.032  0.054
   0.65073      9.395246  0.000  0.022  0.032  0.057
   0.66404      9.378088  0.000  0.021  0.031  0.054
   0.67734      9.362824  0.000  0.020  0.031  0.053
   0.69065      9.359683  0.000  0.021  0.033  0.056
   0.69065      9.356078  0.000  0.019  0.031  0.056
   0.71726      9.377957  0.000  0.021  0.035  0.058
   0.74387      9.420036  0.000  0.020  0.037  0.060
   0.77048      9.447978  0.002  0.014  0.038  0.054
   0.79709      9.414327  0.003  0.012  0.033  0.048
   0.82370      9.399655  0.002  0.008  0.028  0.037
   0.85031      9.383318  0.000  0.006  0.019  0.026
   0.87692      9.376992  0.000  0.010  0.032  0.043
   0.90353      9.388846  0.000  0.016  0.048  0.066
   0.93014      9.415446  0.004  0.020  0.051  0.075
   0.95675      9.444611  0.004  0.022  0.054  0.079
   0.98336      9.471491  0.004  0.024  0.052  0.082
   1.00997      9.469558  0.002  0.030  0.044  0.077
   1.03658      9.456716  0.001  0.014  0.067  0.082
   1.06319      9.473129  0.000  0.014  0.069  0.081
   1.08980      9.458067  0.000  0.012  0.066  0.077
   1.11641      9.471051  0.002  0.028  0.058  0.089
   1.14302      9.457253  0.000  0.020  0.045  0.065
   1.16963      9.399315  0.000  0.016  0.056  0.074
   1.19624      9.381903  0.000  0.023  0.060  0.082
 
# Band-Index:  198
   1.19624      9.479610  0.000  0.009  0.100  0.109
   1.16963      9.478369  0.001  0.010  0.094  0.105
   1.14302      9.490844  0.000  0.015  0.070  0.085
   1.11641      9.510354  0.000  0.015  0.068  0.084
   1.08980      9.529214  0.000  0.015  0.058  0.074
   1.06319      9.522508  0.002  0.023  0.052  0.077
   1.03658      9.509704  0.004  0.032  0.055  0.091
   1.00997      9.480573  0.002  0.021  0.062  0.084
   0.98336      9.482171  0.002  0.036  0.036  0.074
   0.95675      9.469863  0.001  0.031  0.027  0.059
   0.93014      9.476425  0.000  0.015  0.021  0.038
   0.90353      9.482955  0.004  0.012  0.019  0.035
   0.87692      9.443211  0.004  0.008  0.024  0.036
   0.85031      9.440721  0.002  0.009  0.030  0.041
   0.82370      9.464530  0.000  0.011  0.029  0.041
   0.79709      9.480918  0.000  0.015  0.042  0.056
   0.77048      9.453400  0.001  0.011  0.046  0.057
   0.74387      9.486878  0.001  0.011  0.042  0.054
   0.71726      9.495535  0.000  0.012  0.044  0.058
   0.69065      9.491538  0.000  0.014  0.039  0.056
   0.69065      9.503799  0.002  0.016  0.038  0.057
   0.67734      9.494266  0.000  0.015  0.041  0.058
   0.66404      9.484593  0.000  0.015  0.040  0.056
   0.65073      9.472610  0.001  0.011  0.043  0.054
   0.63743      9.441814  0.001  0.009  0.044  0.054
   0.62412      9.436864  0.001  0.021  0.026  0.047
   0.61082      9.418632  0.000  0.017  0.035  0.055
   0.59751      9.402350  0.001  0.019  0.041  0.059
   0.58421      9.394087  0.000  0.014  0.058  0.073
   0.57090      9.397276  0.000  0.016  0.047  0.062
   0.55760      9.377917  0.000  0.018  0.041  0.061
   0.54429      9.373224  0.000  0.017  0.043  0.059
   0.53099      9.378534  0.000  0.017  0.046  0.063
   0.51768      9.385393  0.000  0.019  0.053  0.073
   0.50438      9.396946  0.000  0.016  0.046  0.063
   0.49107      9.417640  0.000  0.019  0.053  0.072
   0.47777      9.431624  0.000  0.017  0.051  0.071
   0.46446      9.435686  0.000  0.016  0.048  0.069
   0.45116      9.440655  0.000  0.017  0.049  0.067
   0.43785      9.447712  0.000  0.018  0.052  0.069
   0.43785      9.443717  0.000  0.018  0.051  0.069
   0.41481      9.452888  0.002  0.017  0.053  0.071
   0.39176      9.466955  0.002  0.020  0.049  0.071
   0.36872      9.457909  0.002  0.020  0.048  0.071
   0.34567      9.443209  0.000  0.017  0.064  0.081
   0.32263      9.452302  0.002  0.021  0.060  0.084
   0.29958      9.476775  0.002  0.017  0.043  0.064
   0.27654      9.502973  0.004  0.029  0.040  0.074
   0.25349      9.553120  0.000  0.026  0.037  0.063
   0.23045      9.597074  0.002  0.025  0.024  0.053
   0.20740      9.592239  0.000  0.013  0.041  0.053
   0.18436      9.571563  0.000  0.018  0.035  0.053
   0.16131      9.530797  0.000  0.021  0.046  0.068
   0.13827      9.521905  0.000  0.025  0.047  0.073
   0.11522      9.525501  0.001  0.027  0.036  0.064
   0.09218      9.515765  0.001  0.031  0.025  0.061
   0.06913      9.505240  0.000  0.019  0.067  0.087
   0.04609      9.479342  0.000  0.012  0.076  0.091
   0.02304      9.481231  0.000  0.010  0.096  0.107
   0.00000      9.481119  0.000  0.009  0.099  0.109
 
# Band-Index:  199
   0.00000      9.497433  0.002  0.026  0.055  0.083
   0.02304      9.500385  0.001  0.029  0.046  0.077
   0.04609      9.513021  0.002  0.023  0.059  0.083
   0.06913      9.521056  0.001  0.029  0.043  0.072
   0.09218      9.524231  0.000  0.006  0.064  0.069
   0.11522      9.603768  0.001  0.027  0.023  0.056
   0.13827      9.559470  0.001  0.034  0.017  0.055
   0.16131      9.564986  0.000  0.029  0.014  0.045
   0.18436      9.605027  0.000  0.019  0.021  0.042
   0.20740      9.607380  0.000  0.017  0.023  0.041
   0.23045      9.608868  0.001  0.023  0.039  0.062
   0.25349      9.592107  0.002  0.021  0.027  0.050
   0.27654      9.520980  0.002  0.012  0.025  0.040
   0.29958      9.500012  0.002  0.015  0.040  0.058
   0.32263      9.458769  0.004  0.011  0.031  0.049
   0.34567      9.457057  0.004  0.019  0.039  0.063
   0.36872      9.480039  0.000  0.017  0.050  0.067
   0.39176      9.476902  0.000  0.012  0.063  0.072
   0.41481      9.509963  0.000  0.008  0.050  0.058
   0.43785      9.548709  0.000  0.011  0.048  0.062
   0.43785      9.530467  0.000  0.005  0.040  0.047
   0.45116      9.533482  0.000  0.009  0.047  0.057
   0.46446      9.487297  0.000  0.007  0.042  0.049
   0.47777      9.454418  0.000  0.010  0.043  0.055
   0.49107      9.422646  0.000  0.012  0.048  0.061
   0.50438      9.413398  0.000  0.018  0.054  0.072
   0.51768      9.393134  0.000  0.015  0.045  0.062
   0.53099      9.393386  0.000  0.013  0.033  0.049
   0.54429      9.416587  0.000  0.011  0.047  0.060
   0.55760      9.423681  0.000  0.012  0.052  0.063
   0.57090      9.458229  0.001  0.017  0.047  0.065
   0.58421      9.416345  0.001  0.021  0.039  0.060
   0.59751      9.438773  0.001  0.022  0.033  0.059
   0.61082      9.433295  0.001  0.022  0.028  0.054
   0.62412      9.457029  0.001  0.015  0.035  0.053
   0.63743      9.468822  0.001  0.015  0.039  0.055
   0.65073      9.478408  0.000  0.015  0.042  0.059
   0.66404      9.503068  0.001  0.011  0.043  0.055
   0.67734      9.521652  0.000  0.014  0.041  0.057
   0.69065      9.531874  0.000  0.016  0.038  0.056
   0.69065      9.539267  0.000  0.014  0.037  0.057
   0.71726      9.518675  0.002  0.016  0.040  0.057
   0.74387      9.495125  0.002  0.016  0.039  0.055
   0.77048      9.501167  0.000  0.018  0.041  0.059
   0.79709      9.506752  0.000  0.013  0.032  0.045
   0.82370      9.520022  0.000  0.016  0.039  0.055
   0.85031      9.536602  0.000  0.019  0.036  0.057
   0.87692      9.519230  0.000  0.020  0.029  0.049
   0.90353      9.503948  0.000  0.017  0.025  0.041
   0.93014      9.550850  0.005  0.018  0.018  0.040
   0.95675      9.619038  0.001  0.016  0.035  0.053
   0.98336      9.592239  0.000  0.013  0.046  0.059
   1.00997      9.588748  0.000  0.016  0.055  0.073
   1.03658      9.603477  0.002  0.019  0.044  0.064
   1.06319      9.549645  0.002  0.025  0.038  0.069
   1.08980      9.579904  0.004  0.034  0.036  0.075
   1.11641      9.530256  0.000  0.030  0.012  0.043
   1.14302      9.497969  0.002  0.015  0.065  0.084
   1.16963      9.514881  0.002  0.029  0.042  0.073
   1.19624      9.487144  0.002  0.018  0.075  0.093
 
# Band-Index:  200
   1.19624      9.542379  0.000  0.035  0.034  0.071
   1.16963      9.525584  0.001  0.020  0.064  0.087
   1.14302      9.592489  0.001  0.027  0.029  0.059
   1.11641      9.593306  0.000  0.018  0.026  0.045
   1.08980      9.621340  0.000  0.030  0.018  0.049
   1.06319      9.660019  0.001  0.027  0.025  0.056
   1.03658      9.646594  0.003  0.024  0.037  0.061
   1.00997      9.639576  0.001  0.022  0.027  0.050
   0.98336      9.664424  0.000  0.017  0.043  0.060
   0.95675      9.674690  0.000  0.017  0.032  0.049
   0.93014      9.657845  0.000  0.020  0.058  0.077
   0.90353      9.658608  0.000  0.016  0.047  0.063
   0.87692      9.652846  0.000  0.016  0.039  0.056
   0.85031      9.571619  0.000  0.014  0.038  0.054
   0.82370      9.544673  0.001  0.018  0.039  0.056
   0.79709      9.557457  0.001  0.020  0.026  0.050
   0.77048      9.518387  0.000  0.018  0.037  0.057
   0.74387      9.531569  0.002  0.016  0.036  0.053
   0.71726      9.546506  0.001  0.013  0.043  0.059
   0.69065      9.556910  0.000  0.012  0.043  0.058
   0.69065      9.561543  0.001  0.012  0.042  0.056
   0.67734      9.561234  0.001  0.013  0.039  0.057
   0.66404      9.548657  0.001  0.013  0.041  0.054
   0.65073      9.540166  0.001  0.020  0.038  0.059
   0.63743      9.527744  0.002  0.016  0.037  0.053
   0.62412      9.492989  0.003  0.020  0.032  0.055
   0.61082      9.497434  0.003  0.023  0.029  0.053
   0.59751      9.527387  0.000  0.022  0.035  0.059
   0.58421      9.523611  0.002  0.026  0.033  0.061
   0.57090      9.520849  0.003  0.027  0.031  0.062
   0.55760      9.544388  0.000  0.021  0.045  0.065
   0.54429      9.563186  0.003  0.026  0.042  0.069
   0.53099      9.601685  0.002  0.024  0.038  0.068
   0.51768      9.606315  0.002  0.022  0.044  0.068
   0.50438      9.547192  0.002  0.013  0.061  0.076
   0.49107      9.624246  0.000  0.020  0.047  0.068
   0.47777      9.552641  0.000  0.012  0.069  0.082
   0.46446      9.561390  0.002  0.019  0.065  0.085
   0.45116      9.603304  0.000  0.020  0.053  0.075
   0.43785      9.583812  0.000  0.016  0.058  0.077
   0.43785      9.580895  0.000  0.017  0.064  0.081
   0.41481      9.572695  0.000  0.011  0.060  0.072
   0.39176      9.549297  0.001  0.018  0.043  0.063
   0.36872      9.558185  0.000  0.011  0.049  0.062
   0.34567      9.591487  0.000  0.016  0.047  0.065
   0.32263      9.604821  0.000  0.014  0.047  0.062
   0.29958      9.624792  0.000  0.016  0.044  0.061
   0.27654      9.630198  0.001  0.013  0.060  0.074
   0.25349      9.647560  0.001  0.018  0.060  0.076
   0.23045      9.661458  0.001  0.021  0.067  0.091
   0.20740      9.667749  0.000  0.026  0.038  0.066
   0.18436      9.672055  0.000  0.027  0.040  0.068
   0.16131      9.667357  0.000  0.010  0.041  0.050
   0.13827      9.645622  0.000  0.006  0.036  0.041
   0.11522      9.685657  0.001  0.018  0.028  0.048
   0.09218      9.584222  0.000  0.026  0.032  0.059
   0.06913      9.549846  0.000  0.030  0.011  0.042
   0.04609      9.592857  0.001  0.026  0.037  0.063
   0.02304      9.526155  0.002  0.022  0.064  0.086
   0.00000      9.587207  0.001  0.028  0.033  0.063
