#K-Path          Energy     s    p    d    tot
# NKPTS & NBANDS:  60 160
# Band-Index:    1
   0.00000    -20.658205  0.000  0.000  0.000  0.000
   0.02304    -20.658205  0.000  0.000  0.000  0.000
   0.04609    -20.658203  0.000  0.000  0.000  0.000
   0.06913    -20.658199  0.000  0.000  0.000  0.000
   0.09218    -20.658195  0.000  0.000  0.000  0.000
   0.11522    -20.658190  0.000  0.000  0.000  0.000
   0.13827    -20.658185  0.000  0.000  0.000  0.000
   0.16131    -20.658177  0.000  0.000  0.000  0.000
   0.18436    -20.658171  0.000  0.000  0.000  0.000
   0.20740    -20.658164  0.000  0.000  0.000  0.000
   0.23045    -20.658157  0.000  0.000  0.000  0.000
   0.25349    -20.658149  0.000  0.000  0.000  0.000
   0.27654    -20.658142  0.000  0.000  0.000  0.000
   0.29958    -20.658136  0.000  0.000  0.000  0.000
   0.32263    -20.658130  0.000  0.000  0.000  0.000
   0.34567    -20.658125  0.000  0.000  0.000  0.000
   0.36872    -20.658120  0.000  0.000  0.000  0.000
   0.39176    -20.658117  0.000  0.000  0.000  0.000
   0.41481    -20.658115  0.000  0.000  0.000  0.000
   0.43785    -20.658115  0.000  0.000  0.000  0.000
   0.43785    -20.658115  0.000  0.000  0.000  0.000
   0.45116    -20.658115  0.000  0.000  0.000  0.000
   0.46446    -20.658114  0.000  0.000  0.000  0.000
   0.47777    -20.658113  0.000  0.000  0.000  0.000
   0.49107    -20.658114  0.000  0.000  0.000  0.000
   0.50438    -20.658114  0.000  0.000  0.000  0.000
   0.51768    -20.658113  0.000  0.000  0.000  0.000
   0.53099    -20.658113  0.000  0.000  0.000  0.000
   0.54429    -20.658112  0.000  0.000  0.000  0.000
   0.55760    -20.658111  0.000  0.000  0.000  0.000
   0.57090    -20.658110  0.000  0.000  0.000  0.000
   0.58421    -20.658109  0.000  0.000  0.000  0.000
   0.59751    -20.658110  0.000  0.000  0.000  0.000
   0.61082    -20.658109  0.000  0.000  0.000  0.000
   0.62412    -20.658108  0.000  0.000  0.000  0.000
   0.63743    -20.658107  0.000  0.000  0.000  0.000
   0.65073    -20.658106  0.000  0.000  0.000  0.000
   0.66404    -20.658105  0.000  0.000  0.000  0.000
   0.67734    -20.658105  0.000  0.000  0.000  0.000
   0.69065    -20.658105  0.000  0.000  0.000  0.000
   0.69065    -20.658105  0.000  0.000  0.000  0.000
   0.71726    -20.658104  0.000  0.000  0.000  0.000
   0.74387    -20.658106  0.000  0.000  0.000  0.000
   0.77048    -20.658109  0.000  0.000  0.000  0.000
   0.79709    -20.658112  0.000  0.000  0.000  0.000
   0.82370    -20.658117  0.000  0.000  0.000  0.000
   0.85031    -20.658122  0.000  0.000  0.000  0.000
   0.87692    -20.658128  0.000  0.000  0.000  0.000
   0.90353    -20.658136  0.000  0.000  0.000  0.000
   0.93014    -20.658145  0.000  0.000  0.000  0.000
   0.95675    -20.658154  0.000  0.000  0.000  0.000
   0.98336    -20.658162  0.000  0.000  0.000  0.000
   1.00997    -20.658171  0.000  0.000  0.000  0.000
   1.03658    -20.658179  0.000  0.000  0.000  0.000
   1.06319    -20.658186  0.000  0.000  0.000  0.000
   1.08980    -20.658192  0.000  0.000  0.000  0.000
   1.11641    -20.658198  0.000  0.000  0.000  0.000
   1.14302    -20.658202  0.000  0.000  0.000  0.000
   1.16963    -20.658205  0.000  0.000  0.000  0.000
   1.19624    -20.658205  0.000  0.000  0.000  0.000
 
# Band-Index:    2
   1.19624    -20.657214  0.000  0.000  0.000  0.000
   1.16963    -20.657215  0.000  0.000  0.000  0.000
   1.14302    -20.657211  0.000  0.000  0.000  0.000
   1.11641    -20.657208  0.000  0.000  0.000  0.000
   1.08980    -20.657202  0.000  0.000  0.000  0.000
   1.06319    -20.657196  0.000  0.000  0.000  0.000
   1.03658    -20.657189  0.000  0.000  0.000  0.000
   1.00997    -20.657182  0.000  0.000  0.000  0.000
   0.98336    -20.657173  0.000  0.000  0.000  0.000
   0.95675    -20.657165  0.000  0.000  0.000  0.000
   0.93014    -20.657157  0.000  0.000  0.000  0.000
   0.90353    -20.657148  0.000  0.000  0.000  0.000
   0.87692    -20.657140  0.000  0.000  0.000  0.000
   0.85031    -20.657135  0.000  0.000  0.000  0.000
   0.82370    -20.657129  0.000  0.000  0.000  0.000
   0.79709    -20.657125  0.000  0.000  0.000  0.000
   0.77048    -20.657122  0.000  0.000  0.000  0.000
   0.74387    -20.657120  0.000  0.000  0.000  0.000
   0.71726    -20.657118  0.000  0.000  0.000  0.000
   0.69065    -20.657118  0.000  0.000  0.000  0.000
   0.69065    -20.657118  0.000  0.000  0.000  0.000
   0.67734    -20.657118  0.000  0.000  0.000  0.000
   0.66404    -20.657118  0.000  0.000  0.000  0.000
   0.65073    -20.657119  0.000  0.000  0.000  0.000
   0.63743    -20.657121  0.000  0.000  0.000  0.000
   0.62412    -20.657122  0.000  0.000  0.000  0.000
   0.61082    -20.657122  0.000  0.000  0.000  0.000
   0.59751    -20.657123  0.000  0.000  0.000  0.000
   0.58421    -20.657122  0.000  0.000  0.000  0.000
   0.57090    -20.657124  0.000  0.000  0.000  0.000
   0.55760    -20.657124  0.000  0.000  0.000  0.000
   0.54429    -20.657125  0.000  0.000  0.000  0.000
   0.53099    -20.657126  0.000  0.000  0.000  0.000
   0.51768    -20.657126  0.000  0.000  0.000  0.000
   0.50438    -20.657127  0.000  0.000  0.000  0.000
   0.49107    -20.657127  0.000  0.000  0.000  0.000
   0.47777    -20.657126  0.000  0.000  0.000  0.000
   0.46446    -20.657127  0.000  0.000  0.000  0.000
   0.45116    -20.657127  0.000  0.000  0.000  0.000
   0.43785    -20.657128  0.000  0.000  0.000  0.000
   0.43785    -20.657128  0.000  0.000  0.000  0.000
   0.41481    -20.657128  0.000  0.000  0.000  0.000
   0.39176    -20.657130  0.000  0.000  0.000  0.000
   0.36872    -20.657133  0.000  0.000  0.000  0.000
   0.34567    -20.657137  0.000  0.000  0.000  0.000
   0.32263    -20.657142  0.000  0.000  0.000  0.000
   0.29958    -20.657148  0.000  0.000  0.000  0.000
   0.27654    -20.657154  0.000  0.000  0.000  0.000
   0.25349    -20.657161  0.000  0.000  0.000  0.000
   0.23045    -20.657168  0.000  0.000  0.000  0.000
   0.20740    -20.657175  0.000  0.000  0.000  0.000
   0.18436    -20.657182  0.000  0.000  0.000  0.000
   0.16131    -20.657188  0.000  0.000  0.000  0.000
   0.13827    -20.657195  0.000  0.000  0.000  0.000
   0.11522    -20.657200  0.000  0.000  0.000  0.000
   0.09218    -20.657205  0.000  0.000  0.000  0.000
   0.06913    -20.657209  0.000  0.000  0.000  0.000
   0.04609    -20.657213  0.000  0.000  0.000  0.000
   0.02304    -20.657214  0.000  0.000  0.000  0.000
   0.00000    -20.657214  0.000  0.000  0.000  0.000
 
# Band-Index:    3
   0.00000    -20.407187  0.000  0.000  0.000  0.000
   0.02304    -20.407187  0.000  0.000  0.000  0.000
   0.04609    -20.407186  0.000  0.000  0.000  0.000
   0.06913    -20.407182  0.000  0.000  0.000  0.000
   0.09218    -20.407177  0.000  0.000  0.000  0.000
   0.11522    -20.407173  0.000  0.000  0.000  0.000
   0.13827    -20.407167  0.000  0.000  0.000  0.000
   0.16131    -20.407160  0.000  0.000  0.000  0.000
   0.18436    -20.407153  0.000  0.000  0.000  0.000
   0.20740    -20.407146  0.000  0.000  0.000  0.000
   0.23045    -20.407139  0.000  0.000  0.000  0.000
   0.25349    -20.407131  0.000  0.000  0.000  0.000
   0.27654    -20.407125  0.000  0.000  0.000  0.000
   0.29958    -20.407118  0.000  0.000  0.000  0.000
   0.32263    -20.407112  0.000  0.000  0.000  0.000
   0.34567    -20.407107  0.000  0.000  0.000  0.000
   0.36872    -20.407103  0.000  0.000  0.000  0.000
   0.39176    -20.407100  0.000  0.000  0.000  0.000
   0.41481    -20.407097  0.000  0.000  0.000  0.000
   0.43785    -20.407098  0.000  0.000  0.000  0.000
   0.43785    -20.407098  0.000  0.000  0.000  0.000
   0.45116    -20.407097  0.000  0.000  0.000  0.000
   0.46446    -20.407096  0.000  0.000  0.000  0.000
   0.47777    -20.407096  0.000  0.000  0.000  0.000
   0.49107    -20.407096  0.000  0.000  0.000  0.000
   0.50438    -20.407096  0.000  0.000  0.000  0.000
   0.51768    -20.407095  0.000  0.000  0.000  0.000
   0.53099    -20.407095  0.000  0.000  0.000  0.000
   0.54429    -20.407094  0.000  0.000  0.000  0.000
   0.55760    -20.407093  0.000  0.000  0.000  0.000
   0.57090    -20.407093  0.000  0.000  0.000  0.000
   0.58421    -20.407091  0.000  0.000  0.000  0.000
   0.59751    -20.407092  0.000  0.000  0.000  0.000
   0.61082    -20.407091  0.000  0.000  0.000  0.000
   0.62412    -20.407091  0.000  0.000  0.000  0.000
   0.63743    -20.407089  0.000  0.000  0.000  0.000
   0.65073    -20.407088  0.000  0.000  0.000  0.000
   0.66404    -20.407087  0.000  0.000  0.000  0.000
   0.67734    -20.407087  0.000  0.000  0.000  0.000
   0.69065    -20.407087  0.000  0.000  0.000  0.000
   0.69065    -20.407087  0.000  0.000  0.000  0.000
   0.71726    -20.407087  0.000  0.000  0.000  0.000
   0.74387    -20.407089  0.000  0.000  0.000  0.000
   0.77048    -20.407091  0.000  0.000  0.000  0.000
   0.79709    -20.407094  0.000  0.000  0.000  0.000
   0.82370    -20.407099  0.000  0.000  0.000  0.000
   0.85031    -20.407104  0.000  0.000  0.000  0.000
   0.87692    -20.407110  0.000  0.000  0.000  0.000
   0.90353    -20.407118  0.000  0.000  0.000  0.000
   0.93014    -20.407127  0.000  0.000  0.000  0.000
   0.95675    -20.407136  0.000  0.000  0.000  0.000
   0.98336    -20.407144  0.000  0.000  0.000  0.000
   1.00997    -20.407153  0.000  0.000  0.000  0.000
   1.03658    -20.407161  0.000  0.000  0.000  0.000
   1.06319    -20.407168  0.000  0.000  0.000  0.000
   1.08980    -20.407175  0.000  0.000  0.000  0.000
   1.11641    -20.407180  0.000  0.000  0.000  0.000
   1.14302    -20.407184  0.000  0.000  0.000  0.000
   1.16963    -20.407188  0.000  0.000  0.000  0.000
   1.19624    -20.407187  0.000  0.000  0.000  0.000
 
# Band-Index:    4
   1.19624    -14.248120  0.042  0.008  0.000  0.050
   1.16963    -14.247539  0.042  0.008  0.000  0.050
   1.14302    -14.245797  0.042  0.008  0.000  0.050
   1.11641    -14.242921  0.043  0.008  0.000  0.051
   1.08980    -14.238955  0.043  0.008  0.000  0.051
   1.06319    -14.233958  0.043  0.008  0.000  0.051
   1.03658    -14.228012  0.043  0.008  0.000  0.051
   1.00997    -14.221220  0.043  0.008  0.000  0.051
   0.98336    -14.213709  0.044  0.008  0.000  0.053
   0.95675    -14.205633  0.045  0.008  0.000  0.053
   0.93014    -14.197174  0.046  0.008  0.000  0.054
   0.90353    -14.188549  0.046  0.009  0.000  0.055
   0.87692    -14.180010  0.047  0.009  0.000  0.056
   0.85031    -14.171845  0.048  0.009  0.000  0.057
   0.82370    -14.164365  0.049  0.009  0.000  0.058
   0.79709    -14.157885  0.050  0.009  0.000  0.060
   0.77048    -14.152689  0.051  0.009  0.000  0.060
   0.74387    -14.148979  0.052  0.010  0.000  0.061
   0.71726    -14.146825  0.053  0.009  0.000  0.062
   0.69065    -14.146148  0.052  0.010  0.000  0.062
   0.69065    -14.146148  0.052  0.010  0.000  0.062
   0.67734    -14.146302  0.052  0.009  0.000  0.062
   0.66404    -14.146736  0.052  0.009  0.000  0.061
   0.65073    -14.147414  0.053  0.009  0.000  0.062
   0.63743    -14.148290  0.052  0.009  0.000  0.061
   0.62412    -14.149323  0.051  0.009  0.000  0.062
   0.61082    -14.150470  0.052  0.009  0.000  0.061
   0.59751    -14.151692  0.051  0.009  0.000  0.061
   0.58421    -14.152950  0.052  0.009  0.000  0.061
   0.57090    -14.154211  0.051  0.010  0.000  0.060
   0.55760    -14.155442  0.051  0.010  0.000  0.060
   0.54429    -14.156616  0.051  0.010  0.000  0.060
   0.53099    -14.157707  0.051  0.010  0.000  0.059
   0.51768    -14.158694  0.050  0.010  0.000  0.060
   0.50438    -14.159559  0.050  0.010  0.000  0.060
   0.49107    -14.160286  0.050  0.009  0.000  0.059
   0.47777    -14.160865  0.050  0.009  0.000  0.059
   0.46446    -14.161285  0.050  0.009  0.000  0.059
   0.45116    -14.161540  0.050  0.009  0.000  0.059
   0.43785    -14.161625  0.050  0.009  0.000  0.059
   0.43785    -14.161625  0.050  0.009  0.000  0.059
   0.41481    -14.162508  0.050  0.009  0.000  0.060
   0.39176    -14.165072  0.050  0.009  0.000  0.059
   0.36872    -14.169113  0.048  0.009  0.000  0.058
   0.34567    -14.174364  0.048  0.009  0.000  0.057
   0.32263    -14.180518  0.047  0.009  0.000  0.056
   0.29958    -14.187274  0.047  0.009  0.000  0.055
   0.27654    -14.194359  0.046  0.008  0.000  0.054
   0.25349    -14.201536  0.045  0.008  0.000  0.054
   0.23045    -14.208604  0.045  0.008  0.000  0.053
   0.20740    -14.215397  0.043  0.008  0.000  0.053
   0.18436    -14.221776  0.043  0.008  0.000  0.051
   0.16131    -14.227631  0.043  0.008  0.000  0.051
   0.13827    -14.232870  0.043  0.008  0.000  0.051
   0.11522    -14.237417  0.043  0.008  0.000  0.051
   0.09218    -14.241213  0.043  0.008  0.000  0.051
   0.06913    -14.244210  0.043  0.008  0.000  0.051
   0.04609    -14.246376  0.042  0.008  0.000  0.050
   0.02304    -14.247684  0.042  0.008  0.000  0.050
   0.00000    -14.248120  0.042  0.008  0.000  0.050
 
# Band-Index:    5
   0.00000    -14.243830  0.045  0.008  0.000  0.053
   0.02304    -14.243412  0.045  0.008  0.000  0.053
   0.04609    -14.242163  0.045  0.008  0.000  0.053
   0.06913    -14.240096  0.045  0.008  0.000  0.053
   0.09218    -14.237235  0.045  0.008  0.000  0.053
   0.11522    -14.233613  0.045  0.008  0.000  0.053
   0.13827    -14.229276  0.045  0.008  0.000  0.053
   0.16131    -14.224282  0.045  0.008  0.000  0.053
   0.18436    -14.218702  0.045  0.008  0.000  0.054
   0.20740    -14.212625  0.045  0.008  0.000  0.055
   0.23045    -14.206156  0.046  0.008  0.000  0.055
   0.25349    -14.199428  0.046  0.009  0.000  0.055
   0.27654    -14.192599  0.046  0.009  0.000  0.056
   0.29958    -14.185857  0.047  0.009  0.000  0.056
   0.32263    -14.179429  0.048  0.009  0.000  0.057
   0.34567    -14.173572  0.048  0.009  0.000  0.057
   0.36872    -14.168574  0.049  0.009  0.000  0.058
   0.39176    -14.164730  0.050  0.009  0.000  0.059
   0.41481    -14.162307  0.050  0.009  0.000  0.060
   0.43785    -14.161482  0.050  0.009  0.000  0.059
   0.43785    -14.161482  0.050  0.009  0.000  0.059
   0.45116    -14.161396  0.050  0.009  0.000  0.059
   0.46446    -14.161142  0.050  0.009  0.000  0.059
   0.47777    -14.160722  0.050  0.009  0.000  0.059
   0.49107    -14.160144  0.050  0.009  0.000  0.059
   0.50438    -14.159416  0.050  0.010  0.000  0.060
   0.51768    -14.158551  0.050  0.010  0.000  0.060
   0.53099    -14.157565  0.051  0.010  0.000  0.059
   0.54429    -14.156474  0.051  0.010  0.000  0.060
   0.55760    -14.155301  0.051  0.010  0.000  0.060
   0.57090    -14.154070  0.051  0.010  0.000  0.060
   0.58421    -14.152810  0.052  0.009  0.000  0.061
   0.59751    -14.151553  0.051  0.009  0.000  0.061
   0.61082    -14.150332  0.052  0.009  0.000  0.061
   0.62412    -14.149186  0.051  0.009  0.000  0.062
   0.63743    -14.148154  0.052  0.009  0.000  0.061
   0.65073    -14.147278  0.053  0.009  0.000  0.062
   0.66404    -14.146601  0.052  0.009  0.000  0.061
   0.67734    -14.146167  0.052  0.009  0.000  0.062
   0.69065    -14.146014  0.052  0.010  0.000  0.062
   0.69065    -14.146014  0.052  0.010  0.000  0.062
   0.71726    -14.146689  0.053  0.009  0.000  0.062
   0.74387    -14.148824  0.052  0.010  0.000  0.061
   0.77048    -14.152470  0.051  0.009  0.000  0.061
   0.79709    -14.157532  0.051  0.009  0.000  0.060
   0.82370    -14.163803  0.050  0.009  0.000  0.059
   0.85031    -14.171003  0.048  0.009  0.000  0.057
   0.87692    -14.178832  0.048  0.009  0.000  0.057
   0.90353    -14.186998  0.047  0.009  0.000  0.057
   0.93014    -14.195235  0.046  0.009  0.000  0.056
   0.95675    -14.203305  0.046  0.008  0.000  0.055
   0.98336    -14.211005  0.045  0.008  0.000  0.055
   1.00997    -14.218166  0.045  0.008  0.000  0.055
   1.03658    -14.224641  0.045  0.008  0.000  0.053
   1.06319    -14.230312  0.045  0.008  0.000  0.053
   1.08980    -14.235079  0.045  0.008  0.000  0.053
   1.11641    -14.238865  0.045  0.008  0.000  0.053
   1.14302    -14.241610  0.045  0.008  0.000  0.053
   1.16963    -14.243274  0.045  0.008  0.000  0.053
   1.19624    -14.243830  0.045  0.008  0.000  0.053
 
# Band-Index:    6
   1.19624    -14.062870  0.006  0.002  0.000  0.008
   1.16963    -14.062316  0.006  0.002  0.000  0.008
   1.14302    -14.060658  0.006  0.002  0.000  0.008
   1.11641    -14.057922  0.006  0.002  0.000  0.008
   1.08980    -14.054149  0.006  0.002  0.000  0.008
   1.06319    -14.049398  0.006  0.002  0.000  0.008
   1.03658    -14.043751  0.006  0.002  0.000  0.008
   1.00997    -14.037316  0.006  0.002  0.000  0.006
   0.98336    -14.030232  0.006  0.002  0.000  0.006
   0.95675    -14.022684  0.006  0.002  0.000  0.006
   0.93014    -14.014913  0.006  0.002  0.000  0.006
   0.90353    -14.007240  0.004  0.002  0.000  0.006
   0.87692    -14.000081  0.004  0.002  0.000  0.006
   0.85031    -13.993930  0.004  0.002  0.000  0.006
   0.82370    -13.989248  0.003  0.004  0.000  0.008
   0.79709    -13.986245  0.002  0.004  0.002  0.008
   0.77048    -13.984712  0.002  0.005  0.002  0.008
   0.74387    -13.984132  0.000  0.006  0.002  0.008
   0.71726    -13.983987  0.000  0.006  0.002  0.008
   0.69065    -13.983968  0.000  0.006  0.002  0.007
   0.69065    -13.983968  0.000  0.006  0.002  0.007
   0.67734    -13.983972  0.000  0.006  0.002  0.007
   0.66404    -13.983988  0.000  0.006  0.002  0.008
   0.65073    -13.984022  0.000  0.006  0.002  0.008
   0.63743    -13.984086  0.000  0.006  0.002  0.008
   0.62412    -13.984186  0.000  0.006  0.002  0.008
   0.61082    -13.984327  0.000  0.006  0.002  0.008
   0.59751    -13.984512  0.000  0.005  0.002  0.008
   0.58421    -13.984736  0.001  0.005  0.002  0.008
   0.57090    -13.984997  0.002  0.005  0.002  0.008
   0.55760    -13.985282  0.002  0.005  0.002  0.008
   0.54429    -13.985583  0.002  0.004  0.002  0.008
   0.53099    -13.985886  0.002  0.004  0.002  0.008
   0.51768    -13.986179  0.002  0.004  0.002  0.008
   0.50438    -13.986450  0.002  0.004  0.002  0.008
   0.49107    -13.986688  0.002  0.004  0.002  0.007
   0.47777    -13.986884  0.002  0.004  0.002  0.007
   0.46446    -13.987030  0.002  0.004  0.002  0.007
   0.45116    -13.987120  0.002  0.004  0.002  0.007
   0.43785    -13.987151  0.002  0.004  0.002  0.007
   0.43785    -13.987151  0.002  0.004  0.002  0.007
   0.41481    -13.988016  0.002  0.004  0.002  0.007
   0.39176    -13.989998  0.002  0.004  0.000  0.006
   0.36872    -13.992746  0.002  0.003  0.000  0.006
   0.34567    -13.996392  0.004  0.002  0.000  0.006
   0.32263    -14.001019  0.004  0.002  0.000  0.006
   0.29958    -14.006509  0.004  0.002  0.000  0.006
   0.27654    -14.012613  0.004  0.002  0.000  0.006
   0.25349    -14.019041  0.006  0.002  0.000  0.006
   0.23045    -14.025530  0.006  0.002  0.000  0.006
   0.20740    -14.031861  0.006  0.002  0.000  0.006
   0.18436    -14.037862  0.006  0.002  0.000  0.006
   0.16131    -14.043399  0.006  0.002  0.000  0.007
   0.13827    -14.048369  0.006  0.002  0.000  0.008
   0.11522    -14.052689  0.006  0.002  0.000  0.008
   0.09218    -14.056298  0.006  0.002  0.000  0.008
   0.06913    -14.059150  0.006  0.002  0.000  0.008
   0.04609    -14.061210  0.006  0.002  0.000  0.008
   0.02304    -14.062454  0.006  0.002  0.000  0.008
   0.00000    -14.062870  0.006  0.002  0.000  0.008
 
# Band-Index:    7
   0.00000    -13.945690  0.006  0.000  0.000  0.006
   0.02304    -13.945540  0.006  0.000  0.000  0.006
   0.04609    -13.945105  0.006  0.000  0.000  0.006
   0.06913    -13.944433  0.006  0.001  0.000  0.006
   0.09218    -13.943609  0.006  0.002  0.000  0.006
   0.11522    -13.942756  0.006  0.002  0.000  0.006
   0.13827    -13.942034  0.006  0.002  0.000  0.006
   0.16131    -13.941640  0.006  0.002  0.000  0.008
   0.18436    -13.941795  0.006  0.002  0.000  0.008
   0.20740    -13.942708  0.006  0.002  0.000  0.008
   0.23045    -13.944539  0.006  0.002  0.000  0.008
   0.25349    -13.947354  0.006  0.004  0.000  0.010
   0.27654    -13.951090  0.004  0.004  0.000  0.010
   0.29958    -13.955566  0.004  0.004  0.002  0.010
   0.32263    -13.960510  0.004  0.004  0.002  0.010
   0.34567    -13.965591  0.004  0.004  0.002  0.010
   0.36872    -13.970457  0.002  0.004  0.002  0.008
   0.39176    -13.974741  0.002  0.004  0.002  0.008
   0.41481    -13.977989  0.002  0.004  0.002  0.008
   0.43785    -13.979343  0.002  0.004  0.002  0.007
   0.43785    -13.979343  0.002  0.004  0.002  0.007
   0.45116    -13.979314  0.002  0.004  0.002  0.007
   0.46446    -13.979230  0.002  0.004  0.002  0.007
   0.47777    -13.979099  0.002  0.004  0.002  0.008
   0.49107    -13.978934  0.002  0.004  0.002  0.008
   0.50438    -13.978749  0.002  0.005  0.002  0.008
   0.51768    -13.978566  0.002  0.005  0.002  0.008
   0.53099    -13.978407  0.002  0.005  0.002  0.008
   0.54429    -13.978294  0.002  0.005  0.002  0.008
   0.55760    -13.978247  0.002  0.006  0.002  0.008
   0.57090    -13.978284  0.001  0.006  0.002  0.008
   0.58421    -13.978413  0.000  0.006  0.002  0.008
   0.59751    -13.978638  0.000  0.006  0.002  0.008
   0.61082    -13.978948  0.000  0.006  0.002  0.008
   0.62412    -13.979321  0.000  0.006  0.002  0.008
   0.63743    -13.979727  0.000  0.006  0.002  0.008
   0.65073    -13.980125  0.000  0.006  0.002  0.008
   0.66404    -13.980471  0.000  0.006  0.002  0.008
   0.67734    -13.980714  0.000  0.006  0.002  0.008
   0.69065    -13.980805  0.000  0.006  0.002  0.008
   0.69065    -13.980805  0.000  0.006  0.002  0.008
   0.71726    -13.980355  0.000  0.006  0.002  0.008
   0.74387    -13.978834  0.000  0.006  0.002  0.008
   0.77048    -13.976128  0.002  0.006  0.002  0.009
   0.79709    -13.972310  0.002  0.006  0.002  0.010
   0.82370    -13.967619  0.002  0.006  0.002  0.010
   0.85031    -13.962410  0.004  0.006  0.002  0.010
   0.87692    -13.957099  0.004  0.004  0.002  0.010
   0.90353    -13.952121  0.004  0.004  0.002  0.010
   0.93014    -13.947869  0.005  0.004  0.000  0.010
   0.95675    -13.944636  0.006  0.004  0.000  0.010
   0.98336    -13.942560  0.006  0.002  0.000  0.008
   1.00997    -13.941600  0.006  0.002  0.000  0.008
   1.03658    -13.941554  0.006  0.002  0.000  0.008
   1.06319    -13.942143  0.006  0.002  0.000  0.006
   1.08980    -13.943068  0.006  0.002  0.000  0.006
   1.11641    -13.944062  0.006  0.002  0.000  0.006
   1.14302    -13.944919  0.006  0.000  0.000  0.006
   1.16963    -13.945491  0.006  0.000  0.000  0.006
   1.19624    -13.945690  0.006  0.000  0.000  0.006
 
# Band-Index:    8
   1.19624    -13.817073  0.000  0.011  0.003  0.014
   1.16963    -13.817535  0.000  0.011  0.004  0.015
   1.14302    -13.820595  0.000  0.011  0.003  0.014
   1.11641    -13.825523  0.000  0.010  0.003  0.014
   1.08980    -13.831842  0.000  0.010  0.002  0.014
   1.06319    -13.839242  0.000  0.010  0.002  0.014
   1.03658    -13.847455  0.002  0.010  0.002  0.013
   1.00997    -13.856227  0.002  0.008  0.002  0.012
   0.98336    -13.865293  0.002  0.008  0.002  0.012
   0.95675    -13.874352  0.002  0.008  0.002  0.012
   0.93014    -13.883041  0.002  0.008  0.002  0.012
   0.90353    -13.890921  0.000  0.008  0.002  0.010
   0.87692    -13.897460  0.000  0.006  0.002  0.008
   0.85031    -13.902056  0.000  0.006  0.002  0.008
   0.82370    -13.904159  0.000  0.004  0.002  0.006
   0.79709    -13.903516  0.000  0.004  0.000  0.004
   0.77048    -13.900372  0.000  0.002  0.000  0.002
   0.74387    -13.895381  0.000  0.002  0.000  0.002
   0.71726    -13.889308  0.000  0.002  0.000  0.002
   0.69065    -13.882939  0.000  0.001  0.000  0.002
   0.69065    -13.882939  0.000  0.001  0.000  0.002
   0.67734    -13.886005  0.000  0.002  0.000  0.002
   0.66404    -13.889017  0.000  0.001  0.000  0.002
   0.65073    -13.891796  0.000  0.000  0.000  0.002
   0.63743    -13.894312  0.000  0.000  0.000  0.002
   0.62412    -13.896544  0.000  0.000  0.000  0.002
   0.61082    -13.898479  0.000  0.000  0.000  0.002
   0.59751    -13.900113  0.000  0.000  0.000  0.002
   0.58421    -13.901455  0.000  0.000  0.000  0.002
   0.57090    -13.902521  0.000  0.002  0.000  0.002
   0.55760    -13.903336  0.000  0.002  0.000  0.002
   0.54429    -13.903932  0.000  0.002  0.000  0.002
   0.53099    -13.904344  0.000  0.002  0.000  0.002
   0.51768    -13.904609  0.000  0.002  0.000  0.002
   0.50438    -13.904763  0.000  0.002  0.000  0.002
   0.49107    -13.904841  0.000  0.002  0.000  0.002
   0.47777    -13.904870  0.000  0.002  0.000  0.002
   0.46446    -13.904875  0.000  0.002  0.000  0.002
   0.45116    -13.904871  0.000  0.002  0.000  0.002
   0.43785    -13.904869  0.000  0.002  0.000  0.002
   0.43785    -13.904869  0.000  0.002  0.000  0.002
   0.41481    -13.905007  0.000  0.002  0.000  0.004
   0.39176    -13.905116  0.000  0.002  0.000  0.004
   0.36872    -13.904504  0.000  0.004  0.000  0.006
   0.34567    -13.902543  0.000  0.004  0.002  0.006
   0.32263    -13.898948  0.000  0.006  0.002  0.008
   0.29958    -13.893795  0.000  0.006  0.002  0.010
   0.27654    -13.887378  0.000  0.008  0.002  0.010
   0.25349    -13.880068  0.002  0.008  0.002  0.010
   0.23045    -13.872225  0.002  0.008  0.002  0.012
   0.20740    -13.864159  0.002  0.008  0.002  0.012
   0.18436    -13.856134  0.002  0.008  0.002  0.012
   0.16131    -13.848365  0.002  0.010  0.002  0.012
   0.13827    -13.841040  0.000  0.010  0.002  0.014
   0.11522    -13.834326  0.000  0.010  0.002  0.014
   0.09218    -13.828386  0.000  0.010  0.002  0.014
   0.06913    -13.823404  0.000  0.010  0.003  0.014
   0.04609    -13.819593  0.000  0.011  0.003  0.015
   0.02304    -13.817442  0.000  0.011  0.003  0.014
   0.00000    -13.817073  0.000  0.011  0.003  0.014
 
# Band-Index:    9
   0.00000    -13.817045  0.000  0.011  0.003  0.014
   0.02304    -13.817094  0.000  0.011  0.003  0.014
   0.04609    -13.818343  0.000  0.011  0.003  0.015
   0.06913    -13.819904  0.000  0.011  0.004  0.014
   0.09218    -13.821930  0.000  0.010  0.004  0.014
   0.11522    -13.824276  0.000  0.010  0.004  0.014
   0.13827    -13.826742  0.000  0.010  0.003  0.014
   0.16131    -13.829092  0.000  0.010  0.002  0.012
   0.18436    -13.831063  0.000  0.010  0.002  0.012
   0.20740    -13.832402  0.000  0.008  0.002  0.012
   0.23045    -13.832915  0.000  0.008  0.002  0.010
   0.25349    -13.832533  0.000  0.008  0.002  0.010
   0.27654    -13.831370  0.000  0.008  0.002  0.010
   0.29958    -13.829780  0.000  0.006  0.002  0.008
   0.32263    -13.828446  0.000  0.006  0.002  0.008
   0.34567    -13.828377  0.000  0.006  0.002  0.008
   0.36872    -13.830269  0.000  0.006  0.002  0.008
   0.39176    -13.833418  0.000  0.006  0.002  0.008
   0.41481    -13.836198  0.000  0.006  0.002  0.008
   0.43785    -13.837285  0.000  0.006  0.002  0.008
   0.43785    -13.837285  0.000  0.006  0.002  0.008
   0.45116    -13.837521  0.000  0.006  0.002  0.008
   0.46446    -13.838214  0.000  0.006  0.002  0.008
   0.47777    -13.839324  0.000  0.006  0.002  0.008
   0.49107    -13.840798  0.000  0.006  0.002  0.008
   0.50438    -13.842583  0.000  0.006  0.002  0.008
   0.51768    -13.844632  0.000  0.006  0.002  0.008
   0.53099    -13.846903  0.000  0.006  0.002  0.008
   0.54429    -13.849359  0.000  0.006  0.002  0.006
   0.55760    -13.851972  0.000  0.004  0.002  0.006
   0.57090    -13.854715  0.000  0.004  0.002  0.006
   0.58421    -13.857565  0.000  0.004  0.002  0.006
   0.59751    -13.860506  0.000  0.004  0.002  0.004
   0.61082    -13.863522  0.000  0.004  0.000  0.004
   0.62412    -13.866605  0.000  0.002  0.000  0.004
   0.63743    -13.869745  0.000  0.002  0.000  0.004
   0.65073    -13.872939  0.000  0.002  0.000  0.002
   0.66404    -13.876180  0.000  0.002  0.000  0.002
   0.67734    -13.879458  0.000  0.002  0.000  0.002
   0.69065    -13.882610  0.000  0.001  0.000  0.002
   0.69065    -13.882610  0.000  0.001  0.000  0.002
   0.71726    -13.875911  0.000  0.002  0.000  0.002
   0.74387    -13.868803  0.000  0.002  0.000  0.002
   0.77048    -13.861865  0.000  0.002  0.000  0.004
   0.79709    -13.855517  0.000  0.004  0.002  0.004
   0.82370    -13.850114  0.000  0.004  0.002  0.006
   0.85031    -13.845851  0.000  0.006  0.002  0.006
   0.87692    -13.842716  0.000  0.006  0.002  0.008
   0.90353    -13.840489  0.000  0.006  0.002  0.008
   0.93014    -13.838771  0.000  0.008  0.002  0.010
   0.95675    -13.837094  0.000  0.008  0.002  0.010
   0.98336    -13.835085  0.000  0.008  0.002  0.012
   1.00997    -13.832590  0.000  0.010  0.002  0.012
   1.03658    -13.829680  0.000  0.010  0.002  0.012
   1.06319    -13.826576  0.000  0.010  0.003  0.014
   1.08980    -13.823560  0.000  0.010  0.004  0.014
   1.11641    -13.820903  0.000  0.010  0.004  0.014
   1.14302    -13.818833  0.000  0.011  0.004  0.014
   1.16963    -13.817414  0.000  0.011  0.004  0.014
   1.19624    -13.817045  0.000  0.011  0.003  0.014
 
# Band-Index:   10
   1.19624    -13.816293  0.000  0.011  0.003  0.014
   1.16963    -13.817016  0.000  0.011  0.003  0.015
   1.14302    -13.817015  0.000  0.011  0.003  0.014
   1.11641    -13.816987  0.000  0.011  0.003  0.014
   1.08980    -13.816954  0.000  0.011  0.003  0.014
   1.06319    -13.816921  0.000  0.011  0.003  0.014
   1.03658    -13.816890  0.000  0.011  0.003  0.015
   1.00997    -13.816862  0.000  0.011  0.003  0.014
   0.98336    -13.816835  0.000  0.011  0.003  0.015
   0.95675    -13.816809  0.000  0.011  0.003  0.014
   0.93014    -13.816771  0.000  0.011  0.004  0.014
   0.90353    -13.816703  0.000  0.011  0.004  0.014
   0.87692    -13.816573  0.000  0.011  0.004  0.014
   0.85031    -13.816330  0.000  0.010  0.004  0.014
   0.82370    -13.815891  0.000  0.010  0.004  0.014
   0.79709    -13.815133  0.000  0.010  0.004  0.014
   0.77048    -13.813877  0.000  0.010  0.004  0.014
   0.74387    -13.811898  0.000  0.010  0.002  0.013
   0.71726    -13.809007  0.000  0.010  0.002  0.012
   0.69065    -13.805816  0.000  0.010  0.003  0.013
   0.69065    -13.805816  0.000  0.010  0.003  0.013
   0.67734    -13.806814  0.000  0.010  0.003  0.013
   0.66404    -13.807820  0.000  0.010  0.003  0.013
   0.65073    -13.808782  0.000  0.010  0.003  0.013
   0.63743    -13.809699  0.000  0.010  0.003  0.013
   0.62412    -13.810569  0.000  0.010  0.003  0.014
   0.61082    -13.811391  0.000  0.011  0.003  0.014
   0.59751    -13.812165  0.000  0.011  0.003  0.014
   0.58421    -13.812889  0.000  0.011  0.003  0.014
   0.57090    -13.813560  0.000  0.011  0.003  0.014
   0.55760    -13.814175  0.000  0.011  0.003  0.014
   0.54429    -13.814734  0.000  0.011  0.003  0.014
   0.53099    -13.815231  0.000  0.011  0.003  0.014
   0.51768    -13.815666  0.000  0.011  0.003  0.014
   0.50438    -13.816043  0.000  0.011  0.004  0.014
   0.49107    -13.816551  0.000  0.010  0.003  0.013
   0.47777    -13.817094  0.000  0.011  0.003  0.014
   0.46446    -13.817531  0.000  0.011  0.003  0.014
   0.45116    -13.817816  0.000  0.011  0.003  0.014
   0.43785    -13.817916  0.000  0.011  0.003  0.015
   0.43785    -13.817916  0.000  0.011  0.003  0.015
   0.41481    -13.817909  0.000  0.011  0.003  0.015
   0.39176    -13.817891  0.000  0.011  0.003  0.015
   0.36872    -13.817861  0.000  0.011  0.003  0.015
   0.34567    -13.817822  0.000  0.011  0.003  0.015
   0.32263    -13.817773  0.000  0.011  0.003  0.015
   0.29958    -13.817719  0.000  0.011  0.003  0.014
   0.27654    -13.817657  0.000  0.011  0.003  0.014
   0.25349    -13.817589  0.000  0.011  0.003  0.014
   0.23045    -13.817518  0.000  0.011  0.003  0.014
   0.20740    -13.817447  0.000  0.011  0.003  0.014
   0.18436    -13.817377  0.000  0.011  0.003  0.014
   0.16131    -13.817309  0.000  0.011  0.003  0.014
   0.13827    -13.817245  0.000  0.011  0.003  0.014
   0.11522    -13.817189  0.000  0.011  0.003  0.014
   0.09218    -13.817140  0.000  0.011  0.003  0.014
   0.06913    -13.817100  0.000  0.011  0.003  0.014
   0.04609    -13.817071  0.000  0.011  0.003  0.014
   0.02304    -13.817052  0.000  0.011  0.003  0.014
   0.00000    -13.816293  0.000  0.011  0.003  0.014
 
# Band-Index:   11
   0.00000    -13.816265  0.000  0.011  0.003  0.014
   0.02304    -13.816270  0.000  0.011  0.003  0.014
   0.04609    -13.816283  0.000  0.011  0.003  0.014
   0.06913    -13.816303  0.000  0.011  0.003  0.014
   0.09218    -13.816329  0.000  0.011  0.003  0.014
   0.11522    -13.816364  0.000  0.011  0.003  0.014
   0.13827    -13.816404  0.000  0.011  0.003  0.015
   0.16131    -13.816448  0.000  0.011  0.003  0.015
   0.18436    -13.816496  0.000  0.011  0.003  0.015
   0.20740    -13.816544  0.000  0.011  0.003  0.015
   0.23045    -13.816592  0.000  0.011  0.003  0.015
   0.25349    -13.816642  0.000  0.011  0.003  0.015
   0.27654    -13.816690  0.000  0.011  0.004  0.015
   0.29958    -13.816734  0.000  0.011  0.004  0.015
   0.32263    -13.816774  0.000  0.011  0.004  0.015
   0.34567    -13.816808  0.000  0.011  0.004  0.015
   0.36872    -13.816835  0.000  0.011  0.004  0.015
   0.39176    -13.816855  0.000  0.011  0.004  0.015
   0.41481    -13.816867  0.000  0.011  0.004  0.015
   0.43785    -13.816872  0.000  0.011  0.004  0.015
   0.43785    -13.816872  0.000  0.011  0.004  0.015
   0.45116    -13.816837  0.000  0.011  0.004  0.015
   0.46446    -13.816735  0.000  0.011  0.003  0.014
   0.47777    -13.816565  0.000  0.011  0.003  0.014
   0.49107    -13.816325  0.000  0.011  0.003  0.015
   0.50438    -13.815907  0.000  0.010  0.003  0.014
   0.51768    -13.815247  0.000  0.010  0.003  0.013
   0.53099    -13.814550  0.000  0.010  0.003  0.013
   0.54429    -13.813833  0.000  0.009  0.003  0.013
   0.55760    -13.813100  0.000  0.009  0.003  0.013
   0.57090    -13.812351  0.000  0.009  0.002  0.013
   0.58421    -13.811581  0.000  0.009  0.002  0.012
   0.59751    -13.810784  0.000  0.009  0.002  0.011
   0.61082    -13.809951  0.000  0.009  0.002  0.011
   0.62412    -13.809076  0.000  0.009  0.002  0.011
   0.63743    -13.808152  0.000  0.009  0.002  0.011
   0.65073    -13.807188  0.000  0.009  0.002  0.011
   0.66404    -13.806229  0.000  0.009  0.002  0.011
   0.67734    -13.805491  0.000  0.009  0.002  0.012
   0.69065    -13.805715  0.000  0.010  0.003  0.013
   0.69065    -13.805715  0.000  0.010  0.003  0.013
   0.71726    -13.803641  0.000  0.010  0.002  0.012
   0.74387    -13.801864  0.000  0.010  0.002  0.012
   0.77048    -13.801442  0.000  0.008  0.002  0.012
   0.79709    -13.802932  0.000  0.008  0.002  0.011
   0.82370    -13.805604  0.000  0.008  0.002  0.011
   0.85031    -13.808623  0.000  0.008  0.002  0.012
   0.87692    -13.811421  0.000  0.010  0.002  0.012
   0.90353    -13.813649  0.000  0.010  0.002  0.012
   0.93014    -13.815176  0.000  0.010  0.003  0.013
   0.95675    -13.816074  0.000  0.011  0.003  0.014
   0.98336    -13.816512  0.000  0.011  0.003  0.014
   1.00997    -13.816665  0.000  0.011  0.003  0.014
   1.03658    -13.816667  0.000  0.011  0.003  0.015
   1.06319    -13.816596  0.000  0.011  0.003  0.014
   1.08980    -13.816497  0.000  0.012  0.003  0.014
   1.11641    -13.816401  0.000  0.011  0.003  0.014
   1.14302    -13.816326  0.000  0.011  0.003  0.014
   1.16963    -13.816283  0.000  0.011  0.003  0.014
   1.19624    -13.816265  0.000  0.011  0.003  0.014
 
# Band-Index:   12
   1.19624    -13.766840  0.002  0.000  0.000  0.002
   1.16963    -13.766227  0.002  0.000  0.000  0.002
   1.14302    -13.764536  0.000  0.000  0.000  0.002
   1.11641    -13.762124  0.000  0.000  0.000  0.002
   1.08980    -13.759407  0.000  0.002  0.000  0.002
   1.06319    -13.756801  0.000  0.002  0.000  0.002
   1.03658    -13.754729  0.000  0.002  0.000  0.002
   1.00997    -13.753614  0.000  0.002  0.000  0.004
   0.98336    -13.753811  0.000  0.002  0.000  0.004
   0.95675    -13.755516  0.000  0.002  0.000  0.004
   0.93014    -13.758686  0.000  0.002  0.000  0.004
   0.90353    -13.763084  0.000  0.004  0.000  0.004
   0.87692    -13.768355  0.000  0.004  0.001  0.004
   0.85031    -13.774116  0.000  0.004  0.001  0.005
   0.82370    -13.780001  0.000  0.004  0.001  0.005
   0.79709    -13.785677  0.000  0.005  0.001  0.006
   0.77048    -13.790876  0.000  0.005  0.002  0.006
   0.74387    -13.795426  0.000  0.005  0.002  0.007
   0.71726    -13.799163  0.000  0.006  0.002  0.007
   0.69065    -13.801293  0.000  0.005  0.002  0.006
   0.69065    -13.801293  0.000  0.005  0.002  0.006
   0.67734    -13.800255  0.000  0.006  0.002  0.008
   0.66404    -13.797723  0.000  0.006  0.002  0.008
   0.65073    -13.794513  0.000  0.006  0.002  0.008
   0.63743    -13.790932  0.000  0.005  0.001  0.007
   0.62412    -13.791024  0.000  0.005  0.002  0.006
   0.61082    -13.791488  0.000  0.004  0.002  0.006
   0.59751    -13.791986  0.000  0.004  0.002  0.006
   0.58421    -13.792499  0.000  0.004  0.002  0.006
   0.57090    -13.793012  0.000  0.005  0.002  0.006
   0.55760    -13.793510  0.000  0.006  0.002  0.006
   0.54429    -13.793980  0.000  0.006  0.002  0.006
   0.53099    -13.794414  0.000  0.006  0.002  0.006
   0.51768    -13.794803  0.000  0.006  0.002  0.006
   0.50438    -13.795140  0.000  0.006  0.002  0.006
   0.49107    -13.795422  0.000  0.006  0.002  0.006
   0.47777    -13.795646  0.000  0.006  0.002  0.006
   0.46446    -13.795807  0.000  0.006  0.002  0.006
   0.45116    -13.795904  0.000  0.006  0.002  0.006
   0.43785    -13.795937  0.000  0.006  0.002  0.006
   0.43785    -13.795937  0.000  0.006  0.002  0.006
   0.41481    -13.796353  0.000  0.006  0.002  0.006
   0.39176    -13.797180  0.000  0.006  0.002  0.006
   0.36872    -13.797239  0.000  0.004  0.002  0.006
   0.34567    -13.795053  0.000  0.004  0.002  0.006
   0.32263    -13.790055  0.000  0.004  0.002  0.006
   0.29958    -13.783083  0.000  0.004  0.002  0.004
   0.27654    -13.775353  0.000  0.004  0.001  0.004
   0.25349    -13.767903  0.000  0.004  0.000  0.004
   0.23045    -13.761644  0.000  0.002  0.000  0.004
   0.20740    -13.757341  0.000  0.002  0.000  0.004
   0.18436    -13.755315  0.000  0.002  0.000  0.004
   0.16131    -13.755261  0.000  0.002  0.000  0.002
   0.13827    -13.756546  0.000  0.002  0.000  0.002
   0.11522    -13.758571  0.000  0.002  0.000  0.002
   0.09218    -13.760889  0.000  0.002  0.000  0.002
   0.06913    -13.763157  0.000  0.000  0.000  0.002
   0.04609    -13.765078  0.002  0.000  0.000  0.002
   0.02304    -13.766378  0.002  0.000  0.000  0.002
   0.00000    -13.766840  0.002  0.000  0.000  0.002
 
# Band-Index:   13
   0.00000    -13.675911  0.000  0.000  0.000  0.000
   0.02304    -13.676564  0.000  0.000  0.000  0.000
   0.04609    -13.678551  0.000  0.000  0.000  0.000
   0.06913    -13.681759  0.000  0.000  0.000  0.000
   0.09218    -13.686034  0.000  0.000  0.000  0.000
   0.11522    -13.691151  0.000  0.000  0.000  0.000
   0.13827    -13.696791  0.000  0.000  0.000  0.000
   0.16131    -13.702504  0.000  0.000  0.000  0.000
   0.18436    -13.707692  0.000  0.000  0.000  0.000
   0.20740    -13.711734  0.000  0.000  0.000  0.000
   0.23045    -13.714362  0.000  0.000  0.000  0.002
   0.25349    -13.715946  0.000  0.000  0.000  0.002
   0.27654    -13.717237  0.000  0.000  0.000  0.002
   0.29958    -13.718912  0.000  0.000  0.000  0.002
   0.32263    -13.721321  0.000  0.000  0.000  0.002
   0.34567    -13.724426  0.000  0.000  0.000  0.002
   0.36872    -13.727867  0.000  0.000  0.000  0.002
   0.39176    -13.731075  0.000  0.000  0.000  0.002
   0.41481    -13.733388  0.000  0.000  0.000  0.002
   0.43785    -13.734239  0.000  0.000  0.000  0.002
   0.43785    -13.734239  0.000  0.000  0.000  0.002
   0.45116    -13.734793  0.000  0.000  0.000  0.002
   0.46446    -13.736403  0.000  0.000  0.000  0.002
   0.47777    -13.738925  0.000  0.002  0.000  0.002
   0.49107    -13.742179  0.000  0.002  0.000  0.002
   0.50438    -13.745989  0.000  0.002  0.000  0.002
   0.51768    -13.750200  0.000  0.002  0.000  0.002
   0.53099    -13.754688  0.000  0.002  0.000  0.004
   0.54429    -13.759349  0.000  0.002  0.000  0.004
   0.55760    -13.764100  0.000  0.004  0.000  0.004
   0.57090    -13.768868  0.000  0.004  0.002  0.004
   0.58421    -13.773589  0.000  0.004  0.002  0.006
   0.59751    -13.778206  0.000  0.004  0.002  0.006
   0.61082    -13.782660  0.000  0.004  0.002  0.006
   0.62412    -13.786897  0.000  0.006  0.002  0.007
   0.63743    -13.790542  0.000  0.005  0.001  0.007
   0.65073    -13.790253  0.000  0.005  0.002  0.006
   0.66404    -13.789997  0.000  0.005  0.002  0.006
   0.67734    -13.789842  0.000  0.005  0.002  0.006
   0.69065    -13.789791  0.000  0.005  0.002  0.006
   0.69065    -13.789791  0.000  0.005  0.002  0.006
   0.71726    -13.789933  0.000  0.005  0.002  0.006
   0.74387    -13.789918  0.000  0.005  0.002  0.006
   0.77048    -13.788482  0.000  0.005  0.002  0.007
   0.79709    -13.784681  0.000  0.005  0.002  0.006
   0.82370    -13.778832  0.000  0.004  0.002  0.005
   0.85031    -13.771396  0.000  0.004  0.001  0.004
   0.87692    -13.762736  0.000  0.002  0.000  0.004
   0.90353    -13.753223  0.000  0.002  0.000  0.002
   0.93014    -13.743217  0.000  0.002  0.000  0.002
   0.95675    -13.733058  0.000  0.002  0.000  0.002
   0.98336    -13.723047  0.000  0.002  0.000  0.002
   1.00997    -13.713454  0.000  0.000  0.000  0.002
   1.03658    -13.704513  0.000  0.000  0.000  0.002
   1.06319    -13.696440  0.000  0.000  0.000  0.000
   1.08980    -13.689440  0.000  0.000  0.000  0.000
   1.11641    -13.683709  0.000  0.000  0.000  0.000
   1.14302    -13.679438  0.000  0.000  0.000  0.000
   1.16963    -13.676794  0.000  0.000  0.000  0.000
   1.19624    -13.675911  0.000  0.000  0.000  0.000
 
# Band-Index:   14
   1.19624    -13.675891  0.000  0.000  0.000  0.000
   1.16963    -13.675940  0.000  0.000  0.000  0.000
   1.14302    -13.676028  0.000  0.000  0.000  0.000
   1.11641    -13.676134  0.000  0.000  0.000  0.000
   1.08980    -13.676173  0.000  0.000  0.000  0.000
   1.06319    -13.675989  0.000  0.000  0.000  0.000
   1.03658    -13.675332  0.000  0.000  0.000  0.000
   1.00997    -13.673875  0.000  0.000  0.000  0.000
   0.98336    -13.671286  0.000  0.000  0.000  0.000
   0.95675    -13.667333  0.000  0.000  0.000  0.000
   0.93014    -13.661960  0.000  0.000  0.000  0.000
   0.90353    -13.655283  0.000  0.000  0.000  0.000
   0.87692    -13.647524  0.000  0.000  0.000  0.000
   0.85031    -13.641336  0.000  0.000  0.000  0.000
   0.82370    -13.645335  0.000  0.000  0.000  0.000
   0.79709    -13.648658  0.000  0.000  0.000  0.000
   0.77048    -13.651009  0.000  0.000  0.000  0.000
   0.74387    -13.652176  0.000  0.000  0.000  0.000
   0.71726    -13.652050  0.000  0.000  0.000  0.000
   0.69065    -13.650663  0.000  0.000  0.000  0.000
   0.69065    -13.650663  0.000  0.000  0.000  0.000
   0.67734    -13.651672  0.000  0.000  0.000  0.000
   0.66404    -13.652741  0.000  0.000  0.000  0.000
   0.65073    -13.653865  0.000  0.000  0.000  0.000
   0.63743    -13.655052  0.000  0.000  0.000  0.000
   0.62412    -13.656313  0.000  0.000  0.000  0.000
   0.61082    -13.657658  0.000  0.000  0.000  0.000
   0.59751    -13.659100  0.000  0.000  0.000  0.000
   0.58421    -13.660651  0.000  0.000  0.000  0.000
   0.57090    -13.662326  0.000  0.000  0.000  0.000
   0.55760    -13.664131  0.000  0.000  0.000  0.000
   0.54429    -13.666070  0.000  0.000  0.000  0.000
   0.53099    -13.668129  0.000  0.000  0.000  0.000
   0.51768    -13.670278  0.000  0.000  0.000  0.000
   0.50438    -13.672458  0.000  0.000  0.000  0.000
   0.49107    -13.674575  0.000  0.000  0.000  0.000
   0.47777    -13.676500  0.000  0.000  0.000  0.000
   0.46446    -13.678068  0.000  0.000  0.000  0.000
   0.45116    -13.679104  0.000  0.000  0.000  0.000
   0.43785    -13.679468  0.000  0.000  0.000  0.000
   0.43785    -13.679468  0.000  0.000  0.000  0.000
   0.41481    -13.679444  0.000  0.000  0.000  0.000
   0.39176    -13.679374  0.000  0.000  0.000  0.000
   0.36872    -13.679260  0.000  0.000  0.000  0.000
   0.34567    -13.679105  0.000  0.000  0.000  0.000
   0.32263    -13.678911  0.000  0.000  0.000  0.000
   0.29958    -13.678686  0.000  0.000  0.000  0.000
   0.27654    -13.678431  0.000  0.000  0.000  0.000
   0.25349    -13.678155  0.000  0.000  0.000  0.000
   0.23045    -13.677867  0.000  0.000  0.000  0.000
   0.20740    -13.677575  0.000  0.000  0.000  0.000
   0.18436    -13.677285  0.000  0.000  0.000  0.000
   0.16131    -13.677004  0.000  0.000  0.000  0.000
   0.13827    -13.676742  0.000  0.000  0.000  0.000
   0.11522    -13.676505  0.000  0.000  0.000  0.000
   0.09218    -13.676301  0.000  0.000  0.000  0.000
   0.06913    -13.676135  0.000  0.000  0.000  0.000
   0.04609    -13.676013  0.000  0.000  0.000  0.000
   0.02304    -13.675937  0.000  0.000  0.000  0.000
   0.00000    -13.675891  0.000  0.000  0.000  0.000
 
# Band-Index:   15
   0.00000    -13.613158  0.000  0.000  0.000  0.000
   0.02304    -13.613467  0.000  0.000  0.000  0.000
   0.04609    -13.614389  0.000  0.000  0.000  0.000
   0.06913    -13.615923  0.000  0.000  0.000  0.000
   0.09218    -13.618058  0.000  0.000  0.000  0.000
   0.11522    -13.620764  0.000  0.000  0.000  0.000
   0.13827    -13.623980  0.000  0.000  0.000  0.000
   0.16131    -13.627606  0.000  0.000  0.000  0.000
   0.18436    -13.631490  0.000  0.000  0.000  0.000
   0.20740    -13.635421  0.000  0.000  0.000  0.000
   0.23045    -13.639109  0.000  0.000  0.000  0.000
   0.25349    -13.642200  0.000  0.000  0.000  0.000
   0.27654    -13.644306  0.000  0.000  0.000  0.000
   0.29958    -13.645091  0.000  0.000  0.000  0.000
   0.32263    -13.644389  0.000  0.000  0.000  0.000
   0.34567    -13.642270  0.000  0.000  0.000  0.000
   0.36872    -13.639022  0.000  0.000  0.000  0.000
   0.39176    -13.635138  0.000  0.000  0.000  0.000
   0.41481    -13.631490  0.000  0.000  0.000  0.000
   0.43785    -13.629805  0.000  0.000  0.000  0.000
   0.43785    -13.629805  0.000  0.000  0.000  0.000
   0.45116    -13.629616  0.000  0.000  0.000  0.000
   0.46446    -13.629050  0.000  0.000  0.000  0.000
   0.47777    -13.628110  0.000  0.000  0.000  0.000
   0.49107    -13.626798  0.000  0.000  0.000  0.000
   0.50438    -13.625125  0.000  0.000  0.000  0.000
   0.51768    -13.624331  0.000  0.000  0.000  0.000
   0.53099    -13.626629  0.000  0.000  0.000  0.000
   0.54429    -13.628970  0.000  0.000  0.000  0.000
   0.55760    -13.631328  0.000  0.000  0.000  0.000
   0.57090    -13.633687  0.000  0.000  0.000  0.000
   0.58421    -13.636025  0.000  0.000  0.000  0.000
   0.59751    -13.638319  0.000  0.000  0.000  0.000
   0.61082    -13.640542  0.000  0.000  0.000  0.000
   0.62412    -13.642665  0.000  0.000  0.000  0.000
   0.63743    -13.644655  0.000  0.000  0.000  0.000
   0.65073    -13.646481  0.000  0.000  0.000  0.000
   0.66404    -13.648110  0.000  0.000  0.000  0.000
   0.67734    -13.649509  0.000  0.000  0.000  0.000
   0.69065    -13.650635  0.000  0.000  0.000  0.000
   0.69065    -13.650635  0.000  0.000  0.000  0.000
   0.71726    -13.648722  0.000  0.000  0.000  0.000
   0.74387    -13.646913  0.000  0.000  0.000  0.000
   0.77048    -13.645184  0.000  0.000  0.000  0.000
   0.79709    -13.643504  0.000  0.000  0.000  0.000
   0.82370    -13.641840  0.000  0.000  0.000  0.000
   0.85031    -13.640223  0.000  0.000  0.000  0.000
   0.87692    -13.638351  0.000  0.000  0.000  0.000
   0.90353    -13.636482  0.000  0.000  0.000  0.000
   0.93014    -13.634450  0.000  0.000  0.000  0.000
   0.95675    -13.632224  0.000  0.000  0.000  0.000
   0.98336    -13.629787  0.000  0.000  0.000  0.000
   1.00997    -13.627157  0.000  0.000  0.000  0.000
   1.03658    -13.624389  0.000  0.000  0.000  0.000
   1.06319    -13.621596  0.000  0.000  0.000  0.000
   1.08980    -13.618933  0.000  0.000  0.000  0.000
   1.11641    -13.616587  0.000  0.000  0.000  0.000
   1.14302    -13.614743  0.000  0.000  0.000  0.000
   1.16963    -13.613563  0.000  0.000  0.000  0.000
   1.19624    -13.613158  0.000  0.000  0.000  0.000
 
# Band-Index:   16
   1.19624    -13.613146  0.000  0.000  0.000  0.000
   1.16963    -13.613149  0.000  0.000  0.000  0.000
   1.14302    -13.613183  0.000  0.000  0.000  0.000
   1.11641    -13.613356  0.000  0.000  0.000  0.000
   1.08980    -13.613805  0.000  0.000  0.000  0.000
   1.06319    -13.614671  0.000  0.000  0.000  0.000
   1.03658    -13.616075  0.000  0.000  0.000  0.000
   1.00997    -13.618106  0.000  0.000  0.000  0.000
   0.98336    -13.620808  0.000  0.000  0.000  0.000
   0.95675    -13.624163  0.000  0.000  0.000  0.000
   0.93014    -13.628080  0.000  0.000  0.000  0.000
   0.90353    -13.632399  0.000  0.000  0.000  0.000
   0.87692    -13.636896  0.000  0.000  0.000  0.000
   0.85031    -13.638773  0.000  0.000  0.000  0.000
   0.82370    -13.629650  0.000  0.000  0.000  0.000
   0.79709    -13.620044  0.000  0.000  0.000  0.000
   0.77048    -13.610248  0.000  0.000  0.000  0.000
   0.74387    -13.600448  0.000  0.000  0.000  0.000
   0.71726    -13.590818  0.000  0.000  0.000  0.000
   0.69065    -13.581967  0.000  0.000  0.000  0.000
   0.69065    -13.581967  0.000  0.000  0.000  0.000
   0.67734    -13.584697  0.000  0.000  0.000  0.000
   0.66404    -13.588078  0.000  0.000  0.000  0.000
   0.65073    -13.591525  0.000  0.000  0.000  0.000
   0.63743    -13.595013  0.000  0.000  0.000  0.000
   0.62412    -13.598519  0.000  0.000  0.000  0.000
   0.61082    -13.602015  0.000  0.000  0.000  0.000
   0.59751    -13.605470  0.000  0.000  0.000  0.000
   0.58421    -13.608848  0.000  0.000  0.000  0.000
   0.57090    -13.612109  0.000  0.000  0.000  0.000
   0.55760    -13.615207  0.000  0.000  0.000  0.000
   0.54429    -13.618100  0.000  0.000  0.000  0.000
   0.53099    -13.620739  0.000  0.000  0.000  0.000
   0.51768    -13.623074  0.000  0.000  0.000  0.000
   0.50438    -13.622039  0.000  0.000  0.000  0.000
   0.49107    -13.619832  0.000  0.000  0.000  0.000
   0.47777    -13.617691  0.000  0.000  0.000  0.000
   0.46446    -13.615639  0.000  0.000  0.000  0.000
   0.45116    -13.613757  0.000  0.000  0.000  0.000
   0.43785    -13.612655  0.000  0.000  0.000  0.000
   0.43785    -13.612655  0.000  0.000  0.000  0.000
   0.41481    -13.612656  0.000  0.000  0.000  0.000
   0.39176    -13.612664  0.000  0.000  0.000  0.000
   0.36872    -13.612678  0.000  0.000  0.000  0.000
   0.34567    -13.612697  0.000  0.000  0.000  0.000
   0.32263    -13.612721  0.000  0.000  0.000  0.000
   0.29958    -13.612752  0.000  0.000  0.000  0.000
   0.27654    -13.612787  0.000  0.000  0.000  0.000
   0.25349    -13.612824  0.000  0.000  0.000  0.000
   0.23045    -13.612864  0.000  0.000  0.000  0.000
   0.20740    -13.612906  0.000  0.000  0.000  0.000
   0.18436    -13.612947  0.000  0.000  0.000  0.000
   0.16131    -13.612987  0.000  0.000  0.000  0.000
   0.13827    -13.613025  0.000  0.000  0.000  0.000
   0.11522    -13.613060  0.000  0.000  0.000  0.000
   0.09218    -13.613090  0.000  0.000  0.000  0.000
   0.06913    -13.613115  0.000  0.000  0.000  0.000
   0.04609    -13.613133  0.000  0.000  0.000  0.000
   0.02304    -13.613144  0.000  0.000  0.000  0.000
   0.00000    -13.613146  0.000  0.000  0.000  0.000
 
# Band-Index:   17
   0.00000    -13.534993  0.000  0.000  0.000  0.000
   0.02304    -13.535238  0.000  0.000  0.000  0.000
   0.04609    -13.536052  0.000  0.000  0.000  0.000
   0.06913    -13.537407  0.000  0.000  0.000  0.000
   0.09218    -13.539304  0.000  0.000  0.000  0.000
   0.11522    -13.541739  0.000  0.000  0.000  0.000
   0.13827    -13.544706  0.000  0.000  0.000  0.000
   0.16131    -13.548194  0.000  0.000  0.000  0.000
   0.18436    -13.552189  0.000  0.000  0.000  0.000
   0.20740    -13.556667  0.000  0.000  0.000  0.000
   0.23045    -13.561597  0.000  0.000  0.000  0.000
   0.25349    -13.566942  0.000  0.000  0.000  0.000
   0.27654    -13.572648  0.000  0.000  0.000  0.000
   0.29958    -13.578653  0.000  0.000  0.000  0.000
   0.32263    -13.584872  0.000  0.000  0.000  0.000
   0.34567    -13.591194  0.000  0.000  0.000  0.000
   0.36872    -13.597444  0.000  0.000  0.000  0.000
   0.39176    -13.603310  0.000  0.000  0.000  0.000
   0.41481    -13.608077  0.000  0.000  0.000  0.000
   0.43785    -13.610125  0.000  0.000  0.000  0.000
   0.43785    -13.610125  0.000  0.000  0.000  0.000
   0.45116    -13.609082  0.000  0.000  0.000  0.000
   0.46446    -13.607375  0.000  0.000  0.000  0.000
   0.47777    -13.605617  0.000  0.000  0.000  0.000
   0.49107    -13.603880  0.000  0.000  0.000  0.000
   0.50438    -13.602179  0.000  0.000  0.000  0.000
   0.51768    -13.600517  0.000  0.000  0.000  0.000
   0.53099    -13.598893  0.000  0.000  0.000  0.000
   0.54429    -13.597306  0.000  0.000  0.000  0.000
   0.55760    -13.595754  0.000  0.000  0.000  0.000
   0.57090    -13.594236  0.000  0.000  0.000  0.000
   0.58421    -13.592749  0.000  0.000  0.000  0.000
   0.59751    -13.591292  0.000  0.000  0.000  0.000
   0.61082    -13.589865  0.000  0.000  0.000  0.000
   0.62412    -13.588465  0.000  0.000  0.000  0.000
   0.63743    -13.587091  0.000  0.000  0.000  0.000
   0.65073    -13.585741  0.000  0.000  0.000  0.000
   0.66404    -13.584415  0.000  0.000  0.000  0.000
   0.67734    -13.583110  0.000  0.000  0.000  0.000
   0.69065    -13.581675  0.000  0.000  0.000  0.000
   0.69065    -13.581675  0.000  0.000  0.000  0.000
   0.71726    -13.579311  0.000  0.000  0.000  0.000
   0.74387    -13.576867  0.000  0.000  0.000  0.000
   0.77048    -13.574463  0.000  0.000  0.000  0.000
   0.79709    -13.572071  0.000  0.000  0.000  0.000
   0.82370    -13.569660  0.000  0.000  0.000  0.000
   0.85031    -13.567186  0.000  0.000  0.000  0.000
   0.87692    -13.564608  0.000  0.000  0.000  0.000
   0.90353    -13.561886  0.000  0.000  0.000  0.000
   0.93014    -13.558990  0.000  0.000  0.000  0.000
   0.95675    -13.555918  0.000  0.000  0.000  0.000
   0.98336    -13.552702  0.000  0.000  0.000  0.000
   1.00997    -13.549422  0.000  0.000  0.000  0.000
   1.03658    -13.546185  0.000  0.000  0.000  0.000
   1.06319    -13.543129  0.000  0.000  0.000  0.000
   1.08980    -13.540393  0.000  0.000  0.000  0.000
   1.11641    -13.538112  0.000  0.000  0.000  0.000
   1.14302    -13.536396  0.000  0.000  0.000  0.000
   1.16963    -13.535334  0.000  0.000  0.000  0.000
   1.19624    -13.534993  0.000  0.000  0.000  0.000
 
# Band-Index:   18
   1.19624    -13.534967  0.000  0.000  0.000  0.000
   1.16963    -13.534966  0.000  0.000  0.000  0.000
   1.14302    -13.534920  0.000  0.000  0.000  0.000
   1.11641    -13.534898  0.000  0.000  0.000  0.000
   1.08980    -13.534969  0.000  0.000  0.000  0.000
   1.06319    -13.535211  0.000  0.000  0.000  0.000
   1.03658    -13.535696  0.000  0.000  0.000  0.000
   1.00997    -13.536489  0.000  0.000  0.000  0.000
   0.98336    -13.537646  0.000  0.000  0.000  0.000
   0.95675    -13.539210  0.000  0.000  0.000  0.000
   0.93014    -13.541216  0.000  0.000  0.000  0.000
   0.90353    -13.543692  0.000  0.000  0.000  0.000
   0.87692    -13.546656  0.000  0.000  0.000  0.000
   0.85031    -13.550122  0.000  0.000  0.000  0.000
   0.82370    -13.554097  0.000  0.000  0.000  0.000
   0.79709    -13.558584  0.000  0.000  0.000  0.000
   0.77048    -13.563578  0.000  0.000  0.000  0.000
   0.74387    -13.569063  0.000  0.000  0.000  0.000
   0.71726    -13.575010  0.000  0.000  0.000  0.000
   0.69065    -13.581060  0.000  0.000  0.000  0.000
   0.69065    -13.581060  0.000  0.000  0.000  0.000
   0.67734    -13.577010  0.000  0.000  0.000  0.000
   0.66404    -13.572668  0.000  0.000  0.000  0.000
   0.65073    -13.568472  0.000  0.000  0.000  0.000
   0.63743    -13.564443  0.000  0.000  0.000  0.000
   0.62412    -13.560597  0.000  0.000  0.000  0.000
   0.61082    -13.556948  0.000  0.000  0.000  0.000
   0.59751    -13.553511  0.000  0.000  0.000  0.000
   0.58421    -13.550299  0.000  0.000  0.000  0.000
   0.57090    -13.547325  0.000  0.000  0.000  0.000
   0.55760    -13.544599  0.000  0.000  0.000  0.000
   0.54429    -13.542132  0.000  0.000  0.000  0.000
   0.53099    -13.539933  0.000  0.000  0.000  0.000
   0.51768    -13.538010  0.000  0.000  0.000  0.000
   0.50438    -13.536371  0.000  0.000  0.000  0.000
   0.49107    -13.535021  0.000  0.000  0.000  0.000
   0.47777    -13.533965  0.000  0.000  0.000  0.000
   0.46446    -13.533209  0.000  0.000  0.000  0.000
   0.45116    -13.532755  0.000  0.000  0.000  0.000
   0.43785    -13.532604  0.000  0.000  0.000  0.000
   0.43785    -13.532604  0.000  0.000  0.000  0.000
   0.41481    -13.532618  0.000  0.000  0.000  0.000
   0.39176    -13.532664  0.000  0.000  0.000  0.000
   0.36872    -13.532741  0.000  0.000  0.000  0.000
   0.34567    -13.532846  0.000  0.000  0.000  0.000
   0.32263    -13.532977  0.000  0.000  0.000  0.000
   0.29958    -13.533131  0.000  0.000  0.000  0.000
   0.27654    -13.533305  0.000  0.000  0.000  0.000
   0.25349    -13.533490  0.000  0.000  0.000  0.000
   0.23045    -13.533685  0.000  0.000  0.000  0.000
   0.20740    -13.533882  0.000  0.000  0.000  0.000
   0.18436    -13.534078  0.000  0.000  0.000  0.000
   0.16131    -13.534265  0.000  0.000  0.000  0.000
   0.13827    -13.534439  0.000  0.000  0.000  0.000
   0.11522    -13.534596  0.000  0.000  0.000  0.000
   0.09218    -13.534731  0.000  0.000  0.000  0.000
   0.06913    -13.534843  0.000  0.000  0.000  0.000
   0.04609    -13.534926  0.000  0.000  0.000  0.000
   0.02304    -13.534977  0.000  0.000  0.000  0.000
   0.00000    -13.534967  0.000  0.000  0.000  0.000
 
# Band-Index:   19
   0.00000     -8.431936  0.182  0.002  0.000  0.184
   0.02304     -8.429701  0.182  0.002  0.000  0.185
   0.04609     -8.423010  0.184  0.002  0.000  0.186
   0.06913     -8.411907  0.184  0.002  0.000  0.187
   0.09218     -8.396466  0.186  0.002  0.000  0.189
   0.11522     -8.376795  0.190  0.002  0.000  0.192
   0.13827     -8.353031  0.192  0.002  0.000  0.196
   0.16131     -8.325351  0.197  0.002  0.000  0.200
   0.18436     -8.293977  0.202  0.002  0.000  0.205
   0.20740     -8.259178  0.209  0.002  0.000  0.212
   0.23045     -8.221288  0.218  0.002  0.000  0.220
   0.25349     -8.180730  0.228  0.002  0.000  0.230
   0.27654     -8.138052  0.240  0.002  0.000  0.244
   0.29958     -8.093977  0.256  0.002  0.000  0.260
   0.32263     -8.049508  0.278  0.002  0.000  0.282
   0.34567     -8.006080  0.305  0.002  0.000  0.308
   0.36872     -7.965800  0.339  0.002  0.000  0.343
   0.39176     -7.931714  0.378  0.004  0.000  0.382
   0.41481     -7.907721  0.418  0.004  0.000  0.422
   0.43785     -7.897464  0.450  0.003  0.000  0.453
   0.43785     -7.897464  0.450  0.003  0.000  0.453
   0.45116     -7.896875  0.451  0.003  0.000  0.454
   0.46446     -7.895110  0.453  0.003  0.000  0.456
   0.47777     -7.892181  0.456  0.003  0.000  0.459
   0.49107     -7.888109  0.459  0.003  0.000  0.462
   0.50438     -7.882922  0.465  0.003  0.000  0.468
   0.51768     -7.876660  0.471  0.003  0.000  0.475
   0.53099     -7.869374  0.479  0.003  0.000  0.483
   0.54429     -7.861130  0.490  0.003  0.000  0.493
   0.55760     -7.852012  0.502  0.003  0.000  0.504
   0.57090     -7.842131  0.515  0.003  0.000  0.519
   0.58421     -7.831628  0.533  0.003  0.000  0.535
   0.59751     -7.820687  0.553  0.003  0.000  0.555
   0.61082     -7.809551  0.575  0.003  0.000  0.577
   0.62412     -7.798540  0.601  0.003  0.000  0.604
   0.63743     -7.788079  0.630  0.003  0.000  0.632
   0.65073     -7.778717  0.659  0.002  0.000  0.662
   0.66404     -7.771135  0.686  0.002  0.000  0.688
   0.67734     -7.766082  0.705  0.002  0.000  0.707
   0.69065     -7.764258  0.713  0.002  0.000  0.715
   0.69065     -7.764258  0.713  0.002  0.000  0.715
   0.71726     -7.772441  0.679  0.002  0.000  0.682
   0.74387     -7.797416  0.594  0.002  0.000  0.596
   0.77048     -7.836366  0.495  0.002  0.000  0.499
   0.79709     -7.884659  0.413  0.002  0.000  0.415
   0.82370     -7.938109  0.351  0.002  0.000  0.353
   0.85031     -7.993698  0.306  0.002  0.000  0.310
   0.87692     -8.049387  0.274  0.002  0.000  0.278
   0.90353     -8.103772  0.252  0.002  0.000  0.254
   0.93014     -8.155835  0.234  0.002  0.000  0.237
   0.95675     -8.204797  0.221  0.002  0.000  0.224
   0.98336     -8.250037  0.210  0.002  0.000  0.214
   1.00997     -8.291048  0.202  0.002  0.000  0.206
   1.03658     -8.327401  0.196  0.002  0.000  0.200
   1.06319     -8.358742  0.192  0.002  0.000  0.194
   1.08980     -8.384780  0.188  0.002  0.000  0.190
   1.11641     -8.405273  0.186  0.002  0.000  0.188
   1.14302     -8.420043  0.184  0.002  0.000  0.186
   1.16963     -8.428957  0.182  0.002  0.000  0.185
   1.19624     -8.431936  0.182  0.002  0.000  0.184
 
# Band-Index:   20
   1.19624     -8.309580  0.329  0.004  0.000  0.332
   1.16963     -8.307101  0.329  0.004  0.000  0.332
   1.14302     -8.299693  0.330  0.004  0.000  0.333
   1.11641     -8.287437  0.332  0.004  0.000  0.335
   1.08980     -8.270465  0.334  0.004  0.000  0.337
   1.06319     -8.248963  0.337  0.004  0.000  0.340
   1.03658     -8.223170  0.341  0.004  0.000  0.345
   1.00997     -8.193378  0.346  0.004  0.000  0.349
   0.98336     -8.159931  0.353  0.004  0.000  0.356
   0.95675     -8.123234  0.361  0.004  0.000  0.364
   0.93014     -8.083751  0.371  0.004  0.000  0.374
   0.90353     -8.042017  0.383  0.004  0.000  0.387
   0.87692     -7.998660  0.400  0.004  0.000  0.404
   0.85031     -7.954432  0.422  0.004  0.000  0.425
   0.82370     -7.910280  0.450  0.004  0.000  0.454
   0.79709     -7.867484  0.490  0.002  0.000  0.494
   0.77048     -7.827932  0.544  0.002  0.000  0.547
   0.74387     -7.794598  0.613  0.002  0.000  0.616
   0.71726     -7.771858  0.683  0.002  0.000  0.684
   0.69065     -7.763893  0.713  0.002  0.000  0.715
   0.69065     -7.763893  0.713  0.002  0.000  0.715
   0.67734     -7.765722  0.705  0.002  0.000  0.707
   0.66404     -7.770746  0.686  0.002  0.000  0.688
   0.65073     -7.778172  0.662  0.002  0.000  0.664
   0.63743     -7.787272  0.634  0.003  0.000  0.637
   0.62412     -7.797450  0.607  0.003  0.000  0.609
   0.61082     -7.808215  0.580  0.003  0.000  0.584
   0.59751     -7.819179  0.557  0.003  0.000  0.560
   0.58421     -7.830032  0.536  0.003  0.000  0.539
   0.57090     -7.840530  0.516  0.003  0.000  0.520
   0.55760     -7.850475  0.500  0.003  0.000  0.503
   0.54429     -7.859707  0.485  0.003  0.000  0.489
   0.53099     -7.868101  0.473  0.003  0.000  0.476
   0.51768     -7.875553  0.463  0.003  0.000  0.466
   0.50438     -7.881981  0.454  0.003  0.000  0.457
   0.49107     -7.887321  0.447  0.003  0.000  0.451
   0.47777     -7.891523  0.443  0.003  0.000  0.446
   0.46446     -7.894550  0.439  0.003  0.000  0.443
   0.45116     -7.896376  0.436  0.003  0.000  0.440
   0.43785     -7.896987  0.436  0.003  0.000  0.440
   0.43785     -7.896987  0.436  0.003  0.000  0.440
   0.41481     -7.900829  0.449  0.004  0.000  0.453
   0.39176     -7.916190  0.441  0.004  0.000  0.445
   0.36872     -7.940039  0.428  0.004  0.000  0.432
   0.34567     -7.969436  0.412  0.004  0.000  0.416
   0.32263     -8.002070  0.398  0.004  0.000  0.401
   0.29958     -8.036234  0.385  0.004  0.000  0.389
   0.27654     -8.070681  0.374  0.004  0.000  0.378
   0.25349     -8.104488  0.365  0.004  0.000  0.369
   0.23045     -8.136961  0.357  0.004  0.000  0.361
   0.20740     -8.167561  0.351  0.004  0.000  0.355
   0.18436     -8.195864  0.346  0.004  0.000  0.349
   0.16131     -8.221526  0.341  0.004  0.000  0.345
   0.13827     -8.244269  0.338  0.004  0.000  0.341
   0.11522     -8.263868  0.335  0.004  0.000  0.338
   0.09218     -8.280139  0.333  0.004  0.000  0.336
   0.06913     -8.292938  0.331  0.004  0.000  0.334
   0.04609     -8.302158  0.330  0.004  0.000  0.333
   0.02304     -8.307720  0.329  0.004  0.000  0.332
   0.00000     -8.309580  0.329  0.004  0.000  0.332
 
# Band-Index:   21
   0.00000     -7.890031  0.324  0.002  0.000  0.326
   0.02304     -7.888913  0.324  0.002  0.000  0.326
   0.04609     -7.885577  0.324  0.002  0.000  0.326
   0.06913     -7.880073  0.324  0.002  0.000  0.326
   0.09218     -7.872487  0.324  0.002  0.000  0.326
   0.11522     -7.862937  0.324  0.002  0.000  0.325
   0.13827     -7.851577  0.324  0.002  0.000  0.325
   0.16131     -7.838600  0.323  0.002  0.000  0.324
   0.18436     -7.824235  0.322  0.002  0.000  0.323
   0.20740     -7.808758  0.321  0.002  0.000  0.322
   0.23045     -7.792486  0.318  0.000  0.000  0.320
   0.25349     -7.775797  0.315  0.000  0.000  0.316
   0.27654     -7.759124  0.310  0.000  0.000  0.311
   0.29958     -7.742968  0.302  0.000  0.000  0.302
   0.32263     -7.727884  0.289  0.000  0.000  0.290
   0.34567     -7.714456  0.269  0.000  0.000  0.270
   0.36872     -7.703205  0.241  0.000  0.000  0.242
   0.39176     -7.694501  0.205  0.000  0.000  0.205
   0.41481     -7.688702  0.167  0.000  0.000  0.167
   0.43785     -7.686568  0.149  0.000  0.000  0.150
   0.43785     -7.686568  0.149  0.000  0.000  0.150
   0.45116     -7.686114  0.149  0.000  0.000  0.149
   0.46446     -7.684752  0.148  0.000  0.000  0.149
   0.47777     -7.682485  0.147  0.000  0.000  0.147
   0.49107     -7.679319  0.144  0.000  0.000  0.145
   0.50438     -7.675263  0.141  0.000  0.000  0.141
   0.51768     -7.670328  0.137  0.000  0.000  0.138
   0.53099     -7.664533  0.133  0.000  0.000  0.133
   0.54429     -7.657902  0.127  0.000  0.000  0.129
   0.55760     -7.650473  0.121  0.002  0.000  0.123
   0.57090     -7.642306  0.113  0.002  0.000  0.115
   0.58421     -7.633500  0.105  0.002  0.000  0.107
   0.59751     -7.624215  0.097  0.002  0.000  0.099
   0.61082     -7.614725  0.087  0.002  0.000  0.089
   0.62412     -7.605490  0.074  0.002  0.000  0.078
   0.63743     -7.597234  0.061  0.003  0.000  0.064
   0.65073     -7.591113  0.050  0.004  0.001  0.054
   0.66404     -7.591218  0.027  0.004  0.001  0.032
   0.67734     -7.590984  0.008  0.005  0.001  0.013
   0.69065     -7.590719  0.000  0.005  0.001  0.006
   0.69065     -7.590719  0.000  0.005  0.001  0.006
   0.71726     -7.594451  0.033  0.004  0.000  0.039
   0.74387     -7.609550  0.107  0.002  0.000  0.109
   0.77048     -7.631286  0.175  0.002  0.000  0.177
   0.79709     -7.654013  0.228  0.000  0.000  0.229
   0.82370     -7.676413  0.263  0.000  0.000  0.263
   0.85031     -7.698543  0.285  0.000  0.000  0.286
   0.87692     -7.720523  0.300  0.000  0.000  0.300
   0.90353     -7.742309  0.309  0.000  0.000  0.309
   0.93014     -7.763716  0.315  0.000  0.000  0.315
   0.95675     -7.784465  0.318  0.000  0.000  0.319
   0.98336     -7.804234  0.321  0.001  0.000  0.322
   1.00997     -7.822680  0.322  0.002  0.000  0.324
   1.03658     -7.839463  0.323  0.002  0.000  0.324
   1.06319     -7.854262  0.324  0.002  0.000  0.325
   1.08980     -7.866791  0.324  0.002  0.000  0.326
   1.11641     -7.876804  0.324  0.002  0.000  0.326
   1.14302     -7.884102  0.324  0.002  0.000  0.326
   1.16963     -7.888541  0.324  0.002  0.000  0.326
   1.19624     -7.890031  0.324  0.002  0.000  0.326
 
# Band-Index:   22
   1.19624     -7.476784  0.000  0.000  0.000  0.000
   1.16963     -7.476685  0.000  0.000  0.000  0.000
   1.14302     -7.476392  0.000  0.000  0.000  0.000
   1.11641     -7.475968  0.000  0.000  0.000  0.000
   1.08980     -7.475620  0.000  0.000  0.000  0.000
   1.06319     -7.475197  0.000  0.000  0.000  0.000
   1.03658     -7.474680  0.000  0.000  0.000  0.000
   1.00997     -7.474081  0.000  0.000  0.000  0.000
   0.98336     -7.473410  0.000  0.000  0.000  0.000
   0.95675     -7.472684  0.000  0.000  0.000  0.000
   0.93014     -7.471916  0.000  0.000  0.000  0.000
   0.90353     -7.477005  0.278  0.002  0.000  0.279
   0.87692     -7.490960  0.277  0.002  0.000  0.278
   0.85031     -7.506789  0.264  0.002  0.000  0.266
   0.82370     -7.523997  0.244  0.002  0.000  0.246
   0.79709     -7.541907  0.212  0.002  0.000  0.214
   0.77048     -7.559347  0.163  0.004  0.000  0.167
   0.74387     -7.574251  0.098  0.004  0.000  0.103
   0.71726     -7.583607  0.030  0.004  0.001  0.035
   0.69065     -7.585942  0.000  0.005  0.002  0.006
   0.69065     -7.585942  0.000  0.005  0.002  0.006
   0.67734     -7.585988  0.007  0.005  0.001  0.013
   0.66404     -7.587212  0.024  0.004  0.001  0.029
   0.65073     -7.590776  0.046  0.004  0.001  0.052
   0.63743     -7.590281  0.079  0.004  0.000  0.084
   0.62412     -7.589196  0.105  0.004  0.000  0.109
   0.61082     -7.587880  0.127  0.004  0.000  0.131
   0.59751     -7.586462  0.147  0.003  0.000  0.151
   0.58421     -7.585038  0.164  0.002  0.000  0.167
   0.57090     -7.583674  0.178  0.002  0.000  0.181
   0.55760     -7.582412  0.189  0.002  0.000  0.192
   0.54429     -7.581277  0.199  0.002  0.000  0.202
   0.53099     -7.580279  0.206  0.002  0.000  0.209
   0.51768     -7.579424  0.212  0.002  0.000  0.215
   0.50438     -7.578710  0.218  0.002  0.000  0.220
   0.49107     -7.578134  0.222  0.002  0.000  0.224
   0.47777     -7.577693  0.224  0.002  0.000  0.227
   0.46446     -7.577382  0.226  0.002  0.000  0.229
   0.45116     -7.577197  0.228  0.002  0.000  0.230
   0.43785     -7.577136  0.228  0.002  0.000  0.230
   0.43785     -7.577136  0.228  0.002  0.000  0.230
   0.41481     -7.571466  0.230  0.002  0.000  0.232
   0.39176     -7.557031  0.236  0.002  0.000  0.238
   0.36872     -7.538591  0.248  0.002  0.000  0.250
   0.34567     -7.519649  0.262  0.002  0.000  0.264
   0.32263     -7.502020  0.274  0.002  0.000  0.274
   0.29958     -7.486486  0.279  0.002  0.000  0.280
   0.27654     -7.473497  0.264  0.000  0.000  0.265
   0.25349     -7.472114  0.000  0.000  0.000  0.000
   0.23045     -7.472790  0.000  0.000  0.000  0.000
   0.20740     -7.473435  0.000  0.000  0.000  0.000
   0.18436     -7.474036  0.000  0.000  0.000  0.000
   0.16131     -7.474579  0.000  0.000  0.000  0.000
   0.13827     -7.475056  0.000  0.000  0.000  0.000
   0.11522     -7.475457  0.000  0.000  0.000  0.000
   0.09218     -7.475779  0.000  0.000  0.000  0.000
   0.06913     -7.476131  0.000  0.000  0.000  0.000
   0.04609     -7.476490  0.000  0.000  0.000  0.000
   0.02304     -7.476710  0.000  0.000  0.000  0.000
   0.00000     -7.476784  0.000  0.000  0.000  0.000
 
# Band-Index:   23
   0.00000     -7.476784  0.000  0.000  0.000  0.000
   0.02304     -7.476605  0.000  0.000  0.000  0.000
   0.04609     -7.476186  0.000  0.000  0.000  0.000
   0.06913     -7.476020  0.000  0.000  0.000  0.000
   0.09218     -7.475640  0.000  0.000  0.000  0.000
   0.11522     -7.475033  0.000  0.000  0.000  0.000
   0.13827     -7.474323  0.000  0.000  0.000  0.000
   0.16131     -7.473531  0.000  0.000  0.000  0.000
   0.18436     -7.472678  0.000  0.000  0.000  0.000
   0.20740     -7.471785  0.000  0.000  0.000  0.000
   0.23045     -7.470878  0.000  0.000  0.000  0.000
   0.25349     -7.469981  0.000  0.000  0.000  0.000
   0.27654     -7.471373  0.005  0.000  0.000  0.005
   0.29958     -7.470707  0.000  0.000  0.000  0.000
   0.32263     -7.470031  0.000  0.000  0.000  0.000
   0.34567     -7.469397  0.000  0.000  0.000  0.000
   0.36872     -7.468836  0.000  0.000  0.000  0.000
   0.39176     -7.468387  0.000  0.000  0.000  0.000
   0.41481     -7.468093  0.000  0.000  0.000  0.000
   0.43785     -7.467990  0.000  0.000  0.000  0.000
   0.43785     -7.467990  0.000  0.000  0.000  0.000
   0.45116     -7.467985  0.000  0.000  0.000  0.000
   0.46446     -7.467971  0.000  0.000  0.000  0.000
   0.47777     -7.467946  0.000  0.000  0.000  0.000
   0.49107     -7.467909  0.000  0.000  0.000  0.000
   0.50438     -7.467858  0.000  0.000  0.000  0.000
   0.51768     -7.467791  0.000  0.000  0.000  0.000
   0.53099     -7.467707  0.000  0.000  0.000  0.000
   0.54429     -7.467605  0.000  0.000  0.000  0.000
   0.55760     -7.467485  0.000  0.000  0.000  0.000
   0.57090     -7.467348  0.000  0.000  0.000  0.000
   0.58421     -7.467195  0.000  0.000  0.000  0.000
   0.59751     -7.467040  0.000  0.000  0.000  0.000
   0.61082     -7.467044  0.004  0.000  0.000  0.004
   0.62412     -7.473320  0.030  0.002  0.000  0.033
   0.63743     -7.479833  0.018  0.002  0.000  0.020
   0.65073     -7.482633  0.008  0.000  0.000  0.008
   0.66404     -7.480357  0.002  0.000  0.000  0.002
   0.67734     -7.472567  0.000  0.000  0.000  0.000
   0.69065     -7.465592  0.000  0.000  0.000  0.000
   0.69065     -7.465592  0.000  0.000  0.000  0.000
   0.71726     -7.478122  0.000  0.000  0.000  0.002
   0.74387     -7.469379  0.012  0.002  0.000  0.014
   0.77048     -7.467224  0.000  0.000  0.000  0.000
   0.79709     -7.467952  0.000  0.000  0.000  0.000
   0.82370     -7.468719  0.000  0.000  0.000  0.000
   0.85031     -7.469510  0.000  0.000  0.000  0.000
   0.87692     -7.470315  0.000  0.000  0.000  0.000
   0.90353     -7.471122  0.000  0.000  0.000  0.000
   0.93014     -7.467733  0.000  0.000  0.000  0.000
   0.95675     -7.469285  0.000  0.000  0.000  0.000
   0.98336     -7.470743  0.000  0.000  0.000  0.000
   1.00997     -7.472082  0.000  0.000  0.000  0.000
   1.03658     -7.473283  0.000  0.000  0.000  0.000
   1.06319     -7.474325  0.000  0.000  0.000  0.000
   1.08980     -7.475192  0.000  0.000  0.000  0.000
   1.11641     -7.475850  0.000  0.000  0.000  0.000
   1.14302     -7.476138  0.000  0.000  0.000  0.000
   1.16963     -7.476545  0.000  0.000  0.000  0.000
   1.19624     -7.476784  0.000  0.000  0.000  0.000
 
# Band-Index:   24
   1.19624     -7.476306  0.000  0.000  0.000  0.000
   1.16963     -7.476266  0.000  0.000  0.000  0.000
   1.14302     -7.475840  0.000  0.000  0.000  0.000
   1.11641     -7.474709  0.000  0.000  0.000  0.000
   1.08980     -7.473219  0.000  0.000  0.000  0.000
   1.06319     -7.471469  0.000  0.000  0.000  0.000
   1.03658     -7.469609  0.002  0.000  0.000  0.002
   1.00997     -7.467841  0.002  0.000  0.000  0.002
   0.98336     -7.466353  0.002  0.000  0.000  0.002
   0.95675     -7.465200  0.004  0.000  0.000  0.004
   0.93014     -7.466231  0.192  0.000  0.000  0.192
   0.90353     -7.466112  0.000  0.000  0.000  0.000
   0.87692     -7.464450  0.000  0.000  0.000  0.000
   0.85031     -7.462907  0.000  0.000  0.000  0.000
   0.82370     -7.462952  0.000  0.000  0.000  0.000
   0.79709     -7.463275  0.000  0.000  0.000  0.000
   0.77048     -7.463719  0.000  0.000  0.000  0.000
   0.74387     -7.466438  0.000  0.000  0.000  0.000
   0.71726     -7.465855  0.000  0.000  0.000  0.000
   0.69065     -7.465371  0.000  0.000  0.000  0.000
   0.69065     -7.465371  0.000  0.000  0.000  0.000
   0.67734     -7.465505  0.000  0.000  0.000  0.000
   0.66404     -7.465810  0.000  0.000  0.000  0.000
   0.65073     -7.466067  0.000  0.000  0.000  0.000
   0.63743     -7.466298  0.000  0.000  0.000  0.000
   0.62412     -7.466475  0.000  0.000  0.000  0.000
   0.61082     -7.464123  0.038  0.002  0.000  0.040
   0.59751     -7.463982  0.000  0.000  0.000  0.000
   0.58421     -7.463932  0.000  0.000  0.000  0.000
   0.57090     -7.463943  0.000  0.000  0.000  0.000
   0.55760     -7.464026  0.000  0.000  0.000  0.000
   0.54429     -7.464187  0.000  0.000  0.000  0.000
   0.53099     -7.464415  0.000  0.000  0.000  0.000
   0.51768     -7.464687  0.000  0.000  0.000  0.000
   0.50438     -7.464972  0.000  0.000  0.000  0.000
   0.49107     -7.465241  0.000  0.000  0.000  0.000
   0.47777     -7.465471  0.000  0.000  0.000  0.000
   0.46446     -7.465646  0.000  0.000  0.000  0.000
   0.45116     -7.465754  0.000  0.000  0.000  0.000
   0.43785     -7.465791  0.000  0.000  0.000  0.000
   0.43785     -7.465791  0.000  0.000  0.000  0.000
   0.41481     -7.465867  0.000  0.000  0.000  0.000
   0.39176     -7.466094  0.000  0.000  0.000  0.000
   0.36872     -7.466465  0.000  0.000  0.000  0.000
   0.34567     -7.466969  0.000  0.000  0.000  0.000
   0.32263     -7.467591  0.000  0.000  0.000  0.000
   0.29958     -7.468315  0.000  0.000  0.000  0.000
   0.27654     -7.469119  0.000  0.000  0.000  0.000
   0.25349     -7.464958  0.126  0.000  0.000  0.126
   0.23045     -7.464251  0.018  0.000  0.000  0.018
   0.20740     -7.465562  0.006  0.000  0.000  0.006
   0.18436     -7.467286  0.002  0.000  0.000  0.002
   0.16131     -7.469122  0.002  0.000  0.000  0.002
   0.13827     -7.470918  0.000  0.000  0.000  0.000
   0.11522     -7.472576  0.000  0.000  0.000  0.000
   0.09218     -7.474021  0.000  0.000  0.000  0.000
   0.06913     -7.475200  0.000  0.000  0.000  0.000
   0.04609     -7.476068  0.000  0.000  0.000  0.000
   0.02304     -7.476276  0.000  0.000  0.000  0.000
   0.00000     -7.476306  0.000  0.000  0.000  0.000
 
# Band-Index:   25
   0.00000     -7.469108  0.000  0.000  0.000  0.000
   0.02304     -7.469046  0.000  0.000  0.000  0.000
   0.04609     -7.468863  0.000  0.000  0.000  0.000
   0.06913     -7.468563  0.000  0.000  0.000  0.000
   0.09218     -7.468155  0.000  0.000  0.000  0.000
   0.11522     -7.467650  0.000  0.000  0.000  0.000
   0.13827     -7.467063  0.000  0.000  0.000  0.000
   0.16131     -7.466408  0.000  0.000  0.000  0.000
   0.18436     -7.465705  0.000  0.000  0.000  0.000
   0.20740     -7.464973  0.000  0.000  0.000  0.000
   0.23045     -7.464232  0.000  0.000  0.000  0.000
   0.25349     -7.463502  0.000  0.000  0.000  0.000
   0.27654     -7.462803  0.000  0.000  0.000  0.000
   0.29958     -7.462155  0.000  0.000  0.000  0.000
   0.32263     -7.461575  0.000  0.000  0.000  0.000
   0.34567     -7.461078  0.000  0.000  0.000  0.000
   0.36872     -7.460819  0.000  0.000  0.000  0.000
   0.39176     -7.461026  0.000  0.000  0.000  0.000
   0.41481     -7.461177  0.000  0.000  0.000  0.000
   0.43785     -7.461231  0.000  0.000  0.000  0.000
   0.43785     -7.461231  0.000  0.000  0.000  0.000
   0.45116     -7.461229  0.000  0.000  0.000  0.000
   0.46446     -7.461219  0.000  0.000  0.000  0.000
   0.47777     -7.461198  0.000  0.000  0.000  0.000
   0.49107     -7.461159  0.000  0.000  0.000  0.000
   0.50438     -7.461090  0.000  0.000  0.000  0.000
   0.51768     -7.460973  0.000  0.000  0.000  0.000
   0.53099     -7.460785  0.000  0.000  0.000  0.000
   0.54429     -7.460503  0.000  0.000  0.000  0.000
   0.55760     -7.460111  0.000  0.000  0.000  0.000
   0.57090     -7.459610  0.000  0.000  0.000  0.000
   0.58421     -7.459016  0.000  0.000  0.000  0.000
   0.59751     -7.458350  0.000  0.000  0.000  0.000
   0.61082     -7.464077  0.004  0.000  0.000  0.004
   0.62412     -7.464220  0.000  0.000  0.000  0.000
   0.63743     -7.464392  0.000  0.000  0.000  0.000
   0.65073     -7.464593  0.000  0.000  0.000  0.000
   0.66404     -7.464817  0.000  0.000  0.000  0.000
   0.67734     -7.465055  0.000  0.000  0.000  0.000
   0.69065     -7.459822  0.000  0.000  0.000  0.000
   0.69065     -7.459822  0.000  0.000  0.000  0.000
   0.71726     -7.464779  0.000  0.000  0.000  0.000
   0.74387     -7.464232  0.000  0.000  0.000  0.000
   0.77048     -7.458378  0.002  0.000  0.000  0.002
   0.79709     -7.459527  0.000  0.000  0.000  0.000
   0.82370     -7.461092  0.000  0.000  0.000  0.000
   0.85031     -7.462652  0.000  0.000  0.000  0.000
   0.87692     -7.462904  0.000  0.000  0.000  0.000
   0.90353     -7.463313  0.002  0.000  0.000  0.002
   0.93014     -7.463791  0.024  0.000  0.000  0.024
   0.95675     -7.462612  0.030  0.000  0.000  0.030
   0.98336     -7.463604  0.006  0.000  0.000  0.006
   1.00997     -7.464946  0.002  0.000  0.000  0.002
   1.03658     -7.466115  0.000  0.000  0.000  0.000
   1.06319     -7.467053  0.000  0.000  0.000  0.000
   1.08980     -7.467797  0.000  0.000  0.000  0.000
   1.11641     -7.468369  0.000  0.000  0.000  0.000
   1.14302     -7.468779  0.000  0.000  0.000  0.000
   1.16963     -7.469026  0.000  0.000  0.000  0.000
   1.19624     -7.469108  0.000  0.000  0.000  0.000
 
# Band-Index:   26
   1.19624     -7.469108  0.000  0.000  0.000  0.000
   1.16963     -7.468867  0.000  0.000  0.000  0.000
   1.14302     -7.468162  0.000  0.000  0.000  0.000
   1.11641     -7.467038  0.000  0.000  0.000  0.000
   1.08980     -7.465560  0.000  0.000  0.000  0.000
   1.06319     -7.463802  0.000  0.000  0.000  0.000
   1.03658     -7.461847  0.000  0.000  0.000  0.000
   1.00997     -7.459782  0.000  0.000  0.000  0.000
   0.98336     -7.457698  0.000  0.000  0.000  0.000
   0.95675     -7.455687  0.000  0.000  0.000  0.000
   0.93014     -7.457941  0.072  0.000  0.000  0.074
   0.90353     -7.458157  0.010  0.000  0.000  0.010
   0.87692     -7.457472  0.002  0.000  0.000  0.002
   0.85031     -7.456607  0.000  0.000  0.000  0.000
   0.82370     -7.455621  0.000  0.000  0.000  0.000
   0.79709     -7.454562  0.000  0.000  0.000  0.000
   0.77048     -7.453484  0.000  0.000  0.000  0.000
   0.74387     -7.455282  0.000  0.000  0.000  0.002
   0.71726     -7.454622  0.000  0.000  0.000  0.000
   0.69065     -7.459174  0.000  0.000  0.000  0.000
   0.69065     -7.459174  0.000  0.000  0.000  0.000
   0.67734     -7.454407  0.000  0.000  0.000  0.000
   0.66404     -7.454865  0.000  0.000  0.000  0.000
   0.65073     -7.455480  0.000  0.000  0.000  0.000
   0.63743     -7.456174  0.000  0.000  0.000  0.000
   0.62412     -7.456903  0.000  0.000  0.000  0.000
   0.61082     -7.457636  0.000  0.000  0.000  0.000
   0.59751     -7.455747  0.022  0.000  0.000  0.022
   0.58421     -7.455557  0.000  0.000  0.000  0.000
   0.57090     -7.456174  0.000  0.000  0.000  0.000
   0.55760     -7.456816  0.000  0.000  0.000  0.000
   0.54429     -7.457436  0.000  0.000  0.000  0.000
   0.53099     -7.458016  0.000  0.000  0.000  0.000
   0.51768     -7.458545  0.000  0.000  0.000  0.000
   0.50438     -7.459012  0.000  0.000  0.000  0.000
   0.49107     -7.459407  0.000  0.000  0.000  0.000
   0.47777     -7.459724  0.000  0.000  0.000  0.000
   0.46446     -7.459955  0.000  0.000  0.000  0.000
   0.45116     -7.460096  0.000  0.000  0.000  0.000
   0.43785     -7.460144  0.000  0.000  0.000  0.000
   0.43785     -7.460144  0.000  0.000  0.000  0.000
   0.41481     -7.460204  0.000  0.000  0.000  0.000
   0.39176     -7.460383  0.000  0.000  0.000  0.000
   0.36872     -7.460677  0.000  0.000  0.000  0.000
   0.34567     -7.460612  0.002  0.000  0.000  0.002
   0.32263     -7.460466  0.002  0.000  0.000  0.002
   0.29958     -7.460438  0.004  0.000  0.000  0.004
   0.27654     -7.460460  0.018  0.000  0.000  0.018
   0.25349     -7.458918  0.134  0.000  0.000  0.136
   0.23045     -7.456307  0.034  0.000  0.000  0.034
   0.20740     -7.457768  0.004  0.000  0.000  0.004
   0.18436     -7.459649  0.002  0.000  0.000  0.002
   0.16131     -7.461533  0.000  0.000  0.000  0.000
   0.13827     -7.463321  0.000  0.000  0.000  0.000
   0.11522     -7.464949  0.000  0.000  0.000  0.000
   0.09218     -7.466367  0.000  0.000  0.000  0.000
   0.06913     -7.467528  0.000  0.000  0.000  0.000
   0.04609     -7.468393  0.000  0.000  0.000  0.000
   0.02304     -7.468927  0.000  0.000  0.000  0.000
   0.00000     -7.469108  0.000  0.000  0.000  0.000
 
# Band-Index:   27
   0.00000     -7.453545  0.002  0.000  0.000  0.002
   0.02304     -7.453557  0.002  0.000  0.000  0.002
   0.04609     -7.453595  0.002  0.000  0.000  0.002
   0.06913     -7.453656  0.002  0.000  0.000  0.002
   0.09218     -7.453737  0.002  0.000  0.000  0.002
   0.11522     -7.453831  0.002  0.000  0.000  0.002
   0.13827     -7.453927  0.001  0.000  0.000  0.002
   0.16131     -7.454007  0.002  0.000  0.000  0.002
   0.18436     -7.454041  0.002  0.000  0.000  0.002
   0.20740     -7.453983  0.002  0.000  0.000  0.002
   0.23045     -7.453809  0.008  0.000  0.000  0.008
   0.25349     -7.453182  0.002  0.000  0.000  0.002
   0.27654     -7.452034  0.000  0.000  0.000  0.000
   0.29958     -7.450814  0.000  0.000  0.000  0.000
   0.32263     -7.449495  0.000  0.000  0.000  0.000
   0.34567     -7.448220  0.000  0.000  0.000  0.000
   0.36872     -7.447104  0.000  0.000  0.000  0.000
   0.39176     -7.446230  0.000  0.000  0.000  0.000
   0.41481     -7.445662  0.000  0.000  0.000  0.000
   0.43785     -7.445462  0.000  0.000  0.000  0.000
   0.43785     -7.445462  0.000  0.000  0.000  0.000
   0.45116     -7.445482  0.000  0.000  0.000  0.000
   0.46446     -7.445543  0.000  0.000  0.000  0.000
   0.47777     -7.445644  0.000  0.000  0.000  0.000
   0.49107     -7.445785  0.000  0.000  0.000  0.000
   0.50438     -7.445966  0.000  0.000  0.000  0.000
   0.51768     -7.446185  0.000  0.000  0.000  0.000
   0.53099     -7.446444  0.000  0.000  0.000  0.000
   0.54429     -7.446739  0.000  0.000  0.000  0.000
   0.55760     -7.447071  0.000  0.000  0.000  0.000
   0.57090     -7.447438  0.000  0.000  0.000  0.000
   0.58421     -7.447838  0.000  0.000  0.000  0.000
   0.59751     -7.452937  0.038  0.002  0.000  0.040
   0.61082     -7.453825  0.000  0.000  0.000  0.001
   0.62412     -7.453227  0.000  0.000  0.000  0.000
   0.63743     -7.452600  0.000  0.000  0.000  0.000
   0.65073     -7.452013  0.000  0.000  0.000  0.000
   0.66404     -7.451509  0.000  0.000  0.000  0.000
   0.67734     -7.451256  0.000  0.000  0.000  0.000
   0.69065     -7.454164  0.000  0.000  0.000  0.000
   0.69065     -7.454164  0.000  0.000  0.000  0.000
   0.71726     -7.451609  0.000  0.000  0.000  0.000
   0.74387     -7.452450  0.000  0.000  0.000  0.000
   0.77048     -7.449445  0.000  0.000  0.000  0.000
   0.79709     -7.449227  0.000  0.000  0.000  0.000
   0.82370     -7.449411  0.000  0.000  0.000  0.000
   0.85031     -7.450009  0.000  0.000  0.000  0.000
   0.87692     -7.450986  0.000  0.000  0.000  0.000
   0.90353     -7.452253  0.000  0.000  0.000  0.000
   0.93014     -7.453839  0.000  0.000  0.000  0.000
   0.95675     -7.454187  0.046  0.000  0.000  0.046
   0.98336     -7.454048  0.004  0.000  0.000  0.004
   1.00997     -7.454075  0.002  0.000  0.000  0.002
   1.03658     -7.454014  0.002  0.000  0.000  0.002
   1.06319     -7.453909  0.001  0.000  0.000  0.002
   1.08980     -7.453795  0.002  0.000  0.000  0.002
   1.11641     -7.453691  0.002  0.000  0.000  0.002
   1.14302     -7.453612  0.002  0.000  0.000  0.002
   1.16963     -7.453562  0.002  0.000  0.000  0.002
   1.19624     -7.453545  0.002  0.000  0.000  0.002
 
# Band-Index:   28
   1.19624     -7.419008  0.310  0.000  0.000  0.310
   1.16963     -7.419270  0.310  0.000  0.000  0.310
   1.14302     -7.420083  0.310  0.000  0.000  0.310
   1.11641     -7.421527  0.310  0.000  0.000  0.310
   1.08980     -7.423727  0.310  0.000  0.000  0.310
   1.06319     -7.426846  0.308  0.000  0.000  0.308
   1.03658     -7.431064  0.306  0.000  0.000  0.307
   1.00997     -7.436555  0.303  0.000  0.000  0.304
   0.98336     -7.443419  0.294  0.000  0.000  0.294
   0.95675     -7.451107  0.220  0.000  0.000  0.222
   0.93014     -7.452723  0.008  0.000  0.000  0.008
   0.90353     -7.451823  0.002  0.000  0.000  0.002
   0.87692     -7.450662  0.000  0.000  0.000  0.000
   0.85031     -7.449600  0.000  0.000  0.000  0.000
   0.82370     -7.448758  0.000  0.000  0.000  0.000
   0.79709     -7.448211  0.000  0.000  0.000  0.000
   0.77048     -7.448005  0.000  0.000  0.000  0.000
   0.74387     -7.449936  0.000  0.000  0.000  0.000
   0.71726     -7.450614  0.000  0.000  0.000  0.000
   0.69065     -7.450969  0.000  0.000  0.000  0.000
   0.69065     -7.450969  0.000  0.000  0.000  0.000
   0.67734     -7.451023  0.000  0.000  0.000  0.000
   0.66404     -7.450651  0.000  0.000  0.000  0.000
   0.65073     -7.450186  0.000  0.000  0.000  0.000
   0.63743     -7.449696  0.000  0.000  0.000  0.000
   0.62412     -7.449204  0.000  0.000  0.000  0.000
   0.61082     -7.448725  0.000  0.000  0.000  0.000
   0.59751     -7.448268  0.000  0.000  0.000  0.000
   0.58421     -7.446331  0.002  0.000  0.000  0.002
   0.57090     -7.445976  0.000  0.000  0.000  0.000
   0.55760     -7.445685  0.000  0.000  0.000  0.000
   0.54429     -7.445424  0.000  0.000  0.000  0.000
   0.53099     -7.445192  0.000  0.000  0.000  0.000
   0.51768     -7.444989  0.000  0.000  0.000  0.000
   0.50438     -7.444816  0.000  0.000  0.000  0.000
   0.49107     -7.444674  0.000  0.000  0.000  0.000
   0.47777     -7.444562  0.000  0.000  0.000  0.000
   0.46446     -7.444483  0.000  0.000  0.000  0.000
   0.45116     -7.444435  0.000  0.000  0.000  0.000
   0.43785     -7.444419  0.000  0.000  0.000  0.000
   0.43785     -7.444419  0.000  0.000  0.000  0.000
   0.41481     -7.444574  0.000  0.000  0.000  0.000
   0.39176     -7.445036  0.000  0.000  0.000  0.000
   0.36872     -7.445795  0.000  0.000  0.000  0.000
   0.34567     -7.446834  0.000  0.000  0.000  0.000
   0.32263     -7.448121  0.000  0.000  0.000  0.000
   0.29958     -7.449610  0.002  0.000  0.000  0.002
   0.27654     -7.451189  0.006  0.000  0.000  0.006
   0.25349     -7.452275  0.036  0.000  0.000  0.036
   0.23045     -7.449291  0.243  0.000  0.000  0.244
   0.20740     -7.442473  0.294  0.000  0.000  0.294
   0.18436     -7.436420  0.302  0.000  0.000  0.303
   0.16131     -7.431505  0.306  0.000  0.000  0.306
   0.13827     -7.427635  0.308  0.000  0.000  0.308
   0.11522     -7.424664  0.309  0.000  0.000  0.310
   0.09218     -7.422449  0.310  0.000  0.000  0.310
   0.06913     -7.420864  0.310  0.000  0.000  0.310
   0.04609     -7.419807  0.310  0.000  0.000  0.310
   0.02304     -7.419204  0.310  0.000  0.000  0.310
   0.00000     -7.419008  0.310  0.000  0.000  0.310
 
# Band-Index:   29
   0.00000     -7.248084  0.000  0.000  0.000  0.000
   0.02304     -7.248011  0.000  0.000  0.000  0.000
   0.04609     -7.247814  0.000  0.000  0.000  0.000
   0.06913     -7.247493  0.000  0.000  0.000  0.000
   0.09218     -7.247056  0.000  0.000  0.000  0.000
   0.11522     -7.246515  0.000  0.000  0.000  0.000
   0.13827     -7.245884  0.000  0.000  0.000  0.000
   0.16131     -7.245181  0.000  0.000  0.000  0.000
   0.18436     -7.244425  0.000  0.000  0.000  0.000
   0.20740     -7.243636  0.000  0.000  0.000  0.000
   0.23045     -7.242836  0.000  0.000  0.000  0.000
   0.25349     -7.242047  0.000  0.000  0.000  0.000
   0.27654     -7.241290  0.000  0.000  0.000  0.000
   0.29958     -7.240586  0.000  0.000  0.000  0.000
   0.32263     -7.255132  0.118  0.002  0.000  0.121
   0.34567     -7.289042  0.135  0.002  0.000  0.138
   0.36872     -7.322357  0.133  0.002  0.000  0.136
   0.39176     -7.349570  0.130  0.002  0.000  0.134
   0.41481     -7.367399  0.130  0.002  0.000  0.133
   0.43785     -7.373616  0.129  0.002  0.000  0.133
   0.43785     -7.373616  0.129  0.002  0.000  0.133
   0.45116     -7.374262  0.129  0.002  0.000  0.132
   0.46446     -7.376194  0.128  0.002  0.000  0.131
   0.47777     -7.379397  0.126  0.002  0.000  0.129
   0.49107     -7.383838  0.123  0.002  0.000  0.126
   0.50438     -7.389474  0.119  0.002  0.000  0.122
   0.51768     -7.396244  0.114  0.002  0.000  0.118
   0.53099     -7.404068  0.108  0.002  0.000  0.112
   0.54429     -7.412841  0.101  0.002  0.000  0.104
   0.55760     -7.422423  0.093  0.002  0.000  0.096
   0.57090     -7.432621  0.083  0.002  0.000  0.086
   0.58421     -7.443113  0.070  0.002  0.000  0.073
   0.59751     -7.446577  0.000  0.000  0.000  0.000
   0.61082     -7.446943  0.000  0.000  0.000  0.000
   0.62412     -7.447313  0.000  0.000  0.000  0.000
   0.63743     -7.447687  0.000  0.000  0.000  0.000
   0.65073     -7.448055  0.000  0.000  0.000  0.000
   0.66404     -7.448389  0.000  0.000  0.000  0.000
   0.67734     -7.448642  0.000  0.000  0.000  0.000
   0.69065     -7.450668  0.000  0.000  0.000  0.000
   0.69065     -7.450668  0.000  0.000  0.000  0.000
   0.71726     -7.448492  0.000  0.000  0.000  0.000
   0.74387     -7.448128  0.000  0.000  0.000  0.000
   0.77048     -7.437518  0.040  0.002  0.000  0.044
   0.79709     -7.397066  0.072  0.002  0.000  0.076
   0.82370     -7.350802  0.099  0.003  0.000  0.102
   0.85031     -7.302449  0.117  0.002  0.000  0.120
   0.87692     -7.257562  0.108  0.002  0.000  0.111
   0.90353     -7.239230  0.004  0.000  0.000  0.004
   0.93014     -7.240341  0.000  0.000  0.000  0.000
   0.95675     -7.241634  0.000  0.000  0.000  0.000
   0.98336     -7.242871  0.000  0.000  0.000  0.000
   1.00997     -7.244015  0.000  0.000  0.000  0.000
   1.03658     -7.245044  0.000  0.000  0.000  0.000
   1.06319     -7.245942  0.000  0.000  0.000  0.000
   1.08980     -7.246696  0.000  0.000  0.000  0.000
   1.11641     -7.247294  0.000  0.000  0.000  0.000
   1.14302     -7.247728  0.000  0.000  0.000  0.000
   1.16963     -7.247991  0.000  0.000  0.000  0.000
   1.19624     -7.248084  0.000  0.000  0.000  0.000
 
# Band-Index:   30
   1.19624     -7.248077  0.000  0.000  0.000  0.000
   1.16963     -7.247835  0.000  0.000  0.000  0.000
   1.14302     -7.247103  0.000  0.000  0.000  0.000
   1.11641     -7.245920  0.000  0.000  0.000  0.000
   1.08980     -7.244335  0.000  0.000  0.000  0.000
   1.06319     -7.242419  0.000  0.000  0.000  0.000
   1.03658     -7.240255  0.000  0.000  0.000  0.000
   1.00997     -7.237935  0.000  0.000  0.000  0.000
   0.98336     -7.235559  0.000  0.000  0.000  0.000
   0.95675     -7.233228  0.000  0.000  0.000  0.000
   0.93014     -7.231041  0.000  0.000  0.000  0.000
   0.90353     -7.232158  0.036  0.000  0.000  0.038
   0.87692     -7.237091  0.002  0.000  0.000  0.002
   0.85031     -7.235753  0.000  0.000  0.000  0.000
   0.82370     -7.234285  0.000  0.000  0.000  0.000
   0.79709     -7.258786  0.012  0.002  0.000  0.014
   0.77048     -7.319575  0.006  0.000  0.000  0.007
   0.74387     -7.374610  0.002  0.000  0.000  0.002
   0.71726     -7.422128  0.000  0.000  0.000  0.000
   0.69065     -7.448741  0.000  0.000  0.000  0.000
   0.69065     -7.448741  0.000  0.000  0.000  0.000
   0.67734     -7.441911  0.000  0.000  0.000  0.000
   0.66404     -7.421948  0.000  0.000  0.000  0.001
   0.65073     -7.400100  0.002  0.000  0.000  0.002
   0.63743     -7.377382  0.004  0.000  0.000  0.006
   0.62412     -7.354467  0.008  0.000  0.000  0.008
   0.61082     -7.331882  0.010  0.000  0.000  0.012
   0.59751     -7.310095  0.014  0.002  0.000  0.014
   0.58421     -7.289590  0.016  0.002  0.000  0.018
   0.57090     -7.270995  0.018  0.002  0.000  0.020
   0.55760     -7.255244  0.018  0.000  0.000  0.020
   0.54429     -7.243553  0.016  0.000  0.000  0.016
   0.53099     -7.236341  0.010  0.000  0.000  0.012
   0.51768     -7.236744  0.000  0.000  0.000  0.000
   0.50438     -7.237233  0.000  0.000  0.000  0.000
   0.49107     -7.237642  0.000  0.000  0.000  0.000
   0.47777     -7.237966  0.000  0.000  0.000  0.000
   0.46446     -7.238201  0.000  0.000  0.000  0.000
   0.45116     -7.238343  0.000  0.000  0.000  0.000
   0.43785     -7.238391  0.000  0.000  0.000  0.000
   0.43785     -7.238391  0.000  0.000  0.000  0.000
   0.41481     -7.238457  0.000  0.000  0.000  0.000
   0.39176     -7.238653  0.000  0.000  0.000  0.000
   0.36872     -7.238975  0.000  0.000  0.000  0.000
   0.34567     -7.239413  0.000  0.000  0.000  0.000
   0.32263     -7.239955  0.000  0.000  0.000  0.000
   0.29958     -7.234185  0.048  0.000  0.000  0.049
   0.27654     -7.229663  0.006  0.000  0.000  0.006
   0.25349     -7.231245  0.000  0.000  0.000  0.000
   0.23045     -7.233377  0.000  0.000  0.000  0.000
   0.20740     -7.235598  0.000  0.000  0.000  0.000
   0.18436     -7.237807  0.000  0.000  0.000  0.000
   0.16131     -7.239932  0.000  0.000  0.000  0.000
   0.13827     -7.241910  0.000  0.000  0.000  0.000
   0.11522     -7.243686  0.000  0.000  0.000  0.000
   0.09218     -7.245211  0.000  0.000  0.000  0.000
   0.06913     -7.246442  0.000  0.000  0.000  0.000
   0.04609     -7.247346  0.000  0.000  0.000  0.000
   0.02304     -7.247899  0.000  0.000  0.000  0.000
   0.00000     -7.248077  0.000  0.000  0.000  0.000
 
# Band-Index:   31
   0.00000     -7.222697  0.002  0.000  0.000  0.002
   0.02304     -7.222701  0.002  0.000  0.000  0.002
   0.04609     -7.222710  0.002  0.000  0.000  0.002
   0.06913     -7.222730  0.002  0.000  0.000  0.002
   0.09218     -7.222764  0.002  0.000  0.000  0.002
   0.11522     -7.222819  0.002  0.000  0.000  0.002
   0.13827     -7.222908  0.002  0.000  0.000  0.002
   0.16131     -7.223048  0.002  0.000  0.000  0.002
   0.18436     -7.223265  0.004  0.000  0.000  0.004
   0.20740     -7.223607  0.004  0.000  0.000  0.004
   0.23045     -7.224161  0.006  0.000  0.000  0.006
   0.25349     -7.225117  0.008  0.000  0.000  0.008
   0.27654     -7.226757  0.012  0.000  0.000  0.012
   0.29958     -7.226563  0.002  0.000  0.000  0.002
   0.32263     -7.224993  0.000  0.000  0.000  0.000
   0.34567     -7.223568  0.000  0.000  0.000  0.000
   0.36872     -7.222737  0.002  0.000  0.000  0.002
   0.39176     -7.224683  0.002  0.000  0.000  0.002
   0.41481     -7.226633  0.002  0.000  0.000  0.002
   0.43785     -7.227430  0.004  0.000  0.000  0.004
   0.43785     -7.227430  0.004  0.000  0.000  0.004
   0.45116     -7.227507  0.004  0.000  0.000  0.004
   0.46446     -7.227749  0.004  0.000  0.000  0.004
   0.47777     -7.228203  0.004  0.000  0.000  0.004
   0.49107     -7.228962  0.004  0.000  0.000  0.004
   0.50438     -7.230222  0.006  0.000  0.000  0.006
   0.51768     -7.232393  0.008  0.000  0.000  0.008
   0.53099     -7.236183  0.000  0.000  0.000  0.000
   0.54429     -7.235556  0.000  0.000  0.000  0.000
   0.55760     -7.234872  0.000  0.000  0.000  0.000
   0.57090     -7.234141  0.000  0.000  0.000  0.000
   0.58421     -7.233372  0.000  0.000  0.000  0.000
   0.59751     -7.232576  0.000  0.000  0.000  0.000
   0.61082     -7.231765  0.000  0.000  0.000  0.000
   0.62412     -7.230948  0.000  0.000  0.000  0.000
   0.63743     -7.230139  0.000  0.000  0.000  0.000
   0.65073     -7.229348  0.000  0.000  0.000  0.000
   0.66404     -7.228587  0.000  0.000  0.000  0.000
   0.67734     -7.227868  0.000  0.000  0.000  0.000
   0.69065     -7.227208  0.000  0.000  0.000  0.000
   0.69065     -7.227208  0.000  0.000  0.000  0.000
   0.71726     -7.228516  0.000  0.000  0.000  0.000
   0.74387     -7.229898  0.000  0.000  0.000  0.000
   0.77048     -7.231332  0.000  0.000  0.000  0.000
   0.79709     -7.232801  0.000  0.000  0.000  0.000
   0.82370     -7.225481  0.000  0.000  0.000  0.000
   0.85031     -7.226198  0.000  0.000  0.000  0.000
   0.87692     -7.227449  0.000  0.000  0.000  0.000
   0.90353     -7.229087  0.000  0.000  0.000  0.000
   0.93014     -7.226431  0.014  0.000  0.000  0.014
   0.95675     -7.224579  0.006  0.000  0.000  0.007
   0.98336     -7.223742  0.004  0.000  0.000  0.004
   1.00997     -7.223295  0.004  0.000  0.000  0.004
   1.03658     -7.223037  0.002  0.000  0.000  0.002
   1.06319     -7.222885  0.002  0.000  0.000  0.002
   1.08980     -7.222795  0.002  0.000  0.000  0.002
   1.11641     -7.222743  0.002  0.000  0.000  0.002
   1.14302     -7.222715  0.002  0.000  0.000  0.002
   1.16963     -7.222702  0.002  0.000  0.000  0.002
   1.19624     -7.222697  0.002  0.000  0.000  0.002
 
# Band-Index:   32
   1.19624     -6.836122  0.218  0.000  0.000  0.218
   1.16963     -6.839660  0.218  0.000  0.000  0.218
   1.14302     -6.850204  0.216  0.000  0.000  0.216
   1.11641     -6.867545  0.214  0.000  0.000  0.214
   1.08980     -6.891343  0.210  0.000  0.000  0.211
   1.06319     -6.921132  0.206  0.002  0.000  0.206
   1.03658     -6.956332  0.200  0.002  0.000  0.201
   1.00997     -6.996255  0.192  0.002  0.000  0.194
   0.98336     -7.040093  0.184  0.002  0.000  0.186
   0.95675     -7.086864  0.172  0.002  0.000  0.175
   0.93014     -7.135095  0.156  0.002  0.000  0.158
   0.90353     -7.180831  0.116  0.002  0.000  0.119
   0.87692     -7.208565  0.032  0.000  0.000  0.032
   0.85031     -7.215646  0.006  0.000  0.000  0.006
   0.82370     -7.217798  0.002  0.000  0.000  0.002
   0.79709     -7.224632  0.000  0.000  0.000  0.000
   0.77048     -7.224779  0.000  0.000  0.000  0.000
   0.74387     -7.225240  0.000  0.000  0.000  0.000
   0.71726     -7.226064  0.000  0.000  0.000  0.000
   0.69065     -7.227200  0.000  0.000  0.000  0.000
   0.69065     -7.227200  0.000  0.000  0.000  0.000
   0.67734     -7.226579  0.000  0.000  0.000  0.000
   0.66404     -7.225972  0.000  0.000  0.000  0.000
   0.65073     -7.225386  0.000  0.000  0.000  0.000
   0.63743     -7.224825  0.000  0.000  0.000  0.000
   0.62412     -7.224290  0.000  0.000  0.000  0.000
   0.61082     -7.223783  0.000  0.000  0.000  0.000
   0.59751     -7.223309  0.000  0.000  0.000  0.000
   0.58421     -7.222874  0.000  0.000  0.000  0.000
   0.57090     -7.222481  0.000  0.000  0.000  0.000
   0.55760     -7.222132  0.000  0.000  0.000  0.000
   0.54429     -7.221826  0.000  0.000  0.000  0.000
   0.53099     -7.221560  0.000  0.000  0.000  0.000
   0.51768     -7.221331  0.000  0.000  0.000  0.000
   0.50438     -7.221138  0.000  0.000  0.000  0.000
   0.49107     -7.220979  0.000  0.000  0.000  0.000
   0.47777     -7.220855  0.000  0.000  0.000  0.000
   0.46446     -7.220766  0.000  0.000  0.000  0.000
   0.45116     -7.220712  0.000  0.000  0.000  0.000
   0.43785     -7.220695  0.000  0.000  0.000  0.000
   0.43785     -7.220695  0.000  0.000  0.000  0.000
   0.41481     -7.220865  0.000  0.000  0.000  0.000
   0.39176     -7.221359  0.000  0.000  0.000  0.000
   0.36872     -7.221656  0.002  0.000  0.000  0.002
   0.34567     -7.218785  0.006  0.000  0.000  0.006
   0.32263     -7.212007  0.030  0.000  0.000  0.030
   0.29958     -7.190164  0.108  0.002  0.000  0.110
   0.27654     -7.152728  0.150  0.002  0.000  0.152
   0.25349     -7.111512  0.166  0.002  0.000  0.169
   0.23045     -7.070344  0.178  0.002  0.000  0.180
   0.20740     -7.030614  0.186  0.002  0.000  0.188
   0.18436     -6.993166  0.193  0.002  0.000  0.195
   0.16131     -6.958652  0.199  0.002  0.000  0.201
   0.13827     -6.927619  0.204  0.002  0.000  0.206
   0.11522     -6.900538  0.208  0.002  0.000  0.210
   0.09218     -6.877811  0.212  0.000  0.000  0.213
   0.06913     -6.859777  0.214  0.000  0.000  0.216
   0.04609     -6.846701  0.216  0.000  0.000  0.217
   0.02304     -6.838776  0.218  0.000  0.000  0.218
   0.00000     -6.836122  0.218  0.000  0.000  0.218
 
# Band-Index:   33
   0.00000     -6.412014  0.090  0.000  0.000  0.090
   0.02304     -6.416970  0.090  0.000  0.000  0.090
   0.04609     -6.431667  0.088  0.000  0.000  0.088
   0.06913     -6.455618  0.086  0.002  0.000  0.087
   0.09218     -6.488064  0.084  0.002  0.000  0.084
   0.11522     -6.528040  0.080  0.002  0.000  0.082
   0.13827     -6.574439  0.076  0.002  0.000  0.078
   0.16131     -6.626066  0.072  0.002  0.000  0.074
   0.18436     -6.681682  0.068  0.002  0.000  0.070
   0.20740     -6.740014  0.064  0.002  0.000  0.066
   0.23045     -6.799754  0.058  0.002  0.000  0.060
   0.25349     -6.859534  0.054  0.002  0.000  0.056
   0.27654     -6.917883  0.050  0.002  0.000  0.052
   0.29958     -6.973201  0.046  0.002  0.000  0.048
   0.32263     -7.023750  0.042  0.002  0.000  0.044
   0.34567     -7.067705  0.040  0.002  0.000  0.041
   0.36872     -7.103296  0.036  0.002  0.000  0.038
   0.39176     -7.129106  0.036  0.002  0.000  0.036
   0.41481     -7.144463  0.034  0.002  0.000  0.036
   0.43785     -7.149504  0.033  0.002  0.000  0.034
   0.43785     -7.149504  0.033  0.002  0.000  0.034
   0.45116     -7.150603  0.032  0.002  0.000  0.034
   0.46446     -7.153879  0.032  0.002  0.000  0.034
   0.47777     -7.159254  0.030  0.002  0.000  0.032
   0.49107     -7.166579  0.030  0.002  0.000  0.030
   0.50438     -7.175582  0.026  0.002  0.000  0.028
   0.51768     -7.185758  0.022  0.002  0.000  0.024
   0.53099     -7.196126  0.018  0.000  0.000  0.018
   0.54429     -7.205063  0.010  0.000  0.000  0.012
   0.55760     -7.211196  0.006  0.000  0.000  0.006
   0.57090     -7.214769  0.002  0.000  0.000  0.002
   0.58421     -7.216800  0.002  0.000  0.000  0.002
   0.59751     -7.218004  0.000  0.000  0.000  0.000
   0.61082     -7.218753  0.000  0.000  0.000  0.000
   0.62412     -7.219234  0.000  0.000  0.000  0.000
   0.63743     -7.219548  0.000  0.000  0.000  0.000
   0.65073     -7.219751  0.000  0.000  0.000  0.000
   0.66404     -7.219876  0.000  0.000  0.000  0.000
   0.67734     -7.219942  0.000  0.000  0.000  0.000
   0.69065     -7.219962  0.000  0.000  0.000  0.000
   0.69065     -7.219962  0.000  0.000  0.000  0.000
   0.71726     -7.219892  0.000  0.000  0.000  0.000
   0.74387     -7.219691  0.000  0.000  0.000  0.000
   0.77048     -7.219346  0.000  0.000  0.000  0.000
   0.79709     -7.218786  0.000  0.000  0.000  0.000
   0.82370     -7.192769  0.019  0.002  0.000  0.020
   0.85031     -7.123672  0.027  0.002  0.000  0.028
   0.87692     -7.051769  0.034  0.002  0.000  0.036
   0.90353     -6.978135  0.042  0.002  0.000  0.044
   0.93014     -6.903791  0.050  0.002  0.000  0.052
   0.95675     -6.829829  0.056  0.002  0.000  0.058
   0.98336     -6.757448  0.062  0.002  0.000  0.064
   1.00997     -6.687967  0.068  0.002  0.000  0.070
   1.03658     -6.622841  0.072  0.002  0.000  0.074
   1.06319     -6.563646  0.078  0.002  0.000  0.078
   1.08980     -6.512041  0.082  0.002  0.000  0.082
   1.11641     -6.469685  0.084  0.002  0.000  0.086
   1.14302     -6.438120  0.088  0.000  0.000  0.088
   1.16963     -6.418616  0.088  0.000  0.000  0.090
   1.19624     -6.412014  0.090  0.000  0.000  0.090
 
# Band-Index:   34
   1.19624     -3.651157  0.000  0.034  0.004  0.038
   1.16963     -3.650381  0.000  0.034  0.004  0.038
   1.14302     -3.647869  0.000  0.034  0.004  0.038
   1.11641     -3.643107  0.000  0.034  0.004  0.038
   1.08980     -3.635328  0.000  0.034  0.004  0.038
   1.06319     -3.623747  0.000  0.034  0.004  0.038
   1.03658     -3.607952  0.000  0.034  0.004  0.038
   1.00997     -3.588612  0.002  0.034  0.004  0.040
   0.98336     -3.568462  0.002  0.036  0.004  0.042
   0.95675     -3.551387  0.002  0.038  0.004  0.045
   0.93014     -3.550746  0.002  0.046  0.006  0.054
   0.90353     -3.552131  0.000  0.048  0.006  0.054
   0.87692     -3.548452  0.000  0.048  0.006  0.054
   0.85031     -3.539445  0.000  0.048  0.006  0.054
   0.82370     -3.525521  0.000  0.051  0.006  0.057
   0.79709     -3.530884  0.002  0.046  0.006  0.053
   0.77048     -3.546091  0.000  0.048  0.006  0.054
   0.74387     -3.557863  0.000  0.048  0.006  0.054
   0.71726     -3.564891  0.000  0.048  0.006  0.054
   0.69065     -3.567131  0.000  0.048  0.006  0.054
   0.69065     -3.567131  0.000  0.048  0.006  0.054
   0.67734     -3.566619  0.000  0.048  0.006  0.054
   0.66404     -3.565163  0.000  0.048  0.006  0.054
   0.65073     -3.562903  0.000  0.048  0.006  0.054
   0.63743     -3.559996  0.000  0.048  0.006  0.054
   0.62412     -3.556618  0.000  0.048  0.006  0.054
   0.61082     -3.552965  0.000  0.048  0.006  0.054
   0.59751     -3.549248  0.000  0.047  0.006  0.054
   0.58421     -3.545702  0.000  0.046  0.006  0.053
   0.57090     -3.542583  0.000  0.046  0.006  0.052
   0.55760     -3.540176  0.000  0.045  0.006  0.052
   0.54429     -3.538785  0.001  0.044  0.006  0.050
   0.53099     -3.538695  0.002  0.042  0.004  0.048
   0.51768     -3.540075  0.000  0.040  0.004  0.046
   0.50438     -3.542824  0.000  0.040  0.004  0.044
   0.49107     -3.546483  0.000  0.038  0.004  0.042
   0.47777     -3.550340  0.000  0.037  0.004  0.042
   0.46446     -3.553667  0.000  0.036  0.004  0.040
   0.45116     -3.555894  0.000  0.036  0.004  0.040
   0.43785     -3.556675  0.000  0.036  0.004  0.040
   0.43785     -3.556675  0.000  0.036  0.004  0.040
   0.41481     -3.557408  0.000  0.036  0.004  0.040
   0.39176     -3.559593  0.000  0.036  0.004  0.040
   0.36872     -3.563135  0.000  0.036  0.004  0.040
   0.34567     -3.567903  0.000  0.036  0.004  0.040
   0.32263     -3.573712  0.000  0.036  0.004  0.040
   0.29958     -3.580364  0.000  0.036  0.004  0.040
   0.27654     -3.587628  0.000  0.036  0.004  0.040
   0.25349     -3.595273  0.000  0.036  0.004  0.040
   0.23045     -3.603076  0.000  0.036  0.004  0.039
   0.20740     -3.610821  0.000  0.036  0.004  0.038
   0.18436     -3.618303  0.000  0.035  0.004  0.038
   0.16131     -3.625340  0.000  0.034  0.004  0.038
   0.13827     -3.631768  0.000  0.034  0.004  0.038
   0.11522     -3.637444  0.000  0.034  0.004  0.038
   0.09218     -3.642249  0.000  0.034  0.004  0.038
   0.06913     -3.646089  0.000  0.034  0.004  0.038
   0.04609     -3.648886  0.000  0.034  0.004  0.038
   0.02304     -3.650587  0.000  0.034  0.004  0.038
   0.00000     -3.651157  0.000  0.034  0.004  0.038
 
# Band-Index:   35
   0.00000     -3.651155  0.000  0.034  0.004  0.038
   0.02304     -3.645655  0.000  0.034  0.004  0.038
   0.04609     -3.629504  0.002  0.034  0.004  0.038
   0.06913     -3.603975  0.002  0.032  0.004  0.038
   0.09218     -3.572717  0.004  0.032  0.004  0.040
   0.11522     -3.547485  0.004  0.040  0.004  0.048
   0.13827     -3.537698  0.002  0.048  0.004  0.054
   0.16131     -3.531015  0.000  0.050  0.006  0.054
   0.18436     -3.521032  0.000  0.048  0.006  0.054
   0.20740     -3.506473  0.000  0.048  0.006  0.054
   0.23045     -3.489270  0.002  0.046  0.004  0.052
   0.25349     -3.499840  0.006  0.046  0.004  0.056
   0.27654     -3.517268  0.004  0.048  0.006  0.058
   0.29958     -3.530335  0.002  0.050  0.006  0.058
   0.32263     -3.538320  0.002  0.050  0.006  0.058
   0.34567     -3.541026  0.002  0.050  0.006  0.058
   0.36872     -3.538536  0.002  0.052  0.006  0.058
   0.39176     -3.531384  0.002  0.052  0.006  0.060
   0.41481     -3.521434  0.002  0.054  0.006  0.061
   0.43785     -3.515413  0.002  0.054  0.006  0.062
   0.43785     -3.515413  0.002  0.054  0.006  0.062
   0.45116     -3.515727  0.002  0.054  0.006  0.062
   0.46446     -3.516602  0.002  0.054  0.006  0.062
   0.47777     -3.517838  0.002  0.054  0.006  0.062
   0.49107     -3.519159  0.002  0.054  0.006  0.061
   0.50438     -3.520258  0.002  0.054  0.006  0.060
   0.51768     -3.520837  0.000  0.054  0.006  0.060
   0.53099     -3.520633  0.000  0.052  0.006  0.060
   0.54429     -3.519427  0.000  0.052  0.006  0.060
   0.55760     -3.517040  0.000  0.052  0.006  0.060
   0.57090     -3.513351  0.000  0.052  0.006  0.060
   0.58421     -3.508268  0.000  0.053  0.006  0.060
   0.59751     -3.501758  0.000  0.054  0.006  0.060
   0.61082     -3.493847  0.000  0.054  0.006  0.060
   0.62412     -3.484652  0.000  0.056  0.006  0.062
   0.63743     -3.474439  0.000  0.058  0.006  0.064
   0.65073     -3.463780  0.000  0.060  0.007  0.067
   0.66404     -3.453831  0.000  0.064  0.008  0.071
   0.67734     -3.446599  0.000  0.067  0.008  0.075
   0.69065     -3.444055  0.000  0.068  0.008  0.076
   0.69065     -3.444055  0.000  0.068  0.008  0.076
   0.71726     -3.451722  0.000  0.065  0.008  0.072
   0.74387     -3.468166  0.000  0.060  0.008  0.068
   0.77048     -3.487862  0.000  0.056  0.006  0.062
   0.79709     -3.507752  0.000  0.053  0.006  0.059
   0.82370     -3.516813  0.002  0.043  0.005  0.051
   0.85031     -3.512280  0.002  0.042  0.004  0.048
   0.87692     -3.517579  0.002  0.041  0.004  0.048
   0.90353     -3.526950  0.002  0.041  0.004  0.048
   0.93014     -3.538085  0.002  0.040  0.004  0.046
   0.95675     -3.545288  0.002  0.047  0.006  0.054
   0.98336     -3.537584  0.002  0.046  0.006  0.054
   1.00997     -3.530330  0.004  0.046  0.004  0.054
   1.03658     -3.527241  0.004  0.044  0.004  0.054
   1.06319     -3.533965  0.006  0.038  0.004  0.048
   1.08980     -3.556968  0.006  0.032  0.004  0.042
   1.11641     -3.591167  0.004  0.032  0.004  0.039
   1.14302     -3.622794  0.002  0.034  0.004  0.038
   1.16963     -3.643852  0.000  0.034  0.004  0.038
   1.19624     -3.651155  0.000  0.034  0.004  0.038
 
# Band-Index:   36
   1.19624     -3.465697  0.000  0.084  0.008  0.092
   1.16963     -3.473069  0.000  0.079  0.008  0.088
   1.14302     -3.488705  0.002  0.071  0.008  0.080
   1.11641     -3.504148  0.002  0.064  0.006  0.072
   1.08980     -3.515652  0.002  0.060  0.006  0.068
   1.06319     -3.522069  0.001  0.056  0.006  0.064
   1.03658     -3.522985  0.000  0.054  0.006  0.060
   1.00997     -3.517468  0.000  0.052  0.006  0.058
   0.98336     -3.502876  0.000  0.050  0.006  0.054
   0.95675     -3.475770  0.000  0.046  0.006  0.052
   0.93014     -3.436550  0.000  0.048  0.006  0.054
   0.90353     -3.395436  0.000  0.073  0.008  0.081
   0.87692     -3.412691  0.002  0.066  0.008  0.076
   0.85031     -3.438724  0.000  0.061  0.006  0.068
   0.82370     -3.450430  0.000  0.056  0.006  0.063
   0.79709     -3.446372  0.000  0.052  0.006  0.058
   0.77048     -3.434211  0.000  0.050  0.006  0.058
   0.74387     -3.418187  0.000  0.050  0.006  0.056
   0.71726     -3.399558  0.002  0.050  0.006  0.056
   0.69065     -3.378583  0.001  0.051  0.006  0.058
   0.69065     -3.378583  0.001  0.051  0.006  0.058
   0.67734     -3.386916  0.002  0.052  0.006  0.060
   0.66404     -3.390019  0.000  0.056  0.006  0.064
   0.65073     -3.389729  0.000  0.061  0.006  0.068
   0.63743     -3.387951  0.000  0.064  0.008  0.072
   0.62412     -3.385776  0.000  0.068  0.008  0.076
   0.61082     -3.383736  0.000  0.070  0.008  0.078
   0.59751     -3.382093  0.000  0.072  0.008  0.080
   0.58421     -3.380981  0.000  0.074  0.008  0.082
   0.57090     -3.380471  0.000  0.076  0.008  0.084
   0.55760     -3.393650  0.002  0.050  0.006  0.058
   0.54429     -3.412919  0.002  0.052  0.006  0.058
   0.53099     -3.429119  0.000  0.052  0.006  0.060
   0.51768     -3.441964  0.000  0.054  0.006  0.060
   0.50438     -3.451450  0.000  0.054  0.006  0.062
   0.49107     -3.457939  0.000  0.056  0.006  0.062
   0.47777     -3.462061  0.000  0.056  0.006  0.063
   0.46446     -3.464483  0.000  0.057  0.006  0.064
   0.45116     -3.465728  0.000  0.057  0.006  0.064
   0.43785     -3.466109  0.000  0.057  0.006  0.064
   0.43785     -3.466109  0.000  0.057  0.006  0.064
   0.41481     -3.455517  0.000  0.058  0.006  0.066
   0.39176     -3.432356  0.002  0.062  0.008  0.070
   0.36872     -3.405417  0.002  0.067  0.008  0.076
   0.34567     -3.402774  0.000  0.084  0.008  0.092
   0.32263     -3.406971  0.000  0.084  0.008  0.092
   0.29958     -3.411812  0.000  0.084  0.008  0.092
   0.27654     -3.432328  0.000  0.054  0.006  0.061
   0.25349     -3.459970  0.000  0.052  0.006  0.058
   0.23045     -3.473025  0.006  0.048  0.005  0.060
   0.20740     -3.451264  0.010  0.040  0.004  0.052
   0.18436     -3.440178  0.000  0.084  0.008  0.092
   0.16131     -3.445573  0.000  0.084  0.008  0.092
   0.13827     -3.457352  0.014  0.024  0.002  0.040
   0.11522     -3.491706  0.006  0.044  0.004  0.054
   0.09218     -3.502975  0.002  0.060  0.006  0.068
   0.06913     -3.496590  0.002  0.066  0.006  0.075
   0.04609     -3.483987  0.002  0.073  0.008  0.082
   0.02304     -3.471353  0.000  0.080  0.008  0.088
   0.00000     -3.465697  0.000  0.084  0.008  0.092
 
# Band-Index:   37
   0.00000     -3.465684  0.000  0.084  0.008  0.092
   0.02304     -3.465238  0.000  0.084  0.008  0.092
   0.04609     -3.463900  0.000  0.084  0.008  0.092
   0.06913     -3.461701  0.000  0.084  0.008  0.092
   0.09218     -3.458693  0.000  0.084  0.008  0.092
   0.11522     -3.454942  0.000  0.084  0.008  0.092
   0.13827     -3.450534  0.000  0.084  0.008  0.092
   0.16131     -3.427188  0.018  0.014  0.000  0.032
   0.18436     -3.429747  0.014  0.026  0.002  0.042
   0.20740     -3.434487  0.000  0.084  0.008  0.092
   0.23045     -3.428646  0.000  0.084  0.008  0.092
   0.25349     -3.422811  0.000  0.084  0.008  0.092
   0.27654     -3.417144  0.000  0.084  0.008  0.092
   0.29958     -3.403286  0.000  0.062  0.006  0.068
   0.32263     -3.381560  0.000  0.072  0.008  0.080
   0.34567     -3.383194  0.002  0.074  0.008  0.084
   0.36872     -3.399354  0.000  0.084  0.008  0.092
   0.39176     -3.396825  0.000  0.084  0.008  0.092
   0.41481     -3.395273  0.000  0.084  0.008  0.092
   0.43785     -3.394754  0.000  0.084  0.008  0.092
   0.43785     -3.394754  0.000  0.084  0.008  0.092
   0.45116     -3.394309  0.000  0.083  0.008  0.092
   0.46446     -3.393052  0.000  0.083  0.008  0.092
   0.47777     -3.391176  0.000  0.082  0.008  0.092
   0.49107     -3.388941  0.000  0.082  0.008  0.092
   0.50438     -3.386619  0.000  0.082  0.008  0.090
   0.51768     -3.384454  0.000  0.080  0.008  0.090
   0.53099     -3.382644  0.000  0.080  0.008  0.088
   0.54429     -3.381326  0.000  0.078  0.008  0.088
   0.55760     -3.380587  0.000  0.077  0.008  0.086
   0.57090     -3.371730  0.002  0.050  0.006  0.059
   0.58421     -3.347604  0.004  0.051  0.006  0.060
   0.59751     -3.321725  0.004  0.052  0.006  0.061
   0.61082     -3.299432  0.002  0.058  0.006  0.066
   0.62412     -3.314554  0.002  0.052  0.006  0.060
   0.63743     -3.328851  0.002  0.052  0.006  0.060
   0.65073     -3.342355  0.002  0.052  0.006  0.060
   0.66404     -3.355113  0.002  0.052  0.006  0.058
   0.67734     -3.367172  0.002  0.050  0.006  0.058
   0.69065     -3.378574  0.001  0.051  0.006  0.058
   0.69065     -3.378574  0.001  0.051  0.006  0.058
   0.71726     -3.348459  0.002  0.058  0.006  0.064
   0.74387     -3.312610  0.000  0.074  0.008  0.084
   0.77048     -3.291373  0.000  0.100  0.010  0.110
   0.79709     -3.295632  0.000  0.103  0.010  0.114
   0.82370     -3.307607  0.000  0.100  0.010  0.111
   0.85031     -3.318984  0.000  0.098  0.010  0.108
   0.87692     -3.328066  0.002  0.096  0.010  0.108
   0.90353     -3.362289  0.008  0.020  0.002  0.030
   0.93014     -3.337275  0.002  0.094  0.010  0.105
   0.95675     -3.336048  0.002  0.092  0.010  0.104
   0.98336     -3.329495  0.004  0.090  0.008  0.102
   1.00997     -3.316866  0.006  0.082  0.008  0.096
   1.03658     -3.344184  0.012  0.056  0.004  0.072
   1.06319     -3.404142  0.006  0.070  0.006  0.082
   1.08980     -3.441002  0.002  0.080  0.008  0.090
   1.11641     -3.456747  0.000  0.084  0.008  0.092
   1.14302     -3.462733  0.000  0.084  0.008  0.092
   1.16963     -3.465061  0.000  0.084  0.008  0.092
   1.19624     -3.465684  0.000  0.084  0.008  0.092
 
# Band-Index:   38
   1.19624     -3.318728  0.030  0.020  0.000  0.050
   1.16963     -3.305190  0.028  0.024  0.000  0.054
   1.14302     -3.272390  0.028  0.032  0.002  0.062
   1.11641     -3.233884  0.028  0.040  0.002  0.070
   1.08980     -3.224871  0.006  0.088  0.008  0.102
   1.06319     -3.262303  0.004  0.090  0.008  0.104
   1.03658     -3.291578  0.002  0.098  0.010  0.108
   1.00997     -3.264245  0.012  0.068  0.006  0.086
   0.98336     -3.257947  0.010  0.059  0.006  0.074
   0.95675     -3.294315  0.008  0.056  0.006  0.070
   0.93014     -3.332633  0.008  0.049  0.005  0.062
   0.90353     -3.334339  0.002  0.096  0.010  0.106
   0.87692     -3.322058  0.006  0.024  0.002  0.032
   0.85031     -3.258703  0.006  0.028  0.002  0.036
   0.82370     -3.190333  0.008  0.030  0.002  0.040
   0.79709     -3.159989  0.010  0.020  0.002  0.030
   0.77048     -3.198543  0.010  0.020  0.002  0.030
   0.74387     -3.200322  0.008  0.042  0.004  0.052
   0.71726     -3.172809  0.006  0.056  0.006  0.068
   0.69065     -3.131119  0.007  0.061  0.006  0.073
   0.69065     -3.131119  0.007  0.061  0.006  0.073
   0.67734     -3.155602  0.006  0.059  0.006  0.071
   0.66404     -3.182055  0.006  0.057  0.006  0.069
   0.65073     -3.209725  0.006  0.056  0.006  0.067
   0.63743     -3.238045  0.006  0.054  0.006  0.065
   0.62412     -3.266480  0.006  0.052  0.006  0.062
   0.61082     -3.294518  0.004  0.048  0.004  0.056
   0.59751     -3.283415  0.002  0.052  0.006  0.062
   0.58421     -3.266525  0.002  0.054  0.006  0.062
   0.57090     -3.248748  0.004  0.054  0.006  0.064
   0.55760     -3.230102  0.004  0.056  0.006  0.064
   0.54429     -3.210639  0.004  0.056  0.006  0.066
   0.53099     -3.190428  0.004  0.056  0.006  0.066
   0.51768     -3.169575  0.004  0.058  0.006  0.066
   0.50438     -3.148215  0.004  0.058  0.006  0.068
   0.49107     -3.126520  0.004  0.060  0.006  0.070
   0.47777     -3.104729  0.004  0.062  0.006  0.072
   0.46446     -3.083229  0.002  0.066  0.006  0.074
   0.45116     -3.070935  0.010  0.022  0.002  0.034
   0.43785     -3.072298  0.010  0.022  0.002  0.034
   0.43785     -3.072298  0.010  0.022  0.002  0.034
   0.41481     -3.113246  0.008  0.020  0.002  0.030
   0.39176     -3.167216  0.008  0.018  0.002  0.026
   0.36872     -3.215483  0.008  0.012  0.000  0.022
   0.34567     -3.250260  0.008  0.006  0.000  0.014
   0.32263     -3.256219  0.010  0.008  0.000  0.020
   0.29958     -3.231285  0.012  0.020  0.002  0.034
   0.27654     -3.192887  0.014  0.028  0.002  0.044
   0.25349     -3.154687  0.018  0.032  0.002  0.052
   0.23045     -3.156246  0.018  0.054  0.004  0.076
   0.20740     -3.216007  0.012  0.070  0.006  0.088
   0.18436     -3.275954  0.006  0.084  0.008  0.098
   0.16131     -3.309382  0.000  0.100  0.010  0.110
   0.13827     -3.299786  0.004  0.092  0.008  0.104
   0.11522     -3.270248  0.008  0.082  0.008  0.096
   0.09218     -3.243764  0.016  0.064  0.006  0.086
   0.06913     -3.251856  0.028  0.040  0.002  0.069
   0.04609     -3.282432  0.028  0.030  0.002  0.060
   0.02304     -3.308415  0.028  0.024  0.000  0.052
   0.00000     -3.318728  0.030  0.020  0.000  0.050
 
# Band-Index:   39
   0.00000     -3.089711  0.000  0.092  0.008  0.100
   0.02304     -3.100904  0.002  0.092  0.008  0.100
   0.04609     -3.128359  0.004  0.089  0.008  0.100
   0.06913     -3.158654  0.008  0.084  0.008  0.100
   0.09218     -3.162832  0.020  0.064  0.004  0.090
   0.11522     -3.127540  0.032  0.054  0.002  0.086
   0.13827     -3.082340  0.036  0.050  0.002  0.088
   0.16131     -3.076934  0.000  0.092  0.008  0.100
   0.18436     -3.073721  0.000  0.092  0.008  0.100
   0.20740     -3.070441  0.000  0.092  0.008  0.100
   0.23045     -3.070450  0.018  0.050  0.004  0.072
   0.25349     -3.064083  0.000  0.092  0.008  0.100
   0.27654     -3.061195  0.000  0.091  0.008  0.100
   0.29958     -3.058603  0.000  0.090  0.008  0.100
   0.32263     -3.056361  0.000  0.090  0.008  0.098
   0.34567     -3.054508  0.000  0.090  0.008  0.098
   0.36872     -3.053064  0.000  0.090  0.008  0.098
   0.39176     -3.052036  0.000  0.090  0.008  0.098
   0.41481     -3.051423  0.000  0.090  0.008  0.098
   0.43785     -3.051222  0.000  0.090  0.008  0.098
   0.43785     -3.051222  0.000  0.090  0.008  0.098
   0.45116     -3.063088  0.002  0.074  0.006  0.082
   0.46446     -3.066859  0.010  0.023  0.002  0.034
   0.47777     -3.060109  0.010  0.024  0.002  0.036
   0.49107     -3.050742  0.010  0.024  0.002  0.036
   0.50438     -3.038850  0.010  0.026  0.002  0.038
   0.51768     -3.024568  0.010  0.026  0.002  0.040
   0.53099     -3.008068  0.012  0.028  0.002  0.042
   0.54429     -2.989560  0.012  0.030  0.002  0.044
   0.55760     -2.969304  0.012  0.032  0.002  0.046
   0.57090     -2.947678  0.012  0.036  0.002  0.049
   0.58421     -2.925881  0.008  0.046  0.004  0.058
   0.59751     -2.926853  0.002  0.074  0.006  0.084
   0.61082     -2.957902  0.006  0.067  0.006  0.080
   0.62412     -2.989896  0.008  0.064  0.006  0.078
   0.63743     -3.021098  0.008  0.064  0.006  0.076
   0.65073     -3.051088  0.008  0.062  0.006  0.076
   0.66404     -3.079572  0.008  0.062  0.006  0.076
   0.67734     -3.106285  0.008  0.062  0.006  0.074
   0.69065     -3.130784  0.007  0.061  0.006  0.073
   0.69065     -3.130784  0.007  0.061  0.006  0.073
   0.71726     -3.089608  0.008  0.062  0.006  0.074
   0.74387     -3.064812  0.008  0.058  0.006  0.070
   0.77048     -3.072455  0.010  0.042  0.004  0.056
   0.79709     -3.122768  0.008  0.032  0.002  0.043
   0.82370     -3.105720  0.012  0.024  0.002  0.038
   0.85031     -3.047895  0.014  0.028  0.002  0.044
   0.87692     -2.994699  0.020  0.030  0.002  0.050
   0.90353     -2.967917  0.030  0.034  0.002  0.064
   0.93014     -3.010413  0.030  0.046  0.002  0.078
   0.95675     -3.092241  0.024  0.054  0.004  0.082
   0.98336     -3.180225  0.018  0.060  0.004  0.082
   1.00997     -3.227073  0.012  0.062  0.006  0.079
   1.03658     -3.204893  0.016  0.062  0.004  0.082
   1.06319     -3.195340  0.020  0.058  0.004  0.082
   1.08980     -3.204382  0.026  0.049  0.002  0.078
   1.11641     -3.182555  0.006  0.088  0.008  0.100
   1.14302     -3.139776  0.004  0.088  0.008  0.100
   1.16963     -3.104440  0.002  0.091  0.008  0.100
   1.19624     -3.089711  0.000  0.092  0.008  0.100
 
# Band-Index:   40
   1.19624     -3.089711  0.000  0.092  0.008  0.100
   1.16963     -3.089251  0.000  0.092  0.008  0.100
   1.14302     -3.086986  0.000  0.092  0.008  0.100
   1.11641     -3.079208  0.002  0.090  0.008  0.100
   1.08980     -3.057123  0.008  0.086  0.006  0.100
   1.06319     -3.013118  0.016  0.080  0.006  0.102
   1.03658     -2.952068  0.024  0.076  0.004  0.104
   1.00997     -2.883180  0.030  0.074  0.004  0.108
   0.98336     -2.873177  0.002  0.072  0.006  0.080
   0.95675     -2.893701  0.000  0.076  0.006  0.084
   0.93014     -2.909636  0.000  0.078  0.006  0.086
   0.90353     -2.922045  0.000  0.080  0.008  0.088
   0.87692     -2.932248  0.000  0.082  0.008  0.088
   0.85031     -2.941273  0.000  0.082  0.008  0.090
   0.82370     -2.949405  0.000  0.082  0.008  0.090
   0.79709     -2.954247  0.000  0.080  0.008  0.088
   0.77048     -2.942489  0.002  0.069  0.006  0.076
   0.74387     -2.892050  0.004  0.052  0.004  0.060
   0.71726     -2.816702  0.006  0.044  0.004  0.054
   0.69065     -2.755024  0.000  0.044  0.004  0.046
   0.69065     -2.755024  0.000  0.044  0.004  0.046
   0.67734     -2.765099  0.002  0.044  0.004  0.048
   0.66404     -2.779365  0.002  0.046  0.004  0.050
   0.65073     -2.795119  0.016  0.036  0.002  0.054
   0.63743     -2.821277  0.016  0.034  0.002  0.052
   0.62412     -2.847247  0.016  0.032  0.002  0.050
   0.61082     -2.872621  0.018  0.028  0.002  0.048
   0.59751     -2.895674  0.020  0.020  0.000  0.042
   0.58421     -2.887281  0.016  0.048  0.004  0.066
   0.57090     -2.865720  0.000  0.052  0.004  0.056
   0.55760     -2.878459  0.000  0.052  0.004  0.057
   0.54429     -2.891951  0.000  0.052  0.004  0.058
   0.53099     -2.906340  0.000  0.052  0.004  0.058
   0.51768     -2.921725  0.002  0.052  0.004  0.058
   0.50438     -2.938157  0.002  0.052  0.004  0.058
   0.49107     -2.955613  0.002  0.050  0.004  0.058
   0.47777     -2.973982  0.004  0.048  0.004  0.056
   0.46446     -2.992976  0.004  0.046  0.004  0.054
   0.45116     -3.011592  0.006  0.038  0.004  0.046
   0.43785     -3.022949  0.008  0.022  0.002  0.030
   0.43785     -3.022949  0.008  0.022  0.002  0.030
   0.41481     -2.978606  0.008  0.024  0.002  0.034
   0.39176     -2.914272  0.010  0.024  0.002  0.038
   0.36872     -2.847826  0.014  0.026  0.002  0.040
   0.34567     -2.786983  0.026  0.026  0.000  0.052
   0.32263     -2.807366  0.034  0.058  0.002  0.094
   0.29958     -2.884741  0.028  0.064  0.004  0.094
   0.27654     -2.964776  0.022  0.066  0.004  0.092
   0.25349     -3.038961  0.018  0.066  0.004  0.088
   0.23045     -3.067196  0.000  0.092  0.008  0.100
   0.20740     -3.044325  0.026  0.040  0.002  0.068
   0.18436     -3.026580  0.036  0.038  0.000  0.076
   0.16131     -3.042522  0.040  0.044  0.000  0.086
   0.13827     -3.079972  0.000  0.092  0.008  0.100
   0.11522     -3.082736  0.000  0.092  0.008  0.100
   0.09218     -3.085132  0.000  0.092  0.008  0.100
   0.06913     -3.087083  0.000  0.092  0.008  0.100
   0.04609     -3.088528  0.000  0.092  0.008  0.100
   0.02304     -3.089412  0.000  0.092  0.008  0.100
   0.00000     -3.089711  0.000  0.092  0.008  0.100
 
# Band-Index:   41
   0.00000     -2.844252  0.046  0.070  0.000  0.118
   0.02304     -2.832878  0.044  0.072  0.002  0.118
   0.04609     -2.804610  0.042  0.074  0.002  0.118
   0.06913     -2.770884  0.038  0.076  0.002  0.116
   0.09218     -2.752095  0.024  0.072  0.004  0.100
   0.11522     -2.775011  0.010  0.068  0.004  0.082
   0.13827     -2.813381  0.004  0.070  0.006  0.080
   0.16131     -2.846330  0.002  0.076  0.006  0.082
   0.18436     -2.854081  0.006  0.082  0.006  0.096
   0.20740     -2.825263  0.018  0.084  0.006  0.108
   0.23045     -2.776068  0.028  0.086  0.004  0.116
   0.25349     -2.721075  0.034  0.086  0.004  0.122
   0.27654     -2.670724  0.036  0.082  0.002  0.122
   0.29958     -2.658210  0.024  0.054  0.002  0.080
   0.32263     -2.702749  0.008  0.042  0.002  0.054
   0.34567     -2.708291  0.016  0.068  0.004  0.090
   0.36872     -2.639701  0.029  0.070  0.002  0.101
   0.39176     -2.601991  0.000  0.064  0.004  0.068
   0.41481     -2.603115  0.000  0.064  0.004  0.068
   0.43785     -2.603501  0.000  0.064  0.004  0.068
   0.43785     -2.603501  0.000  0.064  0.004  0.068
   0.45116     -2.608098  0.000  0.064  0.004  0.070
   0.46446     -2.621085  0.002  0.064  0.004  0.072
   0.47777     -2.640667  0.004  0.064  0.004  0.074
   0.49107     -2.665036  0.006  0.064  0.004  0.074
   0.50438     -2.692787  0.008  0.064  0.004  0.076
   0.51768     -2.722923  0.008  0.062  0.004  0.076
   0.53099     -2.754714  0.010  0.062  0.004  0.076
   0.54429     -2.787605  0.010  0.062  0.004  0.076
   0.55760     -2.821125  0.012  0.060  0.004  0.076
   0.57090     -2.854775  0.012  0.058  0.004  0.074
   0.58421     -2.853549  0.000  0.052  0.004  0.056
   0.59751     -2.841738  0.000  0.050  0.004  0.056
   0.61082     -2.830047  0.000  0.050  0.004  0.054
   0.62412     -2.818221  0.000  0.050  0.004  0.054
   0.63743     -2.805990  0.000  0.048  0.004  0.052
   0.65073     -2.793095  0.001  0.046  0.004  0.052
   0.66404     -2.769045  0.016  0.038  0.002  0.056
   0.67734     -2.743297  0.016  0.040  0.002  0.058
   0.69065     -2.718102  0.016  0.041  0.002  0.059
   0.69065     -2.718102  0.016  0.041  0.002  0.059
   0.71726     -2.700417  0.010  0.038  0.002  0.052
   0.74387     -2.652684  0.012  0.038  0.002  0.052
   0.77048     -2.598524  0.018  0.038  0.002  0.058
   0.79709     -2.583097  0.026  0.060  0.002  0.088
   0.82370     -2.614115  0.028  0.068  0.002  0.100
   0.85031     -2.681187  0.024  0.072  0.004  0.100
   0.87692     -2.759103  0.016  0.074  0.004  0.094
   0.90353     -2.819017  0.004  0.074  0.006  0.082
   0.93014     -2.816249  0.002  0.064  0.006  0.070
   0.95675     -2.780348  0.006  0.060  0.004  0.070
   0.98336     -2.805420  0.030  0.084  0.004  0.118
   1.00997     -2.842359  0.000  0.076  0.006  0.082
   1.03658     -2.809592  0.002  0.070  0.006  0.078
   1.06319     -2.769771  0.002  0.068  0.006  0.076
   1.08980     -2.726108  0.004  0.066  0.006  0.074
   1.11641     -2.752932  0.038  0.078  0.002  0.116
   1.14302     -2.793924  0.040  0.076  0.002  0.118
   1.16963     -2.829341  0.044  0.072  0.002  0.118
   1.19624     -2.844252  0.046  0.070  0.000  0.118
 
# Band-Index:   42
   1.19624     -2.583713  0.000  0.061  0.004  0.066
   1.16963     -2.602373  0.002  0.062  0.004  0.070
   1.14302     -2.638934  0.004  0.064  0.004  0.072
   1.11641     -2.681476  0.004  0.064  0.004  0.074
   1.08980     -2.718155  0.032  0.078  0.002  0.112
   1.06319     -2.699270  0.024  0.074  0.002  0.102
   1.03658     -2.699676  0.018  0.068  0.004  0.090
   1.00997     -2.715946  0.012  0.064  0.004  0.082
   0.98336     -2.744086  0.008  0.062  0.004  0.074
   0.95675     -2.730740  0.036  0.086  0.002  0.124
   0.93014     -2.657501  0.040  0.090  0.002  0.132
   0.90353     -2.589622  0.044  0.094  0.002  0.140
   0.87692     -2.532805  0.048  0.096  0.002  0.146
   0.85031     -2.498430  0.046  0.088  0.002  0.136
   0.82370     -2.503747  0.036  0.063  0.000  0.100
   0.79709     -2.544587  0.024  0.045  0.002  0.070
   0.77048     -2.594726  0.020  0.052  0.002  0.074
   0.74387     -2.627744  0.018  0.047  0.002  0.066
   0.71726     -2.670259  0.016  0.044  0.002  0.062
   0.69065     -2.718081  0.016  0.041  0.002  0.059
   0.69065     -2.718081  0.016  0.041  0.002  0.059
   0.67734     -2.682102  0.016  0.042  0.002  0.060
   0.66404     -2.640317  0.016  0.042  0.002  0.060
   0.65073     -2.598292  0.018  0.044  0.002  0.064
   0.63743     -2.557315  0.020  0.047  0.002  0.068
   0.62412     -2.518524  0.024  0.052  0.002  0.076
   0.61082     -2.483611  0.028  0.059  0.002  0.090
   0.59751     -2.455379  0.038  0.071  0.002  0.110
   0.58421     -2.437466  0.046  0.085  0.002  0.133
   0.57090     -2.431310  0.052  0.094  0.002  0.148
   0.55760     -2.433983  0.054  0.096  0.002  0.150
   0.54429     -2.441379  0.054  0.093  0.002  0.148
   0.53099     -2.450704  0.052  0.090  0.002  0.143
   0.51768     -2.460382  0.050  0.086  0.002  0.138
   0.50438     -2.469504  0.050  0.084  0.002  0.134
   0.49107     -2.477507  0.048  0.082  0.002  0.132
   0.47777     -2.484030  0.048  0.080  0.002  0.130
   0.46446     -2.488835  0.048  0.079  0.002  0.128
   0.45116     -2.491776  0.046  0.078  0.002  0.127
   0.43785     -2.492766  0.046  0.078  0.002  0.126
   0.43785     -2.492766  0.046  0.078  0.002  0.126
   0.41481     -2.517578  0.042  0.074  0.002  0.118
   0.39176     -2.572358  0.036  0.070  0.002  0.108
   0.36872     -2.600218  0.000  0.064  0.004  0.069
   0.34567     -2.597938  0.000  0.064  0.004  0.070
   0.32263     -2.595335  0.000  0.064  0.004  0.070
   0.29958     -2.592612  0.000  0.064  0.004  0.070
   0.27654     -2.589965  0.000  0.064  0.004  0.068
   0.25349     -2.587572  0.000  0.064  0.004  0.068
   0.23045     -2.585570  0.000  0.064  0.004  0.068
   0.20740     -2.584037  0.000  0.064  0.004  0.068
   0.18436     -2.583002  0.000  0.064  0.004  0.068
   0.16131     -2.589251  0.030  0.084  0.002  0.116
   0.13827     -2.624284  0.030  0.082  0.002  0.116
   0.11522     -2.659337  0.028  0.080  0.002  0.112
   0.09218     -2.679840  0.016  0.072  0.004  0.092
   0.06913     -2.660882  0.006  0.066  0.004  0.076
   0.04609     -2.627994  0.004  0.064  0.004  0.072
   0.02304     -2.598317  0.002  0.062  0.004  0.070
   0.00000     -2.583713  0.000  0.061  0.004  0.066
 
# Band-Index:   43
   0.00000     -2.583704  0.000  0.061  0.004  0.066
   0.02304     -2.583620  0.000  0.062  0.004  0.066
   0.04609     -2.583384  0.000  0.062  0.004  0.066
   0.06913     -2.583042  0.000  0.062  0.004  0.066
   0.09218     -2.582673  0.000  0.062  0.004  0.066
   0.11522     -2.582375  0.000  0.062  0.004  0.066
   0.13827     -2.582256  0.000  0.062  0.004  0.068
   0.16131     -2.582431  0.000  0.062  0.004  0.068
   0.18436     -2.557815  0.030  0.084  0.002  0.114
   0.20740     -2.532396  0.028  0.080  0.002  0.110
   0.23045     -2.517446  0.026  0.074  0.002  0.102
   0.25349     -2.522666  0.020  0.060  0.002  0.082
   0.27654     -2.551613  0.014  0.052  0.002  0.068
   0.29958     -2.563339  0.026  0.076  0.002  0.104
   0.32263     -2.526576  0.038  0.096  0.002  0.136
   0.34567     -2.483057  0.042  0.104  0.002  0.148
   0.36872     -2.447156  0.044  0.108  0.002  0.154
   0.39176     -2.424494  0.042  0.108  0.002  0.152
   0.41481     -2.417453  0.040  0.100  0.002  0.142
   0.43785     -2.419596  0.036  0.094  0.002  0.132
   0.43785     -2.419596  0.036  0.094  0.002  0.132
   0.45116     -2.417474  0.034  0.094  0.002  0.130
   0.46446     -2.411881  0.032  0.092  0.002  0.126
   0.47777     -2.404460  0.029  0.090  0.002  0.121
   0.49107     -2.396664  0.026  0.086  0.002  0.115
   0.50438     -2.389281  0.023  0.083  0.002  0.109
   0.51768     -2.382546  0.020  0.080  0.002  0.103
   0.53099     -2.376399  0.018  0.077  0.002  0.099
   0.54429     -2.370699  0.018  0.075  0.002  0.095
   0.55760     -2.365317  0.016  0.074  0.002  0.093
   0.57090     -2.360175  0.016  0.073  0.002  0.091
   0.58421     -2.355244  0.015  0.072  0.002  0.090
   0.59751     -2.350537  0.014  0.072  0.002  0.090
   0.61082     -2.346094  0.014  0.073  0.002  0.090
   0.62412     -2.341980  0.014  0.074  0.003  0.090
   0.63743     -2.338277  0.014  0.074  0.004  0.091
   0.65073     -2.335080  0.014  0.074  0.004  0.092
   0.66404     -2.332484  0.014  0.076  0.004  0.092
   0.67734     -2.330579  0.014  0.076  0.004  0.094
   0.69065     -2.329454  0.014  0.078  0.003  0.095
   0.69065     -2.329454  0.014  0.078  0.003  0.095
   0.71726     -2.331524  0.014  0.076  0.004  0.094
   0.74387     -2.336860  0.024  0.099  0.003  0.126
   0.77048     -2.372060  0.022  0.078  0.002  0.101
   0.79709     -2.415953  0.010  0.058  0.002  0.070
   0.82370     -2.430079  0.002  0.046  0.002  0.050
   0.85031     -2.415597  0.000  0.042  0.002  0.046
   0.87692     -2.391119  0.000  0.042  0.002  0.044
   0.90353     -2.393483  0.012  0.070  0.002  0.086
   0.93014     -2.413800  0.014  0.074  0.002  0.092
   0.95675     -2.438006  0.016  0.078  0.002  0.096
   0.98336     -2.465801  0.016  0.078  0.002  0.098
   1.00997     -2.496428  0.016  0.078  0.004  0.098
   1.03658     -2.527704  0.014  0.076  0.004  0.092
   1.06319     -2.554904  0.008  0.070  0.004  0.084
   1.08980     -2.572405  0.004  0.066  0.004  0.074
   1.11641     -2.580199  0.000  0.062  0.004  0.068
   1.14302     -2.582837  0.000  0.062  0.004  0.066
   1.16963     -2.583570  0.000  0.062  0.004  0.066
   1.19624     -2.583704  0.000  0.061  0.004  0.066
 
# Band-Index:   44
   1.19624     -2.528986  0.016  0.066  0.002  0.084
   1.16963     -2.515189  0.012  0.064  0.002  0.080
   1.14302     -2.492428  0.010  0.062  0.004  0.076
   1.11641     -2.470459  0.009  0.060  0.004  0.072
   1.08980     -2.450084  0.008  0.058  0.004  0.070
   1.06319     -2.430896  0.008  0.056  0.004  0.066
   1.03658     -2.412460  0.006  0.054  0.004  0.064
   1.00997     -2.394534  0.006  0.050  0.004  0.060
   0.98336     -2.377059  0.004  0.048  0.004  0.054
   0.95675     -2.360087  0.004  0.042  0.004  0.048
   0.93014     -2.343604  0.002  0.036  0.002  0.042
   0.90353     -2.360488  0.000  0.040  0.002  0.044
   0.87692     -2.374648  0.011  0.066  0.004  0.081
   0.85031     -2.361276  0.010  0.062  0.004  0.076
   0.82370     -2.349723  0.008  0.058  0.003  0.069
   0.79709     -2.346816  0.014  0.078  0.004  0.095
   0.77048     -2.340372  0.014  0.078  0.004  0.095
   0.74387     -2.335087  0.014  0.076  0.004  0.093
   0.71726     -2.329907  0.016  0.082  0.004  0.102
   0.69065     -2.329444  0.014  0.078  0.003  0.096
   0.69065     -2.329444  0.014  0.078  0.003  0.096
   0.67734     -2.328874  0.015  0.079  0.004  0.097
   0.66404     -2.328540  0.016  0.082  0.004  0.100
   0.65073     -2.328363  0.016  0.084  0.004  0.104
   0.63743     -2.328181  0.018  0.088  0.004  0.108
   0.62412     -2.327679  0.018  0.092  0.004  0.114
   0.61082     -2.326278  0.020  0.093  0.004  0.116
   0.59751     -2.325154  0.016  0.060  0.002  0.077
   0.58421     -2.329823  0.003  0.020  0.002  0.024
   0.57090     -2.334199  0.000  0.018  0.002  0.020
   0.55760     -2.337359  0.000  0.024  0.002  0.026
   0.54429     -2.339807  0.002  0.030  0.002  0.034
   0.53099     -2.341853  0.002  0.036  0.002  0.040
   0.51768     -2.343619  0.004  0.040  0.002  0.046
   0.50438     -2.345142  0.004  0.042  0.002  0.050
   0.49107     -2.346422  0.006  0.044  0.002  0.052
   0.47777     -2.347444  0.006  0.046  0.002  0.054
   0.46446     -2.348190  0.006  0.048  0.002  0.056
   0.45116     -2.348645  0.006  0.048  0.002  0.056
   0.43785     -2.348797  0.006  0.048  0.002  0.057
   0.43785     -2.348797  0.006  0.048  0.002  0.057
   0.41481     -2.350439  0.006  0.050  0.002  0.058
   0.39176     -2.353913  0.008  0.052  0.002  0.062
   0.36872     -2.358668  0.008  0.056  0.002  0.068
   0.34567     -2.365435  0.010  0.064  0.002  0.076
   0.32263     -2.374393  0.012  0.068  0.004  0.082
   0.29958     -2.383809  0.011  0.068  0.004  0.082
   0.27654     -2.388938  0.008  0.064  0.004  0.076
   0.25349     -2.379001  0.004  0.051  0.002  0.058
   0.23045     -2.371739  0.004  0.044  0.002  0.050
   0.20740     -2.383923  0.004  0.048  0.004  0.056
   0.18436     -2.397518  0.006  0.052  0.004  0.060
   0.16131     -2.412122  0.006  0.054  0.004  0.064
   0.13827     -2.427526  0.008  0.056  0.004  0.066
   0.11522     -2.443701  0.008  0.058  0.004  0.070
   0.09218     -2.460799  0.008  0.060  0.004  0.072
   0.06913     -2.479061  0.010  0.062  0.004  0.074
   0.04609     -2.498554  0.010  0.062  0.004  0.076
   0.02304     -2.518028  0.012  0.064  0.002  0.080
   0.00000     -2.528986  0.016  0.066  0.002  0.084
 
# Band-Index:   45
   0.00000     -2.294786  0.000  0.016  0.002  0.018
   0.02304     -2.293801  0.000  0.016  0.002  0.018
   0.04609     -2.290896  0.000  0.014  0.002  0.016
   0.06913     -2.286246  0.000  0.014  0.002  0.016
   0.09218     -2.280201  0.000  0.012  0.002  0.014
   0.11522     -2.273383  0.000  0.012  0.002  0.014
   0.13827     -2.266838  0.000  0.012  0.002  0.014
   0.16131     -2.262711  0.000  0.014  0.002  0.014
   0.18436     -2.268481  0.000  0.022  0.002  0.024
   0.20740     -2.300577  0.000  0.030  0.002  0.032
   0.23045     -2.345265  0.000  0.036  0.002  0.040
   0.25349     -2.361194  0.002  0.037  0.002  0.042
   0.27654     -2.352894  0.002  0.031  0.002  0.036
   0.29958     -2.346456  0.000  0.024  0.002  0.027
   0.32263     -2.341129  0.000  0.018  0.002  0.020
   0.34567     -2.335610  0.002  0.012  0.002  0.016
   0.36872     -2.329135  0.004  0.010  0.002  0.014
   0.39176     -2.324048  0.006  0.006  0.000  0.012
   0.41481     -2.325668  0.004  0.002  0.000  0.008
   0.43785     -2.329313  0.002  0.004  0.000  0.006
   0.43785     -2.329313  0.002  0.004  0.000  0.006
   0.45116     -2.328124  0.002  0.004  0.000  0.007
   0.46446     -2.324576  0.004  0.004  0.000  0.008
   0.47777     -2.318751  0.004  0.006  0.000  0.010
   0.49107     -2.310905  0.004  0.008  0.000  0.014
   0.50438     -2.301505  0.004  0.012  0.000  0.016
   0.51768     -2.291170  0.006  0.014  0.000  0.020
   0.53099     -2.280540  0.004  0.016  0.000  0.020
   0.54429     -2.270197  0.004  0.016  0.000  0.020
   0.55760     -2.265285  0.000  0.040  0.002  0.044
   0.57090     -2.289567  0.002  0.048  0.002  0.052
   0.58421     -2.308033  0.004  0.056  0.004  0.064
   0.59751     -2.316810  0.002  0.030  0.002  0.033
   0.61082     -2.311216  0.004  0.008  0.002  0.014
   0.62412     -2.300375  0.010  0.017  0.000  0.028
   0.63743     -2.288217  0.014  0.025  0.000  0.040
   0.65073     -2.275762  0.016  0.030  0.000  0.048
   0.66404     -2.263632  0.018  0.035  0.000  0.054
   0.67734     -2.252277  0.019  0.038  0.000  0.057
   0.69065     -2.242193  0.020  0.040  0.000  0.060
   0.69065     -2.242193  0.020  0.040  0.000  0.060
   0.71726     -2.269421  0.016  0.034  0.000  0.051
   0.74387     -2.308486  0.006  0.016  0.002  0.023
   0.77048     -2.330708  0.002  0.036  0.002  0.042
   0.79709     -2.339987  0.006  0.051  0.002  0.061
   0.82370     -2.348967  0.008  0.068  0.004  0.078
   0.85031     -2.331276  0.000  0.044  0.002  0.048
   0.87692     -2.310468  0.000  0.026  0.002  0.028
   0.90353     -2.327301  0.000  0.030  0.002  0.034
   0.93014     -2.330012  0.000  0.036  0.002  0.040
   0.95675     -2.299225  0.000  0.032  0.002  0.034
   0.98336     -2.273620  0.000  0.024  0.002  0.026
   1.00997     -2.261846  0.000  0.016  0.002  0.016
   1.03658     -2.262271  0.000  0.012  0.002  0.014
   1.06319     -2.268231  0.000  0.012  0.002  0.012
   1.08980     -2.276035  0.000  0.012  0.002  0.014
   1.11641     -2.283587  0.000  0.014  0.002  0.016
   1.14302     -2.289631  0.000  0.014  0.002  0.016
   1.16963     -2.293476  0.000  0.014  0.002  0.018
   1.19624     -2.294786  0.000  0.016  0.002  0.018
 
# Band-Index:   46
   1.19624     -2.135934  0.000  0.002  0.000  0.002
   1.16963     -2.136472  0.000  0.002  0.000  0.002
   1.14302     -2.138102  0.000  0.002  0.000  0.002
   1.11641     -2.140957  0.000  0.002  0.000  0.004
   1.08980     -2.145638  0.000  0.004  0.000  0.006
   1.06319     -2.154089  0.000  0.008  0.000  0.008
   1.03658     -2.170010  0.000  0.012  0.000  0.012
   1.00997     -2.193041  0.002  0.012  0.000  0.014
   0.98336     -2.212293  0.002  0.008  0.000  0.010
   0.95675     -2.220386  0.002  0.004  0.000  0.006
   0.93014     -2.222486  0.002  0.004  0.000  0.006
   0.90353     -2.246497  0.002  0.024  0.002  0.026
   0.87692     -2.291172  0.000  0.024  0.002  0.028
   0.85031     -2.289912  0.001  0.014  0.002  0.016
   0.82370     -2.266398  0.004  0.016  0.002  0.022
   0.79709     -2.242237  0.010  0.024  0.000  0.034
   0.77048     -2.224944  0.016  0.032  0.000  0.048
   0.74387     -2.220872  0.002  0.008  0.000  0.011
   0.71726     -2.226485  0.020  0.040  0.000  0.060
   0.69065     -2.241955  0.020  0.040  0.000  0.060
   0.69065     -2.241955  0.020  0.040  0.000  0.060
   0.67734     -2.234799  0.018  0.039  0.000  0.058
   0.66404     -2.231760  0.014  0.032  0.000  0.046
   0.65073     -2.231519  0.010  0.026  0.000  0.036
   0.63743     -2.232690  0.006  0.024  0.000  0.032
   0.62412     -2.234760  0.004  0.024  0.000  0.030
   0.61082     -2.237610  0.004  0.024  0.000  0.028
   0.59751     -2.241288  0.002  0.022  0.000  0.024
   0.58421     -2.246082  0.000  0.020  0.000  0.020
   0.57090     -2.252498  0.000  0.016  0.000  0.018
   0.55760     -2.260674  0.002  0.016  0.000  0.020
   0.54429     -2.249944  0.014  0.054  0.002  0.070
   0.53099     -2.253271  0.012  0.056  0.002  0.070
   0.51768     -2.256180  0.012  0.056  0.002  0.070
   0.50438     -2.258674  0.012  0.057  0.002  0.070
   0.49107     -2.260737  0.010  0.058  0.002  0.070
   0.47777     -2.262358  0.010  0.058  0.002  0.070
   0.46446     -2.263522  0.010  0.058  0.002  0.070
   0.45116     -2.264228  0.010  0.058  0.002  0.070
   0.43785     -2.264464  0.010  0.058  0.002  0.070
   0.43785     -2.264464  0.010  0.058  0.002  0.070
   0.41481     -2.261904  0.008  0.054  0.002  0.064
   0.39176     -2.251324  0.006  0.042  0.002  0.050
   0.36872     -2.235999  0.006  0.030  0.002  0.038
   0.34567     -2.224692  0.004  0.024  0.000  0.030
   0.32263     -2.220745  0.004  0.018  0.000  0.024
   0.29958     -2.222165  0.004  0.016  0.000  0.020
   0.27654     -2.225666  0.004  0.012  0.000  0.014
   0.25349     -2.229110  0.002  0.008  0.000  0.010
   0.23045     -2.231445  0.002  0.004  0.000  0.006
   0.20740     -2.230816  0.002  0.002  0.000  0.004
   0.18436     -2.217561  0.002  0.006  0.000  0.008
   0.16131     -2.187273  0.002  0.012  0.002  0.014
   0.13827     -2.162840  0.000  0.008  0.000  0.010
   0.11522     -2.150136  0.000  0.006  0.000  0.006
   0.09218     -2.143714  0.000  0.004  0.000  0.004
   0.06913     -2.139945  0.000  0.002  0.000  0.004
   0.04609     -2.137622  0.000  0.002  0.000  0.002
   0.02304     -2.136342  0.000  0.002  0.000  0.002
   0.00000     -2.135934  0.000  0.002  0.000  0.002
 
# Band-Index:   47
   0.00000     -2.135927  0.000  0.002  0.000  0.002
   0.02304     -2.134987  0.000  0.002  0.000  0.002
   0.04609     -2.132185  0.000  0.002  0.000  0.002
   0.06913     -2.127586  0.000  0.000  0.000  0.002
   0.09218     -2.121339  0.000  0.000  0.000  0.002
   0.11522     -2.114991  0.000  0.002  0.000  0.004
   0.13827     -2.120513  0.000  0.002  0.002  0.004
   0.16131     -2.124916  0.000  0.004  0.002  0.004
   0.18436     -2.126171  0.000  0.004  0.002  0.006
   0.20740     -2.124881  0.000  0.004  0.002  0.006
   0.23045     -2.123057  0.000  0.004  0.002  0.006
   0.25349     -2.123244  0.000  0.006  0.002  0.008
   0.27654     -2.126404  0.000  0.008  0.002  0.010
   0.29958     -2.131323  0.000  0.012  0.002  0.016
   0.32263     -2.136066  0.000  0.018  0.002  0.020
   0.34567     -2.138046  0.000  0.022  0.002  0.024
   0.36872     -2.135190  0.000  0.024  0.002  0.026
   0.39176     -2.127773  0.000  0.022  0.002  0.026
   0.41481     -2.117552  0.000  0.020  0.002  0.023
   0.43785     -2.109615  0.000  0.028  0.002  0.030
   0.43785     -2.109615  0.000  0.028  0.002  0.030
   0.45116     -2.113616  0.000  0.028  0.002  0.030
   0.46446     -2.121883  0.000  0.030  0.002  0.032
   0.47777     -2.133441  0.000  0.030  0.002  0.032
   0.49107     -2.148422  0.000  0.030  0.002  0.034
   0.50438     -2.166824  0.000  0.032  0.002  0.034
   0.51768     -2.188426  0.000  0.032  0.002  0.036
   0.53099     -2.212718  0.000  0.034  0.002  0.036
   0.54429     -2.238832  0.000  0.036  0.002  0.038
   0.55760     -2.246160  0.016  0.054  0.002  0.070
   0.57090     -2.241804  0.018  0.051  0.000  0.070
   0.58421     -2.236817  0.018  0.046  0.000  0.064
   0.59751     -2.231646  0.016  0.040  0.000  0.056
   0.61082     -2.227049  0.014  0.036  0.000  0.050
   0.62412     -2.223550  0.014  0.032  0.000  0.044
   0.63743     -2.221429  0.012  0.028  0.000  0.040
   0.65073     -2.220832  0.010  0.022  0.000  0.032
   0.66404     -2.221584  0.006  0.014  0.000  0.020
   0.67734     -2.222686  0.002  0.005  0.000  0.006
   0.69065     -2.223064  0.000  0.002  0.000  0.002
   0.69065     -2.223064  0.000  0.002  0.000  0.002
   0.71726     -2.222277  0.002  0.005  0.000  0.006
   0.74387     -2.219800  0.018  0.038  0.000  0.057
   0.77048     -2.219605  0.004  0.010  0.000  0.013
   0.79709     -2.218991  0.004  0.010  0.000  0.014
   0.82370     -2.219244  0.004  0.010  0.000  0.014
   0.85031     -2.220217  0.004  0.010  0.000  0.014
   0.87692     -2.221471  0.004  0.008  0.000  0.012
   0.90353     -2.222442  0.002  0.006  0.000  0.008
   0.93014     -2.205641  0.002  0.020  0.002  0.024
   0.95675     -2.173824  0.002  0.016  0.002  0.020
   0.98336     -2.152479  0.002  0.010  0.002  0.014
   1.00997     -2.138769  0.000  0.006  0.002  0.008
   1.03658     -2.129258  0.000  0.004  0.002  0.004
   1.06319     -2.122595  0.000  0.002  0.000  0.002
   1.08980     -2.120697  0.000  0.000  0.000  0.002
   1.11641     -2.125642  0.000  0.000  0.000  0.002
   1.14302     -2.131080  0.000  0.000  0.000  0.002
   1.16963     -2.134685  0.000  0.002  0.000  0.002
   1.19624     -2.135927  0.000  0.002  0.000  0.002
 
# Band-Index:   48
   1.19624     -2.103872  0.000  0.000  0.000  0.002
   1.16963     -2.104405  0.000  0.000  0.000  0.002
   1.14302     -2.105976  0.000  0.000  0.000  0.002
   1.11641     -2.108355  0.000  0.002  0.000  0.002
   1.08980     -2.109585  0.000  0.002  0.000  0.002
   1.06319     -2.103753  0.000  0.002  0.000  0.002
   1.03658     -2.093738  0.000  0.000  0.000  0.002
   1.00997     -2.089171  0.000  0.008  0.002  0.010
   0.98336     -2.090514  0.000  0.008  0.002  0.010
   0.95675     -2.098976  0.000  0.004  0.002  0.006
   0.93014     -2.109914  0.000  0.006  0.002  0.006
   0.90353     -2.115770  0.000  0.008  0.002  0.010
   0.87692     -2.117533  0.000  0.010  0.002  0.013
   0.85031     -2.116168  0.000  0.014  0.002  0.016
   0.82370     -2.111955  0.000  0.016  0.002  0.020
   0.79709     -2.104194  0.000  0.017  0.004  0.020
   0.77048     -2.091631  0.000  0.016  0.004  0.020
   0.74387     -2.075098  0.000  0.014  0.004  0.018
   0.71726     -2.058989  0.002  0.012  0.004  0.016
   0.69065     -2.048255  0.001  0.011  0.003  0.016
   0.69065     -2.048255  0.001  0.011  0.003  0.016
   0.67734     -2.053217  0.002  0.012  0.004  0.018
   0.66404     -2.060431  0.002  0.014  0.004  0.020
   0.65073     -2.068591  0.002  0.016  0.004  0.022
   0.63743     -2.076735  0.002  0.018  0.004  0.022
   0.62412     -2.084265  0.002  0.018  0.002  0.022
   0.61082     -2.090829  0.002  0.018  0.002  0.022
   0.59751     -2.096249  0.002  0.016  0.002  0.020
   0.58421     -2.100484  0.002  0.015  0.002  0.020
   0.57090     -2.103608  0.002  0.014  0.002  0.018
   0.55760     -2.105768  0.002  0.012  0.002  0.016
   0.54429     -2.107155  0.002  0.012  0.002  0.016
   0.53099     -2.107962  0.002  0.010  0.002  0.014
   0.51768     -2.108365  0.002  0.010  0.002  0.014
   0.50438     -2.108512  0.002  0.009  0.002  0.012
   0.49107     -2.108514  0.002  0.008  0.002  0.012
   0.47777     -2.108450  0.002  0.008  0.002  0.012
   0.46446     -2.108373  0.002  0.008  0.002  0.012
   0.45116     -2.108317  0.002  0.008  0.002  0.011
   0.43785     -2.108299  0.002  0.008  0.002  0.011
   0.43785     -2.108299  0.002  0.008  0.002  0.011
   0.41481     -2.109620  0.000  0.026  0.002  0.028
   0.39176     -2.109599  0.000  0.026  0.002  0.028
   0.36872     -2.109436  0.000  0.024  0.002  0.026
   0.34567     -2.108962  0.000  0.022  0.002  0.024
   0.32263     -2.107969  0.000  0.020  0.002  0.022
   0.29958     -2.106260  0.000  0.018  0.002  0.020
   0.27654     -2.103699  0.000  0.014  0.002  0.016
   0.25349     -2.100322  0.000  0.012  0.002  0.014
   0.23045     -2.098461  0.000  0.008  0.002  0.010
   0.20740     -2.095281  0.000  0.006  0.002  0.008
   0.18436     -2.093367  0.000  0.002  0.000  0.002
   0.16131     -2.097849  0.000  0.000  0.000  0.002
   0.13827     -2.105446  0.000  0.000  0.000  0.000
   0.11522     -2.113744  0.000  0.000  0.000  0.002
   0.09218     -2.110586  0.000  0.002  0.000  0.002
   0.06913     -2.107518  0.000  0.002  0.000  0.002
   0.04609     -2.105473  0.000  0.000  0.000  0.002
   0.02304     -2.104272  0.000  0.000  0.000  0.002
   0.00000     -2.103872  0.000  0.000  0.000  0.002
 
# Band-Index:   49
   0.00000     -1.968164  0.000  0.002  0.004  0.006
   0.02304     -1.971703  0.000  0.002  0.004  0.006
   0.04609     -1.980876  0.000  0.004  0.004  0.008
   0.06913     -1.993056  0.000  0.004  0.004  0.008
   0.09218     -2.010915  0.000  0.008  0.002  0.012
   0.11522     -2.034690  0.000  0.010  0.002  0.012
   0.13827     -2.059150  0.000  0.008  0.002  0.010
   0.16131     -2.077759  0.000  0.006  0.002  0.008
   0.18436     -2.088890  0.000  0.004  0.002  0.006
   0.20740     -2.093467  0.000  0.004  0.002  0.006
   0.23045     -2.096528  0.000  0.008  0.002  0.010
   0.25349     -2.098183  0.000  0.009  0.002  0.012
   0.27654     -2.094966  0.000  0.010  0.002  0.012
   0.29958     -2.090722  0.000  0.010  0.002  0.012
   0.32263     -2.087026  0.000  0.010  0.002  0.014
   0.34567     -2.084925  0.000  0.012  0.002  0.015
   0.36872     -2.085297  0.002  0.014  0.002  0.018
   0.39176     -2.088877  0.002  0.016  0.002  0.020
   0.41481     -2.095900  0.000  0.020  0.002  0.024
   0.43785     -2.103949  0.000  0.033  0.002  0.035
   0.43785     -2.103949  0.000  0.033  0.002  0.035
   0.45116     -2.101774  0.000  0.031  0.002  0.034
   0.46446     -2.098970  0.000  0.030  0.002  0.033
   0.47777     -2.096475  0.000  0.030  0.002  0.032
   0.49107     -2.094052  0.000  0.029  0.002  0.032
   0.50438     -2.091483  0.000  0.028  0.002  0.032
   0.51768     -2.088630  0.000  0.028  0.002  0.031
   0.53099     -2.085411  0.000  0.026  0.002  0.030
   0.54429     -2.081773  0.000  0.026  0.002  0.029
   0.55760     -2.077709  0.000  0.024  0.004  0.028
   0.57090     -2.073249  0.000  0.024  0.004  0.026
   0.58421     -2.068462  0.000  0.022  0.004  0.026
   0.59751     -2.063482  0.000  0.020  0.004  0.024
   0.61082     -2.058508  0.000  0.018  0.004  0.022
   0.62412     -2.053823  0.002  0.016  0.004  0.022
   0.63743     -2.049791  0.002  0.016  0.004  0.020
   0.65073     -2.046835  0.002  0.014  0.004  0.018
   0.66404     -2.045380  0.002  0.012  0.004  0.018
   0.67734     -2.045779  0.002  0.012  0.004  0.016
   0.69065     -2.048196  0.001  0.011  0.003  0.016
   0.69065     -2.048196  0.001  0.011  0.003  0.016
   0.71726     -2.047225  0.002  0.016  0.004  0.020
   0.74387     -2.052383  0.002  0.020  0.002  0.024
   0.77048     -2.057980  0.002  0.020  0.002  0.024
   0.79709     -2.063102  0.002  0.018  0.002  0.022
   0.82370     -2.067872  0.002  0.016  0.002  0.020
   0.85031     -2.072340  0.002  0.014  0.002  0.018
   0.87692     -2.076516  0.002  0.012  0.002  0.016
   0.90353     -2.080483  0.000  0.010  0.002  0.014
   0.93014     -2.084364  0.000  0.009  0.002  0.012
   0.95675     -2.088035  0.000  0.008  0.002  0.010
   0.98336     -2.085790  0.000  0.004  0.000  0.004
   1.00997     -2.084284  0.000  0.000  0.000  0.002
   1.03658     -2.079444  0.000  0.008  0.002  0.011
   1.06319     -2.058729  0.000  0.010  0.002  0.012
   1.08980     -2.032130  0.000  0.008  0.002  0.012
   1.11641     -2.006760  0.000  0.006  0.004  0.010
   1.14302     -1.986417  0.000  0.004  0.004  0.008
   1.16963     -1.972977  0.000  0.002  0.004  0.008
   1.19624     -1.968164  0.000  0.002  0.004  0.006
 
# Band-Index:   50
   1.19624     -1.968164  0.000  0.002  0.004  0.006
   1.16963     -1.971606  0.000  0.002  0.004  0.008
   1.14302     -1.980198  0.000  0.004  0.004  0.008
   1.11641     -1.991321  0.000  0.006  0.004  0.010
   1.08980     -2.003803  0.000  0.008  0.002  0.012
   1.06319     -2.017662  0.000  0.010  0.002  0.012
   1.03658     -2.033098  0.002  0.012  0.002  0.014
   1.00997     -2.048286  0.002  0.012  0.002  0.014
   0.98336     -2.052147  0.000  0.008  0.002  0.010
   0.95675     -2.040690  0.000  0.006  0.002  0.008
   0.93014     -2.024582  0.000  0.006  0.002  0.008
   0.90353     -2.006896  0.000  0.006  0.002  0.008
   0.87692     -1.988629  0.000  0.006  0.002  0.008
   0.85031     -1.970456  0.000  0.008  0.002  0.010
   0.82370     -1.952911  0.000  0.008  0.002  0.010
   0.79709     -1.936332  0.000  0.010  0.002  0.012
   0.77048     -1.920811  0.002  0.010  0.002  0.013
   0.74387     -1.944054  0.000  0.050  0.004  0.053
   0.71726     -1.968169  0.000  0.060  0.002  0.062
   0.69065     -1.978475  0.000  0.066  0.002  0.070
   0.69065     -1.978475  0.000  0.066  0.002  0.070
   0.67734     -1.975926  0.000  0.064  0.002  0.068
   0.66404     -1.969232  0.000  0.060  0.002  0.064
   0.65073     -1.959994  0.000  0.056  0.003  0.058
   0.63743     -1.949479  0.000  0.052  0.004  0.054
   0.62412     -1.938538  0.000  0.046  0.004  0.050
   0.61082     -1.927709  0.000  0.042  0.002  0.046
   0.59751     -1.917320  0.000  0.038  0.002  0.042
   0.58421     -1.907558  0.000  0.034  0.002  0.038
   0.57090     -1.898528  0.000  0.030  0.002  0.034
   0.55760     -1.890279  0.000  0.028  0.002  0.030
   0.54429     -1.882853  0.002  0.024  0.002  0.026
   0.53099     -1.876293  0.002  0.020  0.002  0.022
   0.51768     -1.870664  0.002  0.016  0.002  0.018
   0.50438     -1.866033  0.002  0.012  0.000  0.014
   0.49107     -1.862413  0.002  0.008  0.000  0.010
   0.47777     -1.859746  0.000  0.006  0.000  0.008
   0.46446     -1.857931  0.000  0.006  0.000  0.006
   0.45116     -1.856879  0.000  0.006  0.000  0.006
   0.43785     -1.856535  0.000  0.004  0.002  0.006
   0.43785     -1.856535  0.000  0.004  0.002  0.006
   0.41481     -1.860958  0.000  0.006  0.002  0.006
   0.39176     -1.873203  0.000  0.006  0.002  0.006
   0.36872     -1.891032  0.000  0.006  0.002  0.008
   0.34567     -1.912136  0.000  0.006  0.002  0.008
   0.32263     -1.934657  0.000  0.006  0.002  0.008
   0.29958     -1.957277  0.000  0.006  0.002  0.008
   0.27654     -1.979052  0.000  0.006  0.002  0.008
   0.25349     -1.999190  0.000  0.008  0.002  0.008
   0.23045     -2.016785  0.000  0.008  0.002  0.010
   0.20740     -2.030373  0.000  0.010  0.002  0.012
   0.18436     -2.037591  0.000  0.010  0.002  0.014
   0.16131     -2.036818  0.000  0.010  0.002  0.014
   0.13827     -2.029673  0.000  0.010  0.002  0.012
   0.11522     -2.018850  0.000  0.008  0.002  0.010
   0.09218     -2.006194  0.000  0.006  0.004  0.010
   0.06913     -1.992056  0.000  0.006  0.004  0.010
   0.04609     -1.978838  0.000  0.004  0.004  0.008
   0.02304     -1.970871  0.000  0.002  0.004  0.006
   0.00000     -1.968164  0.000  0.002  0.004  0.006
 
# Band-Index:   51
   0.00000     -1.873451  0.000  0.010  0.002  0.012
   0.02304     -1.871716  0.000  0.010  0.002  0.012
   0.04609     -1.868685  0.000  0.014  0.002  0.016
   0.06913     -1.872089  0.000  0.016  0.004  0.018
   0.09218     -1.881652  0.000  0.012  0.004  0.016
   0.11522     -1.890191  0.000  0.010  0.004  0.014
   0.13827     -1.894951  0.000  0.008  0.004  0.012
   0.16131     -1.895460  0.000  0.006  0.004  0.010
   0.18436     -1.892093  0.000  0.006  0.004  0.010
   0.20740     -1.885421  0.000  0.004  0.004  0.010
   0.23045     -1.876072  0.002  0.004  0.004  0.010
   0.25349     -1.864730  0.002  0.004  0.004  0.010
   0.27654     -1.856163  0.000  0.006  0.002  0.008
   0.29958     -1.852162  0.000  0.004  0.002  0.006
   0.32263     -1.846215  0.000  0.004  0.002  0.006
   0.34567     -1.838164  0.000  0.002  0.002  0.004
   0.36872     -1.834384  0.002  0.018  0.002  0.022
   0.39176     -1.837647  0.002  0.022  0.002  0.026
   0.41481     -1.839640  0.002  0.024  0.002  0.028
   0.43785     -1.840273  0.002  0.026  0.002  0.030
   0.43785     -1.840273  0.002  0.026  0.002  0.030
   0.45116     -1.840834  0.002  0.026  0.002  0.029
   0.46446     -1.842442  0.002  0.024  0.002  0.028
   0.47777     -1.844888  0.002  0.024  0.002  0.028
   0.49107     -1.847883  0.002  0.022  0.002  0.026
   0.50438     -1.851129  0.000  0.020  0.002  0.022
   0.51768     -1.854410  0.000  0.018  0.002  0.020
   0.53099     -1.857625  0.000  0.014  0.002  0.017
   0.54429     -1.863710  0.004  0.002  0.002  0.006
   0.55760     -1.869956  0.002  0.002  0.002  0.006
   0.57090     -1.875436  0.002  0.002  0.002  0.006
   0.58421     -1.880130  0.002  0.002  0.002  0.006
   0.59751     -1.884018  0.002  0.004  0.002  0.007
   0.61082     -1.887049  0.002  0.004  0.002  0.008
   0.62412     -1.889143  0.002  0.006  0.002  0.008
   0.63743     -1.890194  0.000  0.006  0.002  0.010
   0.65073     -1.890111  0.000  0.008  0.002  0.010
   0.66404     -1.888889  0.000  0.008  0.002  0.010
   0.67734     -1.886828  0.000  0.008  0.004  0.011
   0.69065     -1.885366  0.000  0.008  0.004  0.010
   0.69065     -1.885366  0.000  0.008  0.004  0.010
   0.71726     -1.893133  0.000  0.008  0.002  0.012
   0.74387     -1.906315  0.002  0.010  0.002  0.012
   0.77048     -1.915431  0.000  0.041  0.004  0.044
   0.79709     -1.889267  0.000  0.030  0.004  0.034
   0.82370     -1.876232  0.000  0.014  0.004  0.018
   0.85031     -1.878320  0.000  0.004  0.002  0.008
   0.87692     -1.887197  0.000  0.002  0.002  0.006
   0.90353     -1.898431  0.000  0.000  0.002  0.004
   0.93014     -1.909494  0.000  0.000  0.004  0.004
   0.95675     -1.918383  0.000  0.000  0.004  0.004
   0.98336     -1.923435  0.000  0.002  0.004  0.006
   1.00997     -1.923547  0.000  0.004  0.004  0.008
   1.03658     -1.918325  0.000  0.006  0.004  0.010
   1.06319     -1.908094  0.000  0.008  0.004  0.012
   1.08980     -1.893990  0.000  0.010  0.004  0.016
   1.11641     -1.878699  0.000  0.014  0.004  0.018
   1.14302     -1.869130  0.000  0.014  0.002  0.018
   1.16963     -1.871243  0.000  0.010  0.002  0.012
   1.19624     -1.873451  0.000  0.010  0.002  0.012
 
# Band-Index:   52
   1.19624     -1.873430  0.000  0.010  0.002  0.012
   1.16963     -1.868704  0.000  0.008  0.002  0.012
   1.14302     -1.856722  0.000  0.008  0.002  0.010
   1.11641     -1.845862  0.000  0.008  0.006  0.014
   1.08980     -1.847748  0.000  0.008  0.006  0.014
   1.06319     -1.848823  0.000  0.008  0.006  0.012
   1.03658     -1.848204  0.000  0.006  0.004  0.012
   1.00997     -1.845246  0.000  0.006  0.004  0.010
   0.98336     -1.839714  0.000  0.006  0.004  0.010
   0.95675     -1.831928  0.000  0.006  0.004  0.010
   0.93014     -1.822818  0.000  0.006  0.004  0.010
   0.90353     -1.814069  0.000  0.006  0.004  0.010
   0.87692     -1.808544  0.000  0.004  0.004  0.008
   0.85031     -1.812450  0.000  0.018  0.002  0.021
   0.82370     -1.833803  0.000  0.016  0.002  0.018
   0.79709     -1.848337  0.000  0.006  0.002  0.008
   0.77048     -1.855757  0.002  0.004  0.000  0.006
   0.74387     -1.862577  0.002  0.004  0.000  0.006
   0.71726     -1.869375  0.001  0.003  0.002  0.006
   0.69065     -1.874275  0.002  0.005  0.001  0.007
   0.69065     -1.874275  0.002  0.005  0.001  0.007
   0.67734     -1.875581  0.002  0.005  0.000  0.008
   0.66404     -1.876402  0.002  0.006  0.000  0.008
   0.65073     -1.876546  0.002  0.006  0.000  0.008
   0.63743     -1.876048  0.002  0.006  0.000  0.008
   0.62412     -1.874973  0.002  0.006  0.000  0.008
   0.61082     -1.873397  0.002  0.006  0.001  0.010
   0.59751     -1.871397  0.002  0.008  0.002  0.010
   0.58421     -1.869058  0.000  0.008  0.002  0.010
   0.57090     -1.866455  0.000  0.009  0.002  0.012
   0.55760     -1.863647  0.000  0.010  0.002  0.012
   0.54429     -1.860687  0.000  0.012  0.002  0.014
   0.53099     -1.856705  0.004  0.002  0.001  0.007
   0.51768     -1.849092  0.004  0.002  0.001  0.006
   0.50438     -1.840999  0.004  0.002  0.000  0.008
   0.49107     -1.832741  0.006  0.002  0.000  0.008
   0.47777     -1.824779  0.006  0.004  0.000  0.010
   0.46446     -1.817751  0.006  0.006  0.000  0.012
   0.45116     -1.812555  0.006  0.006  0.000  0.014
   0.43785     -1.810510  0.008  0.008  0.000  0.016
   0.43785     -1.810510  0.008  0.008  0.000  0.016
   0.41481     -1.807994  0.008  0.008  0.000  0.016
   0.39176     -1.815991  0.000  0.000  0.002  0.002
   0.36872     -1.827965  0.000  0.002  0.002  0.004
   0.34567     -1.830359  0.002  0.015  0.002  0.020
   0.32263     -1.827434  0.004  0.008  0.002  0.014
   0.29958     -1.839101  0.004  0.004  0.002  0.010
   0.27654     -1.852140  0.002  0.004  0.004  0.010
   0.25349     -1.858438  0.000  0.006  0.004  0.010
   0.23045     -1.859230  0.000  0.008  0.004  0.010
   0.20740     -1.858792  0.000  0.008  0.004  0.012
   0.18436     -1.857397  0.000  0.008  0.004  0.012
   0.16131     -1.855307  0.000  0.010  0.004  0.014
   0.13827     -1.852793  0.000  0.010  0.004  0.014
   0.11522     -1.850110  0.000  0.010  0.006  0.016
   0.09218     -1.847496  0.000  0.010  0.006  0.016
   0.06913     -1.849044  0.000  0.000  0.006  0.006
   0.04609     -1.860503  0.000  0.008  0.002  0.010
   0.02304     -1.869863  0.000  0.008  0.002  0.012
   0.00000     -1.873430  0.000  0.010  0.002  0.012
 
# Band-Index:   53
   0.00000     -1.841825  0.000  0.010  0.006  0.016
   0.02304     -1.844230  0.000  0.010  0.006  0.016
   0.04609     -1.849368  0.000  0.004  0.006  0.012
   0.06913     -1.847907  0.000  0.008  0.002  0.012
   0.09218     -1.842121  0.000  0.000  0.006  0.006
   0.11522     -1.834096  0.000  0.000  0.006  0.008
   0.13827     -1.826952  0.002  0.002  0.006  0.008
   0.16131     -1.821423  0.002  0.002  0.006  0.008
   0.18436     -1.817736  0.002  0.002  0.006  0.010
   0.20740     -1.815833  0.002  0.004  0.006  0.010
   0.23045     -1.815520  0.002  0.004  0.006  0.012
   0.25349     -1.816578  0.002  0.006  0.006  0.012
   0.27654     -1.818800  0.002  0.008  0.004  0.014
   0.29958     -1.821957  0.002  0.010  0.004  0.016
   0.32263     -1.824776  0.002  0.010  0.004  0.015
   0.34567     -1.814620  0.004  0.006  0.002  0.012
   0.36872     -1.806148  0.006  0.006  0.002  0.014
   0.39176     -1.803989  0.008  0.006  0.001  0.014
   0.41481     -1.803927  0.000  0.000  0.002  0.002
   0.43785     -1.797570  0.000  0.000  0.001  0.002
   0.43785     -1.797570  0.000  0.000  0.001  0.002
   0.45116     -1.797263  0.000  0.002  0.002  0.002
   0.46446     -1.797061  0.000  0.002  0.002  0.004
   0.47777     -1.797707  0.000  0.004  0.002  0.006
   0.49107     -1.799363  0.000  0.004  0.002  0.006
   0.50438     -1.801955  0.000  0.004  0.002  0.006
   0.51768     -1.805360  0.000  0.002  0.002  0.006
   0.53099     -1.809451  0.000  0.002  0.002  0.006
   0.54429     -1.814103  0.000  0.002  0.002  0.004
   0.55760     -1.819198  0.000  0.002  0.002  0.004
   0.57090     -1.824630  0.000  0.002  0.002  0.004
   0.58421     -1.830296  0.000  0.002  0.002  0.004
   0.59751     -1.836106  0.000  0.002  0.002  0.004
   0.61082     -1.841985  0.000  0.002  0.002  0.004
   0.62412     -1.847867  0.000  0.002  0.002  0.004
   0.63743     -1.853706  0.000  0.002  0.002  0.004
   0.65073     -1.859468  0.000  0.002  0.002  0.004
   0.66404     -1.865096  0.000  0.003  0.002  0.006
   0.67734     -1.870358  0.002  0.004  0.002  0.006
   0.69065     -1.873839  0.002  0.005  0.001  0.007
   0.69065     -1.873839  0.002  0.005  0.001  0.007
   0.71726     -1.869012  0.001  0.003  0.002  0.006
   0.74387     -1.858684  0.000  0.002  0.002  0.004
   0.77048     -1.846451  0.000  0.000  0.004  0.004
   0.79709     -1.832736  0.000  0.002  0.004  0.006
   0.82370     -1.819334  0.000  0.002  0.004  0.006
   0.85031     -1.810034  0.000  0.004  0.004  0.007
   0.87692     -1.793674  0.000  0.016  0.004  0.020
   0.90353     -1.782022  0.000  0.012  0.004  0.018
   0.93014     -1.780683  0.000  0.006  0.006  0.012
   0.95675     -1.784155  0.000  0.006  0.006  0.011
   0.98336     -1.788959  0.002  0.004  0.006  0.011
   1.00997     -1.799119  0.002  0.002  0.006  0.010
   1.03658     -1.810661  0.002  0.002  0.006  0.008
   1.06319     -1.822778  0.002  0.002  0.006  0.008
   1.08980     -1.834776  0.000  0.000  0.006  0.008
   1.11641     -1.845453  0.000  0.000  0.006  0.006
   1.14302     -1.850195  0.000  0.002  0.006  0.010
   1.16963     -1.844973  0.000  0.008  0.006  0.016
   1.19624     -1.841825  0.000  0.010  0.006  0.016
 
# Band-Index:   54
   1.19624     -1.841821  0.000  0.010  0.006  0.016
   1.16963     -1.842347  0.000  0.010  0.006  0.016
   1.14302     -1.843782  0.000  0.010  0.006  0.016
   1.11641     -1.841446  0.000  0.008  0.004  0.012
   1.08980     -1.826218  0.000  0.006  0.004  0.010
   1.06319     -1.812790  0.000  0.006  0.004  0.010
   1.03658     -1.802108  0.000  0.004  0.006  0.010
   1.00997     -1.794201  0.000  0.004  0.006  0.010
   0.98336     -1.788473  0.000  0.004  0.006  0.010
   0.95675     -1.781440  0.002  0.006  0.004  0.012
   0.93014     -1.778402  0.002  0.010  0.004  0.015
   0.90353     -1.777990  0.000  0.008  0.006  0.014
   0.87692     -1.776264  0.000  0.014  0.004  0.018
   0.85031     -1.775216  0.000  0.020  0.004  0.023
   0.82370     -1.775936  0.000  0.026  0.002  0.028
   0.79709     -1.781616  0.000  0.033  0.002  0.033
   0.77048     -1.796689  0.000  0.010  0.002  0.014
   0.74387     -1.808705  0.000  0.009  0.004  0.013
   0.71726     -1.818193  0.000  0.043  0.000  0.043
   0.69065     -1.822078  0.000  0.043  0.000  0.044
   0.69065     -1.822078  0.000  0.043  0.000  0.044
   0.67734     -1.821224  0.000  0.043  0.000  0.043
   0.66404     -1.818910  0.000  0.043  0.000  0.043
   0.65073     -1.815546  0.000  0.042  0.000  0.043
   0.63743     -1.811511  0.000  0.041  0.000  0.042
   0.62412     -1.807131  0.000  0.040  0.000  0.040
   0.61082     -1.802749  0.000  0.014  0.002  0.017
   0.59751     -1.798331  0.000  0.014  0.002  0.017
   0.58421     -1.794000  0.000  0.035  0.001  0.035
   0.57090     -1.790041  0.000  0.034  0.002  0.034
   0.55760     -1.786400  0.000  0.031  0.002  0.033
   0.54429     -1.783096  0.000  0.030  0.002  0.031
   0.53099     -1.780139  0.000  0.028  0.002  0.030
   0.51768     -1.777537  0.000  0.026  0.002  0.028
   0.50438     -1.775297  0.000  0.025  0.002  0.027
   0.49107     -1.773437  0.000  0.024  0.002  0.026
   0.47777     -1.771972  0.000  0.022  0.002  0.025
   0.46446     -1.770921  0.002  0.022  0.002  0.024
   0.45116     -1.770292  0.002  0.022  0.002  0.024
   0.43785     -1.770083  0.002  0.020  0.002  0.024
   0.43785     -1.770083  0.002  0.020  0.002  0.024
   0.41481     -1.770910  0.000  0.022  0.002  0.024
   0.39176     -1.769851  0.000  0.022  0.002  0.024
   0.36872     -1.759877  0.000  0.022  0.002  0.026
   0.34567     -1.742292  0.002  0.020  0.002  0.024
   0.32263     -1.724829  0.000  0.000  0.006  0.006
   0.29958     -1.729306  0.000  0.002  0.006  0.006
   0.27654     -1.736852  0.000  0.002  0.006  0.008
   0.25349     -1.746048  0.000  0.002  0.006  0.008
   0.23045     -1.756295  0.000  0.002  0.006  0.008
   0.20740     -1.767397  0.000  0.004  0.006  0.008
   0.18436     -1.779313  0.000  0.004  0.006  0.008
   0.16131     -1.792034  0.000  0.004  0.004  0.008
   0.13827     -1.805505  0.000  0.004  0.004  0.010
   0.11522     -1.819567  0.000  0.006  0.004  0.010
   0.09218     -1.833893  0.000  0.006  0.004  0.010
   0.06913     -1.845171  0.000  0.010  0.006  0.016
   0.04609     -1.843374  0.000  0.010  0.006  0.016
   0.02304     -1.842220  0.000  0.010  0.006  0.016
   0.00000     -1.841821  0.000  0.010  0.006  0.016
 
# Band-Index:   55
   0.00000     -1.680148  0.000  0.000  0.004  0.004
   0.02304     -1.680183  0.000  0.000  0.004  0.004
   0.04609     -1.680232  0.000  0.000  0.004  0.004
   0.06913     -1.680122  0.000  0.000  0.004  0.004
   0.09218     -1.679615  0.000  0.000  0.004  0.004
   0.11522     -1.678499  0.000  0.000  0.004  0.004
   0.13827     -1.676741  0.000  0.000  0.002  0.004
   0.16131     -1.674616  0.000  0.002  0.002  0.004
   0.18436     -1.672764  0.000  0.002  0.002  0.004
   0.20740     -1.672122  0.000  0.002  0.002  0.006
   0.23045     -1.673844  0.000  0.004  0.002  0.006
   0.25349     -1.679155  0.000  0.006  0.002  0.008
   0.27654     -1.689076  0.000  0.010  0.002  0.012
   0.29958     -1.703847  0.000  0.014  0.002  0.016
   0.32263     -1.722393  0.002  0.018  0.002  0.020
   0.34567     -1.725751  0.000  0.000  0.004  0.006
   0.36872     -1.733283  0.000  0.000  0.004  0.004
   0.39176     -1.745253  0.000  0.000  0.004  0.004
   0.41481     -1.757700  0.000  0.000  0.004  0.004
   0.43785     -1.764166  0.000  0.000  0.004  0.006
   0.43785     -1.764166  0.000  0.000  0.004  0.006
   0.45116     -1.764452  0.000  0.002  0.004  0.006
   0.46446     -1.765298  0.000  0.002  0.004  0.008
   0.47777     -1.766670  0.000  0.004  0.004  0.008
   0.49107     -1.768543  0.000  0.006  0.004  0.010
   0.50438     -1.770905  0.000  0.006  0.004  0.011
   0.51768     -1.773749  0.001  0.008  0.004  0.012
   0.53099     -1.777056  0.002  0.009  0.002  0.013
   0.54429     -1.780787  0.002  0.009  0.002  0.013
   0.55760     -1.784877  0.002  0.010  0.002  0.014
   0.57090     -1.789242  0.002  0.010  0.002  0.014
   0.58421     -1.793759  0.001  0.011  0.002  0.015
   0.59751     -1.798199  0.000  0.034  0.001  0.035
   0.61082     -1.802617  0.000  0.036  0.001  0.037
   0.62412     -1.806857  0.000  0.010  0.003  0.014
   0.63743     -1.810547  0.000  0.009  0.003  0.012
   0.65073     -1.813638  0.000  0.009  0.004  0.012
   0.66404     -1.815992  0.000  0.008  0.004  0.012
   0.67734     -1.817486  0.000  0.008  0.004  0.012
   0.69065     -1.818006  0.000  0.008  0.004  0.011
   0.69065     -1.818006  0.000  0.008  0.004  0.011
   0.71726     -1.815757  0.000  0.009  0.004  0.012
   0.74387     -1.807157  0.000  0.041  0.000  0.041
   0.77048     -1.793122  0.000  0.037  0.000  0.038
   0.79709     -1.780003  0.002  0.011  0.002  0.015
   0.82370     -1.759404  0.002  0.012  0.002  0.016
   0.85031     -1.736109  0.002  0.010  0.002  0.014
   0.87692     -1.711842  0.000  0.008  0.002  0.012
   0.90353     -1.688849  0.000  0.006  0.002  0.010
   0.93014     -1.669923  0.000  0.004  0.004  0.008
   0.95675     -1.657689  0.000  0.002  0.004  0.006
   0.98336     -1.658293  0.000  0.002  0.002  0.004
   1.00997     -1.664623  0.000  0.002  0.002  0.004
   1.03658     -1.670609  0.000  0.000  0.002  0.004
   1.06319     -1.675260  0.000  0.000  0.002  0.004
   1.08980     -1.678227  0.000  0.000  0.004  0.004
   1.11641     -1.679698  0.000  0.000  0.004  0.004
   1.14302     -1.680170  0.000  0.000  0.004  0.004
   1.16963     -1.680190  0.000  0.000  0.004  0.004
   1.19624     -1.680148  0.000  0.000  0.004  0.004
 
# Band-Index:   56
   1.19624     -1.680146  0.000  0.000  0.004  0.004
   1.16963     -1.679314  0.000  0.000  0.004  0.004
   1.14302     -1.676872  0.000  0.000  0.004  0.004
   1.11641     -1.673019  0.000  0.000  0.004  0.004
   1.08980     -1.668075  0.000  0.000  0.004  0.004
   1.06319     -1.662554  0.000  0.000  0.004  0.004
   1.03658     -1.657243  0.000  0.000  0.004  0.004
   1.00997     -1.653368  0.000  0.000  0.004  0.004
   0.98336     -1.652743  0.000  0.000  0.004  0.004
   0.95675     -1.653258  0.000  0.002  0.002  0.004
   0.93014     -1.651600  0.000  0.004  0.002  0.006
   0.90353     -1.654318  0.000  0.006  0.002  0.008
   0.87692     -1.658495  0.002  0.006  0.002  0.010
   0.85031     -1.658725  0.002  0.006  0.002  0.012
   0.82370     -1.652292  0.004  0.006  0.004  0.012
   0.79709     -1.639737  0.004  0.004  0.004  0.012
   0.77048     -1.622107  0.006  0.004  0.004  0.012
   0.74387     -1.600621  0.004  0.004  0.002  0.012
   0.71726     -1.577954  0.004  0.004  0.002  0.010
   0.69065     -1.563212  0.002  0.003  0.002  0.006
   0.69065     -1.563212  0.002  0.003  0.002  0.006
   0.67734     -1.565360  0.002  0.003  0.002  0.007
   0.66404     -1.569735  0.004  0.005  0.002  0.011
   0.65073     -1.575996  0.006  0.006  0.002  0.014
   0.63743     -1.583916  0.008  0.006  0.002  0.016
   0.62412     -1.593289  0.010  0.006  0.002  0.018
   0.61082     -1.603876  0.010  0.008  0.002  0.020
   0.59751     -1.615400  0.010  0.008  0.002  0.020
   0.58421     -1.627577  0.012  0.008  0.002  0.022
   0.57090     -1.640138  0.012  0.008  0.002  0.022
   0.55760     -1.652816  0.012  0.008  0.002  0.022
   0.54429     -1.665352  0.012  0.008  0.002  0.022
   0.53099     -1.677482  0.012  0.008  0.002  0.024
   0.51768     -1.688939  0.012  0.008  0.002  0.024
   0.50438     -1.699447  0.012  0.008  0.002  0.024
   0.49107     -1.708716  0.012  0.010  0.002  0.024
   0.47777     -1.716438  0.012  0.010  0.002  0.024
   0.46446     -1.722295  0.012  0.012  0.002  0.026
   0.45116     -1.725979  0.012  0.012  0.002  0.026
   0.43785     -1.727238  0.012  0.012  0.002  0.026
   0.43785     -1.727238  0.012  0.012  0.002  0.026
   0.41481     -1.722687  0.012  0.014  0.002  0.028
   0.39176     -1.709987  0.012  0.016  0.002  0.028
   0.36872     -1.690871  0.012  0.018  0.002  0.030
   0.34567     -1.667071  0.010  0.018  0.002  0.030
   0.32263     -1.644912  0.000  0.000  0.002  0.004
   0.29958     -1.636129  0.000  0.000  0.002  0.004
   0.27654     -1.629708  0.000  0.000  0.004  0.004
   0.25349     -1.628452  0.000  0.000  0.004  0.004
   0.23045     -1.631747  0.000  0.000  0.004  0.004
   0.20740     -1.637672  0.000  0.000  0.004  0.004
   0.18436     -1.644720  0.000  0.000  0.004  0.004
   0.16131     -1.651964  0.000  0.000  0.004  0.004
   0.13827     -1.658852  0.000  0.000  0.004  0.004
   0.11522     -1.665042  0.000  0.000  0.004  0.004
   0.09218     -1.670323  0.000  0.000  0.004  0.004
   0.06913     -1.674553  0.000  0.000  0.004  0.004
   0.04609     -1.677641  0.000  0.000  0.004  0.004
   0.02304     -1.679519  0.000  0.000  0.004  0.004
   0.00000     -1.680146  0.000  0.000  0.004  0.004
 
# Band-Index:   57
   0.00000     -1.469637  0.024  0.006  0.002  0.032
   0.02304     -1.470031  0.024  0.006  0.002  0.032
   0.04609     -1.471167  0.020  0.004  0.002  0.028
   0.06913     -1.472938  0.018  0.004  0.002  0.024
   0.09218     -1.475231  0.014  0.004  0.002  0.020
   0.11522     -1.477983  0.012  0.004  0.002  0.016
   0.13827     -1.481315  0.008  0.002  0.002  0.014
   0.16131     -1.485745  0.006  0.002  0.002  0.010
   0.18436     -1.492483  0.004  0.004  0.002  0.010
   0.20740     -1.507803  0.000  0.000  0.000  0.000
   0.23045     -1.526478  0.004  0.011  0.002  0.016
   0.25349     -1.554147  0.004  0.014  0.002  0.020
   0.27654     -1.582826  0.006  0.016  0.002  0.024
   0.29958     -1.611791  0.008  0.018  0.002  0.026
   0.32263     -1.640238  0.010  0.018  0.002  0.030
   0.34567     -1.651190  0.000  0.000  0.004  0.004
   0.36872     -1.652207  0.000  0.000  0.004  0.004
   0.39176     -1.651091  0.000  0.000  0.004  0.006
   0.41481     -1.654393  0.000  0.002  0.004  0.004
   0.43785     -1.657294  0.000  0.002  0.004  0.004
   0.43785     -1.657294  0.000  0.002  0.004  0.004
   0.45116     -1.656250  0.000  0.002  0.004  0.004
   0.46446     -1.653268  0.000  0.002  0.004  0.004
   0.47777     -1.648740  0.000  0.002  0.002  0.004
   0.49107     -1.643137  0.000  0.002  0.002  0.004
   0.50438     -1.636875  0.000  0.002  0.002  0.006
   0.51768     -1.630270  0.000  0.002  0.002  0.006
   0.53099     -1.623542  0.000  0.002  0.002  0.004
   0.54429     -1.616855  0.000  0.002  0.002  0.004
   0.55760     -1.610429  0.000  0.002  0.002  0.004
   0.57090     -1.604565  0.000  0.000  0.004  0.004
   0.58421     -1.599239  0.000  0.000  0.002  0.004
   0.59751     -1.594130  0.000  0.000  0.002  0.004
   0.61082     -1.589075  0.000  0.000  0.002  0.004
   0.62412     -1.584058  0.000  0.000  0.002  0.004
   0.63743     -1.579100  0.000  0.000  0.002  0.004
   0.65073     -1.574241  0.000  0.001  0.002  0.004
   0.66404     -1.569542  0.001  0.001  0.002  0.004
   0.67734     -1.565259  0.001  0.003  0.002  0.005
   0.69065     -1.563119  0.002  0.003  0.002  0.006
   0.69065     -1.563119  0.002  0.003  0.002  0.006
   0.71726     -1.566931  0.000  0.002  0.002  0.004
   0.74387     -1.578112  0.000  0.002  0.002  0.004
   0.77048     -1.588879  0.000  0.002  0.002  0.006
   0.79709     -1.594950  0.000  0.004  0.002  0.006
   0.82370     -1.595508  0.002  0.002  0.004  0.008
   0.85031     -1.591226  0.002  0.002  0.004  0.008
   0.87692     -1.582249  0.002  0.004  0.004  0.008
   0.90353     -1.568084  0.002  0.006  0.004  0.010
   0.93014     -1.549446  0.000  0.006  0.004  0.010
   0.95675     -1.530389  0.000  0.004  0.002  0.006
   0.98336     -1.512838  0.000  0.000  0.002  0.002
   1.00997     -1.495285  0.000  0.000  0.000  0.002
   1.03658     -1.485084  0.004  0.002  0.002  0.008
   1.06319     -1.480130  0.008  0.002  0.002  0.012
   1.08980     -1.476707  0.012  0.004  0.002  0.018
   1.11641     -1.473895  0.016  0.004  0.002  0.022
   1.14302     -1.471646  0.020  0.004  0.002  0.027
   1.16963     -1.470161  0.022  0.006  0.002  0.032
   1.19624     -1.469637  0.024  0.006  0.002  0.032
 
# Band-Index:   58
   1.19624     -1.431129  0.000  0.000  0.000  0.000
   1.16963     -1.431043  0.000  0.000  0.000  0.000
   1.14302     -1.430974  0.000  0.000  0.000  0.000
   1.11641     -1.431564  0.000  0.000  0.000  0.000
   1.08980     -1.437329  0.002  0.000  0.002  0.004
   1.06319     -1.451959  0.002  0.000  0.002  0.004
   1.03658     -1.469860  0.002  0.000  0.002  0.004
   1.00997     -1.487817  0.002  0.000  0.004  0.006
   0.98336     -1.504596  0.000  0.002  0.002  0.006
   0.95675     -1.524055  0.004  0.006  0.002  0.013
   0.93014     -1.543428  0.004  0.004  0.002  0.012
   0.90353     -1.555720  0.004  0.004  0.002  0.010
   0.87692     -1.563042  0.004  0.002  0.002  0.006
   0.85031     -1.570877  0.000  0.002  0.000  0.004
   0.82370     -1.577985  0.000  0.002  0.000  0.002
   0.79709     -1.578243  0.000  0.000  0.000  0.002
   0.77048     -1.570095  0.000  0.000  0.000  0.002
   0.74387     -1.557578  0.002  0.002  0.000  0.004
   0.71726     -1.551898  0.000  0.002  0.002  0.004
   0.69065     -1.555885  0.000  0.002  0.002  0.004
   0.69065     -1.555885  0.000  0.002  0.002  0.004
   0.67734     -1.555502  0.000  0.002  0.002  0.004
   0.66404     -1.557492  0.000  0.002  0.002  0.004
   0.65073     -1.561833  0.000  0.002  0.000  0.004
   0.63743     -1.567489  0.000  0.002  0.000  0.003
   0.62412     -1.573833  0.000  0.002  0.000  0.003
   0.61082     -1.580509  0.000  0.002  0.000  0.003
   0.59751     -1.587297  0.000  0.002  0.000  0.002
   0.58421     -1.594003  0.000  0.002  0.000  0.002
   0.57090     -1.600349  0.000  0.002  0.000  0.002
   0.55760     -1.605905  0.000  0.002  0.002  0.002
   0.54429     -1.610570  0.000  0.000  0.002  0.002
   0.53099     -1.614568  0.000  0.000  0.002  0.002
   0.51768     -1.618017  0.000  0.000  0.002  0.002
   0.50438     -1.620941  0.000  0.000  0.002  0.002
   0.49107     -1.623332  0.000  0.000  0.002  0.002
   0.47777     -1.625183  0.000  0.000  0.002  0.002
   0.46446     -1.626502  0.000  0.000  0.002  0.002
   0.45116     -1.627290  0.000  0.000  0.002  0.002
   0.43785     -1.627553  0.000  0.000  0.002  0.002
   0.43785     -1.627553  0.000  0.000  0.002  0.002
   0.41481     -1.628773  0.000  0.000  0.002  0.002
   0.39176     -1.625807  0.000  0.000  0.000  0.002
   0.36872     -1.612712  0.000  0.000  0.002  0.002
   0.34567     -1.595906  0.000  0.000  0.002  0.002
   0.32263     -1.580339  0.000  0.000  0.002  0.002
   0.29958     -1.567933  0.000  0.000  0.002  0.002
   0.27654     -1.556526  0.000  0.000  0.000  0.000
   0.25349     -1.542686  0.000  0.000  0.000  0.000
   0.23045     -1.525965  0.000  0.000  0.000  0.000
   0.20740     -1.503603  0.004  0.006  0.002  0.012
   0.18436     -1.489590  0.000  0.000  0.000  0.000
   0.16131     -1.472341  0.000  0.000  0.000  0.000
   0.13827     -1.456852  0.000  0.000  0.000  0.000
   0.11522     -1.444041  0.000  0.000  0.000  0.000
   0.09218     -1.435444  0.000  0.000  0.000  0.000
   0.06913     -1.431858  0.000  0.000  0.000  0.000
   0.04609     -1.431060  0.000  0.000  0.000  0.000
   0.02304     -1.431067  0.000  0.000  0.000  0.000
   0.00000     -1.431129  0.000  0.000  0.000  0.000
 
# Band-Index:   59
   0.00000     -1.431122  0.000  0.000  0.000  0.000
   0.02304     -1.430523  0.000  0.000  0.000  0.002
   0.04609     -1.429013  0.002  0.000  0.000  0.004
   0.06913     -1.427470  0.004  0.000  0.002  0.006
   0.09218     -1.427435  0.004  0.000  0.002  0.006
   0.11522     -1.431050  0.004  0.000  0.002  0.006
   0.13827     -1.440271  0.002  0.000  0.002  0.004
   0.16131     -1.455548  0.000  0.002  0.002  0.006
   0.18436     -1.475795  0.000  0.004  0.002  0.008
   0.20740     -1.499107  0.000  0.006  0.004  0.008
   0.23045     -1.517303  0.002  0.006  0.002  0.010
   0.25349     -1.534477  0.002  0.006  0.002  0.012
   0.27654     -1.550944  0.002  0.008  0.003  0.012
   0.29958     -1.564807  0.004  0.006  0.004  0.012
   0.32263     -1.575446  0.004  0.006  0.004  0.012
   0.34567     -1.583230  0.004  0.004  0.004  0.010
   0.36872     -1.588889  0.002  0.004  0.004  0.010
   0.39176     -1.593335  0.002  0.004  0.004  0.010
   0.41481     -1.598582  0.000  0.008  0.006  0.012
   0.43785     -1.601718  0.000  0.008  0.006  0.014
   0.43785     -1.601718  0.000  0.008  0.006  0.014
   0.45116     -1.601510  0.000  0.008  0.006  0.014
   0.46446     -1.600885  0.000  0.008  0.006  0.014
   0.47777     -1.599830  0.000  0.008  0.006  0.014
   0.49107     -1.598324  0.000  0.008  0.004  0.014
   0.50438     -1.596343  0.000  0.008  0.004  0.012
   0.51768     -1.593876  0.000  0.008  0.004  0.012
   0.53099     -1.590914  0.000  0.008  0.004  0.012
   0.54429     -1.587455  0.000  0.006  0.004  0.012
   0.55760     -1.583508  0.000  0.006  0.004  0.010
   0.57090     -1.579086  0.000  0.006  0.004  0.010
   0.58421     -1.574199  0.000  0.006  0.004  0.010
   0.59751     -1.568852  0.000  0.006  0.004  0.008
   0.61082     -1.563031  0.001  0.004  0.004  0.008
   0.62412     -1.556717  0.002  0.004  0.002  0.008
   0.63743     -1.549911  0.004  0.004  0.002  0.010
   0.65073     -1.542708  0.004  0.004  0.002  0.010
   0.66404     -1.535401  0.006  0.004  0.002  0.012
   0.67734     -1.528658  0.008  0.003  0.002  0.013
   0.69065     -1.524048  0.011  0.003  0.001  0.015
   0.69065     -1.524048  0.011  0.003  0.001  0.015
   0.71726     -1.530001  0.006  0.002  0.002  0.008
   0.74387     -1.528119  0.002  0.002  0.002  0.005
   0.77048     -1.522468  0.004  0.004  0.002  0.010
   0.79709     -1.523130  0.002  0.002  0.000  0.006
   0.82370     -1.526801  0.002  0.002  0.000  0.004
   0.85031     -1.532450  0.000  0.000  0.002  0.002
   0.87692     -1.537575  0.000  0.000  0.002  0.002
   0.90353     -1.539670  0.000  0.000  0.002  0.002
   0.93014     -1.536130  0.000  0.000  0.000  0.001
   0.95675     -1.523596  0.000  0.002  0.002  0.003
   0.98336     -1.500204  0.004  0.006  0.002  0.012
   1.00997     -1.475808  0.002  0.004  0.002  0.010
   1.03658     -1.454907  0.002  0.003  0.002  0.006
   1.06319     -1.440981  0.000  0.002  0.002  0.004
   1.08980     -1.434113  0.000  0.000  0.000  0.002
   1.11641     -1.429203  0.004  0.000  0.002  0.006
   1.14302     -1.428704  0.004  0.000  0.000  0.004
   1.16963     -1.430345  0.000  0.000  0.000  0.002
   1.19624     -1.431122  0.000  0.000  0.000  0.000
 
# Band-Index:   60
   1.19624     -1.402086  0.000  0.000  0.000  0.000
   1.16963     -1.403831  0.000  0.000  0.000  0.000
   1.14302     -1.408714  0.000  0.000  0.000  0.000
   1.11641     -1.414868  0.000  0.000  0.000  0.000
   1.08980     -1.418882  0.002  0.000  0.000  0.002
   1.06319     -1.424413  0.000  0.000  0.002  0.002
   1.03658     -1.434757  0.000  0.002  0.002  0.004
   1.00997     -1.447023  0.002  0.004  0.000  0.007
   0.98336     -1.455886  0.004  0.006  0.000  0.010
   0.95675     -1.460300  0.004  0.005  0.000  0.010
   0.93014     -1.472613  0.002  0.008  0.002  0.012
   0.90353     -1.494416  0.004  0.010  0.002  0.016
   0.87692     -1.511992  0.006  0.010  0.002  0.018
   0.85031     -1.519730  0.010  0.008  0.002  0.020
   0.82370     -1.518625  0.010  0.006  0.002  0.020
   0.79709     -1.515296  0.010  0.004  0.002  0.016
   0.77048     -1.518283  0.004  0.002  0.002  0.007
   0.74387     -1.523334  0.006  0.005  0.002  0.013
   0.71726     -1.523407  0.008  0.006  0.002  0.016
   0.69065     -1.523808  0.011  0.003  0.001  0.015
   0.69065     -1.523808  0.011  0.003  0.001  0.015
   0.67734     -1.521842  0.010  0.004  0.002  0.015
   0.66404     -1.524074  0.006  0.002  0.002  0.012
   0.65073     -1.528550  0.006  0.002  0.002  0.010
   0.63743     -1.533391  0.004  0.002  0.004  0.010
   0.62412     -1.538249  0.004  0.002  0.004  0.010
   0.61082     -1.543110  0.004  0.002  0.004  0.010
   0.59751     -1.548027  0.004  0.002  0.004  0.010
   0.58421     -1.553040  0.006  0.004  0.004  0.012
   0.57090     -1.558159  0.006  0.004  0.004  0.012
   0.55760     -1.563334  0.006  0.004  0.004  0.012
   0.54429     -1.568478  0.006  0.004  0.004  0.012
   0.53099     -1.573466  0.006  0.004  0.002  0.012
   0.51768     -1.578154  0.006  0.004  0.002  0.012
   0.50438     -1.582400  0.006  0.004  0.002  0.012
   0.49107     -1.586066  0.004  0.004  0.002  0.012
   0.47777     -1.589038  0.004  0.004  0.002  0.012
   0.46446     -1.591227  0.004  0.004  0.002  0.012
   0.45116     -1.592569  0.004  0.004  0.002  0.012
   0.43785     -1.593020  0.004  0.004  0.002  0.012
   0.43785     -1.593020  0.004  0.004  0.002  0.012
   0.41481     -1.591314  0.004  0.006  0.002  0.014
   0.39176     -1.582562  0.004  0.012  0.004  0.020
   0.36872     -1.565074  0.004  0.014  0.004  0.022
   0.34567     -1.542180  0.006  0.016  0.002  0.024
   0.32263     -1.521791  0.000  0.000  0.002  0.002
   0.29958     -1.511476  0.000  0.000  0.002  0.002
   0.27654     -1.497348  0.000  0.000  0.002  0.002
   0.25349     -1.481123  0.000  0.000  0.002  0.002
   0.23045     -1.464919  0.000  0.000  0.002  0.002
   0.20740     -1.450302  0.000  0.000  0.002  0.002
   0.18436     -1.438458  0.000  0.000  0.002  0.002
   0.16131     -1.430089  0.000  0.000  0.000  0.000
   0.13827     -1.424976  0.000  0.000  0.000  0.000
   0.11522     -1.421777  0.000  0.000  0.000  0.000
   0.09218     -1.418167  0.000  0.000  0.000  0.000
   0.06913     -1.412691  0.000  0.000  0.000  0.000
   0.04609     -1.407168  0.000  0.000  0.000  0.000
   0.02304     -1.403399  0.000  0.000  0.000  0.000
   0.00000     -1.402086  0.000  0.000  0.000  0.000
 
# Band-Index:   61
   0.00000     -1.339561  0.036  0.018  0.004  0.056
   0.02304     -1.338768  0.034  0.016  0.004  0.055
   0.04609     -1.337103  0.024  0.010  0.004  0.038
   0.06913     -1.345822  0.000  0.002  0.004  0.006
   0.09218     -1.360027  0.000  0.002  0.004  0.008
   0.11522     -1.376523  0.002  0.004  0.004  0.008
   0.13827     -1.394353  0.002  0.006  0.004  0.010
   0.16131     -1.412367  0.002  0.006  0.004  0.012
   0.18436     -1.428920  0.004  0.008  0.002  0.014
   0.20740     -1.441994  0.004  0.006  0.002  0.014
   0.23045     -1.450672  0.006  0.006  0.002  0.014
   0.25349     -1.456461  0.006  0.006  0.002  0.014
   0.27654     -1.465310  0.008  0.010  0.002  0.020
   0.29958     -1.488330  0.008  0.016  0.002  0.024
   0.32263     -1.515906  0.006  0.016  0.002  0.024
   0.34567     -1.530360  0.000  0.000  0.002  0.002
   0.36872     -1.541703  0.000  0.000  0.002  0.002
   0.39176     -1.555507  0.000  0.000  0.002  0.002
   0.41481     -1.567473  0.000  0.000  0.002  0.002
   0.43785     -1.572485  0.000  0.000  0.000  0.002
   0.43785     -1.572485  0.000  0.000  0.000  0.002
   0.45116     -1.572132  0.000  0.000  0.000  0.002
   0.46446     -1.571088  0.000  0.000  0.000  0.002
   0.47777     -1.569379  0.000  0.000  0.000  0.002
   0.49107     -1.567055  0.000  0.000  0.000  0.002
   0.50438     -1.564164  0.000  0.000  0.000  0.002
   0.51768     -1.560765  0.000  0.000  0.000  0.002
   0.53099     -1.556922  0.000  0.000  0.000  0.002
   0.54429     -1.552698  0.000  0.000  0.000  0.002
   0.55760     -1.548162  0.000  0.000  0.000  0.002
   0.57090     -1.543382  0.000  0.000  0.000  0.002
   0.58421     -1.538427  0.002  0.000  0.000  0.002
   0.59751     -1.533380  0.002  0.000  0.000  0.002
   0.61082     -1.528327  0.002  0.000  0.002  0.004
   0.62412     -1.523375  0.002  0.000  0.002  0.004
   0.63743     -1.518637  0.002  0.002  0.002  0.004
   0.65073     -1.514238  0.002  0.002  0.002  0.004
   0.66404     -1.510291  0.002  0.002  0.002  0.006
   0.67734     -1.507903  0.000  0.000  0.004  0.004
   0.69065     -1.507609  0.000  0.000  0.004  0.004
   0.69065     -1.507609  0.000  0.000  0.004  0.004
   0.71726     -1.510813  0.002  0.002  0.003  0.006
   0.74387     -1.509143  0.006  0.002  0.004  0.012
   0.77048     -1.506812  0.006  0.004  0.004  0.014
   0.79709     -1.501208  0.008  0.008  0.002  0.020
   0.82370     -1.494026  0.008  0.011  0.002  0.022
   0.85031     -1.482541  0.008  0.010  0.002  0.020
   0.87692     -1.472152  0.006  0.008  0.002  0.014
   0.90353     -1.466134  0.004  0.006  0.002  0.010
   0.93014     -1.462908  0.004  0.004  0.000  0.010
   0.95675     -1.451252  0.002  0.006  0.002  0.010
   0.98336     -1.432556  0.000  0.004  0.002  0.008
   1.00997     -1.416812  0.000  0.004  0.002  0.007
   1.03658     -1.402344  0.000  0.004  0.002  0.008
   1.06319     -1.386394  0.000  0.004  0.004  0.008
   1.08980     -1.368647  0.000  0.004  0.004  0.008
   1.11641     -1.351556  0.000  0.002  0.004  0.006
   1.14302     -1.338150  0.006  0.002  0.004  0.012
   1.16963     -1.338516  0.034  0.016  0.004  0.054
   1.19624     -1.339561  0.036  0.018  0.004  0.056
 
# Band-Index:   62
   1.19624     -1.323695  0.000  0.000  0.004  0.004
   1.16963     -1.327422  0.000  0.002  0.004  0.006
   1.14302     -1.334397  0.027  0.016  0.004  0.047
   1.11641     -1.338525  0.004  0.004  0.004  0.010
   1.08980     -1.346991  0.006  0.006  0.004  0.016
   1.06319     -1.354175  0.010  0.008  0.004  0.020
   1.03658     -1.360385  0.008  0.006  0.002  0.016
   1.00997     -1.367922  0.006  0.004  0.002  0.010
   0.98336     -1.377124  0.004  0.002  0.002  0.008
   0.95675     -1.387346  0.004  0.002  0.002  0.008
   0.93014     -1.399661  0.000  0.006  0.000  0.006
   0.90353     -1.421646  0.000  0.006  0.002  0.008
   0.87692     -1.442814  0.000  0.006  0.002  0.008
   0.85031     -1.462705  0.000  0.006  0.002  0.008
   0.82370     -1.481159  0.000  0.006  0.002  0.008
   0.79709     -1.497409  0.002  0.006  0.002  0.010
   0.77048     -1.503359  0.008  0.006  0.002  0.016
   0.74387     -1.503445  0.006  0.004  0.002  0.012
   0.71726     -1.504069  0.006  0.002  0.002  0.010
   0.69065     -1.504510  0.000  0.004  0.002  0.008
   0.69065     -1.504510  0.000  0.004  0.002  0.008
   0.67734     -1.506848  0.002  0.002  0.002  0.006
   0.66404     -1.502112  0.002  0.002  0.002  0.006
   0.65073     -1.492400  0.002  0.000  0.002  0.004
   0.63743     -1.485295  0.004  0.004  0.002  0.010
   0.62412     -1.482605  0.008  0.006  0.002  0.016
   0.61082     -1.481246  0.010  0.006  0.002  0.018
   0.59751     -1.480857  0.010  0.008  0.002  0.020
   0.58421     -1.481168  0.010  0.008  0.002  0.022
   0.57090     -1.481932  0.010  0.008  0.002  0.022
   0.55760     -1.482938  0.010  0.010  0.002  0.022
   0.54429     -1.484032  0.010  0.010  0.002  0.022
   0.53099     -1.485109  0.008  0.010  0.002  0.022
   0.51768     -1.486101  0.008  0.010  0.002  0.022
   0.50438     -1.486970  0.008  0.012  0.004  0.022
   0.49107     -1.487694  0.008  0.012  0.004  0.022
   0.47777     -1.488263  0.008  0.012  0.004  0.024
   0.46446     -1.488672  0.006  0.014  0.004  0.024
   0.45116     -1.488920  0.006  0.014  0.004  0.024
   0.43785     -1.489001  0.006  0.014  0.004  0.024
   0.43785     -1.489001  0.006  0.014  0.004  0.024
   0.41481     -1.485390  0.008  0.014  0.004  0.026
   0.39176     -1.475873  0.000  0.000  0.002  0.002
   0.36872     -1.477421  0.000  0.002  0.002  0.002
   0.34567     -1.471985  0.000  0.002  0.002  0.004
   0.32263     -1.457888  0.000  0.002  0.002  0.004
   0.29958     -1.451200  0.004  0.006  0.002  0.010
   0.27654     -1.444706  0.004  0.010  0.002  0.016
   0.25349     -1.422715  0.006  0.014  0.002  0.022
   0.23045     -1.397848  0.008  0.014  0.002  0.024
   0.20740     -1.377385  0.012  0.012  0.002  0.026
   0.18436     -1.363691  0.016  0.012  0.002  0.030
   0.16131     -1.356013  0.016  0.012  0.002  0.032
   0.13827     -1.351334  0.016  0.012  0.002  0.030
   0.11522     -1.346461  0.012  0.010  0.004  0.025
   0.09218     -1.340326  0.010  0.007  0.004  0.020
   0.06913     -1.335085  0.018  0.010  0.004  0.032
   0.04609     -1.333649  0.008  0.008  0.004  0.020
   0.02304     -1.326657  0.000  0.002  0.004  0.006
   0.00000     -1.323695  0.000  0.000  0.004  0.004
 
# Band-Index:   63
   0.00000     -1.323685  0.000  0.000  0.004  0.004
   0.02304     -1.324790  0.000  0.000  0.004  0.004
   0.04609     -1.327494  0.000  0.000  0.004  0.004
   0.06913     -1.331562  0.000  0.000  0.004  0.004
   0.09218     -1.336893  0.000  0.000  0.004  0.004
   0.11522     -1.343148  0.000  0.000  0.004  0.004
   0.13827     -1.349665  0.000  0.000  0.004  0.004
   0.16131     -1.355621  0.000  0.000  0.002  0.004
   0.18436     -1.360888  0.000  0.000  0.002  0.002
   0.20740     -1.368151  0.000  0.000  0.002  0.004
   0.23045     -1.380993  0.000  0.002  0.002  0.004
   0.25349     -1.398060  0.000  0.002  0.002  0.004
   0.27654     -1.417772  0.000  0.002  0.002  0.004
   0.29958     -1.438533  0.000  0.002  0.002  0.004
   0.32263     -1.450446  0.004  0.004  0.002  0.010
   0.34567     -1.447724  0.008  0.006  0.002  0.016
   0.36872     -1.458122  0.010  0.018  0.002  0.030
   0.39176     -1.474782  0.008  0.016  0.004  0.028
   0.41481     -1.472076  0.000  0.000  0.002  0.002
   0.43785     -1.470186  0.000  0.000  0.002  0.002
   0.43785     -1.470186  0.000  0.000  0.002  0.002
   0.45116     -1.469926  0.000  0.000  0.002  0.002
   0.46446     -1.469154  0.000  0.000  0.002  0.002
   0.47777     -1.467871  0.000  0.000  0.002  0.002
   0.49107     -1.466085  0.000  0.002  0.002  0.004
   0.50438     -1.463803  0.000  0.002  0.002  0.004
   0.51768     -1.461044  0.000  0.002  0.002  0.004
   0.53099     -1.457835  0.002  0.002  0.002  0.004
   0.54429     -1.454232  0.002  0.002  0.002  0.006
   0.55760     -1.450342  0.002  0.002  0.002  0.006
   0.57090     -1.446471  0.002  0.002  0.002  0.006
   0.58421     -1.443785  0.003  0.002  0.002  0.008
   0.59751     -1.447665  0.002  0.002  0.002  0.006
   0.61082     -1.458203  0.004  0.002  0.002  0.008
   0.62412     -1.469247  0.004  0.002  0.002  0.010
   0.63743     -1.480375  0.008  0.004  0.002  0.014
   0.65073     -1.488124  0.008  0.005  0.002  0.016
   0.66404     -1.493146  0.004  0.002  0.002  0.010
   0.67734     -1.498562  0.002  0.002  0.002  0.006
   0.69065     -1.502377  0.001  0.000  0.002  0.004
   0.69065     -1.502377  0.001  0.000  0.002  0.004
   0.71726     -1.493463  0.000  0.002  0.002  0.004
   0.74387     -1.480000  0.002  0.002  0.002  0.005
   0.77048     -1.467013  0.002  0.002  0.002  0.006
   0.79709     -1.456546  0.002  0.002  0.002  0.006
   0.82370     -1.449244  0.002  0.002  0.002  0.008
   0.85031     -1.441382  0.004  0.006  0.002  0.010
   0.87692     -1.428258  0.004  0.008  0.002  0.014
   0.90353     -1.412304  0.004  0.006  0.002  0.012
   0.93014     -1.398698  0.004  0.004  0.002  0.009
   0.95675     -1.379929  0.000  0.004  0.000  0.006
   0.98336     -1.367764  0.000  0.002  0.002  0.004
   1.00997     -1.359692  0.000  0.002  0.002  0.004
   1.03658     -1.352037  0.000  0.002  0.004  0.006
   1.06319     -1.344249  0.002  0.002  0.004  0.006
   1.08980     -1.337160  0.004  0.002  0.004  0.010
   1.11641     -1.332959  0.018  0.010  0.004  0.030
   1.14302     -1.330746  0.002  0.002  0.004  0.006
   1.16963     -1.325474  0.000  0.000  0.004  0.004
   1.19624     -1.323685  0.000  0.000  0.004  0.004
 
# Band-Index:   64
   1.19624     -1.321876  0.000  0.000  0.004  0.004
   1.16963     -1.322188  0.000  0.000  0.004  0.005
   1.14302     -1.324217  0.002  0.002  0.004  0.006
   1.11641     -1.325895  0.016  0.010  0.004  0.028
   1.08980     -1.327718  0.004  0.004  0.004  0.011
   1.06319     -1.331351  0.008  0.008  0.004  0.018
   1.03658     -1.333498  0.014  0.013  0.004  0.031
   1.00997     -1.332536  0.020  0.016  0.004  0.040
   0.98336     -1.343569  0.002  0.004  0.002  0.006
   0.95675     -1.361223  0.000  0.002  0.004  0.006
   0.93014     -1.374316  0.000  0.002  0.002  0.006
   0.90353     -1.385894  0.002  0.002  0.002  0.006
   0.87692     -1.398442  0.002  0.002  0.002  0.006
   0.85031     -1.412262  0.002  0.002  0.002  0.006
   0.82370     -1.427231  0.002  0.002  0.002  0.006
   0.79709     -1.443147  0.002  0.002  0.002  0.006
   0.77048     -1.459660  0.002  0.002  0.002  0.006
   0.74387     -1.476194  0.002  0.002  0.002  0.006
   0.71726     -1.491796  0.002  0.001  0.002  0.004
   0.69065     -1.502346  0.001  0.000  0.002  0.004
   0.69065     -1.502346  0.001  0.000  0.002  0.004
   0.67734     -1.498156  0.000  0.002  0.002  0.004
   0.66404     -1.490113  0.000  0.002  0.002  0.004
   0.65073     -1.480694  0.000  0.002  0.002  0.004
   0.63743     -1.470826  0.000  0.000  0.002  0.004
   0.62412     -1.461138  0.000  0.000  0.002  0.004
   0.61082     -1.452309  0.002  0.000  0.002  0.004
   0.59751     -1.445620  0.002  0.002  0.002  0.006
   0.58421     -1.437815  0.002  0.002  0.002  0.004
   0.57090     -1.428792  0.002  0.000  0.002  0.004
   0.55760     -1.425764  0.002  0.002  0.002  0.006
   0.54429     -1.425091  0.004  0.002  0.002  0.008
   0.53099     -1.425405  0.004  0.002  0.002  0.010
   0.51768     -1.426285  0.006  0.002  0.002  0.010
   0.50438     -1.427404  0.006  0.004  0.002  0.010
   0.49107     -1.428533  0.006  0.004  0.002  0.010
   0.47777     -1.429525  0.006  0.004  0.002  0.012
   0.46446     -1.430288  0.006  0.004  0.002  0.012
   0.45116     -1.430769  0.006  0.004  0.002  0.012
   0.43785     -1.430933  0.006  0.004  0.002  0.012
   0.43785     -1.430933  0.006  0.004  0.002  0.012
   0.41481     -1.432346  0.006  0.004  0.002  0.012
   0.39176     -1.436088  0.006  0.004  0.002  0.010
   0.36872     -1.440626  0.004  0.002  0.002  0.008
   0.34567     -1.433274  0.008  0.016  0.004  0.026
   0.32263     -1.407403  0.012  0.020  0.002  0.034
   0.29958     -1.378860  0.016  0.020  0.002  0.038
   0.27654     -1.363727  0.000  0.000  0.002  0.002
   0.25349     -1.361397  0.000  0.000  0.002  0.002
   0.23045     -1.359230  0.000  0.000  0.002  0.002
   0.20740     -1.355615  0.000  0.000  0.002  0.004
   0.18436     -1.348263  0.000  0.000  0.004  0.004
   0.16131     -1.339769  0.000  0.000  0.004  0.004
   0.13827     -1.332629  0.000  0.000  0.004  0.004
   0.11522     -1.327402  0.000  0.000  0.004  0.004
   0.09218     -1.325388  0.030  0.018  0.004  0.050
   0.06913     -1.328695  0.020  0.012  0.004  0.036
   0.04609     -1.325808  0.002  0.002  0.004  0.010
   0.02304     -1.322654  0.000  0.000  0.004  0.005
   0.00000     -1.321876  0.000  0.000  0.004  0.004
 
# Band-Index:   65
   0.00000     -1.321867  0.000  0.000  0.004  0.004
   0.02304     -1.321630  0.000  0.000  0.004  0.004
   0.04609     -1.321614  0.000  0.000  0.004  0.004
   0.06913     -1.322296  0.000  0.000  0.004  0.004
   0.09218     -1.324071  0.000  0.000  0.004  0.004
   0.11522     -1.320135  0.030  0.016  0.004  0.049
   0.13827     -1.314698  0.028  0.016  0.002  0.046
   0.16131     -1.309333  0.026  0.016  0.002  0.045
   0.18436     -1.303582  0.025  0.018  0.002  0.045
   0.20740     -1.306125  0.000  0.002  0.000  0.004
   0.23045     -1.317977  0.004  0.004  0.000  0.009
   0.25349     -1.330584  0.013  0.012  0.002  0.026
   0.27654     -1.351397  0.018  0.020  0.002  0.040
   0.29958     -1.366653  0.000  0.000  0.002  0.002
   0.32263     -1.370319  0.000  0.000  0.000  0.002
   0.34567     -1.375511  0.000  0.000  0.002  0.002
   0.36872     -1.384056  0.000  0.000  0.002  0.002
   0.39176     -1.394445  0.000  0.000  0.002  0.002
   0.41481     -1.402866  0.000  0.000  0.002  0.002
   0.43785     -1.406188  0.000  0.000  0.002  0.002
   0.43785     -1.406188  0.000  0.000  0.002  0.002
   0.45116     -1.405706  0.000  0.000  0.002  0.002
   0.46446     -1.404391  0.000  0.000  0.002  0.002
   0.47777     -1.402657  0.000  0.000  0.002  0.002
   0.49107     -1.401281  0.000  0.000  0.002  0.002
   0.50438     -1.401335  0.000  0.000  0.002  0.002
   0.51768     -1.403542  0.000  0.000  0.002  0.002
   0.53099     -1.407790  0.000  0.000  0.002  0.002
   0.54429     -1.413615  0.000  0.000  0.002  0.002
   0.55760     -1.420678  0.000  0.000  0.002  0.003
   0.57090     -1.427702  0.002  0.000  0.002  0.004
   0.58421     -1.430136  0.000  0.000  0.002  0.002
   0.59751     -1.429689  0.000  0.002  0.002  0.004
   0.61082     -1.425620  0.002  0.002  0.002  0.006
   0.62412     -1.420120  0.002  0.004  0.002  0.008
   0.63743     -1.414008  0.004  0.004  0.002  0.010
   0.65073     -1.407583  0.004  0.004  0.002  0.012
   0.66404     -1.401087  0.006  0.006  0.002  0.014
   0.67734     -1.394953  0.010  0.008  0.002  0.020
   0.69065     -1.390863  0.013  0.011  0.002  0.027
   0.69065     -1.390863  0.013  0.011  0.002  0.027
   0.71726     -1.397137  0.004  0.002  0.002  0.008
   0.74387     -1.408930  0.000  0.000  0.002  0.004
   0.77048     -1.419360  0.000  0.000  0.002  0.004
   0.79709     -1.423939  0.000  0.000  0.002  0.004
   0.82370     -1.420342  0.000  0.002  0.002  0.002
   0.85031     -1.410480  0.000  0.002  0.000  0.004
   0.87692     -1.396101  0.000  0.004  0.000  0.004
   0.90353     -1.375588  0.000  0.006  0.000  0.006
   0.93014     -1.350733  0.000  0.006  0.000  0.006
   0.95675     -1.333590  0.010  0.008  0.002  0.020
   0.98336     -1.330640  0.020  0.016  0.002  0.038
   1.00997     -1.328856  0.007  0.004  0.002  0.013
   1.03658     -1.320754  0.014  0.008  0.002  0.024
   1.06319     -1.319106  0.023  0.012  0.002  0.038
   1.08980     -1.322462  0.026  0.014  0.004  0.044
   1.11641     -1.324744  0.002  0.002  0.004  0.008
   1.14302     -1.322999  0.000  0.002  0.004  0.006
   1.16963     -1.322163  0.000  0.000  0.004  0.005
   1.19624     -1.321867  0.000  0.000  0.004  0.004
 
# Band-Index:   66
   1.19624     -1.261264  0.000  0.000  0.000  0.000
   1.16963     -1.264224  0.000  0.000  0.000  0.000
   1.14302     -1.270570  0.000  0.000  0.000  0.000
   1.11641     -1.277978  0.000  0.000  0.000  0.000
   1.08980     -1.285178  0.000  0.000  0.000  0.002
   1.06319     -1.290595  0.004  0.002  0.000  0.006
   1.03658     -1.293137  0.006  0.004  0.000  0.010
   1.00997     -1.299893  0.000  0.002  0.000  0.002
   0.98336     -1.314097  0.002  0.002  0.000  0.004
   0.95675     -1.324887  0.003  0.002  0.000  0.006
   0.93014     -1.331947  0.003  0.002  0.000  0.006
   0.90353     -1.336990  0.002  0.002  0.002  0.006
   0.87692     -1.341334  0.002  0.002  0.002  0.006
   0.85031     -1.348006  0.002  0.002  0.002  0.006
   0.82370     -1.361589  0.002  0.006  0.002  0.010
   0.79709     -1.375443  0.006  0.006  0.002  0.014
   0.77048     -1.385324  0.008  0.008  0.002  0.018
   0.74387     -1.390738  0.012  0.010  0.002  0.024
   0.71726     -1.392370  0.014  0.012  0.002  0.026
   0.69065     -1.390760  0.013  0.011  0.002  0.028
   0.69065     -1.390760  0.013  0.011  0.002  0.028
   0.67734     -1.388883  0.013  0.012  0.002  0.026
   0.66404     -1.386237  0.012  0.010  0.002  0.024
   0.65073     -1.383023  0.010  0.010  0.002  0.022
   0.63743     -1.379537  0.008  0.008  0.002  0.018
   0.62412     -1.376194  0.008  0.006  0.002  0.016
   0.61082     -1.373372  0.006  0.006  0.002  0.013
   0.59751     -1.371240  0.006  0.004  0.002  0.011
   0.58421     -1.369830  0.005  0.004  0.002  0.011
   0.57090     -1.369261  0.004  0.004  0.002  0.010
   0.55760     -1.369701  0.004  0.004  0.002  0.009
   0.54429     -1.371174  0.004  0.004  0.002  0.008
   0.53099     -1.373376  0.002  0.004  0.000  0.006
   0.51768     -1.375646  0.002  0.002  0.000  0.004
   0.50438     -1.377109  0.002  0.002  0.000  0.004
   0.49107     -1.377219  0.000  0.002  0.000  0.002
   0.47777     -1.376324  0.000  0.000  0.000  0.002
   0.46446     -1.375180  0.000  0.000  0.000  0.000
   0.45116     -1.374323  0.000  0.000  0.000  0.000
   0.43785     -1.374012  0.000  0.000  0.000  0.000
   0.43785     -1.374012  0.000  0.000  0.000  0.000
   0.41481     -1.373474  0.000  0.000  0.000  0.000
   0.39176     -1.371746  0.000  0.000  0.000  0.000
   0.36872     -1.368190  0.000  0.000  0.000  0.000
   0.34567     -1.360952  0.000  0.000  0.002  0.002
   0.32263     -1.350029  0.000  0.000  0.002  0.002
   0.29958     -1.338548  0.000  0.000  0.002  0.002
   0.27654     -1.328174  0.000  0.000  0.002  0.002
   0.25349     -1.319219  0.000  0.000  0.000  0.000
   0.23045     -1.311566  0.000  0.000  0.000  0.000
   0.20740     -1.305245  0.000  0.000  0.000  0.000
   0.18436     -1.300206  0.000  0.000  0.000  0.000
   0.16131     -1.295947  0.000  0.000  0.000  0.000
   0.13827     -1.291694  0.000  0.000  0.000  0.000
   0.11522     -1.286807  0.000  0.000  0.000  0.000
   0.09218     -1.281086  0.000  0.000  0.000  0.000
   0.06913     -1.274836  0.000  0.000  0.000  0.000
   0.04609     -1.268683  0.000  0.000  0.000  0.000
   0.02304     -1.263552  0.000  0.000  0.000  0.000
   0.00000     -1.261264  0.000  0.000  0.000  0.000
 
# Band-Index:   67
   0.00000     -1.247084  0.000  0.000  0.000  0.000
   0.02304     -1.248372  0.000  0.000  0.000  0.002
   0.04609     -1.252108  0.000  0.002  0.000  0.002
   0.06913     -1.257849  0.002  0.002  0.000  0.006
   0.09218     -1.264931  0.004  0.006  0.000  0.008
   0.11522     -1.272461  0.005  0.008  0.000  0.014
   0.13827     -1.279462  0.008  0.010  0.000  0.018
   0.16131     -1.285546  0.008  0.012  0.000  0.022
   0.18436     -1.292946  0.006  0.011  0.000  0.017
   0.20740     -1.295656  0.028  0.028  0.002  0.058
   0.23045     -1.295699  0.023  0.032  0.000  0.055
   0.25349     -1.306985  0.010  0.022  0.000  0.032
   0.27654     -1.314197  0.000  0.010  0.000  0.012
   0.29958     -1.315329  0.000  0.006  0.000  0.008
   0.32263     -1.313615  0.002  0.006  0.002  0.008
   0.34567     -1.310654  0.004  0.006  0.002  0.012
   0.36872     -1.307295  0.008  0.008  0.002  0.016
   0.39176     -1.304134  0.010  0.008  0.002  0.022
   0.41481     -1.301780  0.014  0.010  0.002  0.028
   0.43785     -1.300892  0.016  0.012  0.004  0.030
   0.43785     -1.300892  0.016  0.012  0.004  0.030
   0.45116     -1.301497  0.016  0.011  0.004  0.030
   0.46446     -1.303272  0.014  0.010  0.004  0.028
   0.47777     -1.306102  0.014  0.010  0.004  0.026
   0.49107     -1.309805  0.012  0.010  0.002  0.024
   0.50438     -1.318490  0.006  0.008  0.002  0.016
   0.51768     -1.328953  0.008  0.010  0.002  0.018
   0.53099     -1.339179  0.008  0.010  0.002  0.020
   0.54429     -1.348628  0.010  0.012  0.000  0.022
   0.55760     -1.356730  0.012  0.012  0.000  0.025
   0.57090     -1.362953  0.014  0.014  0.002  0.028
   0.58421     -1.367044  0.015  0.014  0.002  0.031
   0.59751     -1.369293  0.016  0.015  0.002  0.033
   0.61082     -1.370477  0.017  0.015  0.002  0.034
   0.62412     -1.371524  0.016  0.014  0.002  0.033
   0.63743     -1.373146  0.014  0.012  0.002  0.030
   0.65073     -1.375580  0.012  0.010  0.002  0.026
   0.66404     -1.378617  0.009  0.008  0.004  0.020
   0.67734     -1.381805  0.004  0.004  0.004  0.012
   0.69065     -1.383794  0.000  0.000  0.004  0.004
   0.69065     -1.383794  0.000  0.000  0.004  0.004
   0.71726     -1.378059  0.012  0.010  0.004  0.024
   0.74387     -1.372224  0.016  0.014  0.004  0.034
   0.77048     -1.365261  0.016  0.016  0.004  0.036
   0.79709     -1.356740  0.017  0.016  0.004  0.038
   0.82370     -1.347427  0.018  0.018  0.004  0.040
   0.85031     -1.338113  0.022  0.020  0.004  0.046
   0.87692     -1.329514  0.026  0.024  0.004  0.052
   0.90353     -1.322176  0.030  0.028  0.004  0.062
   0.93014     -1.315401  0.034  0.034  0.002  0.070
   0.95675     -1.303330  0.026  0.032  0.002  0.060
   0.98336     -1.286518  0.016  0.022  0.000  0.038
   1.00997     -1.279314  0.008  0.014  0.000  0.023
   1.03658     -1.276807  0.006  0.009  0.000  0.016
   1.06319     -1.273039  0.004  0.006  0.000  0.012
   1.08980     -1.267217  0.002  0.006  0.000  0.008
   1.11641     -1.260188  0.002  0.004  0.000  0.006
   1.14302     -1.253523  0.000  0.002  0.000  0.004
   1.16963     -1.248790  0.000  0.000  0.000  0.002
   1.19624     -1.247084  0.000  0.000  0.000  0.000
 
# Band-Index:   68
   1.19624     -1.247078  0.000  0.000  0.000  0.000
   1.16963     -1.245168  0.000  0.000  0.000  0.000
   1.14302     -1.241851  0.000  0.000  0.000  0.000
   1.11641     -1.239168  0.000  0.000  0.000  0.002
   1.08980     -1.237850  0.000  0.000  0.000  0.002
   1.06319     -1.239727  0.002  0.002  0.000  0.006
   1.03658     -1.254507  0.008  0.010  0.000  0.020
   1.00997     -1.268047  0.020  0.017  0.002  0.038
   0.98336     -1.268382  0.022  0.016  0.002  0.038
   0.95675     -1.268132  0.014  0.010  0.002  0.024
   0.93014     -1.277296  0.004  0.004  0.000  0.008
   0.90353     -1.295008  0.000  0.002  0.000  0.004
   0.87692     -1.315315  0.000  0.002  0.000  0.004
   0.85031     -1.332094  0.000  0.002  0.002  0.004
   0.82370     -1.338349  0.000  0.002  0.002  0.004
   0.79709     -1.338500  0.000  0.002  0.002  0.004
   0.77048     -1.335171  0.000  0.002  0.002  0.004
   0.74387     -1.329371  0.000  0.002  0.002  0.004
   0.71726     -1.335607  0.002  0.006  0.002  0.010
   0.69065     -1.333072  0.003  0.007  0.002  0.012
   0.69065     -1.333072  0.003  0.007  0.002  0.012
   0.67734     -1.337724  0.004  0.008  0.002  0.012
   0.66404     -1.342099  0.004  0.008  0.002  0.012
   0.65073     -1.345552  0.002  0.008  0.002  0.012
   0.63743     -1.347644  0.002  0.006  0.002  0.010
   0.62412     -1.348073  0.002  0.006  0.002  0.008
   0.61082     -1.346807  0.000  0.006  0.002  0.008
   0.59751     -1.344200  0.000  0.004  0.002  0.006
   0.58421     -1.340800  0.000  0.004  0.002  0.006
   0.57090     -1.336993  0.000  0.004  0.002  0.008
   0.55760     -1.332881  0.002  0.004  0.002  0.010
   0.54429     -1.328443  0.004  0.006  0.002  0.012
   0.53099     -1.323720  0.006  0.006  0.002  0.016
   0.51768     -1.318874  0.008  0.008  0.002  0.018
   0.50438     -1.314145  0.010  0.008  0.002  0.022
   0.49107     -1.308339  0.005  0.006  0.002  0.013
   0.47777     -1.299172  0.004  0.005  0.002  0.010
   0.46446     -1.291783  0.002  0.003  0.002  0.007
   0.45116     -1.286976  0.000  0.002  0.002  0.004
   0.43785     -1.285314  0.000  0.000  0.002  0.004
   0.43785     -1.285314  0.000  0.000  0.002  0.004
   0.41481     -1.284969  0.000  0.000  0.002  0.002
   0.39176     -1.283893  0.000  0.000  0.002  0.002
   0.36872     -1.281921  0.000  0.000  0.002  0.002
   0.34567     -1.278780  0.000  0.000  0.002  0.002
   0.32263     -1.274182  0.000  0.000  0.002  0.002
   0.29958     -1.268372  0.000  0.000  0.002  0.002
   0.27654     -1.263211  0.000  0.000  0.000  0.002
   0.25349     -1.271822  0.036  0.028  0.002  0.066
   0.23045     -1.280882  0.030  0.022  0.002  0.056
   0.20740     -1.279814  0.024  0.022  0.002  0.048
   0.18436     -1.270177  0.017  0.018  0.002  0.036
   0.16131     -1.252713  0.006  0.008  0.000  0.016
   0.13827     -1.234689  0.000  0.000  0.000  0.000
   0.11522     -1.235709  0.000  0.000  0.000  0.000
   0.09218     -1.237453  0.000  0.000  0.000  0.000
   0.06913     -1.239801  0.000  0.000  0.000  0.000
   0.04609     -1.242652  0.000  0.000  0.000  0.000
   0.02304     -1.245576  0.000  0.000  0.000  0.000
   0.00000     -1.247078  0.000  0.000  0.000  0.000
 
# Band-Index:   69
   0.00000     -1.160074  0.000  0.000  0.000  0.000
   0.02304     -1.162396  0.000  0.000  0.000  0.000
   0.04609     -1.168749  0.000  0.000  0.000  0.000
   0.06913     -1.177965  0.000  0.000  0.000  0.000
   0.09218     -1.189090  0.000  0.000  0.000  0.000
   0.11522     -1.209016  0.000  0.002  0.000  0.002
   0.13827     -1.230981  0.002  0.004  0.000  0.006
   0.16131     -1.235335  0.000  0.000  0.000  0.000
   0.18436     -1.241763  0.000  0.000  0.000  0.000
   0.20740     -1.250308  0.000  0.000  0.000  0.000
   0.23045     -1.256464  0.000  0.000  0.000  0.000
   0.25349     -1.260073  0.000  0.000  0.000  0.002
   0.27654     -1.261487  0.038  0.032  0.002  0.072
   0.29958     -1.252186  0.038  0.034  0.002  0.074
   0.32263     -1.245028  0.038  0.034  0.002  0.074
   0.34567     -1.240613  0.036  0.034  0.002  0.072
   0.36872     -1.238980  0.032  0.032  0.002  0.068
   0.39176     -1.239502  0.028  0.030  0.002  0.062
   0.41481     -1.240872  0.024  0.028  0.002  0.056
   0.43785     -1.241570  0.024  0.028  0.002  0.054
   0.43785     -1.241570  0.024  0.028  0.002  0.054
   0.45116     -1.243520  0.022  0.026  0.002  0.048
   0.46446     -1.248094  0.016  0.020  0.002  0.038
   0.47777     -1.253573  0.012  0.014  0.002  0.030
   0.49107     -1.259318  0.010  0.010  0.002  0.024
   0.50438     -1.265282  0.008  0.008  0.002  0.018
   0.51768     -1.271540  0.006  0.006  0.004  0.016
   0.53099     -1.278106  0.004  0.004  0.004  0.012
   0.54429     -1.284927  0.004  0.004  0.004  0.010
   0.55760     -1.291881  0.004  0.004  0.004  0.010
   0.57090     -1.298786  0.002  0.002  0.004  0.008
   0.58421     -1.305377  0.002  0.002  0.003  0.006
   0.59751     -1.311310  0.000  0.002  0.002  0.006
   0.61082     -1.316142  0.000  0.002  0.002  0.004
   0.62412     -1.319441  0.000  0.002  0.002  0.004
   0.63743     -1.321076  0.000  0.002  0.002  0.004
   0.65073     -1.321719  0.000  0.002  0.002  0.004
   0.66404     -1.323343  0.000  0.002  0.002  0.006
   0.67734     -1.327716  0.002  0.006  0.002  0.010
   0.69065     -1.332932  0.003  0.007  0.002  0.012
   0.69065     -1.332932  0.003  0.007  0.002  0.012
   0.71726     -1.326411  0.000  0.004  0.002  0.006
   0.74387     -1.324080  0.000  0.004  0.002  0.004
   0.77048     -1.305056  0.000  0.002  0.002  0.004
   0.79709     -1.283025  0.000  0.002  0.000  0.004
   0.82370     -1.262216  0.016  0.018  0.002  0.036
   0.85031     -1.254961  0.016  0.018  0.002  0.036
   0.87692     -1.249944  0.016  0.018  0.002  0.036
   0.90353     -1.247280  0.018  0.018  0.002  0.036
   0.93014     -1.246528  0.016  0.016  0.002  0.034
   0.95675     -1.253669  0.002  0.004  0.000  0.004
   0.98336     -1.256281  0.000  0.000  0.000  0.000
   1.00997     -1.245417  0.000  0.002  0.000  0.002
   1.03658     -1.233478  0.000  0.000  0.000  0.002
   1.06319     -1.223219  0.000  0.002  0.000  0.002
   1.08980     -1.200705  0.000  0.002  0.000  0.002
   1.11641     -1.182970  0.000  0.000  0.000  0.000
   1.14302     -1.171348  0.000  0.000  0.000  0.000
   1.16963     -1.163148  0.000  0.000  0.000  0.000
   1.19624     -1.160074  0.000  0.000  0.000  0.000
 
# Band-Index:   70
   1.19624     -1.134945  0.014  0.026  0.000  0.040
   1.16963     -1.143497  0.008  0.014  0.000  0.022
   1.14302     -1.159286  0.002  0.006  0.000  0.008
   1.11641     -1.178519  0.000  0.002  0.000  0.002
   1.08980     -1.196812  0.000  0.000  0.000  0.000
   1.06319     -1.212201  0.000  0.000  0.000  0.002
   1.03658     -1.228727  0.000  0.002  0.000  0.002
   1.00997     -1.236596  0.000  0.002  0.000  0.002
   0.98336     -1.240344  0.002  0.004  0.000  0.008
   0.95675     -1.244732  0.010  0.010  0.000  0.020
   0.93014     -1.243644  0.002  0.004  0.000  0.006
   0.90353     -1.233383  0.000  0.002  0.002  0.004
   0.87692     -1.229914  0.004  0.006  0.002  0.012
   0.85031     -1.239292  0.006  0.007  0.002  0.014
   0.82370     -1.260225  0.002  0.004  0.000  0.007
   0.79709     -1.271541  0.018  0.020  0.002  0.038
   0.77048     -1.282478  0.018  0.020  0.002  0.040
   0.74387     -1.293494  0.018  0.022  0.002  0.042
   0.71726     -1.299092  0.020  0.022  0.002  0.042
   0.69065     -1.293279  0.018  0.019  0.002  0.039
   0.69065     -1.293279  0.018  0.019  0.002  0.039
   0.67734     -1.296476  0.018  0.020  0.002  0.040
   0.66404     -1.295226  0.019  0.022  0.002  0.042
   0.65073     -1.288103  0.018  0.020  0.002  0.040
   0.63743     -1.276996  0.016  0.020  0.002  0.036
   0.62412     -1.273639  0.016  0.018  0.002  0.036
   0.61082     -1.271379  0.016  0.018  0.002  0.034
   0.59751     -1.269172  0.014  0.016  0.002  0.032
   0.58421     -1.266598  0.014  0.016  0.002  0.030
   0.57090     -1.263335  0.012  0.014  0.002  0.026
   0.55760     -1.259261  0.010  0.012  0.002  0.024
   0.54429     -1.254487  0.008  0.010  0.002  0.020
   0.53099     -1.249278  0.006  0.008  0.002  0.016
   0.51768     -1.243976  0.004  0.006  0.002  0.012
   0.50438     -1.238908  0.004  0.004  0.002  0.008
   0.49107     -1.234371  0.002  0.002  0.002  0.006
   0.47777     -1.230605  0.002  0.002  0.002  0.004
   0.46446     -1.227794  0.000  0.000  0.002  0.002
   0.45116     -1.226065  0.000  0.000  0.002  0.002
   0.43785     -1.225480  0.000  0.000  0.002  0.002
   0.43785     -1.225480  0.000  0.000  0.002  0.002
   0.41481     -1.225498  0.000  0.000  0.002  0.002
   0.39176     -1.225577  0.000  0.000  0.002  0.002
   0.36872     -1.225965  0.000  0.000  0.002  0.002
   0.34567     -1.230293  0.000  0.000  0.000  0.000
   0.32263     -1.237173  0.000  0.000  0.000  0.000
   0.29958     -1.241401  0.000  0.000  0.000  0.000
   0.27654     -1.240576  0.000  0.000  0.000  0.002
   0.25349     -1.235552  0.000  0.000  0.000  0.000
   0.23045     -1.232243  0.000  0.000  0.000  0.000
   0.20740     -1.231046  0.000  0.000  0.002  0.002
   0.18436     -1.230129  0.000  0.000  0.002  0.002
   0.16131     -1.225334  0.000  0.000  0.002  0.002
   0.13827     -1.214052  0.000  0.000  0.000  0.000
   0.11522     -1.201389  0.000  0.000  0.000  0.000
   0.09218     -1.188571  0.000  0.000  0.000  0.002
   0.06913     -1.170390  0.002  0.002  0.000  0.004
   0.04609     -1.154693  0.004  0.008  0.000  0.012
   0.02304     -1.141715  0.008  0.016  0.000  0.024
   0.00000     -1.134945  0.014  0.026  0.000  0.040
 
# Band-Index:   71
   0.00000     -1.112090  0.000  0.000  0.000  0.002
   0.02304     -1.111013  0.000  0.000  0.000  0.002
   0.04609     -1.108442  0.000  0.000  0.000  0.002
   0.06913     -1.105810  0.000  0.000  0.000  0.000
   0.09218     -1.106261  0.000  0.000  0.000  0.000
   0.11522     -1.116009  0.000  0.000  0.000  0.000
   0.13827     -1.131553  0.000  0.000  0.000  0.002
   0.16131     -1.149326  0.000  0.002  0.000  0.002
   0.18436     -1.168161  0.000  0.002  0.000  0.002
   0.20740     -1.187015  0.000  0.002  0.000  0.002
   0.23045     -1.204276  0.000  0.002  0.002  0.002
   0.25349     -1.216891  0.000  0.000  0.002  0.002
   0.27654     -1.222464  0.000  0.000  0.002  0.002
   0.29958     -1.224191  0.000  0.000  0.002  0.002
   0.32263     -1.224706  0.000  0.000  0.002  0.002
   0.34567     -1.224529  0.000  0.000  0.002  0.002
   0.36872     -1.219967  0.000  0.000  0.002  0.002
   0.39176     -1.210557  0.000  0.000  0.000  0.000
   0.41481     -1.201168  0.000  0.000  0.000  0.000
   0.43785     -1.196129  0.000  0.000  0.000  0.000
   0.43785     -1.196129  0.000  0.000  0.000  0.000
   0.45116     -1.193219  0.002  0.002  0.000  0.006
   0.46446     -1.186109  0.006  0.006  0.000  0.014
   0.47777     -1.177662  0.010  0.010  0.002  0.022
   0.49107     -1.170649  0.014  0.015  0.002  0.030
   0.50438     -1.168072  0.006  0.006  0.001  0.013
   0.51768     -1.170202  0.017  0.017  0.002  0.035
   0.53099     -1.176662  0.016  0.016  0.002  0.034
   0.54429     -1.185814  0.016  0.016  0.002  0.034
   0.55760     -1.196807  0.014  0.016  0.002  0.032
   0.57090     -1.209119  0.014  0.016  0.002  0.032
   0.58421     -1.222351  0.014  0.016  0.002  0.032
   0.59751     -1.236159  0.014  0.018  0.002  0.033
   0.61082     -1.250182  0.014  0.018  0.002  0.034
   0.62412     -1.263995  0.016  0.018  0.002  0.034
   0.63743     -1.276333  0.016  0.018  0.002  0.036
   0.65073     -1.279708  0.018  0.018  0.002  0.038
   0.66404     -1.283818  0.018  0.018  0.002  0.038
   0.67734     -1.288490  0.018  0.018  0.002  0.038
   0.69065     -1.293251  0.018  0.019  0.002  0.039
   0.69065     -1.293251  0.018  0.019  0.002  0.039
   0.71726     -1.281517  0.018  0.018  0.002  0.038
   0.74387     -1.267959  0.018  0.018  0.002  0.038
   0.77048     -1.255056  0.016  0.018  0.002  0.036
   0.79709     -1.244035  0.015  0.016  0.002  0.032
   0.82370     -1.235518  0.012  0.012  0.002  0.024
   0.85031     -1.229277  0.004  0.006  0.002  0.010
   0.87692     -1.219532  0.004  0.004  0.000  0.008
   0.90353     -1.209956  0.008  0.008  0.002  0.018
   0.93014     -1.200879  0.005  0.008  0.002  0.014
   0.95675     -1.189918  0.004  0.004  0.000  0.008
   0.98336     -1.176248  0.002  0.004  0.000  0.006
   1.00997     -1.158458  0.000  0.002  0.000  0.004
   1.03658     -1.139484  0.000  0.002  0.000  0.002
   1.06319     -1.120993  0.000  0.002  0.000  0.002
   1.08980     -1.103896  0.000  0.000  0.000  0.002
   1.11641     -1.104028  0.000  0.000  0.000  0.000
   1.14302     -1.107446  0.000  0.000  0.000  0.002
   1.16963     -1.110682  0.000  0.000  0.000  0.002
   1.19624     -1.112090  0.000  0.000  0.000  0.002
 
# Band-Index:   72
   1.19624     -1.112083  0.000  0.000  0.000  0.002
   1.16963     -1.102723  0.006  0.014  0.000  0.020
   1.14302     -1.085137  0.012  0.024  0.000  0.036
   1.11641     -1.088937  0.000  0.002  0.000  0.002
   1.08980     -1.101542  0.000  0.000  0.000  0.000
   1.06319     -1.100738  0.000  0.000  0.000  0.000
   1.03658     -1.106302  0.000  0.006  0.000  0.006
   1.00997     -1.136798  0.000  0.008  0.000  0.008
   0.98336     -1.164708  0.000  0.006  0.002  0.008
   0.95675     -1.186387  0.002  0.006  0.002  0.010
   0.93014     -1.196430  0.006  0.006  0.000  0.014
   0.90353     -1.195568  0.008  0.008  0.000  0.018
   0.87692     -1.189697  0.012  0.011  0.000  0.024
   0.85031     -1.181395  0.012  0.012  0.000  0.026
   0.82370     -1.172412  0.012  0.013  0.000  0.026
   0.79709     -1.163813  0.010  0.012  0.000  0.024
   0.77048     -1.156276  0.008  0.012  0.000  0.022
   0.74387     -1.150293  0.004  0.010  0.000  0.016
   0.71726     -1.146349  0.002  0.010  0.002  0.012
   0.69065     -1.144966  0.000  0.008  0.002  0.010
   0.69065     -1.144966  0.000  0.008  0.002  0.010
   0.67734     -1.145301  0.000  0.009  0.002  0.010
   0.66404     -1.146226  0.002  0.010  0.002  0.012
   0.65073     -1.147609  0.004  0.010  0.002  0.014
   0.63743     -1.149300  0.006  0.010  0.000  0.016
   0.62412     -1.151160  0.006  0.012  0.000  0.018
   0.61082     -1.153096  0.008  0.012  0.000  0.020
   0.59751     -1.155053  0.010  0.012  0.000  0.022
   0.58421     -1.157006  0.010  0.012  0.000  0.022
   0.57090     -1.158948  0.010  0.010  0.000  0.022
   0.55760     -1.160871  0.010  0.010  0.000  0.020
   0.54429     -1.162771  0.010  0.010  0.000  0.018
   0.53099     -1.164625  0.008  0.008  0.000  0.016
   0.51768     -1.166402  0.007  0.006  0.000  0.014
   0.50438     -1.167787  0.016  0.016  0.001  0.033
   0.49107     -1.169520  0.003  0.003  0.000  0.008
   0.47777     -1.170746  0.002  0.002  0.000  0.006
   0.46446     -1.171666  0.002  0.002  0.000  0.004
   0.45116     -1.172235  0.000  0.000  0.000  0.002
   0.43785     -1.172428  0.000  0.000  0.000  0.000
   0.43785     -1.172428  0.000  0.000  0.000  0.000
   0.41481     -1.166893  0.000  0.000  0.000  0.000
   0.39176     -1.155955  0.000  0.000  0.000  0.002
   0.36872     -1.144898  0.012  0.014  0.002  0.028
   0.34567     -1.156383  0.014  0.014  0.002  0.031
   0.32263     -1.168209  0.016  0.015  0.002  0.032
   0.29958     -1.178644  0.014  0.014  0.002  0.030
   0.27654     -1.185687  0.012  0.012  0.002  0.026
   0.25349     -1.186750  0.008  0.010  0.002  0.020
   0.23045     -1.178822  0.004  0.008  0.002  0.014
   0.20740     -1.160909  0.002  0.008  0.000  0.010
   0.18436     -1.135980  0.000  0.008  0.000  0.008
   0.16131     -1.108149  0.000  0.008  0.000  0.008
   0.13827     -1.091852  0.000  0.000  0.000  0.000
   0.11522     -1.093347  0.000  0.000  0.000  0.000
   0.09218     -1.091369  0.000  0.000  0.000  0.000
   0.06913     -1.082717  0.000  0.000  0.000  0.000
   0.04609     -1.090082  0.011  0.022  0.000  0.034
   0.02304     -1.104699  0.006  0.012  0.000  0.018
   0.00000     -1.112083  0.000  0.000  0.000  0.002
 
# Band-Index:   73
   0.00000     -1.065501  0.000  0.000  0.000  0.000
   0.02304     -1.067668  0.000  0.000  0.000  0.000
   0.04609     -1.073778  0.000  0.000  0.000  0.000
   0.06913     -1.072356  0.014  0.030  0.000  0.046
   0.09218     -1.053267  0.016  0.036  0.000  0.052
   0.11522     -1.055412  0.002  0.008  0.000  0.010
   0.13827     -1.080425  0.000  0.008  0.000  0.008
   0.16131     -1.090076  0.000  0.000  0.000  0.000
   0.18436     -1.088648  0.000  0.000  0.000  0.000
   0.20740     -1.087782  0.000  0.000  0.000  0.000
   0.23045     -1.087789  0.000  0.000  0.000  0.000
   0.25349     -1.089491  0.000  0.000  0.000  0.000
   0.27654     -1.094855  0.000  0.000  0.000  0.000
   0.29958     -1.104920  0.000  0.000  0.000  0.000
   0.32263     -1.117419  0.000  0.000  0.000  0.002
   0.34567     -1.130526  0.000  0.000  0.000  0.002
   0.36872     -1.143521  0.000  0.000  0.000  0.002
   0.39176     -1.135300  0.010  0.012  0.002  0.024
   0.41481     -1.128906  0.008  0.010  0.002  0.020
   0.43785     -1.126658  0.006  0.010  0.002  0.018
   0.43785     -1.126658  0.006  0.010  0.002  0.018
   0.45116     -1.126940  0.006  0.010  0.002  0.018
   0.46446     -1.127681  0.006  0.010  0.002  0.016
   0.47777     -1.128441  0.004  0.008  0.002  0.014
   0.49107     -1.128089  0.002  0.006  0.002  0.010
   0.50438     -1.124957  0.000  0.006  0.002  0.006
   0.51768     -1.118837  0.002  0.006  0.002  0.008
   0.53099     -1.111629  0.004  0.006  0.000  0.010
   0.54429     -1.105087  0.004  0.006  0.000  0.012
   0.55760     -1.099852  0.006  0.006  0.000  0.012
   0.57090     -1.095816  0.006  0.006  0.000  0.012
   0.58421     -1.092655  0.008  0.006  0.000  0.014
   0.59751     -1.090102  0.008  0.006  0.000  0.014
   0.61082     -1.087978  0.008  0.006  0.000  0.014
   0.62412     -1.086176  0.008  0.006  0.000  0.014
   0.63743     -1.084631  0.008  0.006  0.000  0.014
   0.65073     -1.083304  0.008  0.006  0.000  0.015
   0.66404     -1.082171  0.008  0.006  0.000  0.015
   0.67734     -1.081216  0.007  0.006  0.000  0.014
   0.69065     -1.080572  0.008  0.006  0.001  0.014
   0.69065     -1.080572  0.008  0.006  0.001  0.014
   0.71726     -1.079306  0.007  0.006  0.001  0.013
   0.74387     -1.078575  0.006  0.004  0.000  0.010
   0.77048     -1.078500  0.004  0.004  0.000  0.008
   0.79709     -1.080225  0.000  0.002  0.000  0.004
   0.82370     -1.092505  0.002  0.010  0.001  0.012
   0.85031     -1.119083  0.008  0.016  0.000  0.024
   0.87692     -1.140187  0.008  0.016  0.000  0.024
   0.90353     -1.144798  0.004  0.010  0.000  0.014
   0.93014     -1.135667  0.002  0.004  0.000  0.006
   0.95675     -1.123196  0.000  0.002  0.000  0.004
   0.98336     -1.112683  0.000  0.002  0.000  0.002
   1.00997     -1.105509  0.000  0.000  0.000  0.002
   1.03658     -1.100677  0.000  0.002  0.000  0.003
   1.06319     -1.073314  0.000  0.006  0.000  0.006
   1.08980     -1.044096  0.000  0.005  0.000  0.005
   1.11641     -1.062619  0.016  0.034  0.000  0.050
   1.14302     -1.076129  0.000  0.002  0.000  0.002
   1.16963     -1.068375  0.000  0.000  0.000  0.000
   1.19624     -1.065501  0.000  0.000  0.000  0.000
 
# Band-Index:   74
   1.19624     -0.984660  0.000  0.002  0.000  0.002
   1.16963     -0.988638  0.000  0.002  0.000  0.002
   1.14302     -1.000379  0.000  0.003  0.000  0.004
   1.11641     -1.019240  0.000  0.004  0.000  0.004
   1.08980     -1.038212  0.020  0.040  0.000  0.060
   1.06319     -1.012819  0.020  0.044  0.000  0.066
   1.03658     -0.990936  0.016  0.038  0.000  0.054
   1.00997     -1.000383  0.000  0.002  0.000  0.002
   0.98336     -1.017777  0.000  0.002  0.000  0.002
   0.95675     -1.033001  0.000  0.002  0.000  0.002
   0.93014     -1.045181  0.000  0.002  0.000  0.004
   0.90353     -1.054248  0.002  0.002  0.000  0.004
   0.87692     -1.060507  0.002  0.004  0.000  0.006
   0.85031     -1.063780  0.004  0.006  0.000  0.010
   0.82370     -1.060502  0.010  0.012  0.000  0.022
   0.79709     -1.052613  0.000  0.004  0.000  0.006
   0.77048     -1.063603  0.002  0.004  0.000  0.008
   0.74387     -1.072790  0.004  0.005  0.000  0.011
   0.71726     -1.078876  0.007  0.006  0.001  0.013
   0.69065     -1.080244  0.007  0.006  0.001  0.014
   0.69065     -1.080244  0.007  0.006  0.001  0.014
   0.67734     -1.078877  0.007  0.005  0.000  0.013
   0.66404     -1.075732  0.006  0.005  0.000  0.011
   0.65073     -1.070997  0.004  0.004  0.000  0.010
   0.63743     -1.064808  0.004  0.004  0.000  0.008
   0.62412     -1.057366  0.002  0.004  0.000  0.006
   0.61082     -1.048924  0.002  0.004  0.000  0.006
   0.59751     -1.039759  0.000  0.004  0.000  0.004
   0.58421     -1.030156  0.000  0.004  0.000  0.004
   0.57090     -1.028281  0.000  0.015  0.002  0.018
   0.55760     -1.041113  0.000  0.014  0.002  0.016
   0.54429     -1.052394  0.000  0.012  0.002  0.014
   0.53099     -1.061460  0.000  0.008  0.002  0.010
   0.51768     -1.068048  0.000  0.006  0.002  0.008
   0.50438     -1.072431  0.000  0.004  0.002  0.006
   0.49107     -1.075143  0.000  0.004  0.000  0.004
   0.47777     -1.076687  0.000  0.002  0.000  0.002
   0.46446     -1.077477  0.000  0.000  0.000  0.002
   0.45116     -1.077819  0.000  0.000  0.000  0.000
   0.43785     -1.077912  0.000  0.000  0.000  0.000
   0.43785     -1.077912  0.000  0.000  0.000  0.000
   0.41481     -1.077888  0.000  0.000  0.000  0.000
   0.39176     -1.077810  0.000  0.000  0.000  0.000
   0.36872     -1.077646  0.000  0.000  0.000  0.000
   0.34567     -1.077311  0.000  0.000  0.000  0.000
   0.32263     -1.076584  0.000  0.000  0.000  0.000
   0.29958     -1.074817  0.000  0.000  0.000  0.000
   0.27654     -1.070206  0.000  0.000  0.000  0.002
   0.25349     -1.060530  0.000  0.002  0.000  0.002
   0.23045     -1.046910  0.000  0.002  0.000  0.002
   0.20740     -1.031523  0.000  0.002  0.000  0.002
   0.18436     -1.015623  0.000  0.002  0.000  0.002
   0.16131     -1.000349  0.000  0.002  0.000  0.002
   0.13827     -1.005461  0.022  0.046  0.000  0.068
   0.11522     -1.027191  0.018  0.040  0.000  0.058
   0.09218     -1.028292  0.002  0.006  0.000  0.008
   0.06913     -1.010478  0.000  0.004  0.000  0.004
   0.04609     -0.996424  0.000  0.002  0.000  0.002
   0.02304     -0.987638  0.000  0.002  0.000  0.002
   0.00000     -0.984660  0.000  0.002  0.000  0.002
 
# Band-Index:   75
   0.00000     -0.984654  0.000  0.002  0.000  0.002
   0.02304     -0.983907  0.000  0.002  0.000  0.002
   0.04609     -0.982001  0.000  0.002  0.000  0.002
   0.06913     -0.979806  0.000  0.002  0.000  0.002
   0.09218     -0.978547  0.000  0.002  0.000  0.002
   0.11522     -0.980245  0.000  0.002  0.000  0.002
   0.13827     -0.987616  0.000  0.002  0.000  0.002
   0.16131     -0.983005  0.022  0.050  0.002  0.074
   0.18436     -0.961626  0.024  0.054  0.002  0.078
   0.20740     -0.956533  0.000  0.000  0.000  0.000
   0.23045     -0.956456  0.000  0.000  0.000  0.000
   0.25349     -0.956551  0.000  0.000  0.000  0.000
   0.27654     -0.956822  0.000  0.000  0.000  0.000
   0.29958     -0.957227  0.000  0.000  0.000  0.000
   0.32263     -0.957707  0.000  0.000  0.000  0.000
   0.34567     -0.958203  0.000  0.000  0.000  0.000
   0.36872     -0.958652  0.000  0.000  0.000  0.000
   0.39176     -0.959013  0.000  0.000  0.000  0.000
   0.41481     -0.959243  0.000  0.000  0.000  0.000
   0.43785     -0.959322  0.000  0.000  0.000  0.000
   0.43785     -0.959322  0.000  0.000  0.000  0.000
   0.45116     -0.960148  0.000  0.002  0.000  0.002
   0.46446     -0.962537  0.000  0.002  0.000  0.002
   0.47777     -0.966314  0.000  0.002  0.000  0.004
   0.49107     -0.971330  0.000  0.004  0.000  0.004
   0.50438     -0.977467  0.000  0.004  0.000  0.004
   0.51768     -0.984620  0.000  0.004  0.000  0.004
   0.53099     -0.992656  0.000  0.004  0.000  0.004
   0.54429     -1.001423  0.000  0.004  0.000  0.004
   0.55760     -1.010738  0.000  0.004  0.000  0.004
   0.57090     -1.020395  0.000  0.004  0.000  0.004
   0.58421     -1.014609  0.000  0.016  0.002  0.020
   0.59751     -1.000719  0.000  0.018  0.004  0.022
   0.61082     -0.987098  0.000  0.020  0.004  0.024
   0.62412     -0.974193  0.000  0.020  0.004  0.024
   0.63743     -0.962440  0.000  0.022  0.004  0.026
   0.65073     -0.952311  0.000  0.022  0.004  0.026
   0.66404     -0.944341  0.000  0.022  0.004  0.027
   0.67734     -0.939124  0.000  0.024  0.004  0.028
   0.69065     -0.937263  0.000  0.024  0.004  0.028
   0.69065     -0.937263  0.000  0.024  0.004  0.028
   0.71726     -0.945331  0.000  0.022  0.004  0.028
   0.74387     -0.968596  0.002  0.022  0.004  0.026
   0.77048     -1.001729  0.004  0.020  0.002  0.028
   0.79709     -1.037032  0.008  0.020  0.002  0.030
   0.82370     -1.040685  0.000  0.004  0.000  0.006
   0.85031     -1.028531  0.000  0.004  0.000  0.006
   0.87692     -1.016804  0.000  0.006  0.000  0.006
   0.90353     -1.006098  0.000  0.006  0.000  0.006
   0.93014     -0.996896  0.000  0.006  0.000  0.008
   0.95675     -0.989593  0.002  0.006  0.000  0.008
   0.98336     -0.984598  0.002  0.008  0.000  0.010
   1.00997     -0.983038  0.006  0.014  0.000  0.020
   1.03658     -0.982188  0.000  0.002  0.000  0.002
   1.06319     -0.972661  0.000  0.002  0.000  0.004
   1.08980     -0.975232  0.000  0.002  0.000  0.002
   1.11641     -0.978084  0.000  0.002  0.000  0.002
   1.14302     -0.981145  0.000  0.002  0.000  0.002
   1.16963     -0.983660  0.000  0.002  0.000  0.002
   1.19624     -0.984654  0.000  0.002  0.000  0.002
 
# Band-Index:   76
   1.19624     -0.915266  0.000  0.000  0.000  0.000
   1.16963     -0.917571  0.000  0.000  0.000  0.000
   1.14302     -0.924250  0.000  0.000  0.000  0.000
   1.11641     -0.934758  0.000  0.000  0.000  0.000
   1.08980     -0.948420  0.000  0.000  0.000  0.000
   1.06319     -0.964510  0.000  0.000  0.000  0.000
   1.03658     -0.967723  0.006  0.014  0.000  0.020
   1.00997     -0.951639  0.018  0.038  0.002  0.058
   0.98336     -0.930367  0.020  0.046  0.002  0.068
   0.95675     -0.910947  0.020  0.048  0.002  0.070
   0.93014     -0.894949  0.018  0.048  0.002  0.068
   0.90353     -0.882629  0.016  0.046  0.002  0.064
   0.87692     -0.873670  0.012  0.042  0.004  0.058
   0.85031     -0.867445  0.010  0.038  0.004  0.052
   0.82370     -0.863222  0.008  0.034  0.004  0.046
   0.79709     -0.860332  0.004  0.030  0.004  0.040
   0.77048     -0.858266  0.002  0.028  0.004  0.034
   0.74387     -0.856744  0.002  0.024  0.004  0.030
   0.71726     -0.855700  0.000  0.024  0.004  0.028
   0.69065     -0.855289  0.000  0.022  0.004  0.028
   0.69065     -0.855289  0.000  0.022  0.004  0.028
   0.67734     -0.855416  0.000  0.022  0.004  0.028
   0.66404     -0.855839  0.000  0.024  0.004  0.028
   0.65073     -0.856628  0.000  0.024  0.004  0.030
   0.63743     -0.857863  0.002  0.024  0.004  0.030
   0.62412     -0.859635  0.002  0.026  0.004  0.032
   0.61082     -0.862050  0.002  0.028  0.004  0.034
   0.59751     -0.865224  0.004  0.030  0.004  0.038
   0.58421     -0.869263  0.006  0.032  0.004  0.040
   0.57090     -0.874241  0.006  0.034  0.004  0.044
   0.55760     -0.880150  0.008  0.036  0.004  0.048
   0.54429     -0.886868  0.010  0.038  0.004  0.052
   0.53099     -0.894153  0.012  0.040  0.004  0.056
   0.51768     -0.901667  0.014  0.044  0.004  0.060
   0.50438     -0.909021  0.016  0.046  0.002  0.064
   0.49107     -0.915821  0.016  0.048  0.002  0.066
   0.47777     -0.921686  0.018  0.050  0.002  0.070
   0.46446     -0.926265  0.020  0.052  0.002  0.074
   0.45116     -0.929222  0.020  0.052  0.002  0.076
   0.43785     -0.930253  0.020  0.054  0.002  0.076
   0.43785     -0.930253  0.020  0.054  0.002  0.076
   0.41481     -0.927978  0.020  0.054  0.002  0.076
   0.39176     -0.921868  0.018  0.054  0.004  0.074
   0.36872     -0.913872  0.016  0.054  0.004  0.074
   0.34567     -0.906549  0.016  0.056  0.004  0.074
   0.32263     -0.902049  0.016  0.056  0.004  0.076
   0.29958     -0.901540  0.018  0.058  0.004  0.078
   0.27654     -0.905433  0.020  0.058  0.002  0.080
   0.25349     -0.913735  0.022  0.058  0.002  0.082
   0.23045     -0.926212  0.022  0.056  0.002  0.082
   0.20740     -0.942400  0.024  0.056  0.002  0.080
   0.18436     -0.956659  0.000  0.002  0.000  0.002
   0.16131     -0.956403  0.000  0.002  0.000  0.002
   0.13827     -0.954512  0.000  0.002  0.000  0.002
   0.11522     -0.948801  0.000  0.000  0.000  0.000
   0.09218     -0.939547  0.000  0.000  0.000  0.000
   0.06913     -0.929904  0.000  0.000  0.000  0.000
   0.04609     -0.922041  0.000  0.000  0.000  0.000
   0.02304     -0.916996  0.000  0.000  0.000  0.000
   0.00000     -0.915266  0.000  0.000  0.000  0.000
 
# Band-Index:   77
   0.00000     -0.576578  0.030  0.116  0.000  0.146
   0.02304     -0.575699  0.030  0.114  0.000  0.146
   0.04609     -0.573306  0.030  0.112  0.000  0.144
   0.06913     -0.570082  0.028  0.110  0.000  0.138
   0.09218     -0.567023  0.026  0.104  0.002  0.132
   0.11522     -0.565298  0.024  0.098  0.002  0.126
   0.13827     -0.566152  0.022  0.092  0.002  0.116
   0.16131     -0.570869  0.020  0.084  0.002  0.106
   0.18436     -0.580690  0.016  0.076  0.002  0.094
   0.20740     -0.596641  0.014  0.065  0.002  0.080
   0.23045     -0.619172  0.010  0.054  0.002  0.066
   0.25349     -0.647700  0.006  0.042  0.002  0.052
   0.27654     -0.680431  0.004  0.032  0.002  0.038
   0.29958     -0.714633  0.002  0.022  0.002  0.026
   0.32263     -0.747172  0.000  0.014  0.002  0.016
   0.34567     -0.775167  0.000  0.010  0.002  0.012
   0.36872     -0.796699  0.000  0.008  0.002  0.008
   0.39176     -0.811294  0.000  0.006  0.002  0.008
   0.41481     -0.819550  0.000  0.006  0.002  0.008
   0.43785     -0.822200  0.000  0.006  0.002  0.008
   0.43785     -0.822200  0.000  0.006  0.002  0.008
   0.45116     -0.821924  0.000  0.006  0.002  0.008
   0.46446     -0.821084  0.000  0.006  0.002  0.008
   0.47777     -0.819653  0.000  0.006  0.002  0.008
   0.49107     -0.817579  0.000  0.006  0.002  0.008
   0.50438     -0.814782  0.000  0.006  0.002  0.006
   0.51768     -0.811153  0.000  0.006  0.000  0.006
   0.53099     -0.806558  0.000  0.004  0.000  0.006
   0.54429     -0.800854  0.000  0.004  0.000  0.006
   0.55760     -0.793929  0.000  0.004  0.000  0.006
   0.57090     -0.785735  0.002  0.004  0.000  0.006
   0.58421     -0.776312  0.002  0.004  0.000  0.006
   0.59751     -0.765790  0.002  0.004  0.000  0.006
   0.61082     -0.754327  0.002  0.004  0.000  0.006
   0.62412     -0.742102  0.002  0.004  0.000  0.006
   0.63743     -0.729266  0.000  0.004  0.000  0.006
   0.65073     -0.715943  0.000  0.004  0.000  0.004
   0.66404     -0.702228  0.000  0.004  0.000  0.004
   0.67734     -0.688190  0.000  0.004  0.000  0.004
   0.69065     -0.674041  0.000  0.003  0.000  0.003
   0.69065     -0.674041  0.000  0.003  0.000  0.003
   0.71726     -0.695380  0.000  0.004  0.000  0.006
   0.74387     -0.702066  0.000  0.008  0.002  0.010
   0.77048     -0.697486  0.000  0.012  0.002  0.014
   0.79709     -0.686264  0.000  0.016  0.002  0.020
   0.82370     -0.671497  0.000  0.022  0.002  0.026
   0.85031     -0.654935  0.002  0.028  0.002  0.032
   0.87692     -0.637664  0.004  0.034  0.004  0.042
   0.90353     -0.620565  0.006  0.042  0.004  0.052
   0.93014     -0.604481  0.008  0.050  0.002  0.062
   0.95675     -0.590250  0.012  0.060  0.002  0.074
   0.98336     -0.578633  0.014  0.068  0.002  0.086
   1.00997     -0.570224  0.018  0.078  0.002  0.098
   1.03658     -0.565311  0.020  0.086  0.002  0.108
   1.06319     -0.563809  0.024  0.094  0.002  0.119
   1.08980     -0.565190  0.026  0.102  0.002  0.128
   1.11641     -0.568471  0.028  0.108  0.002  0.136
   1.14302     -0.572346  0.030  0.112  0.000  0.142
   1.16963     -0.575415  0.030  0.114  0.000  0.146
   1.19624     -0.576578  0.030  0.116  0.000  0.146
 
# Band-Index:   78
   1.19624     -0.049839  0.010  0.094  0.000  0.104
   1.16963     -0.054376  0.010  0.092  0.000  0.102
   1.14302     -0.067821  0.010  0.088  0.000  0.098
   1.11641     -0.089691  0.008  0.080  0.000  0.090
   1.08980     -0.119129  0.008  0.072  0.000  0.080
   1.06319     -0.154891  0.006  0.062  0.000  0.070
   1.03658     -0.195404  0.004  0.052  0.002  0.058
   1.00997     -0.238877  0.004  0.042  0.002  0.048
   0.98336     -0.283507  0.002  0.034  0.002  0.038
   0.95675     -0.327719  0.002  0.026  0.002  0.028
   0.93014     -0.370327  0.000  0.020  0.002  0.022
   0.90353     -0.410688  0.000  0.014  0.002  0.016
   0.87692     -0.448663  0.000  0.010  0.000  0.012
   0.85031     -0.484503  0.000  0.008  0.000  0.008
   0.82370     -0.518630  0.000  0.006  0.000  0.006
   0.79709     -0.551462  0.000  0.004  0.000  0.004
   0.77048     -0.583300  0.000  0.004  0.000  0.004
   0.74387     -0.614308  0.000  0.002  0.000  0.004
   0.71726     -0.644517  0.000  0.002  0.000  0.004
   0.69065     -0.673709  0.000  0.003  0.000  0.003
   0.69065     -0.673709  0.000  0.003  0.000  0.003
   0.67734     -0.657824  0.000  0.002  0.000  0.004
   0.66404     -0.639024  0.000  0.004  0.000  0.004
   0.65073     -0.618223  0.000  0.004  0.000  0.006
   0.63743     -0.596136  0.000  0.006  0.000  0.008
   0.62412     -0.573387  0.000  0.008  0.000  0.010
   0.61082     -0.550504  0.000  0.010  0.002  0.012
   0.59751     -0.527938  0.000  0.012  0.002  0.014
   0.58421     -0.506061  0.002  0.014  0.002  0.016
   0.57090     -0.485206  0.002  0.016  0.002  0.020
   0.55760     -0.465637  0.002  0.020  0.002  0.022
   0.54429     -0.447589  0.002  0.022  0.002  0.026
   0.53099     -0.431260  0.002  0.024  0.002  0.028
   0.51768     -0.416810  0.004  0.026  0.002  0.030
   0.50438     -0.404375  0.004  0.028  0.002  0.034
   0.49107     -0.394066  0.004  0.030  0.002  0.036
   0.47777     -0.385965  0.004  0.030  0.002  0.036
   0.46446     -0.380137  0.004  0.032  0.002  0.038
   0.45116     -0.376623  0.004  0.032  0.002  0.038
   0.43785     -0.375450  0.004  0.032  0.002  0.038
   0.43785     -0.375450  0.004  0.032  0.002  0.038
   0.41481     -0.374782  0.004  0.032  0.002  0.038
   0.39176     -0.372743  0.004  0.033  0.002  0.040
   0.36872     -0.369205  0.004  0.034  0.002  0.040
   0.34567     -0.363915  0.004  0.034  0.002  0.040
   0.32263     -0.356444  0.004  0.034  0.002  0.040
   0.29958     -0.346145  0.004  0.034  0.002  0.040
   0.27654     -0.332182  0.004  0.036  0.002  0.040
   0.25349     -0.313680  0.004  0.036  0.002  0.042
   0.23045     -0.290072  0.004  0.038  0.002  0.044
   0.20740     -0.261549  0.004  0.042  0.002  0.046
   0.18436     -0.229284  0.004  0.046  0.002  0.052
   0.16131     -0.195187  0.006  0.054  0.002  0.060
   0.13827     -0.161420  0.006  0.062  0.000  0.068
   0.11522     -0.129955  0.008  0.070  0.000  0.078
   0.09218     -0.102389  0.008  0.076  0.000  0.086
   0.06913     -0.079920  0.010  0.084  0.000  0.094
   0.04609     -0.063365  0.010  0.088  0.000  0.100
   0.02304     -0.053245  0.010  0.092  0.000  0.102
   0.00000     -0.049839  0.010  0.094  0.000  0.104
 
# Band-Index:   79
   0.00000      2.142657  0.004  0.128  0.000  0.134
   0.02304      2.148621  0.004  0.128  0.000  0.134
   0.04609      2.164141  0.004  0.132  0.000  0.136
   0.06913      2.177666  0.004  0.146  0.000  0.150
   0.09218      2.185521  0.004  0.158  0.000  0.162
   0.11522      2.195625  0.004  0.164  0.000  0.168
   0.13827      2.211007  0.004  0.168  0.000  0.172
   0.16131      2.232671  0.004  0.170  0.000  0.176
   0.18436      2.260728  0.006  0.172  0.000  0.178
   0.20740      2.294644  0.006  0.174  0.000  0.180
   0.23045      2.333292  0.006  0.174  0.000  0.182
   0.25349      2.374982  0.008  0.176  0.000  0.182
   0.27654      2.417510  0.008  0.176  0.000  0.184
   0.29958      2.458394  0.008  0.178  0.000  0.186
   0.32263      2.495361  0.008  0.182  0.000  0.190
   0.34567      2.526823  0.008  0.184  0.000  0.194
   0.36872      2.551933  0.008  0.188  0.000  0.196
   0.39176      2.570235  0.008  0.190  0.000  0.198
   0.41481      2.581394  0.008  0.190  0.000  0.200
   0.43785      2.585148  0.008  0.191  0.000  0.200
   0.43785      2.585148  0.008  0.191  0.000  0.200
   0.45116      2.587106  0.008  0.192  0.000  0.200
   0.46446      2.592959  0.008  0.192  0.000  0.200
   0.47777      2.602633  0.008  0.192  0.000  0.202
   0.49107      2.616009  0.008  0.194  0.000  0.204
   0.50438      2.625682  0.006  0.212  0.002  0.218
   0.51768      2.619720  0.006  0.213  0.002  0.221
   0.53099      2.616057  0.008  0.214  0.002  0.224
   0.54429      2.614988  0.008  0.216  0.002  0.225
   0.55760      2.616668  0.008  0.217  0.002  0.226
   0.57090      2.621143  0.010  0.218  0.000  0.228
   0.58421      2.628376  0.010  0.220  0.000  0.230
   0.59751      2.638245  0.010  0.222  0.000  0.232
   0.61082      2.650552  0.011  0.224  0.000  0.236
   0.62412      2.665003  0.012  0.226  0.000  0.238
   0.63743      2.681176  0.012  0.230  0.000  0.243
   0.65073      2.698419  0.014  0.236  0.000  0.249
   0.66404      2.715589  0.014  0.243  0.000  0.258
   0.67734      2.730269  0.016  0.254  0.000  0.270
   0.69065      2.737350  0.016  0.261  0.000  0.278
   0.69065      2.737350  0.016  0.261  0.000  0.278
   0.71726      2.718467  0.014  0.240  0.000  0.254
   0.74387      2.680774  0.012  0.224  0.000  0.236
   0.77048      2.638876  0.010  0.216  0.000  0.226
   0.79709      2.595741  0.010  0.210  0.000  0.218
   0.82370      2.552473  0.008  0.204  0.000  0.213
   0.85031      2.509782  0.008  0.200  0.000  0.208
   0.87692      2.468253  0.006  0.194  0.000  0.202
   0.90353      2.428378  0.006  0.190  0.000  0.196
   0.93014      2.390540  0.006  0.184  0.000  0.190
   0.95675      2.354995  0.004  0.178  0.000  0.184
   0.98336      2.321879  0.004  0.174  0.000  0.178
   1.00997      2.291265  0.004  0.168  0.000  0.172
   1.03658      2.263233  0.002  0.162  0.000  0.166
   1.06319      2.237876  0.002  0.156  0.000  0.160
   1.08980      2.215099  0.002  0.150  0.000  0.154
   1.11641      2.193788  0.004  0.142  0.000  0.146
   1.14302      2.170984  0.004  0.132  0.000  0.136
   1.16963      2.150560  0.004  0.128  0.000  0.134
   1.19624      2.142657  0.004  0.128  0.000  0.134
 
# Band-Index:   80
   1.19624      2.189836  0.000  0.158  0.000  0.158
   1.16963      2.190444  0.000  0.160  0.000  0.160
   1.14302      2.193338  0.000  0.162  0.000  0.164
   1.11641      2.201103  0.002  0.166  0.000  0.168
   1.08980      2.216549  0.002  0.170  0.000  0.174
   1.06319      2.241785  0.004  0.174  0.000  0.178
   1.03658      2.277890  0.004  0.178  0.000  0.183
   1.00997      2.324957  0.006  0.180  0.000  0.188
   0.98336      2.382257  0.008  0.184  0.000  0.192
   0.95675      2.448384  0.008  0.188  0.000  0.198
   0.93014      2.521245  0.010  0.194  0.000  0.206
   0.90353      2.597454  0.012  0.208  0.000  0.222
   0.87692      2.666523  0.018  0.252  0.000  0.270
   0.85031      2.699181  0.016  0.280  0.002  0.298
   0.82370      2.712330  0.014  0.275  0.002  0.292
   0.79709      2.721276  0.016  0.270  0.002  0.288
   0.77048      2.727825  0.016  0.266  0.000  0.284
   0.74387      2.732280  0.016  0.264  0.000  0.282
   0.71726      2.735128  0.016  0.262  0.000  0.279
   0.69065      2.737411  0.016  0.261  0.000  0.278
   0.69065      2.737411  0.016  0.261  0.000  0.278
   0.67734      2.738720  0.016  0.261  0.000  0.278
   0.66404      2.740457  0.016  0.261  0.000  0.277
   0.65073      2.742771  0.014  0.261  0.002  0.276
   0.63743      2.745821  0.014  0.262  0.002  0.276
   0.62412      2.749739  0.014  0.262  0.002  0.278
   0.61082      2.754612  0.012  0.264  0.002  0.278
   0.59751      2.760477  0.012  0.266  0.002  0.280
   0.58421      2.767223  0.012  0.272  0.002  0.288
   0.57090      2.759797  0.012  0.226  0.000  0.240
   0.55760      2.730287  0.010  0.210  0.000  0.222
   0.54429      2.702212  0.010  0.204  0.000  0.216
   0.53099      2.676337  0.010  0.200  0.000  0.210
   0.51768      2.653118  0.010  0.198  0.000  0.208
   0.50438      2.632913  0.010  0.196  0.000  0.205
   0.49107      2.633445  0.004  0.210  0.002  0.216
   0.47777      2.642209  0.004  0.206  0.002  0.212
   0.46446      2.650715  0.002  0.204  0.002  0.208
   0.45116      2.657170  0.000  0.202  0.002  0.204
   0.43785      2.659627  0.000  0.200  0.002  0.202
   0.43785      2.659627  0.000  0.200  0.002  0.202
   0.41481      2.656278  0.000  0.200  0.002  0.202
   0.39176      2.646333  0.000  0.198  0.002  0.200
   0.36872      2.630095  0.000  0.196  0.002  0.198
   0.34567      2.608065  0.000  0.192  0.002  0.196
   0.32263      2.580921  0.000  0.190  0.002  0.192
   0.29958      2.549492  0.000  0.186  0.002  0.188
   0.27654      2.514721  0.000  0.182  0.002  0.184
   0.25349      2.477620  0.000  0.178  0.002  0.180
   0.23045      2.439235  0.000  0.174  0.002  0.176
   0.20740      2.400612  0.000  0.172  0.002  0.172
   0.18436      2.362772  0.000  0.168  0.002  0.170
   0.16131      2.326697  0.000  0.166  0.002  0.168
   0.13827      2.293308  0.000  0.164  0.002  0.164
   0.11522      2.263454  0.000  0.162  0.002  0.164
   0.09218      2.237897  0.000  0.160  0.002  0.162
   0.06913      2.215682  0.004  0.146  0.000  0.148
   0.04609      2.194820  0.002  0.158  0.000  0.160
   0.02304      2.190386  0.000  0.158  0.000  0.160
   0.00000      2.189836  0.000  0.158  0.000  0.158
 
# Band-Index:   81
   0.00000      2.189837  0.000  0.158  0.000  0.158
   0.02304      2.192942  0.000  0.158  0.000  0.160
   0.04609      2.202176  0.000  0.158  0.002  0.160
   0.06913      2.217292  0.000  0.160  0.002  0.160
   0.09218      2.257669  0.004  0.138  0.000  0.142
   0.11522      2.313397  0.004  0.136  0.000  0.140
   0.13827      2.379543  0.004  0.134  0.000  0.140
   0.16131      2.453520  0.004  0.136  0.000  0.140
   0.18436      2.528655  0.000  0.146  0.002  0.148
   0.20740      2.570768  0.004  0.222  0.002  0.230
   0.23045      2.590497  0.010  0.242  0.002  0.254
   0.25349      2.612387  0.012  0.248  0.002  0.262
   0.27654      2.639380  0.014  0.252  0.002  0.268
   0.29958      2.671751  0.016  0.254  0.002  0.272
   0.32263      2.708118  0.018  0.258  0.000  0.278
   0.34567      2.744645  0.020  0.264  0.000  0.286
   0.36872      2.775083  0.022  0.274  0.000  0.296
   0.39176      2.794575  0.022  0.280  0.000  0.304
   0.41481      2.804034  0.022  0.282  0.000  0.306
   0.43785      2.806733  0.022  0.284  0.000  0.308
   0.43785      2.806733  0.022  0.284  0.000  0.308
   0.45116      2.810702  0.022  0.284  0.002  0.306
   0.46446      2.821618  0.020  0.282  0.002  0.304
   0.47777      2.837319  0.018  0.282  0.002  0.304
   0.49107      2.832914  0.002  0.284  0.004  0.292
   0.50438      2.823678  0.004  0.280  0.004  0.288
   0.51768      2.813776  0.006  0.276  0.004  0.286
   0.53099      2.803668  0.006  0.272  0.004  0.282
   0.54429      2.793741  0.008  0.268  0.004  0.280
   0.55760      2.784320  0.008  0.264  0.002  0.276
   0.57090      2.775873  0.006  0.252  0.002  0.260
   0.58421      2.791435  0.008  0.210  0.002  0.220
   0.59751      2.822396  0.008  0.224  0.002  0.234
   0.61082      2.852778  0.008  0.234  0.002  0.246
   0.62412      2.874395  0.004  0.211  0.002  0.217
   0.63743      2.858483  0.004  0.204  0.002  0.210
   0.65073      2.842216  0.004  0.196  0.002  0.202
   0.66404      2.826540  0.002  0.188  0.002  0.192
   0.67734      2.813566  0.000  0.176  0.002  0.178
   0.69065      2.807947  0.000  0.168  0.002  0.170
   0.69065      2.807947  0.000  0.168  0.002  0.170
   0.71726      2.826598  0.002  0.188  0.002  0.192
   0.74387      2.852072  0.000  0.210  0.004  0.214
   0.77048      2.857304  0.000  0.228  0.004  0.232
   0.79709      2.840845  0.002  0.234  0.004  0.240
   0.82370      2.812519  0.004  0.230  0.004  0.238
   0.85031      2.776495  0.004  0.186  0.002  0.192
   0.87692      2.718407  0.000  0.210  0.004  0.212
   0.90353      2.695583  0.002  0.250  0.004  0.256
   0.93014      2.657475  0.004  0.207  0.002  0.214
   0.95675      2.617290  0.002  0.198  0.002  0.202
   0.98336      2.574957  0.000  0.178  0.002  0.182
   1.00997      2.521460  0.000  0.152  0.002  0.154
   1.03658      2.450482  0.002  0.138  0.002  0.140
   1.06319      2.373364  0.002  0.136  0.000  0.140
   1.08980      2.302442  0.002  0.138  0.000  0.142
   1.11641      2.245600  0.002  0.146  0.000  0.148
   1.14302      2.209901  0.000  0.156  0.000  0.156
   1.16963      2.194164  0.000  0.158  0.000  0.160
   1.19624      2.189837  0.000  0.158  0.000  0.158
 
# Band-Index:   82
   1.19624      2.575967  0.000  0.274  0.004  0.279
   1.16963      2.575096  0.000  0.274  0.004  0.278
   1.14302      2.573157  0.002  0.272  0.004  0.278
   1.11641      2.571981  0.002  0.270  0.004  0.276
   1.08980      2.574171  0.004  0.268  0.004  0.276
   1.06319      2.582983  0.006  0.268  0.004  0.276
   1.03658      2.603273  0.008  0.266  0.002  0.276
   1.00997      2.642057  0.002  0.273  0.004  0.279
   0.98336      2.655441  0.002  0.270  0.004  0.276
   0.95675      2.668624  0.002  0.268  0.004  0.274
   0.93014      2.681641  0.004  0.262  0.004  0.268
   0.90353      2.698088  0.004  0.214  0.002  0.220
   0.87692      2.738648  0.004  0.220  0.002  0.226
   0.85031      2.777517  0.004  0.225  0.003  0.233
   0.82370      2.849591  0.004  0.200  0.002  0.206
   0.79709      2.918246  0.004  0.212  0.002  0.218
   0.77048      2.953630  0.010  0.266  0.004  0.279
   0.74387      2.945356  0.008  0.279  0.004  0.293
   0.71726      2.951360  0.004  0.290  0.006  0.302
   0.69065      2.962697  0.002  0.298  0.007  0.307
   0.69065      2.962697  0.002  0.298  0.007  0.307
   0.67734      2.955261  0.004  0.293  0.006  0.303
   0.66404      2.943892  0.004  0.285  0.006  0.295
   0.65073      2.927767  0.006  0.273  0.004  0.284
   0.63743      2.906692  0.008  0.260  0.004  0.271
   0.62412      2.881307  0.008  0.246  0.004  0.258
   0.61082      2.889391  0.004  0.217  0.002  0.224
   0.59751      2.902982  0.006  0.224  0.002  0.232
   0.58421      2.914526  0.006  0.234  0.002  0.242
   0.57090      2.922846  0.008  0.247  0.004  0.258
   0.55760      2.925732  0.008  0.266  0.004  0.279
   0.54429      2.920969  0.010  0.284  0.004  0.298
   0.53099      2.909288  0.012  0.290  0.004  0.306
   0.51768      2.893207  0.014  0.290  0.004  0.306
   0.50438      2.874790  0.016  0.286  0.002  0.304
   0.49107      2.855641  0.018  0.284  0.002  0.304
   0.47777      2.840957  0.002  0.288  0.006  0.294
   0.46446      2.847253  0.000  0.290  0.006  0.296
   0.45116      2.851285  0.000  0.292  0.006  0.298
   0.43785      2.852676  0.000  0.293  0.006  0.298
   0.43785      2.852676  0.000  0.293  0.006  0.298
   0.41481      2.850525  0.000  0.292  0.006  0.298
   0.39176      2.844174  0.000  0.292  0.006  0.298
   0.36872      2.833904  0.000  0.292  0.006  0.296
   0.34567      2.820144  0.000  0.290  0.006  0.296
   0.32263      2.803426  0.000  0.288  0.006  0.294
   0.29958      2.784333  0.000  0.287  0.006  0.292
   0.27654      2.763475  0.000  0.286  0.006  0.290
   0.25349      2.741468  0.000  0.284  0.006  0.289
   0.23045      2.718915  0.000  0.282  0.006  0.288
   0.20740      2.636992  0.014  0.190  0.000  0.204
   0.18436      2.581294  0.016  0.258  0.002  0.276
   0.16131      2.568014  0.010  0.266  0.002  0.278
   0.13827      2.564315  0.008  0.266  0.002  0.276
   0.11522      2.564511  0.006  0.266  0.004  0.276
   0.09218      2.566902  0.004  0.268  0.004  0.276
   0.06913      2.570183  0.002  0.270  0.004  0.276
   0.04609      2.573232  0.000  0.272  0.004  0.278
   0.02304      2.575270  0.000  0.274  0.004  0.278
   0.00000      2.575967  0.000  0.274  0.004  0.279
 
# Band-Index:   83
   0.00000      2.575971  0.000  0.274  0.004  0.279
   0.02304      2.577719  0.000  0.274  0.004  0.279
   0.04609      2.582920  0.000  0.275  0.004  0.280
   0.06913      2.591452  0.000  0.276  0.004  0.280
   0.09218      2.603110  0.000  0.276  0.004  0.280
   0.11522      2.617618  0.000  0.276  0.004  0.282
   0.13827      2.634631  0.000  0.278  0.004  0.282
   0.16131      2.653744  0.000  0.278  0.004  0.284
   0.18436      2.674501  0.000  0.280  0.004  0.284
   0.20740      2.696404  0.000  0.281  0.004  0.286
   0.23045      2.722559  0.010  0.178  0.000  0.190
   0.25349      2.810592  0.010  0.188  0.002  0.200
   0.27654      2.889568  0.006  0.210  0.004  0.220
   0.29958      2.897085  0.004  0.258  0.006  0.268
   0.32263      2.896166  0.006  0.256  0.004  0.266
   0.34567      2.901315  0.006  0.250  0.004  0.260
   0.36872      2.916638  0.008  0.242  0.004  0.254
   0.39176      2.943512  0.008  0.240  0.002  0.252
   0.41481      2.976553  0.006  0.242  0.004  0.252
   0.43785      2.999587  0.000  0.238  0.005  0.244
   0.43785      2.999587  0.000  0.238  0.005  0.244
   0.45116      2.999096  0.000  0.238  0.005  0.244
   0.46446      2.997626  0.000  0.238  0.004  0.244
   0.47777      2.995193  0.000  0.237  0.004  0.242
   0.49107      2.991841  0.000  0.236  0.004  0.242
   0.50438      2.987668  0.000  0.235  0.004  0.240
   0.51768      2.982906  0.000  0.234  0.004  0.240
   0.53099      2.978095  0.000  0.237  0.004  0.242
   0.54429      2.974454  0.000  0.246  0.006  0.250
   0.55760      2.973878  0.000  0.264  0.006  0.270
   0.57090      2.976727  0.000  0.284  0.006  0.292
   0.58421      2.980686  0.000  0.298  0.008  0.306
   0.59751      2.983703  0.000  0.304  0.008  0.313
   0.61082      2.984981  0.000  0.308  0.008  0.316
   0.62412      2.984417  0.000  0.308  0.008  0.318
   0.63743      2.982199  0.000  0.308  0.008  0.316
   0.65073      2.978618  0.000  0.307  0.008  0.315
   0.66404      2.973981  0.000  0.305  0.008  0.313
   0.67734      2.968593  0.002  0.301  0.008  0.310
   0.69065      2.962829  0.002  0.298  0.007  0.307
   0.69065      2.962829  0.002  0.298  0.007  0.307
   0.71726      2.970346  0.000  0.300  0.008  0.309
   0.74387      2.972500  0.000  0.294  0.008  0.302
   0.77048      2.966903  0.000  0.250  0.006  0.256
   0.79709      2.971395  0.006  0.263  0.004  0.274
   0.82370      2.970319  0.002  0.303  0.008  0.312
   0.85031      2.963821  0.002  0.298  0.008  0.306
   0.87692      2.956189  0.000  0.292  0.008  0.301
   0.90353      2.933423  0.002  0.258  0.006  0.266
   0.93014      2.871778  0.006  0.244  0.004  0.254
   0.95675      2.793789  0.008  0.234  0.002  0.244
   0.98336      2.711905  0.010  0.236  0.002  0.249
   1.00997      2.644047  0.010  0.255  0.002  0.267
   1.03658      2.628770  0.002  0.274  0.004  0.280
   1.06319      2.615971  0.002  0.274  0.004  0.280
   1.08980      2.604040  0.000  0.274  0.004  0.280
   1.11641      2.593353  0.000  0.275  0.004  0.280
   1.14302      2.584442  0.000  0.275  0.004  0.280
   1.16963      2.578243  0.000  0.274  0.004  0.279
   1.19624      2.575971  0.000  0.274  0.004  0.279
 
# Band-Index:   84
   1.19624      2.743669  0.026  0.226  0.000  0.252
   1.16963      2.751112  0.024  0.228  0.000  0.254
   1.14302      2.772203  0.022  0.232  0.000  0.256
   1.11641      2.803214  0.020  0.238  0.002  0.260
   1.08980      2.838457  0.016  0.248  0.002  0.266
   1.06319      2.871706  0.010  0.260  0.004  0.274
   1.03658      2.898182  0.006  0.270  0.006  0.282
   1.00997      2.916252  0.002  0.278  0.006  0.286
   0.98336      2.927485  0.000  0.282  0.008  0.290
   0.95675      2.934966  0.000  0.284  0.008  0.292
   0.93014      2.941459  0.000  0.286  0.008  0.294
   0.90353      2.948476  0.000  0.288  0.008  0.296
   0.87692      2.971952  0.000  0.270  0.008  0.276
   0.85031      2.987600  0.000  0.272  0.008  0.278
   0.82370      2.985372  0.002  0.268  0.006  0.276
   0.79709      2.975406  0.002  0.311  0.008  0.320
   0.77048      2.988905  0.002  0.292  0.008  0.302
   0.74387      3.029915  0.002  0.264  0.006  0.272
   0.71726      3.058574  0.000  0.269  0.006  0.276
   0.69065      3.067737  0.000  0.270  0.006  0.278
   0.69065      3.067737  0.000  0.270  0.006  0.278
   0.67734      3.065982  0.000  0.271  0.006  0.278
   0.66404      3.061833  0.000  0.272  0.006  0.279
   0.65073      3.057021  0.000  0.276  0.008  0.282
   0.63743      3.052834  0.000  0.280  0.008  0.288
   0.62412      3.049787  0.000  0.284  0.008  0.292
   0.61082      3.047810  0.002  0.288  0.008  0.296
   0.59751      3.046588  0.002  0.291  0.008  0.300
   0.58421      3.045775  0.002  0.293  0.008  0.304
   0.57090      3.045078  0.004  0.294  0.008  0.306
   0.55760      3.044274  0.004  0.295  0.008  0.306
   0.54429      3.043202  0.006  0.295  0.006  0.307
   0.53099      3.041769  0.006  0.294  0.006  0.308
   0.51768      3.039948  0.008  0.294  0.006  0.306
   0.50438      3.037789  0.008  0.292  0.006  0.306
   0.49107      3.035428  0.010  0.290  0.006  0.304
   0.47777      3.033090  0.012  0.287  0.004  0.303
   0.46446      3.031073  0.012  0.285  0.004  0.302
   0.45116      3.029693  0.012  0.284  0.004  0.301
   0.43785      3.029201  0.012  0.283  0.004  0.300
   0.43785      3.029201  0.012  0.283  0.004  0.300
   0.41481      3.046890  0.006  0.280  0.006  0.293
   0.39176      3.065390  0.004  0.286  0.008  0.297
   0.36872      3.071685  0.002  0.290  0.008  0.300
   0.34567      3.060191  0.002  0.284  0.008  0.294
   0.32263      3.026463  0.004  0.266  0.006  0.276
   0.29958      2.970624  0.006  0.242  0.004  0.252
   0.27654      2.909207  0.006  0.268  0.006  0.278
   0.25349      2.909900  0.002  0.276  0.008  0.284
   0.23045      2.914393  0.000  0.278  0.008  0.286
   0.20740      2.915656  0.000  0.278  0.008  0.286
   0.18436      2.910991  0.002  0.276  0.008  0.286
   0.16131      2.898430  0.006  0.272  0.006  0.282
   0.13827      2.877571  0.010  0.262  0.004  0.276
   0.11522      2.850125  0.014  0.252  0.004  0.270
   0.09218      2.819509  0.018  0.244  0.002  0.263
   0.06913      2.789901  0.022  0.236  0.002  0.258
   0.04609      2.765381  0.024  0.230  0.000  0.254
   0.02304      2.749270  0.026  0.228  0.000  0.253
   0.00000      2.743669  0.026  0.226  0.000  0.252
 
# Band-Index:   85
   0.00000      3.322274  0.036  0.138  0.000  0.174
   0.02304      3.326086  0.036  0.138  0.000  0.174
   0.04609      3.336947  0.034  0.142  0.000  0.178
   0.06913      3.353092  0.032  0.148  0.002  0.182
   0.09218      3.371394  0.028  0.154  0.002  0.186
   0.11522      3.387687  0.026  0.156  0.004  0.186
   0.13827      3.400573  0.026  0.152  0.004  0.182
   0.16131      3.413957  0.028  0.148  0.004  0.178
   0.18436      3.429501  0.026  0.154  0.004  0.182
   0.20740      3.442876  0.018  0.164  0.006  0.190
   0.23045      3.449151  0.012  0.170  0.010  0.190
   0.25349      3.449010  0.008  0.162  0.010  0.180
   0.27654      3.447016  0.008  0.144  0.010  0.162
   0.29958      3.448658  0.010  0.122  0.008  0.140
   0.32263      3.458619  0.014  0.104  0.004  0.122
   0.34567      3.477554  0.018  0.098  0.004  0.118
   0.36872      3.499513  0.018  0.109  0.004  0.132
   0.39176      3.516396  0.014  0.126  0.008  0.150
   0.41481      3.525293  0.012  0.139  0.012  0.162
   0.43785      3.527852  0.010  0.142  0.012  0.166
   0.43785      3.527852  0.010  0.142  0.012  0.166
   0.45116      3.529101  0.010  0.144  0.012  0.166
   0.46446      3.532756  0.010  0.144  0.012  0.166
   0.47777      3.538557  0.010  0.146  0.012  0.168
   0.49107      3.546080  0.008  0.148  0.012  0.170
   0.50438      3.554764  0.008  0.152  0.014  0.172
   0.51768      3.563935  0.006  0.154  0.014  0.174
   0.53099      3.572860  0.004  0.158  0.014  0.176
   0.54429      3.575442  0.014  0.114  0.008  0.136
   0.55760      3.577004  0.016  0.106  0.006  0.128
   0.57090      3.580630  0.018  0.097  0.004  0.120
   0.58421      3.585714  0.020  0.089  0.002  0.112
   0.59751      3.591244  0.022  0.082  0.002  0.104
   0.61082      3.590345  0.000  0.144  0.014  0.158
   0.62412      3.586855  0.002  0.134  0.012  0.148
   0.63743      3.583115  0.002  0.124  0.012  0.138
   0.65073      3.580159  0.004  0.112  0.010  0.126
   0.66404      3.578987  0.006  0.101  0.008  0.116
   0.67734      3.580382  0.008  0.092  0.007  0.108
   0.69065      3.584676  0.011  0.085  0.006  0.102
   0.69065      3.584676  0.011  0.085  0.006  0.102
   0.71726      3.572781  0.008  0.096  0.008  0.110
   0.74387      3.561523  0.004  0.108  0.010  0.121
   0.77048      3.552324  0.002  0.120  0.012  0.132
   0.79709      3.544858  0.000  0.132  0.012  0.144
   0.82370      3.537202  0.000  0.142  0.012  0.154
   0.85031      3.526997  0.000  0.148  0.012  0.160
   0.87692      3.512291  0.002  0.142  0.010  0.154
   0.90353      3.494308  0.004  0.131  0.010  0.144
   0.93014      3.481529  0.002  0.140  0.010  0.154
   0.95675      3.477636  0.000  0.168  0.014  0.180
   0.98336      3.470311  0.008  0.188  0.012  0.208
   1.00997      3.453174  0.014  0.182  0.008  0.205
   1.03658      3.433034  0.018  0.176  0.008  0.202
   1.06319      3.410566  0.022  0.170  0.006  0.198
   1.08980      3.386390  0.026  0.162  0.004  0.192
   1.11641      3.362371  0.030  0.152  0.002  0.184
   1.14302      3.341563  0.034  0.144  0.002  0.178
   1.16963      3.327336  0.036  0.140  0.000  0.174
   1.19624      3.322274  0.036  0.138  0.000  0.174
 
# Band-Index:   86
   1.19624      3.472446  0.000  0.208  0.014  0.222
   1.16963      3.468954  0.002  0.204  0.014  0.218
   1.14302      3.460146  0.004  0.194  0.012  0.210
   1.11641      3.450411  0.010  0.178  0.010  0.198
   1.08980      3.445451  0.014  0.162  0.008  0.186
   1.06319      3.450665  0.020  0.148  0.006  0.174
   1.03658      3.469252  0.026  0.138  0.004  0.168
   1.00997      3.492422  0.002  0.178  0.014  0.192
   0.98336      3.488400  0.006  0.158  0.010  0.174
   0.95675      3.494404  0.016  0.156  0.008  0.180
   0.93014      3.510679  0.018  0.158  0.008  0.182
   0.90353      3.530857  0.020  0.142  0.006  0.168
   0.87692      3.559511  0.026  0.116  0.002  0.146
   0.85031      3.597857  0.028  0.106  0.002  0.137
   0.82370      3.635903  0.020  0.122  0.007  0.149
   0.79709      3.634722  0.004  0.128  0.016  0.146
   0.77048      3.630204  0.008  0.110  0.010  0.130
   0.74387      3.618390  0.012  0.094  0.006  0.112
   0.71726      3.600433  0.014  0.082  0.004  0.100
   0.69065      3.584702  0.011  0.085  0.006  0.102
   0.69065      3.584702  0.011  0.085  0.006  0.102
   0.67734      3.590135  0.013  0.080  0.004  0.098
   0.66404      3.594741  0.016  0.076  0.004  0.094
   0.65073      3.598060  0.018  0.072  0.002  0.092
   0.63743      3.599602  0.020  0.072  0.002  0.092
   0.62412      3.598948  0.020  0.072  0.000  0.094
   0.61082      3.596000  0.022  0.076  0.000  0.098
   0.59751      3.592665  0.000  0.150  0.014  0.166
   0.58421      3.593117  0.000  0.156  0.014  0.172
   0.57090      3.591292  0.000  0.158  0.014  0.174
   0.55760      3.587110  0.002  0.160  0.014  0.176
   0.54429      3.580803  0.004  0.160  0.014  0.178
   0.53099      3.576103  0.012  0.124  0.010  0.144
   0.51768      3.578762  0.008  0.132  0.010  0.152
   0.50438      3.582904  0.006  0.141  0.012  0.159
   0.49107      3.587832  0.004  0.148  0.012  0.166
   0.47777      3.592769  0.002  0.156  0.014  0.172
   0.46446      3.596958  0.002  0.160  0.014  0.176
   0.45116      3.599759  0.000  0.164  0.014  0.178
   0.43785      3.600744  0.000  0.164  0.014  0.180
   0.43785      3.600744  0.000  0.164  0.014  0.180
   0.41481      3.599847  0.000  0.165  0.014  0.180
   0.39176      3.597193  0.000  0.166  0.014  0.182
   0.36872      3.592880  0.000  0.170  0.014  0.184
   0.34567      3.587060  0.000  0.172  0.014  0.187
   0.32263      3.579916  0.000  0.176  0.014  0.190
   0.29958      3.571649  0.000  0.180  0.014  0.194
   0.27654      3.562477  0.000  0.184  0.014  0.198
   0.25349      3.552628  0.000  0.188  0.014  0.202
   0.23045      3.542344  0.000  0.191  0.014  0.206
   0.20740      3.524813  0.020  0.142  0.006  0.168
   0.18436      3.500432  0.016  0.155  0.008  0.180
   0.16131      3.480076  0.016  0.162  0.008  0.186
   0.13827      3.462232  0.016  0.164  0.008  0.188
   0.11522      3.450211  0.016  0.164  0.008  0.188
   0.09218      3.448203  0.012  0.172  0.010  0.194
   0.06913      3.454152  0.008  0.185  0.010  0.203
   0.04609      3.462791  0.004  0.196  0.012  0.212
   0.02304      3.469796  0.000  0.204  0.014  0.218
   0.00000      3.472446  0.000  0.208  0.014  0.222
 
# Band-Index:   87
   0.00000      3.472448  0.000  0.208  0.014  0.222
   0.02304      3.473352  0.000  0.208  0.014  0.222
   0.04609      3.476035  0.000  0.206  0.014  0.220
   0.06913      3.480413  0.000  0.206  0.014  0.220
   0.09218      3.486348  0.000  0.204  0.014  0.218
   0.11522      3.493659  0.000  0.204  0.014  0.218
   0.13827      3.502124  0.000  0.202  0.014  0.216
   0.16131      3.511495  0.000  0.200  0.014  0.214
   0.18436      3.521506  0.000  0.197  0.014  0.212
   0.20740      3.531881  0.000  0.194  0.014  0.208
   0.23045      3.555076  0.024  0.134  0.006  0.164
   0.25349      3.588217  0.024  0.135  0.006  0.166
   0.27654      3.618872  0.022  0.140  0.008  0.170
   0.29958      3.643005  0.016  0.142  0.012  0.170
   0.32263      3.659607  0.010  0.138  0.014  0.162
   0.34567      3.671033  0.006  0.126  0.016  0.148
   0.36872      3.681198  0.004  0.110  0.016  0.130
   0.39176      3.691586  0.004  0.096  0.016  0.114
   0.41481      3.699573  0.002  0.088  0.014  0.106
   0.43785      3.702445  0.002  0.086  0.016  0.104
   0.43785      3.702445  0.002  0.086  0.016  0.104
   0.45116      3.702283  0.002  0.087  0.016  0.104
   0.46446      3.701794  0.002  0.088  0.016  0.105
   0.47777      3.700969  0.002  0.088  0.015  0.106
   0.49107      3.699810  0.002  0.089  0.016  0.107
   0.50438      3.698339  0.002  0.090  0.016  0.108
   0.51768      3.696606  0.002  0.093  0.016  0.111
   0.53099      3.694700  0.002  0.096  0.016  0.114
   0.54429      3.692756  0.002  0.100  0.016  0.119
   0.55760      3.690976  0.002  0.106  0.017  0.125
   0.57090      3.689649  0.002  0.114  0.018  0.132
   0.58421      3.689173  0.000  0.122  0.020  0.142
   0.59751      3.690022  0.000  0.132  0.020  0.154
   0.61082      3.692611  0.000  0.144  0.022  0.166
   0.62412      3.696999  0.000  0.154  0.022  0.176
   0.63743      3.702650  0.000  0.162  0.024  0.186
   0.65073      3.708542  0.000  0.168  0.024  0.192
   0.66404      3.713562  0.000  0.172  0.024  0.197
   0.67734      3.716857  0.000  0.175  0.024  0.200
   0.69065      3.717986  0.000  0.176  0.024  0.200
   0.69065      3.717986  0.000  0.176  0.024  0.200
   0.71726      3.713787  0.000  0.172  0.024  0.198
   0.74387      3.702848  0.004  0.164  0.022  0.190
   0.77048      3.687053  0.010  0.152  0.016  0.178
   0.79709      3.665686  0.018  0.135  0.011  0.163
   0.82370      3.636051  0.004  0.140  0.016  0.160
   0.85031      3.636940  0.000  0.156  0.020  0.176
   0.87692      3.635972  0.004  0.164  0.018  0.186
   0.90353      3.628307  0.010  0.166  0.014  0.192
   0.93014      3.609242  0.018  0.162  0.010  0.190
   0.95675      3.578058  0.024  0.152  0.006  0.182
   0.98336      3.539260  0.028  0.142  0.004  0.174
   1.00997      3.500450  0.028  0.136  0.004  0.168
   1.03658      3.494829  0.000  0.192  0.014  0.206
   1.06319      3.493150  0.000  0.198  0.014  0.212
   1.08980      3.488293  0.000  0.202  0.014  0.217
   1.11641      3.482344  0.000  0.206  0.014  0.220
   1.14302      3.477107  0.000  0.206  0.014  0.220
   1.16963      3.473646  0.000  0.208  0.014  0.221
   1.19624      3.472448  0.000  0.208  0.014  0.222
 
# Band-Index:   88
   1.19624      4.160750  0.002  0.008  0.000  0.010
   1.16963      4.163461  0.002  0.008  0.000  0.012
   1.14302      4.170088  0.004  0.012  0.002  0.018
   1.11641      4.176268  0.006  0.020  0.004  0.030
   1.08980      4.178282  0.010  0.028  0.006  0.044
   1.06319      4.179777  0.016  0.032  0.008  0.054
   1.03658      4.188387  0.020  0.036  0.008  0.062
   1.00997      4.207764  0.024  0.041  0.008  0.072
   0.98336      4.235044  0.024  0.052  0.008  0.084
   0.95675      4.233959  0.014  0.046  0.012  0.074
   0.93014      4.220965  0.022  0.034  0.008  0.064
   0.90353      4.221935  0.030  0.028  0.004  0.062
   0.87692      4.225444  0.002  0.070  0.024  0.096
   0.85031      4.204002  0.000  0.058  0.024  0.084
   0.82370      4.203149  0.004  0.046  0.022  0.072
   0.79709      4.224990  0.011  0.038  0.016  0.064
   0.77048      4.210701  0.014  0.054  0.018  0.086
   0.74387      4.192557  0.004  0.062  0.024  0.092
   0.71726      4.187276  0.000  0.070  0.028  0.098
   0.69065      4.188027  0.000  0.072  0.030  0.102
   0.69065      4.188027  0.000  0.072  0.030  0.102
   0.67734      4.187368  0.000  0.072  0.030  0.102
   0.66404      4.185218  0.000  0.070  0.028  0.098
   0.65073      4.181726  0.000  0.066  0.028  0.096
   0.63743      4.177376  0.000  0.064  0.028  0.092
   0.62412      4.172799  0.000  0.060  0.028  0.088
   0.61082      4.168667  0.000  0.056  0.026  0.084
   0.59751      4.165609  0.000  0.054  0.026  0.082
   0.58421      4.164124  0.000  0.052  0.026  0.078
   0.57090      4.164470  0.000  0.050  0.026  0.076
   0.55760      4.166583  0.000  0.048  0.026  0.074
   0.54429      4.170054  0.000  0.046  0.024  0.072
   0.53099      4.174204  0.000  0.044  0.024  0.068
   0.51768      4.178279  0.002  0.042  0.022  0.066
   0.50438      4.181695  0.004  0.038  0.020  0.062
   0.49107      4.184202  0.006  0.034  0.018  0.058
   0.47777      4.185846  0.006  0.030  0.018  0.054
   0.46446      4.186815  0.008  0.028  0.016  0.052
   0.45116      4.187306  0.008  0.026  0.016  0.052
   0.43785      4.187454  0.008  0.026  0.016  0.050
   0.43785      4.187454  0.008  0.026  0.016  0.050
   0.41481      4.175971  0.006  0.030  0.018  0.054
   0.39176      4.164225  0.000  0.038  0.022  0.062
   0.36872      4.168999  0.000  0.046  0.024  0.072
   0.34567      4.188044  0.006  0.054  0.022  0.080
   0.32263      4.210486  0.012  0.056  0.018  0.086
   0.29958      4.225011  0.020  0.052  0.012  0.086
   0.27654      4.225676  0.028  0.046  0.008  0.082
   0.25349      4.211881  0.034  0.036  0.004  0.074
   0.23045      4.190769  0.036  0.026  0.002  0.064
   0.20740      4.171102  0.034  0.020  0.002  0.058
   0.18436      4.158322  0.032  0.020  0.002  0.054
   0.16131      4.154485  0.026  0.022  0.004  0.052
   0.13827      4.158630  0.020  0.026  0.006  0.052
   0.11522      4.166977  0.014  0.026  0.006  0.048
   0.09218      4.173448  0.010  0.024  0.004  0.038
   0.06913      4.173251  0.006  0.016  0.002  0.024
   0.04609      4.168042  0.002  0.012  0.002  0.016
   0.02304      4.162804  0.002  0.008  0.000  0.010
   0.00000      4.160750  0.002  0.008  0.000  0.010
 
# Band-Index:   89
   0.00000      4.221239  0.030  0.002  0.002  0.034
   0.02304      4.228203  0.030  0.004  0.002  0.036
   0.04609      4.247982  0.028  0.010  0.002  0.040
   0.06913      4.276741  0.024  0.018  0.004  0.046
   0.09218      4.305435  0.016  0.026  0.004  0.048
   0.11522      4.330989  0.008  0.024  0.004  0.034
   0.13827      4.363398  0.004  0.018  0.002  0.024
   0.16131      4.385842  0.000  0.118  0.028  0.144
   0.18436      4.380805  0.000  0.116  0.028  0.142
   0.20740      4.364734  0.002  0.052  0.018  0.070
   0.23045      4.336090  0.004  0.044  0.016  0.064
   0.25349      4.312061  0.008  0.034  0.014  0.056
   0.27654      4.297868  0.014  0.026  0.010  0.052
   0.29958      4.294422  0.020  0.024  0.008  0.052
   0.32263      4.297528  0.026  0.022  0.006  0.052
   0.34567      4.304233  0.030  0.020  0.002  0.052
   0.36872      4.308252  0.032  0.022  0.002  0.054
   0.39176      4.301198  0.030  0.026  0.002  0.058
   0.41481      4.281580  0.024  0.028  0.006  0.058
   0.43785      4.267236  0.020  0.030  0.010  0.058
   0.43785      4.267236  0.020  0.030  0.010  0.058
   0.45116      4.268968  0.018  0.030  0.010  0.058
   0.46446      4.273981  0.018  0.034  0.010  0.062
   0.47777      4.281747  0.016  0.038  0.012  0.064
   0.49107      4.286119  0.010  0.076  0.020  0.106
   0.50438      4.279658  0.014  0.066  0.016  0.096
   0.51768      4.274526  0.018  0.056  0.012  0.088
   0.53099      4.271411  0.022  0.048  0.010  0.080
   0.54429      4.270546  0.026  0.040  0.006  0.072
   0.55760      4.271792  0.028  0.034  0.004  0.068
   0.57090      4.274804  0.030  0.032  0.002  0.064
   0.58421      4.279150  0.032  0.028  0.002  0.062
   0.59751      4.284337  0.034  0.028  0.000  0.062
   0.61082      4.289793  0.034  0.028  0.000  0.062
   0.62412      4.294860  0.032  0.028  0.002  0.062
   0.63743      4.298850  0.032  0.030  0.002  0.064
   0.65073      4.301200  0.013  0.043  0.015  0.071
   0.66404      4.299214  0.012  0.042  0.016  0.070
   0.67734      4.299027  0.016  0.038  0.014  0.068
   0.69065      4.299881  0.019  0.036  0.011  0.066
   0.69065      4.299881  0.019  0.036  0.011  0.066
   0.71726      4.299517  0.025  0.034  0.007  0.066
   0.74387      4.286849  0.024  0.034  0.006  0.064
   0.77048      4.258506  0.020  0.034  0.010  0.064
   0.79709      4.234058  0.026  0.048  0.010  0.084
   0.82370      4.247076  0.036  0.042  0.004  0.080
   0.85031      4.244628  0.038  0.034  0.000  0.072
   0.87692      4.232890  0.036  0.028  0.002  0.066
   0.90353      4.253515  0.008  0.078  0.022  0.106
   0.93014      4.268965  0.016  0.076  0.018  0.108
   0.95675      4.260373  0.022  0.064  0.012  0.098
   0.98336      4.258552  0.010  0.060  0.016  0.086
   1.00997      4.288374  0.008  0.072  0.018  0.098
   1.03658      4.315686  0.006  0.080  0.018  0.106
   1.06319      4.331831  0.010  0.076  0.016  0.102
   1.08980      4.324411  0.018  0.048  0.010  0.076
   1.11641      4.292241  0.024  0.024  0.006  0.054
   1.14302      4.256255  0.028  0.012  0.002  0.042
   1.16963      4.230484  0.030  0.006  0.002  0.036
   1.19624      4.221239  0.030  0.002  0.002  0.034
 
# Band-Index:   90
   1.19624      4.398191  0.000  0.122  0.026  0.148
   1.16963      4.380346  0.002  0.100  0.022  0.124
   1.14302      4.352282  0.004  0.076  0.016  0.097
   1.11641      4.336357  0.004  0.056  0.012  0.072
   1.08980      4.342166  0.004  0.038  0.006  0.048
   1.06319      4.368938  0.002  0.026  0.004  0.032
   1.03658      4.409410  0.002  0.021  0.002  0.024
   1.00997      4.427714  0.004  0.070  0.020  0.092
   0.98336      4.425627  0.002  0.074  0.022  0.098
   0.95675      4.421064  0.002  0.076  0.022  0.100
   0.93014      4.414753  0.000  0.076  0.024  0.102
   0.90353      4.406616  0.000  0.076  0.024  0.100
   0.87692      4.395720  0.000  0.074  0.024  0.098
   0.85031      4.380000  0.000  0.070  0.024  0.094
   0.82370      4.358151  0.000  0.064  0.024  0.090
   0.79709      4.334919  0.002  0.058  0.024  0.084
   0.77048      4.317390  0.006  0.052  0.020  0.080
   0.74387      4.306019  0.010  0.046  0.018  0.074
   0.71726      4.300078  0.013  0.040  0.015  0.070
   0.69065      4.299915  0.019  0.036  0.011  0.066
   0.69065      4.299915  0.019  0.036  0.011  0.066
   0.67734      4.301066  0.022  0.034  0.008  0.066
   0.66404      4.301815  0.026  0.034  0.006  0.066
   0.65073      4.301225  0.025  0.035  0.007  0.067
   0.63743      4.305178  0.006  0.050  0.022  0.076
   0.62412      4.310778  0.002  0.054  0.022  0.080
   0.61082      4.317243  0.002  0.060  0.024  0.084
   0.59751      4.323556  0.000  0.062  0.024  0.088
   0.58421      4.328614  0.000  0.066  0.024  0.090
   0.57090      4.331413  0.000  0.066  0.024  0.090
   0.55760      4.331233  0.002  0.066  0.022  0.090
   0.54429      4.327780  0.004  0.062  0.022  0.088
   0.53099      4.321266  0.006  0.058  0.020  0.084
   0.51768      4.312352  0.010  0.054  0.016  0.080
   0.50438      4.302028  0.012  0.048  0.014  0.074
   0.49107      4.291441  0.014  0.042  0.012  0.070
   0.47777      4.292872  0.006  0.086  0.024  0.114
   0.46446      4.298763  0.002  0.092  0.026  0.120
   0.45116      4.302768  0.000  0.096  0.026  0.124
   0.43785      4.304186  0.000  0.098  0.028  0.124
   0.43785      4.304186  0.000  0.098  0.028  0.124
   0.41481      4.305501  0.000  0.098  0.028  0.126
   0.39176      4.309324  0.000  0.098  0.028  0.126
   0.36872      4.315318  0.000  0.100  0.028  0.128
   0.34567      4.322990  0.000  0.102  0.028  0.128
   0.32263      4.331771  0.000  0.104  0.028  0.130
   0.29958      4.341084  0.000  0.106  0.028  0.134
   0.27654      4.350406  0.000  0.108  0.028  0.136
   0.25349      4.359308  0.000  0.110  0.028  0.138
   0.23045      4.367467  0.000  0.112  0.028  0.140
   0.20740      4.374671  0.000  0.114  0.028  0.142
   0.18436      4.391547  0.000  0.054  0.016  0.072
   0.16131      4.398290  0.000  0.026  0.004  0.030
   0.13827      4.389826  0.000  0.118  0.026  0.146
   0.11522      4.383765  0.014  0.050  0.012  0.076
   0.09218      4.351072  0.010  0.048  0.010  0.068
   0.06913      4.343379  0.006  0.064  0.014  0.082
   0.04609      4.359502  0.004  0.082  0.018  0.104
   0.02304      4.384092  0.002  0.104  0.022  0.128
   0.00000      4.398191  0.000  0.122  0.026  0.148
 
# Band-Index:   91
   0.00000      4.398192  0.000  0.122  0.026  0.148
   0.02304      4.398026  0.000  0.122  0.026  0.148
   0.04609      4.397502  0.000  0.122  0.026  0.148
   0.06913      4.396546  0.000  0.122  0.026  0.148
   0.09218      4.395040  0.000  0.120  0.026  0.148
   0.11522      4.392849  0.000  0.120  0.026  0.146
   0.13827      4.414124  0.010  0.064  0.016  0.088
   0.16131      4.422760  0.004  0.054  0.014  0.074
   0.18436      4.456932  0.002  0.018  0.002  0.024
   0.20740      4.504245  0.000  0.014  0.002  0.016
   0.23045      4.548029  0.000  0.014  0.002  0.016
   0.25349      4.579370  0.000  0.012  0.004  0.016
   0.27654      4.594036  0.002  0.010  0.006  0.016
   0.29958      4.602492  0.008  0.004  0.006  0.016
   0.32263      4.619387  0.014  0.000  0.004  0.020
   0.34567      4.646929  0.020  0.000  0.002  0.024
   0.36872      4.677189  0.022  0.002  0.002  0.028
   0.39176      4.699394  0.020  0.002  0.004  0.028
   0.41481      4.707450  0.016  0.002  0.006  0.026
   0.43785      4.708173  0.014  0.002  0.008  0.024
   0.43785      4.708173  0.014  0.002  0.008  0.024
   0.45116      4.708520  0.014  0.002  0.008  0.024
   0.46446      4.709551  0.014  0.002  0.008  0.024
   0.47777      4.711246  0.014  0.002  0.008  0.024
   0.49107      4.713572  0.016  0.002  0.008  0.026
   0.50438      4.716492  0.016  0.002  0.006  0.026
   0.51768      4.719965  0.016  0.004  0.006  0.026
   0.53099      4.723952  0.018  0.004  0.006  0.026
   0.54429      4.728411  0.018  0.004  0.006  0.028
   0.55760      4.733281  0.018  0.004  0.006  0.028
   0.57090      4.738451  0.018  0.004  0.006  0.030
   0.58421      4.743745  0.018  0.004  0.006  0.030
   0.59751      4.748917  0.018  0.006  0.006  0.031
   0.61082      4.753668  0.018  0.006  0.008  0.032
   0.62412      4.757662  0.018  0.006  0.008  0.032
   0.63743      4.760545  0.018  0.006  0.010  0.034
   0.65073      4.761983  0.016  0.008  0.010  0.034
   0.66404      4.758052  0.004  0.010  0.020  0.034
   0.67734      4.754398  0.008  0.008  0.018  0.034
   0.69065      4.756091  0.010  0.008  0.015  0.033
   0.69065      4.756091  0.010  0.008  0.015  0.033
   0.71726      4.747660  0.004  0.010  0.020  0.034
   0.74387      4.745245  0.000  0.012  0.022  0.036
   0.77048      4.753695  0.000  0.016  0.024  0.040
   0.79709      4.764965  0.002  0.018  0.022  0.044
   0.82370      4.760952  0.006  0.018  0.018  0.042
   0.85031      4.728074  0.010  0.014  0.010  0.036
   0.87692      4.674675  0.010  0.010  0.006  0.028
   0.90353      4.619211  0.008  0.008  0.004  0.020
   0.93014      4.574419  0.004  0.008  0.002  0.016
   0.95675      4.539246  0.000  0.014  0.002  0.016
   0.98336      4.501174  0.000  0.018  0.002  0.018
   1.00997      4.455976  0.000  0.018  0.002  0.020
   1.03658      4.425026  0.006  0.066  0.018  0.088
   1.06319      4.413848  0.008  0.070  0.018  0.094
   1.08980      4.400293  0.004  0.096  0.022  0.122
   1.11641      4.396696  0.000  0.116  0.026  0.142
   1.14302      4.397283  0.000  0.120  0.026  0.146
   1.16963      4.397968  0.000  0.122  0.026  0.148
   1.19624      4.398192  0.000  0.122  0.026  0.148
 
# Band-Index:   92
   1.19624      4.494258  0.006  0.012  0.002  0.020
   1.16963      4.507657  0.000  0.030  0.000  0.031
   1.14302      4.509567  0.000  0.032  0.000  0.033
   1.11641      4.513583  0.000  0.036  0.002  0.038
   1.08980      4.523616  0.000  0.040  0.004  0.044
   1.06319      4.549837  0.002  0.046  0.006  0.054
   1.03658      4.601128  0.004  0.050  0.008  0.062
   1.00997      4.672211  0.004  0.054  0.008  0.066
   0.98336      4.754384  0.004  0.058  0.008  0.070
   0.95675      4.842615  0.004  0.060  0.010  0.072
   0.93014      4.893388  0.000  0.016  0.004  0.021
   0.90353      4.942624  0.002  0.014  0.004  0.020
   0.87692      4.983660  0.002  0.024  0.010  0.036
   0.85031      4.925137  0.000  0.008  0.014  0.022
   0.82370      4.864336  0.004  0.005  0.014  0.022
   0.79709      4.830340  0.008  0.004  0.012  0.026
   0.77048      4.810585  0.014  0.006  0.010  0.030
   0.74387      4.791848  0.016  0.008  0.010  0.034
   0.71726      4.771142  0.014  0.008  0.012  0.034
   0.69065      4.756169  0.010  0.008  0.015  0.033
   0.69065      4.756169  0.010  0.008  0.015  0.033
   0.67734      4.759683  0.012  0.008  0.014  0.034
   0.66404      4.761720  0.014  0.008  0.012  0.034
   0.65073      4.767409  0.002  0.012  0.022  0.036
   0.63743      4.781882  0.000  0.014  0.024  0.038
   0.62412      4.800049  0.000  0.016  0.024  0.040
   0.61082      4.819882  0.000  0.018  0.024  0.044
   0.59751      4.839065  0.002  0.020  0.024  0.046
   0.58421      4.855330  0.002  0.022  0.024  0.048
   0.57090      4.866821  0.004  0.022  0.022  0.048
   0.55760      4.872468  0.008  0.021  0.020  0.048
   0.54429      4.872172  0.010  0.020  0.018  0.046
   0.53099      4.866724  0.012  0.018  0.014  0.044
   0.51768      4.857482  0.014  0.016  0.012  0.041
   0.50438      4.846037  0.016  0.012  0.010  0.038
   0.49107      4.833979  0.016  0.008  0.008  0.034
   0.47777      4.822782  0.018  0.006  0.006  0.030
   0.46446      4.813728  0.020  0.004  0.006  0.028
   0.45116      4.807844  0.020  0.002  0.004  0.026
   0.43785      4.805804  0.020  0.000  0.004  0.026
   0.43785      4.805804  0.020  0.000  0.004  0.026
   0.41481      4.808197  0.017  0.000  0.006  0.024
   0.39176      4.824706  0.008  0.002  0.008  0.020
   0.36872      4.867489  0.002  0.006  0.012  0.018
   0.34567      4.930487  0.000  0.012  0.010  0.024
   0.32263      4.977202  0.000  0.028  0.004  0.032
   0.29958      4.923255  0.002  0.032  0.006  0.040
   0.27654      4.866067  0.004  0.040  0.008  0.052
   0.25349      4.809690  0.006  0.048  0.008  0.062
   0.23045      4.747731  0.008  0.046  0.006  0.060
   0.20740      4.681582  0.008  0.042  0.006  0.056
   0.18436      4.616160  0.010  0.034  0.004  0.048
   0.16131      4.557868  0.010  0.026  0.002  0.036
   0.13827      4.519329  0.006  0.022  0.000  0.028
   0.11522      4.508357  0.002  0.028  0.002  0.032
   0.09218      4.508421  0.000  0.032  0.002  0.034
   0.06913      4.508937  0.000  0.032  0.002  0.034
   0.04609      4.508360  0.000  0.032  0.000  0.032
   0.02304      4.507414  0.000  0.031  0.000  0.031
   0.00000      4.494258  0.006  0.012  0.002  0.020
 
# Band-Index:   93
   0.00000      4.507044  0.000  0.030  0.000  0.030
   0.02304      4.512528  0.004  0.028  0.006  0.038
   0.04609      4.550884  0.004  0.044  0.008  0.056
   0.06913      4.595820  0.002  0.052  0.010  0.064
   0.09218      4.643287  0.000  0.058  0.010  0.068
   0.11522      4.691797  0.000  0.059  0.010  0.068
   0.13827      4.740556  0.000  0.060  0.008  0.068
   0.16131      4.788893  0.000  0.058  0.006  0.064
   0.18436      4.835790  0.000  0.056  0.004  0.061
   0.20740      4.879042  0.000  0.052  0.002  0.054
   0.23045      4.913956  0.000  0.042  0.000  0.044
   0.25349      4.939606  0.000  0.026  0.002  0.030
   0.27654      4.975279  0.000  0.020  0.004  0.026
   0.29958      5.028979  0.000  0.024  0.004  0.028
   0.32263      5.012499  0.002  0.018  0.014  0.032
   0.34567      5.056956  0.002  0.020  0.006  0.028
   0.36872      5.054262  0.000  0.030  0.026  0.056
   0.39176      5.041942  0.000  0.030  0.026  0.056
   0.41481      5.034422  0.000  0.030  0.026  0.056
   0.43785      5.031893  0.000  0.030  0.026  0.056
   0.43785      5.031893  0.000  0.030  0.026  0.056
   0.45116      5.028956  0.000  0.030  0.026  0.054
   0.46446      5.020884  0.000  0.028  0.024  0.052
   0.47777      5.009461  0.002  0.024  0.022  0.048
   0.49107      4.996768  0.002  0.020  0.020  0.044
   0.50438      4.984736  0.002  0.016  0.020  0.038
   0.51768      4.975051  0.004  0.012  0.018  0.034
   0.53099      4.969129  0.004  0.010  0.016  0.030
   0.54429      4.968087  0.006  0.006  0.014  0.026
   0.55760      4.972659  0.006  0.004  0.012  0.022
   0.57090      4.983121  0.006  0.002  0.012  0.020
   0.58421      4.999275  0.008  0.000  0.010  0.018
   0.59751      5.020475  0.008  0.000  0.010  0.018
   0.61082      5.045698  0.008  0.000  0.010  0.018
   0.62412      5.073568  0.006  0.000  0.010  0.016
   0.63743      5.102295  0.006  0.000  0.010  0.016
   0.65073      5.129464  0.004  0.000  0.012  0.016
   0.66404      5.151828  0.002  0.000  0.014  0.016
   0.67734      5.165871  0.000  0.000  0.014  0.016
   0.69065      5.170191  0.000  0.000  0.016  0.016
   0.69065      5.170191  0.000  0.000  0.016  0.016
   0.71726      5.160141  0.002  0.000  0.014  0.016
   0.74387      5.140300  0.008  0.002  0.010  0.020
   0.77048      5.108040  0.012  0.006  0.008  0.026
   0.79709      5.062340  0.012  0.014  0.008  0.032
   0.82370      5.021553  0.008  0.022  0.010  0.040
   0.85031      5.000575  0.004  0.026  0.014  0.044
   0.87692      5.013527  0.000  0.016  0.012  0.028
   0.90353      5.026356  0.002  0.066  0.008  0.076
   0.93014      4.934073  0.002  0.062  0.010  0.074
   0.95675      4.857194  0.000  0.028  0.004  0.032
   0.98336      4.831728  0.000  0.042  0.006  0.048
   1.00997      4.802722  0.000  0.052  0.006  0.060
   1.03658      4.764330  0.000  0.058  0.008  0.066
   1.06319      4.718483  0.000  0.059  0.010  0.068
   1.08980      4.668100  0.000  0.058  0.010  0.068
   1.11641      4.615660  0.002  0.056  0.010  0.066
   1.14302      4.563812  0.002  0.048  0.008  0.058
   1.16963      4.517578  0.004  0.031  0.006  0.042
   1.19624      4.507044  0.000  0.030  0.000  0.030
 
# Band-Index:   94
   1.19624      4.965266  0.006  0.002  0.000  0.010
   1.16963      4.968887  0.006  0.002  0.000  0.010
   1.14302      4.979726  0.006  0.002  0.000  0.010
   1.11641      4.997664  0.006  0.004  0.000  0.012
   1.08980      5.022350  0.007  0.006  0.002  0.014
   1.06319      5.052910  0.007  0.008  0.002  0.018
   1.03658      5.087303  0.008  0.012  0.004  0.023
   1.00997      5.117084  0.006  0.022  0.016  0.044
   0.98336      5.088147  0.000  0.030  0.030  0.062
   0.95675      5.064592  0.000  0.034  0.029  0.064
   0.93014      5.060327  0.000  0.038  0.028  0.064
   0.90353      5.065401  0.000  0.034  0.024  0.058
   0.87692      5.091016  0.000  0.018  0.016  0.032
   0.85031      5.153882  0.000  0.006  0.008  0.014
   0.82370      5.235552  0.000  0.002  0.004  0.006
   0.79709      5.306879  0.002  0.030  0.004  0.036
   0.77048      5.307946  0.000  0.018  0.004  0.022
   0.74387      5.317039  0.002  0.010  0.004  0.016
   0.71726      5.337238  0.004  0.006  0.002  0.012
   0.69065      5.357734  0.006  0.003  0.002  0.011
   0.69065      5.357734  0.006  0.003  0.002  0.011
   0.67734      5.353544  0.004  0.004  0.002  0.011
   0.66404      5.359652  0.002  0.004  0.004  0.012
   0.65073      5.369390  0.006  0.006  0.000  0.014
   0.63743      5.367712  0.006  0.009  0.000  0.016
   0.62412      5.364526  0.006  0.012  0.000  0.018
   0.61082      5.360964  0.006  0.018  0.000  0.022
   0.59751      5.358218  0.004  0.022  0.000  0.026
   0.58421      5.357128  0.002  0.028  0.002  0.032
   0.57090      5.356448  0.000  0.030  0.002  0.034
   0.55760      5.350262  0.000  0.020  0.004  0.024
   0.54429      5.339449  0.000  0.012  0.004  0.016
   0.53099      5.328471  0.002  0.008  0.003  0.012
   0.51768      5.318513  0.002  0.006  0.002  0.010
   0.50438      5.309869  0.002  0.004  0.002  0.009
   0.49107      5.300170  0.000  0.028  0.006  0.034
   0.47777      5.282465  0.002  0.026  0.006  0.032
   0.46446      5.267919  0.002  0.024  0.004  0.030
   0.45116      5.258166  0.002  0.022  0.004  0.028
   0.43785      5.254702  0.002  0.022  0.004  0.026
   0.43785      5.254702  0.002  0.022  0.004  0.026
   0.41481      5.228946  0.002  0.018  0.004  0.024
   0.39176      5.179679  0.002  0.018  0.004  0.022
   0.36872      5.120598  0.002  0.020  0.004  0.024
   0.34567      5.071064  0.000  0.030  0.026  0.056
   0.32263      5.091158  0.000  0.026  0.006  0.032
   0.29958      5.049647  0.002  0.030  0.014  0.046
   0.27654      5.054165  0.002  0.040  0.016  0.056
   0.25349      5.041894  0.000  0.036  0.022  0.058
   0.23045      5.048766  0.000  0.028  0.028  0.056
   0.20740      5.085182  0.002  0.026  0.028  0.056
   0.18436      5.108972  0.006  0.020  0.014  0.040
   0.16131      5.086964  0.006  0.010  0.004  0.022
   0.13827      5.058327  0.006  0.008  0.003  0.018
   0.11522      5.031467  0.006  0.006  0.002  0.016
   0.09218      5.008219  0.006  0.004  0.002  0.012
   0.06913      4.989599  0.006  0.004  0.000  0.012
   0.04609      4.976117  0.006  0.002  0.000  0.010
   0.02304      4.967982  0.006  0.002  0.000  0.010
   0.00000      4.965266  0.006  0.002  0.000  0.010
 
# Band-Index:   95
   0.00000      5.185816  0.006  0.044  0.002  0.052
   0.02304      5.179932  0.004  0.042  0.004  0.050
   0.04609      5.166255  0.004  0.038  0.006  0.048
   0.06913      5.150372  0.002  0.036  0.008  0.046
   0.09218      5.136814  0.002  0.031  0.008  0.042
   0.11522      5.129622  0.002  0.026  0.010  0.036
   0.13827      5.131548  0.000  0.022  0.010  0.032
   0.16131      5.141387  0.000  0.018  0.012  0.030
   0.18436      5.149137  0.000  0.010  0.012  0.022
   0.20740      5.171317  0.002  0.002  0.004  0.008
   0.23045      5.202386  0.000  0.030  0.028  0.058
   0.25349      5.172281  0.000  0.030  0.028  0.058
   0.27654      5.143254  0.000  0.030  0.026  0.056
   0.29958      5.116194  0.000  0.030  0.026  0.056
   0.32263      5.091900  0.000  0.030  0.026  0.056
   0.34567      5.154208  0.000  0.026  0.004  0.032
   0.36872      5.213949  0.000  0.026  0.004  0.032
   0.39176      5.264493  0.000  0.022  0.004  0.026
   0.41481      5.291110  0.002  0.010  0.004  0.016
   0.43785      5.289527  0.002  0.002  0.002  0.008
   0.43785      5.289527  0.002  0.002  0.002  0.008
   0.45116      5.290360  0.002  0.002  0.002  0.008
   0.46446      5.292850  0.002  0.002  0.002  0.008
   0.47777      5.296967  0.002  0.002  0.002  0.008
   0.49107      5.302662  0.002  0.003  0.002  0.008
   0.50438      5.319638  0.000  0.031  0.006  0.038
   0.51768      5.339676  0.000  0.036  0.006  0.042
   0.53099      5.359184  0.000  0.041  0.006  0.048
   0.54429      5.377187  0.000  0.047  0.006  0.054
   0.55760      5.378896  0.002  0.018  0.002  0.022
   0.57090      5.380523  0.002  0.004  0.002  0.010
   0.58421      5.393473  0.002  0.006  0.002  0.010
   0.59751      5.411728  0.000  0.010  0.002  0.014
   0.61082      5.429305  0.000  0.026  0.004  0.032
   0.62412      5.416639  0.000  0.012  0.006  0.018
   0.63743      5.396173  0.000  0.006  0.006  0.014
   0.65073      5.375289  0.002  0.006  0.006  0.012
   0.66404      5.368630  0.006  0.004  0.000  0.012
   0.67734      5.364816  0.006  0.004  0.002  0.011
   0.69065      5.357958  0.006  0.003  0.002  0.011
   0.69065      5.357958  0.006  0.003  0.002  0.011
   0.71726      5.376200  0.006  0.006  0.002  0.014
   0.74387      5.360232  0.002  0.030  0.002  0.032
   0.77048      5.326569  0.000  0.040  0.002  0.044
   0.79709      5.310247  0.000  0.032  0.006  0.038
   0.82370      5.286534  0.000  0.068  0.008  0.076
   0.85031      5.209543  0.000  0.066  0.010  0.076
   0.87692      5.120686  0.000  0.060  0.012  0.074
   0.90353      5.123762  0.002  0.014  0.014  0.032
   0.93014      5.211071  0.008  0.010  0.008  0.024
   0.95675      5.188909  0.008  0.008  0.008  0.022
   0.98336      5.162895  0.006  0.008  0.006  0.020
   1.00997      5.152659  0.000  0.014  0.020  0.034
   1.03658      5.144571  0.000  0.018  0.008  0.026
   1.06319      5.131110  0.000  0.022  0.009  0.032
   1.08980      5.131811  0.002  0.028  0.010  0.038
   1.11641      5.143696  0.002  0.034  0.008  0.044
   1.14302      5.161383  0.004  0.038  0.006  0.047
   1.16963      5.178167  0.004  0.042  0.004  0.050
   1.19624      5.185816  0.006  0.044  0.002  0.052
 
# Band-Index:   96
   1.19624      5.231065  0.000  0.000  0.000  0.002
   1.16963      5.236126  0.000  0.000  0.000  0.002
   1.14302      5.250887  0.000  0.004  0.000  0.004
   1.11641      5.269790  0.000  0.004  0.000  0.004
   1.08980      5.293542  0.000  0.004  0.000  0.004
   1.06319      5.278336  0.000  0.028  0.028  0.056
   1.03658      5.215041  0.000  0.026  0.028  0.054
   1.00997      5.172378  0.000  0.014  0.008  0.022
   0.98336      5.212494  0.000  0.010  0.006  0.017
   0.95675      5.260417  0.000  0.006  0.006  0.014
   0.93014      5.237721  0.004  0.020  0.012  0.036
   0.90353      5.234237  0.008  0.014  0.006  0.028
   0.87692      5.260095  0.010  0.020  0.004  0.034
   0.85031      5.284018  0.008  0.030  0.004  0.042
   0.82370      5.300504  0.008  0.037  0.002  0.047
   0.79709      5.325381  0.002  0.014  0.002  0.018
   0.77048      5.402997  0.000  0.006  0.002  0.008
   0.74387      5.459707  0.002  0.016  0.004  0.020
   0.71726      5.504095  0.000  0.040  0.004  0.044
   0.69065      5.563375  0.000  0.053  0.008  0.060
   0.69065      5.563375  0.000  0.053  0.008  0.060
   0.67734      5.550262  0.000  0.051  0.006  0.057
   0.66404      5.532779  0.000  0.050  0.006  0.057
   0.65073      5.508321  0.000  0.027  0.002  0.029
   0.63743      5.482006  0.000  0.024  0.002  0.026
   0.62412      5.456665  0.000  0.020  0.002  0.022
   0.61082      5.433034  0.000  0.015  0.002  0.018
   0.59751      5.428848  0.000  0.044  0.004  0.048
   0.58421      5.419776  0.000  0.052  0.004  0.056
   0.57090      5.407385  0.000  0.054  0.004  0.058
   0.55760      5.393204  0.000  0.052  0.006  0.058
   0.54429      5.386700  0.000  0.030  0.004  0.034
   0.53099      5.397527  0.000  0.038  0.004  0.042
   0.51768      5.396860  0.000  0.032  0.004  0.036
   0.50438      5.388182  0.000  0.037  0.002  0.040
   0.49107      5.381417  0.000  0.040  0.002  0.043
   0.47777      5.376324  0.000  0.042  0.002  0.045
   0.46446      5.372757  0.000  0.043  0.002  0.046
   0.45116      5.370642  0.000  0.044  0.002  0.047
   0.43785      5.369941  0.000  0.044  0.002  0.047
   0.43785      5.369941  0.000  0.044  0.002  0.047
   0.41481      5.355921  0.002  0.041  0.004  0.046
   0.39176      5.334688  0.004  0.040  0.004  0.048
   0.36872      5.309555  0.004  0.042  0.006  0.050
   0.34567      5.280424  0.002  0.042  0.008  0.052
   0.32263      5.256523  0.002  0.036  0.008  0.046
   0.29958      5.256591  0.002  0.022  0.010  0.032
   0.27654      5.279309  0.002  0.008  0.006  0.016
   0.25349      5.253780  0.002  0.002  0.002  0.008
   0.23045      5.210718  0.002  0.002  0.002  0.008
   0.20740      5.232577  0.000  0.031  0.028  0.060
   0.18436      5.251121  0.002  0.020  0.006  0.028
   0.16131      5.288177  0.000  0.032  0.028  0.060
   0.13827      5.308241  0.000  0.028  0.024  0.052
   0.11522      5.301665  0.000  0.004  0.000  0.004
   0.09218      5.279945  0.000  0.004  0.000  0.004
   0.06913      5.261531  0.000  0.004  0.000  0.004
   0.04609      5.246102  0.000  0.002  0.000  0.002
   0.02304      5.234873  0.000  0.000  0.000  0.002
   0.00000      5.231065  0.000  0.000  0.000  0.002
 
# Band-Index:   97
   0.00000      5.231078  0.000  0.000  0.000  0.002
   0.02304      5.235651  0.000  0.002  0.000  0.004
   0.04609      5.246623  0.000  0.004  0.000  0.004
   0.06913      5.264190  0.000  0.002  0.002  0.004
   0.09218      5.287464  0.000  0.004  0.004  0.006
   0.11522      5.308947  0.000  0.012  0.010  0.024
   0.13827      5.324482  0.000  0.004  0.002  0.006
   0.16131      5.296268  0.002  0.024  0.014  0.040
   0.18436      5.261708  0.000  0.032  0.028  0.060
   0.20740      5.257979  0.002  0.018  0.002  0.022
   0.23045      5.293631  0.002  0.018  0.002  0.020
   0.25349      5.336378  0.002  0.014  0.002  0.016
   0.27654      5.344515  0.002  0.004  0.004  0.010
   0.29958      5.374505  0.002  0.002  0.002  0.006
   0.32263      5.420222  0.002  0.002  0.002  0.006
   0.34567      5.460050  0.000  0.008  0.002  0.010
   0.36872      5.458567  0.004  0.036  0.002  0.040
   0.39176      5.439036  0.002  0.048  0.002  0.052
   0.41481      5.426098  0.000  0.060  0.004  0.064
   0.43785      5.422761  0.000  0.066  0.004  0.071
   0.43785      5.422761  0.000  0.066  0.004  0.071
   0.45116      5.422826  0.000  0.066  0.004  0.070
   0.46446      5.422868  0.000  0.065  0.004  0.070
   0.47777      5.422372  0.000  0.063  0.004  0.068
   0.49107      5.420393  0.000  0.060  0.006  0.064
   0.50438      5.415772  0.000  0.054  0.004  0.058
   0.51768      5.407912  0.000  0.046  0.004  0.051
   0.53099      5.407796  0.000  0.026  0.004  0.030
   0.54429      5.421206  0.000  0.019  0.004  0.024
   0.55760      5.436587  0.000  0.012  0.006  0.018
   0.57090      5.452179  0.000  0.008  0.006  0.014
   0.58421      5.465123  0.000  0.006  0.008  0.014
   0.59751      5.472746  0.000  0.010  0.010  0.020
   0.61082      5.477510  0.000  0.026  0.010  0.036
   0.62412      5.486441  0.000  0.042  0.008  0.050
   0.63743      5.499875  0.000  0.048  0.007  0.055
   0.65073      5.515704  0.000  0.050  0.006  0.057
   0.66404      5.534791  0.000  0.030  0.002  0.031
   0.67734      5.560451  0.000  0.032  0.002  0.034
   0.69065      5.584008  0.000  0.032  0.002  0.033
   0.69065      5.584008  0.000  0.032  0.002  0.033
   0.71726      5.575799  0.000  0.056  0.006  0.060
   0.74387      5.533808  0.000  0.054  0.006  0.062
   0.77048      5.472895  0.000  0.050  0.008  0.058
   0.79709      5.404331  0.000  0.036  0.010  0.046
   0.82370      5.366083  0.000  0.002  0.010  0.012
   0.85031      5.379929  0.000  0.002  0.010  0.012
   0.87692      5.394552  0.000  0.002  0.010  0.014
   0.90353      5.374230  0.000  0.006  0.008  0.014
   0.93014      5.324326  0.000  0.012  0.006  0.018
   0.95675      5.357254  0.006  0.034  0.008  0.048
   0.98336      5.414013  0.002  0.010  0.002  0.014
   1.00997      5.388595  0.000  0.004  0.002  0.006
   1.03658      5.354492  0.000  0.004  0.002  0.004
   1.06319      5.322035  0.000  0.004  0.000  0.004
   1.08980      5.298605  0.000  0.010  0.010  0.020
   1.11641      5.274187  0.000  0.002  0.002  0.004
   1.14302      5.250956  0.000  0.002  0.002  0.002
   1.16963      5.237035  0.000  0.002  0.000  0.004
   1.19624      5.231078  0.000  0.000  0.000  0.002
 
# Band-Index:   98
   1.19624      5.404921  0.000  0.038  0.032  0.070
   1.16963      5.402031  0.000  0.038  0.032  0.070
   1.14302      5.392929  0.000  0.038  0.032  0.068
   1.11641      5.376312  0.000  0.036  0.030  0.066
   1.08980      5.353701  0.000  0.026  0.022  0.048
   1.06319      5.363009  0.000  0.004  0.004  0.008
   1.03658      5.399057  0.000  0.004  0.004  0.008
   1.00997      5.417458  0.002  0.018  0.010  0.030
   0.98336      5.420902  0.000  0.024  0.012  0.037
   0.95675      5.435413  0.000  0.026  0.010  0.036
   0.93014      5.458524  0.002  0.009  0.008  0.018
   0.90353      5.457785  0.002  0.012  0.006  0.020
   0.87692      5.481393  0.002  0.012  0.002  0.018
   0.85031      5.535200  0.002  0.012  0.002  0.016
   0.82370      5.585246  0.000  0.010  0.004  0.013
   0.79709      5.580736  0.000  0.002  0.004  0.008
   0.77048      5.575580  0.002  0.002  0.004  0.008
   0.74387      5.581644  0.002  0.008  0.002  0.012
   0.71726      5.597507  0.000  0.025  0.004  0.029
   0.69065      5.584631  0.000  0.032  0.002  0.033
   0.69065      5.584631  0.000  0.032  0.002  0.033
   0.67734      5.588381  0.000  0.058  0.004  0.063
   0.66404      5.580548  0.000  0.058  0.004  0.063
   0.65073      5.569563  0.000  0.058  0.004  0.062
   0.63743      5.556998  0.000  0.057  0.004  0.062
   0.62412      5.543881  0.000  0.057  0.004  0.061
   0.61082      5.530841  0.000  0.056  0.004  0.060
   0.59751      5.518278  0.000  0.056  0.004  0.060
   0.58421      5.506454  0.000  0.056  0.004  0.058
   0.57090      5.495566  0.000  0.054  0.004  0.058
   0.55760      5.485779  0.000  0.054  0.002  0.056
   0.54429      5.477262  0.000  0.052  0.002  0.054
   0.53099      5.470208  0.000  0.050  0.002  0.052
   0.51768      5.464850  0.000  0.046  0.002  0.048
   0.50438      5.461379  0.000  0.042  0.002  0.044
   0.49107      5.459707  0.000  0.038  0.002  0.040
   0.47777      5.459287  0.000  0.036  0.002  0.038
   0.46446      5.459407  0.000  0.035  0.002  0.038
   0.45116      5.459602  0.000  0.034  0.002  0.038
   0.43785      5.459682  0.000  0.034  0.002  0.038
   0.43785      5.459682  0.000  0.034  0.002  0.038
   0.41481      5.478855  0.000  0.038  0.002  0.040
   0.39176      5.516834  0.002  0.008  0.002  0.010
   0.36872      5.499029  0.002  0.004  0.002  0.008
   0.34567      5.476043  0.006  0.022  0.002  0.030
   0.32263      5.462499  0.006  0.024  0.002  0.032
   0.29958      5.430583  0.004  0.024  0.002  0.030
   0.27654      5.389064  0.004  0.026  0.004  0.034
   0.25349      5.387075  0.004  0.020  0.008  0.032
   0.23045      5.417868  0.002  0.012  0.006  0.020
   0.20740      5.412013  0.002  0.010  0.002  0.012
   0.18436      5.387378  0.000  0.008  0.002  0.010
   0.16131      5.359844  0.000  0.008  0.000  0.010
   0.13827      5.369046  0.004  0.032  0.014  0.052
   0.11522      5.366430  0.000  0.024  0.020  0.046
   0.09218      5.374219  0.000  0.034  0.028  0.062
   0.06913      5.386486  0.000  0.036  0.030  0.068
   0.04609      5.396496  0.000  0.038  0.032  0.070
   0.02304      5.402787  0.000  0.038  0.032  0.070
   0.00000      5.404921  0.000  0.038  0.032  0.070
 
# Band-Index:   99
   0.00000      5.404923  0.000  0.038  0.032  0.070
   0.02304      5.405590  0.000  0.038  0.030  0.068
   0.04609      5.408046  0.002  0.034  0.026  0.062
   0.06913      5.412545  0.002  0.032  0.022  0.058
   0.09218      5.416739  0.004  0.032  0.020  0.056
   0.11522      5.409428  0.004  0.033  0.018  0.056
   0.13827      5.383282  0.000  0.008  0.006  0.014
   0.16131      5.421733  0.000  0.004  0.002  0.006
   0.18436      5.468635  0.000  0.002  0.002  0.004
   0.20740      5.520032  0.000  0.002  0.002  0.004
   0.23045      5.574053  0.000  0.002  0.002  0.002
   0.25349      5.590733  0.000  0.006  0.004  0.010
   0.27654      5.620017  0.004  0.012  0.004  0.020
   0.29958      5.632312  0.006  0.034  0.004  0.044
   0.32263      5.638696  0.004  0.034  0.004  0.042
   0.34567      5.629846  0.000  0.042  0.004  0.046
   0.36872      5.573381  0.000  0.040  0.002  0.042
   0.39176      5.521099  0.000  0.040  0.002  0.042
   0.41481      5.521008  0.000  0.014  0.002  0.018
   0.43785      5.520032  0.000  0.018  0.002  0.020
   0.43785      5.520032  0.000  0.018  0.002  0.020
   0.45116      5.521546  0.000  0.018  0.002  0.020
   0.46446      5.526048  0.000  0.018  0.002  0.020
   0.47777      5.533416  0.000  0.018  0.002  0.020
   0.49107      5.543440  0.000  0.018  0.002  0.020
   0.50438      5.555817  0.000  0.018  0.002  0.020
   0.51768      5.570108  0.000  0.016  0.003  0.020
   0.53099      5.585639  0.000  0.014  0.004  0.018
   0.54429      5.601150  0.000  0.010  0.004  0.014
   0.55760      5.608987  0.002  0.023  0.006  0.031
   0.57090      5.610285  0.002  0.024  0.006  0.032
   0.58421      5.608155  0.000  0.012  0.004  0.016
   0.59751      5.600434  0.000  0.022  0.002  0.024
   0.61082      5.600995  0.000  0.026  0.002  0.028
   0.62412      5.609556  0.000  0.026  0.002  0.028
   0.63743      5.621832  0.000  0.024  0.002  0.026
   0.65073      5.633488  0.000  0.022  0.002  0.024
   0.66404      5.638071  0.000  0.016  0.002  0.018
   0.67734      5.617882  0.000  0.026  0.002  0.030
   0.69065      5.591181  0.000  0.058  0.004  0.063
   0.69065      5.591181  0.000  0.058  0.004  0.063
   0.71726      5.623340  0.000  0.028  0.002  0.030
   0.74387      5.647143  0.002  0.019  0.002  0.022
   0.77048      5.654732  0.002  0.012  0.002  0.016
   0.79709      5.635655  0.002  0.010  0.002  0.014
   0.82370      5.591297  0.002  0.010  0.002  0.014
   0.85031      5.577991  0.000  0.024  0.002  0.026
   0.87692      5.547614  0.000  0.030  0.002  0.032
   0.90353      5.505751  0.000  0.030  0.004  0.034
   0.93014      5.465365  0.000  0.028  0.006  0.036
   0.95675      5.452713  0.002  0.010  0.008  0.018
   0.98336      5.452892  0.008  0.036  0.010  0.054
   1.00997      5.470898  0.008  0.038  0.010  0.058
   1.03658      5.464057  0.006  0.034  0.012  0.054
   1.06319      5.448542  0.006  0.032  0.014  0.052
   1.08980      5.432201  0.004  0.032  0.018  0.053
   1.11641      5.418756  0.004  0.032  0.020  0.056
   1.14302      5.409964  0.002  0.034  0.026  0.062
   1.16963      5.405880  0.000  0.037  0.030  0.068
   1.19624      5.404923  0.000  0.038  0.032  0.070
 
# Band-Index:  100
   1.19624      5.517254  0.000  0.000  0.000  0.000
   1.16963      5.524421  0.000  0.002  0.000  0.002
   1.14302      5.543414  0.000  0.004  0.002  0.006
   1.11641      5.569185  0.000  0.004  0.004  0.008
   1.08980      5.562373  0.006  0.026  0.014  0.046
   1.06319      5.506413  0.004  0.030  0.016  0.050
   1.03658      5.474907  0.002  0.028  0.016  0.046
   1.00997      5.487439  0.000  0.014  0.006  0.022
   0.98336      5.535367  0.000  0.008  0.004  0.012
   0.95675      5.591336  0.000  0.008  0.002  0.010
   0.93014      5.633577  0.000  0.003  0.004  0.006
   0.90353      5.683071  0.000  0.004  0.002  0.006
   0.87692      5.709289  0.002  0.002  0.006  0.010
   0.85031      5.698969  0.000  0.006  0.008  0.014
   0.82370      5.704719  0.000  0.018  0.006  0.026
   0.79709      5.714703  0.000  0.032  0.006  0.038
   0.77048      5.699178  0.000  0.044  0.006  0.049
   0.74387      5.666705  0.000  0.049  0.004  0.054
   0.71726      5.646717  0.000  0.037  0.002  0.040
   0.69065      5.660853  0.000  0.031  0.002  0.032
   0.69065      5.660853  0.000  0.031  0.002  0.032
   0.67734      5.656804  0.000  0.026  0.002  0.027
   0.66404      5.653146  0.000  0.023  0.002  0.025
   0.65073      5.648506  0.002  0.022  0.002  0.026
   0.63743      5.642334  0.002  0.023  0.002  0.027
   0.62412      5.635053  0.002  0.024  0.004  0.028
   0.61082      5.627438  0.002  0.024  0.004  0.030
   0.59751      5.620280  0.002  0.024  0.004  0.032
   0.58421      5.614322  0.002  0.024  0.005  0.032
   0.57090      5.616267  0.000  0.002  0.004  0.006
   0.55760      5.613585  0.000  0.003  0.004  0.008
   0.54429      5.611329  0.002  0.022  0.007  0.030
   0.53099      5.618199  0.002  0.020  0.008  0.028
   0.51768      5.630210  0.000  0.018  0.008  0.026
   0.50438      5.647183  0.000  0.015  0.010  0.024
   0.49107      5.667779  0.000  0.012  0.010  0.022
   0.47777      5.689408  0.000  0.010  0.008  0.020
   0.46446      5.708332  0.000  0.008  0.008  0.016
   0.45116      5.720643  0.000  0.005  0.006  0.012
   0.43785      5.724691  0.002  0.004  0.006  0.011
   0.43785      5.724691  0.002  0.004  0.006  0.011
   0.41481      5.723291  0.002  0.010  0.004  0.014
   0.39176      5.709523  0.000  0.020  0.002  0.022
   0.36872      5.683884  0.000  0.024  0.002  0.026
   0.34567      5.660950  0.002  0.023  0.002  0.026
   0.32263      5.698329  0.002  0.030  0.002  0.032
   0.29958      5.663550  0.000  0.014  0.000  0.014
   0.27654      5.629260  0.006  0.034  0.002  0.040
   0.25349      5.619797  0.010  0.040  0.002  0.050
   0.23045      5.574890  0.002  0.010  0.008  0.020
   0.20740      5.558421  0.004  0.020  0.010  0.034
   0.18436      5.537500  0.006  0.022  0.010  0.036
   0.16131      5.518202  0.006  0.022  0.010  0.038
   0.13827      5.508566  0.004  0.020  0.010  0.036
   0.11522      5.526443  0.004  0.018  0.010  0.032
   0.09218      5.563121  0.002  0.010  0.006  0.018
   0.06913      5.556703  0.000  0.004  0.002  0.008
   0.04609      5.537332  0.000  0.002  0.002  0.006
   0.02304      5.522674  0.000  0.000  0.000  0.002
   0.00000      5.517254  0.000  0.000  0.000  0.000
 
# Band-Index:  101
   0.00000      5.592935  0.000  0.002  0.000  0.002
   0.02304      5.596793  0.000  0.002  0.000  0.002
   0.04609      5.608215  0.000  0.002  0.000  0.002
   0.06913      5.626446  0.000  0.004  0.000  0.004
   0.09218      5.615168  0.004  0.018  0.010  0.032
   0.11522      5.626101  0.002  0.010  0.006  0.016
   0.13827      5.649782  0.000  0.008  0.004  0.012
   0.16131      5.671204  0.000  0.004  0.004  0.010
   0.18436      5.683130  0.002  0.002  0.004  0.008
   0.20740      5.661580  0.008  0.014  0.004  0.026
   0.23045      5.624496  0.010  0.032  0.002  0.042
   0.25349      5.629126  0.000  0.002  0.002  0.004
   0.27654      5.683365  0.000  0.002  0.002  0.004
   0.29958      5.733291  0.000  0.002  0.004  0.006
   0.32263      5.707530  0.000  0.016  0.002  0.018
   0.34567      5.738267  0.000  0.022  0.000  0.024
   0.36872      5.751244  0.002  0.030  0.002  0.032
   0.39176      5.747352  0.002  0.036  0.002  0.040
   0.41481      5.737996  0.002  0.037  0.002  0.043
   0.43785      5.735431  0.002  0.039  0.002  0.043
   0.43785      5.735431  0.002  0.039  0.002  0.043
   0.45116      5.735504  0.002  0.039  0.002  0.043
   0.46446      5.735599  0.002  0.039  0.002  0.044
   0.47777      5.735303  0.002  0.040  0.002  0.044
   0.49107      5.733819  0.002  0.040  0.002  0.046
   0.50438      5.729933  0.002  0.042  0.002  0.048
   0.51768      5.722374  0.002  0.044  0.004  0.050
   0.53099      5.710687  0.002  0.046  0.004  0.052
   0.54429      5.696088  0.002  0.052  0.004  0.058
   0.55760      5.682525  0.002  0.060  0.004  0.065
   0.57090      5.678360  0.000  0.064  0.004  0.068
   0.58421      5.687543  0.000  0.058  0.004  0.062
   0.59751      5.703067  0.000  0.052  0.004  0.054
   0.61082      5.719527  0.000  0.048  0.004  0.052
   0.62412      5.733219  0.000  0.044  0.002  0.048
   0.63743      5.735982  0.000  0.044  0.002  0.046
   0.65073      5.714359  0.000  0.048  0.004  0.051
   0.66404      5.681723  0.000  0.053  0.004  0.057
   0.67734      5.665709  0.000  0.041  0.002  0.043
   0.69065      5.661612  0.000  0.031  0.002  0.033
   0.69065      5.661612  0.000  0.031  0.002  0.033
   0.71726      5.679208  0.000  0.043  0.002  0.045
   0.74387      5.711534  0.000  0.048  0.002  0.050
   0.77048      5.749392  0.000  0.044  0.004  0.046
   0.79709      5.783397  0.002  0.032  0.004  0.036
   0.82370      5.811871  0.002  0.022  0.004  0.028
   0.85031      5.809696  0.000  0.004  0.002  0.006
   0.87692      5.743918  0.000  0.004  0.002  0.004
   0.90353      5.693314  0.000  0.006  0.004  0.010
   0.93014      5.646798  0.000  0.006  0.002  0.010
   0.95675      5.605579  0.000  0.002  0.007  0.008
   0.98336      5.618977  0.000  0.000  0.010  0.012
   1.00997      5.662676  0.000  0.002  0.006  0.008
   1.03658      5.647633  0.000  0.002  0.002  0.006
   1.06319      5.623674  0.000  0.004  0.004  0.008
   1.08980      5.597061  0.000  0.006  0.004  0.008
   1.11641      5.624704  0.006  0.020  0.010  0.036
   1.14302      5.613191  0.000  0.002  0.000  0.002
   1.16963      5.598073  0.000  0.002  0.000  0.002
   1.19624      5.592935  0.000  0.002  0.000  0.002
 
# Band-Index:  102
   1.19624      5.701248  0.004  0.000  0.006  0.008
   1.16963      5.697050  0.004  0.002  0.006  0.012
   1.14302      5.675977  0.006  0.008  0.008  0.022
   1.11641      5.640065  0.000  0.000  0.002  0.002
   1.08980      5.671479  0.000  0.002  0.000  0.002
   1.06319      5.710910  0.000  0.002  0.000  0.002
   1.03658      5.754490  0.000  0.002  0.000  0.002
   1.00997      5.711202  0.004  0.006  0.009  0.020
   0.98336      5.714076  0.004  0.002  0.002  0.008
   0.95675      5.749374  0.004  0.002  0.002  0.008
   0.93014      5.790360  0.004  0.004  0.002  0.012
   0.90353      5.819055  0.004  0.016  0.002  0.021
   0.87692      5.811552  0.002  0.022  0.000  0.024
   0.85031      5.834662  0.000  0.030  0.000  0.031
   0.82370      5.839360  0.000  0.051  0.002  0.053
   0.79709      5.815193  0.000  0.052  0.002  0.054
   0.77048      5.804976  0.000  0.056  0.002  0.058
   0.74387      5.798393  0.000  0.060  0.004  0.064
   0.71726      5.793442  0.000  0.060  0.004  0.065
   0.69065      5.794942  0.001  0.055  0.005  0.060
   0.69065      5.794942  0.001  0.055  0.005  0.060
   0.67734      5.795400  0.001  0.053  0.005  0.058
   0.66404      5.792537  0.000  0.051  0.005  0.057
   0.65073      5.788291  0.000  0.052  0.006  0.058
   0.63743      5.793393  0.000  0.052  0.006  0.058
   0.62412      5.814076  0.000  0.045  0.006  0.052
   0.61082      5.829800  0.000  0.034  0.004  0.039
   0.59751      5.831871  0.000  0.026  0.004  0.030
   0.58421      5.826528  0.000  0.022  0.002  0.024
   0.57090      5.819107  0.000  0.020  0.002  0.022
   0.55760      5.811842  0.000  0.018  0.002  0.022
   0.54429      5.805783  0.000  0.017  0.002  0.020
   0.53099      5.801620  0.000  0.016  0.002  0.018
   0.51768      5.799688  0.000  0.010  0.002  0.014
   0.50438      5.792251  0.002  0.002  0.004  0.006
   0.49107      5.786291  0.002  0.002  0.004  0.008
   0.47777      5.782998  0.002  0.002  0.004  0.008
   0.46446      5.783227  0.002  0.002  0.006  0.010
   0.45116      5.786576  0.000  0.004  0.010  0.012
   0.43785      5.788883  0.000  0.002  0.010  0.014
   0.43785      5.788883  0.000  0.002  0.010  0.014
   0.41481      5.789128  0.000  0.002  0.010  0.014
   0.39176      5.789621  0.000  0.004  0.010  0.014
   0.36872      5.789434  0.000  0.004  0.010  0.014
   0.34567      5.785761  0.000  0.004  0.010  0.014
   0.32263      5.770157  0.000  0.004  0.006  0.010
   0.29958      5.759562  0.004  0.014  0.002  0.018
   0.27654      5.767434  0.002  0.002  0.000  0.004
   0.25349      5.754808  0.002  0.004  0.000  0.006
   0.23045      5.742203  0.002  0.008  0.000  0.010
   0.20740      5.736130  0.004  0.016  0.000  0.020
   0.18436      5.763808  0.008  0.026  0.002  0.036
   0.16131      5.758835  0.000  0.002  0.000  0.002
   0.13827      5.719932  0.000  0.002  0.000  0.002
   0.11522      5.684035  0.000  0.002  0.000  0.002
   0.09218      5.653008  0.000  0.002  0.000  0.002
   0.06913      5.651391  0.006  0.014  0.010  0.030
   0.04609      5.684287  0.004  0.006  0.008  0.018
   0.02304      5.698242  0.004  0.002  0.006  0.010
   0.00000      5.701248  0.004  0.000  0.006  0.008
 
# Band-Index:  103
   0.00000      5.774133  0.004  0.020  0.006  0.030
   0.02304      5.769266  0.002  0.014  0.006  0.022
   0.04609      5.762175  0.000  0.012  0.006  0.020
   0.06913      5.761275  0.000  0.010  0.006  0.016
   0.09218      5.769212  0.000  0.006  0.004  0.012
   0.11522      5.783734  0.000  0.004  0.004  0.008
   0.13827      5.798126  0.000  0.002  0.008  0.010
   0.16131      5.804099  0.000  0.004  0.008  0.010
   0.18436      5.798255  0.000  0.004  0.000  0.004
   0.20740      5.815323  0.000  0.004  0.008  0.012
   0.23045      5.819448  0.000  0.004  0.008  0.012
   0.25349      5.822356  0.000  0.002  0.010  0.012
   0.27654      5.824883  0.000  0.002  0.010  0.012
   0.29958      5.794706  0.000  0.022  0.000  0.022
   0.32263      5.799050  0.000  0.010  0.000  0.012
   0.34567      5.808296  0.000  0.012  0.002  0.014
   0.36872      5.807250  0.002  0.028  0.004  0.034
   0.39176      5.795252  0.000  0.018  0.004  0.024
   0.41481      5.800699  0.000  0.012  0.004  0.016
   0.43785      5.808407  0.000  0.008  0.002  0.010
   0.43785      5.808407  0.000  0.008  0.002  0.010
   0.45116      5.808009  0.000  0.008  0.002  0.010
   0.46446      5.806804  0.000  0.008  0.002  0.010
   0.47777      5.804837  0.000  0.008  0.003  0.012
   0.49107      5.802426  0.000  0.010  0.002  0.012
   0.50438      5.800385  0.000  0.012  0.002  0.014
   0.51768      5.800315  0.002  0.004  0.002  0.009
   0.53099      5.809440  0.002  0.002  0.002  0.008
   0.54429      5.819538  0.002  0.002  0.004  0.008
   0.55760      5.829896  0.002  0.003  0.004  0.008
   0.57090      5.839853  0.002  0.004  0.004  0.010
   0.58421      5.848687  0.002  0.004  0.004  0.011
   0.59751      5.855671  0.002  0.006  0.006  0.012
   0.61082      5.860186  0.002  0.007  0.006  0.014
   0.62412      5.857824  0.000  0.050  0.004  0.054
   0.63743      5.835020  0.000  0.052  0.004  0.056
   0.65073      5.816083  0.000  0.056  0.004  0.060
   0.66404      5.802906  0.000  0.057  0.004  0.063
   0.67734      5.796412  0.000  0.057  0.005  0.062
   0.69065      5.795737  0.001  0.054  0.005  0.060
   0.69065      5.795737  0.001  0.054  0.005  0.060
   0.71726      5.802496  0.000  0.049  0.004  0.054
   0.74387      5.806631  0.000  0.047  0.004  0.052
   0.77048      5.806138  0.000  0.048  0.004  0.052
   0.79709      5.823005  0.000  0.052  0.004  0.054
   0.82370      5.859249  0.000  0.045  0.002  0.047
   0.85031      5.838593  0.004  0.015  0.004  0.023
   0.87692      5.844877  0.006  0.010  0.004  0.019
   0.90353      5.827239  0.006  0.006  0.002  0.014
   0.93014      5.844270  0.004  0.010  0.002  0.016
   0.95675      5.851209  0.004  0.004  0.002  0.010
   0.98336      5.833736  0.002  0.002  0.000  0.004
   1.00997      5.798105  0.000  0.000  0.000  0.002
   1.03658      5.786319  0.004  0.008  0.012  0.024
   1.06319      5.794367  0.000  0.002  0.002  0.004
   1.08980      5.775854  0.000  0.004  0.004  0.008
   1.11641      5.763383  0.000  0.008  0.006  0.012
   1.14302      5.760758  0.000  0.012  0.006  0.018
   1.16963      5.768124  0.002  0.014  0.006  0.022
   1.19624      5.774133  0.004  0.020  0.006  0.030
 
# Band-Index:  104
   1.19624      5.775088  0.000  0.002  0.006  0.008
   1.16963      5.776519  0.000  0.002  0.006  0.008
   1.14302      5.780376  0.000  0.002  0.006  0.008
   1.11641      5.786275  0.000  0.002  0.006  0.008
   1.08980      5.795043  0.000  0.002  0.006  0.010
   1.06319      5.806367  0.000  0.002  0.008  0.010
   1.03658      5.816455  0.002  0.000  0.000  0.004
   1.00997      5.840921  0.002  0.002  0.000  0.006
   0.98336      5.869202  0.002  0.005  0.000  0.008
   0.95675      5.900292  0.000  0.006  0.002  0.010
   0.93014      5.925889  0.000  0.010  0.004  0.014
   0.90353      5.939775  0.000  0.017  0.004  0.021
   0.87692      5.930645  0.000  0.028  0.002  0.030
   0.85031      5.899808  0.000  0.030  0.002  0.032
   0.82370      5.880391  0.000  0.015  0.002  0.018
   0.79709      5.885316  0.000  0.016  0.002  0.020
   0.77048      5.890992  0.000  0.014  0.002  0.016
   0.74387      5.884846  0.000  0.010  0.008  0.018
   0.71726      5.856524  0.000  0.008  0.010  0.016
   0.69065      5.847007  0.000  0.006  0.010  0.016
   0.69065      5.847007  0.000  0.006  0.010  0.016
   0.67734      5.848788  0.000  0.006  0.010  0.016
   0.66404      5.852896  0.000  0.006  0.010  0.016
   0.65073      5.857428  0.000  0.008  0.008  0.016
   0.63743      5.860789  0.000  0.008  0.008  0.016
   0.62412      5.861927  0.002  0.004  0.008  0.013
   0.61082      5.882379  0.000  0.043  0.004  0.047
   0.59751      5.906330  0.000  0.040  0.004  0.044
   0.58421      5.927167  0.000  0.018  0.004  0.021
   0.57090      5.927191  0.000  0.014  0.004  0.018
   0.55760      5.924997  0.000  0.012  0.004  0.016
   0.54429      5.921812  0.000  0.012  0.004  0.016
   0.53099      5.918394  0.000  0.012  0.004  0.016
   0.51768      5.915301  0.000  0.014  0.004  0.018
   0.50438      5.912932  0.000  0.014  0.004  0.020
   0.49107      5.911486  0.000  0.016  0.004  0.022
   0.47777      5.910910  0.000  0.018  0.006  0.024
   0.46446      5.910924  0.002  0.019  0.006  0.025
   0.45116      5.903319  0.000  0.033  0.002  0.035
   0.43785      5.898152  0.000  0.036  0.002  0.038
   0.43785      5.898152  0.000  0.036  0.002  0.038
   0.41481      5.891086  0.000  0.014  0.002  0.018
   0.39176      5.866166  0.000  0.013  0.002  0.016
   0.36872      5.841340  0.000  0.015  0.002  0.018
   0.34567      5.845576  0.002  0.038  0.004  0.044
   0.32263      5.846078  0.000  0.000  0.006  0.006
   0.29958      5.829953  0.000  0.002  0.008  0.010
   0.27654      5.831421  0.002  0.028  0.002  0.032
   0.25349      5.865543  0.002  0.020  0.002  0.024
   0.23045      5.862476  0.000  0.006  0.002  0.008
   0.20740      5.834624  0.000  0.004  0.000  0.004
   0.18436      5.810037  0.000  0.004  0.008  0.012
   0.16131      5.813710  0.006  0.012  0.004  0.022
   0.13827      5.803154  0.000  0.002  0.002  0.006
   0.11522      5.792566  0.000  0.002  0.006  0.010
   0.09218      5.787554  0.000  0.002  0.006  0.010
   0.06913      5.783023  0.000  0.002  0.006  0.008
   0.04609      5.779054  0.000  0.002  0.006  0.008
   0.02304      5.776166  0.000  0.002  0.006  0.008
   0.00000      5.775088  0.000  0.002  0.006  0.008
 
# Band-Index:  105
   0.00000      5.775089  0.000  0.002  0.006  0.008
   0.02304      5.777462  0.002  0.010  0.006  0.018
   0.04609      5.780922  0.004  0.012  0.006  0.020
   0.06913      5.786503  0.004  0.012  0.006  0.022
   0.09218      5.794797  0.002  0.014  0.006  0.024
   0.11522      5.806171  0.002  0.014  0.008  0.024
   0.13827      5.820696  0.002  0.016  0.008  0.026
   0.16131      5.835092  0.003  0.010  0.002  0.016
   0.18436      5.856015  0.002  0.010  0.004  0.016
   0.20740      5.874157  0.004  0.014  0.004  0.022
   0.23045      5.884908  0.004  0.014  0.002  0.020
   0.25349      5.890455  0.002  0.010  0.002  0.012
   0.27654      5.894217  0.000  0.014  0.002  0.016
   0.29958      5.887350  0.000  0.024  0.002  0.028
   0.32263      5.869791  0.002  0.036  0.002  0.040
   0.34567      5.881381  0.000  0.000  0.002  0.002
   0.36872      5.904433  0.000  0.008  0.004  0.014
   0.39176      5.907748  0.000  0.010  0.004  0.014
   0.41481      5.910949  0.000  0.024  0.004  0.028
   0.43785      5.911268  0.002  0.020  0.006  0.026
   0.43785      5.911268  0.002  0.020  0.006  0.026
   0.45116      5.911152  0.002  0.020  0.006  0.026
   0.46446      5.913258  0.000  0.017  0.002  0.019
   0.47777      5.920420  0.000  0.006  0.002  0.008
   0.49107      5.927366  0.000  0.004  0.002  0.006
   0.50438      5.935419  0.000  0.004  0.002  0.008
   0.51768      5.944503  0.000  0.006  0.002  0.008
   0.53099      5.953667  0.000  0.010  0.002  0.014
   0.54429      5.959418  0.000  0.020  0.002  0.024
   0.55760      5.956255  0.000  0.030  0.002  0.034
   0.57090      5.944891  0.000  0.034  0.004  0.038
   0.58421      5.927740  0.000  0.036  0.004  0.040
   0.59751      5.922900  0.000  0.022  0.004  0.026
   0.61082      5.914516  0.000  0.023  0.004  0.026
   0.62412      5.911226  0.000  0.016  0.002  0.019
   0.63743      5.916950  0.000  0.010  0.002  0.012
   0.65073      5.925132  0.000  0.004  0.000  0.006
   0.66404      5.927263  0.000  0.000  0.000  0.000
   0.67734      5.924487  0.000  0.000  0.000  0.000
   0.69065      5.923067  0.000  0.000  0.000  0.002
   0.69065      5.923067  0.000  0.000  0.000  0.002
   0.71726      5.922830  0.000  0.000  0.000  0.000
   0.74387      5.907245  0.000  0.006  0.002  0.008
   0.77048      5.923502  0.000  0.014  0.006  0.022
   0.79709      5.955659  0.000  0.008  0.004  0.012
   0.82370      5.889990  0.000  0.008  0.002  0.010
   0.85031      5.911347  0.000  0.047  0.002  0.049
   0.87692      5.950260  0.000  0.037  0.002  0.038
   0.90353      5.942719  0.000  0.019  0.002  0.021
   0.93014      5.928872  0.000  0.016  0.002  0.018
   0.95675      5.911943  0.002  0.012  0.002  0.016
   0.98336      5.890024  0.002  0.012  0.002  0.016
   1.00997      5.864579  0.002  0.017  0.008  0.027
   1.03658      5.838138  0.002  0.018  0.008  0.029
   1.06319      5.817181  0.002  0.018  0.008  0.028
   1.08980      5.801353  0.002  0.016  0.008  0.026
   1.11641      5.789949  0.004  0.014  0.006  0.022
   1.14302      5.782378  0.004  0.012  0.006  0.020
   1.16963      5.777895  0.002  0.012  0.006  0.020
   1.19624      5.775089  0.000  0.002  0.006  0.008
 
# Band-Index:  106
   1.19624      5.869491  0.000  0.000  0.004  0.004
   1.16963      5.872286  0.000  0.000  0.004  0.004
   1.14302      5.881537  0.000  0.000  0.004  0.004
   1.11641      5.898199  0.000  0.002  0.004  0.006
   1.08980      5.916575  0.002  0.006  0.006  0.014
   1.06319      5.890206  0.008  0.020  0.008  0.034
   1.03658      5.848770  0.004  0.014  0.004  0.022
   1.00997      5.865710  0.002  0.011  0.004  0.016
   0.98336      5.895792  0.000  0.016  0.008  0.024
   0.95675      5.930373  0.000  0.014  0.004  0.020
   0.93014      5.965163  0.000  0.010  0.002  0.014
   0.90353      5.994899  0.000  0.008  0.002  0.010
   0.87692      5.982560  0.000  0.022  0.002  0.026
   0.85031      5.994368  0.002  0.020  0.002  0.024
   0.82370      5.992275  0.002  0.022  0.004  0.028
   0.79709      5.968248  0.000  0.014  0.002  0.018
   0.77048      6.002892  0.000  0.024  0.002  0.026
   0.74387      5.978792  0.000  0.018  0.002  0.020
   0.71726      5.963201  0.000  0.016  0.002  0.018
   0.69065      5.964428  0.000  0.012  0.002  0.014
   0.69065      5.964428  0.000  0.012  0.002  0.014
   0.67734      5.961683  0.000  0.014  0.002  0.016
   0.66404      5.954570  0.000  0.014  0.002  0.016
   0.65073      5.950463  0.000  0.010  0.002  0.012
   0.63743      5.952842  0.000  0.006  0.000  0.006
   0.62412      5.957923  0.000  0.004  0.000  0.004
   0.61082      5.966875  0.000  0.004  0.000  0.006
   0.59751      5.985139  0.000  0.010  0.002  0.012
   0.58421      6.013420  0.000  0.016  0.004  0.020
   0.57090      6.007069  0.000  0.004  0.002  0.008
   0.55760      5.993171  0.000  0.008  0.002  0.010
   0.54429      5.983926  0.000  0.017  0.004  0.020
   0.53099      5.980027  0.000  0.028  0.004  0.032
   0.51768      5.975842  0.000  0.034  0.004  0.038
   0.50438      5.967728  0.000  0.036  0.004  0.040
   0.49107      5.955159  0.000  0.036  0.004  0.040
   0.47777      5.939553  0.000  0.034  0.004  0.038
   0.46446      5.924845  0.000  0.024  0.004  0.028
   0.45116      5.917631  0.000  0.008  0.002  0.012
   0.43785      5.915971  0.000  0.006  0.002  0.008
   0.43785      5.915971  0.000  0.006  0.002  0.008
   0.41481      5.923601  0.000  0.016  0.002  0.020
   0.39176      5.951713  0.000  0.018  0.002  0.022
   0.36872      5.926458  0.000  0.000  0.002  0.002
   0.34567      5.913609  0.000  0.010  0.004  0.016
   0.32263      5.938056  0.002  0.018  0.004  0.022
   0.29958      5.972242  0.002  0.022  0.004  0.026
   0.27654      5.990543  0.000  0.012  0.004  0.016
   0.25349      5.965223  0.000  0.012  0.004  0.016
   0.23045      5.931309  0.000  0.010  0.004  0.014
   0.20740      5.896392  0.000  0.010  0.004  0.014
   0.18436      5.864061  0.000  0.012  0.006  0.019
   0.16131      5.842482  0.003  0.020  0.008  0.031
   0.13827      5.871681  0.006  0.016  0.006  0.028
   0.11522      5.893661  0.004  0.008  0.006  0.018
   0.09218      5.894874  0.002  0.004  0.006  0.010
   0.06913      5.886581  0.000  0.002  0.004  0.006
   0.04609      5.877550  0.000  0.000  0.004  0.004
   0.02304      5.871524  0.000  0.000  0.004  0.004
   0.00000      5.869491  0.000  0.000  0.004  0.004
 
# Band-Index:  107
   0.00000      5.869493  0.000  0.000  0.004  0.004
   0.02304      5.872321  0.000  0.000  0.004  0.004
   0.04609      5.881219  0.000  0.000  0.004  0.004
   0.06913      5.897059  0.000  0.000  0.004  0.004
   0.09218      5.920459  0.000  0.000  0.002  0.004
   0.11522      5.949860  0.000  0.006  0.002  0.008
   0.13827      5.964096  0.000  0.002  0.002  0.004
   0.16131      5.980322  0.000  0.002  0.004  0.008
   0.18436      5.995571  0.000  0.004  0.006  0.012
   0.20740      6.013945  0.000  0.002  0.006  0.010
   0.23045      6.030986  0.000  0.008  0.006  0.014
   0.25349      6.025731  0.000  0.020  0.004  0.024
   0.27654      6.010826  0.002  0.025  0.004  0.030
   0.29958      6.018631  0.000  0.018  0.004  0.024
   0.32263      6.026321  0.000  0.013  0.004  0.018
   0.34567      6.018290  0.000  0.008  0.002  0.012
   0.36872      5.988405  0.000  0.012  0.002  0.014
   0.39176      5.972670  0.000  0.002  0.002  0.002
   0.41481      6.016814  0.000  0.002  0.002  0.002
   0.43785      6.037136  0.000  0.006  0.000  0.006
   0.43785      6.037136  0.000  0.006  0.000  0.006
   0.45116      6.037552  0.000  0.006  0.000  0.006
   0.46446      6.038890  0.000  0.004  0.000  0.006
   0.47777      6.041433  0.000  0.004  0.000  0.004
   0.49107      6.045652  0.000  0.002  0.000  0.004
   0.50438      6.052017  0.000  0.002  0.000  0.004
   0.51768      6.060517  0.000  0.002  0.002  0.004
   0.53099      6.070350  0.000  0.004  0.002  0.005
   0.54429      6.080432  0.000  0.006  0.002  0.006
   0.55760      6.071483  0.000  0.010  0.004  0.014
   0.57090      6.044674  0.000  0.016  0.004  0.020
   0.58421      6.023410  0.000  0.004  0.002  0.008
   0.59751      6.041201  0.000  0.004  0.004  0.008
   0.61082      6.059364  0.000  0.007  0.004  0.010
   0.62412      6.074396  0.000  0.014  0.004  0.019
   0.63743      6.078349  0.000  0.024  0.004  0.028
   0.65073      6.071282  0.000  0.003  0.002  0.005
   0.66404      6.053363  0.000  0.005  0.002  0.006
   0.67734      6.045268  0.000  0.008  0.002  0.010
   0.69065      6.048955  0.000  0.012  0.002  0.015
   0.69065      6.048955  0.000  0.012  0.002  0.015
   0.71726      6.032000  0.000  0.006  0.002  0.007
   0.74387      6.027756  0.000  0.002  0.000  0.004
   0.77048      6.031613  0.000  0.002  0.000  0.002
   0.79709      6.024286  0.000  0.034  0.004  0.038
   0.82370      6.027855  0.000  0.032  0.006  0.038
   0.85031      6.017012  0.000  0.022  0.006  0.028
   0.87692      6.006348  0.000  0.016  0.006  0.022
   0.90353      6.007885  0.000  0.016  0.004  0.018
   0.93014      6.003447  0.000  0.012  0.002  0.014
   0.95675      6.000934  0.000  0.008  0.002  0.010
   0.98336      5.992764  0.000  0.004  0.002  0.006
   1.00997      5.975203  0.000  0.004  0.004  0.008
   1.03658      5.956188  0.000  0.006  0.004  0.010
   1.06319      5.938901  0.000  0.006  0.004  0.012
   1.08980      5.920799  0.000  0.004  0.004  0.008
   1.11641      5.900937  0.000  0.002  0.004  0.006
   1.14302      5.884073  0.000  0.000  0.004  0.004
   1.16963      5.873200  0.000  0.000  0.004  0.004
   1.19624      5.869493  0.000  0.000  0.004  0.004
 
# Band-Index:  108
   1.19624      6.002993  0.010  0.062  0.004  0.078
   1.16963      5.989609  0.008  0.054  0.004  0.068
   1.14302      5.964991  0.006  0.038  0.004  0.048
   1.11641      5.949678  0.002  0.024  0.004  0.030
   1.08980      5.949820  0.000  0.012  0.002  0.014
   1.06319      5.965348  0.000  0.002  0.002  0.004
   1.03658      5.989525  0.000  0.000  0.002  0.002
   1.00997      6.013332  0.000  0.000  0.002  0.004
   0.98336      6.032786  0.000  0.002  0.004  0.006
   0.95675      6.053553  0.000  0.002  0.006  0.010
   0.93014      6.057255  0.000  0.024  0.004  0.028
   0.90353      6.016752  0.000  0.030  0.004  0.034
   0.87692      6.028351  0.000  0.006  0.000  0.008
   0.85031      6.052341  0.000  0.004  0.000  0.004
   0.82370      6.070130  0.000  0.002  0.000  0.002
   0.79709      6.071894  0.000  0.004  0.000  0.004
   0.77048      6.045242  0.000  0.002  0.000  0.004
   0.74387      6.097913  0.000  0.002  0.000  0.004
   0.71726      6.082502  0.000  0.018  0.002  0.020
   0.69065      6.049538  0.000  0.012  0.002  0.015
   0.69065      6.049538  0.000  0.012  0.002  0.015
   0.67734      6.058736  0.000  0.016  0.002  0.018
   0.66404      6.067274  0.000  0.020  0.002  0.022
   0.65073      6.074231  0.000  0.023  0.004  0.026
   0.63743      6.095296  0.000  0.004  0.002  0.006
   0.62412      6.101981  0.000  0.016  0.000  0.016
   0.61082      6.101795  0.000  0.022  0.002  0.024
   0.59751      6.103826  0.000  0.022  0.002  0.024
   0.58421      6.103033  0.000  0.016  0.002  0.018
   0.57090      6.097978  0.000  0.010  0.002  0.012
   0.55760      6.089940  0.000  0.007  0.002  0.008
   0.54429      6.086250  0.000  0.002  0.002  0.006
   0.53099      6.087183  0.000  0.002  0.002  0.004
   0.51768      6.081941  0.000  0.002  0.001  0.003
   0.50438      6.073990  0.000  0.000  0.000  0.001
   0.49107      6.067488  0.000  0.000  0.000  0.001
   0.47777      6.062520  0.000  0.001  0.000  0.001
   0.46446      6.059001  0.000  0.001  0.000  0.001
   0.45116      6.056893  0.000  0.001  0.000  0.001
   0.43785      6.056191  0.000  0.001  0.000  0.001
   0.43785      6.056191  0.000  0.001  0.000  0.001
   0.41481      6.045020  0.000  0.008  0.000  0.010
   0.39176      6.059654  0.000  0.010  0.002  0.012
   0.36872      6.069647  0.000  0.012  0.002  0.016
   0.34567      6.079896  0.000  0.012  0.002  0.014
   0.32263      6.099925  0.000  0.006  0.004  0.010
   0.29958      6.086164  0.000  0.006  0.008  0.014
   0.27654      6.078346  0.000  0.006  0.008  0.016
   0.25349      6.062043  0.000  0.002  0.008  0.010
   0.23045      6.041761  0.000  0.004  0.006  0.010
   0.20740      6.026717  0.000  0.004  0.002  0.006
   0.18436      6.007811  0.000  0.004  0.002  0.006
   0.16131      5.990486  0.002  0.008  0.004  0.014
   0.13827      5.986840  0.004  0.018  0.006  0.028
   0.11522      5.951368  0.000  0.000  0.002  0.002
   0.09218      5.944973  0.002  0.015  0.002  0.019
   0.06913      5.952686  0.004  0.028  0.004  0.036
   0.04609      5.970978  0.006  0.042  0.004  0.054
   0.02304      5.992620  0.008  0.056  0.004  0.070
   0.00000      6.002993  0.010  0.062  0.004  0.078
 
# Band-Index:  109
   0.00000      6.059793  0.008  0.008  0.016  0.032
   0.02304      6.058295  0.008  0.010  0.016  0.034
   0.04609      6.052999  0.008  0.010  0.016  0.034
   0.06913      6.042125  0.008  0.014  0.014  0.036
   0.09218      6.024134  0.008  0.018  0.012  0.040
   0.11522      6.001685  0.008  0.022  0.010  0.038
   0.13827      5.989125  0.000  0.000  0.002  0.002
   0.16131      6.032506  0.000  0.000  0.002  0.002
   0.18436      6.079062  0.000  0.000  0.002  0.002
   0.20740      6.122284  0.000  0.000  0.002  0.002
   0.23045      6.125044  0.000  0.014  0.004  0.018
   0.25349      6.126735  0.000  0.016  0.002  0.018
   0.27654      6.120440  0.000  0.016  0.002  0.018
   0.29958      6.117583  0.000  0.002  0.004  0.006
   0.32263      6.104021  0.000  0.002  0.006  0.008
   0.34567      6.119025  0.000  0.002  0.006  0.010
   0.36872      6.129274  0.000  0.002  0.004  0.006
   0.39176      6.122933  0.000  0.002  0.002  0.004
   0.41481      6.093073  0.000  0.002  0.002  0.004
   0.43785      6.058505  0.000  0.003  0.002  0.005
   0.43785      6.058505  0.000  0.003  0.002  0.005
   0.45116      6.059271  0.000  0.003  0.002  0.005
   0.46446      6.061531  0.000  0.003  0.002  0.005
   0.47777      6.065175  0.000  0.004  0.002  0.006
   0.49107      6.070041  0.000  0.004  0.002  0.006
   0.50438      6.075869  0.000  0.004  0.002  0.006
   0.51768      6.082331  0.000  0.001  0.001  0.003
   0.53099      6.092087  0.000  0.000  0.000  0.002
   0.54429      6.103399  0.000  0.000  0.000  0.002
   0.55760      6.115326  0.000  0.002  0.000  0.002
   0.57090      6.126753  0.000  0.002  0.000  0.002
   0.58421      6.136844  0.000  0.002  0.000  0.004
   0.59751      6.146131  0.000  0.002  0.000  0.002
   0.61082      6.143379  0.000  0.010  0.002  0.011
   0.62412      6.121149  0.000  0.006  0.002  0.006
   0.63743      6.112715  0.000  0.004  0.000  0.006
   0.65073      6.130059  0.000  0.002  0.000  0.004
   0.66404      6.146834  0.000  0.002  0.000  0.002
   0.67734      6.159175  0.000  0.002  0.000  0.002
   0.69065      6.163786  0.000  0.002  0.000  0.002
   0.69065      6.163786  0.000  0.002  0.000  0.002
   0.71726      6.145540  0.000  0.002  0.000  0.002
   0.74387      6.124622  0.000  0.020  0.004  0.024
   0.77048      6.117425  0.000  0.010  0.002  0.012
   0.79709      6.087946  0.000  0.002  0.002  0.004
   0.82370      6.101610  0.000  0.006  0.000  0.008
   0.85031      6.134343  0.000  0.016  0.002  0.018
   0.87692      6.150953  0.000  0.010  0.008  0.018
   0.90353      6.112731  0.000  0.008  0.008  0.016
   0.93014      6.080786  0.000  0.004  0.008  0.012
   0.95675      6.087717  0.000  0.016  0.004  0.020
   0.98336      6.095580  0.000  0.008  0.004  0.012
   1.00997      6.066287  0.000  0.004  0.002  0.006
   1.03658      6.022453  0.000  0.002  0.002  0.004
   1.06319      5.985459  0.001  0.004  0.002  0.008
   1.08980      5.990985  0.006  0.014  0.008  0.030
   1.11641      6.027964  0.008  0.014  0.014  0.036
   1.14302      6.049340  0.008  0.012  0.016  0.034
   1.16963      6.057735  0.008  0.010  0.016  0.034
   1.19624      6.059793  0.008  0.008  0.016  0.032
 
# Band-Index:  110
   1.19624      6.238392  0.000  0.000  0.000  0.000
   1.16963      6.226625  0.001  0.006  0.006  0.014
   1.14302      6.206373  0.002  0.008  0.006  0.016
   1.11641      6.183591  0.000  0.008  0.006  0.014
   1.08980      6.167238  0.000  0.004  0.006  0.010
   1.06319      6.159823  0.000  0.002  0.006  0.008
   1.03658      6.157025  0.000  0.002  0.006  0.008
   1.00997      6.155002  0.000  0.004  0.004  0.008
   0.98336      6.158762  0.000  0.002  0.002  0.004
   0.95675      6.175533  0.000  0.000  0.002  0.004
   0.93014      6.186601  0.000  0.000  0.002  0.004
   0.90353      6.188611  0.000  0.002  0.002  0.004
   0.87692      6.179271  0.000  0.020  0.002  0.021
   0.85031      6.183196  0.002  0.002  0.002  0.006
   0.82370      6.173120  0.000  0.012  0.000  0.012
   0.79709      6.164920  0.000  0.008  0.000  0.008
   0.77048      6.180069  0.000  0.010  0.000  0.010
   0.74387      6.162717  0.000  0.002  0.000  0.002
   0.71726      6.190494  0.000  0.002  0.000  0.004
   0.69065      6.215712  0.000  0.004  0.000  0.004
   0.69065      6.215712  0.000  0.004  0.000  0.004
   0.67734      6.205778  0.000  0.002  0.000  0.004
   0.66404      6.196503  0.000  0.002  0.000  0.002
   0.65073      6.187043  0.000  0.002  0.000  0.002
   0.63743      6.176922  0.000  0.002  0.000  0.002
   0.62412      6.166365  0.000  0.002  0.000  0.002
   0.61082      6.155918  0.000  0.002  0.000  0.002
   0.59751      6.154161  0.000  0.016  0.002  0.017
   0.58421      6.151290  0.000  0.018  0.002  0.020
   0.57090      6.142813  0.000  0.020  0.002  0.022
   0.55760      6.135392  0.000  0.022  0.002  0.026
   0.54429      6.134280  0.000  0.024  0.004  0.029
   0.53099      6.139062  0.000  0.018  0.006  0.024
   0.51768      6.142100  0.000  0.010  0.006  0.016
   0.50438      6.141227  0.000  0.004  0.004  0.010
   0.49107      6.137999  0.000  0.002  0.004  0.006
   0.47777      6.134095  0.002  0.000  0.004  0.004
   0.46446      6.130646  0.002  0.000  0.002  0.004
   0.45116      6.128336  0.002  0.000  0.002  0.004
   0.43785      6.127528  0.002  0.000  0.002  0.004
   0.43785      6.127528  0.002  0.000  0.002  0.004
   0.41481      6.128681  0.002  0.000  0.002  0.004
   0.39176      6.130886  0.000  0.000  0.004  0.004
   0.36872      6.146111  0.000  0.004  0.002  0.004
   0.34567      6.162109  0.000  0.004  0.002  0.006
   0.32263      6.170987  0.000  0.004  0.002  0.006
   0.29958      6.173456  0.000  0.003  0.002  0.006
   0.27654      6.166775  0.000  0.006  0.002  0.008
   0.25349      6.163558  0.000  0.002  0.004  0.006
   0.23045      6.150168  0.000  0.002  0.002  0.004
   0.20740      6.136970  0.000  0.012  0.004  0.016
   0.18436      6.150593  0.000  0.008  0.004  0.012
   0.16131      6.160717  0.000  0.006  0.004  0.010
   0.13827      6.169352  0.000  0.006  0.004  0.010
   0.11522      6.179183  0.000  0.008  0.004  0.012
   0.09218      6.191740  0.002  0.012  0.002  0.016
   0.06913      6.206327  0.002  0.014  0.002  0.018
   0.04609      6.220322  0.002  0.014  0.000  0.018
   0.02304      6.231350  0.002  0.008  0.002  0.012
   0.00000      6.238392  0.000  0.000  0.000  0.000
 
# Band-Index:  111
   0.00000      6.238392  0.000  0.000  0.000  0.000
   0.02304      6.233009  0.000  0.000  0.010  0.010
   0.04609      6.226274  0.000  0.000  0.012  0.014
   0.06913      6.218604  0.000  0.000  0.014  0.014
   0.09218      6.210270  0.000  0.000  0.014  0.014
   0.11522      6.202035  0.000  0.000  0.014  0.014
   0.13827      6.195037  0.000  0.000  0.014  0.014
   0.16131      6.190827  0.000  0.000  0.012  0.014
   0.18436      6.191965  0.000  0.002  0.010  0.012
   0.20740      6.204635  0.000  0.002  0.010  0.010
   0.23045      6.215881  0.000  0.028  0.002  0.032
   0.25349      6.171138  0.000  0.022  0.002  0.024
   0.27654      6.170692  0.000  0.002  0.004  0.006
   0.29958      6.186223  0.000  0.008  0.002  0.012
   0.32263      6.206717  0.000  0.012  0.004  0.014
   0.34567      6.224127  0.000  0.012  0.004  0.018
   0.36872      6.227606  0.000  0.016  0.006  0.022
   0.39176      6.223871  0.000  0.022  0.006  0.028
   0.41481      6.223281  0.000  0.026  0.004  0.030
   0.43785      6.223791  0.000  0.028  0.004  0.032
   0.43785      6.223791  0.000  0.028  0.004  0.032
   0.45116      6.223684  0.000  0.028  0.004  0.032
   0.46446      6.223411  0.000  0.028  0.004  0.032
   0.47777      6.223111  0.000  0.028  0.004  0.032
   0.49107      6.223013  0.000  0.028  0.004  0.032
   0.50438      6.223400  0.000  0.028  0.002  0.032
   0.51768      6.224501  0.000  0.028  0.002  0.030
   0.53099      6.226228  0.000  0.024  0.002  0.026
   0.54429      6.227740  0.000  0.018  0.002  0.020
   0.55760      6.215586  0.000  0.046  0.006  0.053
   0.57090      6.199412  0.000  0.044  0.006  0.050
   0.58421      6.192019  0.000  0.038  0.004  0.044
   0.59751      6.194314  0.000  0.032  0.004  0.036
   0.61082      6.203663  0.000  0.028  0.002  0.031
   0.62412      6.216932  0.000  0.025  0.002  0.028
   0.63743      6.224942  0.000  0.010  0.000  0.011
   0.65073      6.229803  0.000  0.010  0.000  0.010
   0.66404      6.229958  0.000  0.008  0.000  0.008
   0.67734      6.224991  0.000  0.006  0.000  0.006
   0.69065      6.216061  0.000  0.004  0.000  0.004
   0.69065      6.216061  0.000  0.004  0.000  0.004
   0.71726      6.238107  0.000  0.006  0.000  0.006
   0.74387      6.213303  0.000  0.016  0.002  0.020
   0.77048      6.183437  0.000  0.014  0.004  0.018
   0.79709      6.221373  0.000  0.014  0.004  0.018
   0.82370      6.199003  0.002  0.002  0.002  0.006
   0.85031      6.190382  0.000  0.016  0.006  0.022
   0.87692      6.186553  0.000  0.006  0.004  0.011
   0.90353      6.211075  0.000  0.016  0.000  0.016
   0.93014      6.220220  0.000  0.026  0.000  0.028
   0.95675      6.245541  0.002  0.032  0.002  0.034
   0.98336      6.246189  0.000  0.004  0.006  0.012
   1.00997      6.235504  0.002  0.004  0.008  0.014
   1.03658      6.234417  0.002  0.004  0.010  0.016
   1.06319      6.236845  0.002  0.006  0.010  0.018
   1.08980      6.239725  0.002  0.006  0.011  0.020
   1.11641      6.241807  0.002  0.008  0.012  0.020
   1.14302      6.242730  0.002  0.010  0.010  0.022
   1.16963      6.238365  0.000  0.002  0.004  0.004
   1.19624      6.238392  0.000  0.000  0.000  0.000
 
# Band-Index:  112
   1.19624      6.240254  0.000  0.000  0.018  0.018
   1.16963      6.242603  0.002  0.008  0.012  0.022
   1.14302      6.248162  0.000  0.002  0.002  0.004
   1.11641      6.265810  0.000  0.002  0.002  0.002
   1.08980      6.287793  0.000  0.002  0.004  0.006
   1.06319      6.306080  0.000  0.000  0.004  0.006
   1.03658      6.309343  0.002  0.026  0.006  0.036
   1.00997      6.295445  0.002  0.032  0.004  0.038
   0.98336      6.272926  0.002  0.034  0.002  0.038
   0.95675      6.273507  0.000  0.004  0.004  0.008
   0.93014      6.297294  0.000  0.020  0.004  0.024
   0.90353      6.240026  0.000  0.028  0.004  0.032
   0.87692      6.220131  0.000  0.006  0.000  0.008
   0.85031      6.215390  0.000  0.004  0.002  0.005
   0.82370      6.235358  0.000  0.008  0.006  0.014
   0.79709      6.239441  0.002  0.002  0.002  0.006
   0.77048      6.274619  0.000  0.006  0.002  0.006
   0.74387      6.258672  0.000  0.008  0.000  0.008
   0.71726      6.258455  0.000  0.024  0.002  0.026
   0.69065      6.307729  0.000  0.030  0.002  0.032
   0.69065      6.307729  0.000  0.030  0.002  0.032
   0.67734      6.287902  0.000  0.030  0.002  0.032
   0.66404      6.268296  0.000  0.028  0.002  0.032
   0.65073      6.249754  0.000  0.028  0.002  0.030
   0.63743      6.232546  0.000  0.026  0.002  0.028
   0.62412      6.217358  0.000  0.010  0.001  0.011
   0.61082      6.210545  0.000  0.005  0.002  0.006
   0.59751      6.210519  0.000  0.000  0.002  0.002
   0.58421      6.217952  0.000  0.002  0.002  0.004
   0.57090      6.224851  0.000  0.006  0.000  0.008
   0.55760      6.227721  0.000  0.011  0.000  0.012
   0.54429      6.236668  0.000  0.010  0.001  0.010
   0.53099      6.241035  0.000  0.008  0.000  0.008
   0.51768      6.249364  0.000  0.008  0.002  0.008
   0.50438      6.258702  0.000  0.006  0.002  0.008
   0.49107      6.266885  0.000  0.004  0.002  0.006
   0.47777      6.273136  0.000  0.002  0.002  0.004
   0.46446      6.277422  0.000  0.002  0.002  0.004
   0.45116      6.279904  0.000  0.000  0.002  0.004
   0.43785      6.280716  0.000  0.000  0.002  0.002
   0.43785      6.280716  0.000  0.000  0.002  0.002
   0.41481      6.278980  0.000  0.000  0.004  0.004
   0.39176      6.274634  0.000  0.002  0.006  0.008
   0.36872      6.268746  0.000  0.006  0.006  0.010
   0.34567      6.264326  0.000  0.006  0.004  0.010
   0.32263      6.258793  0.000  0.006  0.004  0.010
   0.29958      6.255001  0.000  0.006  0.002  0.008
   0.27654      6.266994  0.000  0.006  0.002  0.008
   0.25349      6.287685  0.000  0.006  0.002  0.008
   0.23045      6.239754  0.000  0.002  0.006  0.008
   0.20740      6.262303  0.000  0.026  0.002  0.030
   0.18436      6.293459  0.002  0.020  0.004  0.026
   0.16131      6.306200  0.002  0.012  0.006  0.020
   0.13827      6.302735  0.000  0.004  0.004  0.008
   0.11522      6.289994  0.000  0.002  0.002  0.006
   0.09218      6.276584  0.000  0.004  0.002  0.006
   0.06913      6.265032  0.002  0.006  0.002  0.010
   0.04609      6.254882  0.000  0.000  0.006  0.006
   0.02304      6.246150  0.000  0.000  0.008  0.008
   0.00000      6.240254  0.000  0.000  0.018  0.018
 
# Band-Index:  113
   0.00000      6.240256  0.000  0.000  0.018  0.018
   0.02304      6.248555  0.004  0.018  0.004  0.026
   0.04609      6.255837  0.002  0.012  0.002  0.014
   0.06913      6.267154  0.000  0.000  0.004  0.004
   0.09218      6.284012  0.000  0.000  0.002  0.002
   0.11522      6.305887  0.000  0.000  0.002  0.002
   0.13827      6.321811  0.004  0.022  0.007  0.032
   0.16131      6.330092  0.002  0.016  0.004  0.020
   0.18436      6.338717  0.000  0.014  0.002  0.016
   0.20740      6.332949  0.000  0.016  0.000  0.016
   0.23045      6.310570  0.000  0.012  0.002  0.012
   0.25349      6.294338  0.000  0.002  0.004  0.006
   0.27654      6.356749  0.000  0.002  0.004  0.006
   0.29958      6.414012  0.002  0.018  0.006  0.026
   0.32263      6.406656  0.002  0.020  0.002  0.024
   0.34567      6.399086  0.000  0.020  0.002  0.022
   0.36872      6.402319  0.000  0.022  0.002  0.024
   0.39176      6.404297  0.000  0.026  0.006  0.032
   0.41481      6.395359  0.000  0.028  0.010  0.038
   0.43785      6.389543  0.000  0.028  0.014  0.040
   0.43785      6.389543  0.000  0.028  0.014  0.040
   0.45116      6.386566  0.000  0.028  0.013  0.040
   0.46446      6.377410  0.000  0.030  0.012  0.042
   0.47777      6.361984  0.000  0.032  0.012  0.044
   0.49107      6.341166  0.000  0.034  0.012  0.046
   0.50438      6.316609  0.000  0.036  0.010  0.048
   0.51768      6.290071  0.000  0.040  0.010  0.050
   0.53099      6.263202  0.000  0.042  0.008  0.052
   0.54429      6.237716  0.000  0.044  0.008  0.052
   0.55760      6.237419  0.000  0.012  0.002  0.012
   0.57090      6.242113  0.000  0.010  0.002  0.012
   0.58421      6.250289  0.000  0.010  0.002  0.012
   0.59751      6.261611  0.000  0.010  0.002  0.012
   0.61082      6.275646  0.000  0.010  0.002  0.012
   0.62412      6.291391  0.000  0.008  0.002  0.010
   0.63743      6.305913  0.000  0.008  0.002  0.012
   0.65073      6.314211  0.000  0.010  0.002  0.012
   0.66404      6.317638  0.000  0.014  0.002  0.016
   0.67734      6.318890  0.000  0.022  0.002  0.024
   0.69065      6.308351  0.001  0.030  0.002  0.032
   0.69065      6.308351  0.001  0.030  0.002  0.032
   0.71726      6.343423  0.000  0.018  0.002  0.020
   0.74387      6.335822  0.002  0.002  0.000  0.004
   0.77048      6.294700  0.002  0.006  0.000  0.008
   0.79709      6.295824  0.000  0.008  0.000  0.008
   0.82370      6.266464  0.000  0.004  0.002  0.008
   0.85031      6.260536  0.000  0.012  0.000  0.012
   0.87692      6.286339  0.000  0.022  0.002  0.024
   0.90353      6.328485  0.000  0.004  0.000  0.006
   0.93014      6.320757  0.000  0.008  0.000  0.010
   0.95675      6.348606  0.000  0.008  0.004  0.014
   0.98336      6.351932  0.000  0.004  0.006  0.010
   1.00997      6.342319  0.000  0.002  0.006  0.008
   1.03658      6.325406  0.000  0.000  0.006  0.006
   1.06319      6.310989  0.002  0.014  0.006  0.020
   1.08980      6.289860  0.000  0.000  0.002  0.002
   1.11641      6.272355  0.000  0.003  0.002  0.006
   1.14302      6.260357  0.000  0.006  0.002  0.008
   1.16963      6.251307  0.002  0.012  0.002  0.016
   1.19624      6.240256  0.000  0.000  0.018  0.018
 
# Band-Index:  114
   1.19624      6.246060  0.004  0.026  0.000  0.032
   1.16963      6.255576  0.000  0.004  0.014  0.019
   1.14302      6.279682  0.002  0.012  0.014  0.028
   1.11641      6.299510  0.004  0.018  0.012  0.033
   1.08980      6.312061  0.004  0.023  0.010  0.036
   1.06319      6.325354  0.004  0.016  0.004  0.022
   1.03658      6.353219  0.002  0.008  0.004  0.014
   1.00997      6.372179  0.002  0.012  0.004  0.020
   0.98336      6.371761  0.002  0.018  0.006  0.026
   0.95675      6.363985  0.002  0.020  0.004  0.026
   0.93014      6.355702  0.002  0.022  0.004  0.026
   0.90353      6.330361  0.000  0.024  0.002  0.026
   0.87692      6.327178  0.000  0.004  0.002  0.006
   0.85031      6.320311  0.000  0.005  0.002  0.006
   0.82370      6.309535  0.000  0.006  0.002  0.008
   0.79709      6.299999  0.000  0.002  0.004  0.006
   0.77048      6.334695  0.000  0.004  0.002  0.006
   0.74387      6.352255  0.000  0.006  0.002  0.008
   0.71726      6.349855  0.000  0.008  0.000  0.010
   0.69065      6.340960  0.000  0.007  0.000  0.008
   0.69065      6.340960  0.000  0.007  0.000  0.008
   0.67734      6.348965  0.000  0.012  0.000  0.012
   0.66404      6.358906  0.000  0.008  0.000  0.008
   0.65073      6.351621  0.000  0.002  0.000  0.002
   0.63743      6.344787  0.000  0.000  0.000  0.002
   0.62412      6.347173  0.000  0.000  0.000  0.002
   0.61082      6.355583  0.000  0.002  0.000  0.002
   0.59751      6.368273  0.000  0.002  0.000  0.002
   0.58421      6.385127  0.000  0.002  0.000  0.002
   0.57090      6.393359  0.000  0.004  0.000  0.004
   0.55760      6.394761  0.000  0.004  0.000  0.004
   0.54429      6.400902  0.000  0.004  0.000  0.004
   0.53099      6.411909  0.000  0.004  0.000  0.006
   0.51768      6.427085  0.000  0.006  0.000  0.008
   0.50438      6.444730  0.000  0.006  0.002  0.008
   0.49107      6.462337  0.000  0.006  0.002  0.008
   0.47777      6.477497  0.000  0.004  0.002  0.006
   0.46446      6.488728  0.000  0.002  0.002  0.006
   0.45116      6.495492  0.000  0.002  0.002  0.004
   0.43785      6.497738  0.000  0.002  0.002  0.004
   0.43785      6.497738  0.000  0.002  0.002  0.004
   0.41481      6.486257  0.000  0.002  0.004  0.006
   0.39176      6.470053  0.002  0.004  0.006  0.011
   0.36872      6.462035  0.000  0.006  0.008  0.014
   0.34567      6.454306  0.000  0.006  0.006  0.012
   0.32263      6.447533  0.000  0.002  0.006  0.008
   0.29958      6.420214  0.000  0.004  0.002  0.006
   0.27654      6.410312  0.002  0.014  0.008  0.024
   0.25349      6.401697  0.002  0.012  0.008  0.022
   0.23045      6.395430  0.002  0.012  0.008  0.022
   0.20740      6.399054  0.004  0.012  0.008  0.024
   0.18436      6.398354  0.000  0.002  0.002  0.004
   0.16131      6.363761  0.000  0.000  0.002  0.004
   0.13827      6.332653  0.000  0.000  0.002  0.002
   0.11522      6.315957  0.004  0.022  0.010  0.034
   0.09218      6.307169  0.004  0.019  0.012  0.034
   0.06913      6.293108  0.002  0.016  0.014  0.032
   0.04609      6.273314  0.002  0.010  0.014  0.026
   0.02304      6.252870  0.000  0.004  0.012  0.016
   0.00000      6.246060  0.004  0.026  0.000  0.032
 
# Band-Index:  115
   0.00000      6.348622  0.000  0.004  0.000  0.006
   0.02304      6.348836  0.000  0.004  0.000  0.004
   0.04609      6.351587  0.000  0.004  0.000  0.004
   0.06913      6.359361  0.000  0.002  0.000  0.004
   0.09218      6.372478  0.000  0.002  0.002  0.004
   0.11522      6.389420  0.000  0.002  0.002  0.004
   0.13827      6.408293  0.000  0.002  0.002  0.006
   0.16131      6.426245  0.000  0.006  0.004  0.010
   0.18436      6.422585  0.002  0.018  0.008  0.028
   0.20740      6.435331  0.000  0.002  0.002  0.006
   0.23045      6.472419  0.000  0.014  0.004  0.018
   0.25349      6.468502  0.000  0.012  0.002  0.014
   0.27654      6.455887  0.000  0.008  0.000  0.010
   0.29958      6.447482  0.000  0.002  0.002  0.006
   0.32263      6.478368  0.000  0.006  0.004  0.010
   0.34567      6.507256  0.000  0.008  0.004  0.012
   0.36872      6.510663  0.000  0.004  0.002  0.008
   0.39176      6.515607  0.000  0.002  0.002  0.006
   0.41481      6.516769  0.000  0.002  0.002  0.006
   0.43785      6.513476  0.002  0.003  0.004  0.008
   0.43785      6.513476  0.002  0.003  0.004  0.008
   0.45116      6.506709  0.002  0.006  0.002  0.010
   0.46446      6.495328  0.000  0.010  0.002  0.014
   0.47777      6.486569  0.000  0.012  0.002  0.016
   0.49107      6.481846  0.000  0.014  0.002  0.016
   0.50438      6.480580  0.000  0.014  0.002  0.016
   0.51768      6.481810  0.000  0.014  0.002  0.016
   0.53099      6.484719  0.000  0.014  0.002  0.016
   0.54429      6.462489  0.000  0.004  0.000  0.005
   0.55760      6.434116  0.000  0.004  0.000  0.004
   0.57090      6.408492  0.000  0.004  0.000  0.004
   0.58421      6.398341  0.000  0.008  0.000  0.008
   0.59751      6.405161  0.000  0.010  0.000  0.012
   0.61082      6.413790  0.000  0.016  0.000  0.016
   0.62412      6.416641  0.000  0.005  0.000  0.006
   0.63743      6.397080  0.000  0.004  0.000  0.004
   0.65073      6.381206  0.000  0.002  0.000  0.004
   0.66404      6.369656  0.000  0.002  0.000  0.002
   0.67734      6.362816  0.000  0.001  0.000  0.002
   0.69065      6.360640  0.000  0.000  0.000  0.002
   0.69065      6.360640  0.000  0.000  0.000  0.002
   0.71726      6.367428  0.000  0.006  0.000  0.008
   0.74387      6.386401  0.000  0.016  0.000  0.018
   0.77048      6.407690  0.000  0.016  0.002  0.018
   0.79709      6.428689  0.000  0.016  0.002  0.018
   0.82370      6.447024  0.000  0.021  0.000  0.021
   0.85031      6.466909  0.000  0.025  0.002  0.027
   0.87692      6.463404  0.000  0.002  0.002  0.004
   0.90353      6.419886  0.000  0.006  0.004  0.010
   0.93014      6.391597  0.000  0.016  0.006  0.022
   0.95675      6.419268  0.000  0.032  0.006  0.038
   0.98336      6.478424  0.000  0.007  0.002  0.008
   1.00997      6.452587  0.000  0.005  0.002  0.006
   1.03658      6.426367  0.000  0.004  0.002  0.006
   1.06319      6.402890  0.000  0.002  0.002  0.004
   1.08980      6.381728  0.000  0.002  0.002  0.004
   1.11641      6.364381  0.000  0.002  0.002  0.002
   1.14302      6.353282  0.000  0.002  0.000  0.004
   1.16963      6.349008  0.000  0.004  0.000  0.004
   1.19624      6.348622  0.000  0.004  0.000  0.006
 
# Band-Index:  116
   1.19624      6.378707  0.000  0.002  0.006  0.010
   1.16963      6.384807  0.000  0.002  0.006  0.010
   1.14302      6.402898  0.000  0.004  0.006  0.010
   1.11641      6.431496  0.000  0.004  0.006  0.010
   1.08980      6.458615  0.002  0.008  0.006  0.016
   1.06319      6.476908  0.002  0.010  0.004  0.016
   1.03658      6.489439  0.002  0.008  0.004  0.014
   1.00997      6.503784  0.002  0.006  0.002  0.010
   0.98336      6.483691  0.000  0.031  0.008  0.040
   0.95675      6.491522  0.000  0.012  0.002  0.014
   0.93014      6.484462  0.000  0.012  0.000  0.014
   0.90353      6.482855  0.002  0.010  0.000  0.012
   0.87692      6.493614  0.000  0.013  0.004  0.017
   0.85031      6.470100  0.000  0.013  0.002  0.015
   0.82370      6.449738  0.000  0.016  0.002  0.019
   0.79709      6.449216  0.000  0.014  0.000  0.014
   0.77048      6.439867  0.000  0.016  0.002  0.018
   0.74387      6.407175  0.000  0.020  0.002  0.022
   0.71726      6.398943  0.000  0.014  0.002  0.016
   0.69065      6.424856  0.000  0.007  0.002  0.009
   0.69065      6.424856  0.000  0.007  0.002  0.009
   0.67734      6.408871  0.000  0.010  0.002  0.012
   0.66404      6.401381  0.000  0.022  0.002  0.024
   0.65073      6.411237  0.000  0.028  0.002  0.029
   0.63743      6.420392  0.000  0.026  0.000  0.026
   0.62412      6.420424  0.000  0.020  0.000  0.021
   0.61082      6.439165  0.000  0.006  0.000  0.006
   0.59751      6.463830  0.000  0.008  0.000  0.008
   0.58421      6.488778  0.000  0.010  0.000  0.010
   0.57090      6.496580  0.000  0.012  0.002  0.014
   0.55760      6.492975  0.000  0.012  0.002  0.016
   0.54429      6.488657  0.000  0.012  0.002  0.016
   0.53099      6.492055  0.000  0.006  0.002  0.008
   0.51768      6.522207  0.000  0.010  0.002  0.012
   0.50438      6.553216  0.000  0.016  0.002  0.018
   0.49107      6.585790  0.000  0.022  0.002  0.024
   0.47777      6.592487  0.000  0.010  0.008  0.018
   0.46446      6.578331  0.000  0.012  0.008  0.022
   0.45116      6.563129  0.000  0.018  0.008  0.026
   0.43785      6.555035  0.000  0.022  0.006  0.030
   0.43785      6.555035  0.000  0.022  0.006  0.030
   0.41481      6.554479  0.000  0.022  0.006  0.028
   0.39176      6.551906  0.000  0.020  0.006  0.026
   0.36872      6.543725  0.000  0.018  0.006  0.022
   0.34567      6.521616  0.000  0.012  0.004  0.016
   0.32263      6.506505  0.000  0.014  0.004  0.018
   0.29958      6.517235  0.000  0.020  0.004  0.024
   0.27654      6.538666  0.000  0.018  0.004  0.024
   0.25349      6.510571  0.000  0.006  0.004  0.010
   0.23045      6.473328  0.000  0.004  0.004  0.006
   0.20740      6.470903  0.000  0.016  0.002  0.018
   0.18436      6.461654  0.000  0.004  0.000  0.006
   0.16131      6.471112  0.004  0.016  0.004  0.022
   0.13827      6.481683  0.004  0.016  0.004  0.024
   0.11522      6.472481  0.004  0.012  0.006  0.022
   0.09218      6.442839  0.000  0.004  0.006  0.010
   0.06913      6.416689  0.000  0.004  0.006  0.010
   0.04609      6.396315  0.000  0.002  0.006  0.010
   0.02304      6.383236  0.000  0.002  0.006  0.010
   0.00000      6.378707  0.000  0.002  0.006  0.010
 
# Band-Index:  117
   0.00000      6.378709  0.000  0.002  0.006  0.010
   0.02304      6.385027  0.000  0.004  0.006  0.010
   0.04609      6.401942  0.000  0.006  0.006  0.012
   0.06913      6.425717  0.002  0.008  0.006  0.016
   0.09218      6.451307  0.002  0.010  0.006  0.018
   0.11522      6.473334  0.000  0.004  0.006  0.010
   0.13827      6.506971  0.000  0.004  0.006  0.010
   0.16131      6.533024  0.000  0.020  0.010  0.030
   0.18436      6.497055  0.000  0.020  0.010  0.030
   0.20740      6.487144  0.000  0.006  0.008  0.016
   0.23045      6.503544  0.000  0.004  0.006  0.010
   0.25349      6.525962  0.002  0.004  0.006  0.012
   0.27654      6.544673  0.000  0.010  0.004  0.014
   0.29958      6.573239  0.000  0.012  0.006  0.018
   0.32263      6.597017  0.000  0.016  0.006  0.020
   0.34567      6.623275  0.000  0.016  0.004  0.020
   0.36872      6.626637  0.000  0.012  0.006  0.018
   0.39176      6.638772  0.000  0.012  0.006  0.018
   0.41481      6.659646  0.000  0.014  0.004  0.018
   0.43785      6.672175  0.000  0.014  0.004  0.020
   0.43785      6.672175  0.000  0.014  0.004  0.020
   0.45116      6.673598  0.000  0.015  0.004  0.020
   0.46446      6.654717  0.000  0.036  0.004  0.040
   0.47777      6.620149  0.000  0.030  0.004  0.032
   0.49107      6.602253  0.000  0.008  0.008  0.016
   0.50438      6.606080  0.000  0.008  0.008  0.016
   0.51768      6.602821  0.000  0.008  0.008  0.016
   0.53099      6.591101  0.000  0.010  0.006  0.016
   0.54429      6.571298  0.000  0.012  0.004  0.016
   0.55760      6.546464  0.000  0.012  0.002  0.014
   0.57090      6.520100  0.000  0.010  0.002  0.012
   0.58421      6.504043  0.000  0.010  0.004  0.014
   0.59751      6.504236  0.000  0.008  0.004  0.012
   0.61082      6.502982  0.000  0.008  0.004  0.012
   0.62412      6.498130  0.000  0.006  0.004  0.010
   0.63743      6.489025  0.000  0.006  0.004  0.009
   0.65073      6.475889  0.000  0.006  0.002  0.008
   0.66404      6.459770  0.000  0.006  0.002  0.008
   0.67734      6.442261  0.000  0.006  0.002  0.008
   0.69065      6.425370  0.000  0.007  0.002  0.009
   0.69065      6.425370  0.000  0.007  0.002  0.009
   0.71726      6.451215  0.000  0.006  0.002  0.008
   0.74387      6.461296  0.000  0.008  0.002  0.010
   0.77048      6.459356  0.000  0.010  0.000  0.012
   0.79709      6.474390  0.000  0.010  0.002  0.012
   0.82370      6.500111  0.000  0.006  0.002  0.008
   0.85031      6.499639  0.000  0.006  0.002  0.008
   0.87692      6.495683  0.000  0.021  0.000  0.022
   0.90353      6.507894  0.000  0.008  0.006  0.014
   0.93014      6.516238  0.000  0.004  0.006  0.010
   0.95675      6.520842  0.000  0.004  0.006  0.012
   0.98336      6.527560  0.000  0.004  0.002  0.006
   1.00997      6.529978  0.000  0.016  0.010  0.026
   1.03658      6.540619  0.000  0.010  0.004  0.016
   1.06319      6.506506  0.000  0.008  0.004  0.012
   1.08980      6.467444  0.000  0.006  0.006  0.012
   1.11641      6.434014  0.002  0.008  0.006  0.016
   1.14302      6.407726  0.002  0.006  0.006  0.012
   1.16963      6.386955  0.000  0.004  0.006  0.010
   1.19624      6.378709  0.000  0.002  0.006  0.010
 
# Band-Index:  118
   1.19624      6.611271  0.000  0.018  0.004  0.022
   1.16963      6.612314  0.000  0.018  0.004  0.022
   1.14302      6.615122  0.000  0.018  0.004  0.022
   1.11641      6.618460  0.000  0.018  0.004  0.024
   1.08980      6.618745  0.000  0.016  0.006  0.022
   1.06319      6.605365  0.000  0.012  0.008  0.022
   1.03658      6.574859  0.000  0.016  0.010  0.024
   1.00997      6.560508  0.000  0.025  0.002  0.028
   0.98336      6.533446  0.000  0.012  0.004  0.016
   0.95675      6.542249  0.000  0.004  0.004  0.008
   0.93014      6.543666  0.000  0.014  0.004  0.017
   0.90353      6.531371  0.000  0.022  0.004  0.026
   0.87692      6.504201  0.000  0.010  0.002  0.014
   0.85031      6.518063  0.000  0.004  0.000  0.006
   0.82370      6.529816  0.000  0.004  0.000  0.006
   0.79709      6.529788  0.000  0.004  0.002  0.008
   0.77048      6.526809  0.000  0.004  0.002  0.006
   0.74387      6.534038  0.000  0.002  0.002  0.004
   0.71726      6.547538  0.000  0.000  0.002  0.002
   0.69065      6.555445  0.000  0.000  0.000  0.000
   0.69065      6.555445  0.000  0.000  0.000  0.000
   0.67734      6.552741  0.000  0.000  0.002  0.002
   0.66404      6.547103  0.000  0.000  0.002  0.002
   0.65073      6.544360  0.000  0.001  0.002  0.004
   0.63743      6.549371  0.000  0.002  0.002  0.006
   0.62412      6.561954  0.000  0.004  0.002  0.008
   0.61082      6.576548  0.000  0.004  0.002  0.006
   0.59751      6.589791  0.000  0.002  0.002  0.004
   0.58421      6.602114  0.000  0.002  0.002  0.004
   0.57090      6.614464  0.000  0.002  0.002  0.004
   0.55760      6.627329  0.000  0.002  0.002  0.004
   0.54429      6.640881  0.000  0.002  0.002  0.004
   0.53099      6.655100  0.000  0.002  0.002  0.004
   0.51768      6.669804  0.000  0.002  0.002  0.002
   0.50438      6.684648  0.000  0.002  0.000  0.002
   0.49107      6.699173  0.000  0.002  0.000  0.002
   0.47777      6.686606  0.000  0.016  0.004  0.020
   0.46446      6.678168  0.000  0.016  0.004  0.020
   0.45116      6.683952  0.000  0.040  0.006  0.046
   0.43785      6.696230  0.000  0.042  0.006  0.048
   0.43785      6.696230  0.000  0.042  0.006  0.048
   0.41481      6.694219  0.000  0.040  0.006  0.046
   0.39176      6.683353  0.000  0.028  0.004  0.034
   0.36872      6.656303  0.000  0.018  0.004  0.022
   0.34567      6.628648  0.000  0.012  0.004  0.016
   0.32263      6.636753  0.000  0.010  0.004  0.013
   0.29958      6.600474  0.000  0.006  0.006  0.012
   0.27654      6.559277  0.000  0.006  0.006  0.013
   0.25349      6.554868  0.000  0.016  0.004  0.020
   0.23045      6.568468  0.002  0.012  0.002  0.014
   0.20740      6.587890  0.002  0.008  0.002  0.010
   0.18436      6.579902  0.000  0.004  0.004  0.008
   0.16131      6.542769  0.000  0.004  0.004  0.008
   0.13827      6.577626  0.000  0.016  0.008  0.024
   0.11522      6.610431  0.000  0.014  0.008  0.021
   0.09218      6.618540  0.000  0.018  0.006  0.022
   0.06913      6.617110  0.000  0.018  0.004  0.023
   0.04609      6.614239  0.000  0.018  0.004  0.022
   0.02304      6.612058  0.000  0.018  0.004  0.022
   0.00000      6.611271  0.000  0.018  0.004  0.022
 
# Band-Index:  119
   0.00000      6.790316  0.000  0.000  0.008  0.008
   0.02304      6.784384  0.000  0.000  0.008  0.008
   0.04609      6.766807  0.000  0.002  0.008  0.010
   0.06913      6.738451  0.000  0.006  0.006  0.014
   0.09218      6.701897  0.000  0.012  0.006  0.018
   0.11522      6.665923  0.000  0.020  0.004  0.024
   0.13827      6.644328  0.000  0.020  0.000  0.020
   0.16131      6.623788  0.000  0.010  0.000  0.010
   0.18436      6.605553  0.002  0.006  0.000  0.008
   0.20740      6.617567  0.000  0.004  0.004  0.008
   0.23045      6.654750  0.000  0.004  0.004  0.008
   0.25349      6.661274  0.000  0.014  0.002  0.018
   0.27654      6.642435  0.000  0.008  0.002  0.010
   0.29958      6.639828  0.000  0.006  0.002  0.010
   0.32263      6.647521  0.000  0.006  0.006  0.012
   0.34567      6.695157  0.000  0.006  0.006  0.012
   0.36872      6.735666  0.000  0.006  0.006  0.012
   0.39176      6.748587  0.000  0.022  0.004  0.026
   0.41481      6.753054  0.000  0.004  0.002  0.004
   0.43785      6.742963  0.000  0.002  0.000  0.002
   0.43785      6.742963  0.000  0.002  0.000  0.002
   0.45116      6.736924  0.000  0.002  0.000  0.002
   0.46446      6.725580  0.000  0.002  0.000  0.002
   0.47777      6.712918  0.000  0.002  0.000  0.002
   0.49107      6.699377  0.000  0.015  0.004  0.019
   0.50438      6.715310  0.000  0.006  0.002  0.010
   0.51768      6.696395  0.000  0.018  0.004  0.022
   0.53099      6.679009  0.000  0.014  0.006  0.020
   0.54429      6.668240  0.000  0.010  0.006  0.016
   0.55760      6.661928  0.000  0.006  0.008  0.014
   0.57090      6.657583  0.000  0.006  0.008  0.012
   0.58421      6.653736  0.000  0.004  0.008  0.012
   0.59751      6.649718  0.000  0.004  0.006  0.012
   0.61082      6.642291  0.002  0.010  0.003  0.015
   0.62412      6.618873  0.002  0.006  0.002  0.010
   0.63743      6.604194  0.002  0.002  0.002  0.006
   0.65073      6.595664  0.002  0.001  0.002  0.005
   0.66404      6.591089  0.002  0.000  0.004  0.006
   0.67734      6.590710  0.002  0.002  0.004  0.006
   0.69065      6.597052  0.001  0.001  0.005  0.008
   0.69065      6.597052  0.001  0.001  0.005  0.008
   0.71726      6.581813  0.002  0.000  0.004  0.006
   0.74387      6.589579  0.000  0.000  0.004  0.006
   0.77048      6.620605  0.000  0.002  0.004  0.008
   0.79709      6.650584  0.000  0.002  0.002  0.004
   0.82370      6.650339  0.000  0.006  0.000  0.006
   0.85031      6.654155  0.000  0.008  0.000  0.010
   0.87692      6.680403  0.000  0.008  0.002  0.010
   0.90353      6.679310  0.000  0.006  0.002  0.008
   0.93014      6.649160  0.000  0.010  0.002  0.012
   0.95675      6.609129  0.000  0.002  0.002  0.004
   0.98336      6.589344  0.000  0.004  0.004  0.008
   1.00997      6.606116  0.000  0.008  0.006  0.013
   1.03658      6.640743  0.000  0.019  0.000  0.019
   1.06319      6.656989  0.000  0.022  0.002  0.022
   1.08980      6.687370  0.000  0.014  0.004  0.018
   1.11641      6.726095  0.000  0.008  0.006  0.014
   1.14302      6.759960  0.000  0.004  0.008  0.010
   1.16963      6.782470  0.000  0.002  0.008  0.008
   1.19624      6.790316  0.000  0.000  0.008  0.008
 
# Band-Index:  120
   1.19624      6.790322  0.000  0.000  0.008  0.008
   1.16963      6.790740  0.000  0.000  0.008  0.008
   1.14302      6.790878  0.000  0.002  0.006  0.010
   1.11641      6.786085  0.000  0.006  0.006  0.014
   1.08980      6.755566  0.000  0.011  0.006  0.016
   1.06319      6.698058  0.000  0.012  0.004  0.016
   1.03658      6.644718  0.000  0.011  0.004  0.015
   1.00997      6.632956  0.000  0.004  0.000  0.004
   0.98336      6.655854  0.000  0.000  0.002  0.002
   0.95675      6.650706  0.000  0.030  0.006  0.036
   0.93014      6.665820  0.000  0.010  0.004  0.014
   0.90353      6.708341  0.000  0.006  0.002  0.008
   0.87692      6.697279  0.000  0.002  0.002  0.004
   0.85031      6.686679  0.000  0.004  0.002  0.008
   0.82370      6.674601  0.000  0.006  0.002  0.008
   0.79709      6.672328  0.000  0.007  0.000  0.008
   0.77048      6.676046  0.000  0.008  0.000  0.008
   0.74387      6.666439  0.000  0.006  0.002  0.008
   0.71726      6.630794  0.001  0.003  0.004  0.008
   0.69065      6.597609  0.001  0.001  0.005  0.008
   0.69065      6.597609  0.001  0.001  0.005  0.008
   0.67734      6.608468  0.002  0.002  0.005  0.008
   0.66404      6.619001  0.000  0.004  0.006  0.010
   0.65073      6.627825  0.000  0.004  0.006  0.010
   0.63743      6.634797  0.000  0.004  0.006  0.010
   0.62412      6.640432  0.000  0.004  0.006  0.010
   0.61082      6.645323  0.000  0.004  0.006  0.010
   0.59751      6.673820  0.002  0.013  0.004  0.018
   0.58421      6.710128  0.002  0.014  0.004  0.020
   0.57090      6.748123  0.002  0.014  0.004  0.020
   0.55760      6.768139  0.000  0.008  0.002  0.010
   0.54429      6.768803  0.000  0.015  0.002  0.017
   0.53099      6.753229  0.000  0.015  0.004  0.018
   0.51768      6.734653  0.000  0.016  0.004  0.020
   0.50438      6.720343  0.000  0.034  0.004  0.038
   0.49107      6.745774  0.000  0.030  0.002  0.032
   0.47777      6.771887  0.000  0.031  0.002  0.034
   0.46446      6.770353  0.000  0.000  0.000  0.002
   0.45116      6.768530  0.000  0.002  0.000  0.002
   0.43785      6.769041  0.000  0.006  0.002  0.007
   0.43785      6.769041  0.000  0.006  0.002  0.007
   0.41481      6.761830  0.000  0.010  0.002  0.012
   0.39176      6.757979  0.000  0.006  0.004  0.010
   0.36872      6.744403  0.000  0.036  0.006  0.041
   0.34567      6.749800  0.000  0.040  0.006  0.046
   0.32263      6.757672  0.000  0.036  0.007  0.043
   0.29958      6.746718  0.000  0.006  0.002  0.010
   0.27654      6.720837  0.000  0.004  0.002  0.006
   0.25349      6.689891  0.000  0.004  0.004  0.008
   0.23045      6.690595  0.000  0.026  0.002  0.028
   0.20740      6.697345  0.000  0.031  0.000  0.032
   0.18436      6.689433  0.000  0.028  0.000  0.030
   0.16131      6.686541  0.000  0.026  0.002  0.028
   0.13827      6.702997  0.000  0.016  0.002  0.019
   0.11522      6.747728  0.000  0.010  0.002  0.012
   0.09218      6.792425  0.000  0.006  0.006  0.012
   0.06913      6.792396  0.000  0.004  0.006  0.010
   0.04609      6.791564  0.000  0.002  0.006  0.008
   0.02304      6.790685  0.000  0.000  0.008  0.008
   0.00000      6.790322  0.000  0.000  0.008  0.008
 
# Band-Index:  121
   0.00000      6.968977  0.000  0.000  0.000  0.000
   0.02304      6.952355  0.000  0.000  0.002  0.002
   0.04609      6.912492  0.000  0.002  0.002  0.004
   0.06913      6.860937  0.000  0.004  0.002  0.006
   0.09218      6.804118  0.000  0.008  0.002  0.010
   0.11522      6.790933  0.000  0.010  0.006  0.016
   0.13827      6.787473  0.000  0.014  0.006  0.018
   0.16131      6.782043  0.000  0.016  0.006  0.022
   0.18436      6.775175  0.000  0.020  0.006  0.026
   0.20740      6.767949  0.000  0.023  0.006  0.028
   0.23045      6.754077  0.000  0.004  0.004  0.010
   0.25349      6.759812  0.000  0.026  0.006  0.032
   0.27654      6.763800  0.000  0.030  0.006  0.036
   0.29958      6.770040  0.000  0.032  0.006  0.038
   0.32263      6.779184  0.000  0.011  0.002  0.012
   0.34567      6.799893  0.000  0.018  0.002  0.020
   0.36872      6.813762  0.000  0.026  0.004  0.030
   0.39176      6.820901  0.000  0.032  0.004  0.036
   0.41481      6.816974  0.002  0.011  0.008  0.020
   0.43785      6.816716  0.000  0.012  0.008  0.021
   0.43785      6.816716  0.000  0.012  0.008  0.021
   0.45116      6.815344  0.000  0.036  0.004  0.040
   0.46446      6.796029  0.000  0.034  0.004  0.036
   0.47777      6.772941  0.000  0.001  0.001  0.003
   0.49107      6.774779  0.000  0.002  0.002  0.004
   0.50438      6.775436  0.000  0.002  0.002  0.004
   0.51768      6.774858  0.000  0.004  0.002  0.006
   0.53099      6.773225  0.000  0.006  0.002  0.008
   0.54429      6.770868  0.000  0.007  0.002  0.009
   0.55760      6.776042  0.000  0.016  0.000  0.016
   0.57090      6.765525  0.000  0.008  0.002  0.010
   0.58421      6.763465  0.000  0.009  0.002  0.011
   0.59751      6.762448  0.000  0.010  0.002  0.012
   0.61082      6.760147  0.000  0.014  0.002  0.017
   0.62412      6.757736  0.000  0.015  0.002  0.017
   0.63743      6.757248  0.000  0.016  0.002  0.018
   0.65073      6.759187  0.000  0.016  0.002  0.018
   0.66404      6.763859  0.000  0.017  0.002  0.018
   0.67734      6.771048  0.000  0.018  0.002  0.019
   0.69065      6.779595  0.000  0.018  0.001  0.020
   0.69065      6.779595  0.000  0.018  0.001  0.020
   0.71726      6.762442  0.000  0.017  0.002  0.019
   0.74387      6.758512  0.000  0.014  0.004  0.018
   0.77048      6.745624  0.000  0.012  0.002  0.014
   0.79709      6.731848  0.000  0.017  0.002  0.020
   0.82370      6.759052  0.000  0.018  0.004  0.022
   0.85031      6.749670  0.000  0.004  0.008  0.012
   0.87692      6.736644  0.000  0.004  0.008  0.012
   0.90353      6.711562  0.000  0.004  0.004  0.010
   0.93014      6.709690  0.000  0.004  0.002  0.006
   0.95675      6.686773  0.000  0.002  0.002  0.004
   0.98336      6.669216  0.000  0.038  0.004  0.042
   1.00997      6.704390  0.000  0.036  0.004  0.040
   1.03658      6.742349  0.000  0.028  0.004  0.032
   1.06319      6.773345  0.000  0.018  0.004  0.022
   1.08980      6.796727  0.000  0.008  0.002  0.010
   1.11641      6.839346  0.000  0.004  0.002  0.006
   1.14302      6.898039  0.000  0.002  0.002  0.004
   1.16963      6.947351  0.000  0.000  0.002  0.002
   1.19624      6.968977  0.000  0.000  0.000  0.000
 
# Band-Index:  122
   1.19624      7.059778  0.000  0.000  0.010  0.010
   1.16963      7.053822  0.000  0.002  0.010  0.012
   1.14302      7.034078  0.000  0.010  0.010  0.020
   1.11641      6.995476  0.000  0.022  0.008  0.030
   1.08980      6.935089  0.000  0.034  0.004  0.038
   1.06319      6.860525  0.000  0.038  0.004  0.042
   1.03658      6.788321  0.000  0.041  0.002  0.042
   1.00997      6.740643  0.000  0.040  0.000  0.042
   0.98336      6.724100  0.000  0.038  0.000  0.038
   0.95675      6.725820  0.000  0.034  0.000  0.036
   0.93014      6.740355  0.000  0.030  0.002  0.032
   0.90353      6.756226  0.000  0.008  0.004  0.012
   0.87692      6.767334  0.000  0.008  0.000  0.010
   0.85031      6.796377  0.000  0.014  0.002  0.016
   0.82370      6.762358  0.000  0.003  0.010  0.013
   0.79709      6.773685  0.000  0.002  0.011  0.012
   0.77048      6.773431  0.000  0.004  0.008  0.014
   0.74387      6.774005  0.000  0.012  0.000  0.014
   0.71726      6.792624  0.000  0.018  0.002  0.021
   0.69065      6.780168  0.000  0.018  0.001  0.020
   0.69065      6.780168  0.000  0.018  0.001  0.020
   0.67734      6.787632  0.000  0.019  0.002  0.021
   0.66404      6.788108  0.000  0.018  0.002  0.020
   0.65073      6.780230  0.000  0.014  0.002  0.016
   0.63743      6.771844  0.000  0.012  0.002  0.014
   0.62412      6.766094  0.000  0.011  0.002  0.013
   0.61082      6.763169  0.000  0.010  0.002  0.013
   0.59751      6.764120  0.000  0.014  0.002  0.016
   0.58421      6.769035  0.000  0.014  0.002  0.015
   0.57090      6.774057  0.000  0.014  0.002  0.016
   0.55760      6.784990  0.002  0.010  0.006  0.017
   0.54429      6.814910  0.000  0.003  0.006  0.008
   0.53099      6.823016  0.000  0.004  0.004  0.008
   0.51768      6.835435  0.000  0.006  0.004  0.010
   0.50438      6.849697  0.000  0.006  0.004  0.010
   0.49107      6.863720  0.000  0.008  0.004  0.012
   0.47777      6.874419  0.000  0.012  0.003  0.015
   0.46446      6.860313  0.000  0.014  0.012  0.027
   0.45116      6.832803  0.000  0.016  0.010  0.026
   0.43785      6.823718  0.000  0.037  0.004  0.042
   0.43785      6.823718  0.000  0.037  0.004  0.042
   0.41481      6.823433  0.000  0.036  0.004  0.040
   0.39176      6.822820  0.000  0.006  0.004  0.010
   0.36872      6.832960  0.000  0.002  0.002  0.006
   0.34567      6.823718  0.000  0.004  0.002  0.006
   0.32263      6.800012  0.000  0.006  0.002  0.006
   0.29958      6.787163  0.000  0.004  0.002  0.006
   0.27654      6.786323  0.000  0.004  0.002  0.004
   0.25349      6.772149  0.000  0.010  0.002  0.014
   0.23045      6.762029  0.000  0.026  0.006  0.030
   0.20740      6.773506  0.000  0.002  0.004  0.008
   0.18436      6.819409  0.000  0.006  0.004  0.010
   0.16131      6.874798  0.000  0.010  0.002  0.012
   0.13827      6.936004  0.000  0.016  0.002  0.018
   0.11522      6.977944  0.000  0.022  0.008  0.030
   0.09218      7.002766  0.000  0.018  0.008  0.026
   0.06913      7.025148  0.000  0.012  0.010  0.020
   0.04609      7.043373  0.000  0.006  0.010  0.016
   0.02304      7.055496  0.000  0.002  0.010  0.012
   0.00000      7.059778  0.000  0.000  0.010  0.010
 
# Band-Index:  123
   0.00000      7.059781  0.000  0.000  0.010  0.010
   0.02304      7.065395  0.000  0.002  0.008  0.010
   0.04609      7.072717  0.000  0.006  0.006  0.012
   0.06913      7.069239  0.000  0.014  0.004  0.018
   0.09218      7.046184  0.000  0.020  0.004  0.024
   0.11522      6.999469  0.000  0.022  0.002  0.024
   0.13827      6.952019  0.000  0.026  0.008  0.034
   0.16131      6.919546  0.000  0.018  0.002  0.020
   0.18436      6.874214  0.000  0.014  0.002  0.016
   0.20740      6.835833  0.000  0.010  0.002  0.010
   0.23045      6.809092  0.000  0.004  0.002  0.006
   0.25349      6.793806  0.000  0.004  0.002  0.004
   0.27654      6.805417  0.000  0.010  0.002  0.014
   0.29958      6.806275  0.000  0.034  0.004  0.038
   0.32263      6.822004  0.000  0.026  0.004  0.030
   0.34567      6.853586  0.000  0.016  0.002  0.018
   0.36872      6.866607  0.000  0.008  0.002  0.010
   0.39176      6.868321  0.000  0.010  0.002  0.012
   0.41481      6.869401  0.000  0.012  0.002  0.014
   0.43785      6.872644  0.000  0.014  0.002  0.016
   0.43785      6.872644  0.000  0.014  0.002  0.016
   0.45116      6.875718  0.000  0.014  0.003  0.018
   0.46446      6.878487  0.000  0.014  0.004  0.017
   0.47777      6.876008  0.000  0.006  0.012  0.019
   0.49107      6.876262  0.000  0.003  0.010  0.014
   0.50438      6.869350  0.000  0.002  0.008  0.011
   0.51768      6.858152  0.000  0.002  0.008  0.010
   0.53099      6.841653  0.000  0.002  0.008  0.010
   0.54429      6.817289  0.002  0.006  0.006  0.014
   0.55760      6.815864  0.000  0.002  0.006  0.009
   0.57090      6.826158  0.000  0.002  0.006  0.010
   0.58421      6.839283  0.000  0.002  0.006  0.010
   0.59751      6.851977  0.000  0.002  0.006  0.008
   0.61082      6.851032  0.000  0.012  0.002  0.014
   0.62412      6.842763  0.000  0.010  0.002  0.012
   0.63743      6.834262  0.000  0.008  0.002  0.010
   0.65073      6.826292  0.000  0.006  0.002  0.008
   0.66404      6.822258  0.000  0.002  0.000  0.002
   0.67734      6.829297  0.000  0.000  0.000  0.002
   0.69065      6.841973  0.001  0.002  0.000  0.002
   0.69065      6.841973  0.001  0.002  0.000  0.002
   0.71726      6.824761  0.000  0.002  0.000  0.002
   0.74387      6.832194  0.000  0.008  0.003  0.012
   0.77048      6.844235  0.000  0.009  0.005  0.015
   0.79709      6.850653  0.000  0.008  0.006  0.016
   0.82370      6.849459  0.000  0.008  0.008  0.016
   0.85031      6.818414  0.000  0.006  0.002  0.008
   0.87692      6.798709  0.000  0.018  0.002  0.022
   0.90353      6.766057  0.000  0.024  0.004  0.028
   0.93014      6.793367  0.000  0.008  0.004  0.010
   0.95675      6.849582  0.000  0.006  0.002  0.008
   0.98336      6.891694  0.000  0.004  0.002  0.006
   1.00997      6.916207  0.000  0.008  0.002  0.010
   1.03658      6.949066  0.000  0.016  0.002  0.018
   1.06319      6.993929  0.000  0.023  0.004  0.026
   1.08980      7.046231  0.000  0.024  0.004  0.028
   1.11641      7.077555  0.000  0.012  0.002  0.014
   1.14302      7.077054  0.000  0.006  0.006  0.012
   1.16963      7.067032  0.000  0.002  0.008  0.010
   1.19624      7.059781  0.000  0.000  0.010  0.010
 
# Band-Index:  124
   1.19624      7.177014  0.000  0.000  0.019  0.020
   1.16963      7.166529  0.000  0.002  0.016  0.018
   1.14302      7.141702  0.000  0.004  0.012  0.016
   1.11641      7.110180  0.000  0.004  0.008  0.012
   1.08980      7.074386  0.000  0.006  0.004  0.010
   1.06319      7.037081  0.000  0.006  0.002  0.008
   1.03658      6.998510  0.000  0.004  0.002  0.006
   1.00997      6.957400  0.000  0.004  0.002  0.006
   0.98336      6.913341  0.000  0.005  0.000  0.005
   0.95675      6.868062  0.000  0.004  0.000  0.006
   0.93014      6.827903  0.000  0.004  0.000  0.004
   0.90353      6.809316  0.000  0.002  0.002  0.004
   0.87692      6.813038  0.000  0.002  0.006  0.008
   0.85031      6.834810  0.000  0.008  0.010  0.018
   0.82370      6.865486  0.000  0.005  0.000  0.006
   0.79709      6.871435  0.000  0.010  0.000  0.012
   0.77048      6.844845  0.000  0.011  0.002  0.013
   0.74387      6.836130  0.000  0.004  0.002  0.007
   0.71726      6.840142  0.000  0.002  0.000  0.004
   0.69065      6.842180  0.001  0.002  0.000  0.002
   0.69065      6.842180  0.001  0.002  0.000  0.002
   0.67734      6.850341  0.000  0.002  0.000  0.004
   0.66404      6.856075  0.000  0.004  0.000  0.004
   0.65073      6.861016  0.000  0.004  0.000  0.004
   0.63743      6.866628  0.000  0.004  0.000  0.006
   0.62412      6.870491  0.000  0.006  0.002  0.008
   0.61082      6.863182  0.000  0.003  0.006  0.008
   0.59751      6.859072  0.000  0.012  0.002  0.014
   0.58421      6.867260  0.000  0.014  0.002  0.016
   0.57090      6.876417  0.000  0.016  0.002  0.020
   0.55760      6.888118  0.000  0.020  0.002  0.023
   0.54429      6.905114  0.000  0.026  0.002  0.028
   0.53099      6.930150  0.000  0.028  0.002  0.032
   0.51768      6.956720  0.000  0.004  0.000  0.004
   0.50438      6.961951  0.000  0.004  0.000  0.004
   0.49107      6.965552  0.000  0.004  0.000  0.004
   0.47777      6.943789  0.000  0.024  0.004  0.028
   0.46446      6.925296  0.000  0.015  0.000  0.016
   0.45116      6.920200  0.000  0.010  0.002  0.010
   0.43785      6.919515  0.000  0.008  0.002  0.010
   0.43785      6.919515  0.000  0.008  0.002  0.010
   0.41481      6.919918  0.000  0.012  0.002  0.012
   0.39176      6.908764  0.000  0.016  0.000  0.016
   0.36872      6.893564  0.000  0.018  0.000  0.018
   0.34567      6.856671  0.000  0.016  0.002  0.018
   0.32263      6.863743  0.000  0.018  0.004  0.024
   0.29958      6.842806  0.000  0.010  0.004  0.014
   0.27654      6.812631  0.000  0.040  0.004  0.044
   0.25349      6.830377  0.000  0.040  0.006  0.045
   0.23045      6.851957  0.000  0.038  0.006  0.044
   0.20740      6.875492  0.000  0.036  0.006  0.042
   0.18436      6.900286  0.000  0.034  0.006  0.040
   0.16131      6.925931  0.000  0.030  0.006  0.038
   0.13827      6.966867  0.000  0.020  0.002  0.022
   0.11522      7.013361  0.000  0.018  0.004  0.022
   0.09218      7.068319  0.000  0.018  0.004  0.022
   0.06913      7.117449  0.000  0.010  0.008  0.016
   0.04609      7.147935  0.000  0.004  0.012  0.016
   0.02304      7.168891  0.000  0.002  0.018  0.018
   0.00000      7.177014  0.000  0.000  0.019  0.020
 
# Band-Index:  125
   0.00000      7.177025  0.000  0.000  0.019  0.020
   0.02304      7.176375  0.000  0.000  0.018  0.018
   0.04609      7.173773  0.000  0.002  0.016  0.018
   0.06913      7.167818  0.000  0.006  0.014  0.020
   0.09218      7.141371  0.000  0.012  0.008  0.020
   0.11522      7.127266  0.000  0.008  0.008  0.016
   0.13827      7.112380  0.000  0.008  0.008  0.016
   0.16131      7.094465  0.000  0.010  0.006  0.016
   0.18436      7.074171  0.000  0.010  0.006  0.016
   0.20740      7.049858  0.000  0.014  0.002  0.016
   0.23045      7.016854  0.000  0.024  0.002  0.025
   0.25349      6.976225  0.000  0.031  0.002  0.033
   0.27654      6.935320  0.000  0.032  0.002  0.034
   0.29958      6.900877  0.000  0.026  0.002  0.028
   0.32263      6.889333  0.000  0.008  0.001  0.010
   0.34567      6.898739  0.000  0.008  0.002  0.010
   0.36872      6.895375  0.000  0.008  0.002  0.010
   0.39176      6.938259  0.000  0.004  0.002  0.006
   0.41481      6.971129  0.000  0.004  0.002  0.004
   0.43785      6.983522  0.000  0.004  0.002  0.004
   0.43785      6.983522  0.000  0.004  0.002  0.004
   0.45116      6.980662  0.000  0.004  0.000  0.004
   0.46446      6.974431  0.000  0.002  0.000  0.004
   0.47777      6.969064  0.000  0.004  0.000  0.004
   0.49107      6.972811  0.000  0.026  0.008  0.035
   0.50438      6.992862  0.000  0.012  0.008  0.022
   0.51768      6.962023  0.000  0.028  0.004  0.032
   0.53099      6.949533  0.000  0.004  0.000  0.004
   0.54429      6.940620  0.000  0.004  0.000  0.004
   0.55760      6.930389  0.000  0.002  0.000  0.004
   0.57090      6.919267  0.000  0.002  0.000  0.004
   0.58421      6.907732  0.000  0.002  0.000  0.004
   0.59751      6.896365  0.000  0.002  0.000  0.004
   0.61082      6.885957  0.000  0.002  0.000  0.004
   0.62412      6.879073  0.000  0.000  0.002  0.002
   0.63743      6.882644  0.000  0.002  0.004  0.006
   0.65073      6.885939  0.000  0.004  0.002  0.006
   0.66404      6.885157  0.000  0.006  0.002  0.006
   0.67734      6.879586  0.000  0.000  0.002  0.002
   0.69065      6.872680  0.000  0.000  0.002  0.002
   0.69065      6.872680  0.000  0.000  0.002  0.002
   0.71726      6.886078  0.000  0.006  0.000  0.008
   0.74387      6.897474  0.000  0.006  0.000  0.006
   0.77048      6.907871  0.000  0.006  0.002  0.006
   0.79709      6.909971  0.000  0.007  0.002  0.008
   0.82370      6.900077  0.000  0.012  0.002  0.012
   0.85031      6.892436  0.000  0.022  0.000  0.022
   0.87692      6.867847  0.000  0.004  0.000  0.004
   0.90353      6.853584  0.000  0.002  0.002  0.004
   0.93014      6.857971  0.000  0.002  0.002  0.002
   0.95675      6.872675  0.000  0.002  0.002  0.002
   0.98336      6.916320  0.000  0.003  0.002  0.005
   1.00997      6.984024  0.000  0.002  0.000  0.002
   1.03658      7.043099  0.000  0.002  0.000  0.002
   1.06319      7.081979  0.000  0.006  0.002  0.008
   1.08980      7.102055  0.000  0.012  0.006  0.016
   1.11641      7.130747  0.000  0.020  0.010  0.030
   1.14302      7.165574  0.000  0.008  0.014  0.022
   1.16963      7.175847  0.000  0.002  0.018  0.018
   1.19624      7.177025  0.000  0.000  0.019  0.020
 
# Band-Index:  126
   1.19624      7.257682  0.000  0.000  0.022  0.022
   1.16963      7.247223  0.000  0.006  0.022  0.027
   1.14302      7.218283  0.000  0.036  0.010  0.047
   1.11641      7.176391  0.000  0.028  0.010  0.038
   1.08980      7.145406  0.000  0.016  0.012  0.028
   1.06319      7.126384  0.000  0.010  0.014  0.024
   1.03658      7.113240  0.000  0.010  0.014  0.024
   1.00997      7.101179  0.000  0.012  0.014  0.026
   0.98336      7.085194  0.000  0.020  0.011  0.032
   0.95675      7.058215  0.000  0.034  0.006  0.040
   0.93014      7.015855  0.000  0.042  0.002  0.044
   0.90353      6.965042  0.000  0.040  0.002  0.042
   0.87692      6.917218  0.000  0.034  0.000  0.035
   0.85031      6.894184  0.000  0.005  0.000  0.006
   0.82370      6.909861  0.002  0.010  0.000  0.012
   0.79709      6.911787  0.002  0.010  0.000  0.011
   0.77048      6.911235  0.000  0.004  0.002  0.006
   0.74387      6.909847  0.000  0.000  0.004  0.006
   0.71726      6.897652  0.000  0.000  0.002  0.002
   0.69065      6.880608  0.000  0.008  0.000  0.008
   0.69065      6.880608  0.000  0.008  0.000  0.008
   0.67734      6.882138  0.000  0.008  0.000  0.008
   0.66404      6.893040  0.000  0.000  0.002  0.002
   0.65073      6.908694  0.000  0.000  0.002  0.002
   0.63743      6.924980  0.000  0.000  0.002  0.004
   0.62412      6.940901  0.000  0.002  0.004  0.004
   0.61082      6.955729  0.000  0.002  0.004  0.006
   0.59751      6.968972  0.000  0.002  0.004  0.006
   0.58421      6.980353  0.000  0.002  0.006  0.008
   0.57090      6.989781  0.000  0.004  0.006  0.010
   0.55760      6.997283  0.000  0.006  0.006  0.012
   0.54429      7.002872  0.000  0.008  0.008  0.016
   0.53099      7.006257  0.000  0.010  0.008  0.020
   0.51768      7.005962  0.000  0.016  0.010  0.026
   0.50438      6.998799  0.000  0.036  0.008  0.045
   0.49107      7.018650  0.000  0.018  0.006  0.026
   0.47777      7.027777  0.000  0.010  0.006  0.018
   0.46446      7.031389  0.000  0.008  0.006  0.014
   0.45116      7.033194  0.000  0.008  0.006  0.014
   0.43785      7.033780  0.000  0.006  0.006  0.014
   0.43785      7.033780  0.000  0.006  0.006  0.014
   0.41481      7.035139  0.000  0.006  0.008  0.014
   0.39176      7.016671  0.002  0.008  0.006  0.014
   0.36872      6.992680  0.000  0.012  0.006  0.018
   0.34567      6.984553  0.000  0.014  0.006  0.022
   0.32263      6.991840  0.000  0.016  0.006  0.022
   0.29958      7.007812  0.000  0.016  0.006  0.022
   0.27654      7.022967  0.000  0.020  0.002  0.020
   0.25349      7.030453  0.000  0.022  0.002  0.022
   0.23045      7.043580  0.000  0.022  0.002  0.024
   0.20740      7.061010  0.000  0.024  0.002  0.026
   0.18436      7.081239  0.000  0.024  0.004  0.026
   0.16131      7.102676  0.000  0.022  0.004  0.026
   0.13827      7.123630  0.000  0.020  0.006  0.024
   0.11522      7.142377  0.000  0.016  0.008  0.024
   0.09218      7.157400  0.000  0.010  0.010  0.022
   0.06913      7.170387  0.000  0.026  0.012  0.038
   0.04609      7.216183  0.000  0.028  0.014  0.042
   0.02304      7.248933  0.000  0.010  0.020  0.030
   0.00000      7.257682  0.000  0.000  0.022  0.022
 
# Band-Index:  127
   0.00000      7.261287  0.000  0.034  0.016  0.050
   0.02304      7.254813  0.000  0.030  0.016  0.046
   0.04609      7.240602  0.000  0.022  0.018  0.040
   0.06913      7.222146  0.000  0.020  0.020  0.040
   0.09218      7.203504  0.000  0.016  0.020  0.038
   0.11522      7.190124  0.000  0.014  0.016  0.030
   0.13827      7.182314  0.000  0.012  0.012  0.024
   0.16131      7.169284  0.000  0.018  0.006  0.026
   0.18436      7.137852  0.000  0.032  0.006  0.038
   0.20740      7.098062  0.000  0.038  0.008  0.046
   0.23045      7.065440  0.000  0.031  0.010  0.040
   0.25349      7.042742  0.000  0.024  0.008  0.032
   0.27654      7.024692  0.000  0.018  0.008  0.026
   0.29958      7.022007  0.000  0.016  0.000  0.016
   0.32263      7.027430  0.000  0.012  0.000  0.012
   0.34567      7.037563  0.000  0.008  0.000  0.008
   0.36872      7.049592  0.000  0.006  0.000  0.006
   0.39176      7.044909  0.000  0.004  0.008  0.012
   0.41481      7.052686  0.002  0.006  0.004  0.012
   0.43785      7.073622  0.000  0.002  0.000  0.002
   0.43785      7.073622  0.000  0.002  0.000  0.002
   0.45116      7.057195  0.000  0.002  0.002  0.004
   0.46446      7.046417  0.000  0.002  0.002  0.004
   0.47777      7.040001  0.000  0.002  0.002  0.004
   0.49107      7.036360  0.000  0.004  0.002  0.005
   0.50438      7.034549  0.000  0.004  0.002  0.006
   0.51768      7.033967  0.000  0.004  0.002  0.006
   0.53099      7.034247  0.000  0.004  0.002  0.006
   0.54429      7.035316  0.000  0.004  0.002  0.006
   0.55760      7.037308  0.000  0.004  0.002  0.006
   0.57090      7.040261  0.000  0.004  0.002  0.006
   0.58421      7.043548  0.000  0.004  0.002  0.006
   0.59751      7.044882  0.000  0.006  0.002  0.008
   0.61082      7.039980  0.002  0.006  0.002  0.010
   0.62412      7.027664  0.002  0.008  0.004  0.012
   0.63743      7.013639  0.002  0.008  0.004  0.014
   0.65073      7.004297  0.002  0.006  0.006  0.014
   0.66404      7.003444  0.002  0.004  0.008  0.014
   0.67734      7.011527  0.002  0.002  0.010  0.014
   0.69065      7.026573  0.002  0.001  0.011  0.014
   0.69065      7.026573  0.002  0.001  0.011  0.014
   0.71726      7.002237  0.002  0.004  0.008  0.014
   0.74387      7.015474  0.002  0.004  0.002  0.008
   0.77048      7.035533  0.000  0.002  0.000  0.004
   0.79709      7.035567  0.000  0.004  0.000  0.004
   0.82370      7.046618  0.000  0.012  0.000  0.012
   0.85031      7.066505  0.000  0.008  0.006  0.014
   0.87692      7.071786  0.000  0.006  0.010  0.016
   0.90353      7.088460  0.000  0.002  0.014  0.016
   0.93014      7.113973  0.000  0.002  0.016  0.018
   0.95675      7.150502  0.000  0.009  0.016  0.024
   0.98336      7.201408  0.000  0.022  0.012  0.032
   1.00997      7.244657  0.000  0.014  0.004  0.018
   1.03658      7.238232  0.000  0.006  0.006  0.012
   1.06319      7.229162  0.000  0.002  0.014  0.016
   1.08980      7.219043  0.000  0.000  0.020  0.020
   1.11641      7.213744  0.000  0.004  0.022  0.026
   1.14302      7.223381  0.000  0.010  0.024  0.033
   1.16963      7.251334  0.000  0.036  0.014  0.050
   1.19624      7.261287  0.000  0.034  0.016  0.050
 
# Band-Index:  128
   1.19624      7.376263  0.000  0.050  0.014  0.065
   1.16963      7.369949  0.000  0.040  0.018  0.056
   1.14302      7.366010  0.000  0.020  0.022  0.042
   1.11641      7.369609  0.000  0.010  0.022  0.032
   1.08980      7.367870  0.000  0.003  0.018  0.020
   1.06319      7.324531  0.000  0.006  0.020  0.026
   1.03658      7.301043  0.000  0.010  0.027  0.037
   1.00997      7.260204  0.000  0.026  0.010  0.036
   0.98336      7.252361  0.000  0.020  0.004  0.022
   0.95675      7.258370  0.000  0.022  0.004  0.026
   0.93014      7.248088  0.000  0.024  0.004  0.028
   0.90353      7.206529  0.000  0.024  0.002  0.026
   0.87692      7.148636  0.000  0.022  0.002  0.024
   0.85031      7.090102  0.000  0.020  0.000  0.020
   0.82370      7.074110  0.000  0.008  0.004  0.012
   0.79709      7.091824  0.000  0.008  0.002  0.010
   0.77048      7.114598  0.000  0.006  0.002  0.008
   0.74387      7.125938  0.002  0.002  0.014  0.016
   0.71726      7.070884  0.002  0.000  0.012  0.014
   0.69065      7.026813  0.002  0.001  0.011  0.014
   0.69065      7.026813  0.002  0.001  0.011  0.014
   0.67734      7.045965  0.002  0.000  0.012  0.014
   0.66404      7.066488  0.002  0.000  0.012  0.014
   0.65073      7.086754  0.002  0.000  0.012  0.014
   0.63743      7.105672  0.002  0.000  0.012  0.014
   0.62412      7.122490  0.002  0.000  0.012  0.014
   0.61082      7.125397  0.000  0.010  0.002  0.014
   0.59751      7.138827  0.000  0.012  0.002  0.016
   0.58421      7.157455  0.002  0.002  0.008  0.012
   0.57090      7.163087  0.000  0.004  0.008  0.012
   0.55760      7.163107  0.000  0.006  0.008  0.014
   0.54429      7.151727  0.000  0.010  0.008  0.018
   0.53099      7.126885  0.000  0.012  0.010  0.022
   0.51768      7.097421  0.000  0.012  0.006  0.018
   0.50438      7.076521  0.000  0.006  0.004  0.010
   0.49107      7.081072  0.000  0.008  0.002  0.012
   0.47777      7.110529  0.000  0.014  0.004  0.016
   0.46446      7.121945  0.002  0.008  0.004  0.014
   0.45116      7.095936  0.000  0.006  0.002  0.010
   0.43785      7.074013  0.002  0.006  0.004  0.010
   0.43785      7.074013  0.002  0.006  0.004  0.010
   0.41481      7.069797  0.000  0.002  0.000  0.002
   0.39176      7.060901  0.000  0.004  0.000  0.004
   0.36872      7.060731  0.000  0.004  0.006  0.011
   0.34567      7.069297  0.000  0.010  0.002  0.014
   0.32263      7.078274  0.000  0.014  0.002  0.016
   0.29958      7.102026  0.000  0.013  0.002  0.016
   0.27654      7.138864  0.000  0.010  0.002  0.012
   0.25349      7.183474  0.000  0.008  0.004  0.011
   0.23045      7.225186  0.000  0.008  0.006  0.014
   0.20740      7.240843  0.000  0.014  0.008  0.022
   0.18436      7.243241  0.000  0.020  0.012  0.032
   0.16131      7.258912  0.000  0.030  0.014  0.042
   0.13827      7.298925  0.000  0.028  0.012  0.040
   0.11522      7.344961  0.000  0.016  0.014  0.030
   0.09218      7.364660  0.000  0.008  0.022  0.030
   0.06913      7.366370  0.000  0.014  0.022  0.036
   0.04609      7.366752  0.000  0.024  0.020  0.046
   0.02304      7.371341  0.000  0.042  0.016  0.058
   0.00000      7.376263  0.000  0.050  0.014  0.065
 
# Band-Index:  129
   0.00000      7.376296  0.000  0.050  0.014  0.065
   0.02304      7.377178  0.000  0.048  0.016  0.064
   0.04609      7.379846  0.000  0.042  0.016  0.058
   0.06913      7.384393  0.000  0.032  0.018  0.050
   0.09218      7.390868  0.000  0.022  0.018  0.042
   0.11522      7.396877  0.000  0.014  0.018  0.034
   0.13827      7.391013  0.000  0.006  0.022  0.030
   0.16131      7.387270  0.000  0.002  0.022  0.024
   0.18436      7.364421  0.000  0.002  0.012  0.013
   0.20740      7.318525  0.000  0.004  0.004  0.008
   0.23045      7.284463  0.000  0.010  0.004  0.014
   0.25349      7.273289  0.000  0.014  0.002  0.018
   0.27654      7.250342  0.000  0.018  0.006  0.024
   0.29958      7.209442  0.000  0.020  0.008  0.030
   0.32263      7.167496  0.000  0.022  0.010  0.032
   0.34567      7.139498  0.000  0.026  0.008  0.036
   0.36872      7.144651  0.000  0.026  0.006  0.032
   0.39176      7.176225  0.000  0.020  0.004  0.024
   0.41481      7.196215  0.000  0.010  0.004  0.014
   0.43785      7.190231  0.000  0.004  0.006  0.010
   0.43785      7.190231  0.000  0.004  0.006  0.010
   0.45116      7.181562  0.000  0.006  0.006  0.014
   0.46446      7.148454  0.000  0.012  0.004  0.016
   0.47777      7.150732  0.002  0.010  0.008  0.018
   0.49107      7.181964  0.002  0.012  0.010  0.024
   0.50438      7.200852  0.000  0.004  0.006  0.012
   0.51768      7.201375  0.000  0.004  0.008  0.012
   0.53099      7.203110  0.002  0.006  0.010  0.016
   0.54429      7.209667  0.002  0.008  0.014  0.022
   0.55760      7.226119  0.000  0.010  0.016  0.028
   0.57090      7.194708  0.000  0.014  0.004  0.018
   0.58421      7.163702  0.000  0.014  0.004  0.018
   0.59751      7.148499  0.002  0.002  0.010  0.012
   0.61082      7.136809  0.002  0.002  0.010  0.012
   0.62412      7.125399  0.000  0.008  0.002  0.010
   0.63743      7.134077  0.000  0.006  0.002  0.008
   0.65073      7.146192  0.000  0.004  0.002  0.006
   0.66404      7.158133  0.000  0.002  0.002  0.004
   0.67734      7.166865  0.000  0.000  0.002  0.004
   0.69065      7.170012  0.000  0.000  0.002  0.002
   0.69065      7.170012  0.000  0.000  0.002  0.002
   0.71726      7.159744  0.000  0.002  0.002  0.004
   0.74387      7.138486  0.000  0.004  0.002  0.006
   0.77048      7.182091  0.000  0.004  0.016  0.020
   0.79709      7.216964  0.000  0.008  0.020  0.028
   0.82370      7.229861  0.000  0.012  0.018  0.030
   0.85031      7.248409  0.000  0.010  0.018  0.028
   0.87692      7.277025  0.000  0.008  0.018  0.026
   0.90353      7.309647  0.000  0.008  0.018  0.026
   0.93014      7.337424  0.000  0.019  0.005  0.024
   0.95675      7.349867  0.000  0.014  0.016  0.030
   0.98336      7.329442  0.000  0.006  0.026  0.032
   1.00997      7.307547  0.000  0.006  0.028  0.036
   1.03658      7.315889  0.000  0.024  0.010  0.035
   1.06319      7.355997  0.000  0.016  0.014  0.030
   1.08980      7.371150  0.000  0.008  0.018  0.026
   1.11641      7.388164  0.000  0.022  0.020  0.042
   1.14302      7.384442  0.000  0.036  0.018  0.055
   1.16963      7.377983  0.000  0.046  0.016  0.062
   1.19624      7.376296  0.000  0.050  0.014  0.065
 
# Band-Index:  130
   1.19624      7.435172  0.000  0.051  0.022  0.074
   1.16963      7.434974  0.000  0.050  0.024  0.073
   1.14302      7.431816  0.000  0.046  0.024  0.071
   1.11641      7.424768  0.000  0.042  0.026  0.068
   1.08980      7.414897  0.000  0.035  0.027  0.063
   1.06319      7.406263  0.000  0.027  0.028  0.055
   1.03658      7.400031  0.000  0.023  0.027  0.049
   1.00997      7.391848  0.000  0.020  0.026  0.047
   0.98336      7.379972  0.000  0.017  0.024  0.041
   0.95675      7.363034  0.000  0.014  0.022  0.035
   0.93014      7.339583  0.000  0.010  0.019  0.030
   0.90353      7.335315  0.000  0.018  0.006  0.024
   0.87692      7.338451  0.000  0.016  0.006  0.022
   0.85031      7.321277  0.000  0.014  0.004  0.016
   0.82370      7.282375  0.000  0.012  0.002  0.014
   0.79709      7.248710  0.000  0.012  0.002  0.014
   0.77048      7.237294  0.000  0.010  0.002  0.012
   0.74387      7.250897  0.000  0.008  0.002  0.010
   0.71726      7.274885  0.000  0.006  0.002  0.006
   0.69065      7.280918  0.000  0.002  0.000  0.002
   0.69065      7.280918  0.000  0.002  0.000  0.002
   0.67734      7.281332  0.000  0.002  0.000  0.002
   0.66404      7.283089  0.000  0.002  0.002  0.002
   0.65073      7.286567  0.000  0.002  0.002  0.004
   0.63743      7.291571  0.000  0.004  0.004  0.008
   0.62412      7.296669  0.000  0.006  0.008  0.014
   0.61082      7.297313  0.000  0.006  0.014  0.020
   0.59751      7.287342  0.000  0.006  0.016  0.022
   0.58421      7.270121  0.000  0.008  0.018  0.026
   0.57090      7.248586  0.000  0.010  0.018  0.028
   0.55760      7.227941  0.000  0.014  0.004  0.018
   0.54429      7.259694  0.000  0.014  0.006  0.020
   0.53099      7.275951  0.000  0.018  0.012  0.031
   0.51768      7.250090  0.000  0.016  0.016  0.032
   0.50438      7.215460  0.002  0.014  0.012  0.028
   0.49107      7.200537  0.000  0.004  0.006  0.010
   0.47777      7.200408  0.000  0.004  0.006  0.010
   0.46446      7.201199  0.000  0.004  0.006  0.010
   0.45116      7.208459  0.000  0.006  0.004  0.010
   0.43785      7.230857  0.000  0.002  0.002  0.002
   0.43785      7.230857  0.000  0.002  0.002  0.002
   0.41481      7.232051  0.000  0.000  0.002  0.002
   0.39176      7.245734  0.000  0.000  0.002  0.002
   0.36872      7.274228  0.000  0.000  0.002  0.002
   0.34567      7.293371  0.000  0.020  0.006  0.026
   0.32263      7.308639  0.000  0.020  0.005  0.024
   0.29958      7.324893  0.000  0.018  0.004  0.022
   0.27654      7.332314  0.000  0.006  0.014  0.020
   0.25349      7.350727  0.000  0.008  0.020  0.028
   0.23045      7.377603  0.000  0.008  0.004  0.012
   0.20740      7.393153  0.000  0.004  0.004  0.008
   0.18436      7.404261  0.000  0.002  0.006  0.008
   0.16131      7.408551  0.000  0.002  0.010  0.012
   0.13827      7.405768  0.000  0.006  0.014  0.020
   0.11522      7.398691  0.000  0.014  0.018  0.030
   0.09218      7.423224  0.000  0.016  0.008  0.026
   0.06913      7.440398  0.000  0.020  0.010  0.032
   0.04609      7.436986  0.000  0.046  0.026  0.072
   0.02304      7.435485  0.000  0.050  0.024  0.074
   0.00000      7.435172  0.000  0.051  0.022  0.074
 
# Band-Index:  131
   0.00000      7.435205  0.000  0.051  0.022  0.074
   0.02304      7.436754  0.000  0.046  0.020  0.066
   0.04609      7.439729  0.000  0.034  0.016  0.050
   0.06913      7.440973  0.000  0.041  0.028  0.070
   0.09218      7.448619  0.000  0.034  0.032  0.066
   0.11522      7.460445  0.000  0.028  0.036  0.062
   0.13827      7.476614  0.000  0.020  0.038  0.058
   0.16131      7.450792  0.000  0.008  0.008  0.016
   0.18436      7.416944  0.000  0.008  0.016  0.024
   0.20740      7.399976  0.000  0.008  0.022  0.030
   0.23045      7.378645  0.000  0.008  0.022  0.032
   0.25349      7.360050  0.000  0.012  0.004  0.016
   0.27654      7.342164  0.000  0.014  0.004  0.020
   0.29958      7.326490  0.000  0.004  0.008  0.014
   0.32263      7.320364  0.000  0.004  0.006  0.010
   0.34567      7.304976  0.000  0.002  0.004  0.006
   0.36872      7.278725  0.000  0.020  0.006  0.026
   0.39176      7.264458  0.000  0.020  0.006  0.026
   0.41481      7.252061  0.000  0.020  0.006  0.024
   0.43785      7.246621  0.000  0.018  0.006  0.024
   0.43785      7.246621  0.000  0.018  0.006  0.024
   0.45116      7.268854  0.000  0.016  0.002  0.020
   0.46446      7.281546  0.000  0.026  0.002  0.028
   0.47777      7.285074  0.002  0.030  0.002  0.034
   0.49107      7.286078  0.002  0.032  0.002  0.036
   0.50438      7.286542  0.002  0.032  0.002  0.036
   0.51768      7.287192  0.000  0.032  0.004  0.036
   0.53099      7.288391  0.000  0.032  0.004  0.038
   0.54429      7.290316  0.000  0.032  0.004  0.038
   0.55760      7.293000  0.000  0.032  0.006  0.038
   0.57090      7.296330  0.000  0.030  0.006  0.038
   0.58421      7.300002  0.000  0.028  0.008  0.036
   0.59751      7.303368  0.000  0.024  0.006  0.030
   0.61082      7.306397  0.000  0.018  0.000  0.018
   0.62412      7.311586  0.000  0.012  0.000  0.012
   0.63743      7.315729  0.000  0.011  0.000  0.012
   0.65073      7.308062  0.000  0.004  0.004  0.008
   0.66404      7.301012  0.000  0.006  0.002  0.008
   0.67734      7.298649  0.000  0.008  0.002  0.010
   0.69065      7.303264  0.000  0.008  0.001  0.010
   0.69065      7.303264  0.000  0.008  0.001  0.010
   0.71726      7.290355  0.000  0.004  0.002  0.006
   0.74387      7.299879  0.000  0.002  0.002  0.004
   0.77048      7.323519  0.000  0.024  0.018  0.043
   0.79709      7.336133  0.002  0.020  0.014  0.036
   0.82370      7.391207  0.002  0.020  0.016  0.036
   0.85031      7.451387  0.000  0.005  0.026  0.031
   0.87692      7.459762  0.000  0.001  0.034  0.034
   0.90353      7.434359  0.000  0.000  0.026  0.026
   0.93014      7.401246  0.000  0.000  0.024  0.024
   0.95675      7.381132  0.000  0.008  0.017  0.026
   0.98336      7.399402  0.000  0.024  0.013  0.037
   1.00997      7.412866  0.000  0.029  0.017  0.045
   1.03658      7.417753  0.000  0.033  0.019  0.051
   1.06319      7.419948  0.000  0.035  0.019  0.055
   1.08980      7.426074  0.000  0.034  0.014  0.049
   1.11641      7.442846  0.000  0.020  0.010  0.030
   1.14302      7.443351  0.000  0.030  0.016  0.046
   1.16963      7.437647  0.000  0.044  0.020  0.064
   1.19624      7.435205  0.000  0.051  0.022  0.074
 
# Band-Index:  132
   1.19624      7.559332  0.000  0.000  0.000  0.000
   1.16963      7.576107  0.000  0.002  0.000  0.004
   1.14302      7.578097  0.000  0.012  0.023  0.035
   1.11641      7.537665  0.000  0.020  0.031  0.052
   1.08980      7.533036  0.000  0.020  0.032  0.052
   1.06319      7.553328  0.000  0.034  0.030  0.063
   1.03658      7.541625  0.000  0.026  0.032  0.058
   1.00997      7.546111  0.000  0.020  0.031  0.051
   0.98336      7.532985  0.000  0.008  0.030  0.039
   0.95675      7.516245  0.000  0.010  0.034  0.045
   0.93014      7.496446  0.000  0.002  0.022  0.024
   0.90353      7.487114  0.000  0.000  0.024  0.026
   0.87692      7.479513  0.000  0.010  0.008  0.018
   0.85031      7.454756  0.000  0.023  0.019  0.043
   0.82370      7.432550  0.000  0.006  0.004  0.010
   0.79709      7.374352  0.000  0.006  0.002  0.006
   0.77048      7.326256  0.000  0.004  0.002  0.005
   0.74387      7.349086  0.000  0.026  0.019  0.044
   0.71726      7.334451  0.000  0.008  0.002  0.010
   0.69065      7.303487  0.000  0.008  0.001  0.010
   0.69065      7.303487  0.000  0.008  0.001  0.010
   0.67734      7.310948  0.000  0.008  0.002  0.010
   0.66404      7.315684  0.000  0.010  0.000  0.010
   0.65073      7.317241  0.000  0.010  0.000  0.010
   0.63743      7.317297  0.000  0.003  0.004  0.008
   0.62412      7.326909  0.000  0.002  0.006  0.008
   0.61082      7.335828  0.000  0.002  0.006  0.008
   0.59751      7.343444  0.000  0.002  0.008  0.010
   0.58421      7.349393  0.000  0.002  0.008  0.012
   0.57090      7.353109  0.000  0.004  0.010  0.016
   0.55760      7.351884  0.000  0.008  0.016  0.024
   0.54429      7.334408  0.002  0.010  0.022  0.034
   0.53099      7.313415  0.002  0.006  0.016  0.022
   0.51768      7.325869  0.000  0.006  0.012  0.018
   0.50438      7.336429  0.000  0.006  0.012  0.020
   0.49107      7.335432  0.000  0.008  0.012  0.018
   0.47777      7.327025  0.000  0.008  0.010  0.018
   0.46446      7.316382  0.000  0.010  0.010  0.020
   0.45116      7.308059  0.000  0.010  0.010  0.020
   0.43785      7.304967  0.000  0.010  0.010  0.020
   0.43785      7.304967  0.000  0.010  0.010  0.020
   0.41481      7.285828  0.002  0.020  0.010  0.032
   0.39176      7.308043  0.002  0.014  0.012  0.026
   0.36872      7.346273  0.000  0.002  0.008  0.010
   0.34567      7.356676  0.000  0.002  0.006  0.008
   0.32263      7.385134  0.000  0.002  0.010  0.012
   0.29958      7.412596  0.000  0.004  0.018  0.022
   0.27654      7.435667  0.000  0.004  0.024  0.028
   0.25349      7.460497  0.000  0.006  0.024  0.030
   0.23045      7.490241  0.000  0.006  0.026  0.032
   0.20740      7.526760  0.000  0.006  0.030  0.036
   0.18436      7.523142  0.000  0.012  0.040  0.050
   0.16131      7.497445  0.000  0.016  0.040  0.054
   0.13827      7.490843  0.000  0.006  0.012  0.018
   0.11522      7.510934  0.000  0.011  0.022  0.034
   0.09218      7.519736  0.000  0.020  0.030  0.049
   0.06913      7.548705  0.000  0.018  0.026  0.044
   0.04609      7.586687  0.000  0.014  0.018  0.033
   0.02304      7.572154  0.000  0.002  0.000  0.002
   0.00000      7.559332  0.000  0.000  0.000  0.000
 
# Band-Index:  133
   0.00000      7.610822  0.000  0.018  0.010  0.028
   0.02304      7.607024  0.000  0.016  0.014  0.030
   0.04609      7.603863  0.000  0.004  0.004  0.009
   0.06913      7.632468  0.000  0.012  0.008  0.020
   0.09218      7.632583  0.000  0.020  0.016  0.034
   0.11522      7.615095  0.000  0.022  0.018  0.040
   0.13827      7.606345  0.000  0.020  0.024  0.044
   0.16131      7.608464  0.000  0.010  0.034  0.044
   0.18436      7.567776  0.000  0.006  0.034  0.040
   0.20740      7.553123  0.000  0.008  0.038  0.046
   0.23045      7.586067  0.000  0.006  0.036  0.042
   0.25349      7.603402  0.000  0.004  0.006  0.010
   0.27654      7.555498  0.000  0.004  0.006  0.010
   0.29958      7.500634  0.000  0.006  0.010  0.016
   0.32263      7.449272  0.000  0.008  0.016  0.026
   0.34567      7.402679  0.002  0.012  0.018  0.030
   0.36872      7.358567  0.002  0.014  0.016  0.032
   0.39176      7.365722  0.000  0.006  0.014  0.020
   0.41481      7.354316  0.000  0.022  0.008  0.028
   0.43785      7.312398  0.002  0.036  0.006  0.042
   0.43785      7.312398  0.002  0.036  0.006  0.042
   0.45116      7.320667  0.000  0.029  0.006  0.036
   0.46446      7.346633  0.000  0.016  0.006  0.022
   0.47777      7.379703  0.000  0.008  0.004  0.014
   0.49107      7.403824  0.000  0.002  0.000  0.004
   0.50438      7.389433  0.000  0.002  0.000  0.004
   0.51768      7.379253  0.000  0.002  0.002  0.004
   0.53099      7.375402  0.000  0.002  0.004  0.006
   0.54429      7.377833  0.000  0.002  0.006  0.008
   0.55760      7.398426  0.002  0.006  0.016  0.022
   0.57090      7.393054  0.000  0.002  0.004  0.006
   0.58421      7.377833  0.000  0.004  0.006  0.010
   0.59751      7.365723  0.000  0.008  0.010  0.016
   0.61082      7.359999  0.000  0.012  0.016  0.030
   0.62412      7.362448  0.000  0.016  0.024  0.040
   0.63743      7.370925  0.000  0.018  0.026  0.046
   0.65073      7.382889  0.000  0.020  0.028  0.048
   0.66404      7.397287  0.000  0.020  0.028  0.048
   0.67734      7.413718  0.000  0.020  0.029  0.048
   0.69065      7.431459  0.000  0.020  0.029  0.049
   0.69065      7.431459  0.000  0.020  0.029  0.049
   0.71726      7.393068  0.000  0.020  0.028  0.048
   0.74387      7.390793  0.000  0.002  0.008  0.010
   0.77048      7.452030  0.000  0.002  0.008  0.010
   0.79709      7.485334  0.000  0.008  0.028  0.036
   0.82370      7.468073  0.000  0.006  0.024  0.032
   0.85031      7.482954  0.000  0.006  0.008  0.014
   0.87692      7.497075  0.000  0.000  0.028  0.028
   0.90353      7.497573  0.000  0.012  0.026  0.037
   0.93014      7.508958  0.000  0.012  0.034  0.045
   0.95675      7.524531  0.000  0.004  0.020  0.024
   0.98336      7.553947  0.000  0.014  0.027  0.042
   1.00997      7.559885  0.000  0.008  0.022  0.031
   1.03658      7.571500  0.000  0.010  0.022  0.032
   1.06319      7.553777  0.000  0.015  0.029  0.043
   1.08980      7.584247  0.000  0.036  0.026  0.062
   1.11641      7.619304  0.000  0.028  0.016  0.044
   1.14302      7.612419  0.000  0.008  0.003  0.012
   1.16963      7.605421  0.000  0.015  0.014  0.030
   1.19624      7.610822  0.000  0.018  0.010  0.028
 
# Band-Index:  134
   1.19624      7.711978  0.002  0.003  0.000  0.004
   1.16963      7.707642  0.001  0.006  0.008  0.014
   1.14302      7.691800  0.000  0.010  0.023  0.034
   1.11641      7.698567  0.000  0.002  0.022  0.024
   1.08980      7.705746  0.000  0.014  0.042  0.056
   1.06319      7.675419  0.000  0.008  0.046  0.054
   1.03658      7.647505  0.000  0.004  0.052  0.056
   1.00997      7.627757  0.000  0.004  0.016  0.020
   0.98336      7.575364  0.000  0.010  0.020  0.030
   0.95675      7.568069  0.000  0.026  0.027  0.052
   0.93014      7.563878  0.000  0.032  0.026  0.058
   0.90353      7.544630  0.000  0.034  0.025  0.058
   0.87692      7.508220  0.000  0.030  0.022  0.052
   0.85031      7.522438  0.000  0.000  0.028  0.030
   0.82370      7.549159  0.000  0.000  0.026  0.026
   0.79709      7.517182  0.000  0.002  0.012  0.014
   0.77048      7.500516  0.000  0.010  0.028  0.038
   0.74387      7.497655  0.000  0.014  0.030  0.044
   0.71726      7.469557  0.000  0.018  0.030  0.048
   0.69065      7.432107  0.000  0.020  0.029  0.049
   0.69065      7.432107  0.000  0.020  0.029  0.049
   0.67734      7.449884  0.000  0.020  0.030  0.048
   0.66404      7.466750  0.000  0.018  0.028  0.048
   0.65073      7.482411  0.000  0.018  0.028  0.046
   0.63743      7.496888  0.000  0.018  0.026  0.044
   0.62412      7.509832  0.000  0.018  0.026  0.044
   0.61082      7.519172  0.000  0.020  0.026  0.044
   0.59751      7.513128  0.000  0.018  0.028  0.046
   0.58421      7.478990  0.000  0.012  0.026  0.040
   0.57090      7.437015  0.002  0.010  0.022  0.032
   0.55760      7.409162  0.000  0.002  0.002  0.004
   0.54429      7.424894  0.000  0.000  0.002  0.002
   0.53099      7.439538  0.000  0.000  0.002  0.002
   0.51768      7.451809  0.000  0.000  0.002  0.002
   0.50438      7.438187  0.000  0.004  0.002  0.006
   0.49107      7.411128  0.000  0.006  0.004  0.008
   0.47777      7.415497  0.000  0.002  0.002  0.004
   0.46446      7.411247  0.000  0.006  0.016  0.022
   0.45116      7.407447  0.000  0.006  0.018  0.024
   0.43785      7.406298  0.000  0.006  0.018  0.024
   0.43785      7.406298  0.000  0.006  0.018  0.024
   0.41481      7.391474  0.000  0.006  0.018  0.024
   0.39176      7.406904  0.000  0.020  0.008  0.028
   0.36872      7.456204  0.000  0.020  0.008  0.028
   0.34567      7.498718  0.000  0.020  0.008  0.028
   0.32263      7.539549  0.000  0.018  0.010  0.028
   0.29958      7.585822  0.000  0.014  0.012  0.026
   0.27654      7.632768  0.000  0.008  0.016  0.024
   0.25349      7.620257  0.000  0.006  0.032  0.038
   0.23045      7.633483  0.000  0.006  0.012  0.018
   0.20740      7.640298  0.000  0.006  0.022  0.028
   0.18436      7.630643  0.000  0.010  0.028  0.038
   0.16131      7.616300  0.000  0.010  0.035  0.045
   0.13827      7.648564  0.000  0.006  0.044  0.051
   0.11522      7.679081  0.000  0.022  0.032  0.054
   0.09218      7.708158  0.000  0.018  0.028  0.046
   0.06913      7.697475  0.000  0.008  0.024  0.032
   0.04609      7.699044  0.000  0.010  0.018  0.029
   0.02304      7.708898  0.002  0.005  0.006  0.012
   0.00000      7.711978  0.002  0.003  0.000  0.004
 
# Band-Index:  135
   0.00000      7.862742  0.000  0.000  0.027  0.027
   0.02304      7.819411  0.000  0.012  0.012  0.024
   0.04609      7.778838  0.000  0.022  0.010  0.032
   0.06913      7.743700  0.000  0.012  0.024  0.038
   0.09218      7.718638  0.000  0.014  0.030  0.046
   0.11522      7.685557  0.000  0.010  0.042  0.052
   0.13827      7.659156  0.000  0.026  0.038  0.064
   0.16131      7.651323  0.000  0.028  0.044  0.072
   0.18436      7.657112  0.000  0.026  0.050  0.076
   0.20740      7.675249  0.000  0.022  0.054  0.076
   0.23045      7.702495  0.000  0.018  0.056  0.072
   0.25349      7.675191  0.000  0.004  0.020  0.024
   0.27654      7.653478  0.000  0.006  0.026  0.034
   0.29958      7.640886  0.000  0.016  0.014  0.032
   0.32263      7.612394  0.000  0.012  0.016  0.030
   0.34567      7.595183  0.000  0.012  0.020  0.032
   0.36872      7.557573  0.000  0.004  0.004  0.008
   0.39176      7.495883  0.000  0.002  0.002  0.004
   0.41481      7.450546  0.000  0.002  0.002  0.004
   0.43785      7.435593  0.000  0.000  0.006  0.008
   0.43785      7.435593  0.000  0.000  0.006  0.008
   0.45116      7.433730  0.000  0.002  0.006  0.008
   0.46446      7.428139  0.000  0.002  0.008  0.010
   0.47777      7.422277  0.000  0.008  0.018  0.026
   0.49107      7.434909  0.000  0.010  0.016  0.026
   0.50438      7.456152  0.000  0.012  0.012  0.024
   0.51768      7.464218  0.000  0.006  0.000  0.006
   0.53099      7.483975  0.000  0.006  0.002  0.008
   0.54429      7.504110  0.000  0.006  0.002  0.010
   0.55760      7.524918  0.000  0.008  0.004  0.012
   0.57090      7.546811  0.000  0.008  0.006  0.014
   0.58421      7.560733  0.000  0.012  0.012  0.025
   0.59751      7.562516  0.000  0.006  0.016  0.022
   0.61082      7.591136  0.000  0.002  0.024  0.028
   0.62412      7.597763  0.000  0.002  0.008  0.010
   0.63743      7.597017  0.000  0.002  0.008  0.008
   0.65073      7.595619  0.000  0.002  0.006  0.008
   0.66404      7.594453  0.000  0.002  0.006  0.008
   0.67734      7.593762  0.000  0.002  0.006  0.006
   0.69065      7.593538  0.000  0.002  0.006  0.006
   0.69065      7.593538  0.000  0.002  0.006  0.006
   0.71726      7.595007  0.000  0.002  0.006  0.008
   0.74387      7.605535  0.000  0.004  0.010  0.014
   0.77048      7.633787  0.000  0.010  0.018  0.028
   0.79709      7.625869  0.000  0.006  0.014  0.022
   0.82370      7.583834  0.000  0.004  0.014  0.018
   0.85031      7.558978  0.000  0.002  0.010  0.012
   0.87692      7.577361  0.000  0.002  0.008  0.010
   0.90353      7.612972  0.000  0.002  0.006  0.008
   0.93014      7.652866  0.000  0.004  0.008  0.010
   0.95675      7.672774  0.000  0.004  0.022  0.026
   0.98336      7.664784  0.000  0.004  0.038  0.042
   1.00997      7.647338  0.000  0.002  0.048  0.052
   1.03658      7.689041  0.000  0.004  0.014  0.018
   1.06319      7.747664  0.000  0.002  0.012  0.014
   1.08980      7.741525  0.000  0.000  0.018  0.019
   1.11641      7.729070  0.000  0.022  0.034  0.056
   1.14302      7.754977  0.000  0.024  0.020  0.046
   1.16963      7.806975  0.000  0.014  0.016  0.029
   1.19624      7.862742  0.000  0.000  0.027  0.027
 
# Band-Index:  136
   1.19624      7.863219  0.000  0.000  0.027  0.027
   1.16963      7.826416  0.000  0.002  0.018  0.022
   1.14302      7.806478  0.000  0.004  0.010  0.014
   1.11641      7.809626  0.000  0.004  0.006  0.012
   1.08980      7.812691  0.000  0.004  0.004  0.010
   1.06319      7.791467  0.000  0.004  0.022  0.026
   1.03658      7.806971  0.000  0.004  0.022  0.026
   1.00997      7.808601  0.000  0.006  0.020  0.028
   0.98336      7.795484  0.000  0.020  0.014  0.034
   0.95675      7.762185  0.000  0.020  0.010  0.030
   0.93014      7.744327  0.000  0.016  0.010  0.026
   0.90353      7.741152  0.000  0.012  0.006  0.018
   0.87692      7.726552  0.000  0.012  0.002  0.014
   0.85031      7.678319  0.000  0.008  0.010  0.018
   0.82370      7.626423  0.000  0.004  0.016  0.020
   0.79709      7.638128  0.000  0.002  0.028  0.030
   0.77048      7.677059  0.000  0.004  0.018  0.022
   0.74387      7.724361  0.000  0.006  0.022  0.026
   0.71726      7.771018  0.000  0.016  0.002  0.018
   0.69065      7.774739  0.000  0.016  0.004  0.020
   0.69065      7.774739  0.000  0.016  0.004  0.020
   0.67734      7.772758  0.000  0.016  0.004  0.020
   0.66404      7.758606  0.000  0.006  0.020  0.026
   0.65073      7.720943  0.000  0.002  0.030  0.032
   0.63743      7.678142  0.000  0.002  0.030  0.034
   0.62412      7.633797  0.000  0.002  0.028  0.032
   0.61082      7.595569  0.000  0.002  0.010  0.012
   0.59751      7.586342  0.000  0.004  0.010  0.014
   0.58421      7.568606  0.000  0.006  0.008  0.014
   0.57090      7.564590  0.000  0.014  0.010  0.026
   0.55760      7.559980  0.000  0.016  0.006  0.022
   0.54429      7.540052  0.000  0.014  0.006  0.020
   0.53099      7.512095  0.000  0.014  0.006  0.020
   0.51768      7.482884  0.000  0.012  0.008  0.022
   0.50438      7.466708  0.000  0.002  0.000  0.004
   0.49107      7.477790  0.000  0.004  0.000  0.004
   0.47777      7.488554  0.000  0.004  0.000  0.004
   0.46446      7.499253  0.000  0.004  0.000  0.006
   0.45116      7.510432  0.000  0.006  0.000  0.008
   0.43785      7.521388  0.002  0.006  0.002  0.010
   0.43785      7.521388  0.002  0.006  0.002  0.010
   0.41481      7.535866  0.000  0.008  0.000  0.010
   0.39176      7.566657  0.000  0.008  0.000  0.008
   0.36872      7.597586  0.000  0.014  0.020  0.032
   0.34567      7.626009  0.000  0.006  0.004  0.010
   0.32263      7.672892  0.000  0.008  0.020  0.028
   0.29958      7.681540  0.000  0.008  0.018  0.026
   0.27654      7.675410  0.000  0.022  0.012  0.034
   0.25349      7.712437  0.000  0.023  0.011  0.034
   0.23045      7.714996  0.000  0.004  0.020  0.025
   0.20740      7.752603  0.000  0.008  0.020  0.028
   0.18436      7.785308  0.000  0.014  0.019  0.034
   0.16131      7.795759  0.000  0.006  0.014  0.022
   0.13827      7.791103  0.000  0.004  0.016  0.020
   0.11522      7.764392  0.000  0.002  0.018  0.020
   0.09218      7.728208  0.000  0.002  0.022  0.025
   0.06913      7.752101  0.000  0.020  0.020  0.042
   0.04609      7.783713  0.000  0.008  0.024  0.030
   0.02304      7.826483  0.000  0.002  0.024  0.026
   0.00000      7.863219  0.000  0.000  0.027  0.027
 
# Band-Index:  137
   0.00000      7.878841  0.000  0.000  0.034  0.034
   0.02304      7.882685  0.000  0.016  0.034  0.050
   0.04609      7.865334  0.000  0.006  0.026  0.032
   0.06913      7.854985  0.000  0.002  0.018  0.022
   0.09218      7.846739  0.002  0.004  0.018  0.024
   0.11522      7.836996  0.002  0.006  0.024  0.030
   0.13827      7.826900  0.000  0.008  0.028  0.038
   0.16131      7.813088  0.000  0.010  0.026  0.036
   0.18436      7.788141  0.000  0.004  0.017  0.022
   0.20740      7.770009  0.000  0.012  0.014  0.028
   0.23045      7.745684  0.000  0.018  0.014  0.032
   0.25349      7.735039  0.000  0.014  0.056  0.068
   0.27654      7.722446  0.000  0.010  0.026  0.036
   0.29958      7.695993  0.000  0.008  0.024  0.033
   0.32263      7.685037  0.000  0.008  0.010  0.018
   0.34567      7.654436  0.000  0.006  0.020  0.026
   0.36872      7.609636  0.000  0.006  0.000  0.006
   0.39176      7.580173  0.000  0.010  0.016  0.026
   0.41481      7.542990  0.000  0.008  0.008  0.016
   0.43785      7.524613  0.000  0.010  0.000  0.010
   0.43785      7.524613  0.000  0.010  0.000  0.010
   0.45116      7.537708  0.000  0.010  0.002  0.012
   0.46446      7.555421  0.000  0.010  0.004  0.016
   0.47777      7.577181  0.000  0.010  0.008  0.018
   0.49107      7.602737  0.000  0.008  0.010  0.020
   0.50438      7.628786  0.000  0.006  0.012  0.018
   0.51768      7.636412  0.000  0.014  0.004  0.018
   0.53099      7.623711  0.000  0.013  0.006  0.018
   0.54429      7.615331  0.000  0.012  0.006  0.018
   0.55760      7.615913  0.000  0.010  0.006  0.014
   0.57090      7.631361  0.000  0.010  0.002  0.012
   0.58421      7.655019  0.000  0.010  0.002  0.012
   0.59751      7.663039  0.000  0.010  0.014  0.024
   0.61082      7.682332  0.000  0.012  0.016  0.030
   0.62412      7.711801  0.000  0.012  0.020  0.032
   0.63743      7.743274  0.000  0.014  0.002  0.016
   0.65073      7.758707  0.000  0.014  0.004  0.018
   0.66404      7.771597  0.000  0.014  0.012  0.026
   0.67734      7.797727  0.000  0.006  0.026  0.032
   0.69065      7.824013  0.000  0.007  0.021  0.028
   0.69065      7.824013  0.000  0.007  0.021  0.028
   0.71726      7.775069  0.000  0.006  0.024  0.030
   0.74387      7.750594  0.000  0.002  0.026  0.030
   0.77048      7.691308  0.000  0.002  0.032  0.034
   0.79709      7.673967  0.000  0.012  0.026  0.038
   0.82370      7.700488  0.000  0.018  0.032  0.050
   0.85031      7.722186  0.000  0.024  0.032  0.056
   0.87692      7.752593  0.000  0.026  0.026  0.052
   0.90353      7.772368  0.000  0.020  0.012  0.032
   0.93014      7.782019  0.000  0.016  0.010  0.028
   0.95675      7.793005  0.000  0.014  0.012  0.026
   0.98336      7.806464  0.000  0.014  0.010  0.022
   1.00997      7.843891  0.000  0.022  0.008  0.030
   1.03658      7.856818  0.000  0.010  0.018  0.028
   1.06319      7.848501  0.000  0.006  0.018  0.025
   1.08980      7.833778  0.000  0.000  0.034  0.035
   1.11641      7.845795  0.000  0.002  0.020  0.022
   1.14302      7.858364  0.000  0.004  0.026  0.032
   1.16963      7.879101  0.000  0.014  0.032  0.046
   1.19624      7.878841  0.000  0.000  0.034  0.034
 
# Band-Index:  138
   1.19624      7.879006  0.000  0.000  0.034  0.034
   1.16963      7.898096  0.000  0.020  0.044  0.064
   1.14302      7.894712  0.000  0.016  0.038  0.054
   1.11641      7.868105  0.000  0.006  0.030  0.036
   1.08980      7.843167  0.000  0.002  0.018  0.020
   1.06319      7.851265  0.000  0.004  0.030  0.034
   1.03658      7.867550  0.000  0.012  0.028  0.040
   1.00997      7.863327  0.000  0.016  0.016  0.032
   0.98336      7.860515  0.002  0.020  0.014  0.036
   0.95675      7.829363  0.000  0.010  0.032  0.042
   0.93014      7.805109  0.000  0.010  0.040  0.050
   0.90353      7.788147  0.000  0.022  0.026  0.048
   0.87692      7.768053  0.000  0.018  0.016  0.034
   0.85031      7.770236  0.000  0.020  0.008  0.028
   0.82370      7.769017  0.000  0.020  0.004  0.026
   0.79709      7.766630  0.000  0.018  0.006  0.024
   0.77048      7.765791  0.000  0.016  0.006  0.024
   0.74387      7.769160  0.000  0.015  0.014  0.028
   0.71726      7.809669  0.000  0.002  0.043  0.046
   0.69065      7.824084  0.000  0.007  0.021  0.028
   0.69065      7.824084  0.000  0.007  0.021  0.028
   0.67734      7.828827  0.000  0.000  0.048  0.048
   0.66404      7.821079  0.000  0.006  0.030  0.036
   0.65073      7.784119  0.000  0.010  0.026  0.036
   0.63743      7.746779  0.000  0.012  0.024  0.034
   0.62412      7.724583  0.000  0.012  0.002  0.014
   0.61082      7.703237  0.000  0.012  0.000  0.012
   0.59751      7.679769  0.000  0.010  0.002  0.012
   0.58421      7.655662  0.000  0.008  0.014  0.020
   0.57090      7.655516  0.000  0.004  0.014  0.020
   0.55760      7.657697  0.000  0.004  0.014  0.018
   0.54429      7.659151  0.000  0.002  0.016  0.018
   0.53099      7.657215  0.000  0.002  0.016  0.018
   0.51768      7.648190  0.000  0.004  0.014  0.018
   0.50438      7.651990  0.000  0.016  0.002  0.018
   0.49107      7.668524  0.000  0.016  0.002  0.018
   0.47777      7.681995  0.000  0.017  0.002  0.018
   0.46446      7.689384  0.002  0.016  0.002  0.020
   0.45116      7.692273  0.002  0.016  0.002  0.020
   0.43785      7.692983  0.002  0.016  0.002  0.020
   0.43785      7.692983  0.002  0.016  0.002  0.020
   0.41481      7.659146  0.000  0.010  0.014  0.024
   0.39176      7.630749  0.000  0.006  0.014  0.022
   0.36872      7.629850  0.000  0.004  0.016  0.020
   0.34567      7.655487  0.000  0.006  0.000  0.006
   0.32263      7.688328  0.000  0.008  0.004  0.012
   0.29958      7.721754  0.000  0.010  0.012  0.022
   0.27654      7.743053  0.000  0.010  0.018  0.029
   0.25349      7.752132  0.000  0.020  0.018  0.038
   0.23045      7.771022  0.000  0.022  0.014  0.036
   0.20740      7.807155  0.000  0.024  0.010  0.036
   0.18436      7.857088  0.000  0.022  0.012  0.034
   0.16131      7.879120  0.000  0.002  0.028  0.030
   0.13827      7.886424  0.000  0.004  0.030  0.034
   0.11522      7.892088  0.000  0.006  0.033  0.040
   0.09218      7.895971  0.000  0.010  0.036  0.046
   0.06913      7.898027  0.000  0.014  0.040  0.054
   0.04609      7.898373  0.000  0.018  0.044  0.062
   0.02304      7.896023  0.000  0.016  0.047  0.064
   0.00000      7.879006  0.000  0.000  0.034  0.034
 
# Band-Index:  139
   0.00000      7.908690  0.000  0.024  0.024  0.048
   0.02304      7.907376  0.000  0.008  0.031  0.040
   0.04609      7.934035  0.000  0.014  0.027  0.042
   0.06913      7.946478  0.000  0.012  0.026  0.038
   0.09218      7.951681  0.000  0.014  0.024  0.038
   0.11522      7.946904  0.002  0.016  0.020  0.036
   0.13827      7.924330  0.000  0.014  0.018  0.032
   0.16131      7.898374  0.000  0.014  0.020  0.034
   0.18436      7.870225  0.000  0.000  0.026  0.027
   0.20740      7.848086  0.000  0.004  0.034  0.038
   0.23045      7.802630  0.000  0.004  0.032  0.036
   0.25349      7.761130  0.000  0.002  0.030  0.032
   0.27654      7.766889  0.000  0.008  0.048  0.056
   0.29958      7.766099  0.000  0.000  0.020  0.020
   0.32263      7.748798  0.000  0.004  0.022  0.026
   0.34567      7.758361  0.000  0.010  0.018  0.028
   0.36872      7.773907  0.000  0.016  0.012  0.028
   0.39176      7.774776  0.002  0.008  0.010  0.020
   0.41481      7.735212  0.000  0.008  0.012  0.022
   0.43785      7.698261  0.000  0.002  0.024  0.026
   0.43785      7.698261  0.000  0.002  0.024  0.026
   0.45116      7.698651  0.000  0.002  0.024  0.026
   0.46446      7.699931  0.000  0.002  0.024  0.026
   0.47777      7.702554  0.000  0.002  0.024  0.028
   0.49107      7.707826  0.000  0.004  0.024  0.028
   0.50438      7.719211  0.000  0.006  0.024  0.030
   0.51768      7.742440  0.002  0.018  0.013  0.033
   0.53099      7.749688  0.002  0.018  0.014  0.034
   0.54429      7.759303  0.002  0.018  0.018  0.036
   0.55760      7.770662  0.002  0.016  0.020  0.038
   0.57090      7.783083  0.002  0.016  0.024  0.042
   0.58421      7.795656  0.002  0.012  0.030  0.044
   0.59751      7.807188  0.000  0.010  0.036  0.046
   0.61082      7.816369  0.000  0.006  0.043  0.049
   0.62412      7.822280  0.000  0.002  0.048  0.052
   0.63743      7.825132  0.000  0.000  0.051  0.052
   0.65073      7.826315  0.000  0.000  0.050  0.051
   0.66404      7.827399  0.000  0.000  0.048  0.049
   0.67734      7.839894  0.000  0.004  0.024  0.030
   0.69065      7.829398  0.000  0.000  0.048  0.048
   0.69065      7.829398  0.000  0.000  0.048  0.048
   0.71726      7.839885  0.000  0.002  0.034  0.036
   0.74387      7.835395  0.000  0.002  0.040  0.042
   0.77048      7.830244  0.000  0.004  0.038  0.042
   0.79709      7.821461  0.000  0.004  0.034  0.040
   0.82370      7.808482  0.000  0.006  0.032  0.038
   0.85031      7.795646  0.000  0.008  0.032  0.038
   0.87692      7.796667  0.000  0.006  0.034  0.040
   0.90353      7.827356  0.000  0.002  0.041  0.043
   0.93014      7.852233  0.002  0.022  0.017  0.041
   0.95675      7.869751  0.002  0.018  0.014  0.034
   0.98336      7.890819  0.000  0.006  0.024  0.030
   1.00997      7.912079  0.000  0.002  0.036  0.038
   1.03658      7.901824  0.000  0.008  0.017  0.024
   1.06319      7.910684  0.000  0.010  0.020  0.028
   1.08980      7.923942  0.000  0.008  0.026  0.034
   1.11641      7.936340  0.000  0.006  0.028  0.034
   1.14302      7.936351  0.000  0.020  0.034  0.054
   1.16963      7.907939  0.000  0.010  0.036  0.046
   1.19624      7.908690  0.000  0.024  0.024  0.048
 
# Band-Index:  140
   1.19624      7.908726  0.000  0.024  0.024  0.048
   1.16963      7.936176  0.000  0.004  0.012  0.016
   1.14302      7.950796  0.000  0.002  0.018  0.020
   1.11641      7.963707  0.000  0.024  0.030  0.055
   1.08980      7.983876  0.000  0.024  0.028  0.052
   1.06319      7.988429  0.000  0.020  0.024  0.044
   1.03658      7.971860  0.000  0.014  0.022  0.038
   1.00997      7.935246  0.000  0.010  0.022  0.032
   0.98336      7.917883  0.000  0.002  0.045  0.046
   0.95675      7.903978  0.000  0.002  0.046  0.048
   0.93014      7.870544  0.000  0.001  0.042  0.044
   0.90353      7.833734  0.000  0.012  0.041  0.053
   0.87692      7.834301  0.000  0.004  0.052  0.056
   0.85031      7.839163  0.000  0.002  0.052  0.054
   0.82370      7.840268  0.000  0.004  0.048  0.052
   0.79709      7.838388  0.000  0.008  0.044  0.052
   0.77048      7.841548  0.000  0.012  0.040  0.052
   0.74387      7.856268  0.000  0.016  0.036  0.054
   0.71726      7.880881  0.000  0.020  0.035  0.055
   0.69065      7.894199  0.001  0.003  0.017  0.021
   0.69065      7.894199  0.001  0.003  0.017  0.021
   0.67734      7.867340  0.000  0.014  0.016  0.030
   0.66404      7.860690  0.000  0.016  0.008  0.024
   0.65073      7.865339  0.000  0.014  0.010  0.026
   0.63743      7.867430  0.000  0.014  0.013  0.026
   0.62412      7.867614  0.000  0.012  0.016  0.028
   0.61082      7.866706  0.000  0.012  0.018  0.030
   0.59751      7.865332  0.000  0.012  0.020  0.032
   0.58421      7.863945  0.000  0.012  0.022  0.034
   0.57090      7.862390  0.000  0.012  0.024  0.036
   0.55760      7.856149  0.000  0.010  0.026  0.036
   0.54429      7.824431  0.000  0.008  0.024  0.032
   0.53099      7.780172  0.000  0.008  0.024  0.030
   0.51768      7.742768  0.000  0.007  0.024  0.031
   0.50438      7.738464  0.002  0.018  0.010  0.032
   0.49107      7.739618  0.002  0.018  0.010  0.030
   0.47777      7.749013  0.002  0.018  0.008  0.028
   0.46446      7.767062  0.002  0.020  0.006  0.026
   0.45116      7.786647  0.000  0.022  0.004  0.026
   0.43785      7.795694  0.000  0.022  0.004  0.026
   0.43785      7.795694  0.000  0.022  0.004  0.026
   0.41481      7.793280  0.000  0.020  0.006  0.026
   0.39176      7.785993  0.000  0.018  0.008  0.026
   0.36872      7.813350  0.002  0.008  0.010  0.020
   0.34567      7.853330  0.002  0.006  0.012  0.020
   0.32263      7.844033  0.000  0.010  0.052  0.062
   0.29958      7.814991  0.000  0.010  0.052  0.062
   0.27654      7.808487  0.000  0.004  0.025  0.028
   0.25349      7.828730  0.000  0.000  0.020  0.022
   0.23045      7.846055  0.000  0.000  0.022  0.023
   0.20740      7.859469  0.000  0.000  0.024  0.024
   0.18436      7.889514  0.000  0.008  0.030  0.038
   0.16131      7.935656  0.000  0.020  0.016  0.036
   0.13827      7.994995  0.000  0.026  0.010  0.036
   0.11522      8.029234  0.000  0.004  0.006  0.010
   0.09218      8.018813  0.000  0.012  0.010  0.022
   0.06913      8.005493  0.000  0.016  0.020  0.036
   0.04609      7.976634  0.000  0.002  0.016  0.018
   0.02304      7.930068  0.000  0.006  0.014  0.020
   0.00000      7.908726  0.000  0.024  0.024  0.048
 
# Band-Index:  141
   0.00000      7.936577  0.000  0.030  0.004  0.034
   0.02304      7.988617  0.000  0.020  0.004  0.024
   0.04609      7.999683  0.000  0.010  0.024  0.034
   0.06913      8.026402  0.000  0.006  0.018  0.022
   0.09218      8.075428  0.000  0.012  0.018  0.030
   0.11522      8.048569  0.000  0.030  0.010  0.040
   0.13827      8.050742  0.000  0.004  0.008  0.012
   0.16131      8.065673  0.000  0.008  0.012  0.020
   0.18436      8.063514  0.000  0.010  0.014  0.026
   0.20740      8.048574  0.002  0.016  0.018  0.034
   0.23045      8.019380  0.002  0.016  0.020  0.036
   0.25349      7.991162  0.002  0.012  0.020  0.034
   0.27654      7.969384  0.002  0.010  0.020  0.030
   0.29958      7.942914  0.000  0.006  0.018  0.024
   0.32263      7.898576  0.002  0.006  0.014  0.020
   0.34567      7.869620  0.000  0.008  0.050  0.058
   0.36872      7.888744  0.000  0.006  0.048  0.054
   0.39176      7.901321  0.000  0.004  0.046  0.050
   0.41481      7.908166  0.000  0.004  0.044  0.048
   0.43785      7.910289  0.000  0.002  0.044  0.046
   0.43785      7.910289  0.000  0.002  0.044  0.046
   0.45116      7.909585  0.000  0.002  0.044  0.046
   0.46446      7.907467  0.000  0.004  0.044  0.047
   0.47777      7.903937  0.000  0.004  0.044  0.046
   0.49107      7.899093  0.000  0.004  0.042  0.046
   0.50438      7.893265  0.000  0.006  0.040  0.045
   0.51768      7.887155  0.000  0.006  0.037  0.043
   0.53099      7.881979  0.000  0.006  0.034  0.040
   0.54429      7.880546  0.000  0.006  0.030  0.036
   0.55760      7.897341  0.000  0.004  0.024  0.026
   0.57090      7.931147  0.000  0.012  0.042  0.056
   0.58421      7.916287  0.002  0.016  0.036  0.052
   0.59751      7.904303  0.002  0.018  0.028  0.048
   0.61082      7.895782  0.002  0.022  0.020  0.042
   0.62412      7.890913  0.002  0.022  0.014  0.037
   0.63743      7.889213  0.002  0.020  0.010  0.032
   0.65073      7.889901  0.002  0.016  0.012  0.030
   0.66404      7.892807  0.002  0.010  0.016  0.028
   0.67734      7.897579  0.002  0.004  0.018  0.025
   0.69065      7.894390  0.001  0.003  0.017  0.021
   0.69065      7.894390  0.001  0.003  0.017  0.021
   0.71726      7.885207  0.000  0.010  0.009  0.021
   0.74387      7.890184  0.002  0.010  0.017  0.030
   0.77048      7.890030  0.002  0.012  0.016  0.030
   0.79709      7.890405  0.002  0.012  0.012  0.028
   0.82370      7.896671  0.002  0.012  0.004  0.020
   0.85031      7.911945  0.002  0.010  0.002  0.014
   0.87692      7.930497  0.002  0.008  0.006  0.016
   0.90353      7.952248  0.000  0.004  0.016  0.020
   0.93014      7.987204  0.000  0.004  0.024  0.028
   0.95675      8.039321  0.000  0.008  0.024  0.031
   0.98336      8.016176  0.000  0.002  0.022  0.024
   1.00997      8.000289  0.000  0.004  0.024  0.028
   1.03658      8.009106  0.000  0.010  0.020  0.030
   1.06319      8.041752  0.000  0.020  0.012  0.032
   1.08980      8.074408  0.000  0.027  0.012  0.040
   1.11641      8.087607  0.000  0.028  0.020  0.048
   1.14302      8.043372  0.000  0.014  0.026  0.042
   1.16963      8.000487  0.000  0.020  0.004  0.024
   1.19624      7.936577  0.000  0.030  0.004  0.034
 
# Band-Index:  142
   1.19624      8.030659  0.000  0.000  0.026  0.028
   1.16963      8.020520  0.000  0.004  0.030  0.034
   1.14302      8.068959  0.000  0.014  0.002  0.018
   1.11641      8.114924  0.000  0.010  0.004  0.015
   1.08980      8.143819  0.000  0.010  0.006  0.016
   1.06319      8.159030  0.000  0.010  0.006  0.018
   1.03658      8.142982  0.000  0.004  0.018  0.022
   1.00997      8.126026  0.000  0.004  0.014  0.020
   0.98336      8.098892  0.000  0.012  0.020  0.032
   0.95675      8.043731  0.000  0.002  0.019  0.021
   0.93014      8.066107  0.000  0.004  0.010  0.016
   0.90353      8.038313  0.000  0.006  0.004  0.012
   0.87692      7.982562  0.000  0.010  0.008  0.020
   0.85031      7.940501  0.000  0.014  0.016  0.032
   0.82370      7.921858  0.000  0.022  0.020  0.042
   0.79709      7.922859  0.000  0.026  0.022  0.048
   0.77048      7.928521  0.000  0.022  0.016  0.040
   0.74387      7.912986  0.000  0.014  0.008  0.022
   0.71726      7.892348  0.002  0.006  0.018  0.026
   0.69065      7.901660  0.000  0.024  0.034  0.056
   0.69065      7.901660  0.000  0.024  0.034  0.056
   0.67734      7.908733  0.000  0.016  0.030  0.046
   0.66404      7.920898  0.000  0.014  0.028  0.042
   0.65073      7.934297  0.000  0.014  0.024  0.038
   0.63743      7.946796  0.000  0.012  0.022  0.035
   0.62412      7.957665  0.000  0.012  0.020  0.032
   0.61082      7.966523  0.000  0.010  0.020  0.030
   0.59751      7.972115  0.000  0.008  0.018  0.026
   0.58421      7.968249  0.000  0.006  0.018  0.024
   0.57090      7.939024  0.000  0.004  0.020  0.024
   0.55760      7.948110  0.000  0.010  0.048  0.060
   0.54429      7.966239  0.000  0.008  0.054  0.062
   0.53099      7.984400  0.000  0.008  0.056  0.064
   0.51768      8.000812  0.000  0.008  0.054  0.062
   0.50438      8.005435  0.000  0.010  0.022  0.030
   0.49107      7.996796  0.000  0.010  0.016  0.026
   0.47777      7.983495  0.000  0.012  0.012  0.024
   0.46446      7.965548  0.000  0.012  0.008  0.022
   0.45116      7.947021  0.002  0.012  0.006  0.020
   0.43785      7.938369  0.002  0.012  0.004  0.018
   0.43785      7.938369  0.002  0.012  0.004  0.018
   0.41481      7.943639  0.002  0.012  0.004  0.018
   0.39176      7.956744  0.002  0.012  0.004  0.018
   0.36872      7.970344  0.002  0.012  0.008  0.020
   0.34567      7.979856  0.002  0.010  0.012  0.024
   0.32263      7.988907  0.002  0.010  0.014  0.026
   0.29958      8.011518  0.002  0.010  0.012  0.024
   0.27654      8.038423  0.000  0.010  0.034  0.044
   0.25349      8.061059  0.000  0.012  0.026  0.038
   0.23045      8.090832  0.000  0.014  0.018  0.032
   0.20740      8.094253  0.002  0.002  0.028  0.032
   0.18436      8.110676  0.002  0.008  0.022  0.030
   0.16131      8.132778  0.000  0.006  0.014  0.021
   0.13827      8.151869  0.000  0.024  0.016  0.040
   0.11522      8.119590  0.000  0.020  0.018  0.037
   0.09218      8.085380  0.000  0.028  0.010  0.038
   0.06913      8.097843  0.000  0.018  0.010  0.028
   0.04609      8.060647  0.000  0.018  0.010  0.028
   0.02304      8.022680  0.000  0.004  0.028  0.032
   0.00000      8.030659  0.000  0.000  0.026  0.028
 
# Band-Index:  143
   0.00000      8.173511  0.000  0.030  0.028  0.056
   0.02304      8.177300  0.000  0.030  0.028  0.056
   0.04609      8.180279  0.000  0.014  0.004  0.020
   0.06913      8.146578  0.000  0.019  0.004  0.024
   0.09218      8.147855  0.000  0.012  0.006  0.020
   0.11522      8.163592  0.000  0.010  0.008  0.018
   0.13827      8.158624  0.000  0.004  0.010  0.014
   0.16131      8.162903  0.000  0.024  0.012  0.036
   0.18436      8.150049  0.000  0.020  0.012  0.030
   0.20740      8.122695  0.000  0.016  0.014  0.030
   0.23045      8.093150  0.000  0.002  0.034  0.036
   0.25349      8.097844  0.000  0.002  0.038  0.042
   0.27654      8.066271  0.002  0.008  0.010  0.020
   0.29958      8.026639  0.000  0.008  0.044  0.052
   0.32263      8.027106  0.000  0.004  0.053  0.058
   0.34567      8.038495  0.000  0.002  0.060  0.062
   0.36872      8.057133  0.000  0.000  0.065  0.066
   0.39176      8.057470  0.000  0.000  0.026  0.026
   0.41481      8.044183  0.000  0.000  0.024  0.024
   0.43785      8.040509  0.000  0.000  0.022  0.024
   0.43785      8.040509  0.000  0.000  0.022  0.024
   0.45116      8.040772  0.000  0.000  0.026  0.026
   0.46446      8.040617  0.000  0.002  0.034  0.036
   0.47777      8.037706  0.000  0.002  0.046  0.048
   0.49107      8.030437  0.000  0.002  0.056  0.058
   0.50438      8.019730  0.000  0.002  0.056  0.058
   0.51768      8.016979  0.000  0.002  0.024  0.028
   0.53099      8.023152  0.000  0.004  0.020  0.024
   0.54429      8.024896  0.000  0.008  0.008  0.016
   0.55760      8.018542  0.000  0.008  0.010  0.018
   0.57090      8.017762  0.000  0.008  0.012  0.020
   0.58421      8.035950  0.000  0.006  0.015  0.022
   0.59751      8.060811  0.000  0.004  0.016  0.020
   0.61082      8.062062  0.000  0.006  0.018  0.024
   0.62412      8.048160  0.000  0.010  0.022  0.032
   0.63743      8.023123  0.000  0.010  0.026  0.036
   0.65073      7.992483  0.002  0.005  0.045  0.051
   0.66404      7.963546  0.002  0.006  0.043  0.050
   0.67734      7.938090  0.000  0.010  0.034  0.045
   0.69065      7.925612  0.002  0.009  0.039  0.050
   0.69065      7.925612  0.002  0.009  0.039  0.050
   0.71726      7.948726  0.002  0.010  0.038  0.049
   0.74387      7.963121  0.000  0.016  0.032  0.048
   0.77048      7.974353  0.000  0.012  0.016  0.030
   0.79709      8.003630  0.000  0.010  0.008  0.018
   0.82370      8.037252  0.000  0.008  0.006  0.016
   0.85031      8.066356  0.000  0.010  0.006  0.016
   0.87692      8.086035  0.000  0.010  0.008  0.020
   0.90353      8.095121  0.000  0.010  0.012  0.022
   0.93014      8.102574  0.000  0.008  0.012  0.018
   0.95675      8.107115  0.000  0.006  0.008  0.016
   0.98336      8.113390  0.000  0.006  0.010  0.016
   1.00997      8.153607  0.000  0.006  0.010  0.016
   1.03658      8.163103  0.000  0.010  0.006  0.018
   1.06319      8.163496  0.000  0.004  0.014  0.018
   1.08980      8.189550  0.000  0.004  0.012  0.016
   1.11641      8.166011  0.000  0.008  0.008  0.016
   1.14302      8.181647  0.000  0.010  0.002  0.013
   1.16963      8.178445  0.000  0.030  0.028  0.058
   1.19624      8.173511  0.000  0.030  0.028  0.056
 
# Band-Index:  144
   1.19624      8.173636  0.000  0.030  0.028  0.056
   1.16963      8.189690  0.000  0.009  0.018  0.026
   1.14302      8.192492  0.000  0.034  0.028  0.060
   1.11641      8.214168  0.000  0.039  0.026  0.066
   1.08980      8.222808  0.000  0.015  0.007  0.022
   1.06319      8.245516  0.000  0.005  0.002  0.008
   1.03658      8.209271  0.000  0.024  0.014  0.038
   1.00997      8.166775  0.000  0.024  0.014  0.038
   0.98336      8.162006  0.000  0.012  0.008  0.020
   0.95675      8.160848  0.000  0.010  0.008  0.018
   0.93014      8.160626  0.000  0.008  0.011  0.019
   0.90353      8.160749  0.000  0.004  0.018  0.020
   0.87692      8.133956  0.002  0.006  0.016  0.024
   0.85031      8.101006  0.000  0.014  0.014  0.028
   0.82370      8.079544  0.000  0.016  0.010  0.026
   0.79709      8.062670  0.000  0.014  0.010  0.024
   0.77048      8.054389  0.000  0.012  0.018  0.030
   0.74387      8.032522  0.000  0.010  0.028  0.040
   0.71726      7.977542  0.000  0.010  0.032  0.043
   0.69065      7.926107  0.002  0.009  0.039  0.050
   0.69065      7.926107  0.002  0.009  0.039  0.050
   0.67734      7.940123  0.002  0.008  0.040  0.049
   0.66404      7.965254  0.000  0.009  0.030  0.040
   0.65073      7.994540  0.000  0.009  0.028  0.038
   0.63743      8.025312  0.000  0.004  0.045  0.050
   0.62412      8.059569  0.000  0.004  0.042  0.048
   0.61082      8.088276  0.000  0.006  0.030  0.037
   0.59751      8.075287  0.000  0.008  0.014  0.022
   0.58421      8.053674  0.000  0.002  0.017  0.020
   0.57090      8.045512  0.000  0.002  0.018  0.020
   0.55760      8.037562  0.000  0.004  0.018  0.022
   0.54429      8.030108  0.000  0.004  0.018  0.022
   0.53099      8.033679  0.000  0.008  0.006  0.014
   0.51768      8.044206  0.000  0.008  0.006  0.014
   0.50438      8.055820  0.000  0.010  0.008  0.018
   0.49107      8.066854  0.000  0.012  0.014  0.026
   0.47777      8.074071  0.000  0.014  0.028  0.042
   0.46446      8.075265  0.002  0.016  0.042  0.058
   0.45116      8.073430  0.002  0.016  0.050  0.066
   0.43785      8.072403  0.002  0.016  0.052  0.068
   0.43785      8.072403  0.002  0.016  0.052  0.068
   0.41481      8.075174  0.002  0.014  0.052  0.068
   0.39176      8.078290  0.000  0.000  0.068  0.068
   0.36872      8.080551  0.000  0.004  0.029  0.032
   0.34567      8.096334  0.000  0.008  0.042  0.050
   0.32263      8.103770  0.000  0.008  0.044  0.052
   0.29958      8.105201  0.000  0.006  0.044  0.050
   0.27654      8.102555  0.000  0.004  0.042  0.046
   0.25349      8.137560  0.002  0.008  0.012  0.021
   0.23045      8.208507  0.000  0.008  0.016  0.026
   0.20740      8.253899  0.000  0.008  0.014  0.024
   0.18436      8.235968  0.000  0.010  0.008  0.016
   0.16131      8.219922  0.000  0.012  0.010  0.024
   0.13827      8.208404  0.000  0.014  0.018  0.032
   0.11522      8.213443  0.000  0.008  0.014  0.022
   0.09218      8.222689  0.000  0.008  0.011  0.020
   0.06913      8.204837  0.000  0.030  0.024  0.054
   0.04609      8.187981  0.000  0.030  0.026  0.056
   0.02304      8.186371  0.000  0.020  0.024  0.044
   0.00000      8.173636  0.000  0.030  0.028  0.056
 
# Band-Index:  145
   0.00000      8.178675  0.000  0.000  0.012  0.014
   0.02304      8.187119  0.000  0.004  0.015  0.020
   0.04609      8.210214  0.000  0.018  0.024  0.042
   0.06913      8.224394  0.000  0.012  0.018  0.030
   0.09218      8.226719  0.000  0.027  0.022  0.048
   0.11522      8.252230  0.000  0.022  0.016  0.038
   0.13827      8.276283  0.000  0.030  0.006  0.036
   0.16131      8.291178  0.000  0.032  0.008  0.040
   0.18436      8.296902  0.000  0.024  0.020  0.044
   0.20740      8.269542  0.000  0.016  0.018  0.036
   0.23045      8.259852  0.000  0.014  0.024  0.038
   0.25349      8.243295  0.002  0.016  0.028  0.044
   0.27654      8.221499  0.002  0.016  0.028  0.044
   0.29958      8.198958  0.002  0.014  0.028  0.042
   0.32263      8.172806  0.002  0.010  0.030  0.042
   0.34567      8.136210  0.002  0.008  0.036  0.046
   0.36872      8.100263  0.002  0.012  0.048  0.062
   0.39176      8.083393  0.002  0.014  0.052  0.068
   0.41481      8.097657  0.000  0.000  0.072  0.072
   0.43785      8.108059  0.000  0.000  0.080  0.080
   0.43785      8.108059  0.000  0.000  0.080  0.080
   0.45116      8.110375  0.000  0.000  0.076  0.076
   0.46446      8.119031  0.000  0.000  0.064  0.064
   0.47777      8.130985  0.002  0.008  0.026  0.036
   0.49107      8.139121  0.002  0.012  0.036  0.050
   0.50438      8.154938  0.002  0.014  0.040  0.056
   0.51768      8.175597  0.002  0.016  0.040  0.058
   0.53099      8.198686  0.002  0.018  0.038  0.056
   0.54429      8.220851  0.002  0.017  0.036  0.054
   0.55760      8.204070  0.000  0.012  0.016  0.029
   0.57090      8.180137  0.000  0.012  0.020  0.032
   0.58421      8.154967  0.000  0.010  0.023  0.034
   0.59751      8.130411  0.000  0.008  0.026  0.035
   0.61082      8.111711  0.000  0.006  0.026  0.032
   0.62412      8.108355  0.000  0.002  0.022  0.024
   0.63743      8.116492  0.000  0.000  0.020  0.020
   0.65073      8.128764  0.000  0.000  0.018  0.018
   0.66404      8.142880  0.000  0.000  0.018  0.018
   0.67734      8.158137  0.000  0.000  0.016  0.018
   0.69065      8.174101  0.000  0.001  0.016  0.017
   0.69065      8.174101  0.000  0.001  0.016  0.017
   0.71726      8.140776  0.000  0.002  0.016  0.018
   0.74387      8.115399  0.000  0.002  0.014  0.016
   0.77048      8.121611  0.000  0.004  0.014  0.018
   0.79709      8.145009  0.000  0.004  0.014  0.018
   0.82370      8.173331  0.000  0.002  0.020  0.022
   0.85031      8.187973  0.000  0.014  0.022  0.036
   0.87692      8.176874  0.000  0.018  0.012  0.030
   0.90353      8.171374  0.000  0.000  0.012  0.012
   0.93014      8.163449  0.000  0.002  0.006  0.009
   0.95675      8.199436  0.000  0.000  0.004  0.004
   0.98336      8.215232  0.000  0.002  0.004  0.006
   1.00997      8.218536  0.000  0.002  0.002  0.006
   1.03658      8.226144  0.000  0.004  0.002  0.006
   1.06319      8.249532  0.000  0.024  0.008  0.032
   1.08980      8.237500  0.000  0.042  0.024  0.067
   1.11641      8.220450  0.000  0.006  0.010  0.016
   1.14302      8.215488  0.000  0.009  0.010  0.019
   1.16963      8.190346  0.000  0.013  0.022  0.035
   1.19624      8.178675  0.000  0.000  0.012  0.014
 
# Band-Index:  146
   1.19624      8.246572  0.000  0.022  0.002  0.024
   1.16963      8.224382  0.000  0.022  0.002  0.024
   1.14302      8.218695  0.000  0.019  0.020  0.039
   1.11641      8.239673  0.000  0.018  0.004  0.022
   1.08980      8.269217  0.000  0.008  0.004  0.012
   1.06319      8.258252  0.000  0.032  0.026  0.058
   1.03658      8.269816  0.000  0.026  0.022  0.048
   1.00997      8.280995  0.000  0.016  0.026  0.042
   0.98336      8.286084  0.000  0.016  0.044  0.062
   0.95675      8.279734  0.002  0.025  0.045  0.071
   0.93014      8.258964  0.004  0.024  0.002  0.030
   0.90353      8.195964  0.002  0.020  0.004  0.026
   0.87692      8.213937  0.000  0.000  0.014  0.014
   0.85031      8.228354  0.000  0.002  0.008  0.010
   0.82370      8.215446  0.000  0.012  0.012  0.024
   0.79709      8.241137  0.000  0.014  0.020  0.034
   0.77048      8.264768  0.000  0.004  0.014  0.019
   0.74387      8.238770  0.000  0.002  0.012  0.016
   0.71726      8.207066  0.000  0.002  0.014  0.016
   0.69065      8.174258  0.000  0.001  0.016  0.017
   0.69065      8.174258  0.000  0.001  0.016  0.017
   0.67734      8.189827  0.000  0.002  0.016  0.018
   0.66404      8.203618  0.000  0.004  0.014  0.018
   0.65073      8.214116  0.000  0.006  0.014  0.018
   0.63743      8.215134  0.000  0.010  0.014  0.026
   0.62412      8.191373  0.000  0.012  0.024  0.038
   0.61082      8.154007  0.000  0.008  0.040  0.048
   0.59751      8.153059  0.000  0.004  0.056  0.061
   0.58421      8.183377  0.000  0.004  0.054  0.058
   0.57090      8.213922  0.000  0.005  0.051  0.056
   0.55760      8.231293  0.000  0.010  0.042  0.052
   0.54429      8.225196  0.000  0.012  0.012  0.024
   0.53099      8.239120  0.000  0.010  0.006  0.018
   0.51768      8.230344  0.000  0.004  0.012  0.016
   0.50438      8.199537  0.000  0.002  0.022  0.024
   0.49107      8.165678  0.000  0.002  0.032  0.034
   0.47777      8.137377  0.000  0.002  0.046  0.048
   0.46446      8.131400  0.000  0.006  0.015  0.022
   0.45116      8.135443  0.000  0.006  0.010  0.016
   0.43785      8.137462  0.000  0.006  0.008  0.015
   0.43785      8.137462  0.000  0.006  0.008  0.015
   0.41481      8.148118  0.000  0.006  0.016  0.022
   0.39176      8.169589  0.000  0.006  0.016  0.024
   0.36872      8.198065  0.000  0.006  0.014  0.020
   0.34567      8.233065  0.000  0.008  0.010  0.018
   0.32263      8.260003  0.000  0.000  0.008  0.010
   0.29958      8.289597  0.000  0.000  0.012  0.014
   0.27654      8.308806  0.000  0.003  0.012  0.014
   0.25349      8.310411  0.000  0.006  0.006  0.012
   0.23045      8.305440  0.000  0.006  0.004  0.010
   0.20740      8.313558  0.000  0.006  0.004  0.010
   0.18436      8.314175  0.000  0.010  0.020  0.030
   0.16131      8.298912  0.000  0.006  0.012  0.018
   0.13827      8.278578  0.000  0.012  0.012  0.024
   0.11522      8.270343  0.000  0.029  0.012  0.042
   0.09218      8.291613  0.000  0.023  0.014  0.036
   0.06913      8.284213  0.000  0.004  0.012  0.016
   0.04609      8.232003  0.000  0.006  0.008  0.014
   0.02304      8.229892  0.000  0.022  0.002  0.022
   0.00000      8.246573  0.000  0.022  0.002  0.024
 
# Band-Index:  147
   0.00000      8.246608  0.000  0.022  0.002  0.024
   0.02304      8.252021  0.000  0.022  0.002  0.024
   0.04609      8.267835  0.000  0.022  0.002  0.024
   0.06913      8.292502  0.000  0.020  0.002  0.020
   0.09218      8.321757  0.000  0.014  0.002  0.016
   0.11522      8.309964  0.000  0.008  0.020  0.028
   0.13827      8.300801  0.000  0.008  0.020  0.028
   0.16131      8.306857  0.000  0.004  0.016  0.020
   0.18436      8.320144  0.000  0.002  0.006  0.009
   0.20740      8.331286  0.000  0.014  0.022  0.036
   0.23045      8.348454  0.000  0.012  0.022  0.034
   0.25349      8.359841  0.000  0.010  0.018  0.028
   0.27654      8.345266  0.000  0.012  0.008  0.020
   0.29958      8.311861  0.000  0.010  0.008  0.018
   0.32263      8.272385  0.000  0.008  0.008  0.016
   0.34567      8.243290  0.002  0.002  0.004  0.008
   0.36872      8.247067  0.002  0.004  0.002  0.008
   0.39176      8.263025  0.002  0.006  0.002  0.010
   0.41481      8.283204  0.002  0.010  0.005  0.016
   0.43785      8.295266  0.002  0.014  0.008  0.026
   0.43785      8.295266  0.002  0.014  0.008  0.026
   0.45116      8.294566  0.002  0.014  0.010  0.026
   0.46446      8.292459  0.002  0.012  0.010  0.026
   0.47777      8.288964  0.002  0.012  0.012  0.026
   0.49107      8.284216  0.002  0.010  0.012  0.025
   0.50438      8.278531  0.002  0.010  0.014  0.026
   0.51768      8.272433  0.002  0.008  0.016  0.026
   0.53099      8.267065  0.000  0.006  0.014  0.020
   0.54429      8.262280  0.000  0.004  0.012  0.016
   0.55760      8.258076  0.000  0.004  0.010  0.014
   0.57090      8.254614  0.000  0.004  0.008  0.012
   0.58421      8.251807  0.000  0.004  0.008  0.010
   0.59751      8.249512  0.000  0.004  0.006  0.010
   0.61082      8.247623  0.000  0.004  0.006  0.010
   0.62412      8.246073  0.000  0.008  0.006  0.016
   0.63743      8.244675  0.000  0.014  0.008  0.022
   0.65073      8.242961  0.000  0.022  0.010  0.032
   0.66404      8.240537  0.000  0.028  0.012  0.040
   0.67734      8.237853  0.000  0.033  0.012  0.045
   0.69065      8.236467  0.000  0.034  0.012  0.046
   0.69065      8.236467  0.000  0.034  0.012  0.046
   0.71726      8.246863  0.000  0.030  0.014  0.044
   0.74387      8.284162  0.000  0.020  0.020  0.041
   0.77048      8.272078  0.000  0.010  0.014  0.025
   0.79709      8.275783  0.000  0.012  0.018  0.030
   0.82370      8.280045  0.000  0.006  0.018  0.025
   0.85031      8.261933  0.000  0.002  0.018  0.020
   0.87692      8.269387  0.000  0.010  0.028  0.038
   0.90353      8.267433  0.002  0.008  0.014  0.024
   0.93014      8.266083  0.002  0.010  0.012  0.024
   0.95675      8.283963  0.002  0.016  0.009  0.027
   0.98336      8.314446  0.002  0.022  0.004  0.028
   1.00997      8.327587  0.002  0.022  0.016  0.042
   1.03658      8.346585  0.002  0.016  0.012  0.030
   1.06319      8.298790  0.000  0.024  0.028  0.052
   1.08980      8.288333  0.000  0.031  0.011  0.042
   1.11641      8.309982  0.000  0.012  0.013  0.026
   1.14302      8.289689  0.000  0.012  0.004  0.016
   1.16963      8.254741  0.000  0.022  0.002  0.024
   1.19624      8.246604  0.000  0.022  0.002  0.024
 
# Band-Index:  148
   1.19624      8.329234  0.000  0.002  0.002  0.004
   1.16963      8.338917  0.000  0.005  0.005  0.011
   1.14302      8.329869  0.000  0.008  0.010  0.018
   1.11641      8.337399  0.000  0.011  0.022  0.034
   1.08980      8.294521  0.000  0.009  0.022  0.032
   1.06319      8.318909  0.000  0.024  0.003  0.027
   1.03658      8.360784  0.000  0.026  0.026  0.052
   1.00997      8.396594  0.000  0.026  0.014  0.041
   0.98336      8.338426  0.000  0.020  0.006  0.026
   0.95675      8.317032  0.002  0.016  0.006  0.022
   0.93014      8.282609  0.000  0.008  0.052  0.060
   0.90353      8.281057  0.002  0.016  0.042  0.058
   0.87692      8.274150  0.002  0.006  0.014  0.022
   0.85031      8.286937  0.002  0.006  0.012  0.018
   0.82370      8.293611  0.002  0.014  0.018  0.032
   0.79709      8.278896  0.000  0.006  0.016  0.023
   0.77048      8.273926  0.000  0.018  0.024  0.042
   0.74387      8.291553  0.000  0.010  0.006  0.016
   0.71726      8.322749  0.000  0.010  0.004  0.014
   0.69065      8.342692  0.000  0.032  0.042  0.074
   0.69065      8.342692  0.000  0.032  0.042  0.074
   0.67734      8.338545  0.000  0.032  0.040  0.072
   0.66404      8.324895  0.000  0.028  0.037  0.066
   0.65073      8.301656  0.000  0.021  0.034  0.056
   0.63743      8.276038  0.000  0.010  0.030  0.040
   0.62412      8.267040  0.000  0.002  0.020  0.022
   0.61082      8.272596  0.000  0.000  0.012  0.014
   0.59751      8.280991  0.000  0.002  0.008  0.010
   0.58421      8.286289  0.000  0.006  0.006  0.010
   0.57090      8.282524  0.000  0.010  0.014  0.026
   0.55760      8.276824  0.000  0.010  0.033  0.044
   0.54429      8.288088  0.000  0.004  0.041  0.046
   0.53099      8.301467  0.000  0.002  0.029  0.030
   0.51768      8.292852  0.000  0.006  0.017  0.023
   0.50438      8.302587  0.000  0.008  0.008  0.016
   0.49107      8.316320  0.000  0.006  0.005  0.012
   0.47777      8.329593  0.000  0.004  0.004  0.008
   0.46446      8.334384  0.000  0.002  0.006  0.010
   0.45116      8.334122  0.000  0.002  0.004  0.006
   0.43785      8.333876  0.000  0.002  0.002  0.006
   0.43785      8.333877  0.000  0.002  0.002  0.006
   0.41481      8.341726  0.000  0.008  0.012  0.020
   0.39176      8.350736  0.000  0.012  0.024  0.036
   0.36872      8.355599  0.000  0.016  0.028  0.044
   0.34567      8.359210  0.002  0.018  0.026  0.046
   0.32263      8.363426  0.002  0.020  0.022  0.044
   0.29958      8.369094  0.002  0.022  0.020  0.044
   0.27654      8.377150  0.002  0.022  0.022  0.046
   0.25349      8.382093  0.000  0.020  0.004  0.026
   0.23045      8.382417  0.000  0.024  0.026  0.050
   0.20740      8.373881  0.000  0.024  0.024  0.050
   0.18436      8.361885  0.000  0.038  0.010  0.050
   0.16131      8.342480  0.000  0.038  0.018  0.057
   0.13827      8.338486  0.000  0.024  0.016  0.041
   0.11522      8.341266  0.000  0.012  0.008  0.018
   0.09218      8.322925  0.000  0.008  0.028  0.036
   0.06913      8.316758  0.000  0.014  0.010  0.026
   0.04609      8.331917  0.000  0.006  0.011  0.018
   0.02304      8.337149  0.000  0.005  0.003  0.008
   0.00000      8.329235  0.000  0.002  0.002  0.004
 
# Band-Index:  149
   0.00000      8.342812  0.000  0.000  0.012  0.012
   0.02304      8.340295  0.000  0.002  0.011  0.013
   0.04609      8.348662  0.000  0.009  0.007  0.016
   0.06913      8.355515  0.000  0.006  0.016  0.022
   0.09218      8.361355  0.000  0.006  0.002  0.008
   0.11522      8.408285  0.000  0.016  0.014  0.028
   0.13827      8.421800  0.000  0.018  0.026  0.044
   0.16131      8.395167  0.000  0.024  0.036  0.060
   0.18436      8.374126  0.000  0.030  0.036  0.068
   0.20740      8.379419  0.000  0.034  0.006  0.040
   0.23045      8.385918  0.000  0.028  0.002  0.030
   0.25349      8.384293  0.002  0.022  0.026  0.048
   0.27654      8.387746  0.000  0.010  0.014  0.024
   0.29958      8.398590  0.000  0.006  0.012  0.018
   0.32263      8.403762  0.000  0.002  0.008  0.010
   0.34567      8.395918  0.000  0.000  0.004  0.006
   0.36872      8.379997  0.000  0.000  0.004  0.004
   0.39176      8.364856  0.000  0.000  0.004  0.004
   0.41481      8.354647  0.000  0.000  0.004  0.004
   0.43785      8.351106  0.000  0.000  0.002  0.002
   0.43785      8.351102  0.000  0.000  0.002  0.002
   0.45116      8.348368  0.000  0.000  0.002  0.004
   0.46446      8.340754  0.000  0.002  0.002  0.006
   0.47777      8.333618  0.000  0.002  0.011  0.014
   0.49107      8.330822  0.000  0.002  0.016  0.018
   0.50438      8.325284  0.000  0.002  0.022  0.025
   0.51768      8.316459  0.000  0.002  0.030  0.032
   0.53099      8.303903  0.000  0.003  0.037  0.039
   0.54429      8.325450  0.000  0.000  0.030  0.031
   0.55760      8.344975  0.000  0.002  0.030  0.034
   0.57090      8.349272  0.002  0.010  0.050  0.060
   0.58421      8.350924  0.000  0.011  0.029  0.040
   0.59751      8.342699  0.000  0.014  0.026  0.040
   0.61082      8.332894  0.000  0.016  0.022  0.040
   0.62412      8.324791  0.000  0.016  0.018  0.036
   0.63743      8.320656  0.000  0.014  0.014  0.028
   0.65073      8.322101  0.000  0.010  0.008  0.018
   0.66404      8.330010  0.000  0.006  0.004  0.010
   0.67734      8.344194  0.000  0.004  0.002  0.006
   0.69065      8.363545  0.000  0.003  0.000  0.004
   0.69065      8.363544  0.000  0.003  0.001  0.004
   0.71726      8.331540  0.000  0.025  0.034  0.060
   0.74387      8.304336  0.000  0.022  0.032  0.054
   0.77048      8.339864  0.000  0.012  0.020  0.032
   0.79709      8.375418  0.000  0.006  0.008  0.016
   0.82370      8.331535  0.002  0.004  0.008  0.012
   0.85031      8.317601  0.002  0.012  0.016  0.030
   0.87692      8.356122  0.000  0.002  0.012  0.016
   0.90353      8.363645  0.000  0.006  0.006  0.012
   0.93014      8.348402  0.000  0.008  0.002  0.010
   0.95675      8.354172  0.000  0.002  0.004  0.008
   0.98336      8.411986  0.000  0.016  0.018  0.034
   1.00997      8.397094  0.000  0.010  0.022  0.032
   1.03658      8.371619  0.000  0.016  0.012  0.027
   1.06319      8.364788  0.000  0.010  0.014  0.024
   1.08980      8.388838  0.000  0.006  0.008  0.016
   1.11641      8.363504  0.000  0.006  0.002  0.006
   1.14302      8.349380  0.000  0.010  0.010  0.022
   1.16963      8.339506  0.000  0.003  0.010  0.013
   1.19624      8.342807  0.000  0.000  0.012  0.012
 
# Band-Index:  150
   1.19624      8.518580  0.000  0.006  0.000  0.006
   1.16963      8.499975  0.000  0.008  0.004  0.012
   1.14302      8.447515  0.000  0.006  0.006  0.012
   1.11641      8.426998  0.000  0.008  0.004  0.011
   1.08980      8.452385  0.000  0.006  0.006  0.012
   1.06319      8.451758  0.000  0.010  0.026  0.036
   1.03658      8.425984  0.000  0.022  0.030  0.052
   1.00997      8.442164  0.000  0.030  0.014  0.044
   0.98336      8.420340  0.000  0.008  0.006  0.014
   0.95675      8.431095  0.000  0.018  0.016  0.034
   0.93014      8.449275  0.000  0.018  0.012  0.030
   0.90353      8.426681  0.000  0.004  0.006  0.010
   0.87692      8.384659  0.000  0.010  0.004  0.016
   0.85031      8.394648  0.000  0.006  0.014  0.022
   0.82370      8.403916  0.000  0.006  0.026  0.030
   0.79709      8.408703  0.000  0.004  0.036  0.039
   0.77048      8.407250  0.000  0.002  0.042  0.044
   0.74387      8.401269  0.000  0.000  0.042  0.042
   0.71726      8.395589  0.000  0.000  0.038  0.038
   0.69065      8.363570  0.000  0.003  0.001  0.004
   0.69065      8.363570  0.000  0.003  0.000  0.004
   0.67734      8.384546  0.000  0.002  0.006  0.008
   0.66404      8.391005  0.000  0.000  0.036  0.038
   0.65073      8.390618  0.000  0.000  0.044  0.044
   0.63743      8.388527  0.000  0.002  0.050  0.052
   0.62412      8.383762  0.000  0.004  0.054  0.058
   0.61082      8.375177  0.000  0.008  0.058  0.066
   0.59751      8.363004  0.000  0.012  0.060  0.074
   0.58421      8.351386  0.000  0.014  0.060  0.074
   0.57090      8.353155  0.000  0.006  0.030  0.037
   0.55760      8.359957  0.000  0.008  0.036  0.046
   0.54429      8.378470  0.000  0.008  0.030  0.038
   0.53099      8.399747  0.000  0.008  0.026  0.036
   0.51768      8.418469  0.000  0.010  0.024  0.036
   0.50438      8.430654  0.000  0.012  0.022  0.034
   0.49107      8.433176  0.002  0.006  0.043  0.049
   0.47777      8.427994  0.000  0.004  0.047  0.052
   0.46446      8.423648  0.000  0.002  0.051  0.054
   0.45116      8.420603  0.000  0.002  0.053  0.056
   0.43785      8.419482  0.000  0.002  0.054  0.056
   0.43785      8.419482  0.000  0.002  0.054  0.056
   0.41481      8.422385  0.000  0.006  0.040  0.047
   0.39176      8.431436  0.000  0.012  0.020  0.032
   0.36872      8.442696  0.000  0.011  0.012  0.024
   0.34567      8.453765  0.000  0.006  0.012  0.018
   0.32263      8.460834  0.000  0.006  0.014  0.018
   0.29958      8.475775  0.000  0.004  0.008  0.012
   0.27654      8.498301  0.000  0.002  0.004  0.006
   0.25349      8.474540  0.000  0.012  0.020  0.032
   0.23045      8.435993  0.000  0.012  0.022  0.033
   0.20740      8.400944  0.000  0.012  0.024  0.036
   0.18436      8.398351  0.000  0.002  0.012  0.014
   0.16131      8.436834  0.000  0.002  0.007  0.008
   0.13827      8.452071  0.000  0.018  0.006  0.024
   0.11522      8.422592  0.000  0.028  0.008  0.037
   0.09218      8.430736  0.000  0.026  0.009  0.034
   0.06913      8.425889  0.000  0.006  0.002  0.008
   0.04609      8.461775  0.000  0.006  0.006  0.012
   0.02304      8.504988  0.000  0.008  0.002  0.010
   0.00000      8.518587  0.000  0.006  0.000  0.006
 
# Band-Index:  151
   0.00000      8.518670  0.000  0.006  0.000  0.006
   0.02304      8.509957  0.000  0.008  0.002  0.010
   0.04609      8.487450  0.000  0.014  0.004  0.018
   0.06913      8.458219  0.000  0.020  0.006  0.026
   0.09218      8.446142  0.000  0.006  0.004  0.008
   0.11522      8.480751  0.000  0.002  0.010  0.012
   0.13827      8.473487  0.000  0.004  0.010  0.014
   0.16131      8.499954  0.000  0.008  0.006  0.014
   0.18436      8.545275  0.000  0.002  0.002  0.005
   0.20740      8.557138  0.000  0.000  0.000  0.002
   0.23045      8.541256  0.000  0.014  0.014  0.028
   0.25349      8.522904  0.000  0.002  0.002  0.004
   0.27654      8.501205  0.000  0.012  0.018  0.030
   0.29958      8.489865  0.002  0.004  0.010  0.016
   0.32263      8.468162  0.000  0.004  0.010  0.015
   0.34567      8.461833  0.000  0.006  0.020  0.024
   0.36872      8.467155  0.002  0.004  0.032  0.040
   0.39176      8.453291  0.002  0.004  0.034  0.038
   0.41481      8.442684  0.000  0.010  0.026  0.036
   0.43785      8.438294  0.000  0.014  0.019  0.033
   0.43785      8.438289  0.000  0.014  0.019  0.033
   0.45116      8.438453  0.000  0.014  0.019  0.033
   0.46446      8.438738  0.000  0.014  0.019  0.032
   0.47777      8.438490  0.000  0.014  0.019  0.032
   0.49107      8.436475  0.000  0.013  0.019  0.033
   0.50438      8.439017  0.002  0.008  0.036  0.045
   0.51768      8.445666  0.002  0.010  0.028  0.040
   0.53099      8.453808  0.002  0.014  0.020  0.036
   0.54429      8.464942  0.001  0.016  0.012  0.030
   0.55760      8.474925  0.002  0.010  0.020  0.032
   0.57090      8.475587  0.002  0.014  0.018  0.035
   0.58421      8.477454  0.002  0.022  0.014  0.038
   0.59751      8.478659  0.000  0.024  0.009  0.032
   0.61082      8.476469  0.000  0.018  0.004  0.022
   0.62412      8.469336  0.000  0.010  0.002  0.014
   0.63743      8.455321  0.000  0.006  0.002  0.008
   0.65073      8.435020  0.000  0.002  0.004  0.006
   0.66404      8.412028  0.000  0.002  0.006  0.006
   0.67734      8.395036  0.000  0.000  0.032  0.032
   0.69065      8.393597  0.000  0.002  0.034  0.036
   0.69065      8.393597  0.000  0.002  0.034  0.036
   0.71726      8.411964  0.000  0.002  0.002  0.006
   0.74387      8.461236  0.000  0.004  0.006  0.010
   0.77048      8.478419  0.000  0.002  0.014  0.018
   0.79709      8.438426  0.000  0.002  0.022  0.024
   0.82370      8.464691  0.000  0.002  0.020  0.023
   0.85031      8.480561  0.002  0.002  0.024  0.026
   0.87692      8.487488  0.002  0.004  0.024  0.030
   0.90353      8.476498  0.000  0.024  0.006  0.030
   0.93014      8.493437  0.000  0.008  0.008  0.016
   0.95675      8.513901  0.000  0.014  0.016  0.028
   0.98336      8.492948  0.000  0.012  0.024  0.036
   1.00997      8.443916  0.000  0.010  0.016  0.026
   1.03658      8.479039  0.000  0.016  0.002  0.020
   1.06319      8.506915  0.000  0.022  0.004  0.026
   1.08980      8.469030  0.000  0.012  0.006  0.018
   1.11641      8.440487  0.000  0.012  0.008  0.020
   1.14302      8.476923  0.000  0.012  0.004  0.016
   1.16963      8.507012  0.000  0.008  0.002  0.010
   1.19624      8.518645  0.000  0.006  0.000  0.006
 
# Band-Index:  152
   1.19624      8.592649  0.000  0.005  0.010  0.014
   1.16963      8.557424  0.000  0.002  0.008  0.010
   1.14302      8.551257  0.000  0.006  0.004  0.010
   1.11641      8.559001  0.000  0.004  0.014  0.016
   1.08980      8.537790  0.000  0.008  0.022  0.032
   1.06319      8.560734  0.000  0.012  0.006  0.018
   1.03658      8.543207  0.000  0.008  0.000  0.008
   1.00997      8.498957  0.000  0.006  0.004  0.010
   0.98336      8.494625  0.000  0.020  0.015  0.035
   0.95675      8.529158  0.002  0.010  0.016  0.028
   0.93014      8.512026  0.002  0.008  0.020  0.032
   0.90353      8.496990  0.002  0.006  0.022  0.032
   0.87692      8.496916  0.000  0.022  0.008  0.030
   0.85031      8.520214  0.000  0.016  0.016  0.032
   0.82370      8.522634  0.000  0.008  0.022  0.030
   0.79709      8.507758  0.000  0.010  0.014  0.022
   0.77048      8.493841  0.000  0.008  0.004  0.012
   0.74387      8.495556  0.000  0.014  0.002  0.016
   0.71726      8.498316  0.000  0.014  0.002  0.016
   0.69065      8.502514  0.000  0.013  0.004  0.018
   0.69065      8.502511  0.000  0.013  0.004  0.018
   0.67734      8.501235  0.000  0.014  0.004  0.017
   0.66404      8.501596  0.000  0.014  0.002  0.016
   0.65073      8.503422  0.000  0.014  0.002  0.016
   0.63743      8.505895  0.000  0.012  0.002  0.014
   0.62412      8.507999  0.000  0.010  0.004  0.014
   0.61082      8.504454  0.002  0.014  0.008  0.022
   0.59751      8.495440  0.002  0.008  0.008  0.016
   0.58421      8.491753  0.000  0.006  0.008  0.014
   0.57090      8.492228  0.000  0.008  0.010  0.018
   0.55760      8.481138  0.000  0.016  0.006  0.023
   0.54429      8.475723  0.002  0.006  0.022  0.032
   0.53099      8.478244  0.002  0.004  0.024  0.032
   0.51768      8.483285  0.002  0.004  0.028  0.036
   0.50438      8.491416  0.002  0.004  0.034  0.040
   0.49107      8.501963  0.002  0.004  0.038  0.046
   0.47777      8.513970  0.002  0.004  0.042  0.048
   0.46446      8.526969  0.002  0.004  0.044  0.048
   0.45116      8.540162  0.000  0.002  0.046  0.050
   0.43785      8.547944  0.000  0.002  0.050  0.052
   0.43785      8.547945  0.000  0.002  0.050  0.052
   0.41481      8.526165  0.000  0.002  0.034  0.038
   0.39176      8.498889  0.000  0.004  0.028  0.030
   0.36872      8.476508  0.000  0.004  0.024  0.028
   0.34567      8.482064  0.002  0.010  0.030  0.042
   0.32263      8.496445  0.002  0.014  0.030  0.044
   0.29958      8.508461  0.000  0.014  0.030  0.044
   0.27654      8.516590  0.000  0.014  0.028  0.042
   0.25349      8.524958  0.000  0.014  0.020  0.034
   0.23045      8.544957  0.000  0.000  0.002  0.002
   0.20740      8.569119  0.000  0.014  0.010  0.024
   0.18436      8.582392  0.000  0.004  0.008  0.012
   0.16131      8.574249  0.000  0.002  0.004  0.006
   0.13827      8.529040  0.000  0.014  0.010  0.026
   0.11522      8.522508  0.000  0.014  0.008  0.022
   0.09218      8.541974  0.000  0.006  0.008  0.016
   0.06913      8.551664  0.000  0.006  0.002  0.008
   0.04609      8.547572  0.000  0.004  0.004  0.008
   0.02304      8.561737  0.000  0.002  0.009  0.010
   0.00000      8.592658  0.000  0.007  0.010  0.016
 
# Band-Index:  153
   0.00000      8.592828  0.000  0.014  0.009  0.023
   0.02304      8.583907  0.000  0.011  0.008  0.020
   0.04609      8.577440  0.000  0.008  0.008  0.015
   0.06913      8.573193  0.000  0.004  0.006  0.010
   0.09218      8.571441  0.000  0.002  0.004  0.008
   0.11522      8.561834  0.000  0.008  0.014  0.022
   0.13827      8.571918  0.000  0.002  0.004  0.005
   0.16131      8.579639  0.000  0.018  0.014  0.032
   0.18436      8.598882  0.000  0.014  0.006  0.022
   0.20740      8.609280  0.000  0.007  0.010  0.017
   0.23045      8.630755  0.000  0.016  0.008  0.024
   0.25349      8.594320  0.004  0.006  0.008  0.018
   0.27654      8.558766  0.002  0.004  0.010  0.016
   0.29958      8.557163  0.000  0.014  0.022  0.038
   0.32263      8.569786  0.000  0.016  0.030  0.046
   0.34567      8.577736  0.002  0.014  0.031  0.048
   0.36872      8.579098  0.002  0.012  0.026  0.042
   0.39176      8.577625  0.004  0.010  0.023  0.036
   0.41481      8.577563  0.004  0.008  0.022  0.034
   0.43785      8.572685  0.000  0.006  0.010  0.016
   0.43785      8.572502  0.000  0.006  0.010  0.016
   0.45116      8.570410  0.000  0.006  0.012  0.018
   0.46446      8.565036  0.000  0.004  0.014  0.019
   0.47777      8.558806  0.000  0.004  0.018  0.020
   0.49107      8.552959  0.000  0.002  0.020  0.022
   0.50438      8.547084  0.000  0.006  0.029  0.037
   0.51768      8.525743  0.000  0.008  0.027  0.036
   0.53099      8.510453  0.000  0.010  0.024  0.034
   0.54429      8.500825  0.000  0.012  0.018  0.030
   0.55760      8.495189  0.000  0.012  0.014  0.025
   0.57090      8.502628  0.000  0.014  0.004  0.018
   0.58421      8.512529  0.000  0.004  0.014  0.020
   0.59751      8.510372  0.000  0.006  0.010  0.018
   0.61082      8.509297  0.000  0.008  0.006  0.016
   0.62412      8.513319  0.002  0.014  0.010  0.024
   0.63743      8.513148  0.000  0.010  0.008  0.020
   0.65073      8.509414  0.000  0.010  0.008  0.018
   0.66404      8.506697  0.000  0.012  0.006  0.018
   0.67734      8.504623  0.000  0.012  0.004  0.018
   0.69065      8.502630  0.000  0.013  0.004  0.018
   0.69065      8.502627  0.000  0.013  0.004  0.018
   0.71726      8.508965  0.000  0.011  0.006  0.016
   0.74387      8.520202  0.000  0.008  0.010  0.018
   0.77048      8.497629  0.000  0.012  0.004  0.017
   0.79709      8.514984  0.000  0.006  0.006  0.014
   0.82370      8.541928  0.000  0.006  0.008  0.014
   0.85031      8.577243  0.000  0.012  0.022  0.034
   0.87692      8.585172  0.000  0.006  0.032  0.038
   0.90353      8.586464  0.000  0.008  0.028  0.036
   0.93014      8.579386  0.000  0.012  0.018  0.031
   0.95675      8.553539  0.000  0.014  0.030  0.046
   0.98336      8.557776  0.002  0.018  0.016  0.036
   1.00997      8.574056  0.002  0.020  0.012  0.032
   1.03658      8.577281  0.000  0.014  0.008  0.024
   1.06319      8.574511  0.000  0.002  0.006  0.008
   1.08980      8.588863  0.000  0.004  0.002  0.006
   1.11641      8.571936  0.000  0.008  0.003  0.012
   1.14302      8.574348  0.000  0.004  0.008  0.012
   1.16963      8.581767  0.000  0.010  0.008  0.018
   1.19624      8.592783  0.000  0.018  0.008  0.025
 
# Band-Index:  154
   1.19624      8.593007  0.000  0.018  0.008  0.026
   1.16963      8.596961  0.000  0.022  0.008  0.029
   1.14302      8.604076  0.000  0.023  0.008  0.031
   1.11641      8.601762  0.000  0.006  0.012  0.019
   1.08980      8.591438  0.000  0.004  0.008  0.012
   1.06319      8.588486  0.000  0.000  0.006  0.006
   1.03658      8.609644  0.000  0.002  0.008  0.010
   1.00997      8.604194  0.000  0.004  0.008  0.014
   0.98336      8.592797  0.000  0.006  0.008  0.014
   0.95675      8.580077  0.000  0.010  0.008  0.018
   0.93014      8.596953  0.000  0.006  0.034  0.040
   0.90353      8.630647  0.000  0.002  0.038  0.040
   0.87692      8.626724  0.000  0.006  0.008  0.012
   0.85031      8.582557  0.000  0.006  0.006  0.012
   0.82370      8.593878  0.000  0.022  0.008  0.032
   0.79709      8.589697  0.000  0.002  0.036  0.040
   0.77048      8.560221  0.000  0.002  0.014  0.016
   0.74387      8.543460  0.002  0.004  0.004  0.010
   0.71726      8.542711  0.000  0.010  0.006  0.016
   0.69065      8.539597  0.000  0.012  0.004  0.014
   0.69065      8.539598  0.000  0.012  0.004  0.014
   0.67734      8.540064  0.000  0.012  0.004  0.016
   0.66404      8.541151  0.000  0.012  0.004  0.016
   0.65073      8.542609  0.000  0.012  0.006  0.018
   0.63743      8.544449  0.000  0.012  0.006  0.018
   0.62412      8.546337  0.000  0.014  0.004  0.018
   0.61082      8.546562  0.000  0.014  0.004  0.018
   0.59751      8.540809  0.000  0.014  0.002  0.016
   0.58421      8.525078  0.000  0.014  0.002  0.016
   0.57090      8.517099  0.000  0.004  0.020  0.022
   0.55760      8.524343  0.000  0.002  0.024  0.026
   0.54429      8.532552  0.000  0.002  0.026  0.028
   0.53099      8.539284  0.000  0.000  0.028  0.028
   0.51768      8.544067  0.000  0.000  0.026  0.026
   0.50438      8.548227  0.000  0.000  0.024  0.025
   0.49107      8.572350  0.000  0.006  0.032  0.038
   0.47777      8.594767  0.000  0.006  0.036  0.042
   0.46446      8.599556  0.002  0.006  0.036  0.043
   0.45116      8.587069  0.003  0.005  0.029  0.037
   0.43785      8.578080  0.004  0.006  0.024  0.032
   0.43785      8.578086  0.004  0.006  0.024  0.032
   0.41481      8.594146  0.000  0.006  0.026  0.032
   0.39176      8.620479  0.000  0.010  0.027  0.037
   0.36872      8.626398  0.000  0.004  0.022  0.028
   0.34567      8.634980  0.000  0.004  0.016  0.020
   0.32263      8.647571  0.000  0.006  0.010  0.016
   0.29958      8.658501  0.000  0.010  0.008  0.018
   0.27654      8.655037  0.000  0.026  0.008  0.034
   0.25349      8.645106  0.000  0.023  0.007  0.031
   0.23045      8.632049  0.004  0.018  0.010  0.032
   0.20740      8.657581  0.004  0.028  0.011  0.043
   0.18436      8.640306  0.000  0.022  0.014  0.038
   0.16131      8.609508  0.000  0.016  0.005  0.021
   0.13827      8.584511  0.000  0.014  0.006  0.020
   0.11522      8.570995  0.000  0.002  0.004  0.006
   0.09218      8.573454  0.000  0.010  0.016  0.026
   0.06913      8.585196  0.000  0.010  0.016  0.026
   0.04609      8.593281  0.000  0.013  0.008  0.022
   0.02304      8.594958  0.000  0.018  0.008  0.026
   0.00000      8.592954  0.000  0.011  0.008  0.020
 
# Band-Index:  155
   0.00000      8.595647  0.000  0.016  0.009  0.024
   0.02304      8.605565  0.000  0.012  0.008  0.022
   0.04609      8.617734  0.000  0.010  0.008  0.018
   0.06913      8.635429  0.000  0.010  0.009  0.020
   0.09218      8.652064  0.000  0.004  0.005  0.010
   0.11522      8.669491  0.000  0.006  0.005  0.012
   0.13827      8.688019  0.000  0.010  0.004  0.014
   0.16131      8.690376  0.000  0.013  0.006  0.018
   0.18436      8.685711  0.000  0.012  0.006  0.020
   0.20740      8.704005  0.000  0.004  0.006  0.010
   0.23045      8.715558  0.000  0.004  0.002  0.008
   0.25349      8.693379  0.000  0.014  0.002  0.016
   0.27654      8.671595  0.000  0.014  0.004  0.020
   0.29958      8.661155  0.000  0.026  0.009  0.036
   0.32263      8.661205  0.000  0.024  0.012  0.036
   0.34567      8.654774  0.000  0.020  0.018  0.038
   0.36872      8.641043  0.000  0.014  0.023  0.038
   0.39176      8.624985  0.000  0.006  0.026  0.034
   0.41481      8.626510  0.000  0.008  0.024  0.034
   0.43785      8.627991  0.002  0.010  0.022  0.032
   0.43785      8.627776  0.002  0.010  0.022  0.032
   0.45116      8.629537  0.002  0.010  0.022  0.032
   0.46446      8.633788  0.000  0.010  0.021  0.031
   0.47777      8.635880  0.000  0.010  0.020  0.030
   0.49107      8.634537  0.000  0.010  0.020  0.030
   0.50438      8.628762  0.000  0.008  0.020  0.030
   0.51768      8.619207  0.000  0.008  0.020  0.028
   0.53099      8.608773  0.000  0.006  0.020  0.028
   0.54429      8.600955  0.000  0.006  0.020  0.026
   0.55760      8.597622  0.000  0.004  0.020  0.026
   0.57090      8.598177  0.000  0.004  0.022  0.026
   0.58421      8.603421  0.000  0.004  0.022  0.026
   0.59751      8.598704  0.000  0.002  0.006  0.008
   0.61082      8.575230  0.000  0.006  0.006  0.012
   0.62412      8.562761  0.000  0.014  0.006  0.020
   0.63743      8.572023  0.000  0.020  0.006  0.026
   0.65073      8.596691  0.000  0.016  0.008  0.024
   0.66404      8.628479  0.000  0.012  0.008  0.020
   0.67734      8.663524  0.002  0.008  0.006  0.014
   0.69065      8.697577  0.002  0.006  0.005  0.013
   0.69065      8.697580  0.002  0.006  0.005  0.013
   0.71726      8.628327  0.002  0.005  0.007  0.014
   0.74387      8.570528  0.000  0.008  0.014  0.022
   0.77048      8.581514  0.002  0.008  0.020  0.029
   0.79709      8.624689  0.002  0.004  0.016  0.022
   0.82370      8.614862  0.000  0.002  0.044  0.047
   0.85031      8.638306  0.000  0.000  0.046  0.046
   0.87692      8.645797  0.000  0.000  0.042  0.044
   0.90353      8.666500  0.000  0.006  0.012  0.018
   0.93014      8.699009  0.000  0.007  0.016  0.023
   0.95675      8.724462  0.000  0.008  0.017  0.026
   0.98336      8.743497  0.000  0.012  0.014  0.026
   1.00997      8.735776  0.000  0.012  0.010  0.022
   1.03658      8.690995  0.000  0.008  0.014  0.022
   1.06319      8.660396  0.000  0.012  0.008  0.020
   1.08980      8.636770  0.000  0.030  0.014  0.044
   1.11641      8.615569  0.000  0.026  0.010  0.036
   1.14302      8.609391  0.000  0.004  0.010  0.014
   1.16963      8.603818  0.000  0.008  0.008  0.016
   1.19624      8.593541  0.000  0.006  0.009  0.015
 
# Band-Index:  156
   1.19624      8.648046  0.000  0.022  0.002  0.024
   1.16963      8.646233  0.000  0.022  0.002  0.025
   1.14302      8.644837  0.000  0.022  0.002  0.025
   1.11641      8.650550  0.000  0.015  0.003  0.018
   1.08980      8.659981  0.000  0.005  0.004  0.010
   1.06319      8.668802  0.000  0.003  0.014  0.017
   1.03658      8.702696  0.000  0.008  0.004  0.010
   1.00997      8.740874  0.000  0.013  0.002  0.015
   0.98336      8.753924  0.000  0.012  0.008  0.020
   0.95675      8.746560  0.000  0.009  0.008  0.018
   0.93014      8.731776  0.000  0.008  0.012  0.018
   0.90353      8.724988  0.000  0.006  0.017  0.023
   0.87692      8.731866  0.000  0.006  0.025  0.032
   0.85031      8.742594  0.002  0.008  0.015  0.024
   0.82370      8.681973  0.002  0.004  0.016  0.023
   0.79709      8.639721  0.000  0.022  0.008  0.030
   0.77048      8.696224  0.000  0.020  0.008  0.030
   0.74387      8.718831  0.000  0.002  0.016  0.018
   0.71726      8.741374  0.000  0.002  0.018  0.020
   0.69065      8.698519  0.002  0.006  0.005  0.013
   0.69065      8.698517  0.002  0.006  0.005  0.013
   0.67734      8.726019  0.002  0.006  0.006  0.014
   0.66404      8.728733  0.002  0.002  0.014  0.018
   0.65073      8.713046  0.002  0.002  0.016  0.018
   0.63743      8.691099  0.000  0.000  0.018  0.018
   0.62412      8.665466  0.000  0.000  0.018  0.020
   0.61082      8.639048  0.000  0.000  0.020  0.022
   0.59751      8.616723  0.000  0.002  0.022  0.024
   0.58421      8.625477  0.000  0.002  0.006  0.008
   0.57090      8.652448  0.000  0.002  0.006  0.006
   0.55760      8.677398  0.000  0.002  0.006  0.008
   0.54429      8.699274  0.000  0.002  0.006  0.009
   0.53099      8.714190  0.000  0.002  0.008  0.011
   0.51768      8.717432  0.002  0.002  0.010  0.014
   0.50438      8.706041  0.002  0.002  0.012  0.016
   0.49107      8.684718  0.002  0.002  0.010  0.014
   0.47777      8.665077  0.002  0.002  0.004  0.008
   0.46446      8.662025  0.002  0.002  0.002  0.004
   0.45116      8.676025  0.000  0.002  0.002  0.004
   0.43785      8.682725  0.000  0.002  0.000  0.002
   0.43785      8.682682  0.000  0.002  0.000  0.002
   0.41481      8.689932  0.000  0.002  0.000  0.002
   0.39176      8.710403  0.000  0.002  0.002  0.004
   0.36872      8.737760  0.000  0.002  0.004  0.006
   0.34567      8.767471  0.000  0.004  0.004  0.009
   0.32263      8.788035  0.002  0.002  0.024  0.028
   0.29958      8.782027  0.004  0.004  0.020  0.026
   0.27654      8.785136  0.004  0.006  0.014  0.024
   0.25349      8.795199  0.005  0.013  0.013  0.031
   0.23045      8.773168  0.000  0.008  0.010  0.018
   0.20740      8.731170  0.000  0.004  0.006  0.012
   0.18436      8.716051  0.000  0.002  0.006  0.008
   0.16131      8.706706  0.001  0.010  0.016  0.027
   0.13827      8.700097  0.000  0.010  0.016  0.026
   0.11522      8.679700  0.000  0.008  0.010  0.019
   0.09218      8.656507  0.000  0.010  0.010  0.020
   0.06913      8.643885  0.000  0.015  0.003  0.018
   0.04609      8.644229  0.000  0.022  0.003  0.025
   0.02304      8.648304  0.000  0.021  0.002  0.022
   0.00000      8.647000  0.000  0.022  0.002  0.024
 
# Band-Index:  157
   0.00000      8.664135  0.000  0.020  0.002  0.022
   0.02304      8.665446  0.000  0.018  0.004  0.022
   0.04609      8.666066  0.000  0.017  0.003  0.021
   0.06913      8.662918  0.000  0.022  0.004  0.026
   0.09218      8.670722  0.000  0.024  0.004  0.029
   0.11522      8.690567  0.000  0.014  0.010  0.024
   0.13827      8.701786  0.000  0.006  0.010  0.016
   0.16131      8.714373  0.000  0.002  0.008  0.010
   0.18436      8.734886  0.002  0.010  0.016  0.026
   0.20740      8.765816  0.000  0.006  0.007  0.014
   0.23045      8.774565  0.000  0.007  0.010  0.018
   0.25349      8.801654  0.000  0.004  0.011  0.017
   0.27654      8.819116  0.002  0.010  0.019  0.031
   0.29958      8.814751  0.000  0.008  0.010  0.018
   0.32263      8.795086  0.000  0.006  0.009  0.016
   0.34567      8.801607  0.002  0.002  0.027  0.029
   0.36872      8.804796  0.002  0.004  0.036  0.040
   0.39176      8.804144  0.002  0.006  0.041  0.049
   0.41481      8.792581  0.002  0.007  0.047  0.056
   0.43785      8.787578  0.002  0.008  0.047  0.057
   0.43785      8.788290  0.002  0.008  0.047  0.057
   0.45116      8.796339  0.002  0.007  0.045  0.053
   0.46446      8.813197  0.001  0.007  0.037  0.046
   0.47777      8.831530  0.002  0.008  0.024  0.033
   0.49107      8.818289  0.002  0.008  0.019  0.029
   0.50438      8.806683  0.002  0.010  0.020  0.031
   0.51768      8.798933  0.002  0.009  0.019  0.029
   0.53099      8.789438  0.002  0.008  0.019  0.029
   0.54429      8.779887  0.000  0.008  0.022  0.030
   0.55760      8.771754  0.000  0.006  0.023  0.029
   0.57090      8.762071  0.000  0.004  0.026  0.030
   0.58421      8.755917  0.000  0.002  0.027  0.030
   0.59751      8.752918  0.000  0.002  0.029  0.030
   0.61082      8.754273  0.000  0.000  0.030  0.031
   0.62412      8.758582  0.000  0.000  0.029  0.030
   0.63743      8.764333  0.000  0.002  0.027  0.029
   0.65073      8.767204  0.000  0.004  0.022  0.025
   0.66404      8.759831  0.000  0.004  0.016  0.020
   0.67734      8.751251  0.000  0.002  0.016  0.019
   0.69065      8.752591  0.000  0.002  0.016  0.018
   0.69065      8.752591  0.000  0.002  0.016  0.019
   0.71726      8.748036  0.002  0.010  0.010  0.022
   0.74387      8.754363  0.000  0.022  0.008  0.030
   0.77048      8.703760  0.000  0.004  0.010  0.014
   0.79709      8.708999  0.000  0.004  0.004  0.008
   0.82370      8.737085  0.000  0.004  0.003  0.007
   0.85031      8.745012  0.000  0.006  0.036  0.040
   0.87692      8.798190  0.000  0.002  0.019  0.023
   0.90353      8.805536  0.000  0.005  0.023  0.029
   0.93014      8.813156  0.000  0.006  0.023  0.030
   0.95675      8.820716  0.000  0.006  0.021  0.027
   0.98336      8.823474  0.000  0.003  0.017  0.021
   1.00997      8.792269  0.002  0.003  0.024  0.029
   1.03658      8.772491  0.000  0.009  0.009  0.019
   1.06319      8.711200  0.000  0.010  0.013  0.024
   1.08980      8.662378  0.000  0.006  0.007  0.014
   1.11641      8.668286  0.000  0.009  0.004  0.013
   1.14302      8.674723  0.000  0.014  0.004  0.018
   1.16963      8.671388  0.000  0.020  0.002  0.022
   1.19624      8.665017  0.000  0.015  0.007  0.022
 
# Band-Index:  158
   1.19624      8.667423  0.000  0.010  0.012  0.023
   1.16963      8.672011  0.000  0.018  0.004  0.020
   1.14302      8.687093  0.000  0.016  0.002  0.018
   1.11641      8.701876  0.000  0.011  0.000  0.012
   1.08980      8.723100  0.000  0.010  0.002  0.012
   1.06319      8.747654  0.000  0.010  0.003  0.013
   1.03658      8.784196  0.000  0.009  0.013  0.022
   1.00997      8.815446  0.000  0.014  0.002  0.017
   0.98336      8.829029  0.002  0.003  0.015  0.019
   0.95675      8.876248  0.000  0.006  0.011  0.018
   0.93014      8.886317  0.000  0.002  0.002  0.005
   0.90353      8.868729  0.000  0.001  0.005  0.006
   0.87692      8.807109  0.000  0.012  0.013  0.026
   0.85031      8.778996  0.000  0.004  0.006  0.010
   0.82370      8.752397  0.000  0.003  0.039  0.042
   0.79709      8.756081  0.000  0.002  0.036  0.038
   0.77048      8.762967  0.000  0.002  0.034  0.037
   0.74387      8.768595  0.000  0.002  0.031  0.033
   0.71726      8.816311  0.000  0.006  0.024  0.030
   0.69065      8.852957  0.000  0.000  0.033  0.035
   0.69065      8.852748  0.000  0.000  0.033  0.034
   0.67734      8.848465  0.000  0.000  0.031  0.032
   0.66404      8.850901  0.000  0.002  0.024  0.026
   0.65073      8.854024  0.004  0.010  0.015  0.028
   0.63743      8.859144  0.004  0.010  0.012  0.026
   0.62412      8.871129  0.004  0.011  0.011  0.027
   0.61082      8.888313  0.002  0.008  0.024  0.035
   0.59751      8.901172  0.002  0.009  0.026  0.037
   0.58421      8.911794  0.002  0.007  0.032  0.041
   0.57090      8.924530  0.000  0.006  0.040  0.047
   0.55760      8.901472  0.000  0.004  0.047  0.051
   0.54429      8.887234  0.000  0.003  0.042  0.046
   0.53099      8.866252  0.000  0.003  0.021  0.024
   0.51768      8.861276  0.000  0.003  0.021  0.025
   0.50438      8.837861  0.000  0.003  0.008  0.010
   0.49107      8.840211  0.000  0.002  0.007  0.010
   0.47777      8.837098  0.002  0.005  0.030  0.037
   0.46446      8.850749  0.002  0.005  0.016  0.024
   0.45116      8.863878  0.002  0.004  0.016  0.020
   0.43785      8.869699  0.000  0.001  0.010  0.012
   0.43785      8.869458  0.000  0.001  0.008  0.009
   0.41481      8.868603  0.000  0.001  0.006  0.008
   0.39176      8.863074  0.000  0.002  0.012  0.015
   0.36872      8.858607  0.002  0.004  0.026  0.031
   0.34567      8.863263  0.004  0.007  0.042  0.053
   0.32263      8.850727  0.004  0.011  0.038  0.052
   0.29958      8.837348  0.003  0.011  0.028  0.042
   0.27654      8.826784  0.000  0.010  0.014  0.024
   0.25349      8.820139  0.000  0.010  0.017  0.027
   0.23045      8.826759  0.002  0.008  0.015  0.026
   0.20740      8.800710  0.003  0.003  0.029  0.035
   0.18436      8.795619  0.000  0.012  0.014  0.026
   0.16131      8.770841  0.000  0.012  0.008  0.020
   0.13827      8.759030  0.000  0.010  0.004  0.014
   0.11522      8.742899  0.000  0.008  0.002  0.010
   0.09218      8.729192  0.000  0.008  0.002  0.010
   0.06913      8.710700  0.000  0.012  0.002  0.014
   0.04609      8.692331  0.000  0.018  0.002  0.020
   0.02304      8.687868  0.000  0.018  0.004  0.021
   0.00000      8.665590  0.000  0.010  0.012  0.022
 
# Band-Index:  159
   0.00000      8.671816  0.000  0.011  0.008  0.020
   0.02304      8.716010  0.000  0.002  0.016  0.018
   0.04609      8.790400  0.000  0.002  0.018  0.020
   0.06913      8.806903  0.000  0.017  0.036  0.053
   0.09218      8.810226  0.000  0.021  0.029  0.050
   0.11522      8.821556  0.000  0.023  0.014  0.038
   0.13827      8.835090  0.001  0.009  0.009  0.018
   0.16131      8.826971  0.002  0.009  0.009  0.019
   0.18436      8.801399  0.003  0.005  0.012  0.020
   0.20740      8.835874  0.000  0.010  0.017  0.027
   0.23045      8.849083  0.000  0.008  0.021  0.029
   0.25349      8.868785  0.000  0.006  0.008  0.013
   0.27654      8.905064  0.000  0.012  0.006  0.019
   0.29958      8.954842  0.000  0.013  0.011  0.025
   0.32263      8.926119  0.000  0.010  0.019  0.028
   0.34567      8.893633  0.000  0.009  0.016  0.026
   0.36872      8.898768  0.002  0.011  0.039  0.052
   0.39176      8.902201  0.002  0.014  0.038  0.054
   0.41481      8.893863  0.000  0.013  0.013  0.026
   0.43785      8.876503  0.002  0.002  0.016  0.020
   0.43785      8.876687  0.000  0.004  0.007  0.011
   0.45116      8.878708  0.000  0.004  0.011  0.017
   0.46446      8.883790  0.000  0.009  0.012  0.021
   0.47777      8.855989  0.000  0.002  0.008  0.010
   0.49107      8.851773  0.001  0.006  0.029  0.035
   0.50438      8.869963  0.001  0.006  0.030  0.036
   0.51768      8.884401  0.001  0.006  0.020  0.027
   0.53099      8.913713  0.002  0.008  0.018  0.027
   0.54429      8.924098  0.002  0.007  0.005  0.013
   0.55760      8.941905  0.003  0.010  0.008  0.021
   0.57090      8.968290  0.004  0.016  0.015  0.036
   0.58421      8.959578  0.003  0.016  0.018  0.036
   0.59751      8.955364  0.002  0.013  0.030  0.045
   0.61082      8.943688  0.002  0.011  0.007  0.020
   0.62412      8.919338  0.002  0.009  0.007  0.018
   0.63743      8.889570  0.002  0.008  0.010  0.018
   0.65073      8.865098  0.001  0.004  0.015  0.020
   0.66404      8.854318  0.002  0.007  0.023  0.032
   0.67734      8.863321  0.001  0.003  0.032  0.036
   0.69065      8.853964  0.000  0.000  0.033  0.035
   0.69065      8.853662  0.000  0.000  0.033  0.034
   0.71726      8.878666  0.002  0.003  0.030  0.035
   0.74387      8.913965  0.002  0.005  0.028  0.035
   0.77048      8.915708  0.002  0.002  0.024  0.028
   0.79709      8.875965  0.000  0.000  0.023  0.025
   0.82370      8.839108  0.001  0.000  0.018  0.020
   0.85031      8.804914  0.000  0.000  0.016  0.017
   0.87692      8.825343  0.000  0.002  0.005  0.008
   0.90353      8.913174  0.000  0.019  0.019  0.038
   0.93014      8.939292  0.000  0.016  0.013  0.029
   0.95675      8.953500  0.000  0.020  0.009  0.030
   0.98336      8.881336  0.001  0.017  0.004  0.022
   1.00997      8.830261  0.000  0.001  0.016  0.016
   1.03658      8.847293  0.001  0.005  0.011  0.018
   1.06319      8.854303  0.001  0.020  0.011  0.032
   1.08980      8.828828  0.000  0.023  0.022  0.045
   1.11641      8.815531  0.000  0.020  0.035  0.055
   1.14302      8.816622  0.000  0.006  0.022  0.028
   1.16963      8.725696  0.000  0.002  0.016  0.020
   1.19624      8.669600  0.000  0.019  0.004  0.024
 
# Band-Index:  160
   1.19624      8.821989  0.000  0.004  0.032  0.037
   1.16963      8.814899  0.000  0.005  0.036  0.041
   1.14302      8.843327  0.000  0.009  0.026  0.034
   1.11641      8.888544  0.000  0.023  0.010  0.033
   1.08980      8.887113  0.000  0.018  0.014  0.034
   1.06319      8.870649  0.001  0.010  0.014  0.026
   1.03658      8.855577  0.003  0.018  0.012  0.033
   1.00997      8.923155  0.002  0.014  0.010  0.026
   0.98336      8.988074  0.002  0.015  0.014  0.031
   0.95675      8.994303  0.000  0.011  0.022  0.034
   0.93014      8.982705  0.001  0.010  0.027  0.037
   0.90353      8.976026  0.000  0.018  0.031  0.049
   0.87692      8.973387  0.000  0.016  0.030  0.047
   0.85031      8.980736  0.000  0.013  0.019  0.032
   0.82370      8.998811  0.000  0.006  0.024  0.030
   0.79709      8.999493  0.005  0.022  0.035  0.061
   0.77048      8.951779  0.002  0.006  0.024  0.033
   0.74387      8.940897  0.004  0.005  0.016  0.025
   0.71726      8.957082  0.003  0.012  0.013  0.029
   0.69065      8.933433  0.000  0.022  0.009  0.031
   0.69065      8.931417  0.000  0.022  0.008  0.031
   0.67734      8.952408  0.001  0.018  0.012  0.031
   0.66404      8.950188  0.001  0.012  0.020  0.034
   0.65073      8.953895  0.001  0.010  0.031  0.042
   0.63743      8.958174  0.001  0.008  0.034  0.042
   0.62412      8.976640  0.001  0.007  0.034  0.041
   0.61082      9.016018  0.002  0.012  0.019  0.033
   0.59751      8.988514  0.004  0.016  0.019  0.038
   0.58421      8.991479  0.002  0.012  0.018  0.031
   0.57090      8.972189  0.004  0.015  0.021  0.040
   0.55760      8.973684  0.002  0.014  0.020  0.036
   0.54429      8.942720  0.004  0.015  0.021  0.040
   0.53099      8.931434  0.000  0.009  0.017  0.025
   0.51768      8.924015  0.000  0.009  0.020  0.030
   0.50438      8.928156  0.002  0.011  0.015  0.026
   0.49107      8.913704  0.000  0.010  0.016  0.026
   0.47777      8.907638  0.000  0.011  0.025  0.036
   0.46446      8.934979  0.002  0.011  0.054  0.067
   0.45116      8.900694  0.000  0.012  0.028  0.040
   0.43785      8.904900  0.000  0.015  0.032  0.047
   0.43785      8.906042  0.001  0.015  0.035  0.051
   0.41481      8.903917  0.001  0.009  0.029  0.040
   0.39176      8.914954  0.001  0.006  0.018  0.024
   0.36872      8.910475  0.000  0.016  0.021  0.037
   0.34567      8.943111  0.000  0.012  0.021  0.033
   0.32263      8.971547  0.000  0.008  0.018  0.026
   0.29958      8.989649  0.000  0.004  0.010  0.014
   0.27654      8.992141  0.000  0.005  0.022  0.027
   0.25349      8.934450  0.000  0.006  0.027  0.033
   0.23045      8.873077  0.000  0.009  0.019  0.029
   0.20740      8.886454  0.000  0.011  0.006  0.017
   0.18436      8.915049  0.000  0.012  0.010  0.023
   0.16131      8.912485  0.002  0.020  0.015  0.037
   0.13827      8.905677  0.002  0.020  0.018  0.040
   0.11522      8.870614  0.000  0.010  0.019  0.028
   0.09218      8.918264  0.000  0.008  0.018  0.026
   0.06913      8.887713  0.000  0.008  0.010  0.019
   0.04609      8.815064  0.000  0.010  0.036  0.046
   0.02304      8.857448  0.000  0.018  0.021  0.040
   0.00000      8.813402  0.000  0.003  0.035  0.038
